Date,Open,High,Low,Close,Volume,rsi,macd,macd_signal,macd_diff,bb_width,bb_pct_b,ema_short,ema_long,ema_cross,volume_ratio,return_1d,return_5d,return_20d,volatility_20d,volatility_60d,fed_rate,cpi,us_10y,target_trend,target_volatility
2015-03-31,1185.800048828125,1190.0999755859375,1178.199951171875,1183.0999755859375,3409,47.02259375279747,-3.3512924224592098,-8.1203612019218,4.7690687794625894,6.646397512843014,0.6042349857544466,1185.4940962624491,1197.169659106693,-1,0.31707203646002885,-0.001434903082481287,-0.007216561163303381,-0.017358824264171457,0.1426168178908847,0.15566608021212489,0.11,235.976,1.94,1.0,2.0
2015-04-01,1182.9000244140625,1208.199951171875,1181.0,1208.0999755859375,1632,58.27355093261097,-1.2432946689107212,-6.744947895319584,5.5016532264088625,6.832507959015101,0.9080073469321936,1187.6470371504004,1197.5982989686242,-1,0.1506681745793616,0.021130927661137555,0.009020234124589743,0.0062468766887486815,0.16189680002818455,0.15855804787437908,0.12,236.222,1.87,1.0,2.0
2015-04-02,1204.0,1205.699951171875,1194.800048828125,1200.9000244140625,1684,54.67240139307681,-0.1519159564063557,-5.426341507536939,5.274425551130583,6.927571253326627,0.8108445440121802,1188.9092264136063,1197.7277783978573,-1,0.15429016446012186,-0.005959731245241517,-0.0034851475039097135,0.004180951499227259,0.1627716357903434,0.15680439174366848,0.12,236.222,1.92,1.0,2.0
2015-04-06,1209.9000244140625,1224.199951171875,1209.9000244140625,1218.5999755859375,343,61.04554880470147,2.116845988256955,-3.91770400837816,6.034549996635115,7.5375769021457355,0.953634048360312,1191.7369168109713,1198.5462959346448,-1,0.03140091090105967,0.014738904831408384,0.01566921653001674,0.04681728472038493,0.13536440805236907,0.15904819646444535,0.12,236.222,1.92,1.0,2.0
2015-04-07,1214.800048828125,1214.800048828125,1208.199951171875,1210.5999755859375,406,57.135350774402376,3.232065791189598,-2.4877500484646085,5.719815839654206,7.823857372338594,0.8256740743674764,1193.5333985990633,1199.0189892543035,-1,0.03710710793050186,-0.006564910684618508,0.02177576442820972,0.037894333201920816,0.13898967555165542,0.15959431840118413,0.12,236.222,1.89,1.0,2.0
2015-04-08,1208.9000244140625,1211.4000244140625,1197.5999755859375,1203.0999755859375,236,53.66486137796887,3.470690243160334,-1.29606199013962,4.766752233299954,7.809790873159804,0.7211896676402829,1194.4445011692417,1199.1790279339755,-1,0.02155566110116547,-0.006195275195152727,0.01690474212890991,0.037065770972266154,0.13957183825359343,0.1595604884255515,0.12,236.222,1.92,1.0,2.0
2015-04-09,1201.699951171875,1202.5,1193.0,1193.5999755859375,521,49.55855382634794,2.8602599392268075,-0.46479760426633454,3.325057543493142,7.4231975069921114,0.5998846788592538,1194.3640701613078,1198.9602415673858,-1,0.0474899163685254,-0.007896268134635509,-0.012002317931483653,0.037281677443692374,0.13937672042830734,0.15769419198278808,0.12,236.222,1.97,1.0,2.0
2015-04-10,1195.800048828125,1209.5999755859375,1195.800048828125,1204.5999755859375,202,53.95219105500517,3.2268999012251243,0.2735418968319572,2.9533580043931673,7.087109854961689,0.7039087037494481,1195.3389182969868,1199.181407607329,-1,0.018400940087632198,0.009215817882871624,0.0030809818441632775,0.04556896199333704,0.14175366468564948,0.15890702491323788,0.12,236.222,1.96,1.0,2.0
2015-04-13,1208.0999755859375,1208.0999755859375,1198.300048828125,1199.300048828125,424,51.619216816623236,3.0545934645465422,0.8297522103748742,2.2248412541716682,6.5839924024332515,0.6215941748679051,1195.7161688237618,1199.186060204223,-1,0.03855702165195013,-0.004399740050828549,-0.01583778692308979,0.04051715619588392,0.1435972807657168,0.15911459157315833,0.12,236.222,1.94,1.0,2.0
2015-04-14,1198.800048828125,1200.5999755859375,1184.0999755859375,1192.800048828125,546,48.83040411838816,2.3662668436211334,1.1370551370241262,1.2292117065970072,5.943365548645668,0.5148248178125728,1195.4384431098915,1198.9356283855525,-1,0.0495408848401263,-0.005419828012473871,-0.014703392629094703,0.03424954333448271,0.1459488741442507,0.15082196009759916,0.12,236.222,1.9,1.0,2.0
2015-04-15,1194.5999755859375,1203.0999755859375,1188.5999755859375,1201.5,196,52.52732204618662,2.4940267999845673,1.4084494696162144,1.085577330368353,4.931453364655809,0.6203698303027122,1196.0157342422829,1199.036191978276,-1,0.01777382803821373,0.007293721341160575,-0.0013298774984666917,0.046329311947837404,0.14540664429296377,0.15019768110681003,0.12,236.222,1.91,1.0,2.0
2015-04-16,1204.300048828125,1208.5,1194.5999755859375,1198.0,199,50.9330464865353,2.286499394856264,1.5840594546642244,0.7024399401920398,3.654731180545405,0.5288080894652546,1196.204711933494,1198.9955569987358,-1,0.018038760673688793,-0.0029130253849355414,0.0036863476072899193,0.04047244623748547,0.14654637609749027,0.14717741215865876,0.12,236.222,1.9,1.0,2.0
2015-04-17,1200.199951171875,1206.0,1200.199951171875,1202.9000244140625,21,53.08013413249223,2.488734863813761,1.7649945364941317,0.7237403273196292,2.9928563408491353,0.6246266370187952,1196.8423607411673,1199.1486733679642,-1,0.0019037431215947929,0.004090170629434509,-0.0014112163426270863,0.028911170587600843,0.1382578407272771,0.14757856041833967,0.12,236.222,1.87,1.0,2.0
2015-04-20,1205.699951171875,1206.9000244140625,1191.0,1193.5,67,48.679435453597,1.8689603080140387,1.7857876907981132,0.0831726172159255,2.8338783498037134,0.3420867985546021,1196.52404067058,1198.927156765299,-1,0.0060734892195566355,-0.007814468553728138,-0.0048361949403674664,0.007342969963986867,0.13444157752302727,0.1475407156499164,0.12,236.222,1.9,1.0,2.0
2015-04-21,1193.199951171875,1202.9000244140625,1192.800048828125,1202.9000244140625,33,52.88597087895729,2.1119427567796265,1.851018703994416,0.2609240527852106,2.719089136344167,0.6008637507282095,1197.1312772175784,1199.082955496623,-1,0.0029910404742158714,0.007876015428623706,0.008467450681160171,0.01254210809264511,0.1368459854935306,0.14840113055244916,0.12,236.222,1.92,1.0,2.0
2015-04-22,1199.0999755859375,1202.5999755859375,1185.199951171875,1186.9000244140625,93,45.97788400769559,1.0018926211200778,1.6811934874195484,-0.6793008662994706,2.8178778020586837,0.13103045713093447,1196.1568721886722,1198.6051934933855,-1,0.008441461189701419,-0.013301188523787477,-0.01215145700036413,-0.004027798065353916,0.1451514136902363,0.14935201741821477,0.12,236.222,1.99,1.0,2.0
2015-04-23,1187.199951171875,1197.0,1186.0999755859375,1194.4000244140625,331,49.319699400039525,0.7190682399495927,1.4887684379255575,-0.7697001979759648,2.83788395200122,0.3582247696302276,1195.989553352995,1198.4402849020396,-1,0.030000770412533254,0.00631898209261772,-0.0030049879682283454,-0.0024221367207835076,0.1459814372539048,0.14848841292482245,0.12,236.222,1.96,1.0,2.0
2015-04-24,1192.300048828125,1194.699951171875,1174.5999755859375,1175.199951171875,52,42.133988481235406,-1.0423420978368085,0.9825463307730843,-2.0248884286098927,3.2940546878899206,-0.0710478393064734,1194.0095912405075,1197.5288992655626,-1,0.004713453737904779,-0.016075077737549903,-0.02302774351981607,-0.024811239747577485,0.15433683984818514,0.15147196224544665,0.12,236.222,1.93,1.0,2.0
2015-04-27,1182.300048828125,1206.699951171875,1181.4000244140625,1203.300048828125,194,52.94051488611312,-0.1688826679931026,0.7522605310198469,-0.9211431990129495,3.3156128867720387,0.6358340933209147,1194.8943967250425,1197.7552188562513,-1,0.07986990263282488,0.023910907780611668,0.008211184606723876,0.002917152740090856,0.1771460171184949,0.1522753463304723,0.12,236.222,1.94,1.0,1.0
2015-04-28,1199.699951171875,1214.0,1199.699951171875,1214.0,401,56.28802321912661,1.370933590387267,0.875995142893331,0.494938447493936,3.3488818822872304,0.8643690266526706,1196.7139779893241,1198.3922690971826,-1,0.72975432211101,0.008892172141350407,0.009227679242374665,0.024645467562865564,0.17301284610581488,0.14810418188818825,0.12,236.222,2.0,1.0,1.0
2015-04-29,1211.199951171875,1212.5999755859375,1201.9000244140625,1209.800048828125,114,54.644895859384015,2.2266803250897738,1.1461321793326196,1.0805481457571542,3.1825327623948567,0.7381420211998971,1197.9602704501624,1198.8396330082,-1,0.2962962962962963,-0.0034595973409184966,0.019293979225729174,0.022567892649109522,0.1735747718385387,0.14818849575342116,0.12,236.222,2.06,1.0,1.0
2015-04-30,1203.0999755859375,1205.9000244140625,1176.699951171875,1182.4000244140625,143,45.345036553202135,0.6860049608419558,1.0541067356344869,-0.36810177479253103,3.394757151003641,0.08211829538867138,1196.4783422562482,1198.1949424750967,-1,0.46084434418304865,-0.022648390897821113,-0.010046885260142968,-0.02127303343368614,0.17695508138470947,0.1529570136873819,0.12,236.222,2.05,1.0,1.0
2015-05-01,1178.0999755859375,1178.0999755859375,1170.0,1174.5,23,43.06912693659296,-1.1590959753552852,0.6114661934365325,-1.7705621687918178,3.847454514002988,-0.011864916693979129,1194.385166803272,1197.2657290447007,-1,0.10121012101210121,-0.006681346626305595,-0.0005956017707259287,-0.021983532248609494,0.1772404695033058,0.1531205524951384,0.12,237.001,2.12,1.0,1.0
2015-05-04,1177.5,1189.4000244140625,1177.5,1186.800048828125,38,47.48833199146824,-1.6102783296726102,0.16711728881470397,-1.777395618487314,3.594873446935911,0.2743705845023033,1193.6627746151628,1196.8553102126782,-1,0.1792452830188679,0.010472583080566089,-0.013712290642777791,-0.02609545986780626,0.1728537476348844,0.15496576784029598,0.12,237.001,2.16,1.0,1.0
2015-05-05,1187.5,1198.699951171875,1186.9000244140625,1193.199951171875,48,49.67716487880256,-1.4348845077170154,-0.15328307049163992,-1.2816014372253755,3.4360672703401987,0.4407280609871917,1193.6186961919925,1196.7119627993134,-1,0.2472952086553323,0.005392570003741826,-0.017133483383958037,-0.014373058619665646,0.17323775324227622,0.1488650898086492,0.12,237.001,2.19,1.0,0.0
2015-05-06,1194.5,1194.5999755859375,1189.9000244140625,1190.300048828125,14,48.68687263001566,-1.512446976538513,-0.4251158517010145,-1.0873311248374984,3.4088968632101304,0.3847469659139248,1193.302634538291,1196.4605151926,-1,0.07650273224043716,-0.0024303574106769865,-0.01611836602163197,-0.010639121450882416,0.1721648734068994,0.14835925011661474,0.12,237.001,2.25,1.0,1.0
2015-05-07,1181.5,1186.0,1179.699951171875,1182.4000244140625,44,45.996800384295376,-2.1861808073460907,-0.7773288428300298,-1.4088519645160609,3.5319858681586283,0.2147246135277968,1192.2642907169359,1195.9091233973634,-1,0.276468740182218,-0.006637002511963419,0.0,-0.009383337299732175,0.17150003856881094,0.14821568276048402,0.12,237.001,2.18,1.0,1.0
2015-05-08,1183.300048828125,1189.0999755859375,1182.9000244140625,1189.0999755859375,51,48.59108938051237,-2.1546521675461463,-1.052793507773253,-1.1018586597728932,3.464583953570488,0.38973518754860365,1191.9629273711264,1195.6420979929937,-1,0.33641160949868076,0.005666399723896376,0.012430800839452916,-0.01286734211700491,0.16931411122528423,0.14740083410117527,0.12,237.001,2.16,1.0,1.0
2015-05-11,1189.699951171875,1190.5,1179.300048828125,1183.199951171875,26,46.47382946173641,-2.576053019336996,-1.3574454100860018,-1.218607609250994,3.5189469405494846,0.26998583035335416,1191.1283582092929,1195.1541706666753,-1,0.1974183750949127,-0.0049617563999656555,-0.003033449197954452,-0.013424578504755313,0.1694922792263427,0.14766845911049112,0.12,237.001,2.28,1.0,1.0
2015-05-12,1194.5999755859375,1194.800048828125,1189.699951171875,1192.5999755859375,10,50.19715930754438,-2.1269941548680436,-1.5113551590424104,-0.6156389958256332,3.519024400201118,0.4941626458086817,1191.2685122451637,1195.0540061537054,-1,0.09532888465204957,0.007944578094980947,-0.0005028290399679003,-0.00016773409959536245,0.1711360580241994,0.14821515535346827,0.12,237.001,2.28,1.0,1.0
2015-05-13,1192.699951171875,1218.4000244140625,1191.0,1218.4000244140625,34,58.69071024893154,0.3071953936673708,-1.1476450485004541,1.454840442167825,3.941043125429718,1.0252551005355302,1193.852465785059,1195.9695362815626,-1,0.3512396694214876,0.021633447389137528,0.023607472429831855,0.014065771464055299,0.1858313410887948,0.1516547452568966,0.12,237.001,2.27,0.0,1.0
2015-05-14,1214.5,1225.5999755859375,1214.5,1225.4000244140625,35,60.651476473303596,2.7692277135322456,-0.3642704960939142,3.13349820962616,4.562283673662494,1.0564726023483966,1196.8569951782974,1197.1236730710723,-1,0.39503386004514673,0.005745239543446523,0.036366711021770026,0.02287147279971835,0.18613422067027896,0.15134249350001744,0.12,237.001,2.23,0.0,1.0
2015-05-15,1218.5,1225.5,1214.800048828125,1225.5,12,60.68018230843918,4.674587524116305,0.6435011079481295,4.031086416168176,5.046708889469268,0.9855201597054151,1199.584900399412,1198.2364702055402,1,0.13613159387407828,8.158608123531863e-05,0.030611407923144762,0.018787908493846706,0.1858343954222774,0.15086006486422537,0.12,237.001,2.14,0.0,1.0
2015-05-18,1224.5,1228.0999755859375,1222.5999755859375,1227.800048828125,8,61.37825621508032,6.297598820417306,1.774320650441965,4.523278169975342,5.531602034595577,0.9511550242116372,1202.2720573926226,1199.3958262299552,1,0.09389671361502347,0.0018768248291514134,0.03769447219134592,0.028739043844260515,0.18292656219125597,0.1508054813095434,0.12,237.001,2.23,0.0,1.0
2015-05-19,1223.9000244140625,1223.9000244140625,1206.0,1206.9000244140625,9,52.29316560357981,5.83018294465478,2.585493109284528,3.244689835370252,5.558400978510829,0.6320662204301234,1202.7128161565693,1199.690108511685,1,0.10714285714285714,-0.01702233554560495,0.011990649942030362,0.0033252971309467583,0.19256295315374355,0.15484142112955548,0.12,237.001,2.27,0.0,0.0
2015-05-20,1205.0999755859375,1210.800048828125,1205.0999755859375,1208.9000244140625,11,53.00994994714808,5.557077253448824,3.1798099381173874,2.3772673153314368,5.536638917194184,0.6460188014240155,1203.3020740858544,1200.0512816843273,1,0.13767209011264078,0.001657138088940746,-0.007797110808963281,0.01853568080501189,0.1858018717328716,0.15475226217368898,0.12,237.001,2.26,0.0,0.0
2015-05-21,1204.5,1204.5,1203.699951171875,1204.4000244140625,43,51.14785203768867,4.920802683376223,3.5280084871691546,1.3927941962070687,5.533779143583988,0.5707197218134883,1203.406640783779,1200.221820614905,1,0.6564885496183206,-0.0037223921822493455,-0.017137260961000322,0.008372404383452547,0.1853594473100788,0.15480385865381802,0.12,237.001,2.19,1.0,0.0
2015-05-22,1211.5999755859375,1211.9000244140625,1204.300048828125,1204.300048828125,8,51.10490098649724,4.358244182209091,3.6940556261771422,0.6641885560319492,5.205882429529287,0.5502156378891845,1203.4917272641928,1200.3817511330706,1,0.12638230647709323,-8.300862164645206e-05,-0.01729902176407594,0.02476182680847816,0.1747121074724673,0.15409741038231217,0.12,237.001,2.21,0.0,1.0
2015-05-26,1193.5999755859375,1193.5999755859375,1186.0,1187.199951171875,40,44.258908580711974,2.5037162650444316,3.4559877539506,-0.9522714889061685,5.303039747107411,0.29333913869838957,1201.9401295411149,1199.864817801259,1,0.7194244604316546,-0.014199200334575779,-0.033067353022994905,-0.013379952632703418,0.1615790017946602,0.15672526681187962,0.12,237.001,2.14,1.0,1.0
2015-05-27,1185.9000244140625,1185.9000244140625,1185.9000244140625,1185.9000244140625,200216,43.77879647537922,0.9185083120551099,2.9484918655715022,-2.0299835535163924,5.300484006050872,0.2946505705180232,1200.4125004813957,1199.3171788448985,1,19.929228028089803,-0.0010949518289057325,-0.01739994993387728,-0.02314660262433077,0.15760978702264708,0.1565445275967944,0.12,237.001,2.14,1.0,1.0
2015-05-28,1187.0999755859375,1192.0,1179.5999755859375,1188.0999755859375,52705,44.86877622811512,-0.1584363816991754,2.327106216117367,-2.485542597816542,5.292898968129791,0.3459817336569692,1199.2398790627806,1198.8772885210178,1,4.157890169534313,0.001855089911952712,-0.017205764255159517,-0.017936908882759006,0.15771352841844888,0.15649820564012987,0.12,237.001,2.13,1.0,1.0
2015-05-29,1187.800048828125,1193.300048828125,1185.699951171875,1189.4000244140625,4748,45.540702516696435,-0.8966833277622754,1.6823483073414385,-2.579031635103714,5.201094045066988,0.35855354319225086,1198.3027500486169,1198.505631105059,-1,0.36788662769299907,0.001094225111387459,-0.012454333855811295,0.005920162259357875,0.1346212557277131,0.15642559501566436,0.12,237.001,2.12,1.0,1.0
2015-06-01,1190.5999755859375,1204.0,1184.300048828125,1188.300048828125,1236,45.04051207912114,-1.5526106589945812,1.0353565140742347,-2.587967173068816,4.938039597637629,0.32086940040715123,1197.3501118371414,1198.105412192238,-1,0.09532035660301694,-0.0009248155064394137,-0.013285725609302412,0.011749722288739939,0.13217715772222632,0.1562378684928778,0.13,237.657,2.19,1.0,1.0
2015-06-02,1189.0,1194.300048828125,1186.0,1194.0999755859375,1003,48.266981999318176,-1.5861480499750087,0.511055601264386,-2.097203651239395,4.864971901602979,0.41138731411002355,1197.0405750513125,1197.948336246893,-1,0.07706462902562802,0.004880860489345551,0.00581201541261156,0.006150932303230494,0.12810634496483117,0.14617103337814158,0.13,237.657,2.27,0.0,1.0
2015-06-03,1193.9000244140625,1193.9000244140625,1179.0999755859375,1184.699951171875,630,43.78096018797741,-2.344207519814063,-0.05999702295130379,-2.2842104968627592,4.963988145495856,0.26231000517984404,1195.865277538985,1197.4287917341471,-1,0.04829751267809708,-0.007872058124320791,-0.0010119514440354305,-0.007123701263691773,0.1297963120700562,0.14712221798956612,0.13,237.657,2.38,0.0,1.0
2015-06-04,1184.9000244140625,1185.300048828125,1173.0,1174.9000244140625,447,39.64412167049365,-3.6931746803418264,-0.7866325544294083,-2.9065421259124182,5.234062610540556,0.13043019726909857,1193.868586765183,1196.5453106627713,-1,0.03421145280044085,-0.008272074923375006,-0.011110135041762947,-0.01293793479150418,0.13268425725113314,0.14771654377225363,0.13,237.657,2.31,0.0,1.0
2015-06-05,1176.4000244140625,1177.300048828125,1164.0,1167.800048828125,390,36.92211861539719,-5.274350141395871,-1.684176071822701,-3.59017406957317,5.577897823666627,0.05762199877093459,1191.3858688664154,1195.4180454927853,-1,0.029809448830934563,-0.00604304658983934,-0.018160396117848032,-0.012347746350201971,0.13234179685246497,0.14727640092004202,0.13,237.657,2.41,0.0,1.0
2015-06-08,1169.5,1176.0999755859375,1169.0999755859375,1173.199951171875,173,40.28057094882638,-6.022294829713019,-2.551799823400765,-3.470495006312254,5.827634356202189,0.1651388546927133,1189.6538767050306,1194.546747676279,-1,0.013217003330990434,0.004623995648200818,-0.01270731047359741,-0.013371478210844057,0.13173979053540977,0.1475363335016814,0.13,237.657,2.39,0.0,1.0
2015-06-09,1172.9000244140625,1180.300048828125,1172.699951171875,1177.300048828125,144,42.772083085541404,-6.212587922571402,-3.2839574432348924,-2.928630479336509,5.919762090042179,0.2323329586024505,1188.4773216691349,1193.8704065449788,-1,0.01099647959923941,0.003494798693227441,-0.014069112386983273,-0.004986395019630052,0.13149999849371877,0.14768071279913705,0.13,237.657,2.42,0.0,1.0
2015-06-10,1176.0999755859375,1190.0999755859375,1175.5999755859375,1186.0999755859375,295,47.80527524895494,-5.588890770511853,-3.7449441086902846,-1.843946661821568,5.962626376978446,0.3621484287674766,1188.2509077564494,1193.5656837622714,-1,0.022503022651771443,0.007474667793118561,0.001181754428771331,-0.005450276817930089,0.13112594948411288,0.14839441641194095,0.13,237.657,2.5,0.0,1.0
2015-06-11,1183.199951171875,1183.199951171875,1174.4000244140625,1179.9000244140625,69,44.81473080622787,-5.531131092204305,-4.102181505393089,-1.4289495868112159,5.818972929084854,0.2969887100148582,1187.455585533365,1193.0297755525378,-1,0.005262716324335868,-0.0052271741838728625,0.004255681246149834,-0.03159881748895643,0.10401371526572914,0.14852983069012188,0.13,237.657,2.39,0.0,1.0
2015-06-12,1180.4000244140625,1181.199951171875,1176.199951171875,1178.800048828125,141,44.285415296361755,-5.510592290218256,-4.383863662358123,-1.1267286278601327,5.397326049118089,0.29982514839497065,1186.6312487042944,1192.4717470535413,-1,0.010749900887438628,-0.0009322616858862265,0.009419420739910311,-0.038028378209164604,0.10040910378605587,0.1484818822523946,0.13,237.657,2.39,0.0,1.0
2015-06-15,1179.9000244140625,1188.5,1172.699951171875,1185.300048828125,102,48.18037598918197,-4.913183345183825,-4.489727598923263,-0.4234557462605615,4.747150792305357,0.4227100315608199,1186.5044677637068,1192.190503985878,-1,0.0077738569762744935,0.005514081889003819,0.010313755676654823,-0.032802897733068104,0.10364392070250912,0.14562921960263225,0.13,237.657,2.36,0.0,1.0
2015-06-16,1186.5,1186.5,1175.9000244140625,1180.5,29,45.642775722420886,-4.772047088552199,-4.54619149684905,-0.22585559170314884,3.7701532692513045,0.3480886532325352,1185.9326136909729,1191.7320528491769,-1,0.002210037380114998,-0.004049648722170174,0.002718042163559087,-0.03852422784415965,0.10309233860147476,0.1432853077244929,0.13,237.657,2.32,0.0,1.0
2015-06-17,1177.5999755859375,1186.300048828125,1174.9000244140625,1176.4000244140625,168,43.533668813809115,-4.934151525812467,-4.623783502641734,-0.3103680231707333,3.5321732527868814,0.27616581272778823,1185.0247480455528,1191.1307968321137,-1,0.012795223116703098,-0.003473083935567556,-0.008178021559340443,-0.025271355856345656,0.08641767462356108,0.14333664642384497,0.13,237.657,2.32,0.0,1.0
2015-06-18,1183.4000244140625,1202.0,1183.4000244140625,1201.5,130,56.71922112274696,-3.0026495250633616,-4.29955670712606,1.2969071820626983,3.2911557057942122,0.912548959768487,1186.593819660262,1191.5374322504622,-1,0.009896580731357315,0.02133625898081659,0.018306615085175615,-0.006121287339413528,0.11727165191342785,0.14969929852623715,0.13,237.657,2.35,0.0,1.0
2015-06-19,1199.699951171875,1203.0999755859375,1199.699951171875,1201.5,142,56.71922112274696,-1.4551462535355313,-3.7306746164079545,2.275528362872423,3.2019477230413615,0.9279153789292368,1188.0134558830941,1191.9281211818166,-1,0.010806039206136613,0.0,0.019256829175093415,-0.002407858149515829,0.11657325751453237,0.1493984699737783,0.13,237.657,2.26,0.0,1.0
2015-06-22,1197.800048828125,1197.800048828125,1182.699951171875,1183.699951171875,30,47.58103673532191,-1.6460789672200917,-3.313755486570382,1.6676765193502905,2.8451962027353885,0.4842684469789768,1187.6026459105972,1191.6054478480935,-1,0.0022827749412185454,-0.014814855454119868,-0.0013499515652867222,-0.01710545281161069,0.12786866005392405,0.15188596453254577,0.13,237.657,2.37,0.0,0.0
2015-06-23,1183.800048828125,1186.0,1176.199951171875,1176.199951171875,60,44.33953995652707,-2.3752019882865625,-3.1260447869136185,0.750842798627056,2.895848108423698,0.2817799624351633,1186.5166749830998,1191.0013107235359,-1,0.004565202504774441,-0.006336065142669711,-0.003642565716327817,-0.00926549903337004,0.119639625953577,0.15216336995919058,0.13,237.657,2.42,0.0,0.0
2015-06-24,1176.5999755859375,1176.5999755859375,1170.699951171875,1172.5999755859375,263,42.83121450793656,-3.206561929159534,-3.142148215362802,-0.064413713796732,3.003065310944755,0.2068395601896251,1185.191275040513,1190.2796897377477,-1,0.08361815435974883,-0.00306068333224363,-0.0032302352509876453,-0.011215151829258474,0.11998106419506697,0.15012746275256472,0.13,237.657,2.38,0.0,0.0
2015-06-25,1175.800048828125,1175.9000244140625,1171.5,1171.5,95,42.35708378083594,-3.9091176340873517,-3.295542099107712,-0.6135755349796397,3.092442102281459,0.2077277034575192,1183.8873440842735,1189.5432313166596,-1,0.18455560951918407,-0.0009380655030184482,-0.024968789013732784,-0.013971867626502488,0.11964383283883627,0.1501130431917953,0.13,237.657,2.4,0.0,0.0
2015-06-26,1170.5,1172.9000244140625,1170.5,1172.9000244140625,308,43.218634386461645,-4.303321807093198,-3.4970980407048096,-0.8062237663883884,3.1135687892934847,0.2699996116489279,1182.8409326871106,1188.8905565361656,-1,1.0520922288642187,0.0011950699223750583,-0.023803558540106073,-0.013872540492109398,0.11966443300375336,0.14358644692806574,0.13,237.657,2.49,0.0,1.0
2015-06-29,1185.0999755859375,1186.0,1173.800048828125,1178.5,174,46.65324912583163,-4.116408826870838,-3.6209601979380155,-0.4954486289328228,3.0733395502506764,0.43469657870120143,1182.4275105264335,1188.483083730826,-1,0.7260588358022115,0.004774469664398762,-0.004392963915160197,-0.00824711640615483,0.12121494526933241,0.14352128456716448,0.13,237.657,2.33,0.0,1.0
2015-06-30,1176.300048828125,1176.4000244140625,1166.5999755859375,1171.5,223,43.140448947359666,-4.481460949752318,-3.7930603483008762,-0.6884006014514417,2.969056663805183,0.26475383696735566,1181.3867952382018,1187.817080447264,-1,1.1113879890356342,-0.005939753924480318,-0.00399587771381249,-0.018926368016084938,0.12104840614218955,0.14053548115066702,0.13,237.657,2.35,0.0,1.0
2015-07-01,1173.0999755859375,1173.0999755859375,1166.5999755859375,1169.0,455,41.92626529560879,-4.915829867112279,-4.017614252063157,-0.8982156150491223,3.0460486109236657,0.22279094196386343,1180.2071004536112,1187.079155723842,-1,2.3710265763418445,-0.0021340162185232714,-0.003070079874544329,-0.013252259490974971,0.11835926824411859,0.14002850989711063,0.13,238.034,2.43,0.0,1.0
2015-07-02,1166.4000244140625,1168.0999755859375,1155.5,1163.0,316,39.08320654924642,-5.678759020404414,-4.349843205731409,-1.328915814673005,3.2586668674654624,0.09998768570226371,1178.5683289818387,1186.1348751072208,-1,1.7048826544375506,-0.0051325919589392255,-0.0072556551429791005,-0.010128542145530384,0.11616493004123432,0.13986195137181034,0.13,238.034,2.4,0.0,1.0
2015-07-06,1171.0999755859375,1173.0,1162.199951171875,1172.9000244140625,634,45.63403808025962,-5.4220347967007,-4.564281523925267,-0.8577532727754331,3.1837571102347,0.34769902899036037,1178.0284904515743,1185.6158613545479,-1,3.2093140976967853,0.008512488748119162,0.0,0.004367165073383195,0.11838959347829661,0.14021353391085625,0.13,238.034,2.3,0.0,1.0
2015-07-07,1166.800048828125,1166.800048828125,1149.5,1152.4000244140625,469,36.80737547435451,-6.794435649392199,-5.010312349018654,-1.7841233003735448,3.7181943786414178,-0.07497438073876692,1175.5876841622874,1184.3132795137446,-1,2.20861784789263,-0.017478045505405326,-0.022146776059344453,-0.017729225727495135,0.13288277259950992,0.14321459237618323,0.13,238.034,2.27,0.0,0.0
2015-07-08,1152.5999755859375,1163.300048828125,1146.4000244140625,1163.300048828125,65,43.10843783579527,-6.922731399531131,-5.39279615912115,-1.5299352404099809,3.867995004413157,0.2017899831498255,1174.4174331780814,1183.4892312515635,-1,0.31190019193857965,0.00945854233177812,-0.006999531516752033,-0.01189161591722987,0.1370735284089711,0.14449738188155709,0.13,238.034,2.22,0.0,0.0
2015-07-09,1154.800048828125,1163.5999755859375,1154.800048828125,1159.0,65,41.35648811872452,-7.2873803251084155,-5.771712992318603,-1.5156673327898122,4.0175147200165195,0.15019764124396276,1172.9491062087404,1182.5288692416984,-1,0.33011681056373793,-0.0036964228037785762,-0.008554319931565413,-0.022847969095143084,0.13407521716500967,0.14428867180025678,0.13,238.034,2.32,1.0,1.0
2015-07-10,1160.0999755859375,1161.4000244140625,1157.5,1157.699951171875,27,40.816399525736365,-7.593734457361279,-6.136117285327138,-1.4576171720341407,4.2141016064786125,0.16236063913929039,1171.496805729039,1181.5551861801368,-1,0.13860369609856263,-0.0011216987300474157,-0.004557221692282898,-0.0188152155121889,0.13320502734263254,0.14338647413793817,0.13,238.034,2.42,1.0,1.0
2015-07-13,1159.0,1159.0,1151.199951171875,1155.199951171875,14,39.741589730271265,-7.946647416165206,-6.498223311494752,-1.4484241046704538,4.434557305572135,0.15345196318930993,1169.9447243426423,1180.5216475523619,-1,0.07429026266914301,-0.0021594541810849854,-0.015090862711022446,-0.020020441702315428,0.13327437335605782,0.1433431037759413,0.13,238.034,2.44,1.0,1.0
2015-07-14,1157.199951171875,1157.199951171875,1153.0,1153.300048828125,39,38.9031768452665,-8.284145249873063,-6.8554076991704145,-1.4287375507026487,4.5701710889795635,0.15767522013006033,1168.3595171507834,1179.4541338769016,-1,0.2104695089044792,-0.001644652375394129,0.0007809999956569502,-0.026997383516213946,0.1310398255229664,0.14302325285250786,0.13,238.034,2.41,1.0,1.0
2015-07-15,1154.0,1154.0,1144.800048828125,1147.199951171875,15,36.25827227593129,-8.940777892736605,-7.272481737883653,-1.6682961548529525,4.863148957047344,0.09989122548041406,1166.3443203908873,1178.1892639669006,-1,0.08125677139761647,-0.005289254658792708,-0.013840021473796704,-0.028208427639241807,0.13145276387028892,0.1425751709629334,0.13,238.034,2.36,1.0,1.0
2015-07-16,1146.199951171875,1146.199951171875,1142.9000244140625,1143.800048828125,14,34.83667691096437,-9.624561741288062,-7.742897738564535,-1.881664002723527,5.212911597956234,0.09715552797031926,1164.1972469087195,1176.8406672947917,-1,0.0791407574901074,-0.002963652796774463,-0.01311471196883085,-0.02771164137145843,0.1313596197739147,0.1415386630414465,0.13,238.034,2.36,1.0,1.0
2015-07-17,1144.0,1144.0,1130.199951171875,1131.800048828125,120,30.318383575887438,-11.007873169739696,-8.395892824799567,-2.611980344940129,5.223984298070357,-0.04312395136776489,1161.1117994724725,1175.074368531393,-1,0.6802721088435374,-0.010491344192802399,-0.022371860962361545,-0.05801077916926756,0.10475912921009271,0.14057836241320612,0.13,238.034,2.34,1.0,1.0
2015-07-20,1130.4000244140625,1130.699951171875,1095.0999755859375,1106.699951171875,189,23.463386853137024,-13.968505319370024,-9.510415323713659,-4.4580899956563655,6.079300507364759,-0.2573038663211229,1155.9297186819394,1172.3930188310198,-1,1.0573426573426574,-0.022177148412600656,-0.04198407379674829,-0.07890141392270078,0.12463612163563086,0.14658745982523033,0.13,238.034,2.38,1.0,1.0
2015-07-21,1097.0999755859375,1106.4000244140625,1097.0999755859375,1103.4000244140625,118,22.735572402809808,-16.392145687146694,-10.886761396400267,-5.505384290746427,7.155698557283012,-0.1369768623571778,1150.9268906564273,1169.6874112068256,-1,0.6442806442806442,-0.0029817718472999744,-0.04326716578635903,-0.0678380755852146,0.11791810122228703,0.14330159098006057,0.13,238.034,2.35,2.0,1.0
2015-07-22,1093.0,1095.0,1086.0,1091.4000244140625,46,20.272895772689054,-19.061469101363173,-12.521702937392849,-6.539766163970324,8.497842022337542,-0.1176260686798772,1145.2576653000117,1166.6173176071095,-1,0.2521238695533023,-0.010875475561433312,-0.04864010558997356,-0.07209652293670343,0.1204750996314528,0.13515161569854206,0.13,238.034,2.33,2.0,1.0
2015-07-23,1097.4000244140625,1097.5999755859375,1087.800048828125,1094.0,64,22.238247316865397,-20.728189175715897,-14.16300018505746,-6.565188990658438,9.409653727221798,0.0007672764744455936,1140.3759828904867,1163.7695796617327,-1,0.3710144927536232,0.002382238892960853,-0.04353912108951863,-0.06703051102031776,0.12241494932801733,0.13365048495026213,0.13,238.034,2.28,1.0,1.0
2015-07-24,1078.5999755859375,1100.699951171875,1078.5999755859375,1085.5999755859375,52,20.48156453734495,-22.467892729385085,-15.823978693922985,-6.6439140354621,10.359125494257851,0.01017138275947848,1135.1592202900536,1160.7041049920938,-1,0.3052538890519519,-0.007678267288905416,-0.040819995802282794,-0.07332481810846136,0.12291620011852124,0.1341669397771414,0.13,238.034,2.27,2.0,1.0
2015-07-27,1100.0,1102.5,1093.9000244140625,1096.5,19,28.386843672613438,-22.705346355446864,-17.20025222622776,-5.505094129219103,10.706874869943173,0.14511059903664195,1131.477389786239,1158.1862969531883,-1,0.12187299550994227,0.010040553296972288,-0.00921654614791878,-0.06513771235722254,0.13134070088866442,0.12890239087828115,0.13,238.034,2.23,1.0,1.0
2015-07-28,1097.199951171875,1097.699951171875,1096.300048828125,1096.300048828125,31,28.33120259160772,-22.64858565618124,-18.289918912218457,-4.358666743962782,10.762451445847837,0.1776550152305908,1128.1271668378472,1155.7593852620093,-1,0.20840336134453782,-0.00018235400991795103,-0.0064346342476363505,-0.06974964036646158,0.12842075894034494,0.12841736547822657,0.13,238.034,2.26,1.0,1.0
2015-07-29,1096.4000244140625,1096.9000244140625,1092.699951171875,1092.699951171875,159142,27.293868712161824,-22.633198760033565,-19.15857488178148,-3.4746238782520855,10.873946964627368,0.1826114391032718,1124.7531462982308,1153.2864662780826,-1,19.66002446044943,-0.0032838616217323313,0.00119106352275411,-0.06726423288785743,0.12812418185542068,0.1261974903912465,0.13,238.034,2.29,1.0,1.0
2015-07-30,1096.0999755859375,1097.5,1081.0,1088.4000244140625,49298,26.06624981341983,-22.706229408859826,-19.868105787197152,-2.8381236216626746,10.961248250022905,0.18183047369492633,1121.2909442140244,1150.741899930474,-1,4.678627863165937,-0.0039351395167548375,-0.0051188076653907455,-0.0689477977638473,0.12803302914911674,0.1255103909683437,0.13,238.034,2.28,1.0,1.0
2015-07-31,1087.699951171875,1102.800048828125,1079.0999755859375,1094.9000244140625,5700,31.110411941290025,-21.98616818604455,-20.291718266966633,-1.6944499190779183,10.879280402862435,0.25943958687038304,1118.7775232806948,1148.5520224592422,-1,0.5274822900134647,0.0059720689582851705,0.008566736401320885,-0.058555439024881806,0.13221775027412397,0.12642693543460243,0.13,238.034,2.2,1.0,1.0
2015-08-03,1095.5,1097.0999755859375,1085.0,1089.4000244140625,2418,29.289486849115022,-21.610209470892414,-20.55541650775179,-1.054792963140624,10.476303273633139,0.23796420965120818,1115.9796662457775,1146.232336261392,-1,0.22193157568665245,-0.005023289686145849,-0.00647512593336752,-0.07119106340006554,0.12514974191936426,0.12618164732668732,0.14,238.033,2.16,1.0,1.0
2015-08-04,1085.0999755859375,1093.9000244140625,1080.5,1090.699951171875,1139,30.32746640490278,-20.965686867561544,-20.637470579713742,-0.3282162878478019,10.393848460900768,0.2729226622461911,1113.5720743339773,1144.0545956696462,-1,0.1042205192725609,0.0011932501640172788,-0.0051081797015662955,-0.05354049977008535,0.11474593187506912,0.12545161919685546,0.14,238.033,2.23,1.0,1.0
2015-08-05,1086.5,1090.5999755859375,1082.5,1085.699951171875,1207,28.589100836167674,-20.62065420834142,-20.63410730543928,0.013453097097858802,9.969612616856928,0.2523428641305413,1110.9175864137771,1141.7661782383611,-1,0.10986860370385541,-0.004584212179186253,-0.0064061501901714335,-0.0667068635769612,0.10544493237746101,0.12540837032702346,0.14,238.033,2.28,1.0,1.0
2015-08-06,1084.4000244140625,1092.199951171875,1083.5999755859375,1090.199951171875,269,32.347607575676705,-19.75636190600835,-20.458558225553094,0.7021963195447434,9.395195182181055,0.3125404158299533,1108.9444782955009,1139.7439732553617,-1,0.02446333001395956,0.004144791565241279,0.0016537364180797542,-0.05936156068000431,0.10881500862388446,0.12444122057005717,0.14,238.033,2.23,2.0,1.0
2015-08-07,1088.9000244140625,1098.300048828125,1081.699951171875,1094.0999755859375,614,35.51532784365942,-18.542953033189633,-20.075437187080404,1.5324841538907705,8.604123190906577,0.36907895660028933,1107.5307161326853,1137.954012562443,-1,0.05568958949335172,0.00357734781575636,-0.000730704913951552,-0.05493649327838257,0.11117309037933726,0.11546857755486241,0.14,238.033,2.18,2.0,1.0
2015-08-10,1093.199951171875,1107.5999755859375,1089.5,1104.199951171875,900,42.963568365002004,-16.575264803662094,-19.37540271039674,2.8001379067346477,7.617823987457402,0.5021991749499682,1107.2135004221318,1136.63032388046,-1,0.08130301634190627,0.009231309579847524,0.013585392350043968,-0.044148201312044555,0.11909059658881772,0.11664313191779818,0.14,238.033,2.24,1.0,1.0
2015-08-11,1103.800048828125,1116.699951171875,1094.0,1107.5999755859375,997,45.25591754794379,-14.573509801017053,-18.415024128520805,3.841514327503752,6.4544132521698385,0.5825476845963244,1107.2503075805894,1135.4918788493023,-1,0.08967762826509318,0.0030791745738207865,0.015494659549498246,-0.03962548452904657,0.12058157183330344,0.11700300532514811,0.14,238.033,2.15,1.0,1.0
2015-08-12,1106.0,1124.5,1101.5,1123.199951171875,797,54.32622311274669,-11.594660851336812,-17.05095147308401,5.456290621747197,5.563135503143594,0.8702791037401221,1108.76932125595,1135.0098424697953,-1,0.07143689442218577,0.014084485310398076,0.034539929710343475,-0.02092050298248682,0.13247269034576595,0.12113698431489062,0.14,238.033,2.14,1.0,2.0
2015-08-13,1124.300048828125,1124.300048828125,1113.0,1115.699951171875,441,50.03409374944726,-9.726962547726089,-15.586153688012425,5.859191140286336,4.459998545461043,0.8381199367940252,1109.4293812479427,1134.2525918306612,-1,0.039452319501165234,-0.006677350717630426,0.023390204679966775,-0.024567316363589775,0.13384182633733144,0.11718270094759363,0.14,238.033,2.19,1.0,2.0
2015-08-14,1113.9000244140625,1118.800048828125,1112.5,1112.9000244140625,908,48.49374484492755,-8.376173560646066,-14.144157662539154,5.767984101893088,3.7394855926511448,0.8584458341238939,1109.759918692335,1133.4152362456966,-1,0.08094531288305273,-0.0025095696695797143,0.017183117857265895,-0.016699084289342192,0.1293997834020467,0.11704347255185153,0.14,238.033,2.2,1.0,2.0
2015-08-17,1113.800048828125,1122.0,1113.800048828125,1118.5999755859375,399,51.750288713114514,-6.767711171750989,-12.668868364381522,5.901157192630533,4.025382852081263,0.9482259245251724,1110.6018288726782,1132.8342456315884,-1,0.035536317849651985,0.005121709989067469,0.013041138426767684,0.010752710706693147,0.10262466822718802,0.11768514633504386,0.14,238.033,2.16,1.0,2.0
2015-08-18,1118.199951171875,1118.4000244140625,1110.0,1117.0999755859375,475,50.839324046200005,-5.5500530474400875,-11.245105300993236,5.695052253553149,4.266407149909049,0.8760595430159557,1111.2206999882267,1132.2172154337197,-1,0.04223799107222252,-0.0013409619459487931,0.008577103836585387,0.012416123680212943,0.10204072820612783,0.11766093928407152,0.14,238.033,2.2,1.0,2.0
2015-08-19,1117.0,1134.300048828125,1116.800048828125,1128.0999755859375,348,56.83946780824275,-3.6553060492199165,-9.727145450638574,6.071839401418657,4.7622796648140975,1.0110897090562552,1112.8282500451514,1132.0557550475323,-1,0.030903391380795498,0.009846925289055175,0.004362557538353018,0.033626489234850565,0.09734174467885724,0.11660708639532377,0.14,238.033,2.12,1.0,2.0
2015-08-20,1132.800048828125,1153.300048828125,1132.800048828125,1153.0,409,66.73647440236688,-0.1428350170228896,-7.810283363915437,7.667448346892548,6.213455379999286,1.2105926226355448,1116.6541309932322,1132.8770979868448,-1,0.036264812934745504,0.022072533421631624,0.03343197137272158,0.05393053016453386,0.12090498353969953,0.1255278364215423,0.14,238.033,2.09,1.0,2.0
2015-08-21,1154.0999755859375,1166.5,1150.5,1159.5999755859375,261,68.77998730127294,3.1372225052805334,-5.620782190076244,8.758004695356778,7.366759507020444,1.132874528502055,1120.7442114306327,1133.925053971123,-1,0.02312067041085697,0.005724176570631068,0.04196239567562454,0.06816507154033369,0.11492670804129922,0.12607974411891978,0.14,238.033,2.05,1.0,2.0
2015-08-24,1164.0,1169.0,1147.5,1153.4000244140625,299,64.75544914937201,5.176733319525056,-3.461279088155984,8.638012407681039,8.092532941777863,0.9740187423918611,1123.854288857626,1134.6887783022187,-1,0.026454090209332363,-0.005346629270789882,0.031110360797117265,0.051892407126368,0.11598231792324704,0.12644551851597288,0.14,238.033,2.01,1.0,2.0
2015-08-25,1151.5,1155.5,1134.0,1138.199951171875,217,56.090165668765074,5.503105085501829,-1.6684022534244216,7.171507338926251,8.256664869333548,0.7755005765212302,1125.220542411364,1134.8264713559308,-1,0.01918333790079474,-0.013178492214710347,0.018888171199601178,0.038219374694490105,0.1286468833069523,0.1291187570957796,0.14,238.033,2.12,1.0,1.0
2015-08-26,1139.199951171875,1143.0,1119.5999755859375,1124.5999755859375,116,49.68397420872822,4.611197674947562,-0.412482267750025,5.023679942697586,8.11846766521118,0.6118494791542902,1125.1614408089424,1134.4254323061273,-1,0.03451764565851336,-0.011948669978359416,-0.0031025618967699398,0.029193763923802685,0.13677275195600888,0.13062800645284503,0.14,238.033,2.18,1.0,1.0
2015-08-27,1127.199951171875,1127.4000244140625,1118.4000244140625,1122.4000244140625,564,48.71473027829101,3.684365876045149,0.4068873610090098,3.2774785150361394,7.83409329527236,0.5711328951324346,1124.8984487713349,1133.953847682909,-1,0.6104556770213226,-0.0019562077357584418,-0.026539441097951033,0.031238514551029883,0.13591571491166393,0.1298518827670685,0.14,238.033,2.18,2.0,1.0
2015-08-28,1125.300048828125,1139.0,1123.5999755859375,1133.0999755859375,279,53.469285752111986,3.769785889179502,1.0794670666431083,2.690318822536394,7.722097495469002,0.6738475547046429,1125.6795465632017,1133.9203625026357,-1,0.42735697327104233,0.009533099553753921,-0.022852708311424164,0.03488898558781006,0.1380013420516974,0.1306354608449122,0.14,238.033,2.19,1.0,1.0
2015-08-31,1131.0999755859375,1134.0,1124.800048828125,1131.5999755859375,194,52.731246501492855,3.6740917582828843,1.5983920049710636,2.0756997533118207,7.399644376825649,0.6375303170610783,1126.2433969463193,1133.8293669372752,-1,0.3581648666112804,-0.0013238019877498397,-0.018900683515417516,0.03873687371594503,0.1362106439060849,0.13015001561060732,0.14,238.033,2.21,2.0,1.0
2015-09-01,1133.5,1144.699951171875,1133.5,1138.699951171875,375,55.83844977879188,4.123627551378377,2.1034391142525264,2.0201884371258503,7.101956821737715,0.7019399114396335,1127.4297354439914,1134.020370240593,-1,0.7448604628066342,0.006274280434003243,0.0004392901260321658,0.0440084369201883,0.13704445826473133,0.1304698555350175,0.14,237.498,2.17,2.0,1.0
2015-09-02,1137.300048828125,1140.4000244140625,1130.800048828125,1132.5,201,52.58761365344515,3.9342520530401544,2.4696017020100522,1.464650351030102,6.445759560751968,0.6042604524622961,1127.9126177826588,1133.9607478782168,-1,0.44356173452499176,-0.00544476283282036,0.007024741762017506,0.04310587725237558,0.13764238536949655,0.13059091137525317,0.14,237.498,2.2,2.0,1.0
2015-09-03,1130.300048828125,1132.9000244140625,1120.300048828125,1123.699951171875,122,48.2902448374984,3.0390479577617953,2.583490953160401,0.45555700460139414,5.78564041412837,0.45527857830964413,1127.5114114387745,1133.5583636936544,-1,0.27366532077164646,-0.007770462541390688,0.001158167079059913,0.030728308108975977,0.14177193957864187,0.13029299881856732,0.14,237.498,2.18,2.0,1.0
2015-09-04,1123.4000244140625,1125.199951171875,1116.199951171875,1120.5999755859375,51,46.83820905088381,2.055752702950258,2.477943303118373,-0.4221906001681148,5.1724109291294535,0.3741894114885494,1126.85317945279,1133.0501916109988,-1,0.12211181611397104,-0.002758721830240063,-0.011031683231248923,0.0242208213063968,0.14233414778163775,0.13003913844386347,0.14,237.498,2.13,2.0,1.0
2015-09-08,1119.800048828125,1124.300048828125,1116.4000244140625,1120.4000244140625,138,46.74058374484023,1.2459867807351657,2.2315519986417316,-0.9855652179065659,4.842645905613003,0.34724206374862476,1126.2385932586255,1132.5541066228836,-1,0.36358846001844286,-0.00017843224721691975,-0.00989744734315301,0.01467132218670586,0.1392073129269698,0.13004651003172396,0.14,237.498,2.2,2.0,1.0
2015-09-09,1123.5,1123.5,1102.0999755859375,1102.199951171875,150,38.81099339298743,-0.8545021836901014,1.6143411621753652,-2.4688433458654666,5.007137463624831,0.034904142282551204,1123.949198774173,1131.3637475855892,-1,0.44483985765124556,-0.016244263518028434,-0.032054098151525046,-0.004875428433632645,0.15144533041646197,0.1331775634963457,0.14,237.498,2.21,2.0,1.0
2015-09-10,1107.300048828125,1113.5,1105.5,1109.5,56,42.988851829207704,-1.9081064266949852,0.9098516444012951,-2.8179580710962804,5.208964835054932,0.1885771862557227,1122.5730846052043,1130.5063457194876,-1,0.18657337997667833,0.00662316199557389,-0.020309050772626902,-0.012197250505202928,0.14434390355698107,0.13399358875434406,0.14,237.498,2.23,2.0,1.0
2015-09-11,1110.800048828125,1111.699951171875,1098.199951171875,1103.5,81,40.53887392724495,-3.1904675125058475,0.0897878130198665,-3.280255325525714,5.469113802490234,0.11579681129695123,1120.7566003570896,1129.4472733383313,-1,0.28708133971291866,-0.00540784136998651,-0.017976285529610503,-0.010934795828449029,0.14369940166201442,0.1342040956290326,0.14,237.498,2.2,2.0,1.0
2015-09-14,1107.800048828125,1108.5999755859375,1104.0999755859375,1107.699951171875,19,42.988211588602894,-3.8237689248576316,-0.6929235345556332,-3.1308453903019986,5.569803389723817,0.19371045952162702,1119.5131099584978,1128.5944371749408,-1,0.07993268826251577,0.0038060273419799895,-0.011511712203382207,-0.004672543021036701,0.14430107317348742,0.12645017421156013,0.14,237.498,2.18,2.0,1.0
2015-09-15,1104.5,1104.5,1102.800048828125,1102.800048828125,8,40.872879154322874,-4.6672449314737605,-1.4877878139392586,-3.179457117534502,5.849939737621045,0.14578676792927533,1117.9213898508433,1127.5828925338892,-1,0.03667201466880587,-0.004423492425513098,-0.015708653340258394,-0.014124733687336466,0.14358857813262005,0.12657364848685798,0.14,237.498,2.28,2.0,1.0
2015-09-16,1109.800048828125,1119.9000244140625,1109.800048828125,1119.199951171875,31,49.78012429584313,-3.9666456621534962,-1.9835593835821062,-1.98308627857139,5.83116669649649,0.3928016023505762,1118.0431575957034,1127.2541497353789,-1,0.15820362337330954,0.014871147640206583,0.015423698741707792,0.0018798457003241786,0.15367428564588143,0.12767009367618992,0.14,237.498,2.3,2.0,1.0
2015-09-17,1118.5999755859375,1130.5,1117.0999755859375,1117.300048828125,14,48.86179011995369,-3.5240983228750338,-2.2916671714406918,-1.232431151434342,5.87205560921486,0.3729240663318411,1117.9723853321245,1126.8637928370551,-1,0.07810320781032078,-0.0016975539909206416,0.00703023779010814,-0.009573554641912785,0.14940405484522726,0.12718108102427678,0.14,237.498,2.21,1.0,2.0
2015-09-18,1128.300048828125,1141.199951171875,1127.800048828125,1138.0999755859375,59,57.997375980142465,-1.4779591182830245,-2.1289255608091584,0.6509664425261339,5.542309190758714,0.7108309336812125,1119.8892986896306,1127.3044274546585,-1,0.36476043276661513,0.018616240802663997,0.03135475812046895,-0.01292283123509319,0.14304257857770905,0.13308807101769046,0.14,237.498,2.13,1.0,1.0
2015-09-21,1137.5999755859375,1138.5,1130.800048828125,1133.0999755859375,17,55.4337310474342,-0.25687616177037853,-1.7545156810014024,1.497639519231024,4.835505795445673,0.6742947261123567,1121.1474583940408,1127.5317038519636,-1,0.11367435640254095,-0.004393287151619352,0.022930419367799937,-0.022852708311424164,0.14157673340138963,0.13332625383080052,0.14,237.498,2.2,1.0,1.0
2015-09-22,1132.5999755859375,1135.0,1122.5,1125.0,43,51.46493019858648,0.05658822934583441,-1.3922948989319552,1.4488831282777896,4.191320857910123,0.5593173097659503,1121.5143671184178,1127.4324213479651,-1,0.31444241316270566,-0.007148509187593022,0.02013053154600919,-0.024622874816124574,0.14243472757759643,0.1339587122011881,0.14,237.498,2.14,1.0,2.0
2015-09-23,1128.5999755859375,1132.199951171875,1128.300048828125,1131.5999755859375,33,54.333877906809064,0.8280288875960196,-0.9482301416263603,1.7762590292223799,4.061890618494899,0.7133001442673093,1122.4749012581815,1127.5958548474935,-1,0.2587220697765582,0.005866644965277779,0.011079364684638326,-0.005798608213910317,0.13710237739935882,0.13416611516034407,0.14,237.498,2.16,1.0,2.0
2015-09-24,1133.0,1155.9000244140625,1133.0,1153.800048828125,37,62.387571623771485,3.1939437487062605,-0.1197953635598362,3.313739112266097,4.753773250945537,1.0704020163426697,1125.4582486457953,1128.6234702977144,-1,0.2993527508090615,0.01961830480836868,0.03266803759498882,0.025964853170989732,0.1465387249087491,0.1398644341998759,0.14,237.498,2.13,0.0,1.0
2015-09-25,1149.800048828125,1149.800048828125,1143.4000244140625,1146.0,56,58.484813110299825,4.388956411449726,0.7819549914420764,3.60700142000765,5.061387091511083,0.8773964115091907,1127.4146059176244,1129.304902835059,-1,0.570264765784114,-0.006760312444125116,0.006941415151155983,0.021026349850854276,0.1489349641901749,0.14045457133957476,0.14,237.498,2.17,0.0,2.0
2015-09-28,1133.199951171875,1133.199951171875,1132.0,1132.0,4346,52.17584299021704,4.158394179565676,1.4572428290667963,2.701151350498879,5.0505437530454635,0.6326782526632808,1127.8513101159458,1129.4105929199586,-1,14.412203614657601,-0.012216404886561949,-0.0009707665780935848,-0.0009707665780935848,0.1525713882033041,0.1422527562414879,0.14,237.498,2.1,0.0,1.0
2015-09-29,1132.199951171875,1134.4000244140625,1124.300048828125,1127.0999755859375,2417,50.137248923759316,3.5394800083970495,1.873690264932847,1.6657897434642024,5.0232974639559025,0.5506425869914212,1127.7797544464213,1129.3199804754872,-1,5.856554397867701,-0.0043286434753202485,0.001866644965277775,-0.003976670287280548,0.1532789779563104,0.1412386547761522,0.14,237.498,2.05,0.0,1.0
2015-09-30,1124.300048828125,1126.0,1112.0999755859375,1115.5,865,45.5954652247865,2.08888561092931,1.9167293341321399,0.17215627679717027,4.926793447362466,0.36300846236304124,1126.6102540229526,1128.7780204568407,-1,1.9784995425434584,-0.010291878127232756,-0.01422762100856445,-0.02037406882120185,0.1553208894764178,0.1382572698287109,0.14,237.498,2.06,1.0,1.0
2015-10-01,1115.199951171875,1119.0,1113.300048828125,1114.199951171875,1181,45.10234553115591,0.8248674658159416,1.6983569604689004,-0.8734894946529588,4.913628008604026,0.3555462168950621,1125.428320418088,1128.2063314652735,-1,2.4290415466886057,-0.0011654404555132558,-0.03432145604125292,-0.01615898351269318,0.15444178657727678,0.13669438760223196,0.12,237.733,2.05,1.0,1.0
2015-10-02,1112.199951171875,1141.199951171875,1105.800048828125,1137.0999755859375,323,54.4478105552527,1.6519222345459639,1.6890700152843132,-0.037147780738349345,5.045629645913237,0.7517908737154597,1126.53990662455,1128.5551018229467,-1,0.6508816120906801,0.020552885853187375,-0.007766164410176746,0.011924913229806489,0.16916735114955295,0.14318206003622702,0.12,237.733,1.99,0.0,1.0
2015-10-05,1137.0999755859375,1141.699951171875,1132.5,1138.0999755859375,226,54.80958856105063,2.3608463726161517,1.823425286750681,0.5374210858654707,5.173623970030726,0.7475205221512456,1127.6408655732534,1128.929410597966,-1,0.44752475247524753,0.0008794301481580558,0.005388671012312329,0.015616634286333753,0.16870261679403403,0.14319278327904714,0.12,237.733,2.07,0.0,1.0
2015-10-06,1136.300048828125,1150.0,1136.300048828125,1146.800048828125,145,57.939385155222354,3.583389971647648,2.1754182237300745,1.4079717479175735,5.457468327272014,0.8545718265809069,1129.465549692765,1129.630219940325,-1,0.286929850598595,0.007644383998610005,0.017478549967979706,0.023563034486605794,0.17037857096002915,0.144044697852032,0.12,237.733,2.05,0.0,1.0
2015-10-07,1147.5999755859375,1152.9000244140625,1143.0,1149.0,104,58.717969531525796,4.675881603156313,2.6755108996153223,2.0003707035409906,5.413588556752817,0.8544091290171676,1131.3259735315494,1130.3898191583517,1,0.20673889275419938,0.001918338924141949,0.03003137606454498,0.04246057966013028,0.15726725867033767,0.14406869527921276,0.12,237.733,2.08,0.0,1.0
2015-10-08,1142.699951171875,1146.699951171875,1138.699951171875,1144.699951171875,138,56.51582817804567,5.135512101916447,3.1675111400755473,1.9680009618408998,5.357950340712173,0.7573622396179325,1132.599685687771,1130.9510008059408,1,0.272108843537415,-0.0037424271785247987,0.027373901756072794,0.03172595869479489,0.15761124174918098,0.14386230428112587,0.12,237.733,2.12,0.0,1.0
2015-10-09,1151.5999755859375,1157.199951171875,1151.5999755859375,1156.300048828125,22,60.788154240892894,6.362461028202233,3.8065011177008845,2.5559599105013486,5.311415553936294,0.9080656534829824,1134.8568631297094,1131.9450811205363,1,0.0436334787782626,0.010133745218015022,0.016885123256021428,0.04784780138479827,0.1581073585220926,0.145206340237179,0.12,237.733,2.12,0.0,1.0
2015-10-12,1155.9000244140625,1166.800048828125,1155.9000244140625,1164.9000244140625,40,63.640312292460315,7.937277059604185,4.632656306081545,3.3046207535226397,5.502079135372041,0.9848771233653532,1137.7181165853622,1133.2374318379295,1,0.07916872835230084,0.007437494787493337,0.023548062035874562,0.051638598685206594,0.15906691447164895,0.14419971762983452,0.12,237.733,2.12,0.0,1.0
2015-10-13,1163.5,1166.199951171875,1154.9000244140625,1165.800048828125,132,63.93595859422199,9.152450803167994,5.536615205498835,3.615835597669159,5.349970843685334,0.9603193131268646,1140.3925863227682,1134.514397210094,1,0.25808974484309316,0.0007726194481927351,0.016567840243306042,0.05712730976657654,0.1571111670706035,0.1360674476331046,0.12,237.733,2.06,0.0,1.0
2015-10-14,1172.4000244140625,1189.0,1167.300048828125,1180.0999755859375,143,68.34067688529322,11.140943468370551,6.657480858073178,4.483462610297373,6.018022547836073,1.072061978021291,1144.1742424430702,1136.3020669503233,1,0.27656899719562905,0.012266191592792408,0.027066993547378182,0.05441389123569573,0.15475834434098965,0.13777622065402104,0.12,237.733,1.99,0.0,1.0
2015-10-15,1184.199951171875,1188.300048828125,1177.800048828125,1187.9000244140625,143,70.46002391667064,13.194143115791348,7.964813309616813,5.229329806174535,6.680421733134175,1.0696051395432558,1148.3386026307837,1138.3255162626267,1,0.2731614135625597,0.006609650868141248,0.03773921122121293,0.06318801799032037,0.1544654816888768,0.13589486821060365,0.12,237.733,2.04,0.0,1.0
2015-10-16,1182.5,1184.0999755859375,1176.199951171875,1183.5999755859375,243,67.76676590987634,14.309390874737346,9.23372882264092,5.075662052096426,7.277001799851038,0.9430710719549388,1151.6968286265126,1140.1009852556977,1,0.45616669795382014,-0.003619874349481522,0.023609725508080937,0.03997891307973611,0.14488688816879197,0.1362691565723909,0.12,237.733,2.04,0.0,1.0
2015-10-19,1176.5,1177.800048828125,1169.300048828125,1173.300048828125,62,61.68461152080261,14.198443925997935,10.226671843312324,3.971772082685611,7.448661400276663,0.7882250476294075,1153.7542781695233,1141.4029093173615,1,0.11589868211982428,-0.008702202577111073,0.007210940199170901,0.035477957910465596,0.14819354921385525,0.13657710860861766,0.12,237.733,2.04,0.0,1.0
2015-10-20,1168.699951171875,1179.0999755859375,1168.699951171875,1178.0,19,63.30311548776105,14.32463892943133,11.046265260536126,3.2783736688952043,7.49729857852296,0.8094455973145138,1156.0633945343307,1142.8380893441317,1,0.035597189695550355,0.004005753836428427,0.010464874473232744,0.047111111111111104,0.14453824855212874,0.13549534863699744,0.12,237.733,2.08,0.0,1.0
2015-10-21,1175.9000244140625,1176.4000244140625,1164.9000244140625,1167.5999755859375,41,57.51366584254571,13.430634332943555,11.523139075017612,1.9074952579259428,7.410270914178565,0.6698123672089886,1157.1621165392455,1143.8091437065555,1,0.07675746513151736,-0.008828543645214348,-0.01059232290365364,0.031813362298244385,0.14911542797768146,0.13703286267842507,0.12,237.733,2.04,0.0,1.0
2015-10-22,1166.199951171875,1168.5999755859375,1163.5,1166.5999755859375,48,56.97410548191518,12.497375639593201,11.717986387932731,0.7793892516604704,7.476356433981057,0.6492050700955018,1158.0609602579782,1144.7029018194723,1,0.08976996446605573,-0.0008564577088983061,-0.017930842992137652,0.011093713135835737,0.1334486320394421,0.13679432672135416,0.12,237.733,2.04,0.0,1.0
2015-10-23,1166.199951171875,1178.699951171875,1163.300048828125,1163.300048828125,38,55.13590662838596,11.360527797859504,11.646494669918086,-0.28596687205858196,7.477527217122218,0.6008285392046441,1158.5599210741827,1145.4322017021645,1,0.07118771075309105,-0.0028286703470528085,-0.01715100302174566,0.01509602864583326,0.13128796620130082,0.13663867071061112,0.12,237.733,2.09,0.0,1.0
2015-10-26,1165.0999755859375,1170.0,1163.800048828125,1167.0,176,56.81816405428072,10.635523140151236,11.444300363964716,-0.8087772238134807,7.296850684191212,0.6262788207587968,1159.3637381147369,1146.2779977138443,1,0.5410390408853366,0.003180564786877005,-0.005369512116203734,0.030918727915194344,0.12206718933758666,0.136336153965114,0.12,237.733,2.07,0.0,1.0
2015-10-27,1164.5,1166.800048828125,1162.0,1166.800048828125,302,56.69444212351462,9.930346484188476,11.14150958800947,-1.2111631038209936,6.938591595262382,0.605385784212376,1160.0719581826786,1147.0827840320514,1,1.3755408790708266,-0.00017133776510280807,-0.009507598617890523,0.03522320477520102,0.12029713975187428,0.13577002083588655,0.12,237.733,2.05,0.0,1.0
2015-10-28,1175.0999755859375,1182.699951171875,1175.0999755859375,1177.0999755859375,217,61.361801364778266,10.086337888440084,10.930475248095593,-0.8441373596555088,6.1622764881167456,0.7192276980693133,1161.6936741258462,1148.2599287988705,1,1.1594977290943094,0.00882749942302219,0.008136348234533575,0.05522185171307714,0.11382057917991345,0.1366711441373674,0.12,237.733,2.1,0.0,1.0
2015-10-29,1158.0,1162.0,1144.9000244140625,1147.199951171875,329,45.89727607517577,7.708422221835235,10.286064642843522,-2.577642421008287,5.055390236231401,0.23025847162974217,1160.3133195588014,1148.2183610487923,1,2.2760290556900724,-0.025401431513222827,-0.016629542962504074,0.02961766419509515,0.15188317919329555,0.14701702088933954,0.12,237.733,2.19,0.0,1.0
2015-10-30,1147.5,1147.5999755859375,1139.199951171875,1141.5,249,43.639392894097384,5.302840654837382,9.289419845242294,-3.986579190404912,4.930059113608164,0.12022918828982732,1158.5215748389155,1147.954895909624,1,1.7678381256656017,-0.0049685768954683684,-0.018739833158337604,0.003869514122357698,0.13587863137928605,0.14735163136126786,0.12,237.733,2.16,0.0,1.0
2015-11-02,1137.9000244140625,1138.699951171875,1132.5999755859375,1135.800048828125,180,41.44376642552518,2.9029975598052715,8.01213538815489,-5.109137828349619,5.002486577790563,0.02970804210467955,1156.357619980745,1147.4782352397613,1,1.2991699747383616,-0.004993386922360954,-0.026735176668273297,-0.002020847734952591,0.1370849834771064,0.1477023433708023,0.12,238.017,2.2,0.0,1.0
2015-11-03,1133.300048828125,1134.699951171875,1114.199951171875,1114.199951171875,185,34.38379654109583,-0.7333886958870153,6.263030571346509,-6.996419267233525,6.116266983079368,-0.1662912749934916,1152.34260390371,1146.173204492001,1,1.3162575595873354,-0.019017517809174378,-0.045080644030722206,-0.02842701104657508,0.14954589687414205,0.15206508991329087,0.12,238.017,2.23,0.0,1.0
2015-11-04,1119.0,1121.9000244140625,1106.5,1106.5,141,32.273211958975054,-4.188292679774122,4.172765921122383,-8.361058600896506,7.35521255590689,-0.1204481880121168,1147.9766416271661,1144.6173925511384,1,0.9901685393258427,-0.006910744488703768,-0.05997789232031392,-0.03698868581375114,0.15020846413324698,0.1526254857293133,0.12,238.017,2.25,0.0,1.0
2015-11-05,1107.9000244140625,1110.699951171875,1104.4000244140625,1104.4000244140625,84,31.701677869110455,-7.014915874236067,1.935229562050693,-8.95014543628676,8.401344995723264,-0.04500982660467592,1143.8264876068706,1143.0402408594884,1,0.6012884753042234,-0.0018978541219498712,-0.03730816647445978,-0.03520566827713745,0.15004728333898143,0.14984737213951463,0.12,238.017,2.26,0.0,2.0
2015-11-06,1105.199951171875,1109.5,1084.800048828125,1087.5999755859375,78,27.50510944751177,-10.489739470154973,-0.5497642443904401,-9.939975225764533,9.94203722845499,-0.07841616229009167,1138.4715817001152,1140.8661128095453,-1,0.5473684210526316,-0.01521192362979007,-0.047218593442017065,-0.059413707810367145,0.15048628946455309,0.1524470054030688,0.12,238.017,2.34,1.0,2.0
2015-11-09,1088.5999755859375,1088.5999755859375,1087.9000244140625,1087.9000244140625,5,27.68922105668109,-13.068702899811797,-3.0535519754747114,-10.015150924337085,11.107797183309568,0.013040621882537906,1133.6552429109672,1138.78901130384,-1,0.035523978685612786,0.00027588160616076607,-0.04217293744923145,-0.06610009304337561,0.14596423909548967,0.1523910130968669,0.12,238.017,2.36,1.0,2.0
2015-11-10,1090.0999755859375,1091.300048828125,1085.0,1088.199951171875,18,27.886372100704946,-14.916401424990454,-5.42612186537786,-9.490279559612594,12.009406670392895,0.07843979704394166,1129.3261675072442,1136.8051265927825,-1,0.13328396890040725,0.00027569330920274027,-0.023335129365832485,-0.06656381403848322,0.14578560904568613,0.15196900716413997,0.12,238.017,2.32,1.0,2.0
2015-11-11,1091.4000244140625,1091.4000244140625,1084.199951171875,1084.699951171875,15,26.96253730583419,-16.473243273207345,-7.635546146943757,-8.837697126263588,12.603244513921968,0.10545214791723156,1125.0760516657806,1134.761786380198,-1,0.11659541391371939,-0.0032163206736325334,-0.019701806442047,-0.08084062908881506,0.1336190300754889,0.1520644280012955,0.12,238.017,2.32,1.0,2.0
2015-11-12,1086.0,1086.5999755859375,1080.800048828125,1080.800048828125,4,25.931669113084922,-17.81636521278506,-9.671709960112018,-8.14465525267304,12.892916645673012,0.1224327141278068,1120.8592894907658,1132.6456398095283,-1,0.03286770747740345,-0.003595374314838584,-0.021369046599268637,-0.09015908189644584,0.1274456195251243,0.150665070471276,0.12,238.017,2.32,1.0,2.0
2015-11-13,1083.0999755859375,1085.9000244140625,1080.800048828125,1080.800048828125,23,25.931669113084922,-18.66563322569891,-11.470494613229397,-7.195138612469515,13.017617258148725,0.15926264274521473,1117.0441237133714,1130.6124793788852,-1,0.2077687443541102,0.0,-0.0062522314366080245,-0.08685360668998132,0.12850562989306602,0.14316774462562168,0.12,238.017,2.28,1.0,2.0
2015-11-16,1092.0,1092.4000244140625,1083.699951171875,1083.699951171875,11,28.295876235524133,-18.88696913744684,-12.953789518072886,-5.933179619373954,13.079109077671431,0.20960546886226905,1113.8684882332288,1128.772772390375,-1,0.10171058714748035,0.0026831071546435936,-0.0038607161944403945,-0.07636588590083271,0.12994386429325283,0.14268840890232015,0.12,238.017,2.27,1.0,2.0
2015-11-17,1075.5,1075.800048828125,1065.0999755859375,1068.699951171875,6,24.024232244806527,-20.041725545369673,-14.371376723532245,-5.670348821837427,13.164162749417205,0.14546305489061936,1109.5667227988142,1126.4169754798456,-1,0.05581395348837209,-0.013841469664900852,-0.017919500895952623,-0.09278442175562396,0.13094658316057192,0.14484163270736292,0.12,238.017,2.25,1.0,2.0
2015-11-18,1064.0,1071.9000244140625,1064.0,1068.800048828125,5,24.106568938490014,-20.71006849586047,-15.639115077997891,-5.070953417862578,13.239214882035514,0.18002249199844497,1105.6841824206533,1124.1574881601703,-1,0.04730368968779565,9.36630119054982e-05,-0.014658341531750052,-0.08461795891031232,0.13118026339056868,0.1426878409362509,0.12,238.017,2.27,1.0,2.0
2015-11-19,1077.4000244140625,1082.4000244140625,1077.4000244140625,1078.0,10,31.458756874628946,-20.263787597253668,-16.564049581849048,-3.6997380154046198,12.922864943221468,0.26576154723946277,1103.0475936186863,1122.3473905852616,-1,0.09633911368015415,0.008607738352895966,-0.002590718635848477,-0.07594717764453685,0.13863418284268114,0.142164228050111,0.12,238.017,2.24,1.0,2.0
2015-11-20,1082.9000244140625,1082.9000244140625,1076.4000244140625,1076.4000244140625,5,30.898151283652126,-19.81084434625768,-17.213408534730775,-2.597435811526907,12.512048638496898,0.276934347404623,1100.5097298849125,1120.545533088352,-1,0.04894762604013705,-0.001484207408105287,-0.00407108088016217,-0.07470129869039643,0.13886043229355524,0.14214973336360548,0.12,238.017,2.26,1.0,2.0
2015-11-23,1070.0,1071.5,1066.800048828125,1066.800048828125,57,27.707662561821365,-19.996019688130218,-17.769930765410663,-2.226088922719555,11.916892629102486,0.22978731450920245,1097.2992840699803,1118.4378670389312,-1,0.5925155925155925,-0.008918594730767726,-0.01559463237538683,-0.0858611406785561,0.13735282236467367,0.1415299082410013,0.12,238.017,2.25,2.0,2.0
2015-11-24,1073.199951171875,1079.4000244140625,1073.199951171875,1074.300048828125,222,33.486131023810785,-19.314934617652852,-18.078931535859102,-1.2360030817937506,10.860371379868065,0.3039615067894083,1095.1088807136132,1116.7069722071349,-1,2.407809110629067,0.007030370881814907,0.005240102846556072,-0.07927665077911361,0.14260706450790506,0.1424760452683637,0.12,238.017,2.24,1.0,2.0
2015-11-25,1070.199951171875,1072.0,1068.5,1070.5,148662,32.08667951782817,-18.864345541685907,-18.236014337024464,-0.6283312046614427,8.828433243330206,0.27352972524932734,1092.7651777885071,1114.894934081365,-1,19.78348382117121,-0.003537232295828474,0.0015905231046151602,-0.09056153070844652,0.13426467805340433,0.14179787899136337,0.12,238.017,2.23,1.0,2.0
2015-11-27,1070.699951171875,1074.199951171875,1051.0999755859375,1056.199951171875,52133,27.439384219768556,-19.43708625145746,-18.476228719911063,-0.9608575315463952,8.017366064605582,0.13777905919585,1089.2827752535898,1112.5931700456986,-1,5.159307843418624,-0.013358289423750613,-0.02022267980345549,-0.079323573808596,0.11441853418900091,0.1437950290113787,0.12,238.017,2.22,1.0,2.0
2015-11-30,1056.5,1068.4000244140625,1052.0999755859375,1065.800048828125,4601,34.317191763431325,-18.898489715293408,-18.560680918987533,-0.33780879630587535,6.813913932475966,0.25353133999376865,1087.0463251178312,1110.7581456842252,-1,0.4457361524861343,0.009089280534049005,-0.009847617377849449,-0.06631620777212,0.12351395163626105,0.14461635899937486,0.12,238.017,2.21,1.0,2.0
2015-12-01,1064.5999755859375,1074.5999755859375,1063.4000244140625,1063.800048828125,3441,33.602595225019456,-18.420689127526202,-18.532682560695267,0.11199343316906507,5.419829983071657,0.2164266067387321,1084.832394042621,1108.9166516898683,-1,0.32817372893479446,-0.001876524590329165,-0.0028121483527259183,-0.06339143943010639,0.12348392005452055,0.14457858801820095,0.24,237.761,2.15,1.0,2.0
2015-12-02,1068.699951171875,1069.5,1049.5999755859375,1054.199951171875,503,30.33706934877955,-18.6022413105145,-18.546594310659117,-0.05564699985538368,5.01591179648261,0.0706082476077836,1081.9150185311214,1106.7708987283784,-1,0.04789928770045328,-0.009024344064305523,-0.01870994763350864,-0.05385029853653667,0.11072851663175377,0.14554175129075872,0.24,237.761,2.18,2.0,2.0
2015-12-03,1054.4000244140625,1064.5999755859375,1046.199951171875,1061.699951171875,1161,35.60233990470117,-17.934201097066534,-18.4241156679406,0.48991457087406687,4.5186724977382795,0.22284544139035609,1079.989774020717,1105.0034105889076,-1,0.1100244498777506,0.007114399874201149,-0.008220503342480145,-0.04048806943346139,0.11484213873773834,0.14288348018204178,0.24,237.761,2.33,1.0,2.0
2015-12-04,1063.0,1088.800048828125,1058.699951171875,1084.5,889,48.37634059540643,-15.387622093436903,-17.81681695303986,2.4291948596029584,3.872634468572992,0.7483251715172087,1080.4193193520773,1104.1993552716956,-1,0.08392770322257834,0.021475039914016225,0.026794215239950958,-0.01801885546373505,0.14157068511988985,0.1490659108259865,0.24,237.761,2.28,1.0,2.0
2015-12-07,1084.9000244140625,1086.5,1067.4000244140625,1076.4000244140625,656,44.9639851724254,-13.86323349524423,-17.026100261480735,3.1628667662365046,3.7083818775871933,0.5700771504789055,1080.0365293579807,1103.1091854341414,-1,0.06176239366935465,-0.0074688571562355754,0.009945557421950246,-0.010297858976910268,0.13348939201520846,0.14942581764771898,0.24,237.761,2.23,1.0,2.0
2015-12-08,1071.0,1078.4000244140625,1069.5999755859375,1076.300048828125,306,44.921866568081725,-12.518901637472936,-16.124660536679176,3.60575889920624,3.5144933924628563,0.5867119577601742,1079.680674069423,1102.0578467437094,-1,0.02876913241322252,-9.287958349124548e-05,0.011750328469875448,-0.010662722056822393,0.13346673962780853,0.14916976829515444,0.24,237.761,2.24,1.0,2.0
2015-12-09,1075.0999755859375,1086.0,1070.5999755859375,1077.5999755859375,386,45.6349471319774,-11.219286775205774,-15.143585784384497,3.924299009178723,3.296896263990591,0.6442331178418409,1079.4825123090911,1101.098714541444,-1,0.036227803431317346,0.0012077735750619656,0.0221969507663613,-0.009740834462014458,0.1335827605320564,0.14897893704291118,0.24,237.761,2.22,1.0,2.0
2015-12-10,1073.0,1076.300048828125,1071.699951171875,1073.0999755859375,226,43.53376394432922,-10.432189241803371,-14.201306475868272,3.7691172340649004,3.130601271817731,0.5351625361429523,1078.8746516687909,1100.000724778483,-1,0.02119011565490115,-0.0041759466424943215,0.010737519957008113,-0.01069417913535009,0.13388744222250715,0.14577685686119946,0.24,237.761,2.24,2.0,2.0
2015-12-11,1067.800048828125,1079.4000244140625,1064.4000244140625,1076.9000244140625,410,45.80311677568067,-9.393494239409165,-13.239744028576451,3.8462497891672864,3.069599686941523,0.6573065422102624,1078.6865919302454,1099.0948149602705,-1,0.03836921478805688,0.0035411880668900775,-0.007007815201417689,-0.0036084606197891445,0.13411751555125656,0.14601824579197287,0.24,237.761,2.13,2.0,2.0
2015-12-14,1074.0,1076.699951171875,1060.0,1064.699951171875,509,40.21507084871795,-9.445878707116208,-12.480970964284403,3.035092257168195,3.0192680011782507,0.30763095671854385,1077.3545309056387,1097.7459967724903,-1,0.04752589881371995,-0.011328881944101976,-0.010869633014507274,-0.014896462739529603,0.13988753256075478,0.14213655373875694,0.24,237.761,2.23,2.0,2.0
2015-12-15,1064.5999755859375,1066.199951171875,1061.800048828125,1062.9000244140625,220,39.4503673701182,-9.52285922851138,-11.889348617129798,2.366489388618419,2.8793325097613804,0.27341700366761285,1075.9779112397744,1096.379488052552,-1,0.020521622327525094,-0.0016905483613777195,-0.012450082510590321,-0.019193437016694737,0.13932541981210192,0.1419768789411653,0.24,237.761,2.28,2.0,2.0
2015-12-16,1064.800048828125,1078.699951171875,1064.300048828125,1078.0,81,48.32744920825084,-8.270092533535262,-11.165497400410892,2.89540486687563,2.9502289988659913,0.7424182235379644,1076.1704911217007,1095.6587238151972,-1,0.007553046162166698,0.014206393112335736,0.00037121791307104246,0.00870220759150131,0.14026207253703324,0.14473791955940266,0.24,237.761,2.3,2.0,2.0
2015-12-17,1072.5999755859375,1072.5999755859375,1050.5,1050.800048828125,56,37.62636967414382,-9.364130771597956,-10.805224074648306,1.4410933030503497,3.3556718580431695,-0.019545368761342167,1073.7542585223125,1093.899560090214,-1,0.005220617710945584,-0.025231865651090035,-0.02078084732565222,-0.016841316595873956,0.16791027543408332,0.15274609847851878,0.24,237.761,2.24,2.0,1.0
2015-12-18,1053.699951171875,1070.300048828125,1052.699951171875,1066.199951171875,253,45.04577853286969,-8.886087258081716,-10.421396711334989,1.535309453253273,3.284122157874849,0.4243628401242639,1073.0348006794136,1092.8133009169458,-1,0.02355931966644473,0.014655406954847683,-0.009935994985244223,-0.01094624195558902,0.1736029757466849,0.15023352511789423,0.24,237.761,2.19,2.0,1.0
2015-12-21,1070.199951171875,1081.9000244140625,1070.199951171875,1081.9000244140625,26,51.39367020077633,-7.157858295031701,-9.768689028074332,2.610830733042631,3.4002816372600915,0.8512741190477288,1073.879107701761,1092.3853292893818,-1,0.002420879151574968,0.014725261640587517,0.016154854917816097,0.005109624558949477,0.18167541296190604,0.15327832720690843,0.24,237.761,2.2,2.0,1.0
2015-12-22,1078.5999755859375,1078.5999755859375,1073.800048828125,1074.800048828125,106,48.65645602568754,-6.288641538300453,-9.072679530119556,2.784037991819103,3.423122000415054,0.6439457629991411,1073.9668163804624,1091.695710447764,-1,0.009867487095467937,-0.006562506170367022,0.011195807828325632,0.00749906227393593,0.18026835309280914,0.15191625491750455,0.24,237.761,2.24,2.0,1.0
2015-12-23,1074.5,1074.800048828125,1069.4000244140625,1069.4000244140625,202,46.622604572079965,-5.966737006504218,-8.45149102539649,2.4847540188922714,3.3993604110641855,0.5031643572901259,1073.531883812234,1090.8213698189913,-1,0.018805829807240243,-0.0050242130338106206,-0.007977713901611727,-0.004561132077958607,0.17945850793614382,0.1519912419628778,0.24,237.761,2.27,2.0,2.0
2015-12-24,1074.300048828125,1077.800048828125,1073.5,1077.199951171875,24,49.881400524095845,-5.024319218787014,-7.766056664074594,2.7417374452875807,3.4583884439775163,0.7049099518960452,1073.881223560771,1090.2871965387124,-1,0.007251960295517382,0.007293740957305728,0.02512362116198208,0.006258711977463749,0.18090697240197937,0.1515898610278921,0.24,237.761,2.25,2.0,2.0
2015-12-28,1077.9000244140625,1098.800048828125,1070.5,1070.5,361,47.214882640714514,-4.763169544471111,-7.165479240153898,2.4023096956827867,3.2589626304362844,0.5047301530810355,1073.559202269269,1089.5112280469982,-1,0.5007976694180482,-0.0062197841399697085,0.004033060424921908,0.013539149298633202,0.1753589988907112,0.15202920390971764,0.24,237.761,2.24,2.0,2.0
2015-12-29,1079.0999755859375,1079.699951171875,1077.5,1077.5,252,50.209643728885936,-3.9458794059676165,-6.521559273316642,2.5756798673490255,3.282703093074202,0.6871704044755782,1073.9345163388625,1089.0401994961355,-1,0.5005959475566151,0.006539000467071565,-0.004066941782763567,0.01097762303983707,0.17398056168676856,0.1464039115329547,0.24,237.761,2.32,2.0,2.0
2015-12-30,1068.5999755859375,1070.199951171875,1059.699951171875,1060.0999755859375,71,43.589478031358,-4.648621223293503,-6.146971663312015,1.4983504400185117,3.3523538250544362,0.20371712966966618,1072.6169410290602,1087.9052887545593,-1,0.212003583159152,-0.01614851453741295,-0.013677030679534519,-0.0034781660766639577,0.18387176565944097,0.1497010053476344,0.24,237.761,2.31,2.0,2.0
2015-12-31,1061.9000244140625,1062.0,1058.5,1060.300048828125,10,43.681429184664296,-5.130266420131875,-5.943630614675987,0.8133641945441124,3.1735705430981342,0.1840280302404153,1071.4439036765903,1086.8227303260717,-1,0.032232070910556,0.00018873054126511413,-0.008509421524394933,0.005786471199765275,0.18084608930444704,0.14860635765931698,0.24,237.761,2.27,2.0,2.0
2016-01-04,1063.4000244140625,1082.5,1063.199951171875,1075.0999755859375,143,50.154076567174805,-4.268538255548492,-5.608612142850489,1.3400738873019966,3.082793361917623,0.6026063884665804,1071.79210100129,1086.3630144539095,-1,0.5513784461152882,0.013958243965158657,-0.0019494761243286085,0.01262129135380663,0.18575516099058956,0.15169731239169543,0.34,237.652,2.24,2.0,2.0
2016-01-05,1075.5999755859375,1081.5,1075.300048828125,1078.4000244140625,82,51.49277344362642,-3.2814990376848527,-5.143189521817362,1.8616904841325095,2.9441344142549317,0.7217571476592627,1072.4214270406017,1086.0507403346999,-1,0.3744292237442922,0.0030695273956511393,0.0073797519047758,-0.005624689336964028,0.16948432460998422,0.15183325822416893,0.34,237.652,2.25,2.0,2.0
2016-01-06,1081.5999755859375,1093.699951171875,1081.5999755859375,1091.9000244140625,52,56.62483471536807,-1.3938586357951408,-4.393323344612918,2.9994647088177775,3.3647175253083192,1.0466269337767982,1074.2765315523598,1086.2801240240867,-1,0.2754237288135593,0.012518545710656026,0.013364291799593975,0.01439985102976693,0.17296775359514502,0.15264281072848151,0.34,237.652,2.18,2.0,2.0
2016-01-07,1091.5999755859375,1109.4000244140625,1091.5999755859375,1107.699951171875,122,61.72834112187317,1.361339353611129,-3.242390804968109,4.603730158579237,4.425248891625843,1.2144934884310081,1077.459714373266,1087.1201172455687,-1,0.6792873051224945,0.01447012217651622,0.04490140239804097,0.02917393005597102,0.17956151139756013,0.15491987182554479,0.34,237.652,2.16,2.0,2.0
2016-01-08,1111.0999755859375,1111.0999755859375,1093.0,1097.800048828125,98,57.18795673372628,2.7147206187030406,-2.050968520233879,4.76568913893692,4.827833092374434,0.9440374323699808,1079.3968890832525,1087.5389380919435,-1,0.5932203389830509,-0.00893735016714281,0.035367347234819047,0.018745428451967028,0.18333473463942304,0.15577291726053752,0.34,237.652,2.13,2.0,2.0
2016-01-11,1105.699951171875,1107.9000244140625,1096.5,1096.5,43,56.59920555716615,3.6404174797798987,-0.9126913202311236,4.553108800011023,5.129839056097908,0.8726888757353852,1081.0257567896094,1087.8903522844164,-1,0.2755527074655559,-0.001184230980416534,0.01990514826530365,0.021806005914113857,0.18253254403671854,0.15332696992071101,0.34,237.652,2.17,2.0,2.0
2016-01-12,1093.800048828125,1098.5,1084.0,1085.5999755859375,87,51.7854153214224,3.454674697111159,-0.03921811676266713,3.493892813873826,5.1871995796273955,0.6654028964605821,1081.461396674974,1087.8005335903583,-1,0.6218727662616154,-0.00994074273968304,0.006676512434045101,0.008078699020003022,0.18639164678644424,0.15348323390069818,0.34,237.652,2.12,2.0,2.0
2016-01-13,1081.5,1093.9000244140625,1081.5,1087.5,50,52.54310700751982,3.4213491118443926,0.6528953289587449,2.768453782885648,5.156332197991922,0.6798963704044362,1082.0365017535478,1087.788747959364,-1,0.4275331338178709,0.0017502067582830794,-0.004029695316128956,0.021414529795957815,0.18112394667068785,0.15356058191926256,0.34,237.652,2.08,2.0,2.0
2016-01-14,1091.5,1091.5,1073.699951171875,1073.9000244140625,59,46.86590053751053,2.2713512520097083,0.9765865135689377,1.2947647384407706,5.0139971475984435,0.4231322827521805,1081.2615991497873,1087.244092134058,-1,0.54178145087236,-0.012505724676724173,-0.030513612212453745,0.010349044827676845,0.18733886369974095,0.1545432013279026,0.34,237.652,2.1,2.0,2.0
2016-01-15,1085.0,1095.800048828125,1081.800048828125,1091.5,44,53.819869037599815,2.7484580894561077,1.3309608287463717,1.417497260709736,5.127260739689888,0.7308833254228966,1082.2366849450457,1087.4109904817421,-1,0.41102288650163477,0.016388839916025022,-0.005738794450638074,0.012523191094619746,0.18954963761387775,0.15839137903000294,0.34,237.652,2.03,2.0,2.0
2016-01-19,1089.800048828125,1094.4000244140625,1084.9000244140625,1089.9000244140625,17,53.139007490847675,2.9633049029423546,1.6574296435855684,1.3058752593567862,4.602309082446531,0.6852769577233886,1082.9665267992377,1087.5085996555586,-1,0.16175071360608945,-0.0014658502848717836,-0.006019129581338323,0.03720971999339229,0.16282851405314758,0.1575995140043631,0.34,237.652,2.06,2.0,2.0
2016-01-20,1099.800048828125,1109.800048828125,1099.800048828125,1107.0999755859375,30,59.12543653780013,4.4699381989805715,2.219931354664569,2.2500068443160024,4.8846983644459625,0.9607836749821943,1085.2649504932092,1088.2768889077304,-1,0.31931878658861096,0.015781219182118944,0.01980471673131312,0.03836055738804789,0.16402091379996248,0.16132003016382612,0.34,237.652,2.01,2.0,2.0
2016-01-21,1103.5999755859375,1103.5999755859375,1094.0999755859375,1099.0999755859375,16,55.56960542012924,4.961232796173135,2.7681916429662827,2.1930411532068526,5.05398403084887,0.7832123522255259,1086.582571930612,1088.7013236794248,-1,0.17121455323702514,-0.0072260863304292045,0.010666644216954069,0.01589791180676814,0.15981568797079743,0.1618029574974772,0.34,237.652,2.02,2.0,2.0
2016-01-22,1098.0,1103.199951171875,1097.199951171875,1097.199951171875,4,54.727767706746945,5.1380430510150745,3.2421619245760414,1.8958811264390332,5.1042684192520715,0.7255867969293105,1087.5937509059704,1089.0346031889328,-1,0.04527447651386531,-0.0017287093588093105,0.021696551101696215,0.02084099490707425,0.1577612830565269,0.161581403301195,0.34,237.652,2.07,2.0,2.0
2016-01-25,1099.300048828125,1109.300048828125,1099.300048828125,1106.199951171875,8,57.97537093839621,5.935965124740051,3.7809225646088436,2.155042560131207,5.200734201195827,0.8477340656576369,1089.3657699789137,1089.7077540902246,-1,0.10171646535282898,0.008202698141198006,0.013467660258245528,0.034411750437331134,0.15798837545450128,0.16267069068011766,0.34,237.652,2.03,2.0,2.0
2016-01-26,1115.0999755859375,1121.699951171875,1114.300048828125,1121.699951171875,181,62.910072693934914,7.729938656863624,4.5707257830598,3.159212873803824,5.832413543419205,1.0184880753253118,1092.4452158068148,1090.962350054211,1,2.092485549132948,0.014011933361215423,0.029176920860157107,0.041310807665363214,0.16278897819911514,0.1643041953865858,0.34,237.652,2.01,2.0,2.0
2016-01-27,1117.800048828125,1117.800048828125,1115.800048828125,1116.0999755859375,168706,60.16145419440338,8.60066130729183,5.376712887906206,3.223948419385624,5.995806478422761,0.8828480960661624,1094.698050071493,1091.9481392907492,1,19.83901220049978,-0.004992400668366814,0.008129347121732744,0.04259689452212756,0.16201511384100017,0.15616320308972007,0.34,237.652,2.02,2.0,2.0
2016-01-28,1125.4000244140625,1125.699951171875,1109.800048828125,1115.5999755859375,52861,59.909767379074,9.144952143869205,6.130360739098806,3.0145914047703988,6.175967775342991,0.8354029145819105,1096.6887096442972,1092.8756622827173,1,4.747624436421116,-0.0004479885412931317,0.01501228311028191,0.035359606112238984,0.16137332656993553,0.15587850949007154,0.34,237.652,2.0,2.0,2.0
2016-01-29,1114.4000244140625,1118.5999755859375,1108.800048828125,1116.4000244140625,6955,60.196708178148114,9.530996413586536,6.810487873996352,2.720508539590184,5.775588181798705,0.8258944731775408,1098.5659777176081,1093.798186287868,1,0.605920685809869,0.0007171466884487998,0.017499156121617343,0.05310824462287811,0.14682583486032172,0.15559447759210834,0.34,237.652,1.94,2.0,2.0
2016-02-01,1116.699951171875,1130.0,1115.300048828125,1127.9000244140625,1682,64.16683949951073,10.64221632389399,7.57683356397588,3.0653827599181103,5.4899975270749,0.976356073426327,1101.3596964506037,1095.135513273209,1,0.1454765611485902,0.010300967169931452,0.019616772916324132,0.06375551492301734,0.14897259174829158,0.1519673895853426,0.38,237.336,1.97,2.0,2.0
2016-02-02,1128.300048828125,1131.4000244140625,1123.0,1127.300048828125,1230,63.809245753875835,11.343690094927297,8.330204870166163,3.0134852247611335,5.523278349212,0.9196148546545423,1103.8302062008438,1096.3968676086959,1,0.1058852393393794,-0.0005319403962680269,0.004992509494539332,0.04855369214731686,0.14384236621259439,0.15124759405598234,0.38,237.336,1.87,2.0,2.0
2016-02-03,1128.5,1146.0,1125.0,1141.300048828125,1630,68.25489481299888,12.880814102489694,9.24032671663087,3.6404873858588243,5.9751035042642116,1.051201424724965,1107.3987626415374,1098.1577766761245,1,0.13939070016034205,0.012419053839795025,0.022578688104493372,0.05832717265398668,0.14814197721077282,0.15316294282822132,0.38,237.336,1.88,2.0,2.0
2016-02-04,1142.5,1157.5999755859375,1141.0,1157.5999755859375,771,72.49174311058111,15.238602691915503,10.439981911687797,4.798620780227706,7.1461053267753645,1.1238571178439227,1112.179830541004,1100.4888433000388,1,0.06573058134479143,0.014281894383995741,0.03764790329790091,0.06017029920585548,0.149758445406125,0.1520333072828952,0.38,237.336,1.87,2.0,2.0
2016-02-05,1155.5999755859375,1174.800048828125,1146.0,1157.800048828125,877,72.54018842032572,16.928173922985934,11.737620313947424,5.19055360903851,8.122695909704394,1.0220647742857638,1116.5246132350155,1102.7363415560421,1,0.07452761643346689,0.00017283452523075837,0.03708350368031477,0.04522894273241351,0.1437250772643224,0.15203566440978775,0.38,237.336,1.86,2.0,2.0
2016-02-08,1173.5,1200.4000244140625,1165.0,1197.9000244140625,931,80.10341345562227,21.257856855346972,13.641667622227335,7.616189233119638,10.4864810008018,1.2025324385144895,1124.2746523949247,1106.4682506877293,1,0.07883750666858609,0.03463462937881623,0.06206223821687096,0.09118233843475587,0.17666852729628718,0.1663894298742558,0.38,237.336,1.75,2.0,2.0
2016-02-09,1188.699951171875,1199.199951171875,1186.699951171875,1198.699951171875,700,80.22044871022655,24.47161562513793,15.807657222809455,8.663958402328474,12.130828266157659,1.0728345243574995,1131.3627760879676,1110.0851801184801,1,0.059111886133618195,0.0006677742228144989,0.06333708795450965,0.09320560982387138,0.17601812512137507,0.16609865285442518,0.38,237.336,1.74,1.0,2.0
2016-02-10,1189.800048828125,1197.699951171875,1182.0999755859375,1194.699951171875,671,77.75739280331376,26.391550665570776,17.92443591136172,8.467114754209057,12.984182774352332,0.9679388749285376,1137.3948880007208,1113.4034064342995,1,0.05652358870033653,-0.0033369484966521146,0.04678866210387045,0.10049740055221745,0.17026953944819448,0.1660643738978973,0.38,237.336,1.71,1.0,2.0
2016-02-11,1205.5999755859375,1260.800048828125,1204.5999755859375,1247.9000244140625,995,84.55128299009651,31.83889535000958,20.707327799091292,11.131567550918287,15.519500059900723,1.145379012690368,1147.9191867067534,1118.6777836099766,1,0.08348436031682105,0.044530070659167365,0.07800626359068308,0.14749427532327597,0.21829963297735044,0.18689002843054706,0.38,237.336,1.63,1.0,2.0
2016-02-12,1247.800048828125,1247.800048828125,1233.5,1239.0999755859375,250,80.18812990474717,35.04192338315238,23.57424691590351,11.467676467248868,16.55273837827755,1.010513384151891,1156.6030713619139,1123.4002225109946,1,0.02095917571753738,-0.007051886093404791,0.07021931536460091,0.15383177895168676,0.2125872274941705,0.1878936936883686,0.38,237.336,1.74,1.0,2.0
2016-02-16,1233.0999755859375,1233.5999755859375,1193.5999755859375,1207.9000244140625,422,66.98920422459281,34.66319512893347,25.792036558509505,8.871158570423962,16.649651522973137,0.8113501730936002,1161.4884954621184,1126.7139402326836,1,0.035323118646337734,-0.025179526903889582,0.008347942062102653,0.10664225782323644,0.2389196677721122,0.19355395581935048,0.38,237.336,1.78,1.0,2.0
2016-02-17,1196.5,1212.9000244140625,1196.5,1211.0999755859375,53,67.57863647517561,34.226715306672986,27.478972308142204,6.747742998530782,16.522669908441763,0.7971017799444626,1166.2133983310537,1130.0231965210467,1,0.004435647541772502,0.002649185451773839,0.010344560706738948,0.1112028153564204,0.23787174951496054,0.19351496606646912,0.38,237.336,1.81,1.0,2.0
2016-02-18,1209.5999755859375,1239.199951171875,1201.5999755859375,1226.0999755859375,315,70.25940969272784,34.691277094854286,28.921433265484623,5.769843829369663,16.82879506838008,0.8365458099533957,1171.916881879138,1133.7909133471207,1,0.026331407936202762,0.012385434978431809,0.026282770316732984,0.10748803416513386,0.23622386967271783,0.19420074218669922,0.38,237.336,1.75,1.0,2.0
2016-02-19,1230.800048828125,1232.800048828125,1221.800048828125,1230.4000244140625,76,70.99969341647527,35.00293165484845,30.137732943357392,4.865198711491061,16.78417302377098,0.823978145667789,1177.4867049777022,1137.5795059379811,1,0.00635138184340501,0.003507094783253839,-0.014023559305735955,0.11946142456979691,0.23180575832119854,0.19407137586163567,0.38,237.336,1.76,1.0,2.0
2016-02-22,1226.0999755859375,1226.0999755859375,1203.0,1209.5,280,62.815539302011096,33.180973232584165,30.74638100120275,2.4345922313814157,16.04933247788621,0.6962930268342722,1180.535590217921,1140.3999174698251,1,0.023372872442548643,-0.016986365409099702,-0.023888286796180824,0.10235148908654423,0.24440761739437364,0.19678775115436137,0.38,237.336,1.77,1.0,2.0
2016-02-23,1207.4000244140625,1226.0999755859375,1207.4000244140625,1222.300048828125,351,65.44281247631939,32.39646869735475,31.07639854043315,1.3200701569215987,15.493525369045031,0.7406473071299723,1184.513157704607,1143.6116873270134,1,0.02925768014103702,0.010582925860376236,0.01192153665287643,0.10495398913483678,0.24497219196404704,0.19729498343166535,0.38,237.336,1.74,1.0,2.0
2016-02-24,1230.0,1250.0999755859375,1230.0,1238.699951171875,111,68.51251336250013,32.72089218353017,31.405297269052554,1.3155949144776145,15.369723874156707,0.799350455025001,1189.6738047014896,1147.3406388503413,1,0.009255128883923174,0.013417247556746226,0.022789180201729042,0.10430596870202802,0.24469743254416185,0.19824256478693694,0.38,237.336,1.75,1.0,2.0
2016-02-25,1239.4000244140625,1241.5,1235.0,1238.199951171875,1349,68.31327351873239,32.562296428442096,31.636697100930462,0.9255993275116339,14.827716423842721,0.771278693319075,1194.295342460574,1150.9037491374602,1,0.3720866087436216,-0.00040364900275247084,0.009868669624722104,0.10939877990933256,0.24274934212524255,0.19556377540993405,0.38,237.336,1.71,1.0,2.0
2016-02-26,1232.4000244140625,1239.0999755859375,1212.199951171875,1219.800048828125,656,61.25384062810002,30.59916171622558,31.429190023989488,-0.8300283077639072,13.730452639508062,0.6478513273879944,1196.7243621146265,1153.605564811604,1,0.6461462693917754,-0.014860202769621855,-0.008615064512035753,0.09340272097752544,0.25250249154653603,0.19838224257395887,0.38,237.336,1.76,2.0,2.0
2016-02-29,1218.5999755859375,1241.0,1218.5999755859375,1233.9000244140625,580,64.29849996477085,29.837169191102475,31.110785857412086,-1.2736166663096107,12.50259630097443,0.716335183906946,1200.2649013812395,1156.7543671489552,1,0.832735104091888,0.011559251534285053,0.020173645650320315,0.10524901238843065,0.2532772150533151,0.19908531993355985,0.38,237.336,1.74,1.0,2.0
2016-03-01,1240.5,1248.4000244140625,1229.0,1230.300048828125,477,62.93864278615396,28.61296424073339,30.61122153407635,-1.9982572933429594,11.269667751747884,0.6748533132775649,1203.1253916142762,1159.6385115285304,1,0.749705304518664,-0.0029175585660977665,0.0065450377815741145,0.09078821012284188,0.2539735497675491,0.19795957767206507,0.36,238.08,1.83,1.0,2.0
2016-03-02,1232.800048828125,1242.5999755859375,1226.0,1241.0999755859375,267,65.30900722748021,28.189288260403828,30.126834879341846,-1.9375466189380184,9.727694527074584,0.7449527893621417,1206.7420186591962,1162.8330787464681,1,0.45400442101683386,0.00877828686433002,0.0019375349226355976,0.10094910124071421,0.25374447271400524,0.19814919211770765,0.36,238.08,1.84,1.0,2.0
2016-03-03,1238.4000244140625,1267.9000244140625,1238.0,1257.4000244140625,123,68.57572659431483,28.8363917349202,29.86874625045752,-1.032354515537321,8.601486627820606,0.8758789708834193,1211.5665906358502,1166.541586419707,1,0.23988298391028767,0.013133550196413157,0.015506439993004273,0.10172607607013395,0.2540344811718702,0.1955491400043927,0.36,238.08,1.83,1.0,2.0
2016-03-04,1263.0,1279.9000244140625,1250.9000244140625,1269.9000244140625,268,70.84319295408378,30.011912784926835,29.897379557351385,0.11453322757544981,8.050765649308365,0.9696384914492777,1217.1221557575848,1170.5948584979171,1,0.549630844954881,0.009941148208443051,0.041072285276647635,0.09701110158652382,0.2523946290518543,0.19501181690016867,0.36,238.08,1.88,1.0,2.0
2016-03-07,1259.800048828125,1272.300048828125,1259.699951171875,1263.199951171875,67,68.01046058926963,30.05641018330539,29.929185682542187,0.12722450076320158,6.830101362014957,0.9085871882280855,1221.5105172256124,1174.226430759641,1,0.14985461865354507,-0.005276063558845023,0.023745786674836955,0.09103463283701818,0.2544108422687384,0.19562591487913328,0.36,238.08,1.91,1.0,2.0
2016-03-08,1268.699951171875,1276.300048828125,1261.0,1262.0999755859375,43,67.53302826288488,29.661002284201913,29.875549002874134,-0.21454671867222075,6.786932096084581,0.8585741726741657,1225.3761799265958,1177.6724521253782,1,0.10677924012912839,-0.0008707850130275085,0.025847293746027455,0.053593747277263404,0.2293156323474921,0.19573856486829272,0.36,238.08,1.83,1.0,2.0
2016-03-09,1254.5,1260.0,1244.800048828125,1256.5999755859375,79,65.07321195926687,28.574446211864824,29.615328444672276,-1.0408822328074514,6.5004320683084105,0.7689301554751219,1228.349874751295,1180.7676491238315,1,0.21256558590071306,-0.004357816422147165,0.012488921364036232,0.04830234985615722,0.23057438050367068,0.19576609721126892,0.36,238.08,1.9,1.0,2.0
2016-03-10,1250.0,1273.0,1237.5,1272.0,119,68.52966901208868,28.62601310318564,29.41746537637495,-0.7914522731893072,6.252791457259248,0.9276164989222015,1232.507029536886,1184.3453883738773,1,0.34587995930824006,0.012255311724705065,0.011611241691156238,0.06470247927297712,0.23206297982923216,0.1967360782603503,0.36,238.08,1.93,0.0,2.0
2016-03-11,1270.0,1280.699951171875,1249.4000244140625,1258.699951171875,87,62.753657271174745,27.279219586128647,28.98981621832569,-1.710596632197042,6.376175227736519,0.7440291098804526,1235.0015935021231,1187.261253581642,1,0.2913108990457057,-0.010456013229658057,-0.008819649599861479,0.008654480764902273,0.18083507734911766,0.19647276026993551,0.36,238.08,1.98,1.0,2.0
2016-03-14,1256.0,1258.0,1234.5,1244.4000244140625,58,57.173932715681616,24.77243028483531,28.146339031627615,-3.3739087467923063,6.384337440031539,0.5596374313640048,1235.896682160403,1189.5019896927174,1,0.20065732572219339,-0.011360870193487305,-0.014882779832576576,0.004277337529297265,0.18386343348766995,0.1984241748782311,0.36,238.08,1.97,1.0,2.0
2016-03-15,1228.300048828125,1236.0,1228.0,1230.4000244140625,37,52.27350233363934,21.409305558353708,26.798932336972836,-5.389626778619128,5.979455492909386,0.359758727897539,1235.373190946466,1191.1058341915937,1,0.13713862120088954,-0.011250401579341096,-0.025116830508738475,0.018627369438885877,0.1632914155201707,0.19898129415579183,0.36,238.08,1.97,1.0,2.0
2016-03-16,1229.5,1263.800048828125,1228.9000244140625,1229.300048828125,45,51.89712870877721,18.44265074803434,25.127676019185138,-6.685025271150799,5.632408686871611,0.3224874702284112,1234.7947964590048,1192.6036465302811,1,0.16703786191536749,-0.0008939983453440936,-0.02172523260243009,0.01502772158292065,0.16327952708872456,0.19052539443123326,0.36,238.08,1.94,1.0,2.0
2016-03-17,1261.5,1270.0999755859375,1255.9000244140625,1264.5,27,61.460082582023276,18.716149200976133,23.845370655543338,-5.129221454567205,5.715673840019531,0.7935336786618331,1237.6238634629092,1195.423111372231,1,0.10588235294117647,0.028634141197204643,-0.005896226415094352,0.03131883629286558,0.18638312250462022,0.19616613449684672,0.36,238.08,1.91,1.0,2.0
2016-03-18,1257.0999755859375,1264.4000244140625,1251.5,1253.800048828125,542,57.70467987715668,17.863581807650235,22.64901288596472,-4.785431078314485,5.66527292385786,0.6275501949894745,1239.1644525453107,1197.712403037168,1,1.9475386273805246,-0.00846180401097274,-0.0038928279445693548,0.019018224926650174,0.18954990560342294,0.19595979970180766,0.36,238.08,1.88,2.0,2.0
2016-03-21,1256.199951171875,1256.199951171875,1243.4000244140625,1243.800048828125,1061,54.36151486317973,16.194321521624033,21.358074613096584,-5.16375309147255,5.0291076011929166,0.45661175379598795,1239.6059379055787,1199.519761695637,1,3.3433118008507954,-0.007975753398116847,-0.00048214044854266724,0.028358866331645416,0.1805643900593056,0.1962618436473809,0.36,238.08,1.92,2.0,2.0
2016-03-22,1244.0,1252.4000244140625,1243.800048828125,1248.199951171875,20,55.580909170297296,15.05293519934844,20.097046730346957,-5.044111530998517,4.697624312108703,0.5065671117611196,1240.4244153595116,1201.428788733921,1,0.06648936170212766,0.0035374675759947127,0.014466780237824883,0.02118947992236553,0.1775556946640106,0.19565336578073342,0.36,238.08,1.94,1.0,2.0
2016-03-23,1247.699951171875,1247.699951171875,1218.5999755859375,1223.699951171875,28,47.905431245927055,12.032727280763766,18.48418284043032,-6.451455559666556,4.95988437205899,0.1222485892917785,1238.8316092464033,1202.3021676530566,1,0.09438732513062532,-0.019628265469004536,-0.004555517313766022,-0.012109470082572682,0.1859439425021142,0.20069173930031678,0.36,238.08,1.88,2.0,1.0
2016-03-24,1214.199951171875,1221.4000244140625,1214.199951171875,1221.4000244140625,13,47.24583838655538,9.345872477480043,16.656520767840266,-7.3106482903602235,5.248721666277102,0.12047627296694546,1237.17145830999,1203.0511032123118,1,0.05655862519034153,-0.0018794858622083188,-0.034084599118969994,-0.013568024083600139,0.1859962491543438,0.2001138535495673,0.36,238.08,1.91,2.0,2.0
2016-03-28,1211.5,1222.199951171875,1210.0,1219.9000244140625,33,46.79331921830638,7.014623016474616,14.728141217567137,-7.713518201092521,5.246111947333987,0.09726926027855246,1235.526559843711,1203.7118452202235,1,0.16607951685958733,-0.0012280988783504032,-0.027037823491670387,8.196063447729607e-05,0.17822855598943277,0.20002932668813955,0.36,238.08,1.89,2.0,2.0
2016-03-29,1217.800048828125,1235.5999755859375,1217.699951171875,1235.5999755859375,189732,51.97782078842674,6.360624552001809,13.054637884454072,-6.694013332452263,5.22648743836865,0.33550392868215373,1235.5335518191612,1204.962360136526,1,19.648519619315888,0.012869867085555597,-0.0065927584179735765,0.0013777057607906595,0.17939103003409157,0.19749498300451193,0.36,238.08,1.81,1.0,2.0
2016-03-30,1241.4000244140625,1245.0,1223.4000244140625,1226.9000244140625,48248,49.121446051021174,5.081733643880625,11.460057036339384,-6.378323392458759,5.285947155021192,0.20783647529796886,1234.7113111139138,1205.8226606964295,1,4.005695380183232,-0.007041074250385471,-0.01706451497439576,-0.0027635733391224715,0.1809041057156464,0.19842341303318461,0.36,238.08,1.83,2.0,2.0
2016-03-31,1225.5999755859375,1239.5999755859375,1224.5,1234.199951171875,3377,51.52841616388595,4.6041724327978955,10.088880115631087,-5.484707682833191,5.34310078373145,0.32573180833053184,1234.662610167053,1206.9354956170353,1,0.27679533783866855,0.005949895356224033,0.008580534787097749,-0.005559604020461739,0.1793443040497639,0.19713382296060858,0.36,238.08,1.78,1.0,2.0
2016-04-01,1232.300048828125,1235.199951171875,1209.199951171875,1222.199951171875,1602,47.54641703898603,3.2202806300088014,8.71516021850663,-5.494879588497829,5.522027560626848,0.18207797282476945,1233.4756902627503,1207.534101717225,1,0.130516607871732,-0.009722897808094988,0.0006549261026880249,-0.027994331603890643,0.17509542861739213,0.19867015699826765,0.37,238.992,1.79,2.0,2.0
2016-04-04,1221.699951171875,1222.300048828125,1215.0,1218.0,2038,46.20070948544231,1.7642977208934099,7.324987718983987,-5.560689998090577,5.474466442995165,0.155030367009355,1232.0018149996313,1207.9445291008633,1,0.1648493868702883,-0.0034363863031151576,-0.0015575246954971922,-0.04086937823157333,0.16999312215847037,0.19779907269668429,0.37,238.992,1.78,2.0,2.0
2016-04-05,1215.4000244140625,1236.699951171875,1215.4000244140625,1228.4000244140625,477,49.9762888482481,1.433095990703805,6.146609373327951,-4.713513382624146,5.306692528615012,0.3281587970276389,1231.6587873248152,1208.7467053876555,1,0.03851961916451996,0.00853860789331895,-0.005827089117949158,-0.027549024780699538,0.17355827754154288,0.19657183578082946,0.37,238.992,1.73,2.0,2.0
2016-04-06,1230.4000244140625,1230.4000244140625,1217.5999755859375,1222.5,248,47.92161617525324,0.6866186591973928,5.05461123050184,-4.367992571304447,5.173823810042306,0.26224946486983464,1230.786521865309,1209.2860502744143,1,0.020010408639978054,-0.004803015546077316,-0.003586294177607363,-0.031376258895459475,0.17396387905347224,0.19578743459816939,0.37,238.992,1.76,2.0,2.0
2016-04-07,1224.800048828125,1242.9000244140625,1224.5999755859375,1236.199951171875,375,52.77657973378298,1.1868206307401579,4.281053110549504,-3.094232479809346,4.985222873512046,0.49180815695204216,1231.3020865611725,1210.3414973684323,1,0.03022158465871772,0.011206504026073594,0.0016204829680157573,-0.01623430272991233,0.17931517952174952,0.1966150965075755,0.37,238.992,1.7,1.0,2.0
2016-04-08,1241.0,1242.800048828125,1232.0,1242.5,409,54.860562846529206,2.067759738542918,3.838394436148187,-1.770634697605269,4.281139009119383,0.6374761381140698,1232.3685545077274,1211.60261511869,1,0.03292320200276104,0.00509630244051773,0.01660943351262678,-0.023191823899371022,0.1741875207226055,0.1951102930153958,0.37,238.992,1.72,1.0,2.0
2016-04-11,1241.5,1258.699951171875,1241.5,1256.699951171875,437,59.22799751955946,3.8671496203210154,3.8441454729827527,0.023004147338262726,4.225960066913167,0.9132483495222761,1234.6858303805034,1213.3711381011678,1,0.03512762904580659,0.01142853213028161,0.03177335892600586,-0.001588941032481972,0.1759321872057368,0.19599782184449244,0.37,238.992,1.73,1.0,2.0
2016-04-12,1260.0,1261.699951171875,1253.699951171875,1259.4000244140625,185,60.020107128231956,5.4482483946485445,4.164966057315911,1.2832823373326336,4.518098857466326,0.9212168711276136,1237.0395631456042,1215.1761924663795,1,0.014863377441410173,0.00214854248993146,0.025236078951387908,0.012054001692151095,0.17084548060465427,0.19349330064970724,0.37,238.992,1.79,1.0,2.0
2016-04-13,1256.5,1256.9000244140625,1241.300048828125,1246.800048828125,203,54.681337172482046,5.619786437255925,4.455930133303914,1.1638563039520111,4.558780981109739,0.6791473485442633,1237.9691332106063,1216.416343696252,1,0.016298675230830992,-0.010004744593997916,0.01987734055470347,0.013329018277508986,0.16973590284452905,0.19310723990980966,0.37,238.992,1.77,1.0,2.0
2016-04-14,1231.4000244140625,1243.699951171875,1224.5,1225.0,264,46.90713553769338,3.9511039551489375,4.354964897672919,-0.4038609425239814,4.6059338349566366,0.2983378649442772,1236.733977666739,1216.752957668948,1,0.021177688022172396,-0.01748479946613335,-0.009059983509348779,-0.003497965230070732,0.18175431748359683,0.19722545100065794,0.37,238.992,1.8,1.0,2.0
2016-04-15,1225.699951171875,1235.0,1225.699951171875,1233.0999755859375,97,49.76495255468408,3.2448567130015817,4.132943260738652,-0.8880865477370703,4.117395636099825,0.4643038045862512,1236.3878822304723,1217.3940171951047,1,0.007779011905096054,0.006612224968112201,-0.007565412003269656,-0.024831968694394968,0.15042708571317578,0.19540015095607677,0.37,238.992,1.76,1.0,2.0
2016-04-18,1238.699951171875,1241.0999755859375,1232.199951171875,1233.5999755859375,304,49.94406461111158,2.694436717438748,3.8452419520786716,-1.1508052346399236,3.8740966432989596,0.4936192460023117,1236.1223673119453,1218.0295449751372,1,0.024402872153834423,0.00040548212626667635,-0.018381456579509514,-0.01611108028035868,0.14804418869641398,0.19451370952422378,0.37,238.992,1.78,1.0,2.0
2016-04-19,1231.5999755859375,1256.199951171875,1228.800048828125,1253.0,386,56.43454982624556,3.7800704437754575,3.832207650418029,-0.0521372066425716,4.046674382301602,0.8730678025670497,1237.7297609012837,1219.400935368269,1,0.031069399056649336,0.015726349544428198,-0.005081804263931233,0.0073966480227614095,0.15631665958403773,0.19635799897784387,0.37,238.992,1.79,0.0,1.0
2016-04-20,1256.0999755859375,1256.0999755859375,1243.0,1253.199951171875,180,56.497160092881906,4.603510973063521,3.986468314947128,0.6170426581163935,4.149663348048875,0.8627582031265321,1239.2031123556258,1220.7263869684105,1,0.014478997409868242,0.0001595779504190986,0.005133062314013559,0.004005768463062109,0.15586938924257024,0.19600606585686348,0.37,238.992,1.85,0.0,1.0
2016-04-21,1247.699951171875,1270.5999755859375,1247.5999755859375,1249.0,124,54.718303482543035,4.861156183460707,4.161405888649844,0.6997502948108636,4.180509553646592,0.7539385033328296,1240.1361492741376,1221.8351561069042,1,0.009970570734766737,-0.0033513815316922324,0.01959183673469389,0.02067504276999954,0.1377156420567125,0.1947436980855162,0.37,238.992,1.88,1.0,2.0
2016-04-22,1248.5,1248.5,1228.0,1228.699951171875,188,47.013303873977605,3.388240060776525,4.00677272307518,-0.6185326622986551,4.077342640074981,0.3503145218172486,1239.0469875501126,1222.1043637565108,1,0.015106043622718526,-0.016253041495696507,-0.0035682625100789123,0.005976687908872735,0.15077881065923945,0.19781301456448275,0.37,238.992,1.89,1.0,2.0
2016-04-25,1231.5999755859375,1240.9000244140625,1231.5999755859375,1238.9000244140625,442,50.76481679463902,3.0093145815742446,3.8072810947749933,-0.7979665132007487,3.891708666754156,0.5354123645596547,1239.032991060965,1222.7630171156304,1,0.03545701038040078,0.008301516763681072,0.0042964080196317145,0.015575046823305128,0.15325100800922428,0.19823315781225576,0.37,238.992,1.91,1.0,2.0
2016-04-26,1239.800048828125,1244.199951171875,1233.0,1242.199951171875,97,51.95008843237497,2.941383482177798,3.6341015722555543,-0.6927180900777561,3.904293310958847,0.5967568674984329,1239.334606309623,1223.5252498237185,1,0.032506157738643786,0.002663594069564512,-0.008619352616221043,0.005341514823847149,0.14680061164425437,0.19823002128177342,0.37,238.992,1.94,1.0,2.0
2016-04-27,1248.5999755859375,1249.5,1248.5999755859375,1249.199951171875,547,54.45483087961278,3.4130456295772547,3.5898903837198946,-0.1768447541426399,3.899809884115061,0.7186120172977479,1240.2741629631707,1224.5321008569795,1,0.9131886477462438,0.005635163641245056,-0.0031918290423325058,0.018175830396989667,0.1452951578534242,0.19761139955086282,0.37,238.992,1.87,1.0,2.0
2016-04-28,1245.9000244140625,1270.0999755859375,1238.5,1265.5,887,59.72024841267923,5.043975188563309,3.8807073446885774,1.1632678438747313,4.308746872583481,0.9733588049961576,1242.676623633345,1226.138685137098,1,1.869336143308746,0.01304839054214968,0.013210568454763871,0.025360598012020397,0.15057298015839024,0.1988910675200819,0.37,238.992,1.84,1.0,2.0
2016-04-29,1267.300048828125,1295.5,1267.199951171875,1289.199951171875,464,65.89418491458521,8.154882199330814,4.735542315617025,3.419339883713789,5.295804548134191,1.1931000545127879,1247.1074167322524,1228.6116759619913,1,1.1111111111111112,0.018727736998715994,0.0492390350811831,0.054819180720600436,0.1565224885929493,0.200679869775886,0.37,238.992,1.83,1.0,1.0
2016-05-02,1292.0999755859375,1304.4000244140625,1290.4000244140625,1294.699951171875,192,67.15246711378366,10.938015815182098,5.976037015530039,4.961978799652059,6.037583524253573,1.1281845358269211,1251.6400390598355,1231.2033730290457,1,0.590224408238549,0.004266211765677319,0.04503989479232029,0.06297204529710587,0.15491347356829907,0.19913826350211916,0.37,239.557,1.88,1.0,1.0
2016-05-03,1292.699951171875,1301.5,1284.5,1290.699951171875,151,65.26655143607276,12.674795533411043,7.31578871910624,5.359006814304803,6.559684114504841,0.9900082189198038,1255.3600306895537,1233.5365721719018,1,0.4886731391585761,-0.0030895189239633636,0.03904363380005438,0.050716318397607596,0.1549725319927083,0.19936930587767762,0.37,239.557,1.81,1.0,1.0
2016-05-04,1286.9000244140625,1290.0,1273.0,1273.300048828125,109,57.67826078424909,12.5030518717424,8.353241349633473,4.149810522108927,6.391341536361653,0.7529152246543391,1257.068603845608,1235.0959241976361,1,0.36086740605859957,-0.013480981639421241,0.01929242603127035,0.04155423217024534,0.16332834794955747,0.1901544060715824,0.37,239.557,1.79,1.0,1.0
2016-05-05,1282.9000244140625,1286.0,1270.800048828125,1271.4000244140625,330,56.900287283715876,12.074441051116764,9.097481289930132,2.9769597611866327,6.378873346329904,0.7073280351629667,1258.4335010426037,1236.5196144022018,1,1.1007338225483656,-0.0014922047759372559,0.004662208150187697,0.028474417272722707,0.16010949225618074,0.19022293941470308,0.37,239.557,1.76,1.0,1.0
2016-05-06,1278.5999755859375,1295.5999755859375,1276.9000244140625,1292.9000244140625,305,62.98444995426599,13.316134099901547,9.941211851924415,3.374922247977132,6.8163122507170675,0.915095793319816,1261.7160270779807,1238.7306108732553,1,1.0353021045485402,0.016910492045891345,0.0028700538181249957,0.04056339993083502,0.16880830023063292,0.19271929271877253,0.37,239.557,1.79,1.0,1.0
2016-05-09,1286.5,1286.5,1262.300048828125,1265.5999755859375,341,52.79346311793249,11.959438045282695,10.34485709059607,1.614580954686625,6.837654125964122,0.5910442788890421,1262.0859269358814,1239.7843114502232,1,1.1766735679779157,-0.021115359511650778,-0.022476231314906725,0.007082059966472709,0.183955941244667,0.17722596896916323,0.37,239.557,1.77,1.0,1.0
2016-05-10,1265.0999755859375,1267.4000244140625,1258.699951171875,1263.9000244140625,23,52.22678828421369,10.624601008206128,10.400805874118083,0.22379513408804463,6.848956089194536,0.5685360723772332,1262.2586981242796,1240.7300256840992,1,0.08164714235001776,-0.001343197854510092,-0.020763870590899014,0.0035731299926673454,0.18392184628326005,0.17660412153935218,0.37,239.557,1.77,1.0,1.0
2016-05-11,1266.9000244140625,1279.199951171875,1266.9000244140625,1274.5999755859375,50,55.46694694209881,10.311267799042753,10.382898259103017,-0.07163046006026441,6.882471254589179,0.6755370358500515,1263.4340578825327,1242.0582590135832,1,0.18244845831052728,0.008465820844362648,0.0010209115746198094,0.022297020908799148,0.1819747220270078,0.1689292649669621,0.37,239.557,1.73,1.0,1.0
2016-05-12,1267.0,1281.199951171875,1264.0,1270.300048828125,101,53.88527685410194,9.605257391820942,10.227370085646603,-0.6221126938256614,6.429568133910821,0.6066346827374639,1264.0879617821129,1243.165780182781,1,0.3798420458819105,-0.003373550007982562,-0.0008651687626358706,0.036979631696428594,0.16907831592172634,0.1691138527725982,0.37,239.557,1.75,2.0,2.0
2016-05-13,1271.4000244140625,1275.699951171875,1264.5999755859375,1271.9000244140625,66,54.40626019596194,9.070287092256649,9.995953486968613,-0.9256663947119641,6.105549201575424,0.6077139364900246,1264.8319677470604,1244.2926132898901,1,0.24966899943257043,0.0012595257218273037,-0.01624255518868689,0.03146545259615974,0.16813788834199303,0.16740813107948416,0.37,239.557,1.71,2.0,2.0
2016-05-16,1272.800048828125,1287.800048828125,1272.800048828125,1273.4000244140625,44,54.92045342945124,8.66744384225899,9.730251558026689,-1.0628077157676987,5.723060588199328,0.6079668849898278,1265.6479731439176,1245.434080392799,1,0.175054704595186,0.0011793379756328548,0.0061631234028065585,0.032263334643161556,0.16809052861166796,0.1673045330408246,0.37,239.557,1.75,2.0,2.0
2016-05-17,1272.5,1281.5999755859375,1270.800048828125,1276.199951171875,16,55.9197744979362,8.476407603228608,9.479482767067074,-1.0030751638384654,5.686174856622895,0.6313353546846179,1266.6529234322945,1246.6405851292334,1,0.0687137642258965,0.0021987801979985733,0.009731724440400047,0.018515523680666446,0.15979517772782212,0.16320731378653394,0.37,239.557,1.76,2.0,2.0
2016-05-18,1276.4000244140625,1276.4000244140625,1256.800048828125,1273.699951171875,17,54.75267240720674,8.030707899108165,9.189727793475292,-1.1590198943671268,5.612869890469917,0.5834053934339982,1267.3240689313022,1247.7017367387489,1,0.07565643079661771,-0.001958940679871013,-0.0007061230435445598,0.016358123841953898,0.1601055028507112,0.16206183313610956,0.37,239.557,1.87,2.0,2.0
2016-05-19,1248.0,1255.5,1247.5,1254.199951171875,69,46.585471850774255,6.03443937993552,8.558670110767338,-2.5242307308318175,5.536082924297915,0.30305911201688834,1266.074152954214,1247.9565686773028,1,0.31088082901554404,-0.015309728152269275,-0.01267424784491089,0.0041632915707565665,0.16971871518382875,0.16319238771019393,0.37,239.557,1.85,2.0,2.0
2016-05-20,1256.5999755859375,1256.5999755859375,1252.4000244140625,1252.4000244140625,44,45.90481063599052,4.258058896998591,7.698547868013589,-3.4404889710149975,4.897344007374936,0.22955885367927698,1264.771854998009,1248.1308218434503,1,0.2048894062863795,-0.0014351194609206752,-0.015331393683228556,0.019288739467746785,0.1582395979995019,0.16322261070664634,0.37,239.557,1.85,2.0,2.0
2016-05-23,1251.5999755859375,1251.5999755859375,1247.5,1251.0999755859375,56,45.388964367059565,2.7140753198384573,6.701653358378563,-3.9875780385401054,4.581834074093825,0.17824549304269804,1263.4697712444784,1248.2472592451165,1,0.2865182911230494,-0.0010380459939173248,-0.01751221014652171,0.009847405707853696,0.1559677843543696,0.1601636383310296,0.37,239.557,1.84,2.0,2.0
2016-05-24,1240.0,1240.0,1228.199951171875,1228.9000244140625,20,37.61562817921092,-0.29746433204445566,5.3018298202939595,-5.599294152338415,5.049627293780998,-0.12812416446056407,1260.1774144034864,1247.4885441537026,1,0.10438413361169102,-0.017744346259361055,-0.037063100272319516,-0.01070675195669224,0.16873152290925808,0.1627938341125297,0.37,239.557,1.86,2.0,2.0
2016-05-25,1219.300048828125,1223.5,1218.5999755859375,1223.5,5,36.00054590379034,-3.084313991683757,3.6246010578984165,-6.708915049582174,5.811855469883008,-0.10214328998666461,1256.6843273174402,1246.5478169319888,1,0.030395136778115502,-0.004394193430533266,-0.03941269772813305,-0.02057312854340565,0.16762761157405084,0.1629330902505719,0.37,239.557,1.87,2.0,2.0
2016-05-26,1232.5999755859375,1232.5999755859375,1220.0999755859375,1220.0999755859375,199778,34.982088062065,-5.503821353586318,1.7989165756014698,-7.302737929187788,6.689814106143525,-0.037404201439185714,1253.2001033430113,1245.5106466831242,1,19.76229220352061,-0.002778932908919063,-0.02718862774159403,-0.03587516745481034,0.15929236634501354,0.16197363742641446,0.37,239.557,1.83,2.0,2.0
2016-05-27,1220.300048828125,1223.199951171875,1206.4000244140625,1213.800048828125,63739,33.11283344106555,-7.839283428593717,-0.12872342523756758,-7.710560003356149,7.367262885643614,-0.016660332289434157,1249.4477171987364,1244.2670938260653,1,4.802227111084323,-0.005163451261268159,-0.030820803923248485,-0.05848580918360413,0.14014271093058045,0.15985876379910025,0.37,239.557,1.85,2.0,2.0
2016-05-31,1212.5,1217.5999755859375,1199.0,1214.800048828125,6432,33.718266008203415,-9.49995276452728,-2.00296929309551,-7.496983471431769,7.663459814847215,0.053550037565652304,1246.1479392586782,1243.1115234339893,1,0.47347034921382725,0.0008238589222051562,-0.02901440929276,-0.06171306507846086,0.1382979766324852,0.1583930408112099,0.37,239.557,1.84,2.0,2.0
2016-06-01,1215.699951171875,1219.800048828125,1205.4000244140625,1211.9000244140625,2717,32.7912914009014,-10.924126382525401,-3.7872007109814882,-7.136925671543913,7.92205692851949,0.07723572896833059,1242.8862330830004,1241.8875430802668,1,0.1981317134710605,-0.0023872442356748236,-0.01383350936794514,-0.06105208781194038,0.13832668744502574,0.15814848690608266,0.38,240.222,1.85,2.0,2.0
2016-06-02,1212.4000244140625,1217.0,1209.5999755859375,1209.800048828125,1627,32.10304165083318,-12.08295987490601,-5.446352543766393,-6.636607331139617,8.370477946436012,0.10913675715381764,1239.7351679158694,1240.6292099723398,-1,0.1179926027993328,-0.0017327960587778524,-0.011197344643951723,-0.049870413543486425,0.13276684547015388,0.15816257920932095,0.38,240.222,1.81,2.0,2.0
2016-06-03,1209.0999755859375,1244.5,1206.4000244140625,1240.0999755859375,1622,48.80093225253361,-10.436092130422594,-6.444300461097633,-3.991791669324961,8.268922194336463,0.41233532604094836,1239.769911503495,1240.608455682677,-1,0.11708148062597447,0.025045400508259652,0.01639209933628205,-0.024618568685768283,0.16442880961897569,0.16632078458851274,0.38,240.222,1.71,2.0,2.0
2016-06-06,1244.4000244140625,1247.300048828125,1240.0,1244.5999755859375,1135,50.7385757477062,-8.667906950209954,-6.889021758920098,-1.7788851912898558,7.6352857009462785,0.47751887518923375,1240.2299176065846,1240.7649858749617,-1,0.08168347115170095,0.0036287396892122903,0.025374794462686534,-0.03735791470033767,0.1514329680904538,0.16451016706529317,0.38,240.222,1.73,2.0,2.0
2016-06-07,1244.0,1244.9000244140625,1236.5,1244.4000244140625,281,50.646856509255905,-7.199747635261929,-6.951166934188464,-0.24858070107346464,7.515010901173477,0.48632689230523296,1240.6270706358682,1240.9075364059067,-1,0.02022732344282002,-0.00016065497010864238,0.024366129730148955,-0.016750909909001854,0.13290423712240854,0.1631449600025172,0.38,240.222,1.72,2.0,2.0
2016-06-08,1247.5999755859375,1264.0,1247.300048828125,1259.800048828125,406,57.08181376891063,-4.73893998356516,-6.508721544063803,1.769781560498643,7.470329738014134,0.6539646919601473,1242.4530685589402,1241.6484192459939,1,0.029185012130469944,0.012375461356418427,0.03952473260921141,-0.0032439081467999786,0.14081278560489122,0.16341153780227585,0.38,240.222,1.71,2.0,2.0
2016-06-09,1262.5,1271.4000244140625,1258.0999755859375,1270.199951171875,381,60.79904853522246,-1.9273299272238091,-5.592443220695805,3.665113293471996,7.3890562485134526,0.7711036124948786,1245.0956288077912,1242.768087164656,1,0.027355361220006032,0.008255200778428451,0.0499255248024304,-0.0034520826128525695,0.14064558808585884,0.16243117895895287,0.38,240.222,1.68,2.0,2.0
2016-06-10,1267.5999755859375,1278.0,1265.300048828125,1273.4000244140625,397,61.892756821224175,0.5527388362634156,-4.363406809303961,4.916145645567377,7.445303553936629,0.8018620113339001,1247.791285532198,1243.9693396058092,1,0.028473885788877253,0.002519346059834948,0.02685271307451731,0.002440349103975281,0.14041967907517922,0.16245376703693945,0.38,240.222,1.64,2.0,2.0
2016-06-13,1276.199951171875,1287.300048828125,1273.0,1284.4000244140625,328,65.46008905345028,3.3670065132262152,-2.817324144797926,6.184330658024141,7.717132281948927,0.898978276590098,1251.2778320923755,1245.5548566571133,1,0.02350294145044677,0.008638291023326694,0.031978185448210183,0.009827816463608086,0.14359108424303688,0.15288554967768225,0.38,240.222,1.62,1.0,2.0
2016-06-14,1281.800048828125,1289.699951171875,1277.800048828125,1285.5999755859375,554,65.83580770630945,5.629269242355576,-1.1280054673672255,6.757274709722802,7.978771006880338,0.8916373669654571,1254.546607663191,1247.1252534778516,1,0.03962463880067519,0.0009342503496310162,0.0331082854094884,0.009580611699366637,0.1435781176093535,0.15179585456399994,0.38,240.222,1.62,2.0,2.0
2016-06-15,1284.5999755859375,1296.199951171875,1278.800048828125,1285.800048828125,162,65.90240788178873,7.353506348687233,0.5682968958436662,6.785209452843567,8.184188810809836,0.8789179462192342,1257.5231258693752,1248.6419121190388,1,0.01158094148765057,0.00015562635811061654,0.020638195739224985,0.007522408731825081,0.14343661186837792,0.15077913157623854,0.38,240.222,1.6,2.0,2.0
2016-06-16,1296.300048828125,1316.4000244140625,1281.0999755859375,1296.0999755859375,251,69.2281435175113,9.442250303288802,2.3430875773326933,7.099162725956108,8.68452929494186,0.9414493791758046,1261.1971115566669,1250.5030126471524,1,0.017928315309781288,0.008010519806092686,0.02039050969114542,0.017586578686332954,0.14561271227288206,0.15142835439343014,0.38,240.222,1.57,2.0,2.0
2016-06-17,1280.300048828125,1300.0999755859375,1280.300048828125,1292.5,129,66.77660647446145,10.683949077921397,4.011259877450434,6.6726892004709635,9.200988891518472,0.8680871400035036,1264.1783390274604,1252.1499533276562,1,0.009212180073126143,-0.0027775446753712796,0.014999195240887664,0.0305374344755307,0.13322982083620077,0.1455097930407096,0.38,240.222,1.62,2.0,2.0
2016-06-20,1288.9000244140625,1291.199951171875,1280.300048828125,1290.0,153,65.05373396874981,11.335605393340984,5.476128980628544,5.85947641271244,9.597808645906367,0.8158899521953739,1266.637544834369,1253.6342688834345,1,0.010921823302031244,-0.0019342359767892114,0.004359993366157333,0.030022336995345178,0.13338788326009388,0.14551433344033537,0.38,240.222,1.67,2.0,2.0
2016-06-21,1293.9000244140625,1293.9000244140625,1266.300048828125,1270.5,134,53.466279382597534,10.161426091822705,6.413188402867377,3.748237688955328,9.675295862925806,0.6442682528415198,1267.0053977072862,1254.295670103692,1,0.009562856153947712,-0.015116279069767424,-0.01174546972051349,0.015506374224790953,0.14587111908984604,0.1491773719385524,0.38,240.222,1.71,2.0,2.0
2016-06-22,1267.0,1269.199951171875,1264.9000244140625,1268.0,53,52.18296042429149,8.9262551166521,6.9158017456243215,2.010453371027779,9.545695586936029,0.6088106872799769,1267.1001217351636,1254.833094805508,1,0.0037818783804997786,-0.001967729240456517,-0.013843558992199356,0.03181705167967608,0.12878233711800557,0.1471118389868384,0.38,240.222,1.69,2.0,2.0
2016-06-23,1263.4000244140625,1270.5,1255.199951171875,1261.199951171875,218,48.75503898242315,7.314350826549571,6.995511561809372,0.3188392647401992,9.255821532407642,0.5373925728957879,1266.5382007291362,1255.0827754473262,1,0.015543838258519698,-0.005362814533221627,-0.026926953993873015,0.030813200794340023,0.1294255449068742,0.146784587527901,0.38,240.222,1.74,2.0,2.0
2016-06-24,1253.699951171875,1355.5999755859375,1253.699951171875,1320.0,694,68.20479381707094,10.658710610319076,7.728151371511314,2.9305592388077626,9.78453512677909,0.9710215691850101,1271.6298006596946,1257.6285489591958,1,0.17048874258410818,0.0466223050306096,0.02127659574468077,0.08187855619461581,0.201722799128783,0.17319612409966234,0.38,240.222,1.57,1.0,1.0
2016-06-27,1330.0,1331.699951171875,1320.0,1322.5,92,68.74790544275541,13.356898923981134,8.853900882005279,4.5029980419758555,9.939958543744822,0.9383683675868849,1276.4745815492474,1260.1725274313842,1,0.10356861420691209,0.0018939393939394478,0.025193798449612448,0.08955342461620464,0.1990304767880487,0.17170665027562515,0.38,240.222,1.46,1.0,1.0
2016-06-28,1314.800048828125,1315.5999755859375,1314.0999755859375,1315.300048828125,1072,65.28897725895852,14.744293675401423,10.031979440684507,4.712314234716915,9.659862135374016,0.8498293421255219,1280.1722450996167,1262.3343910155702,1,1.7281960341770113,-0.005444197483459368,0.0352617464211924,0.08272966410970173,0.20171241906649853,0.1719947880674379,0.38,240.222,1.46,1.0,1.0
2016-06-29,1311.5999755859375,1327.4000244140625,1311.5999755859375,1323.9000244140625,414,67.39890057270746,16.349295664989086,11.295442685545424,5.053852979443661,9.197314537982656,0.8913372577695269,1284.3367955105164,1264.748729580217,1,0.8195585469662476,0.0065384134924952875,0.04408519275556988,0.09241686421629591,0.2004590273949184,0.17168661694813447,0.38,240.222,1.5,1.0,1.0
2016-06-30,1315.800048828125,1323.5,1314.5,1318.4000244140625,560,64.6906375110913,16.981712657800017,12.432696679996344,4.549015977803673,8.151504221784826,0.8351940511526581,1287.5809125489493,1266.8527019266423,1,1.2394864984506417,-0.004154392249093086,0.04535369129140765,0.08976687981715092,0.2016299027783769,0.17159351895918434,0.38,240.222,1.49,1.0,1.0
2016-07-01,1324.5,1344.199951171875,1321.9000244140625,1336.699951171875,137,69.13469754030419,18.74349548290138,13.694856440577352,5.048639042324028,8.271513804340728,0.955510172877051,1292.2589162273232,1269.591809740181,1,0.36286584558336643,0.013880405354168346,0.012651478160511376,0.07789692564125295,0.19033700766170886,0.17232709415668515,0.39,240.101,1.46,1.0,0.0
2016-07-05,1342.199951171875,1356.800048828125,1339.699951171875,1356.4000244140625,90,73.06487537617168,21.481724388179146,15.252230030097712,6.229494358081434,8.833087008256928,1.048178499460391,1298.3675931974888,1272.9960534528823,1,0.27666769136181985,0.014737842419247915,0.025633288781899743,0.08982809820118409,0.19421001462818113,0.17432084919325452,0.39,240.101,1.37,1.0,0.0
2016-07-06,1359.0,1374.9000244140625,1359.0,1364.9000244140625,130,74.56951363169755,24.060317127206872,17.013847449519545,7.046469677687327,9.289639904087101,1.039319087096562,1304.7040152181148,1276.6001307454776,1,0.4091266719118804,0.006266587914337318,0.03771000816895653,0.09683381359361398,0.19358849933697167,0.1733923802639374,0.39,240.101,1.38,1.0,0.0
2016-07-07,1366.800048828125,1368.5999755859375,1350.5,1360.0999755859375,207,72.11945237096839,25.423480567481192,18.695774073111878,6.727706494369315,9.636292754424707,0.939857423088048,1309.9798209674314,1279.8746344647113,1,0.672514619883041,-0.00351677686443419,0.027343417557452288,0.07961575080991001,0.1934123221969608,0.17367391792477227,0.39,240.101,1.4,1.0,0.0
2016-07-08,1361.300048828125,1365.800048828125,1335.0,1356.5999755859375,249,70.30555648563026,25.92255755838005,20.141130770165514,5.781426788214535,9.871425549852193,0.8674502290202567,1314.4198356930033,1282.8834713714261,1,0.8266932270916335,-0.002573340241765809,0.028974476990663245,0.06802080596393556,0.19395800298279334,0.17225928881530733,0.39,240.101,1.37,1.0,0.0
2016-07-11,1371.699951171875,1371.800048828125,1353.0,1355.0,26,69.44568177548285,25.89052515341541,21.291009646815496,4.599515506599914,9.957200537407052,0.8197140634975352,1318.2846132460506,1285.711570533331,1,0.09198655581107378,-0.0011794011607927368,0.013690468689014024,0.06408039423706202,0.19459640626594213,0.16772942449055925,0.39,240.101,1.43,1.0,0.0
2016-07-12,1353.5999755859375,1356.0,1330.300048828125,1334.0999755859375,252,59.25128725005578,23.903141405344968,21.813435998521392,2.089705406823576,9.817770613456924,0.6426021014967882,1319.7908382308017,1287.609155045198,1,0.9037116729424421,-0.015424372261300778,-0.01644061370299532,0.038695071805645576,0.20419067884830375,0.1710633877871143,0.39,240.101,1.53,1.0,0.0
2016-07-13,1341.5,1342.4000244140625,1336.699951171875,1342.4000244140625,7,61.6584444703229,22.735786051631976,21.99790600914351,0.7378800424884666,9.713563117547789,0.6864530343797239,1321.944094057779,1289.757816589075,1,0.027833001988071572,0.0062214593958593856,-0.016484723860752393,0.04418174386028384,0.20471632565220987,0.17134443729472446,0.39,240.101,1.48,1.0,0.0
2016-07-14,1341.4000244140625,1341.4000244140625,1322.699951171875,1331.300048828125,20,56.823981043921165,20.676625986435965,21.733650004602,-1.057024018166036,9.454802031408226,0.5841221121496583,1322.8351373692406,1291.3869237357044,1,0.0818330605564648,-0.008268754010774426,-0.021174860138796325,0.03538652844310319,0.20799141232385682,0.16988354551492696,0.39,240.101,1.53,1.0,0.0
2016-07-15,1333.699951171875,1333.699951171875,1322.9000244140625,1326.5,52,54.822182579861256,18.444782997654784,21.07587660321256,-2.6310936055577763,9.29167136053479,0.5340617096781128,1323.1841719055033,1292.763907118618,1,0.2217956920452122,-0.0036055349298230732,-0.022187804900215213,0.02345499960396147,0.2074479707878253,0.17013986119835975,0.39,240.101,1.6,1.0,0.0
2016-07-18,1327.5,1335.0,1326.199951171875,1328.4000244140625,54,55.490586178136425,16.637560005313844,20.18821328363282,-3.5506532783189755,9.05096834581839,0.5357964764821029,1323.6809197634614,1294.1614019145177,1,0.23407022106631992,0.0014323591511966605,-0.019630978292204837,0.027775647515715596,0.20692490690425666,0.1699052806578493,0.39,240.101,1.59,1.0,0.0
2016-07-19,1328.5,1333.199951171875,1326.4000244140625,1331.5,322,56.61831258375719,15.279334231784787,19.206437473263215,-3.9271032414784273,8.730881031410242,0.5459029700475428,1324.425594071703,1295.625660662968,1,1.3464352916579552,0.0023336160260196692,-0.0019488611299880443,0.03217054263565888,0.20657476958423976,0.1659967831297396,0.39,240.101,1.56,1.0,0.0
2016-07-20,1331.0,1337.5,1315.5,1318.800048828125,751,50.92563262519445,13.02797224471874,17.97074442755432,-4.942772182835579,7.849627234744563,0.406031801940528,1323.8898278580289,1296.5344601988566,1,2.7814814814814817,-0.009538078236481451,-0.01758043441353374,0.038016567357831654,0.2013849699315333,0.16684376574904491,0.39,240.101,1.59,1.0,0.0
2016-07-21,1312.800048828125,1330.5,1312.800048828125,1330.5,318,55.37692408301026,12.048947166058952,16.786384975255245,-4.737437809196294,6.625518875828412,0.48611634534882553,1324.5193680620262,1297.8664421518426,1,1.1226831421006178,0.008871664193727868,-0.0006009530524911932,0.0492902208201893,0.20230473745426425,0.1675774323184182,0.39,240.101,1.57,1.0,0.0
2016-07-22,1330.699951171875,1330.699951171875,1320.4000244140625,1323.0999755859375,55,52.15468028870171,10.554279448425405,15.539963869889279,-4.9856844214638745,4.564624195616129,0.3076460751526704,1324.3841878262083,1298.8559924825915,1,0.19992729916394036,-0.005561837214627996,-0.0025631544772427572,0.04908026229825535,0.20240806764614921,0.1678711778869399,0.39,240.101,1.57,1.0,0.0
2016-07-25,1315.699951171875,1319.300048828125,1313.800048828125,1319.300048828125,548,50.52877554682514,8.959838737993323,14.223938843510089,-5.264100105516766,4.575164822444639,0.24643339897655434,1323.8999841121051,1299.6577201824164,1,2.0463032113517547,-0.002871987625976402,-0.006850327776794063,-0.0005302660392992875,0.12272183591708138,0.16616251347657462,0.39,240.101,1.58,1.0,1.0
2016-07-26,1315.199951171875,1320.699951171875,1315.199951171875,1320.699951171875,63,51.13317371928054,7.720199750255915,12.923191024859255,-5.20299127460334,4.598629845368853,0.2719846126578006,1323.5952190701785,1300.4829057114148,1,0.23653088042049933,0.0010610947411042737,-0.00811118950666545,-0.0013610955222117527,0.12258481846066417,0.16194521112652713,0.39,240.101,1.57,1.0,1.0
2016-07-27,1326.0,1326.5999755859375,1326.0,1326.5999755859375,215388,53.70053623118862,7.131650356993532,11.764882891286112,-4.6332325342925795,4.439260175209482,0.35390247428321897,1323.8813863573937,1301.5071045300235,1,19.61255309752644,0.00446734658302006,0.005914411941934317,0.008591139921176438,0.12185235005683835,0.16196608981656038,0.39,240.101,1.52,1.0,1.0
2016-07-28,1339.5,1344.300048828125,1330.0999755859375,1332.300048828125,56908,56.10018176469191,7.043970488635068,10.820700410755904,-3.776729922120836,4.374862752854284,0.44215788080117935,1324.6831637355585,1302.7146709730864,1,4.121722188623763,0.00429675361607762,0.0013529115581547568,0.0063449084214499685,0.12062539887799363,0.16199128479211955,0.39,240.101,1.52,1.0,1.0
2016-07-29,1333.199951171875,1353.300048828125,1325.800048828125,1349.0,6076,62.27006125752422,8.227192104188816,10.301998749442488,-2.0748066452536715,4.282996406962612,0.7058573336184778,1326.9990529036006,1304.5297819153184,1,0.43145288706315926,0.012534677294776086,0.0195752587801179,0.023209932508562403,0.1267126128890311,0.16109414608454645,0.39,240.101,1.46,1.0,0.0
2016-08-01,1348.800048828125,1353.5,1345.5999755859375,1351.4000244140625,1257,63.073290861991424,9.251915350497256,10.091982069653442,-0.8400667191561855,4.378850277183465,0.7296602823952434,1329.322954952216,1306.3678306407594,1,0.08890523494110117,0.0017791137242864075,0.0243310652602875,0.010997287184233207,0.11767521912581215,0.16102061702418027,0.4,240.545,1.51,1.0,0.0
2016-08-02,1352.0999755859375,1366.0,1346.5999755859375,1364.4000244140625,2941,67.15243593570514,10.986363303012467,10.270858316325247,0.7155049866872201,4.555573837086844,0.9273465371101407,1332.6636282342965,1308.643602945595,1,0.2059350754838529,0.00961965351868077,0.033088570347422186,0.0058979650958468355,0.11081774415067802,0.1586722234103288,0.4,240.545,1.55,0.0,0.0
2016-08-03,1362.4000244140625,1364.699951171875,1353.300048828125,1356.0999755859375,715,62.41199653025677,11.557948392876142,10.528276331635427,1.0296720612407153,4.359688788916296,0.8119396592999096,1334.8956613154053,1310.504637166785,1,0.04996348822014681,-0.006083295719442328,0.022237298765945157,-0.006447394439679011,0.11068868521529286,0.152503221710918,0.4,240.545,1.55,0.0,0.0
2016-08-04,1354.4000244140625,1361.5999755859375,1347.0,1358.800048828125,381,63.31913987823647,12.089447415446557,10.840510548397653,1.2489368670489043,4.331049355168736,0.8617385560027672,1337.17226964995,1312.3985748789944,1,0.02660772462052566,0.001991057658577766,0.019890414342706775,-0.0009557582392076824,0.11030405809359109,0.15242325344188007,0.4,240.545,1.51,0.0,0.0
2016-08-05,1357.5999755859375,1360.800048828125,1333.699951171875,1336.4000244140625,1107,52.08803960746406,10.581196013598628,10.788647641437848,-0.20745162783921955,4.138702323298264,0.49222832705239483,1337.0987224846274,1313.3398081940952,1,0.07707813299633409,-0.016485151316693702,-0.009340233940650533,-0.014890130867907692,0.12487999140410198,0.15595841965259652,0.4,240.545,1.59,1.0,0.0
2016-08-08,1330.0,1335.4000244140625,1327.800048828125,1333.4000244140625,587,50.788731611247925,9.039617895186666,10.438841692187612,-1.3992237970009462,3.9527741311367897,0.45549196500461137,1336.746465525526,1314.1264833399764,1,0.04079193334306224,-0.0022448368341771996,-0.013319520256634854,-0.015940941391835772,0.12498614965141171,0.1558464161525814,0.4,240.545,1.59,1.0,0.0
2016-08-09,1331.800048828125,1339.4000244140625,1328.5,1339.0,620,53.13857620131653,8.17553488168869,9.986180330087828,-1.8106454483991374,3.9558123262556957,0.5568593668264397,1336.9610878564283,1315.1019153658597,1,0.043030155810806124,0.004199771623971893,-0.01861625913189968,0.003672906456587244,0.11319011571149457,0.15599842243824483,0.4,240.545,1.55,1.0,0.0
2016-08-10,1344.800048828125,1354.199951171875,1344.300048828125,1344.300048828125,110,55.31342978789344,7.828174194933354,9.554579103056934,-1.7264049081235804,3.9712304181659634,0.6547334327774359,1337.6600365203994,1316.2469402075171,1,0.007631654716189168,0.003958214210698197,-0.00870136934610155,0.0014153936080951723,0.1118766022552057,0.15612621189996578,0.4,240.545,1.5,1.0,0.0
2016-08-11,1341.5999755859375,1350.4000244140625,1334.800048828125,1342.5,666,54.39016970781146,7.323221907682637,9.108307663982075,-1.7850857562994378,3.9762569636083627,0.6100684397979746,1338.1209854232186,1317.2764719640852,1,0.04610288696831984,-0.0013390231070021796,-0.011995914220184756,0.008412792579504336,0.1076131121415798,0.1561692912180372,0.4,240.545,1.57,1.0,0.0
2016-08-12,1336.800048828125,1351.800048828125,1333.199951171875,1335.800048828125,113,50.97934238269686,6.309679459143581,8.548582023014376,-2.238902563870795,3.914399434841414,0.4748764758672296,1337.8999438427336,1318.0028867430672,1,0.007820610422866634,-0.004990652641992499,-0.00044894909830650587,0.007010967831228898,0.10841452338617917,0.15652673004210677,0.4,240.545,1.51,1.0,0.0
2016-08-15,1336.5,1340.5999755859375,1333.5999755859375,1340.300048828125,62,53.106396250173034,5.8026626751413914,7.999398153439779,-2.196735478298388,3.8707939644187355,0.5500199503906702,1338.1285252699138,1318.8772852562067,1,0.004290835605630683,0.0033687676564675417,0.005174759477820201,0.00895816335091637,0.10888605967717803,0.15290445350111165,0.4,240.545,1.55,1.0,0.0
2016-08-16,1342.199951171875,1355.0,1341.0,1350.5,338,57.59757473866959,6.152971411640692,7.630112805079962,-1.47714139343927,3.9292908639759836,0.7250954156340587,1339.3067609584934,1320.1173917167478,1,0.02339067971377559,0.007610199806224793,0.008588498879761097,0.014269620728501797,0.1116515103024492,0.15338001351112207,0.4,240.545,1.57,1.0,0.0
2016-08-17,1345.5,1347.300048828125,1338.5999755859375,1342.699951171875,135,53.38677754166534,5.735084373758355,7.251107118815641,-1.5160227450572865,3.6877650752487843,0.5575774050718925,1339.6299219311963,1321.0029822836154,1,0.00936238678447092,-0.0057756748079415,-0.0011902831199365194,0.018122460918156058,0.10775926353627957,0.15399208060331507,0.4,240.545,1.56,1.0,0.0
2016-08-18,1351.300048828125,1354.4000244140625,1348.199951171875,1351.199951171875,140,57.069994956853584,6.020385590531305,7.004962813158774,-0.9845772226274692,3.6968333615570357,0.707985576856246,1340.7318294779277,1322.1871771419785,1,0.009715138267235697,0.006330528270729108,0.006480410556331417,0.015558024180289287,0.10564748256670234,0.1490946991197877,0.4,240.545,1.53,1.0,0.0
2016-08-19,1350.0999755859375,1350.0999755859375,1338.5999755859375,1340.4000244140625,197,51.50165223269081,5.313771183214158,6.666724487169851,-1.3529533039556938,3.4895800085831303,0.4710606611274638,1340.700228995655,1322.9014064467663,1,0.013663855287981357,-0.007992841287809305,0.003443610883210324,0.01307539048246431,0.10793101597597092,0.14989808345416922,0.4,240.545,1.58,1.0,0.0
2016-08-22,1334.4000244140625,1337.699951171875,1333.300048828125,1337.699951171875,117,50.18334348275858,4.484209651800029,6.2302215200958875,-1.7460118682958585,3.149728124547882,0.38236030025530093,1340.414488250533,1323.4817415340256,1,0.008127229344160377,-0.002014378687711371,-0.0019399370003182481,0.01394671542693704,0.10760118330964599,0.1498123059588105,0.4,240.545,1.55,0.0,1.0
2016-08-23,1337.0,1341.199951171875,1334.300048828125,1340.5999755859375,551,51.6158925270592,4.014507155639649,5.78707864720464,-1.7725714915649915,2.77447000214457,0.41764874755531395,1340.4321537110477,1324.153044830179,1,0.03820962591319966,0.002167918456991824,-0.007330636367317678,0.01506778613598403,0.10772273735430056,0.1491618627210371,0.4,240.545,1.55,0.0,1.0
2016-08-24,1337.199951171875,1337.199951171875,1322.9000244140625,1324.4000244140625,262,44.00353429485376,2.308453457978203,5.091353609359353,-2.78290015138115,2.837635308390868,-0.0025526003332124016,1338.9052842541919,1324.1627303040568,1,0.07150362294120055,-0.012084105226687347,-0.013629200434423727,-0.001658338016253369,0.11596376543023379,0.15182005720620007,0.4,240.545,1.56,0.0,1.0
2016-08-25,1321.4000244140625,1324.0,1317.0,1320.0999755859375,58,42.22347639615259,0.6024707004958145,4.193577027586645,-3.5911063270908308,3.147287256259262,-0.040618067382526823,1337.114302476263,1324.003406589621,1,0.07058966713320758,-0.003246790055011828,-0.02301656062003621,-0.009157151388621942,0.11528119214634523,0.151923171689829,0.4,240.545,1.58,0.0,1.0
2016-08-26,1323.800048828125,1340.5,1320.0999755859375,1321.5,141,43.0315077254539,-0.6293083807461244,3.2289999459200915,-3.858308326666216,3.4117544102991824,0.06140571771831421,1335.6272260499522,1323.9052337821847,1,0.2686225947799581,0.0010605442314632896,-0.014100286533734074,-0.02038547071905117,0.10498288670021397,0.15178282091089013,0.4,240.545,1.62,0.0,1.0
2016-08-29,1315.0,1323.0,1315.0,1322.9000244140625,437,43.8767942510082,-1.475522996771133,2.2880953573818466,-3.7636183541529795,3.5506935016837367,0.13748828955905423,1334.415111608439,1323.8658138069643,1,0.9030791485844183,0.0010594206689840124,-0.011063711817322908,-0.02108924040633864,0.10475875084038717,0.143829805366949,0.4,240.545,1.57,0.0,1.0
2016-08-30,1322.0,1322.0999755859375,1308.0,1311.699951171875,705,38.90366573411087,-3.0151497152926368,1.22744634284695,-4.242596058139586,3.609152165766303,-0.03477258738380556,1332.251762995433,1323.388721154608,1,1.8946519752754634,-0.008466303602306047,-0.02155753016587303,-0.038625089635878185,0.09994926224587093,0.14505462847168668,0.4,240.545,1.57,0.0,1.0
2016-08-31,1310.300048828125,1313.699951171875,1306.300048828125,1306.9000244140625,214,36.96974072735654,-4.569949424554807,0.06796718936659871,-4.637916613921405,3.8970968299164737,-0.041146525688019735,1329.8373117019692,1322.7421055961552,1,0.6166258464198242,-0.003659317630929415,-0.013213530411812169,-0.03628047493372821,0.0989828700260565,0.14533915516300686,0.4,240.545,1.58,0.0,1.0
2016-09-01,1305.300048828125,1313.0999755859375,1301.5,1312.199951171875,225,40.48758506697229,-5.313231969085109,-1.008272642323743,-4.304959326761367,3.8163678196053263,0.09645364466656421,1328.1575630800555,1322.3286877755952,1,0.6632277081798084,0.004055342152272656,-0.005984413726358828,-0.034295036783697164,0.10030174820208158,0.1435270738056517,0.4,241.176,1.57,0.0,1.0
2016-09-02,1309.5999755859375,1326.699951171875,1309.199951171875,1322.0999755859375,55,46.494817744282805,-5.045280653631153,-1.815674244585225,-3.2296064090459278,3.8707008131646634,0.3077893137813392,1327.5806499853777,1322.3197186701184,1,0.19187162044304903,0.007544600504840071,0.00045401103741005144,-0.010700425446635853,0.0887459600932032,0.1433760273471206,0.4,241.176,1.6,0.0,1.0
2016-09-06,1323.300048828125,1349.4000244140625,1323.199951171875,1349.4000244140625,46,58.834677934047065,-2.6000695380989782,-1.9725533032879758,-0.6275162348110024,4.032359735549001,0.808687879740073,1329.6586856452525,1323.3816914443908,1,0.17719568567026192,0.02064900486517751,0.02003174806179131,0.011999399810293854,0.11546349094371285,0.14895918312127848,0.4,241.176,1.55,0.0,1.0
2016-09-07,1348.4000244140625,1350.5,1343.9000244140625,1344.300048828125,14,56.225882482268474,-1.0615110807841575,-1.7903448587872122,0.7288337780030547,4.082765587501338,0.7062429962394552,1331.0531011864784,1324.2020191849294,1,0.061055385957261225,-0.0037794393757715206,0.02485331925729284,0.003958214210698197,0.11564183614380286,0.14840960630146546,0.4,241.176,1.54,0.0,1.0
2016-09-08,1344.800048828125,1345.4000244140625,1335.699951171875,1336.800048828125,30,52.53656387327348,-0.4422813939329444,-1.5207321658163586,1.0784507718834142,4.020030243583876,0.5765292241901363,1331.6004295333018,1324.696059563094,1,0.13315579227696403,-0.00557911160275415,0.022878585856227263,-0.00557911160275415,0.11649375909059205,0.14897890085114798,0.4,241.176,1.61,0.0,1.0
2016-09-09,1338.5,1338.5,1328.0,1330.0999755859375,35,49.417031440453236,-0.48656846322501224,-1.3138994252980893,0.8273309620730771,3.9671794963939493,0.462532206382897,1331.4575291573624,1324.9079778384996,1,0.18064516129032257,-0.005012023487028561,0.013641232342736176,-0.00923651725442276,0.1176668640914576,0.14943003716127748,0.4,241.176,1.67,0.0,1.0
2016-09-12,1327.0,1329.300048828125,1319.9000244140625,1321.0,177,45.468096539348274,-1.2416453481498593,-1.2994486098684435,0.05780326171858419,4.024701862930529,0.3070264924273412,1330.4615739995184,1324.7547238056172,1,0.8987052551408987,-0.006841572628349835,-0.0008319912308069055,-0.011079539068073019,0.11879967972697128,0.1493808512100417,0.4,241.176,1.68,0.0,1.0
2016-09-13,1324.5999755859375,1324.5999755859375,1315.0,1319.0,79,44.62408745479681,-1.9786241571575829,-1.4352837193262715,-0.5433404378313114,4.055500061623798,0.2910076084715468,1329.3699955233737,1324.5290483622598,1,0.3993933265925177,-0.0015140045420136694,-0.02252854888398481,-0.015892000337348722,0.11792341525459701,0.1492911797150953,0.4,241.176,1.73,0.0,1.0
2016-09-14,1319.199951171875,1322.300048828125,1319.199951171875,1321.5,73,45.974097726303256,-2.3340505840765218,-1.6150370922763218,-0.7190134918002,3.84552989177275,0.35665475625465104,1328.6204721401953,1324.410262151975,1,0.395556759685722,0.0018953752843062777,-0.016960535594713888,-0.021473528322843438,0.11423157688950442,0.14924828514136113,0.4,241.176,1.7,0.0,1.0
2016-09-15,1320.699951171875,1320.699951171875,1310.800048828125,1313.5,37,42.410987760980895,-3.2240963534964067,-1.9368489445203387,-1.287247408976068,3.849588144491202,0.22865918178292807,1327.1804271744625,1323.9824087342506,1,0.2059560256053437,-0.006053726825577033,-0.017429718714141673,-0.021747190164407182,0.11438864995223624,0.14630162067876928,0.4,241.176,1.71,1.0,1.0
2016-09-16,1312.199951171875,1312.5999755859375,1305.800048828125,1305.800048828125,4,39.25729722494158,-4.4989249403595295,-2.4492641436881772,-2.0496607966713523,3.7324330330234803,0.10987420084613721,1325.1442006652874,1323.2693750124417,1,0.023141452126120916,-0.005862163054339509,-0.0182692483300797,-0.03359969211394309,0.11207599360147229,0.1468083019726694,0.4,241.176,1.7,1.0,1.0
2016-09-19,1313.5,1313.5,1313.5,1313.5,20,43.760935089663604,-4.832211347235443,-2.9258535843976308,-1.9063577628378123,3.6522016711814556,0.2879866826662267,1324.0352291733552,1322.8862622668557,1,0.12195121951219512,0.005896730650902571,-0.005677517032551149,-0.020068654076473513,0.11254966697796571,0.14669943223929066,0.4,241.176,1.7,1.0,1.0
2016-09-20,1313.699951171875,1313.699951171875,1313.699951171875,1313.699951171875,97,43.8773017467808,-5.022314719569977,-3.3451458114321,-1.6771689081378764,3.578125975835643,0.3129843546816674,1323.050916982738,1322.526014772935,1,0.5950920245398773,0.00015222776693946116,-0.004018232621777917,-0.0179412430859216,0.11255664998903782,0.11299466566333,0.4,241.176,1.69,1.0,1.0
2016-09-21,1326.300048828125,1326.9000244140625,1324.0,1326.9000244140625,76,51.07449053353483,-4.06102445669967,-3.4883215404856145,-0.5727029162140553,3.3716866991011556,0.6129710208011336,1323.4174986428643,1322.6975445627832,1,0.5457809694793537,0.010048012280439389,0.004086284081772584,-0.01021926855241595,0.11865890343874856,0.11480541392373225,0.4,241.176,1.66,1.0,1.0
2016-09-22,1338.5999755859375,1340.4000244140625,1338.199951171875,1340.4000244140625,23,57.129624429112056,-2.1846742569384787,-3.2275920837761873,1.0429178268377086,3.582960314671769,0.8742310952692653,1325.0348820496451,1323.3917594589118,1,0.18067556952081698,0.010174089796977315,0.020479653151170618,0.012080942090799685,0.11598666535982222,0.11604312305288891,0.4,241.176,1.63,1.0,1.0
2016-09-23,1337.199951171875,1337.199951171875,1337.199951171875,1337.199951171875,40,55.379971315038894,-0.9449792393293137,-2.771069514886813,1.8260902755574993,3.699871088699954,0.779362048803891,1326.193460061286,1323.9332571731456,1,0.3164556962025316,-0.0023874016591325375,0.02404648580916313,0.012953545869393457,0.11564684879804425,0.11544402775295405,0.4,241.176,1.62,0.0,1.0
2016-09-26,1335.199951171875,1341.800048828125,1335.199951171875,1339.699951171875,24,56.50079343679423,0.23649097947372866,-2.1695574160147046,2.4060483954884333,3.8431820671057784,0.7999975546535948,1327.4797925480088,1324.551558898586,1,0.19908751555371215,0.0018695782914208703,0.019946670096593122,0.013772191579171311,0.1157209627114764,0.1151391730546421,0.4,241.176,1.59,0.0,1.0
2016-09-27,1328.0,1328.699951171875,1325.9000244140625,1325.9000244140625,48,49.160041536676694,0.058600372733508266,-1.723925858265062,1.7825262309985703,3.842373156790678,0.5259360976558335,1327.329338440014,1324.604439899193,1,0.47477744807121663,-0.010300759319832209,0.0092868034525726,0.002267745063599058,0.1221436489204999,0.1136525704625668,0.4,241.176,1.56,0.0,1.0
2016-09-28,1319.4000244140625,1319.4000244140625,1319.4000244140625,1319.4000244140625,10551,46.12054476395009,-0.5999589387893138,-1.4991324743699126,0.8991735355805988,3.7560654502068296,0.3881783501727413,1326.5741656756377,1324.400345174286,1,17.780586450960566,-0.0049023304022280945,-0.005652272109431866,0.0058703007767197946,0.11942061459468577,0.10980011833962673,0.4,241.176,1.57,0.0,1.0
2016-09-29,1321.199951171875,1325.0,1314.699951171875,1321.699951171875,6108,47.360724640716214,-0.9256171316521886,-1.384429405826368,0.45881227417417936,3.5504170748094817,0.4149094334146354,1326.1099547705173,1324.2944473702698,1,6.877603873437676,0.0017431610696185817,-0.013951113773190249,0.011324452124368056,0.11858283091188333,0.10900986870330594,0.4,241.176,1.56,0.0,2.0
2016-09-30,1320.5999755859375,1327.699951171875,1312.9000244140625,1313.300048828125,868,43.42897398524586,-1.8402917759133288,-1.4756018798437602,-0.3646898960695686,3.5319123066081293,0.23390197987581157,1324.8899637283848,1323.8632944862643,1,0.9432219505569139,-0.006355377660642536,-0.017873095435581576,0.0008383612994860012,0.12028053420079231,0.10949939696835152,0.4,241.176,1.6,0.0,2.0
2016-10-03,1313.5,1316.800048828125,1308.199951171875,1309.0,299,41.528350279751244,-2.878969061541966,-1.7562753161834015,-1.1226937453585644,3.6968096154801495,0.17123658620017068,1323.376633849491,1323.2804201926854,1,0.32066062523459704,-0.003274231834501151,-0.02291554250264838,-0.009908460651874451,0.1174541389714714,0.10956350380506809,0.4,241.741,1.63,0.0,2.0
2016-10-04,1307.5999755859375,1310.199951171875,1266.300048828125,1266.300048828125,1893,28.288871870125462,-7.066202708590936,-2.8182607946649085,-4.247941913926027,5.0316557504222414,-0.3222284979869302,1317.940768609361,1321.0458958254478,-1,1.8471896955503513,-0.03262028355376245,-0.04495058035184496,-0.06158290653805287,0.142229371250509,0.12829833776770355,0.4,241.741,1.69,0.0,1.0
2016-10-05,1272.0999755859375,1274.0,1261.300048828125,1265.199951171875,246,28.04084097788305,-10.354029422206622,-4.3254145201732515,-6.028614902033371,5.9872895401094395,-0.15686159380270248,1312.9178336153147,1318.8558587802097,-1,0.2373600926283288,-0.000868749596328322,-0.04107933321151591,-0.05884110301506307,0.14244066956589152,0.12473072023414017,0.4,241.741,1.72,0.0,1.0
2016-10-06,1265.300048828125,1265.300048828125,1249.800048828125,1249.800048828125,114,24.76715059486567,-14.040449633547269,-6.268421542848055,-7.772028090699213,7.312391754503526,-0.15473214278329128,1306.9066160165348,1316.1477878016965,-1,0.10955218143378821,-0.012171911901740162,-0.0543995649542095,-0.06508078756899105,0.14594185090220813,0.12597829973253424,0.4,241.741,1.75,0.0,1.0
2016-10-07,1253.9000244140625,1263.5999755859375,1248.9000244140625,1248.9000244140625,169,24.58648972261622,-16.840462292174607,-8.382829692713367,-8.45763259946124,8.356039936982024,-0.045836534833867626,1301.3821787210613,1313.5106206100247,-1,0.16136732550367613,-0.0007201347246756917,-0.049036794349872626,-0.061048005911062964,0.146092232897845,0.12510537472511615,0.4,241.741,1.73,0.0,1.0
2016-10-11,1258.9000244140625,1258.9000244140625,1253.0,1253.0,26,27.191919099001908,-18.51522672393412,-10.409309098957518,-8.105917624976602,9.104276596700807,0.060834516054408656,1296.7743521761984,1311.1376550959062,-1,0.025006011060351045,0.0032828693296416134,-0.04278074866310155,-0.05147615442846332,0.14710363162695092,0.1253028426520165,0.4,241.741,1.77,0.0,2.0
2016-10-12,1251.699951171875,1254.0,1251.0999755859375,1251.0999755859375,127,26.731017480524073,-19.76793326362599,-12.281033931891214,-7.486899331734778,9.754002211448778,0.1007924560497365,1292.4244115485544,1308.7832362915938,-1,0.12186345535671447,-0.001516380218725022,-0.01200353206671212,-0.05147841123128316,0.14710339004725126,0.12520917247227625,0.4,241.741,1.79,0.0,2.0
2016-10-13,1258.699951171875,1259.0,1255.0,1255.0,315,29.377119760430787,-20.213009849856917,-13.867429115484356,-6.345580734372561,10.155000562138815,0.17036789183474318,1288.8601818772636,1306.6740897703548,-1,0.2987906094379891,0.003117276388912016,-0.008061928205440938,-0.050321604237608786,0.14766443468400461,0.1253081575169996,0.4,241.741,1.75,0.0,2.0
2016-10-14,1253.9000244140625,1253.9000244140625,1250.5999755859375,1253.0999755859375,311,28.830833591695637,-20.48293778549146,-15.190530849485777,-5.292406936005682,10.557879927693872,0.19039590089518052,1285.4544479447563,1304.573144116064,-1,0.29121213539959734,-0.0015139636765437725,0.002640363761312603,-0.045984030768224216,0.14712071060230078,0.12402809404341687,0.4,241.741,1.8,0.0,2.0
2016-10-17,1249.9000244140625,1255.0,1249.9000244140625,1254.4000244140625,41,29.792839120799627,-20.357288395092837,-16.223882358607188,-4.133406036485649,10.900917974350385,0.22700245378143488,1282.496883798976,1302.605570794417,-1,0.03832492054589643,0.001037466166669665,0.004403875324272111,-0.039362859926518445,0.1469707356186607,0.1224471555206548,0.4,241.741,1.77,0.0,2.0
2016-10-18,1260.9000244140625,1261.699951171875,1260.800048828125,1260.800048828125,11,34.487623924836186,-19.516309991862727,-16.882367885258297,-2.6339421066044295,11.02489489583358,0.2930372621429717,1280.4305185636567,1300.9661385604447,-1,0.01028662271473325,0.0051020601797675535,0.006225098825319186,-0.040121774778740016,0.14643399192143156,0.12268824009435741,0.4,241.741,1.75,0.0,2.0
2016-10-19,1262.9000244140625,1271.5,1262.9000244140625,1267.9000244140625,219,39.33423185250485,-18.068635868609363,-17.11962148192851,-0.9490143866808509,11.010346377538557,0.3586115305958938,1279.2371381684572,1299.6694282017631,-1,0.20363568738667534,0.005631325595630177,0.01342822248897968,-0.03486330856369224,0.1487876811995714,0.12330830552495466,0.4,241.741,1.76,0.0,2.0
2016-10-20,1270.0,1270.5,1265.5,1265.5999755859375,415,38.3445778580121,-16.91198754900347,-17.078094695343506,0.16610714634003543,10.768722764224478,0.36062277331083664,1277.9383607796458,1298.3333712364367,-1,0.3798974734529476,-0.0018140616640400786,0.00844619568600602,-0.04619794083973594,0.142152007062089,0.12327754629209858,0.4,241.741,1.76,0.0,2.0
2016-10-21,1265.9000244140625,1265.9000244140625,1265.9000244140625,1265.9000244140625,224,38.561743518745466,-15.789116878704135,-16.820299132015634,1.0311822533114992,10.100676309390575,0.38207656609769136,1276.791852554352,1297.0614752826182,-1,0.2031838178602204,0.00023708030492497478,0.010214706789168915,-0.05558042274176078,0.13477355683429734,0.12282449997032864,0.4,241.741,1.74,0.0,2.0
2016-10-24,1269.199951171875,1269.199951171875,1261.800048828125,1262.0,42,36.749838662525995,-15.04055500333834,-16.464350306280178,1.423795302941837,9.361724096601819,0.37122304808036743,1275.383104692033,1295.6865154676136,-1,0.0380935104983901,-0.0030808312969798912,0.006058653888728616,-0.056236878490739106,0.13476406560528345,0.1224539520251403,0.4,241.741,1.77,0.0,2.0
2016-10-25,1264.0999755859375,1274.0999755859375,1264.0999755859375,1271.9000244140625,61,43.94949666981928,-13.492927028031545,-15.870065650630451,2.377138622598906,8.245904967411638,0.47991516470342804,1275.0513827607977,1294.7537118968862,-1,0.05523361101050343,0.007844710312252312,0.00880391430524985,-0.050608292325834525,0.13913289397412507,0.12064675329419877,0.4,241.741,1.77,0.0,2.0
2016-10-26,1274.0,1274.0,1264.800048828125,1264.800048828125,279,40.39797026376455,-12.693012256193242,-15.23465497174301,2.5416427155497683,7.381242340239486,0.4343906484960848,1274.0750652434003,1293.5790584432093,-1,0.2500112012186926,-0.005582180556375382,-0.0024449684724708876,-0.04608188736774377,0.13661719921746962,0.12087313327337168,0.4,241.741,1.79,0.0,2.0
2016-10-27,1269.4000244140625,1269.4000244140625,1267.9000244140625,1267.9000244140625,338,42.57975686825822,-11.674357191559238,-14.522595415706256,2.8482382241470177,6.5131137625976026,0.4941898006295222,1273.4869661167968,1292.5720375008898,-1,0.5584007929952091,0.0024509609948304423,0.0018173584643601526,-0.03903289301731738,0.1372885652315919,0.11905305539082603,0.4,241.741,1.85,0.0,2.0
2016-10-28,1270.300048828125,1281.5,1262.0,1275.5,560,47.640192121084766,-10.136958650399947,-13.645468062644994,3.508509412245047,5.3015937488525555,0.6404904831582015,1273.6786836294827,1291.9025458341882,-1,1.7078377554132358,0.005994144206637797,0.007583517972030274,-0.03495494656779863,0.13961857647429274,0.11951109505388291,0.4,241.741,1.86,0.0,2.0
2016-10-31,1276.5999755859375,1276.5999755859375,1271.5,1271.5,58,45.37367363340814,-9.136011546638201,-12.743576759443636,3.6075652128054347,4.091490056148092,0.6454104103992079,1273.4711899504844,1291.1024459975533,-1,0.20180932498260265,-0.0031360250882006557,0.007527733755942956,-0.03182825498668318,0.13867505651037607,0.11942158048738835,0.4,241.741,1.84,0.0,2.0
2016-11-01,1279.300048828125,1290.699951171875,1279.0,1286.4000244140625,49,54.12837876865336,-7.059073702436535,-11.606676148042217,4.547602445605682,2.999424702126129,1.1217293934670622,1274.7025075184442,1290.9180373080046,-1,0.17824663514005093,0.011718461985106066,0.0114002670977853,-0.0172650692023969,0.14622247547492076,0.11777720891581932,0.41,242.026,1.83,0.0,2.0
2016-11-02,1288.300048828125,1307.0,1288.300048828125,1306.800048828125,30,62.89611219097752,-3.7240455384508095,-10.030150026123936,6.306104487673126,4.261072834411634,1.2778697446481506,1277.7594162146042,1291.5408612891858,-1,0.16506189821182943,0.015858227632850497,0.033206829837581164,0.03198294119745149,0.09808440872053492,0.12240034255732002,0.41,242.026,1.81,0.0,2.0
2016-11-03,1296.4000244140625,1303.0999755859375,1287.300048828125,1302.0999755859375,73,60.048354833642485,-1.4436270869734926,-8.312845438293847,6.869218351320354,4.967156749825214,1.0623010137835456,1280.0775647261598,1291.954944202784,-1,0.4217215482380127,-0.003596627690978682,0.02697369706864694,0.02916536977406947,0.09945813965637774,0.12221124687959393,0.41,242.026,1.82,0.0,2.0
2016-11-04,1300.0,1303.300048828125,1296.699951171875,1303.300048828125,11,60.53963372425583,0.4552094750933975,-6.559234455616398,7.014443930709795,5.392609281552546,0.9953001498262086,1282.2892298787278,1292.399850266523,-1,0.06549568323905924,0.0009216444702315751,0.021795412644551204,0.042806847423445316,0.0854219953070094,0.12190100019638177,0.41,242.026,1.79,0.0,2.0
2016-11-07,1292.0,1294.5,1278.300048828125,1278.300048828125,34,47.449548838482194,-0.05658762841653697,-5.258705090176426,5.202117461759889,5.206835061143268,0.6123594810062665,1281.9093078739086,1291.8469168767817,-1,0.21091811414392062,-0.019182075549278865,0.00534805255849391,0.02354073491819797,0.11433123216307055,0.12787424464165992,0.41,242.026,1.83,0.0,2.0
2016-11-08,1284.0999755859375,1289.4000244140625,1273.199951171875,1273.4000244140625,50,45.37847542691879,-0.847808530255179,-4.376525778192177,3.5287172479369984,5.041646606106074,0.5236262519449965,1281.0988999253518,1291.1235093292241,-1,0.3078817733990148,-0.00383323494241794,-0.010105721201242424,0.016280945262619806,0.11537270533008633,0.1277337999474399,0.41,242.026,1.88,0.0,2.0
2016-11-09,1272.199951171875,1318.5999755859375,1270.0,1272.5999755859375,108,45.0328578291262,-1.521870869491977,-3.8055947964521373,2.2837239269601604,4.809453867209712,0.49411914368140236,1280.2894785596934,1290.3970962412523,-1,0.6689377516258904,-0.0006282776918377087,-0.026170853967182217,0.01718487764331611,0.11517807318518686,0.12744010452653579,0.41,242.026,2.07,0.0,2.0
2016-11-10,1274.4000244140625,1287.5,1253.300048828125,1265.5,63,41.97733288754931,-2.5990189498861582,-3.5642796271389416,0.9652606772527834,4.665612955859582,0.36560805604558394,1278.8809567921035,1289.420739525909,-1,0.42324487739334904,-0.005579110264141374,-0.02810842198923147,0.00836653386454178,0.11704337464025621,0.1265685006045558,0.41,242.026,2.15,0.0,2.0
2016-11-14,1227.800048828125,1229.5,1210.4000244140625,1221.199951171875,216,28.83217591589286,-6.947226965545269,-4.240869094820208,-2.7063578707250615,5.747607768763965,-0.19340369911660638,1273.387527685415,1286.7454144924177,-1,1.4989590562109647,-0.03500596509531806,-0.06299401103381463,-0.025456886948821755,0.17353526896461782,0.14477562217329068,0.41,242.026,2.23,0.0,1.0
2016-11-15,1224.300048828125,1226.0,1222.5,1224.0,20,30.317498388683546,-10.051406251176559,-5.402976526091479,-4.64842972508508,6.537398615667679,-0.05834421537559914,1268.6839536201373,1284.284810002519,-1,0.13981125480601186,0.0022928668032111688,-0.04247832805600238,-0.024234712868618224,0.1738149009197568,0.14407237932954667,0.41,242.026,2.23,0.0,1.0
2016-11-16,1229.300048828125,1229.300048828125,1223.0,1223.4000244140625,66,30.172188045951046,-12.416770909154138,-6.805735402704011,-5.611035506450127,7.282115076575178,0.011765560335778648,1264.371198457654,1281.8971713519913,-1,0.4526748971193415,-0.000490176132301845,-0.03926495919693951,-0.029663723798888375,0.17224725758478251,0.1434741496038123,0.41,242.026,2.22,0.0,1.0
2016-11-17,1224.5999755859375,1225.0,1211.0,1216.5,1139,28.481484300356428,-14.678904472974637,-8.380369216758137,-6.2985352562165,8.129068615335111,0.019669436219611893,1259.812036699782,1279.3325763970113,-1,5.9384775808133465,-0.005640039460819257,-0.04408296138785295,-0.04053949319688366,0.17070660379436772,0.14372136846818806,0.41,242.026,2.29,0.0,1.0
2016-11-18,1211.9000244140625,1211.9000244140625,1207.199951171875,1208.5,607,26.619064658807687,-16.922127014737498,-10.088720776354009,-6.833406238383489,9.061005510338704,0.023142844810554956,1254.9251760617076,1276.554828303011,-1,3.01390268123138,-0.006576243321002928,-0.04504148557882259,-0.04511692216136609,0.1714547997262376,0.14386721050232382,0.41,242.026,2.34,0.0,1.0
2016-11-21,1209.5999755859375,1209.5999755859375,1209.5999755859375,1209.5999755859375,19,27.322770298459005,-18.399045460662364,-11.75078571321568,-6.648259747446684,9.799701599041583,0.08980300804961741,1250.6084903021103,1273.9291478043021,-1,0.09939837823698666,0.0009101990781443803,-0.009498833974572296,-0.04447432478262581,0.17160382627135315,0.14230540680486295,0.41,242.026,2.33,1.0,1.0
2016-11-22,1210.4000244140625,1211.0999755859375,1207.5999755859375,1211.0,19,28.265684106923572,-19.234816706226184,-13.247591911817782,-5.987224794408402,10.393411751713435,0.1426684955709789,1246.8362531304808,1271.4613380864864,-1,0.1,0.0011574276143517803,-0.0106209150326797,-0.04041204437400947,0.17199821926121808,0.14236186863412015,0.41,242.026,2.31,0.0,1.0
2016-11-23,1212.800048828125,1213.800048828125,1186.800048828125,1189.0999755859375,309,23.19600473867756,-21.417433541835408,-14.881560237821308,-6.5358733040141,11.398770990419182,0.0488185217616871,1241.3375600310005,1268.2314807335238,-1,1.5266798418972332,-0.018084248071067344,-0.028036658610132603,-0.06509949464484777,0.17695867222799358,0.14635896926413167,0.41,242.026,2.36,1.0,1.0
2016-11-25,1177.0,1189.300048828125,1177.0,1178.199951171875,14,21.16160132672998,-23.752905277502123,-16.655829245757474,-7.097076031744649,12.545351531880367,0.04671165919537603,1235.3244544253696,1264.70083251542,-1,0.07401533174729051,-0.0091666173054048,-0.03148380503750514,-0.06846939778069072,0.17802381583676974,0.14702563654817757,0.41,242.026,2.36,1.0,1.0
2016-11-28,1188.0,1190.5999755859375,1188.0,1190.5999755859375,189914,28.810828804443133,-24.322826709423907,-18.189228738490762,-6.133597970933145,13.143974737194672,0.16537705217144383,1231.0649802501855,1261.7949165574012,-1,19.643667995800556,0.010524550100115881,-0.014811770305388938,-0.06096699056682153,0.18378987603123748,0.14853690671467665,0.41,242.026,2.32,1.0,1.0
2016-11-29,1193.199951171875,1194.800048828125,1179.4000244140625,1187.9000244140625,42124,28.169938453122924,-24.70754385971827,-19.492891762736264,-5.214652096982007,13.580799026098603,0.1849655260396588,1226.9540320753167,1258.8970776498193,-1,3.5861963281585885,-0.002267723187669546,-0.017939774809736964,-0.06867893029081729,0.18066615384638193,0.14848209915619506,0.41,242.026,2.3,1.0,1.0
2016-11-30,1187.0999755859375,1193.300048828125,1167.9000244140625,1170.800048828125,7158,24.458946652079092,-26.0914935956107,-20.81261212931115,-5.2788814662995485,14.29054399027355,0.13108391050641208,1221.6060336708222,1255.4422922058313,-1,0.5915140296583383,-0.014395130258855082,-0.03319566570757637,-0.079197759474538,0.18477124204998682,0.15032755836587264,0.41,242.026,2.37,1.0,1.0
2016-12-01,1172.699951171875,1174.5999755859375,1160.0,1166.9000244140625,1588,23.692346859171167,-27.189558799547513,-22.088001463358424,-5.101557336189089,14.635542613906614,0.14955705645240053,1216.3959375511308,1251.9700464100758,-1,0.13039800954171832,-0.0033310764019578443,-0.01866954135705523,-0.09289489873449797,0.1752107900079324,0.14906397083065492,0.54,242.637,2.45,2.0,1.0
2016-12-02,1172.300048828125,1177.300048828125,1166.4000244140625,1175.0999755859375,1521,28.748862705765333,-27.085886614567244,-23.08757849360019,-3.998308120967053,14.015639983507802,0.21831356024708876,1212.462988792541,1248.955533828737,-1,0.12413641130694177,0.007027124004040042,-0.002631111623162208,-0.10078058488005859,0.16397028002636913,0.1428059449266273,0.54,242.637,2.4,2.0,1.0
2016-12-05,1181.800048828125,1186.699951171875,1157.0,1174.0,358,28.47626464672119,-26.783738235873216,-23.826810442054796,-2.9569277938184193,13.183550217112238,0.23202344886051945,1208.799847002775,1246.0161011295709,-1,0.02918422747393392,-0.0009360697887760283,-0.013942529755023747,-0.098379523836711,0.16461070821793253,0.14279910903632573,0.54,242.637,2.39,1.0,1.0
2016-12-06,1170.9000244140625,1174.5,1167.0999755859375,1167.5999755859375,652,26.87927219428944,-26.752327770088186,-24.411913907661475,-2.3404138624267112,11.973829741756747,0.2059521940153387,1204.8760497249812,1242.9409589513891,-1,0.0530126555518967,-0.005451468836509821,-0.01708902130727552,-0.10412036227897292,0.16302552242811152,0.1427865394530004,0.54,242.637,2.39,2.0,1.0
2016-12-07,1167.699951171875,1178.5,1166.4000244140625,1175.0,182,31.652156063592443,-25.832533260786022,-24.696037778286385,-1.1364954824996367,11.088419771919527,0.2751467258228602,1202.0307116559354,1240.276607619962,-1,0.01478911293762976,0.00633780795545924,0.003587248886843586,-0.080810486491669,0.15949746037149615,0.14373594706250914,0.54,242.637,2.34,2.0,1.0
2016-12-08,1173.800048828125,1177.800048828125,1169.0999755859375,1169.800048828125,322,30.162263056694243,-25.232319613239724,-24.803294145277054,-0.4290254679626706,10.098214438720088,0.25186759937321235,1198.9611247199534,1237.5128210006744,-1,0.026136469709698497,-0.004425490359042605,0.0024852381124240708,-0.08135697628371541,0.15949300652382986,0.14347549451756916,0.54,242.637,2.4,2.0,1.0
2016-12-09,1166.5999755859375,1168.800048828125,1156.0,1159.4000244140625,365,27.385770437786846,-25.304150530805373,-24.90346542238272,-0.40068510842265326,8.880148179536205,0.17179724616912334,1195.193400881297,1234.4495740757093,-1,0.029595874416190972,-0.008890429116053644,-0.013360523783558564,-0.08895171565578164,0.15971990557589827,0.14416584482587053,0.54,242.637,2.47,2.0,1.0
2016-12-12,1158.300048828125,1163.9000244140625,1153.0,1163.5,331,30.11686401426509,-24.744998347902765,-24.87177200748673,0.12677365958396436,7.291590256547782,0.20468718140645767,1192.174981749745,1231.6672378374462,-1,0.026809868623544085,0.0035362907534950416,-0.008943781942078344,-0.08060055314105097,0.16227385819996898,0.1444006873550185,0.54,242.637,2.49,1.0,1.0
2016-12-13,1163.5,1164.0,1155.4000244140625,1156.699951171875,637,28.22101838146638,-24.567375907725136,-24.810892787534414,0.2435168798092775,7.237909190350752,0.16003663297081533,1188.7964074089955,1228.727344242718,-1,0.051507004386585536,-0.0058444768613020726,-0.00933540993660309,-0.052816903520267244,0.11259774803384959,0.1443767363089443,0.54,242.637,2.48,1.0,1.0
2016-12-14,1159.800048828125,1164.0,1142.0,1161.300048828125,487,31.368452993966045,-23.78128357423566,-24.604970944874665,0.8236873706390071,6.832732137138203,0.23463748794520886,1186.1777065917697,1226.0831365794006,-1,0.03930398850741691,0.003976915233366851,-0.011659532912234094,-0.05122545030381942,0.11373906328384427,0.14469148364200352,0.54,242.637,2.54,1.0,1.0
2016-12-15,1139.800048828125,1143.300048828125,1123.9000244140625,1127.800048828125,244,23.341501306190906,-25.566752161111708,-24.797327188122075,-0.7694249729896327,7.232388633196781,-0.08882504286714125,1180.6179296618989,1222.2288978440565,-1,0.019678212831162546,-0.02884698061780422,-0.03590357176175063,-0.07814285898165185,0.14744739575070592,0.1541839592433299,0.54,242.637,2.6,2.0,0.0
2016-12-16,1126.9000244140625,1140.9000244140625,1126.9000244140625,1135.300048828125,146,27.79620393921681,-26.07597396380811,-25.053056543259284,-1.0229174205488256,7.259673788122292,0.04700542395756643,1176.3019410110633,1218.8199233728435,-1,0.01182200593529476,0.0066501149807478566,-0.020786592270529924,-0.0667488295699753,0.15206805063653822,0.15523461353647408,0.54,242.637,2.6,2.0,0.0
2016-12-19,1139.4000244140625,1140.699951171875,1137.9000244140625,1140.5,249,30.798785486003382,-25.762963898491307,-25.19503801430569,-0.5679258841856161,7.15450890355063,0.14170512321286372,1172.892232343343,1215.7485538288104,-1,0.020191453906316516,0.004580243942773121,-0.019767941555651092,-0.05626810095159285,0.1541583440557339,0.15376980873800833,0.54,242.637,2.54,2.0,0.0
2016-12-20,1133.5,1133.5,1126.5,1131.5,46,28.5832708084328,-25.94208178009785,-25.344446767464124,-0.5976350126337273,7.049553640554164,0.07320079857230401,1168.9501149773105,1212.4446889727785,-1,0.0037297398101075953,-0.007891275756247262,-0.021786074380261256,-0.06456678006140448,0.1544543669498877,0.15186667132416584,0.54,242.637,2.57,2.0,0.0
2016-12-21,1136.0999755859375,1136.0999755859375,1130.0,1131.0999755859375,50,28.485188920582758,-25.81869082259118,-25.439295578489535,-0.3793952441016444,6.628744729053312,0.09119480619626515,1165.3453397971798,1209.2547002125102,-1,0.004053555576273729,-0.0003535346125165262,-0.026005400820108937,-0.0659785503006296,0.15396377665941266,0.15194883659117808,0.54,242.637,2.55,2.0,0.0
2016-12-22,1131.199951171875,1132.800048828125,1128.300048828125,1128.800048828125,104,27.892567190644314,-25.611256841434624,-25.473687831078554,-0.13756901035607072,6.760909417055652,0.10726506144736465,1161.864835895365,1206.0996158444952,-1,0.008438407737370786,-0.0020333540866899202,0.0008866819974331364,-0.050710560924954406,0.14365223225218318,0.15164807382296808,0.54,242.637,2.55,2.0,0.0
2016-12-23,1130.9000244140625,1132.800048828125,1130.300048828125,1131.9000244140625,70,30.006282434419063,-24.90957966596443,-25.36086619805573,0.4512865320913022,6.9111452214964855,0.18273713096064612,1159.0110443257172,1203.1898279452626,-1,0.0056784074500705745,0.002746257487458381,-0.0029948245114338468,-0.03929717253150544,0.14262243639102323,0.15125651509517402,0.54,242.637,2.55,2.0,0.0
2016-12-27,1134.300048828125,1142.199951171875,1134.300048828125,1137.300048828125,84,33.65465383852697,-23.645191559093064,-25.017731270263198,1.372539711170134,6.546929209313952,0.27100643652523887,1156.9433304688037,1200.6059150387082,-1,0.029620226383158785,0.004770760930814522,-0.002805744122643561,-0.044767283597147434,0.13734103123659472,0.1519320466049107,0.54,242.637,2.57,2.0,0.0
2016-12-28,1141.199951171875,1141.199951171875,1138.0,1139.4000244140625,1570,35.07199770547531,-22.21759380401545,-24.45770377701365,2.240109972998198,6.086859029988021,0.31770071074804784,1155.272539415971,1198.2056840338203,-1,1.9425884682009402,0.0018464569557534727,0.006981904033638964,-0.04082835171581278,0.13812340532681383,0.15194441681000562,0.54,242.637,2.51,2.0,0.0
2016-12-29,1143.800048828125,1158.800048828125,1143.5999755859375,1156.4000244140625,950,45.265932412683384,-19.489788226059773,-23.464120666822875,3.974332440763103,5.920306005972621,0.5723924232420237,1155.3799189395988,1196.566246401673,-1,1.9083969465648853,0.014920133083850207,0.02236765040598554,-0.012299302881372265,0.1423004900827995,0.1557755249696961,0.54,242.637,2.49,2.0,0.0
2016-12-30,1162.0,1162.0,1150.0,1150.0,16,42.556999793053954,-17.641056023073133,-22.29950773807293,4.658451714999796,5.795567790155178,0.49070235026146913,1154.867545707256,1194.7401190918035,-1,0.03816793893129771,-0.005534438151975407,0.01878096230938686,-0.014482838341312476,0.14307586866912675,0.15591708788637132,0.54,242.637,2.45,2.0,0.0
2017-01-03,1155.199951171875,1160.800048828125,1146.5,1160.4000244140625,52,48.002600203307004,-15.161949859234483,-20.87199616230524,5.710046303070758,5.524410079903367,0.6655271761652224,1155.3944484412377,1193.3934487122842,-1,0.15039768618944324,0.009043499490489104,0.025178902186836938,-0.012509532360891362,0.14467682547730648,0.14356003690378305,0.65,243.618,2.45,2.0,0.0
2017-01-04,1156.300048828125,1165.0,1156.300048828125,1163.800048828125,36,49.682038507055715,-12.775617443034207,-19.252720418451034,6.477102975416827,5.307132103225893,0.7364803660996656,1156.1949818114174,1192.2329232266309,-1,0.10920673441528896,0.0029300451073148714,0.023300799140302253,-0.00868820372391399,0.14521665891239663,0.1438366442186026,0.65,243.618,2.46,2.0,0.0
2017-01-05,1172.0,1183.300048828125,1171.5,1179.699951171875,500,56.72167140550298,-9.49202442351202,-17.300581219463233,7.808556795951212,5.625428916433344,0.9594115470902153,1158.4335503219372,1191.7414341264443,-1,1.5525539512498059,0.013662056776643228,0.03536942767623397,0.010363117368056951,0.15203208436916826,0.14523934327268045,0.65,243.618,2.37,2.0,0.0
2017-01-06,1176.5,1176.5,1171.9000244140625,1171.9000244140625,16,52.81786253294659,-7.433453970965502,-15.327155769763687,7.893701798798185,5.5471234551968855,0.8460997191344818,1159.7160716640444,1190.9633396279196,-1,0.05099601593625498,-0.006611788658687612,0.013403666268386516,-0.002638277094414887,0.1524266563552855,0.1457021749282218,0.65,243.618,2.42,2.0,0.0
2017-01-09,1173.9000244140625,1183.5999755859375,1173.0,1183.5,62,57.50228777429133,-4.810547968856099,-13.22383420958217,8.413286240726071,5.926164899278721,0.9838580501606657,1161.9812076960402,1190.670659642511,-1,0.20615128844555278,0.009898434460514194,0.029130434782608683,0.011711361429330713,0.15548138909676107,0.14715330540928578,0.65,243.618,2.38,2.0,0.0
2017-01-10,1184.300048828125,1188.9000244140625,1182.300048828125,1184.199951171875,8,57.77471259158621,-2.644907013676402,-11.108048770401018,8.463141756724616,6.420807881194985,0.93879935778464,1164.0972785032625,1190.416906369153,-1,0.02827854365500177,0.0005914247333123068,0.020510105357702146,0.021390310708632176,0.15137446521744408,0.1471820926097382,0.65,243.618,2.38,2.0,0.0
2017-01-11,1187.5,1197.0,1176.5,1195.5999755859375,20,62.042488160222405,-0.008634722158376462,-8.88816596075249,8.879531238594113,7.178844647294172,1.010219894386693,1167.097535368279,1190.6201639854974,-1,0.0748083037217131,0.009626773251241172,0.027324218442706716,0.027589149622636366,0.15418253940265528,0.14852904582323948,0.65,243.618,2.38,2.0,0.0
2017-01-12,1192.699951171875,1204.300048828125,1192.300048828125,1198.9000244140625,110,63.20194112733976,2.3201709366553587,-6.6464985812709205,8.96666951792628,7.948383368360526,0.9729381162138022,1170.12634384883,1190.9448643944606,-1,0.45643153526970953,0.002760161337831857,0.016275386994052843,0.03648316332981061,0.15184528109408985,0.14870007224228246,0.65,243.618,2.36,2.0,0.0
2017-01-13,1195.699951171875,1196.0,1187.699951171875,1195.300048828125,65,61.01247653218639,3.831115540703422,-4.550975756876052,8.382091297579475,8.480744943146584,0.8885928836433998,1172.5238395611439,1191.115655940879,-1,0.2955889040472942,-0.003002732098280614,0.019967594441993697,0.029277532567323572,0.15253616301996903,0.14872499014145316,0.65,243.618,2.4,2.0,0.0
2017-01-17,1205.5,1214.5999755859375,1200.800048828125,1212.0,79,66.76438039490807,6.303434448859889,-2.3800937157288637,8.683528164588752,9.056489109011839,0.981318533342392,1176.283473888654,1191.9346498255504,-1,0.3732577368296716,0.013971346515251781,0.02408111533586821,0.07465858088884247,0.1075672376876759,0.15127988191889216,0.65,243.618,2.33,2.0,0.0
2017-01-18,1213.5999755859375,1214.699951171875,1203.0999755859375,1211.300048828125,114,66.32272296093534,8.112765870897192,-0.28152179840365255,8.394287669300844,9.511312887082756,0.9162028914292503,1179.6183857876513,1192.6940772374162,-1,0.5427279219233515,-0.0005775174685437312,0.022884731273153713,0.0669426554490582,0.10791743808476464,0.1507143084880632,0.65,243.618,2.42,1.0,0.0
2017-01-19,1200.5,1204.0,1195.800048828125,1200.9000244140625,26,59.97441429771157,8.608248474836955,1.4964322562444692,7.111816218592486,9.635412220919168,0.7905551997681934,1181.645208513976,1193.0158790874807,-1,0.13071895424836602,-0.008585836700100824,0.004432961639638355,0.05295924981504818,0.11564495557104433,0.1515610290930427,0.65,243.618,2.47,1.0,0.0
2017-01-20,1202.800048828125,1212.0999755859375,1202.800048828125,1204.300048828125,38,61.279296435467295,9.169574417224112,3.0310606884403977,6.138513728783714,9.511638720077274,0.7912688431164973,1183.8028123534189,1193.4583955478981,-1,0.19143576826196473,0.0028312301981352483,0.004504149056717033,0.06433941566780832,0.1087882689349472,0.1517350314370469,0.65,243.618,2.48,1.0,0.0
2017-01-23,1212.0,1215.0,1210.0,1215.0,16,65.13183605288339,10.358420483605869,4.496532647473492,5.861887836132377,9.432411801783818,0.8513088217066047,1186.7739730816647,1194.3031643499414,-1,0.08130081300813008,0.008884788456404058,0.01648117658088344,0.07417560447793337,0.1097910998278356,0.15294329843878118,0.65,243.618,2.41,1.0,0.0
2017-01-24,1219.0,1219.0,1207.699951171875,1210.300048828125,24,62.204182427497365,10.79688302921295,5.756602723821383,5.040280305391566,8.965584934108305,0.7853883263571482,1189.0145517241847,1194.9304931530075,-1,0.12448132780082986,-0.003868272569444442,-0.001402599976794594,0.07220056385062179,0.11122400321090113,0.1520595881590476,0.65,243.618,2.47,1.0,0.0
2017-01-25,1202.0,1202.800048828125,1194.9000244140625,1197.300048828125,403,54.85890510042825,9.980329376577856,6.601348054372679,3.3789813222051777,8.193327731851562,0.6436195070881228,1189.8036466864646,1195.023416904973,-1,1.924086894246837,-0.010741138127348893,-0.011557829964214394,0.05777897606099747,0.12226324967693947,0.15312645209947595,0.65,243.618,2.53,1.0,0.0
2017-01-26,1199.699951171875,1199.699951171875,1185.5999755859375,1189.5,19,50.969878929981135,8.604617299175061,7.002001903333156,1.6026153958419052,7.362042099565135,0.540257413642987,1189.7747279544203,1194.8068123204641,-1,0.0921435499515034,-0.006514698496637883,-0.00949290047656115,0.045898134995827844,0.12637788631944236,0.15339061740510013,0.65,243.618,2.51,1.0,0.0
2017-01-27,1187.9000244140625,1188.300048828125,1187.9000244140625,1188.0999755859375,234352,50.280878397751515,7.317039025453596,7.065009327757244,0.25202969769635164,6.406158641940494,0.4957962809110255,1189.6152277288504,1194.5437991151887,-1,19.784387056469654,-0.001176985636034078,-0.013451857996644057,0.042741750156551905,0.1269585185589073,0.15268727126033693,0.65,243.618,2.49,1.0,0.0
2017-01-30,1191.699951171875,1198.5,1187.0999755859375,1193.199951171875,50503,52.784713677220374,6.631703227821163,6.978348107770028,-0.3466448799488653,5.905010013830774,0.5418288759388764,1189.9566299615194,1194.4910991958432,-1,3.52601943035478,0.00429254750503838,-0.017942427019032925,0.031822834642760034,0.1181676968608255,0.15303834764483049,0.65,243.618,2.49,1.0,0.0
2017-01-31,1194.9000244140625,1214.699951171875,1193.5,1208.5999755859375,3212,59.42883798754525,7.247676237318501,7.032213733679723,0.21546250363877828,5.149313379946844,0.7508088048118378,1191.7321866876546,1195.044388466043,-1,0.2217810843935026,0.012906490985804764,-0.0014046708862266444,0.05095650050951095,0.12144529733122121,0.1534729180492136,0.65,243.618,2.45,1.0,0.0
2017-02-01,1211.9000244140625,1211.9000244140625,1197.9000244140625,1205.5999755859375,1145,57.72471304461357,7.408365333223173,7.107444053588413,0.30092127963476045,4.548269599989126,0.6866754118645666,1193.052928487491,1195.45833305898,-1,0.07876236465943016,-0.0024822108725806036,0.006932202805751242,0.038952042589535774,0.12010682469782931,0.14945743763267924,0.66,244.006,2.48,1.0,0.0
2017-02-02,1209.699951171875,1224.199951171875,1208.9000244140625,1216.699951171875,1512,62.05972340284951,8.335303670679195,7.35301597700657,0.9822876936726255,4.092620348915775,0.8794336037282092,1195.3050258860037,1196.2913376908584,-1,0.10348226018396846,0.009207013777967843,0.022866709686317765,0.04545445963592876,0.12281747184933618,0.1509163771942946,0.66,244.006,2.48,1.0,0.0
2017-02-03,1214.9000244140625,1220.5999755859375,1206.199951171875,1218.5,865,62.72720980955078,9.110141833941725,7.7044411483936015,1.4057006855481236,4.087848603677129,0.8764094418403927,1197.5140710397177,1197.1622656245502,1,0.05912730827201296,0.0014794517139506969,0.025587092869916228,0.03288976047645198,0.11526855149643812,0.15095304501704845,0.66,244.006,2.49,1.0,0.0
2017-02-06,1221.9000244140625,1235.4000244140625,1218.5,1230.0,908,66.75168960303543,10.530768408190852,8.269706600353052,2.2610618078378,4.035419265712625,1.0574361415554916,1200.607969035935,1198.4500199137835,1,0.061877940991069275,0.009437833401723328,0.030841476981274374,0.049577587145274604,0.1140844423809607,0.1475738593950501,0.66,244.006,2.42,1.0,0.0
2017-02-07,1234.199951171875,1236.199951171875,1228.5,1234.199951171875,1177,68.10611878797573,11.858825009610428,8.987530282204528,2.8712947274058997,4.336789928920905,1.0494557281097103,1203.807205429834,1199.8519780023362,1,0.07990604081521813,0.003414594448678754,0.021181512579070194,0.042838995497993304,0.11076310600444406,0.14765055390997708,0.66,244.006,2.4,1.0,0.0
2017-02-08,1232.0999755859375,1243.9000244140625,1231.0,1237.5999755859375,288,69.1999750777475,13.035408909740681,9.79710600771176,3.238302902028922,4.595520709972998,1.030523785919776,1207.0255644923202,1201.3322916330658,1,0.019533634476864854,0.0027548408269131297,0.026542800802934252,0.04509375664237969,0.11063885016246158,0.14780242243294509,0.66,244.006,2.34,1.0,0.0
2017-02-09,1239.4000244140625,1243.5,1226.9000244140625,1235.0999755859375,885,67.37034076421236,13.609252034802921,10.559535213129992,3.049716821672929,4.871679673144872,0.923725718469971,1209.6993179298076,1202.6565145331783,1,0.059849665754832776,-0.002020038824593895,0.01512289401864475,0.0330378059606784,0.10801496879500028,0.1474537359998292,0.66,244.006,2.4,1.0,0.0
2017-02-10,1227.5999755859375,1234.4000244140625,1221.5,1234.4000244140625,391,66.83750787185967,13.847916474803924,11.217211465464779,2.6307050093391453,5.083893946236628,0.8652733506823242,1212.0517661664032,1203.901358057919,1,0.02641695549655093,-0.0005667162057411135,0.013048850565500647,0.029610475666934644,0.10819736758087226,0.12788493407918144,0.66,244.006,2.41,1.0,0.0
2017-02-13,1230.5,1231.0999755859375,1219.0,1224.4000244140625,398,59.58666788764904,13.079372472242767,11.589643666820377,1.4897288054223896,4.990713004284481,0.682479695268602,1213.2277907614184,1204.7052273267873,1,0.026859678426211807,-0.008101101589613746,-0.004552825679624006,0.024345331211579113,0.11245111204514394,0.12893009823673895,0.66,244.006,2.43,1.0,0.0
2017-02-14,1225.9000244140625,1233.5,1222.0999755859375,1223.9000244140625,159,59.24061512572421,12.288298140068264,11.729374561469955,0.5589235785983089,5.043679226811292,0.6625907397530999,1214.2441939664322,1205.4579644674648,1,0.010727478199267967,-0.0004083632718312469,-0.0083454279414229,0.009818501991800677,0.10205200759425677,0.1289288631397354,0.66,244.006,2.47,1.0,0.0
2017-02-15,1225.5,1231.699951171875,1217.300048828125,1231.699951171875,175,62.86384097552615,12.150689351779192,11.813637519531802,0.3370518322473899,5.191701933986434,0.7653084167186995,1215.9066470336172,1206.4870619852848,1,0.011804543737520911,0.006373009724831569,-0.004767311352983139,0.016841328755402785,0.10403747219190827,0.1290249066220021,0.66,244.006,2.51,1.0,0.0
2017-02-16,1234.5,1240.699951171875,1233.199951171875,1240.0,87,66.29712362207539,12.566518961468091,11.96421380791906,0.6023051535490307,5.363899976226468,0.8535844836644835,1218.2012520780347,1207.8012948486069,1,0.005867337476437919,0.00673869380300629,0.003967309943260222,0.03255889315600191,0.09969986045152268,0.1289107729072597,0.66,244.006,2.45,1.0,0.0
2017-02-17,1240.699951171875,1241.199951171875,1234.800048828125,1237.5999755859375,301,64.44188196908094,12.557648258405152,12.08290069801628,0.474747560388872,5.462611228113848,0.7856536971235701,1220.0487495549778,1208.9698705637963,1,0.020281652179772253,-0.0019355035597278247,0.0025923129525162736,0.027650855607135316,0.10035560680464208,0.12899743067222985,0.66,244.006,2.42,1.0,0.0
2017-02-21,1237.300048828125,1237.5,1228.0999755859375,1237.5,119,64.36108554457495,12.399615914296191,12.146243741272263,0.2533721730239282,5.612825026593792,0.759859184659067,1221.7107734068848,1210.0886991691377,1,0.00801554611801713,-8.078182604209783e-05,0.010699097782365996,0.0185185185185186,0.09645544556006926,0.12899059184517084,0.66,244.006,2.43,1.0,0.0
2017-02-22,1236.0999755859375,1238.5999755859375,1231.800048828125,1232.0,36,59.91085166878673,11.695748796669022,12.056144752351615,-0.3603959556825931,5.626448801787674,0.663130503782549,1222.6906997490862,1210.9479658683872,1,0.0024247730984895684,-0.004444444444444473,0.006618167680661147,0.01792939791491044,0.0968578080591718,0.1234695054510889,0.66,244.006,2.42,1.0,0.0
2017-02-23,1236.0999755859375,1250.300048828125,1236.0999755859375,1250.199951171875,112,67.83621003264325,12.462849025382411,12.137485606957775,0.32536341842463656,5.69590475980996,0.8840079233422042,1225.3106284560185,1212.4872594097005,1,0.007551138738690147,0.014772687639508897,0.015019891802706242,0.04418266114289948,0.09826868595629938,0.12505995929034502,0.66,244.006,2.38,1.0,0.0
2017-02-24,1250.0,1258.800048828125,1250.0,1256.9000244140625,1264,70.17387826885509,13.456305485712392,12.401249582708699,1.0550559030036926,5.557523049750356,0.941330738329957,1228.3191423567846,1214.228936468695,1,0.08486382511606672,0.005359201330880969,0.01362905194682451,0.056662483744482905,0.09324242839406328,0.12383557163701651,0.66,244.006,2.31,1.0,0.0
2017-02-27,1254.699951171875,1263.0999755859375,1250.4000244140625,1257.4000244140625,544,70.34708239216353,14.12119239354115,12.74523814487519,1.3759542486659608,5.144796176151502,0.9285484856304668,1231.0887501717634,1215.92192030969,1,0.16978511571292582,0.00039780411352374756,0.01599874694466652,0.058328465829610154,0.09252591525800437,0.12366413481455349,0.66,244.006,2.36,1.0,0.0
2017-02-28,1253.5999755859375,1257.300048828125,1247.199951171875,1252.5999755859375,721,66.36283146469003,14.098280037105951,13.015846523321343,1.0824335137846077,4.5612493828395015,0.8440802121016712,1233.1374383064467,1217.3602754185624,1,1.0084621302188963,-0.003817439744652318,0.012202000473484853,0.04978212105667956,0.09527736356601467,0.11984484301753737,0.66,244.006,2.36,1.0,0.0
2017-03-01,1247.800048828125,1248.9000244140625,1236.9000244140625,1248.9000244140625,138,63.38289054153546,13.624511800694108,13.137579578795897,0.4869322218982113,4.290912946047944,0.7573400261032063,1234.6386369833624,1218.5971283203469,1,0.24587973273942093,-0.002953817055715846,0.013717552284141732,0.033344406455566356,0.08868165656955745,0.11978715416355575,0.79,243.892,2.46,1.0,0.0
2017-03-02,1247.199951171875,1247.5999755859375,1230.699951171875,1231.9000244140625,79,51.86018593969681,11.741935412614112,12.85845074555954,-1.1165153329454292,3.6943796189038243,0.3976667421030428,1234.3778167386672,1219.1188105201004,1,0.15552711881090658,-0.013611978275023029,-0.014637599962037284,0.021814904911011457,0.10333682208773722,0.122928916430896,0.79,243.892,2.49,2.0,0.0
2017-03-03,1231.699951171875,1235.199951171875,1222.9000244140625,1225.5,121,48.3001967451089,9.62262791413491,12.211286179274616,-2.5886582651397063,3.4920720895511055,0.23343345752460484,1233.5323103826036,1219.3690532448024,1,0.2760036496350365,-0.005195246600556369,-0.02498211775331971,0.007232718978618546,0.10098864025980274,0.12349521936306625,0.79,243.892,2.49,2.0,0.0
2017-03-06,1235.199951171875,1235.199951171875,1224.5,1224.5,29,47.74865447678813,7.772770154196678,11.323582974259029,-3.550812820062351,3.3475904701969177,0.19061027466120695,1232.672090346165,1219.5702668430456,1,0.07312153303076147,-0.00081599347205219,-0.02616512150092698,0.004924086992203591,0.10098018694176362,0.12286710113790228,0.79,243.892,2.49,2.0,0.0
2017-03-07,1224.300048828125,1225.4000244140625,1213.699951171875,1215.0999755859375,53,42.801019205875654,5.48501332173646,10.155869043754516,-4.6708557220180555,3.6693026849786268,0.026815841656032523,1230.9985556070958,1219.394961303551,1,0.14978098064151477,-0.0076766226329624265,-0.02993773010610057,-0.012113840987042712,0.09864992540326785,0.123533375831452,0.79,243.892,2.52,2.0,0.0
2017-03-08,1212.199951171875,1212.199951171875,1206.699951171875,1208.5,24,39.69124211506907,3.1036101917654833,8.74541727335671,-5.641807081591226,4.17373700325994,-0.019516522739632308,1228.8558360254676,1218.967707919098,1,0.08102633355840648,-0.0054316317328167996,-0.03234848556674241,-0.020823166576431018,0.09887356569581882,0.1237252174408932,0.79,243.892,2.57,2.0,0.0
2017-03-09,1204.5,1205.5999755859375,1202.300048828125,1202.4000244140625,37,37.01443703045279,0.7158619925764924,7.139506217200666,-6.423644224624174,4.7751119054285525,-0.028417886681677804,1226.3362349196195,1218.3179948404693,1,0.13044244667724308,-0.005047559442232119,-0.02394674844984379,-0.02844210719639817,0.09877628651184568,0.1227097562250239,0.79,243.892,2.6,2.0,0.0
2017-03-10,1196.199951171875,1203.300048828125,1196.199951171875,1200.699951171875,3,36.28006797402564,-1.2986572482454903,5.451873524111435,-6.7505307723569254,5.312370152085168,0.024664138921172436,1223.894684086501,1217.627091167191,1,0.012523481527864746,-0.0014138998733104202,-0.020236677950326354,-0.02785201610723287,0.09875256279668233,0.12262507225205162,0.79,243.892,2.58,2.0,0.0
2017-03-13,1206.199951171875,1210.0,1202.300048828125,1202.4000244140625,35,37.61304208097755,-2.7265663976809265,3.816185539752963,-6.54275193743389,5.7060602611447875,0.1038965201945047,1221.8475736415069,1217.0299512945194,1,0.15783540022547915,0.001415901816709697,-0.018048162993824057,-0.025923525086763988,0.09922701714808493,0.1219111703527073,0.79,243.892,2.62,2.0,0.0
2017-03-14,1203.0999755859375,1205.9000244140625,1196.800048828125,1201.9000244140625,22,37.36546872726215,-3.8541126954130505,2.2821258927197605,-6.1362385881328105,6.04558317141614,0.13421095794200738,1219.947807048417,1216.4366208286192,1,0.10840108401084012,-0.00041583498823005716,-0.010863263465633599,-0.018376347232406665,0.09591729108944085,0.12173171070826665,0.79,243.892,2.6,2.0,0.0
2017-03-15,1198.199951171875,1221.199951171875,1197.699951171875,1200.0999755859375,36,36.43566537051957,-4.837190040946325,0.8582627059865434,-5.695452746932869,6.386199285426282,0.1456055246446738,1218.0575373853237,1215.7959680740043,1,0.18292682926829268,-0.0014976693498300886,-0.006950785613622279,-0.019446072680257664,0.0959171397476956,0.10477522628509137,0.79,243.892,2.51,2.0,0.0
2017-03-16,1222.199951171875,1231.4000244140625,1222.199951171875,1226.5,47,54.36972137709935,-3.446297808080544,-0.0026493968268741347,-3.4436484112536703,6.381758660866094,0.4855765183806009,1218.8615814438642,1216.2157340318865,1,0.2468487394957983,0.021998187610305475,0.020043226128244385,-0.004221767782752295,0.12324205227285226,0.11252728938949808,0.79,243.892,2.53,2.0,0.0
2017-03-17,1227.0999755859375,1230.9000244140625,1227.0999755859375,1229.800048828125,26,56.03938689386297,-2.0540416187418487,-0.41292784120986903,-1.6411137775319795,6.320217617406451,0.5345559981224832,1219.9033402423652,1216.7484522591901,1,0.13877768881772085,0.002690622770586959,0.02423594473194446,-0.008225767074092727,0.12104851881240528,0.11235877211736736,0.79,243.892,2.5,1.0,0.0
2017-03-20,1229.300048828125,1234.4000244140625,1229.300048828125,1233.5999755859375,23,57.94751515379915,-0.636706667853332,-0.45768360653856166,-0.1790230613147703,6.292328077583137,0.5865261123455863,1221.2077817036577,1217.4092963112194,1,0.13260305563562988,0.00308987364363289,0.025948062656667714,-0.003232062119350121,0.12152157125459176,0.11077132975112369,0.79,243.892,2.47,1.0,0.0
2017-03-21,1226.4000244140625,1246.0999755859375,1226.4000244140625,1246.0999755859375,11,63.552014501933336,1.4781478568354487,-0.07051731386375962,1.5486651706992083,6.395718427098915,0.7388597338458196,1223.5784668353033,1218.5344209886593,1,0.06545670931270454,0.010132944428815183,0.03677506470924885,0.006949475220959567,0.1268490944432055,0.11210616538428801,0.79,243.892,2.43,1.0,0.0
2017-03-22,1247.9000244140625,1249.5,1247.699951171875,1249.300048828125,3,64.84377495511407,3.3735166706339896,0.6182894830357902,2.7552271875981993,6.573333434130451,0.7611647148138716,1226.02814131081,1219.7409161980502,1,0.018028846153846152,0.002568071025507157,0.04099664548211157,0.014042247425426035,0.1257681837787283,0.11186272765624686,0.79,243.892,2.4,1.0,0.0
2017-03-23,1246.4000244140625,1247.5,1244.800048828125,1246.9000244140625,16,63.03926201841745,4.6285926635637225,1.4203501191413768,3.2082425444223457,6.519624815520923,0.735436135568667,1228.015939701596,1220.8059792653448,1,0.09900990099009901,-0.0019210952695581929,0.016632714565073314,-0.0026395191862864653,0.11462432800561415,0.11208372360139099,0.79,243.892,2.41,1.0,0.0
2017-03-24,1248.0,1248.300048828125,1247.5999755859375,1248.199951171875,3,63.629636074100624,5.662864676726485,2.2688530306583985,3.394011646068087,6.344489576154939,0.7642961971334516,1229.938226508289,1221.8802526734441,1,0.030441400304414005,0.001042526852482295,0.01496170240136463,-0.0069218498473999635,0.11290205731467523,0.11189672218932788,0.79,243.892,2.4,1.0,0.0
2017-03-27,1255.800048828125,1257.699951171875,1253.800048828125,1255.4000244140625,72,66.7934644176804,6.983022499216759,3.2116869243700705,3.771335574846688,6.296565155998202,0.8607783604688634,1232.3631596421721,1223.1947535260174,1,0.9606404269513008,0.005768365265058417,0.017671894665667764,-0.0015905837133508571,0.11495162963589695,0.1122265631611651,0.79,243.892,2.38,0.0,0.0
2017-03-28,1255.9000244140625,1255.9000244140625,1255.300048828125,1255.300048828125,19,66.70669305769886,7.929780319107749,4.155305603317607,3.7744747157901424,6.35561392362481,0.8543755323026299,1234.5476252789297,1224.4537847143354,1,0.4767879548306148,-7.963643778341467e-05,0.007383093991203626,0.002155575039768376,0.11409883689277317,0.10884740486908712,0.79,243.892,2.42,0.0,0.0
2017-03-29,1252.199951171875,1253.4000244140625,1252.0999755859375,1253.4000244140625,190678,64.97900474186119,8.429605377796861,5.010165558213458,3.4194398195834026,6.441731951700231,0.8227076447875944,1236.343091863228,1225.5889313692267,1,19.93111630264925,-0.0015136018004908713,0.00328181815872286,0.003603170719858939,0.11369876041658933,0.10806341021410201,0.79,243.892,2.39,1.0,0.0
2017-03-30,1253.0999755859375,1253.5999755859375,1241.0999755859375,1245.0,51328,57.845958246010355,8.055054910658782,5.6191434287025235,2.435911481956259,6.547883654931541,0.7047419090495444,1237.1675593048253,1226.350149746904,1,4.231736373904512,-0.0067017905301137715,-0.0015237985218223837,0.01063396000188277,0.10473850186551066,0.10816571302266936,0.79,243.892,2.42,1.0,0.0
2017-03-31,1242.0999755859375,1248.800048828125,1238.699951171875,1247.300048828125,8223,59.16770125163383,7.8532878710061595,6.065972317163251,1.7873155538429089,6.6699802119779825,0.7155697478249985,1238.1325583070443,1227.1717144167558,1,0.6560345928006127,0.0018474287776104603,-0.0007209600856858955,0.017788697534169673,0.10258417978591332,0.10811358914409418,0.79,243.892,2.4,1.0,0.0
2017-04-03,1247.5,1252.4000244140625,1243.5999755859375,1250.800048828125,1160,61.16326752262307,7.884914402662844,6.429760734263169,1.4551536683996744,6.81477246823796,0.7368115821270447,1239.3389859757187,1228.0983157662213,1,0.09212966456065666,0.0028060609821096705,-0.0036641512637252127,0.021478194224683556,0.1025939216566932,0.10504088013246667,0.9,244.193,2.35,1.0,0.0
2017-04-04,1253.0999755859375,1260.300048828125,1253.0,1255.0,724,63.470377959291234,8.154875289863412,6.774783645383218,1.3800916444801938,6.89928937514011,0.759453379637967,1240.8305111208883,1229.1532837753891,1,0.057348805893302705,0.0033578118067791873,-0.00023902558468402724,0.032836824307252765,0.09743779550589751,0.10393901896772222,0.9,244.193,2.36,1.0,1.0
2017-04-05,1255.4000244140625,1255.4000244140625,1243.0,1245.4000244140625,907,55.37316407496044,7.507640037482815,6.921354923803138,0.5862851136796774,6.69217339199097,0.6285802958269087,1241.2657028630954,1229.7904108592586,1,0.07159405303643246,-0.007649382937002014,-0.006382639096995213,0.030533739688922257,0.09987538646914187,0.1038743589922879,0.9,244.193,2.34,1.0,0.0
2017-04-06,1256.0999755859375,1257.5,1249.0,1250.300048828125,169,58.29757649510535,7.3058748780504175,6.998258914652594,0.30761596339782304,6.308230125857508,0.6682398931577181,1242.1261167645268,1230.5947103874494,1,0.01333307035364194,0.003934498408547871,0.004257067331827402,0.03983701217687896,0.09709739316291112,0.10406366876180531,0.9,244.193,2.34,1.0,0.0
2017-04-07,1249.5,1269.0999755859375,1249.5,1254.300048828125,445,60.56914158758594,7.383627247406139,7.075332581203304,0.3082946662028352,5.786152543776801,0.7014233118646459,1243.285538865822,1231.52433150277,1,0.03504668296928099,0.0031992320593356993,0.005612121964219119,0.04464070944946452,0.09635238253024574,0.1026024107062209,0.9,244.193,2.38,1.0,0.0
2017-04-10,1252.699951171875,1255.199951171875,1246.800048828125,1251.0999755859375,182,57.85406322858216,7.105123947696711,7.081290854501986,0.023833093194725485,5.110725829088996,0.6388406063683278,1244.0297709344045,1232.2920038197572,1,0.014325407132793375,-0.0025512820837225725,0.00023978793260637232,0.04050228724471849,0.09779191419221073,0.10274682345730064,0.9,244.193,2.37,1.0,1.0
2017-04-11,1254.5,1273.5,1254.5,1271.199951171875,401,67.6600376189887,8.4093701391364,7.346906711428868,1.0624634277075309,4.543017841925436,0.9496881077844828,1246.617407147497,1233.817805676703,1,0.0315161136937907,0.01606584284083601,0.012908327626992122,0.05765864493729156,0.109048483962219,0.10706429553502192,0.9,244.193,2.32,1.0,0.0
2017-04-12,1275.0,1285.0999755859375,1272.0,1275.300048828125,492,69.23260452406117,9.66245548518873,7.810016466180841,1.852439019007889,3.5864189865730056,1.0755076890989101,1249.3490873075568,1235.4445603100921,1,0.038598982461783476,0.0032253758761320306,0.02400836986343391,0.06266150718440922,0.10785957106758494,0.10377924443247918,0.9,244.193,2.28,1.0,0.0
2017-04-13,1285.300048828125,1287.5999755859375,1282.0,1285.9000244140625,915,72.90131310682779,11.3796861536498,8.523950403674633,2.8557357499751674,3.9943607943178,1.1680184306085741,1252.8301289367478,1237.4232059612282,1,0.07154110486049485,0.008311750317643085,0.028473145801525268,0.04843051317901548,0.08502210099419177,0.1048407509372057,0.9,244.193,2.24,1.0,0.0
2017-04-17,1291.800048828125,1294.800048828125,1284.300048828125,1289.4000244140625,73,74.00357300221937,12.874614043143538,9.394083131568415,3.480530911575123,4.391522131482539,1.115593443699967,1256.3129761250634,1239.4615125672217,1,0.005706602460874595,0.0027218290174579884,0.027983715394678477,0.04846314296598875,0.08502373746673743,0.10295582635432346,0.9,244.193,2.26,1.0,0.0
2017-04-18,1283.9000244140625,1291.699951171875,1278.5999755859375,1291.699951171875,394,74.73094309090538,14.082604535043401,10.331787412263413,3.7508171227799885,4.750237267719099,1.05767052947986,1259.6831642247598,1241.5100787870122,1,0.030755420252522297,0.0017837185623272855,0.03245142384957922,0.04709790591422558,0.0850034249780033,0.10290689571750727,0.9,244.193,2.18,1.0,0.0
2017-04-19,1288.0,1288.0,1274.0,1281.4000244140625,194,65.84561536912605,14.046903731378507,11.074810676086432,2.972093055292074,4.9094857312810385,0.8438082394430567,1261.751436623741,1243.07439038023,1,0.015132723344175852,-0.007973931367317943,0.008023972336361762,0.02832842429960425,0.08726198417037664,0.10333086665250624,0.9,244.193,2.21,1.0,0.0
2017-04-20,1279.699951171875,1281.9000244140625,1276.199951171875,1281.9000244140625,127,66.05659906364704,13.898740381140897,11.639596617097325,2.2591437640435714,5.05627729200961,0.8156835897780603,1263.6703497466287,1244.5969642639097,1,0.009901684845744224,0.00039019821326169435,0.005175233539747914,0.026094592421185947,0.0872173221499978,0.10285983662955868,0.9,244.193,2.24,1.0,0.0
2017-04-21,1279.800048828125,1287.4000244140625,1279.199951171875,1287.4000244140625,474,68.37113239744693,14.063014219203751,12.12428013751861,1.9387340816851406,5.221123181645489,0.8578911552848784,1265.9303187625749,1246.275515642347,1,0.03689003035255662,0.0042905061980273995,0.0011664981503392013,0.03248055113242265,0.0869679696254136,0.10010355942672398,0.9,244.193,2.24,1.0,0.0
2017-04-24,1275.0,1276.4000244140625,1265.0,1275.800048828125,605,59.20208610954277,13.106102345084992,12.320644579031887,0.7854577660531046,5.149549238498755,0.6632383700370009,1266.870293054532,1247.433340473162,1,0.04697533212724492,-0.009010389440700095,-0.010547522358018924,0.022111920153768283,0.09484697395474515,0.10106288849547923,0.9,244.193,2.28,1.0,0.0
2017-04-25,1275.5999755859375,1276.9000244140625,1262.0999755859375,1265.5999755859375,356,52.53098074898972,11.39334671675374,12.135185006576258,-0.7418382898225175,5.09855442510932,0.49883710815210847,1266.7493104384755,1248.1457575364082,1,0.027611239946328716,-0.00799504064258083,-0.020205912032634776,0.008124861377659887,0.09841529936478896,0.10270327179276433,0.9,244.193,2.35,1.0,0.0
2017-04-26,1266.0,1266.0,1262.0999755859375,1262.0999755859375,1156,50.4310348460051,9.642403170719035,11.636628639404814,-1.9942254686857783,5.0493849736883805,0.43875667517814604,1266.3065166429958,1248.6929817736445,1,0.08926537530453316,-0.002765486779011339,-0.015061689137199963,0.0054169732281621474,0.0990518726589579,0.10277287519989141,0.9,244.193,2.32,1.0,0.0
2017-04-27,1266.699951171875,1267.199951171875,1262.199951171875,1263.699951171875,206,51.38771902527632,8.288329747824037,10.96696886108866,-2.678639113264623,4.96811593989942,0.45502321510679083,1266.0582723124128,1249.2814903774968,1,0.06011877836307656,0.0012677090697150728,-0.014197732190937784,0.00821758940257511,0.09887905370646041,0.09974754765498124,0.9,244.193,2.3,1.0,0.0
2017-04-28,1265.9000244140625,1267.199951171875,1264.699951171875,1266.0999755859375,85,52.857518757331015,7.324447050691106,10.23846449900915,-2.9140174483180434,4.714154892279112,0.475148334072884,1266.0622440527484,1249.9410388170436,1,0.0983341045812124,0.0018992043260244174,-0.016545011980887092,0.01694777155496996,0.09530066648660022,0.09954588510527512,0.9,244.193,2.29,1.0,0.0
2017-05-01,1268.699951171875,1269.300048828125,1253.300048828125,1253.300048828125,34,45.036653784147354,5.464722038916079,9.283716006990536,-3.818993968074457,4.601254713140059,0.24999475055722634,1264.8467968884986,1250.0727646998312,1,0.0747334871963952,-0.010109728303160925,-0.017635992427392666,0.004810390255044927,0.10285171236760908,0.10049755755337626,0.91,244.004,2.33,1.0,0.0
2017-05-02,1256.199951171875,1256.199951171875,1251.199951171875,1255.0999755859375,90,46.241216671820126,4.088980394542659,8.244768884500962,-4.155788489958303,4.529988892703091,0.2736952185265913,1263.9185281930165,1250.2699102247766,1,0.2241873209615145,0.0014361499143764611,-0.008296460337034017,0.003437741117648052,0.10251395561570298,0.1004957876189016,0.91,244.004,2.29,1.0,0.0
2017-05-03,1255.0999755859375,1255.800048828125,1238.699951171875,1246.4000244140625,195,41.50625440539324,2.2705088657867236,7.049916880758115,-4.779408014971391,4.691076906537746,0.14232517539600456,1262.2500992616876,1250.1181499969055,1,0.52,-0.0069316798192219364,-0.012439546371582955,-0.006852570187998008,0.1047771083535748,0.09989509904271096,0.91,244.004,2.33,1.0,1.0
2017-05-04,1239.800048828125,1239.800048828125,1224.199951171875,1226.5,72,33.145686697923495,-0.7675606198681635,5.4864213806328594,-6.253982000501023,5.284688354374453,-0.10088919301619763,1258.8453279034316,1249.1919480362426,1,0.21605401350337583,-0.015966001303167165,-0.029437328961972486,-0.015175866423284057,0.11622481176143364,0.10509769077371771,0.91,244.004,2.36,1.0,0.0
2017-05-05,1227.0,1233.699951171875,1224.800048828125,1224.800048828125,16,32.54265147326497,-3.2746760013155836,3.734201904243171,-7.008877905558755,5.937599786769071,-0.041008613716995726,1255.60292037245,1248.2354029692576,1,0.04914004914004914,-0.0013860180773542785,-0.03261979903182555,-0.020395104378265416,0.11490304097158673,0.10495956137019923,0.91,244.004,2.36,1.0,0.0
2017-05-08,1224.0,1234.0,1224.0,1225.300048828125,43,32.92916758053036,-5.161735904144052,1.9550143425657265,-7.1167502467097785,6.524927947765778,0.03076792719033521,1252.7169326063238,1247.3359773166642,1,0.1407528641571195,0.0004082298988135058,-0.02234101883757278,-0.023120464698294763,0.11396628309270079,0.10489486952264249,0.91,244.004,2.39,1.0,0.0
2017-05-09,1226.0999755859375,1226.199951171875,1214.0,1214.300048828125,55,28.993277137677367,-7.4588713162843305,0.07223721079571503,-7.531108527080046,7.343535422787785,-0.0163601637117899,1249.0581817703048,1246.0404507092705,1,0.18385425371887015,-0.008977392933690265,-0.03250731220735248,-0.02941405761004645,0.1172694875531311,0.10646237927471472,0.91,244.004,2.42,1.0,0.0
2017-05-10,1219.800048828125,1220.199951171875,1217.300048828125,1217.300048828125,23,31.401464890817024,-8.934303661223112,-1.7290709636080503,-7.205232697615061,7.947521356339485,0.07875579362033819,1246.0335976805734,1244.9133761256962,1,0.08206958073148975,0.002470559070548717,-0.023347220006367908,-0.04240080586383088,0.0990453264583674,0.10533008195512295,0.91,244.004,2.41,1.0,0.0
2017-05-11,1218.5,1222.699951171875,1218.300048828125,1222.699951171875,13,35.63305054029131,-9.55769230677356,-3.2947952322411527,-6.2628970745324075,8.264543816862831,0.1713728076323379,1243.811345632126,1244.0422614216247,-1,0.05072181037846274,0.004435966587652995,-0.0030982868553811604,-0.04124527220443874,0.1000030758497852,0.10573423737192754,0.91,244.004,2.39,1.0,0.0
2017-05-12,1228.0,1229.5,1226.0999755859375,1226.199951171875,29,38.29016053258961,-9.657980364606374,-4.567432258714197,-5.090548105892177,8.258234264282576,0.23296805839892942,1242.1340699692448,1243.342562980458,-1,0.13679245283018868,0.002862517493883443,0.0011429639842759354,-0.04642668334141342,0.09422341792020494,0.10507565703002944,0.91,244.004,2.33,1.0,0.0
2017-05-15,1227.5,1232.699951171875,1227.5,1228.5999755859375,13,40.115702670914615,-9.435036235979169,-5.540953054167192,-3.894083181811977,8.023903438373909,0.27870476230424096,1240.845108599406,1242.7644222983201,-1,0.06220095693779904,0.001957286339612674,0.002693158105207427,-0.04715375188220128,0.09371389211996588,0.10421095023034968,0.91,244.004,2.34,1.0,0.0
2017-05-16,1230.4000244140625,1237.300048828125,1230.4000244140625,1235.0,20,44.804801632233655,-8.642299871562727,-6.161222417646299,-2.481077453916428,7.519690238518069,0.36173835097480467,1240.288431589939,1242.4599351493664,-1,0.10509721492380451,0.005209201156796572,0.017046817375863332,-0.04389560526067593,0.09648402075566327,0.1047136540081739,0.91,244.004,2.33,1.0,0.0
2017-05-17,1241.0,1259.199951171875,1240.699951171875,1257.5,26,57.42613168242794,-6.127850584666021,-6.154548051050244,0.026697466384223212,7.157115817617724,0.6201342146820223,1241.9276285813733,1243.0497416140972,-1,0.14293567894447498,0.018218623481781382,0.033023863927858166,-0.01865149364656138,0.11782879105637896,0.11108203913131391,0.91,244.004,2.22,1.0,0.0
2017-05-18,1254.800048828125,1260.0,1245.800048828125,1251.699951171875,43,53.99831306894423,-4.550689362307594,-5.833776313301715,1.2830869509941207,6.6988859793915765,0.5770799600204248,1242.8583259709449,1243.3889655183239,-1,0.24198086662915028,-0.004612364873260444,0.02371800209217767,-0.023558836622997625,0.11841967673508233,0.11111319687949853,0.91,244.004,2.23,1.0,0.0
2017-05-19,1252.699951171875,1252.699951171875,1252.699951171875,1252.699951171875,14,54.50256574306394,-3.1833899503481007,-5.303699040710992,2.120309090362891,5.982648871669324,0.6231909330107133,1243.7956236091286,1243.75410221062,1,0.0904977375565611,0.0007989135088355415,0.021611483489845318,-0.02695360617068543,0.11692047991274454,0.10699519597182996,0.91,244.004,2.23,1.0,0.0
2017-05-22,1251.699951171875,1260.699951171875,1251.699951171875,1260.699951171875,14,58.4285148249898,-1.4376893859882784,-4.53049710976645,3.0928077237781713,5.648933364102813,0.7552561971316315,1245.4055595674854,1244.4186453071397,1,0.11186576108669596,0.006386206044405318,0.02612728001286868,-0.011835787018600663,0.11628580933975846,0.10723188506251406,0.91,244.004,2.25,0.0,0.0
2017-05-23,1261.5,1261.5999755859375,1250.5999755859375,1254.800048828125,20,54.68107780826868,-0.5242388243989353,-3.729245452692947,3.2050066282940115,5.47332781858227,0.6847287475733991,1246.3002728304034,1244.825759170708,1,0.1845869866174435,-0.004679862435360449,0.016032428200910998,-0.008533444189434691,0.11403911091303136,0.10766767677902918,0.91,244.004,2.29,1.0,0.0
2017-05-24,1251.9000244140625,1257.800048828125,1249.699951171875,1252.4000244140625,14,53.186674394787985,0.005946862612290715,-2.9822069896318997,2.9881538522441904,5.333436497766532,0.6607324875723709,1246.8812015526566,1245.1227891802512,1,0.2731707317073171,-0.001912674785360391,-0.004055646589214756,-0.007685564820149593,0.11384659722089797,0.10745140919849885,0.91,244.004,2.26,0.0,0.0
2017-05-25,1257.0999755859375,1258.300048828125,1255.800048828125,1255.800048828125,11,55.06042093585007,0.6924937574026444,-2.247266840224991,2.9397605976276355,5.193400681123192,0.7239850193531446,1247.7306155788917,1245.5415052448736,1,0.26506024096385544,0.002714807048692869,0.003275623405122996,-0.0062514067017444,0.11423940686355331,0.10741351732815224,0.91,244.004,2.25,0.0,0.0
2017-05-26,1267.5999755859375,1267.5999755859375,1267.5999755859375,1267.5999755859375,271457,60.908411084734624,2.1637996555691643,-1.3650535410661602,3.5288531966353247,5.231110298137676,0.9029047701234186,1249.6229355795629,1246.4065432974644,1,19.94526123981455,0.009396342012268466,0.011894328246858876,0.0011847405646665532,0.11911403668460933,0.10513336598908211,0.91,244.004,2.25,0.0,0.0
2017-05-30,1267.4000244140625,1270.0,1258.4000244140625,1262.0999755859375,129819,57.17382123242447,2.8531270725877675,-0.5214174183353747,3.3745444909231423,5.367489595643061,0.8034163015740118,1250.8112251039795,1247.0219720146595,1,6.458865585205492,-0.004338908256492857,0.00111051357839842,0.007021404623769545,0.11418399298254389,0.10494926808727381,0.91,244.004,2.21,0.0,0.0
2017-05-31,1262.4000244140625,1273.199951171875,1258.5,1272.0,2712,61.72326955101036,4.150429679378249,0.41295200120735004,3.7374776781708987,5.700164155459095,0.9133428248813225,1252.8292036655052,1248.0015025238886,1,0.134055347261183,0.007844088903865343,0.013707324276834632,0.013465082258624639,0.11719308648093722,0.10597548056036053,0.91,244.004,2.21,0.0,0.0
2017-06-01,1268.0,1269.199951171875,1260.800048828125,1267.0,825,58.35177909753646,4.720676112853653,1.2744968235366105,3.446179289317042,5.9419740962426415,0.8146002832375873,1254.1788033164096,1248.746541640599,1,0.04071671285340256,-0.0039308176100628645,0.011657597653567775,0.016527579575122076,0.11505947353933527,0.10498563607302841,1.04,244.163,2.21,0.0,0.0
2017-06-02,1265.199951171875,1279.0,1259.0,1276.800048828125,1732,62.65726394192259,5.895423782203579,2.1986822152700043,3.696741566933575,6.213422375293242,0.8943277200073486,1256.3332076508586,1249.8466791773646,1,0.08513169115677355,0.007734845168212212,0.016722407376553727,0.041011046741235235,0.09847473261585533,0.10515812064959264,1.04,244.163,2.15,0.0,0.0
2017-06-05,1279.199951171875,1282.0,1277.0,1279.300048828125,433,63.68851884709339,6.948056015657812,3.148556975347566,3.799499040310246,6.396129176195737,0.8794114323036417,1258.5205258582173,1251.0017132813161,1,0.021261133861670056,0.001958019975245584,0.009230098980381518,0.04449705897068257,0.09765696993043385,0.10443551550859245,1.04,244.163,2.18,1.0,0.0
2017-06-06,1279.4000244140625,1295.199951171875,1279.4000244140625,1294.4000244140625,942,69.2179272948333,8.898144210938653,4.298474422465784,4.59966978847287,6.864539020893854,0.987993372357333,1261.937620958774,1252.7036078355416,1,0.046152150214960254,0.011803310411634405,0.025592306039883717,0.05639433023121532,0.10306231232392543,0.106573763317831,1.04,244.163,2.14,0.0,0.0
2017-06-07,1291.5999755859375,1293.0999755859375,1284.300048828125,1290.0999755859375,641,66.12967399201922,9.981563896611078,5.435092317294843,4.546471579316235,6.722603977334732,0.9009981617803132,1264.6197499708849,1254.1701320610473,1,0.0313600015655539,-0.0033220401321233384,0.014229540554982378,0.06242273219947925,0.09620069224302724,0.10698525692724836,1.04,244.163,2.18,0.0,0.0
2017-06-08,1285.4000244140625,1287.5999755859375,1268.0999755859375,1276.300048828125,319,57.294848471275515,9.615798109587331,6.271233475753341,3.34456463383399,6.203736777698434,0.7190964300206659,1265.73215938586,1255.0379719342661,1,0.015595323358518886,-0.010696788635737198,0.007340212176894179,0.04846791886420965,0.10795245617138145,0.10970467218739087,1.04,244.163,2.19,1.0,0.0
2017-06-09,1277.9000244140625,1277.9000244140625,1264.5999755859375,1268.5,467,52.985938229176035,8.597421610848414,6.736471102772356,1.8609505080760584,5.618147869331393,0.5991230176245277,1265.9957632538733,1255.5658946035105,1,0.022805462567543483,-0.006111453835081271,-0.006500664560392999,0.03745812599749332,0.11171878929584543,0.1105626793014932,1.04,244.163,2.21,1.0,0.0
2017-06-12,1266.4000244140625,1269.300048828125,1263.199951171875,1266.0999755859375,255,51.697613366396915,7.5101170319585435,6.8912002886095935,0.61891674334895,4.993638575081801,0.5416840083606107,1266.0056882378794,1255.9789958185077,1,0.012445793687786285,-0.0018920176697378999,-0.010318199592252886,0.032539574296940765,0.11241483262028795,0.10180334230151995,1.04,244.163,2.21,1.0,0.0
2017-06-13,1264.0999755859375,1266.9000244140625,1259.699951171875,1265.800048828125,150,51.528996628954864,6.5487290646044585,6.822706043808567,-0.27397697920410824,4.29755689675223,0.5086439654248365,1265.9861035321885,1256.364135152218,1,0.007318608293446918,-0.000236890264272982,-0.022095159955581645,0.030278425835428058,0.11259239745175866,0.10171500311434097,1.04,244.163,2.21,1.0,0.0
2017-06-14,1269.4000244140625,1278.0,1256.800048828125,1272.800048828125,336,55.2014919322977,6.279280041012271,6.714020843249308,-0.43474080223703737,3.7085342874738343,0.6187361900660695,1266.63505070323,1257.0086807865673,1,0.016381054530385394,0.005530099328468596,-0.01340975667405564,0.03060732698633606,0.11273728093014275,0.10210186332870898,1.04,244.163,2.15,1.0,0.0
2017-06-15,1263.199951171875,1264.199951171875,1250.300048828125,1252.199951171875,743,44.512889003774774,4.35330187569366,6.241877049738179,-1.8885751740445187,3.795455784021847,0.19315739091297152,1265.2602793192914,1256.8201031546187,1,0.0361603807790299,-0.016184865545233573,-0.018882783620025934,-0.004214750559145108,0.11184177347726455,0.10581032822718936,1.04,244.163,2.16,1.0,0.0
2017-06-16,1252.800048828125,1255.300048828125,1251.300048828125,1254.0,34,45.505821957963576,2.938327984588568,5.581167236708257,-2.642839252119689,3.752097250062967,0.22508329263990456,1264.1878717650732,1256.7095108740455,1,0.001654750838325976,0.001437509102631962,-0.011430823807646817,0.0018375400797703278,0.11073427372958422,0.10572245067622173,1.04,244.163,2.16,1.0,0.0
2017-06-19,1252.0999755859375,1252.199951171875,1241.9000244140625,1244.199951171875,108,41.184737539587395,1.0144747105721308,4.667828731481032,-3.6533540209089015,3.9557608879155013,0.0520435971932262,1262.2842602800067,1256.218939905333,1,0.005255065299052142,-0.007815030963417069,-0.017297231527018564,-0.006785343922180553,0.1141995388989365,0.10688791793330397,1.04,244.163,2.19,1.0,0.0
2017-06-20,1242.199951171875,1245.5,1240.5,1241.0,75,39.85398490426377,-0.7596454660927066,3.5823338919662846,-4.341979358058991,4.322433880499148,0.04923744967695194,1260.257187872387,1255.6221187325748,1,0.0036488093934949023,-0.002571894629043392,-0.01959239048148631,-0.015626201265069528,0.11161653817893456,0.10698909783198417,1.04,244.163,2.16,1.0,0.0
2017-06-21,1244.0999755859375,1245.0,1240.0,1243.4000244140625,205,41.383788815386865,-1.9495137940832592,2.475964354756376,-4.425478148839636,4.533773322046703,0.121837895775228,1258.651743733499,1255.1428209161625,1,0.009968926127825947,0.0019339439275281034,-0.02309869837067602,-0.009085132268451201,0.11101881021737604,0.10638196408493113,1.04,244.163,2.16,1.0,0.0
2017-06-22,1251.0,1252.699951171875,1246.300048828125,1247.5999755859375,156,44.06496932514362,-2.5244912932530497,1.475873225154491,-4.00036451840754,4.6131918322750005,0.20436943995175647,1257.5991943861122,1254.8470230600753,1,0.0075834913227358905,0.0033777956324667624,-0.003673515225449897,-0.003832680241579123,0.11168186145119319,0.1066280222590286,1.04,244.163,2.15,1.0,0.0
2017-06-23,1250.0,1273.5999755859375,1249.800048828125,1256.199951171875,269,49.189986028538115,-2.2601651698696514,0.7286655461496626,-2.988830716019314,4.609276774610634,0.35128905794824644,1257.4659331276134,1254.9000790644598,1,0.013068466131296788,0.0068932155772916115,0.001754347027013603,0.0003184442810963972,0.11406561082783204,0.10753435231027363,1.04,244.163,2.15,1.0,0.0
2017-06-26,1260.199951171875,1260.199951171875,1241.5999755859375,1246.300048828125,194,44.172545775589725,-2.81705098472753,0.019522239974224143,-2.836573224701754,4.780955941012512,0.2102881813113776,1256.402515575281,1254.5628229767603,1,0.027632375458462415,-0.00788083324992539,0.0016879100937690072,-0.016803350558575736,0.11176207122885769,0.10788031709702534,1.04,244.163,2.14,1.0,0.0
2017-06-27,1251.5999755859375,1251.800048828125,1245.9000244140625,1246.4000244140625,111,44.23440715003186,-3.213279129287912,-0.6270380338782031,-2.586241095409709,4.93242145343369,0.2332157636117863,1255.4498973694508,1254.2427132292037,1,0.20734099187447463,8.02179106320633e-05,0.004351349245819813,-0.012439546371582955,0.1110251970164189,0.10781317221521103,1.04,244.163,2.21,1.0,0.0
2017-06-28,1248.5,1248.5,1248.0,1248.0,370,45.27943152966153,-3.3594623396318184,-1.1735228950289263,-2.185939444602892,4.995871084705374,0.2807701731823444,1254.740383334265,1253.9979009457056,1,0.8846383741781231,0.0012836774346900448,0.003699513829513723,-0.018867924528301883,0.10678011374160565,0.10768867957868035,1.04,244.163,2.22,1.0,0.0
2017-06-29,1248.199951171875,1250.699951171875,1238.0999755859375,1244.199951171875,540,43.20839054647712,-3.7388466720349243,-1.686587650430126,-2.0522590216047982,5.128426521514702,0.24510012610945056,1253.7365326521326,1253.6136676212418,1,1.3366336633663367,-0.0030449109199719437,-0.00272525206844898,-0.017995302942482194,0.10649662503906088,0.10762721239100327,1.04,244.163,2.27,2.0,0.0
2017-06-30,1243.699951171875,1243.699951171875,1239.0999755859375,1240.699951171875,43,41.3331797502793,-4.272679449022917,-2.2038060101486843,-2.0688734388742325,5.172110685683619,0.2208580121624872,1252.4949534635366,1253.1072473683255,-1,0.1345642309497731,-0.002813052674293548,-0.0123388000338166,-0.028273884927701443,0.10164903521220771,0.10663004086542438,1.04,244.163,2.31,2.0,0.0
2017-07-03,1236.0,1236.0,1217.9000244140625,1217.9000244140625,33,31.686014590260825,-6.461030574647793,-3.055250923048506,-3.4057796515992873,5.685607007424422,-0.03088097519797616,1249.2001983159676,1251.7265719583545,-1,0.1101652478718077,-0.018376664508028218,-0.02278746955098543,-0.047995014516185375,0.11741262434997085,0.11280690901517508,1.15,244.243,2.35,2.0,0.0
2017-07-05,1222.5,1225.0,1217.0999755859375,1220.4000244140625,40,33.518304639721876,-7.902490509828112,-4.024698840404428,-3.8777916694236847,5.469527004167061,0.03704701770762319,1246.4573246110242,1250.498079897794,-1,0.15720180782078993,0.0020527136463461826,-0.020860076613222756,-0.05716934379192218,0.10640198027430549,0.11267393188080418,1.15,244.243,2.33,2.0,0.0
2017-07-06,1225.0999755859375,1225.0999755859375,1222.199951171875,1222.199951171875,5,34.872705269887945,-8.79819868907748,-4.979398810139038,-3.8187998789384423,5.106627914827179,0.08426682324082259,1244.1470985692006,1249.3883493595226,-1,0.022456770716370984,0.0014748662092798348,-0.02067311604817712,-0.05263159886754021,0.10753103619783905,0.11265601821812155,1.15,244.243,2.37,2.0,0.0
2017-07-07,1219.0999755859375,1220.4000244140625,1208.5999755859375,1208.5999755859375,116,29.9138116187916,-10.484598321395197,-6.08043871239027,-4.404159609004926,5.423082955167502,-0.043792318690167815,1240.7616582850803,1247.7888052899702,-1,0.5458823529411765,-0.0111274555140487,-0.028612744721945194,-0.053044010539957664,0.1079736195060045,0.10953786606190538,1.15,244.243,2.39,2.0,0.0
2017-07-10,1211.4000244140625,1212.0999755859375,1209.5999755859375,1212.0999755859375,28,32.57122444883247,-11.407166713423067,-7.14578431259683,-4.261382400826236,5.626414354149673,0.06507397368457159,1238.0319742184952,1246.3892433407925,-1,0.14694305956441878,0.00289591268467726,-0.023051484413233014,-0.04446198219476749,0.10894487456111805,0.10948790113406515,1.15,244.243,2.38,2.0,0.0
2017-07-11,1208.699951171875,1214.9000244140625,1208.699951171875,1213.5999755859375,12,33.730923763846775,-11.880322385656655,-8.092691927208795,-3.7876304584478593,5.7030071086788,0.12834320422694748,1235.7051172058707,1245.1033897033471,-1,0.06726457399103139,0.0012375216815549983,-0.003530707563778712,-0.041465919763329584,0.10965421212375115,0.10792133338041215,1.15,244.243,2.37,2.0,0.0
2017-07-12,1218.300048828125,1219.4000244140625,1217.9000244140625,1218.0999755859375,7,37.21936772378708,-11.756665748396244,-8.825486691446285,-2.9311790569499596,5.569904333042426,0.21861632355088853,1234.0284370515913,1244.0444322869782,-1,0.040875912408759124,0.0037079763435454716,-0.0018846679630551977,-0.03768373471493236,0.11142664937629769,0.10808327996619259,1.15,244.243,2.33,2.0,0.0
2017-07-13,1221.4000244140625,1221.4000244140625,1216.300048828125,1216.300048828125,7,36.39412980246623,-11.669388571697027,-9.394267067496434,-2.275121504200593,5.113175565129178,0.2090179860295331,1232.3400191255469,1242.9564172493763,-1,0.04521963824289405,-0.0014776510909514373,-0.004827280788297417,-0.04439031885017597,0.10794805406388862,0.10793796203195544,1.15,244.243,2.35,2.0,0.0
2017-07-14,1214.9000244140625,1227.5,1214.800048828125,1226.5999755859375,23,44.04038656581544,-10.646377953184583,-9.644689244634064,-1.0016887085505193,4.975236903456157,0.3893486985052375,1231.7933483122508,1242.3149881645356,-1,0.1936026936026936,0.008468244959569216,0.0148932652354834,-0.020443999827647108,0.10074135288967807,0.10863742951076921,1.15,244.243,2.33,2.0,0.0
2017-07-17,1229.9000244140625,1233.4000244140625,1229.9000244140625,1232.800048828125,7,48.08599270479094,-9.228954925592234,-9.561542380825697,0.33258745523346356,4.7372340683433345,0.508051890847204,1231.889224551858,1241.941853288598,-1,0.05959982971477224,0.005054682345991157,0.01707785963132369,-0.01690586217852874,0.10270722445386159,0.10925853076925153,1.15,244.243,2.31,2.0,0.0
2017-07-18,1236.199951171875,1241.199951171875,1236.199951171875,1241.0999755859375,29,52.98601526253198,-7.3511626136007635,-9.119466427380711,1.7683038137799478,4.7018464250566065,0.6540517028040161,1232.7664389360561,1241.908838476729,-1,0.2555066079295154,0.006732581464206078,0.02265985543277771,-0.002491541317790391,0.1025581931905111,0.10983864858802812,1.15,244.243,2.27,2.0,0.0
2017-07-19,1240.4000244140625,1241.199951171875,1240.0999755859375,1241.199951171875,3,53.04350807454165,-5.788208617423152,-8.4532148653892,2.6650062479660477,4.703806613718334,0.6555386830390041,1233.5696305775627,1241.881038974578,-1,0.0272975432211101,8.055401490958403e-05,0.018963940603336615,0.00016112100876308766,0.1021490168483855,0.10842658047844261,1.15,244.243,2.27,2.0,0.0
2017-07-20,1236.5999755859375,1244.800048828125,1236.5999755859375,1244.800048828125,5,55.1695162060139,-4.210522241943181,-7.604676340699996,3.3941540987568146,4.7221328600361465,0.715592585623583,1234.6391942204734,1241.9955099492267,-1,0.050050050050050046,0.002900497742407193,0.023431718207574725,0.0011259646023589198,0.10244680292488531,0.10747652043459838,1.15,244.243,2.27,2.0,0.0
2017-07-21,1250.699951171875,1254.300048828125,1250.5,1254.300048828125,16,60.280109566791985,-2.168625255547795,-6.517466123669556,4.348840868121761,4.857337970876989,0.8626134528932153,1236.5116565640592,1242.478040885654,-1,0.17222820236813777,0.00763174777261888,0.0225828092234841,0.00537036980867267,0.10532324586458452,0.10854557932654925,1.15,244.243,2.24,2.0,0.0
2017-07-24,1256.0,1256.0,1253.9000244140625,1253.9000244140625,8,59.97009634026333,-0.5760455156982971,-5.329182002075305,4.753136486377008,4.801315598600629,0.8620620057749625,1238.1676915973928,1242.9259618083368,-1,0.10018785222291798,-0.00031892242564790507,0.017115488927823108,-0.0018308604101336945,0.10239741962232762,0.10850872377446417,1.15,244.243,2.26,2.0,0.0
2017-07-25,1252.699951171875,1253.5999755859375,1249.199951171875,1251.699951171875,18,58.1973574195429,0.5027623468095044,-4.162793132298343,4.665555479107847,4.896362765350464,0.8140334766234048,1239.456478223534,1243.2700398225932,-1,0.2533427163969036,-0.0017545842566001335,0.008540791067966236,0.0043327466357940825,0.09841587914684655,0.10847552134697065,1.15,244.243,2.33,2.0,0.0
2017-07-26,1244.800048828125,1249.0,1244.800048828125,1249.0,7,56.00922766533898,1.126871976410257,-3.104860110556623,4.23173208696688,4.9372897744764135,0.764906263254009,1240.365385059388,1243.4947441432757,-1,0.10630220197418376,-0.0021570274644072684,0.006284280643711337,0.0020859880736601166,0.09877732333048483,0.10655669796383566,1.15,244.243,2.29,2.0,0.0
2017-07-27,1259.5999755859375,1259.5999755859375,1259.5999755859375,1259.5999755859375,220309,62.0430767866892,2.448587009574794,-1.9941706865303397,4.442757696105134,5.18374474741412,0.9089040826722157,1242.1972508238214,1244.1263218469096,-1,19.914397801641538,0.008486769884657797,0.011889400849353526,0.009294852232321738,0.10309454202086554,0.10793750409687179,1.15,244.243,2.32,2.0,0.0
2017-07-28,1258.4000244140625,1270.0,1256.9000244140625,1268.4000244140625,64180,66.1892935641621,4.1582128023653695,-0.7636939887511979,4.921906791116568,5.698033481408615,0.9795202404538663,1244.692753070511,1245.0782317515038,-1,4.505503762776592,0.0069863837715871124,0.011241309923499587,0.019450308786296056,0.10468377084648858,0.10784246235934664,1.15,244.243,2.3,2.0,0.0
2017-07-31,1268.9000244140625,1270.800048828125,1265.800048828125,1266.5999755859375,7780,64.6340225564599,5.306682530628905,0.45038131512482255,4.856301215504082,6.113435868208473,0.9055072973422472,1246.7791552148371,1245.9222217057954,1,0.5317240365919087,-0.0014191491591594163,0.010128360255682756,0.020875332822895,0.10413072360022918,0.10237334647610577,1.15,244.243,2.3,2.0,0.0
2017-08-01,1268.4000244140625,1273.300048828125,1262.0,1272.5999755859375,1061,67.38500193704114,6.624638214816741,1.6852326950632064,4.939405519753535,6.459738438886628,0.9237250916877637,1249.2382809644657,1246.9684081324676,1,0.07226019117281492,0.004737091517173164,0.016697311839387163,0.044913334489989465,0.07469784108234012,0.10264901269431485,1.16,245.183,2.26,2.0,0.0
2017-08-02,1268.5,1272.0999755859375,1262.9000244140625,1271.800048828125,393,66.64074113721557,7.517918303345368,2.851769816719639,4.66614848662573,6.694945912877199,0.8674405560620898,1251.3870207610048,1247.94219796367,1,0.026733420857510185,-0.0006285767508711348,0.018254642776721397,0.04211735773992675,0.07536980282131428,0.10268092476143303,1.16,245.183,2.27,2.0,0.0
2017-08-03,1265.9000244140625,1269.800048828125,1256.5999755859375,1267.800048828125,878,62.89959884896569,7.813019018821251,3.8440196571399614,3.9689993616812895,6.773656746228,0.7879502369492302,1252.9501662912066,1248.7209372132565,1,0.05954823373020852,-0.003145148487520233,0.0065100614489714825,0.03730985066111936,0.07760306902027203,0.10101901545211978,1.16,245.183,2.24,2.0,0.0
2017-08-04,1269.0,1269.5999755859375,1253.9000244140625,1258.300048828125,521,55.00206175380807,7.1973512714725985,4.514685980006489,2.682665291466109,6.316074488799933,0.6559087086822872,1253.4596789137704,1249.0965886491338,1,0.03528710564458231,-0.00749329518387476,-0.007962768362924977,0.041122020723269204,0.07017634740767192,0.10234590552395384,1.16,245.183,2.27,2.0,0.0
2017-08-07,1258.699951171875,1259.0999755859375,1255.300048828125,1258.199951171875,260,54.92381083451519,6.62498440542754,4.9367456650907,1.68823874033684,5.835265519590418,0.6354262983739584,1253.9111334145423,1249.4535832578688,1,0.017595863618521675,-7.954991048697568e-05,-0.006631947399317273,0.0380331462045056,0.07047590967122595,0.10203352498329134,1.16,245.183,2.26,2.0,0.0
2017-08-08,1256.9000244140625,1264.0999755859375,1251.4000244140625,1256.4000244140625,555,53.45121466729953,5.957466527926499,5.14088983765786,0.8165766902686391,5.255982990937031,0.5901489618994651,1254.148170652592,1249.7259927149744,1,0.037491513745199566,-0.0014305570081576402,-0.01272980628843412,0.03526701523495057,0.07142220997304848,0.10198463746670798,1.16,245.183,2.29,2.0,0.0
2017-08-09,1260.199951171875,1277.800048828125,1260.199951171875,1273.0,574,63.2401246098322,6.690805656079874,5.450873001342263,1.2399326547376113,4.89717518573233,0.8222947020589287,1255.9435829713927,1250.6386988830147,1,0.03870089065987041,0.013212333065401705,0.0009435061533302758,0.045070212227575235,0.08192903692756816,0.1052275055051429,1.16,245.183,2.24,1.0,0.0
2017-08-10,1276.5999755859375,1287.4000244140625,1274.9000244140625,1283.699951171875,608,67.92268153766858,8.042667964998145,5.969231994073439,2.073435970924706,4.528130478925621,0.9764487188834078,1258.587046609534,1251.9352185806172,1,0.040910390768247346,0.008405303355754068,0.012541332805947603,0.05541387785743179,0.08350084982127219,0.10601888028301715,1.16,245.183,2.2,1.0,0.0
2017-08-11,1286.300048828125,1291.0999755859375,1282.0,1287.699951171875,139,69.48745114476189,9.32925332993409,6.64123626124557,2.68801706868852,4.450675382474999,1.000420867332826,1261.3597041868998,1253.3377571136077,1,0.009349220281754559,0.003115992951739477,0.023364778830876398,0.0498124708968386,0.08074354532003745,0.09977700971363486,1.16,245.183,2.19,1.0,0.0
2017-08-14,1288.4000244140625,1288.4000244140625,1278.800048828125,1284.199951171875,338,66.43370080072557,9.951743250269374,7.303337659050332,2.648405591219042,4.298089207365978,0.9052442085470511,1263.5349658045166,1254.5480392335398,1,0.022708796635335694,-0.002718024487626036,0.020664442067243716,0.04169362451973435,0.0821047512868069,0.09944407733111635,1.16,245.183,2.22,1.0,0.0
2017-08-15,1280.5,1280.5,1267.4000244140625,1273.699951171875,188,58.174038368378184,9.488432011212808,7.740356529482828,1.7480754817299804,4.072770983861559,0.6914568411095048,1264.503059649027,1255.2990946036707,1,0.012624185387505414,-0.008176296837901553,0.013769441596342302,0.026267002036275633,0.08774219964541251,0.10100192516691872,1.16,245.183,2.27,1.0,0.0
2017-08-16,1271.300048828125,1282.5999755859375,1269.4000244140625,1276.9000244140625,110,59.813892057782994,9.272585093821817,8.046802242350626,1.225782851471191,3.8095365617292334,0.7337469741524758,1265.6837229599826,1256.1461898903528,1,0.0073838387906614575,0.0025124231489868087,0.003063648400677632,0.028762548055598414,0.08771935993380195,0.1003158174477197,1.16,245.183,2.23,1.0,0.0
2017-08-17,1283.800048828125,1288.5,1283.199951171875,1286.4000244140625,43,64.28997102125807,9.755638533543333,8.388569500589169,1.3670690329541646,3.744575323477375,0.8937199661429436,1267.6567040508473,1257.3326147736357,1,0.0028860416261166635,0.007439893349801885,0.0021033522979592156,0.03341900221252425,0.09015970105882579,0.10085396332148253,1.16,245.183,2.19,1.0,0.0
2017-08-18,1288.5999755859375,1300.699951171875,1284.300048828125,1285.699951171875,358,63.726660953461646,9.96707753926421,8.704271108324178,1.2628064309400315,3.802170499386933,0.8402381691398401,1269.3751085385643,1258.4450593382726,1,0.02400042905794964,-0.0005442111543074724,-0.0015531568500720683,0.02503380460926108,0.08761995746471028,0.10075786278199332,1.16,245.183,2.19,1.0,0.0
2017-08-21,1285.199951171875,1290.800048828125,1284.699951171875,1290.800048828125,18,66.05978871646494,10.425995347785829,9.048615956216508,1.3773793915693204,3.8986253680303644,0.8970234792569947,1271.415579042332,1259.7138824555218,1,0.0012066850350944231,0.003966786847585668,0.005139462628251268,0.029428202963235117,0.08792814056279452,0.10091047107099096,1.16,245.183,2.18,1.0,0.0
2017-08-22,1287.199951171875,1288.4000244140625,1283.199951171875,1285.0999755859375,100,61.31309861570223,10.212024878187776,9.281297740610762,0.9307271375770139,3.7396596493268146,0.7585177643007267,1272.7188549036277,1260.7094155194598,1,0.00670196367535688,-0.004415922704188335,0.008950321779924497,0.026683730699831543,0.08971178625085291,0.09966643014214695,1.16,245.183,2.22,1.0,0.0
2017-08-23,1289.4000244140625,1289.4000244140625,1286.9000244140625,1288.9000244140625,250,63.210964523496564,10.231145643245554,9.471267321137722,0.7598783221078325,3.469725412586607,0.8190025276302997,1274.2599186665263,1261.8149295937578,1,0.016741276957641223,0.002957006381073546,0.009397760020802393,0.03194557599204373,0.08891632582952029,0.09935706782402809,1.16,245.183,2.17,1.0,0.0
2017-08-24,1288.699951171875,1288.699951171875,1284.0,1286.5,550,61.16992828694858,9.938077108271727,9.564629278564523,0.3734478297072048,3.372837135786455,0.7408116085159929,1275.4256406982856,1262.7829715704731,1,0.13940991584710535,-0.001862071819847766,7.771733833972228e-05,0.02135600582363395,0.0858172046322016,0.09822519795805706,1.16,245.183,2.19,1.0,0.0
2017-08-25,1285.4000244140625,1292.699951171875,1280.300048828125,1292.5,280,64.27552084907626,10.073843046873208,9.66647203222626,0.407371014646948,3.497422650578684,0.8393475177210009,1277.0517701555918,1263.9483452343761,1,0.3732338043188483,0.004663816556548683,0.005288985833690862,0.019000295744294515,0.08408357810366691,0.09826131555860486,1.16,245.183,2.17,1.0,0.0
2017-08-28,1293.5,1311.300048828125,1293.5,1309.699951171875,145,71.34957004911092,11.437486618783169,10.020674949537641,1.4168116692455275,4.036137843636882,1.084889233127611,1280.1611207285712,1265.7425258593762,1,0.3935405075315511,0.013307505742263137,0.014642006220024983,0.03402808812308655,0.09409349216845872,0.100649600020359,1.16,245.183,2.16,1.0,0.0
2017-08-29,1318.800048828125,1323.800048828125,1313.0999755859375,1313.0999755859375,1178,72.50845627898005,12.646753625603424,10.545890684750798,2.1008629408526254,4.594446763648716,1.036356127718026,1283.298154524511,1267.599680750614,1,3.1472081218274113,0.002596033092175265,0.021788188103601502,0.031824611643067824,0.09347820588338235,0.10069942904979881,1.16,245.183,2.13,1.0,0.0
2017-08-30,1308.199951171875,1312.5,1304.9000244140625,1308.0999755859375,1178,68.14324638624865,13.05120209390293,11.046952966581225,2.004249127321705,4.868480507692011,0.8963734735781568,1285.6602327208373,1269.1879276069012,1,2.8485068310966026,-0.003807783179471058,0.014896385140968027,0.02854216493485784,0.0951400768898834,0.0982596266643369,1.16,245.183,2.15,1.0,0.0
2017-08-31,1306.5999755859375,1322.300048828125,1301.699951171875,1316.199951171875,373,71.17115083815618,13.865497925278987,11.610661958320778,2.2548359669582094,5.206259863515726,0.9548114760765504,1288.5687773352217,1271.0315363741552,1,0.9605974761782127,0.006192168593466496,0.023085854000680195,0.038176290013940184,0.09497263657587465,0.09874085055082565,1.16,245.183,2.12,1.0,0.0
2017-09-01,1320.199951171875,1327.699951171875,1316.9000244140625,1324.5,313,73.90787896169412,15.007579774608985,12.29004552157842,2.717534253030564,5.432261628819955,1.0060310219279736,1291.990798541391,1273.1283388692864,1,0.8282614448266737,0.006306069849596252,0.02475822050290133,0.05261062433680119,0.0893365898884096,0.09672270785487529,1.15,246.435,2.16,1.0,0.0
2017-09-05,1335.199951171875,1339.199951171875,1328.5999755859375,1339.199951171875,39,77.90789222077001,16.90399237369661,13.212834892002059,3.6911574816945514,5.934899211977005,1.1004941612358505,1296.486908315723,1275.7193824889957,1,0.10631048112307483,0.011098490880992795,0.022524243032615576,0.06437768490179763,0.09358816079469359,0.09799753588855559,1.15,246.435,2.07,0.0,0.0
2017-09-06,1340.0,1340.300048828125,1332.5999755859375,1333.9000244140625,20,73.53104446439164,17.774361450721017,14.12514020374585,3.6492212469751664,5.923240067148487,0.9804504030544668,1300.0500622298505,1278.0009762899788,1,0.058806233460746836,-0.003957532072170977,0.015840415211982206,0.06168417581505792,0.09563225450577632,0.09834150030647598,1.15,246.435,2.1,0.0,0.0
2017-09-07,1336.4000244140625,1349.0,1336.4000244140625,1345.0999755859375,26,76.53155554476706,19.14716111793291,15.129544386583264,4.017616731349646,6.471935388996132,1.0287282148882648,1304.3405301685254,1280.6323095957027,1,0.08314678605692358,0.008396394757391734,0.028285299816955156,0.05663784413663597,0.09028235986172438,0.09950023263000358,1.15,246.435,2.05,0.0,0.0
2017-09-08,1351.0,1355.800048828125,1345.5999755859375,1346.0,37,76.75955079156411,20.0763119658111,16.11889790242883,3.95741406338227,7.009474684739408,0.9627765798490899,1308.3080987239039,1283.195748435087,1,0.1302129157135316,0.0006691133970695429,0.022640973965690092,0.048531628260367166,0.08803988096621225,0.09905834682866034,1.15,246.435,2.06,0.0,0.0
2017-09-11,1331.0,1331.0,1327.300048828125,1331.0,9,65.36251537892585,19.378908077786264,16.770899937500317,2.6080081402859463,7.1289190501159405,0.7698863963866264,1310.4692321787702,1285.0704249670443,1,0.03241491085899514,-0.011144130757800852,0.004907512268780723,0.03362588372292752,0.10026147716145929,0.09575599653618343,1.15,246.435,2.14,0.0,0.0
2017-09-12,1327.0,1328.0,1325.199951171875,1328.0,15,63.33701764298459,18.372350523603927,17.09119005472104,1.281160468882888,7.091905082947338,0.714893963560703,1312.1388291141254,1286.7539377134349,1,0.05736137667304015,-0.002253944402704766,-0.008363165755848834,0.03410687626031761,0.10000547239182551,0.0959857377047474,1.15,246.435,2.17,0.0,0.0
2017-09-13,1323.4000244140625,1323.4000244140625,1323.4000244140625,1323.4000244140625,16,60.25378500990307,17.007415919897994,17.07443522775643,-0.06701930785843757,6.717437576926512,0.6459643934671963,1313.2113239045957,1288.191039152675,1,0.06326611308817714,-0.0034638370376035565,-0.00787165440274451,0.03902023643516728,0.09508450171615493,0.094682036076856,1.15,246.435,2.2,0.0,0.0
2017-09-14,1319.5999755859375,1329.300048828125,1319.5999755859375,1324.699951171875,316,60.83402237939549,15.847903867248533,16.829128955654852,-0.981225088406319,6.3327635605276935,0.6414385284145938,1314.3054788824318,1289.6227611926438,1,1.2006079027355623,0.0009822629090459056,-0.01516617707555612,0.03743435339015422,0.09511223804547529,0.09438393511801692,1.15,246.435,2.2,0.0,0.0
2017-09-15,1320.5999755859375,1321.199951171875,1319.800048828125,1320.4000244140625,15,57.82679742113243,14.41583725993678,16.34647061651124,-1.930633356574461,6.060515972293704,0.5722950598103747,1314.8859117902061,1290.829712691523,1,0.057295645530939646,-0.003245962796336377,-0.019019298355079872,0.02643034775709574,0.09435139798423688,0.09478283260121763,1.15,246.435,2.2,0.0,0.0
2017-09-18,1309.800048828125,1310.4000244140625,1306.0,1306.300048828125,129,49.23245147362092,12.00478032986075,15.478132559181143,-3.4733522293203922,5.7467397444660815,0.3760722395172542,1314.0682105557223,1291.436392540017,1,0.5152786099460755,-0.010678563560459264,-0.01855743889697592,0.016022476813095876,0.10349267030659683,0.09764240519697426,1.15,246.435,2.23,1.0,0.0
2017-09-19,1307.9000244140625,1310.300048828125,1305.0999755859375,1306.199951171875,20,49.17657458742926,9.970984000899534,14.376702847524822,-4.4057188466252875,5.521815143198195,0.3591299452884212,1313.3188525191654,1292.0153556236194,1,0.0798562587342783,-7.662684873954717e-05,-0.01641569941876886,0.01193050957639108,0.10284558318176872,0.0968221946563374,1.15,246.435,2.24,0.0,0.0
2017-09-20,1312.0,1312.0,1298.699951171875,1312.0,12,52.537969030110474,8.726606339132104,13.24668354584628,-4.520077206714175,5.082083679936451,0.4136193727952766,1313.19324751734,1292.7990671677912,1,0.04877057508636456,0.004440398901348397,-0.008614193897351519,0.02093224256875237,0.1019139980918361,0.0954545450446654,1.15,246.435,2.28,1.0,0.0
2017-09-21,1299.0999755859375,1304.0999755859375,1290.300048828125,1290.5999755859375,336,41.60439681579302,5.945093615666792,11.786365559810383,-5.841271944143591,5.038306243394902,0.0892966721194954,1311.041507333397,1292.7128282822284,1,1.34212103055722,-0.01631099421803539,-0.025741659879862988,0.001318916238400858,0.11891742937645532,0.10182402934164732,1.15,246.435,2.27,1.0,0.0
2017-09-22,1295.0,1295.699951171875,1293.300048828125,1293.300048828125,209,43.21024596084299,3.913485858873628,10.211789619623033,-6.2983037607494055,4.8589624371848394,0.11109405101820374,1309.3518446186092,1292.7358565389302,1,0.8958422631804543,0.0020921069992749786,-0.020524064741640147,0.005285696718325017,0.11889463410085764,0.10186122338461062,1.15,246.435,2.26,1.0,0.0
2017-09-25,1293.0999755859375,1309.199951171875,1291.0,1306.800048828125,51,50.534595586582675,3.354095327381856,8.840250761174799,-5.486155433792943,4.593011369683831,0.2998469737275532,1309.1088164480868,1293.2873934914476,1,0.22988505747126436,0.010438412967070265,0.0003827604541917218,0.01106386756528055,0.12335779164767614,0.10351582100483495,1.15,246.435,2.22,1.0,0.0
2017-09-26,1304.5,1305.5999755859375,1297.0,1297.0,39,45.90601501434093,2.0958328069907566,7.491367170337991,-5.395534363347235,4.785398302779468,0.16252116672506484,1307.9555958339834,1293.4329859035477,1,0.18009697529438928,-0.0074992718564046434,-0.007043294683651724,-0.009696840227039427,0.11691072368498515,0.10466610754535295,1.15,246.435,2.24,1.0,0.0
2017-09-27,1283.4000244140625,1283.4000244140625,1283.4000244140625,1283.4000244140625,19488,40.378792667965484,0.0012321211168000445,5.993340160493753,-5.992108039376953,5.314153886643296,0.02262953041194556,1305.616969984467,1293.0395364333717,1,17.214787332714987,-0.010485717491085178,-0.021798761879525563,-0.022618194900675515,0.12152596667868498,0.09952429785576278,1.15,246.435,2.31,1.0,0.0
2017-09-28,1283.0999755859375,1288.0,1277.0,1285.5,5226,41.54907204482745,-1.472331413622669,4.500205845670469,-5.972537259293138,5.6876803771454165,0.09676012321730064,1303.7010680811845,1292.7438683379455,1,3.9162201656113003,0.0016362595807930536,-0.003951631553086088,-0.01727694825146242,0.12147693424724011,0.09950693567160283,1.15,246.435,2.31,1.0,0.0
2017-09-29,1284.199951171875,1289.4000244140625,1281.5,1281.5,492,39.940883793573356,-2.929142372023989,3.014336202131578,-5.9434785741555665,6.129186041198276,0.09718787047030805,1301.5866806448812,1292.3029323246928,1,0.36705461056401073,-0.003111629716063824,-0.009123983903671196,-0.02636373838259154,0.11877748345322706,0.09983135853010962,1.15,246.435,2.33,1.0,0.0
2017-10-02,1275.0,1276.0999755859375,1270.4000244140625,1272.699951171875,136,36.5858388141173,-4.739136136296793,1.4636417344459038,-6.202777870742697,6.6696801086598905,0.05809753762009501,1298.835563552214,1291.5341879657587,1,0.1021366077128159,-0.00686699089202103,-0.026094349848570397,-0.039109134638070975,0.11675461500133519,0.09799990713725548,1.15,246.626,2.34,1.0,0.0
2017-10-03,1269.699951171875,1273.300048828125,1268.5999755859375,1271.5,192,36.140046517699645,-6.198937770035627,-0.06887416645040234,-6.130063603585225,6.887855360187547,0.09524138173196363,1296.2321765472411,1290.748533535729,1,0.14336917562724014,-0.0009428390177670387,-0.01966075558982272,-0.050552534080242295,0.1062947192058904,0.09797568818123734,1.15,246.626,2.33,1.0,0.0
2017-10-04,1273.800048828125,1280.800048828125,1270.0,1273.699951171875,218,37.640276613892226,-7.096519152900328,-1.4744031637403874,-5.622115989159941,7.011863230886811,0.15842097622528997,1294.0862503210158,1290.079961678323,1,0.16158920761989476,0.0017302014721785053,-0.007558105857615294,-0.04513087348403888,0.1072376681592561,0.09799029733108904,1.15,246.626,2.33,1.0,0.0
2017-10-05,1277.800048828125,1277.800048828125,1267.5999755859375,1269.9000244140625,36,36.06428650391439,-8.022008477387544,-2.7839242264698187,-5.2380842509177254,6.8048643077695,0.14656237659158697,1291.7828002346394,1289.2885915895283,1,0.026674570243034976,-0.0029833767005458256,-0.012135336900768179,-0.05590658875680765,0.09955151805052141,0.0981048702286213,1.15,246.626,2.35,1.0,0.0
2017-10-06,1267.5999755859375,1272.0,1260.5,1271.5999755859375,46,37.328489309007594,-8.520079410469862,-3.9311552632698277,-4.588924147200034,6.314996189170219,0.18420250779091335,1289.8606264585726,1288.5949203737014,1,0.0340728121180697,0.0013386496095701972,-0.007725340939572778,-0.05527490669692603,0.09989517517028892,0.09800818876891142,1.15,246.626,2.37,1.0,0.0
2017-10-09,1280.5999755859375,1284.0,1279.0,1281.800048828125,19,44.42875915157604,-7.999529946579742,-4.744830199931811,-3.2546997466479306,5.9383625009673535,0.3281600497566045,1289.0929523985299,1288.3284548228944,1,0.014068342527118582,0.008021448126787956,0.007150230223448073,-0.036964651519064584,0.10180009618100526,0.09786374979973536,1.15,246.626,2.37,1.0,0.0
2017-10-10,1282.5999755859375,1293.0,1281.699951171875,1290.5999755859375,18,49.72113420413069,-6.798540853773829,-5.155572330700215,-1.6429685230736144,5.469898195410759,0.4640196244226972,1289.2364784163783,1288.417534068504,1,0.013326423336047975,0.00686528820611132,0.015021608797434194,-0.02816266898649289,0.10637764164123853,0.09827085411568809,1.15,246.626,2.35,1.0,0.0
2017-10-11,1287.300048828125,1292.0,1284.9000244140625,1285.800048828125,21,47.086977715194294,-6.163018874520276,-5.357061639464227,-0.8059572350560487,5.053190882478176,0.41624603121781745,1288.9091994079731,1288.3148875884892,1,0.015544616751175099,-0.003719143691780502,0.009499959268364,-0.028411647946421148,0.10644672605886227,0.09790035160477313,1.15,246.626,2.35,1.0,0.0
2017-10-12,1291.5,1294.5,1289.300048828125,1293.300048828125,14,51.417971180115075,-4.996578362290165,-5.284964984029415,0.28838662173924945,4.4724757632978545,0.5624993145952683,1289.3273755432258,1288.5103841076907,1,0.010480218587416252,0.005832944248863159,0.018426666638469813,-0.02370340718739561,0.1092523031175916,0.09847686561004847,1.15,246.626,2.33,1.0,0.0
2017-10-13,1293.300048828125,1301.699951171875,1291.699951171875,1301.5,74,55.6884501428405,-3.371632245124829,-4.902298436248498,1.530666191123669,4.00953843389468,0.7467441788808591,1290.4866731105376,1289.0197808093499,1,0.05527337914550344,0.006340331603099436,0.023513703199219416,-0.014313862514846232,0.11211361719204026,0.09905353694037919,1.15,246.626,2.28,1.0,0.0
2017-10-16,1302.0,1303.800048828125,1291.9000244140625,1299.9000244140625,173,54.67849002314254,-2.1877365334592014,-4.3593860556906385,2.171649522231437,3.897349486484668,0.7284199201419732,1291.3831827584922,1289.4464570291425,1,0.12900820283370618,-0.00122933199073183,0.014120748085854062,-0.004899352503128118,0.10574803737091948,0.09808997478100312,1.15,246.626,2.3,1.0,0.0
2017-10-17,1295.0999755859375,1295.0999755859375,1283.0,1283.0,571,45.32746561567946,-2.583401538450289,-4.004189152242569,1.42078761379228,3.701980363301311,0.41039652379118674,1290.5847844005407,1289.1936547927055,1,0.41722991487340616,-0.013001018614243298,-0.005888715116771248,-0.017761408696318592,0.11513864004963004,0.10200959672277657,1.15,246.626,2.3,1.0,0.0
2017-10-18,1279.9000244140625,1279.9000244140625,1279.9000244140625,1279.9000244140625,163,43.8462088372803,-3.111246514589766,-3.8256006247120085,0.7143541101222426,3.2851932446040637,0.36350731688889243,1289.5671882113522,1288.8291986994254,1,0.11845069399026234,-0.0024161929742303467,-0.0045886017965544035,-0.024466444806354848,0.11349116703804635,0.10207798680805008,1.15,246.626,2.34,1.0,0.0
2017-10-19,1286.4000244140625,1286.9000244140625,1285.0999755859375,1286.9000244140625,134,47.98013384451439,-2.9309399116837085,-3.6466684821063486,0.7157285704226402,3.2682973986330293,0.5337991326053458,1289.3131726116103,1288.7535448058818,1,0.09809663250366032,0.005469177175150497,-0.004948599839504908,-0.002866845840590715,0.10044490791036755,0.1024635880013027,1.15,246.626,2.33,1.0,0.0
2017-10-20,1279.5999755859375,1279.5999755859375,1277.4000244140625,1277.4000244140625,304,43.319187898209194,-3.5141077879063687,-3.620156343266353,0.10604855535998414,3.2640090389852014,0.326267658302865,1288.1785870689866,1288.308308712085,-1,0.22177639978114172,-0.007382080829725246,-0.018517076900451457,-0.012294149705220914,0.10326366411658967,0.10236125745150411,1.15,246.626,2.39,1.0,0.0
2017-10-23,1274.699951171875,1280.800048828125,1271.5,1277.699951171875,115,43.50577985541143,-3.9070331029799945,-3.6775316952090815,-0.229501407770913,2.8867301612640133,0.35071414709035614,1287.1806217454523,1287.8922946909001,-1,0.08370028021398158,0.00023479470180065576,-0.017078292811167795,-0.022268209801756256,0.09486337672698296,0.10139651624452217,1.15,246.626,2.38,1.0,0.0
2017-10-24,1275.5,1275.5,1273.699951171875,1275.0,111,42.16027379184227,-4.385736698552137,-3.819172695877693,-0.5665640026744438,2.7634405815433083,0.29876309353897335,1286.0205625315998,1287.3867145069432,-1,0.08057783746506479,-0.0021131339712415764,-0.00623538581449723,-0.016962220508866643,0.09191897539916391,0.1014516658566998,1.15,246.626,2.42,1.0,0.0
2017-10-25,1269.9000244140625,1275.4000244140625,1269.9000244140625,1275.4000244140625,105,42.44428952045597,-4.678898688279787,-3.991117894358112,-0.6877807939216751,2.799730798692371,0.32360367047120575,1285.009082710882,1286.916648228791,-1,0.25710088148873655,0.0003137446384804399,-0.0035158996125967956,-0.006233442299997116,0.08452713178584435,0.1009962066967177,1.15,246.626,2.44,1.0,0.0
2017-10-26,1273.5,1273.5,1264.699951171875,1266.300048828125,39,37.88664241654199,-5.581187203459876,-4.3091317561784654,-1.272055447281411,2.9752581071065407,0.1202729902541421,1283.2272699601433,1286.1081541346473,-1,0.2616571620261657,-0.00713499718656363,-0.016007440512184945,-0.014935784653344997,0.08755106915754486,0.10206151020457485,1.15,246.626,2.46,1.0,0.0
2017-10-27,1268.4000244140625,1268.5,1267.0999755859375,1268.5,567,39.57587441287839,-6.049010451460617,-4.6571074952348965,-1.3919029562257208,3.0906769183453178,0.2063012435477892,1281.824672821082,1285.4176382862297,-1,3.7107329842931933,0.0017373063942554001,-0.006967296261126132,-0.010144362075692581,0.08750752310001597,0.10192326866230654,1.15,246.626,2.42,1.0,0.0
2017-10-30,1270.0,1274.0999755859375,1267.9000244140625,1274.0999755859375,222,43.768101633834725,-5.899882346013555,-4.905662465390629,-0.9942198806229268,3.0755342423533754,0.34532339080653557,1281.0889873701158,1284.9738083764144,-1,1.4131126670910248,0.004414643741377677,-0.0028175438080244586,0.0011000427970264681,0.08575141152280949,0.10108675012589481,1.15,246.626,2.37,1.0,0.0
2017-10-31,1273.0999755859375,1274.5999755859375,1266.0999755859375,1267.0,235,39.98070895519787,-6.28218877913082,-5.1809677281386675,-1.1012210509921525,3.1524721917990948,0.17869058910384086,1279.7471790491525,1284.2689531459669,-1,1.4756671899529041,-0.005572541968437261,-0.006274509803921524,-0.0035391270153362075,0.08802351805833541,0.10178166517744852,1.15,246.626,2.38,1.0,0.0
2017-11-01,1272.199951171875,1274.800048828125,1270.300048828125,1274.0999755859375,78,45.09708774732421,-5.943744897605484,-5.333523162032031,-0.6102217355734529,3.1486564885734043,0.3539778215179617,1279.209350147894,1283.8701697122403,-1,0.5123152709359606,0.005603769207527698,-0.0010193263315344536,0.0003140648735162621,0.09017175237123567,0.10234088800654262,1.16,247.284,2.37,1.0,0.0
2017-11-02,1274.9000244140625,1274.9000244140625,1274.9000244140625,1274.9000244140625,70,45.65922450226255,-5.547025768837784,-5.376223683393182,-0.17080208544460262,3.087691722488639,0.36503859263797767,1278.7989381732434,1283.5183993083904,-1,0.4546930821695356,0.0006279325354803245,0.006791420085544564,0.003937317823351494,0.08948516112622357,0.0987585143447816,1.16,247.284,2.35,1.0,0.0
2017-11-03,1265.300048828125,1267.9000244140625,1265.300048828125,1266.5,75,40.92172408022523,-5.843079387376974,-5.46959482418994,-0.37348456318703427,3.1762194907314987,0.16842898997082295,1277.6276107281726,1282.8510111002183,-1,0.4826254826254826,-0.0065887710825977,-0.0015766653527788943,-0.0040106760646857476,0.09253639407967237,0.09812165992363428,1.16,247.284,2.34,1.0,0.0
2017-11-06,1269.0,1280.5,1269.0,1279.4000244140625,128,49.574672680871245,-4.979380652206146,-5.371551989793182,0.39217133758703593,3.1740069901433063,0.48867668332267905,1277.7964120315908,1282.7156782889965,-1,0.7957724588125583,0.010185570007155587,0.004159837477186734,-0.0018723859593051673,0.09532508949149204,0.1001755509520742,1.16,247.284,2.32,1.0,0.0
2017-11-07,1276.800048828125,1276.800048828125,1270.4000244140625,1273.699951171875,11,46.34461570045824,-4.700655227706193,-5.237372637375785,0.5367174096695919,3.1047197887283122,0.36615261017648404,1277.406272902094,1282.362120362835,-1,0.06853582554517133,-0.004455270543548773,0.005288043545284227,-0.013094703807343455,0.09283086488722517,0.10043325818368658,1.16,247.284,2.32,1.0,0.0
2017-11-08,1275.9000244140625,1284.9000244140625,1274.699951171875,1281.5999755859375,15,51.100062355094266,-3.7985105090676825,-4.949600211714165,1.1510897026464821,3.0733719716537,0.5711144419455799,1277.8056731576983,1282.3322323323684,-1,0.09363295880149813,0.006202421855158402,0.0058865082361774235,-0.0032665057417095023,0.09512432050668149,0.09982147201996185,1.16,247.284,2.32,1.0,0.0
2017-11-09,1279.699951171875,1286.9000244140625,1279.699951171875,1285.5999755859375,18,53.354330512360065,-2.729325780686395,-4.505545325508611,1.776219544822216,2.9384268054815643,0.6911324645547887,1278.5479876746733,1282.460379126626,-1,0.11221945137157106,0.0031210986861724965,0.008392776662462298,-0.0059538181021214776,0.09333942067318257,0.09989168962661094,1.16,247.284,2.33,1.0,0.0
2017-11-10,1283.5,1283.5,1272.4000244140625,1272.4000244140625,10,45.843736369182224,-2.9135295681078333,-4.187142174028455,1.273612605920622,2.451678033206922,0.35418699479810223,1277.962467364139,1282.065855412408,-1,0.06361323155216285,-0.010267541554563886,0.004658526975177546,-0.0223587979915002,0.09633128566805599,0.10096227981699545,1.16,247.284,2.4,1.0,0.0
2017-11-13,1277.300048828125,1277.300048828125,1277.0,1277.300048828125,3,48.72900948903481,-2.6337610201724146,-3.8764659432572475,1.2427049230848328,1.819666420724501,0.5631051378376001,1277.8993798845186,1281.8789610365538,-1,0.020174848688634835,0.003851009368157632,-0.0016413752898740697,-0.017385933657570796,0.09793204434194226,0.10129502286143596,1.16,247.284,2.4,1.0,0.0
2017-11-14,1276.9000244140625,1281.5,1276.9000244140625,1281.5,4,51.13221848170793,-2.0495159273650643,-3.511075940078811,1.461560012713747,1.793439965852122,0.7508740779423434,1278.242296085993,1281.8640998194342,-1,0.033236393851267136,0.003288147664073371,0.0061239295965651586,-0.001169134840218189,0.087552156155467,0.10118845394332221,1.16,247.284,2.38,1.0,0.0
2017-11-15,1281.4000244140625,1284.699951171875,1275.9000244140625,1276.5,13,48.233669887077205,-1.9672781375315935,-3.2023163795693677,1.2350382420377741,1.7699900548312226,0.5403049414164901,1278.0763631254224,1281.6537429637701,-1,0.11519716437749225,-0.003901677721420249,-0.003979381775195412,-0.0026564765600493034,0.08824213536084827,0.10110010918007556,1.16,247.284,2.33,1.0,0.0
2017-11-16,1277.5,1277.5,1277.4000244140625,1277.4000244140625,43,48.79634266136585,-1.8086308772806206,-2.9235792791116184,1.1149484018309979,1.5810530223991925,0.6133429704687504,1278.0119499148168,1281.4869304716249,-1,0.39704524469067404,0.0007050720047492298,-0.006378306882074858,-0.007382080829725246,0.08583111785772289,0.10091386788715537,1.16,247.284,2.37,1.0,0.0
2017-11-17,1288.300048828125,1295.800048828125,1288.300048828125,1295.800048828125,1,58.68367260094896,-0.19591519730397522,-2.3780464627500897,2.1821312654461145,2.118848587338188,1.231030168474284,1279.706054573227,1282.0482292307033,-1,0.010735373054213633,0.014404277487392703,0.01839046209138373,0.014404277487392703,0.09618919514556543,0.10509232618011333,1.16,247.284,2.35,1.0,0.0
2017-11-20,1274.5999755859375,1275.9000244140625,1274.5999755859375,1274.5999755859375,1,47.340921611690334,-0.6213327984389707,-2.026703729887866,1.4053709314488954,2.117721928970404,0.45262588122002595,1279.2197613363423,1281.7561408524773,-1,0.011435105774728416,-0.016360605373768933,-0.0021138911289204643,-0.0024262156252681244,0.11398448755910803,0.11001831049636256,1.16,247.284,2.37,2.0,0.0
2017-11-21,1281.0999755859375,1281.0999755859375,1281.0999755859375,1281.0999755859375,4,50.50004504447037,-0.429037952622366,-1.707170574434766,1.2781326218124,2.145577785856958,0.679499457470231,1279.3988293601133,1281.7304088812405,-1,0.048721071863581,0.0050996392001434465,-0.0003121532688743489,0.004784294577205861,0.1151741934509323,0.10699180636166503,1.16,247.284,2.36,2.0,0.0
2017-11-22,1284.699951171875,1291.5999755859375,1282.9000244140625,1291.5999755859375,4,55.17789429624161,0.5641165613662906,-1.2529131472745547,1.8170297086408453,2.3866287412257976,0.979210952537323,1280.5608432863824,1282.1174507127973,-1,0.05191434133679429,0.008196081648661036,0.011829201399089273,0.012701858916238873,0.11856206267352414,0.10825166312948853,1.16,247.284,2.32,1.0,0.0
2017-11-24,1286.699951171875,1286.699951171875,1286.699951171875,1286.699951171875,0,52.67611615723472,0.9449152551203497,-0.8133474667955739,1.7582627219159237,2.34223659343276,0.7901354877633384,1281.1455202278578,1282.2971566131534,-1,0.0,-0.003793763167144415,0.007280355863527044,0.01610984881713362,0.11621016362659697,0.10824970129895091,1.16,247.284,2.34,1.0,0.0
2017-11-27,1293.800048828125,1293.800048828125,1293.800048828125,1293.800048828125,1,55.80310405811836,1.7988831016641598,-0.2909013531036272,2.089784454767787,2.4686484963065793,0.9597727704488406,1282.3507134278832,1282.7482504255054,-1,0.021367521367521368,0.005518067867946508,-0.0015434480048127641,0.0199448552054593,0.11737637646048582,0.10808778886306535,1.16,247.284,2.32,1.0,0.0
2017-11-28,1294.699951171875,1294.699951171875,1294.699951171875,1294.699951171875,275442,56.19815578227671,2.5192332185242776,0.2711255612219538,2.2481076573023238,2.64770913616304,0.9244963723180706,1283.5268313082634,1283.2169445724219,1,19.94829009690175,0.0006955497834191249,0.01576963437230372,0.0161682567935566,0.11668039765801841,0.10723973655335461,1.16,247.284,2.34,1.0,0.0
2017-11-29,1293.4000244140625,1296.199951171875,1281.0999755859375,1282.0999755859375,47244,49.52345052045847,2.0497746226731124,0.6268553735121856,1.4229192491609268,2.4695274298772616,0.5327149772699855,1283.3909402870895,1283.1731418670695,1,2.9238314792752926,-0.009731965753557725,0.0007805792046344795,0.0119178970686169,0.12060747212436956,0.10625554375544233,1.16,247.284,2.37,2.0,0.0
2017-11-30,1283.0999755859375,1284.5,1269.699951171875,1273.199951171875,3049,45.41987750223435,0.9486324689876255,0.6912107926072736,0.25742167638035196,2.4827134291599458,0.25411802567590974,1282.4203698951644,1282.782036349611,-1,0.18697721196065445,-0.00694175538845565,-0.014245915733867465,-0.0007064001501519979,0.12193577068055642,0.10682266436363419,1.16,247.284,2.42,2.0,0.0
2017-12-01,1274.0999755859375,1288.5999755859375,1271.0,1278.800048828125,823,48.32155911564182,0.5218350679492687,0.6573356476756727,-0.13550057972640395,2.4494421299168434,0.4230482503424865,1282.0755774125892,1282.6258799762195,-1,0.05035348390432226,0.004398443191185875,-0.006139661648821182,0.003059082547162806,0.12293379944629701,0.10567534897870748,1.3,247.805,2.37,2.0,0.0
2017-12-04,1272.5,1276.0999755859375,1270.300048828125,1274.300048828125,850,46.19624313913383,-0.17747155757001565,0.490374206626535,-0.6678457641965507,2.2714663641243376,0.2490675990876029,1281.3350508807355,1282.2993767939413,-1,0.05188241613360027,-0.0035189238568795744,-0.01507188071113641,0.006158743646367926,0.12115744228063542,0.10576866481260587,1.3,247.805,2.37,2.0,0.0
2017-12-05,1275.4000244140625,1275.800048828125,1260.0,1261.5999755859375,1499,40.74898718355045,-1.7364501517829467,0.0450093349446387,-1.7814594867275855,2.6490898463565626,-0.06341134905508843,1279.4555199002784,1281.487635570098,-1,0.09111492698345161,-0.009966313078200728,-0.02556575023887009,-0.013912809511065216,0.12059222719429437,0.10530091060285862,1.3,247.805,2.36,2.0,0.0
2017-12-06,1264.9000244140625,1267.800048828125,1261.5999755859375,1262.800048828125,373,41.451530139450796,-2.842351183179744,-0.5324627686802379,-2.309888414499506,2.8846371481488715,0.029629810126449795,1277.8692845600733,1280.754789031197,-1,0.022647443662207004,0.0009512311869142032,-0.01505337112965166,-0.008557668808671481,0.11988002568383646,0.10532860553841181,1.3,247.805,2.33,2.0,0.0
2017-12-07,1262.300048828125,1262.4000244140625,1243.9000244140625,1249.800048828125,358,36.41452862993618,-4.713443430761799,-1.3686589010965502,-3.344784529665249,3.549365299568124,-0.1341785065749797,1275.1960240141734,1279.5408776506845,-1,0.02171407775823376,-0.010294583067259166,-0.018378811845077725,-0.024812677406047756,0.12212568211022246,0.10699244281941117,1.3,247.805,2.37,2.0,0.0
2017-12-08,1246.300048828125,1249.300048828125,1241.5,1245.199951171875,157,34.8029342014711,-6.492643797534129,-2.393455880384066,-4.099187917150063,4.17914725384642,-0.08782475796574049,1272.3392551720497,1278.1941746515156,-1,0.009518641683768897,-0.0036806668879260096,-0.026274707830235555,-0.031425035144115765,0.12127984125388477,0.10705957182367437,1.3,247.805,2.38,2.0,0.0
2017-12-11,1248.4000244140625,1249.199951171875,1239.9000244140625,1243.699951171875,146,34.27032558741601,-7.93227207580253,-3.501219119467759,-4.431052956334771,4.7465344496562185,-0.019214202199446466,1269.6117024101281,1276.8414600052552,-1,0.008848082662909262,-0.0012046258101667817,-0.02401325942378374,-0.02255585719231956,0.11681720607519626,0.10696044960995821,1.3,247.805,2.39,2.0,0.0
2017-12-12,1241.300048828125,1244.4000244140625,1236.5,1238.5,692,32.41818595596861,-9.384600625754274,-4.677895420725062,-4.706705205029212,5.368755137261289,-0.0074304898410124534,1266.648683132973,1275.3378733383825,-1,0.04185011369684068,-0.004181033509710552,-0.018310063437666835,-0.030376612655517055,0.11574656289457759,0.10524227691481966,1.3,247.805,2.4,2.0,0.0
2017-12-13,1241.9000244140625,1254.5,1239.800048828125,1245.4000244140625,349,37.263395344859184,-9.86508856062619,-5.715334048705288,-4.149754511920903,5.662295728032922,0.13911336767422616,1264.6250013502197,1274.1638400472327,-1,0.02108449202383937,0.005571275263675846,-0.013778922823300288,-0.02817009409749316,0.11727448179629828,0.10605768362922771,1.3,247.805,2.36,2.0,0.0
2017-12-14,1252.9000244140625,1257.699951171875,1250.300048828125,1253.800048828125,139,42.6535797408344,-9.459029142544978,-6.464073067473226,-2.9949560750717517,5.778712759516078,0.27596595597769985,1263.5940534909726,1273.3652599994246,-1,0.008394353438514381,0.0067448404122318895,0.003200511956893193,-0.01778296214012931,0.12032417405037325,0.1066422656647282,1.3,247.805,2.35,2.0,0.0
2017-12-15,1253.0999755859375,1260.300048828125,1253.0999755859375,1254.300048828125,578,42.967686829581325,-8.993210178036406,-6.9699004895858625,-2.023309688450544,5.8592121725119535,0.3010998254926025,1262.708910189749,1272.6176046593737,-1,0.034849718127279855,0.00039878766990586456,0.0073081416745044425,-0.018083587869456408,0.12027501555250765,0.10152196059560509,1.3,247.805,2.35,2.0,0.0
2017-12-18,1256.199951171875,1262.4000244140625,1255.699951171875,1262.199951171875,45,47.82985391589322,-7.895573934227286,-7.155035178514147,-0.7405387557131391,5.551905909627745,0.42595728006525446,1262.6604379023324,1272.2090692284914,-1,0.002712853499882443,0.006298255629608507,0.01487497043203101,-0.025930001844525874,0.10972361368392575,0.10233369853522763,1.3,247.805,2.39,2.0,0.0
2017-12-19,1261.0999755859375,1264.300048828125,1259.5,1260.699951171875,329,47.01033968099936,-7.065282587263027,-7.137084660263923,0.07180207300089592,5.547618103583578,0.4144040090948407,1262.473724880384,1271.7577312654869,-1,0.0198143831945122,-0.001188401250219795,0.01792486973909968,-0.010905401443831564,0.09395162375190586,0.09983989232263123,1.3,247.805,2.46,2.0,0.0
2017-12-20,1261.300048828125,1266.5999755859375,1261.300048828125,1266.0999755859375,63,50.31104289806863,-5.903482204476859,-6.890364169106511,0.986881964629652,5.452096709812294,0.5019556077780825,1262.8190820904367,1271.5358584937399,-1,0.003793569598453669,0.004283354186730204,0.0166211263578655,-0.01170868806951575,0.09334763583843002,0.09926954408483236,1.3,247.805,2.49,2.0,0.0
2017-12-21,1266.4000244140625,1267.4000244140625,1264.300048828125,1267.300048828125,226,51.04091265236284,-4.830231250444513,-6.478337585374112,1.648106334929599,5.133922001666737,0.5392730419976789,1263.2458408273594,1271.3697483107746,-1,0.013599588401837748,0.0009478503003936822,0.010767267087457677,-0.01881381791354464,0.08771964857091881,0.09702437883972825,1.3,247.805,2.48,2.0,0.0
2017-12-22,1266.300048828125,1276.300048828125,1266.300048828125,1275.4000244140625,119,55.763960676390006,-3.2881678493990876,-5.840303638179107,2.55213578878002,4.9502280742678675,0.6792108247223606,1264.403382121331,1271.527798354041,-1,0.00715828225287384,0.006391521560681346,0.01682211174722581,-0.008782099313457636,0.09071450628273653,0.09789078076986676,1.3,247.805,2.48,2.0,0.0
2017-12-26,1282.4000244140625,1284.0999755859375,1281.800048828125,1284.0999755859375,84,60.20454674610798,-1.3485133209160267,-4.941945574726492,3.593432253810465,4.700337520860403,0.8434445407479186,1266.2792481655792,1272.0208249121545,-1,0.005051644039511073,0.006821350952907368,0.0173506775956771,-0.007497351117719875,0.09194830897689325,0.0987048759331723,1.3,247.805,2.47,1.0,0.0
2017-12-27,1284.0,1287.0,1284.0,1287.0,456,61.588725861757005,0.41786768253200535,-3.8699829232747924,4.287850605806797,4.471684292793846,0.9192668798751563,1268.2526531021908,1272.6082435430503,-1,0.15839108008127964,0.0022584101465614737,0.020861465730745765,-0.005947286214775471,0.09235548694223127,0.09773940597147376,1.3,247.805,2.42,1.0,0.0
2017-12-28,1288.199951171875,1294.0999755859375,1288.199951171875,1294.0999755859375,245,64.81537435241002,2.363402217074281,-2.623305895204978,4.986708112279259,4.7874638157038305,0.9988470638874821,1270.7143028625476,1273.45105656434,-1,0.46313799621928164,0.005516686546960026,0.022115157207108993,0.00935964451174387,0.08734131806474088,0.09831203927177048,1.3,247.805,2.43,1.0,0.0
2017-12-29,1294.199951171875,1306.300048828125,1294.0,1306.300048828125,65,69.5489137690197,4.833973268105865,-1.1318500625428094,5.965823330648674,5.579318210143726,1.076829611910749,1274.1034215259358,1274.7392523393903,-1,0.17114270668773038,0.009427458057607696,0.03077408545518745,0.025997564346263102,0.08816696344659136,0.10002591445480098,1.3,247.805,2.4,2.0,0.0
2018-01-02,1302.300048828125,1317.5999755859375,1302.300048828125,1313.699951171875,68,72.00873644361232,7.304823443565283,0.5554846386788092,6.749338804886474,6.434787125764867,1.0687983404365238,1277.8745195874537,1276.2671228818408,1,0.1988013448326268,0.005664779964134947,0.030029736572577015,0.027291133102264054,0.08886626741188285,0.10033422640866387,1.41,248.859,2.46,1.0,0.0
2018-01-03,1320.0,1320.0999755859375,1312.0999755859375,1316.199951171875,42,72.80791214305435,9.35685906885601,2.3157595247142497,7.041099544141761,7.242654837748843,1.0089239762363809,1281.524560690732,1277.8331161481167,1,0.13923421183490803,0.0019030220696665268,0.024998034573818995,0.03288071940535686,0.08698867503878581,0.1003593999682493,1.41,248.859,2.44,1.0,0.0
2018-01-04,1319.4000244140625,1322.0,1319.4000244140625,1319.4000244140625,2,73.83759167307541,11.113224913473687,4.075252602466137,7.037972311007549,7.965006605144039,0.9647778951111171,1285.1317477120015,1279.4631909820753,1,0.008818342151675485,0.002431297189563253,0.02517484414457072,0.045814877890498096,0.07535190501345454,0.09924541746669185,1.41,248.859,2.46,1.0,1.0
2018-01-05,1320.300048828125,1320.300048828125,1320.300048828125,1320.300048828125,1,74.1342548031017,12.434445401250741,5.747091162223058,6.687354239027683,8.557662246226004,0.9135164143607315,1288.4811097230609,1281.0646363878027,1,0.004803073967339097,0.0006821467313995466,0.02024578760255724,0.04553373279749229,0.07541892232138428,0.09835830763553922,1.41,248.859,2.47,1.0,1.0
2018-01-08,1319.9000244140625,1319.9000244140625,1314.5999755859375,1318.5999755859375,41,72.46278362117661,13.192268198265992,7.2361265694316454,5.956141628834347,8.81809199528336,0.8546357027791568,1291.3495731385729,1282.5366104740042,1,0.21315310631661036,-0.0012876415809394137,0.009415851104688233,0.055048747055437275,0.060830569791798524,0.09805013460598327,1.41,248.859,2.49,1.0,1.0
2018-01-09,1309.5999755859375,1311.699951171875,1309.5999755859375,1311.699951171875,16,65.96233041558853,13.085235471178976,8.405948349781113,4.679287121397863,8.727694759223175,0.7659898234316741,1293.2877043798396,1283.6802708935286,1,0.08634646519158122,-0.005232841302758584,-0.0015224176557332436,0.05340507758405866,0.06320050790702407,0.09807081870448088,1.41,248.859,2.55,1.0,1.0
2018-01-10,1320.300048828125,1320.699951171875,1315.300048828125,1317.4000244140625,70,68.47801760019715,13.306965126300156,9.386151705084922,3.920813421215234,8.569154005030569,0.7884254878123231,1295.5841158116705,1285.0026141688436,1,0.3856749311294766,0.004345561831495814,0.0009117712252755261,0.05925872488194894,0.06181952097041832,0.09762830026860993,1.41,248.859,2.55,1.0,1.0
2018-01-11,1317.0999755859375,1320.5999755859375,1316.300048828125,1320.5999755859375,9,69.8262765849569,13.584305375489976,10.225782439165933,3.358522936324043,8.157534321488948,0.793412486619867,1297.966578647315,1286.3985891263767,1,0.06107906345436037,0.0024289897620870526,0.0009094672954912397,0.0662898470617177,0.05597061298698339,0.09768668717266642,1.41,248.859,2.54,1.0,1.0
2018-01-12,1327.800048828125,1338.199951171875,1327.800048828125,1333.4000244140625,14,74.5208642362399,14.66787436185109,11.114200823702966,3.553673538148125,7.997915568366498,0.8794079835386518,1301.3411925298624,1288.2417826670703,1,0.10719754977029097,0.00969260113945225,0.009921968568860295,0.07066002752119926,0.059984052440444045,0.09550254581867623,1.41,248.859,2.55,1.0,1.0
2018-01-16,1331.0999755859375,1335.4000244140625,1331.0,1335.4000244140625,13,75.17089318249795,15.509213318551701,11.993203322672713,3.5160099958789885,7.896138703278465,0.8627995787424974,1304.5848908045482,1290.0911254806779,1,0.10458567980691874,0.001499924976286815,0.012740822947960195,0.06508212825657944,0.05902080567946106,0.09530346289315386,1.41,248.859,2.54,1.0,1.0
2018-01-17,1334.4000244140625,1338.0,1326.800048828125,1338.0,27,76.02712637049352,16.199044304946938,12.834371519127558,3.36467278581938,7.659668587927494,0.856909700348403,1307.767282156496,1291.9699048735924,1,0.27906976744186046,0.0019469638598204053,0.020050354354765654,0.0667304057351148,0.058314856977222926,0.09482708840012509,1.41,248.859,2.57,1.0,1.0
2018-01-18,1328.9000244140625,1328.9000244140625,1326.0,1326.0,211,64.90242101548188,15.597640726710097,13.387025360644067,2.2106153660660297,7.243021227051274,0.715886023647499,1309.503731474925,1293.3044184079613,1,2.0085673488814852,-0.008968609865470878,0.006527991063126404,0.0505467051942845,0.07147792621195963,0.09546223184047177,1.41,248.859,2.62,1.0,1.0
2018-01-19,1330.0999755859375,1333.0,1330.0999755859375,1331.9000244140625,50,67.4261692234196,15.419361913809325,13.79349267127712,1.6258692425322057,6.694887907450445,0.7596248273339171,1311.6367117548427,1294.817971584671,1,0.5488474204171241,0.004449490508342757,0.00855675377633669,0.05647662092475203,0.07044587889895666,0.09577774178629257,1.41,248.859,2.64,1.0,1.0
2018-01-22,1328.4000244140625,1330.9000244140625,1328.4000244140625,1330.9000244140625,162,66.55266464302777,15.02419347733371,14.039632832488438,0.9845606448452724,6.100603150080807,0.731254487689735,1313.4713129604827,1296.232954048569,1,1.6866215512753775,-0.000750807103888973,-0.0018749062203584632,0.05118083095936887,0.07125470357421596,0.09564763791713257,1.41,248.859,2.66,1.0,1.0
2018-01-23,1335.800048828125,1335.9000244140625,1335.699951171875,1335.699951171875,47,68.65192756848622,14.926272837101578,14.216960833411067,0.7093120036905116,5.390985125013243,0.7804679491027454,1315.5883261234724,1297.7806794259534,1,0.5396096440872561,0.0036065269139398115,0.00022459693899135047,0.053972934355206226,0.07111221039605077,0.09582567843808396,1.41,248.859,2.63,1.0,1.0
2018-01-24,1355.9000244140625,1357.199951171875,1355.9000244140625,1355.9000244140625,18,75.59419656286562,16.290856265503407,14.631739919829535,1.6591163456738727,5.22332244846927,1.0232167260029734,1319.427535484481,1300.059869425487,1,0.2193784277879342,0.015123211784551671,0.013378194629344087,0.0631174521397575,0.08279473347547735,0.09871703253741422,1.41,248.859,2.65,1.0,1.0
2018-01-25,1356.300048828125,1362.4000244140625,1346.699951171875,1362.4000244140625,4,77.33366664451836,17.692842071054656,15.24396035007456,2.4488817209800953,5.307312334200366,1.0502080732618218,1323.5201534777746,1302.5045813858233,1,0.05124919923126201,0.0047938637679492135,0.027450998803968618,0.06097659864248217,0.08189197525724878,0.09899271058051133,1.41,248.859,2.63,0.0,1.0
2018-01-26,1351.5999755859375,1352.0,1350.9000244140625,1351.5999755859375,280546,68.58664038964692,17.728093811951794,15.740787042450009,1.9873067695017852,4.947066805703418,0.8751157441770328,1326.1944222499806,1304.4298909622983,1,19.9215340971628,-0.007927223014231655,0.014790863286110012,0.050194231224504726,0.09061802895110858,0.1005089697332785,1.41,248.859,2.66,1.0,1.0
2018-01-30,1338.699951171875,1347.800048828125,1332.800048828125,1335.4000244140625,52100,57.99104361474702,16.26137934097278,15.844905502154564,0.41647383881821654,4.408828575306081,0.6085418827072355,1327.0711462656075,1305.6444059996224,1,3.1243815703465607,-0.011985758704125549,0.003381170574387138,0.03191410988894061,0.10331885188201154,0.10315579207858872,1.41,248.859,2.73,1.0,1.0
2018-01-31,1337.5,1346.9000244140625,1331.800048828125,1339.0,4881,59.48876791916175,15.21410674702156,15.718745751127964,-0.5046390041064033,4.1545627598351516,0.6505868055665852,1328.2072275736448,1306.9524685094411,1,0.2885416851401919,0.0026958031452164466,0.00247065130550439,0.025032496325182008,0.0992584998064792,0.10276078407726286,1.41,248.859,2.72,1.0,1.0
2018-02-01,1343.800048828125,1350.5999755859375,1336.800048828125,1344.300048828125,1680,61.656221902905685,14.643009815006963,15.503598563903765,-0.8605887488968023,4.067880361370421,0.7231866523639766,1329.7398772169286,1308.4170795023308,1,0.09884271652732589,0.003958214210698197,-0.00855518502623398,0.02329306446951862,0.09843677591901913,0.10295854290582707,1.42,249.529,2.78,1.0,1.0
2018-02-02,1348.5,1352.0999755859375,1327.699951171875,1333.699951171875,2841,55.28534600568786,13.183105456206249,15.039499942364262,-1.8563944861580133,3.913297473192897,0.5118837905222792,1330.1170271173996,1309.4085646658423,1,0.16578502799555336,-0.007885217043241521,-0.02106581967695631,0.013295852187518165,0.10348417815359685,0.10339837095796875,1.42,249.529,2.84,1.0,1.0
2018-02-05,1331.0999755859375,1340.199951171875,1329.0,1333.0,641,54.882076545943896,11.833234364162081,14.398246826723827,-2.5650124625617465,3.7967256708300563,0.4849917941960887,1330.3915959633616,1310.333718992672,1,0.03733560103910628,-0.0005248190728807112,-0.013761450075399861,0.010307696933670396,0.10334588473648325,0.10160769366233459,1.42,249.529,2.77,1.0,1.0
2018-02-06,1338.199951171875,1343.699951171875,1319.5,1326.0999755859375,529,50.93758341171159,10.090362081077956,13.536669877594655,-3.446307796516699,3.721648315710019,0.3398743064065848,1329.9828702131308,1310.9520035649568,1,0.030764757196859553,-0.005176312388644022,-0.006964241918600789,0.004392885361899745,0.10530160229649597,0.10177523235878252,1.42,249.529,2.79,1.0,1.0
2018-02-07,1325.4000244140625,1331.0999755859375,1310.5,1311.5999755859375,491,43.81150072536791,7.4531788156293715,12.3199716652016,-4.866792849572228,3.8781584537061735,0.07272345543754039,1328.2321183438744,1310.9774142324463,1,0.02851749673297517,-0.010934318880138072,-0.02046305034657392,-0.005308660799033804,0.11253270525405663,0.10386911565454376,1.42,249.529,2.84,1.0,1.0
2018-02-08,1317.0999755859375,1321.0999755859375,1307.0,1316.9000244140625,459,46.74425410298535,5.724868997756403,11.000951131712561,-5.276082133956159,3.7578040978397653,0.1596689648968944,1327.15287130294,1311.209673455255,1,0.026624670454446577,0.0040409034208446215,-0.020382372549899164,0.003964377095189819,0.11190455038862013,0.10398894100312572,1.42,249.529,2.85,1.0,1.0
2018-02-09,1320.9000244140625,1322.0,1311.9000244140625,1313.0999755859375,451,44.933368251541474,4.002401638515494,9.601241233073148,-5.598839594557655,3.8529372396916646,0.09825480897383343,1325.814500282273,1311.2838029505758,1,0.026131748045913075,-0.0028856016080763824,-0.015445734678056322,-0.0032640418615731415,0.11129826079269761,0.10180885006627852,1.42,249.529,2.83,2.0,1.0
2018-02-12,1323.800048828125,1325.5,1318.0,1324.199951171875,140,50.91511655877582,3.4927468979483365,8.379542366048186,-4.88679546809985,3.8040708674111112,0.3083486955684833,1325.6607337003304,1311.7903185670973,1,0.008108773403223237,0.008453260065734547,-0.006601687042854465,0.0027260151843788716,0.11511393166378245,0.10287174937100284,1.42,249.529,2.86,1.0,1.0
2018-02-13,1324.5,1329.5999755859375,1323.4000244140625,1328.0999755859375,71,52.85298294046825,3.3647544259995357,7.376584778038456,-4.0118303520389205,3.823841527423942,0.3909736438230759,1325.8930424513405,1312.429912959993,1,0.004111627799236743,0.002945192990387202,0.0015081819145017494,-0.003974837806421938,0.11011932114331076,0.1028360616056541,1.42,249.529,2.83,1.0,1.0
2018-02-14,1332.800048828125,1355.5,1324.0,1355.5,400,63.69693646779764,5.411887577292418,6.983645337889249,-1.5717577605968307,4.07892001122898,0.8827155619175864,1328.71275269407,1314.11893598117,1,0.023138172489291363,0.02063099534504098,0.03347058953279625,0.015051651354250017,0.13224967990841624,0.11011485886554685,1.42,249.529,2.91,1.0,1.0
2018-02-15,1352.0,1355.9000244140625,1349.699951171875,1352.0999755859375,111,61.79751981341618,6.682865875590551,6.92348944542951,-0.24062356983895938,4.229570458890784,0.7962085267786451,1330.9401072552002,1315.6083885146902,1,0.006419283295694743,-0.0025083175315843143,0.026729402778723932,0.010538098345244773,0.13265967591703312,0.11034881636701188,1.42,249.529,2.9,1.0,1.0
2018-02-16,1354.0,1361.4000244140625,1344.9000244140625,1353.199951171875,110,62.190336745714845,7.690235918143117,7.0768387399722315,0.6133971781708851,4.32637337498663,0.7847900520370241,1333.0600923901216,1317.082567442423,1,0.006363310309719668,0.0008135312519776949,0.030538402506666618,0.020512783689196734,0.12779019029467764,0.10678142402713056,1.42,249.529,2.87,1.0,1.0
2018-02-20,1348.4000244140625,1350.199951171875,1328.5,1328.800048828125,283,49.92665580640478,6.445416979124275,6.950554387802641,-0.5051374086783662,4.34704880585849,0.36618355703444694,1332.6543739556457,1317.5420765163722,1,0.01636003641986906,-0.018031261619999017,0.003473869374620575,-0.002327483691804355,0.14397915586633156,0.10800202482644347,1.42,249.529,2.88,1.0,1.0
2018-02-21,1326.800048828125,1331.5,1324.4000244140625,1330.0,119,50.44420607977837,5.492402040850266,6.6589239184121665,-1.1665218775619008,4.352849770670124,0.3877567310742127,1332.4015764360604,1318.030622535338,1,0.006880163736333625,0.0009030336602811051,0.0014306335735185804,-0.0006762524589017938,0.14400214722909183,0.1076148880549439,1.42,249.529,2.94,1.0,1.0
2018-02-22,1322.0,1331.4000244140625,1322.0,1330.5999755859375,70,50.71848013398019,4.731007739475444,6.273340682624823,-1.5423329431493782,4.370716990264105,0.4028330122533673,1332.2299954027153,1318.5235383412437,1,0.004046886065704086,0.0004511094631109991,-0.01836962332280523,-0.003818204516263579,0.1433806836832741,0.10646192655946554,1.42,249.529,2.92,1.0,1.0
2018-02-23,1328.0,1332.0999755859375,1327.699951171875,1328.199951171875,427,49.537371056890926,3.8891041855447384,5.796493383208806,-1.9073891976640676,4.187390059751014,0.3803149902977505,1331.8461816664449,1318.9030055110725,1,0.024656853970215442,-0.001803715961294583,-0.01767622575668293,-0.020429288843886395,0.131682305033919,0.10619613643376984,1.42,249.529,2.88,1.0,1.0
2018-02-26,1335.0,1340.5,1330.699951171875,1330.699951171875,652,50.82207486207765,3.3846030628292283,5.314115319132891,-1.9295122563036626,3.744741856072657,0.44782502603122326,1331.7370168574382,1319.365630831104,1,0.03757903412660446,0.0018822467187973313,-0.016627254516610734,-0.023267816114302398,0.13037927091536525,0.10572994279515832,1.42,249.529,2.86,1.0,1.0
2018-02-27,1331.699951171875,1332.5999755859375,1312.699951171875,1315.5,710,43.56075734540896,1.7382359579557942,4.598939446897472,-2.8607034889416774,3.699633363865688,0.17519717552581726,1330.190634299587,1319.2140374651783,1,0.2114164904862579,-0.011422523280690933,-0.010009067082631717,-0.026709067947628284,0.13338154075845593,0.10852962974805772,1.42,249.529,2.9,2.0,1.0
2018-02-28,1315.4000244140625,1321.0,1315.4000244140625,1315.5,58,43.56075734540896,0.42853824379039906,3.764859206276057,-3.336320962485658,3.8348987380511663,0.20592019358800603,1328.7915262710549,1319.068388937132,1,0.0766992859032002,0.0,-0.010902255639097747,-0.01490192006158908,0.12727420057020825,0.10649497516701366,1.42,249.529,2.87,1.0,1.0
2018-03-01,1310.4000244140625,1318.0999755859375,1301.800048828125,1302.9000244140625,43,38.29988905020451,-1.607588083209066,2.6903697483790325,-4.297957831588098,4.192524220351583,0.036855428271749646,1326.3256689513414,1318.4343354264236,1,0.08360878864475987,-0.00957808862480991,-0.020817639921928532,-0.02696039998949773,0.13032747449028834,0.10741869609952179,1.51,249.577,2.81,2.0,1.0
2018-03-02,1314.300048828125,1323.199951171875,1314.300048828125,1321.0999755859375,155,48.058002391512645,-1.7326757036637446,1.8057606579704772,-3.538436361634222,4.079621722761678,0.3810898471002038,1325.827983868922,1318.5388703346398,1,0.35384088574363654,0.013968801006093878,-0.0053455623000687735,-0.017258106374698046,0.14008908367124032,0.1106386074873781,1.51,249.577,2.86,1.0,1.0
2018-03-05,1323.5,1325.9000244140625,1318.0999755859375,1318.0999755859375,18,46.7456312928534,-2.0502494723543805,1.0345586319055058,-3.0848081042598863,4.103673274285917,0.3409428336825938,1325.0919830800665,1318.521658775867,1,0.060626473560121255,-0.00227083495226732,-0.009468682684508511,-0.011696765507286933,0.13773695979764017,0.1104716695393218,1.51,249.577,2.88,1.0,1.0
2018-03-06,1321.5999755859375,1333.5999755859375,1321.4000244140625,1333.5999755859375,18,53.77003740141598,-1.0392289267717842,0.6198011201700478,-1.6590300469418322,4.107913679959118,0.6249462060456404,1325.9022680806256,1319.1129653174385,1,0.06773283160865474,0.01175935079818946,0.013759008427166375,0.0004500942130063468,0.14447216358522896,0.11054976847902273,1.51,249.577,2.88,1.0,0.0
2018-03-07,1338.0999755859375,1338.0999755859375,1326.0,1326.0,27,50.26882628592772,-0.8415416067259684,0.32753257479084463,-1.169074181516813,4.1080107241355055,0.48559778016395083,1325.9115758824707,1319.3830451089116,1,0.11219613546644504,-0.005698842025396944,0.007981755986316896,-7.539068530137971e-05,0.1447353619300945,0.11138406325206433,1.51,249.577,2.89,1.0,0.0
2018-03-08,1324.800048828125,1326.800048828125,1319.300048828125,1319.9000244140625,62,47.59029373570671,-1.1636759000784878,0.029290879816978154,-1.192966779895466,4.002199560137874,0.3625687259825146,1325.3390471711937,1319.4033188071528,1,0.28284671532846717,-0.004600283247313319,0.013047816165054682,0.006328186171562722,0.14000239290426164,0.10953367935428412,1.51,249.577,2.86,1.0,1.0
2018-03-09,1316.800048828125,1322.4000244140625,1313.0,1322.4000244140625,88,48.794528466278784,-1.2033688546985104,-0.21724106708611957,-0.9861277876123908,3.9531089122641436,0.4032908010380652,1325.0591402419432,1319.5208366740906,1,0.4385746324445552,0.0018940828500324525,0.000984065439520121,0.004176474977625633,0.1394536905967447,0.10912962646816424,1.51,249.577,2.9,1.0,1.0
2018-03-12,1319.4000244140625,1319.4000244140625,1319.4000244140625,1319.4000244140625,0,47.38741735635497,-1.4600699575523777,-0.4658068451793712,-0.9942631123730065,3.8689616242802485,0.33668112517576115,1324.520176829764,1319.5160989384033,1,0.0,-0.0022686024989519993,0.0009863051757867947,0.004797843991516171,0.1392886052962024,0.10924352923287624,1.51,249.577,2.87,1.0,1.0
2018-03-13,1325.9000244140625,1325.9000244140625,1325.300048828125,1325.9000244140625,13,50.70439291399785,-1.1260315628362605,-0.5978517887107491,-0.5281797741255114,3.863162276632042,0.46150004293761326,1324.6515908854115,1319.7664489570566,1,0.07569141193595343,0.004926481642962388,-0.005773808722883245,0.0012838493466813539,0.13709826397754193,0.10899466650502401,1.51,249.577,2.84,1.0,1.0
2018-03-14,1322.199951171875,1324.4000244140625,1322.199951171875,1324.4000244140625,19,49.92220873398527,-0.9711464209608494,-0.6725107151607692,-0.29863570580008014,3.8703550461272815,0.43597572017972386,1324.6276321738544,1319.9481577985077,1,0.11232633757020395,-0.0011313070158988081,-0.0012066180889422906,-0.002785898079881055,0.13672655063089054,0.10869781578415504,1.51,249.577,2.81,1.0,1.0
2018-03-15,1316.800048828125,1316.800048828125,1316.800048828125,1316.800048828125,0,46.046380187177704,-1.444996326107912,-0.8270078373501978,-0.6179884887577142,3.4208414917757537,0.30254554424689173,1323.8821480456897,1319.8247025447672,1,0.0,-0.0057384290590751785,-0.0023486442371373206,-0.02855031440197342,0.11424176946028719,0.10891207733467793,1.51,249.577,2.82,1.0,1.0
2018-03-16,1310.0999755859375,1311.300048828125,1310.0999755859375,1311.300048828125,34,43.41921198961241,-2.238525495939939,-1.1093113690681462,-1.1292141268717928,3.023806079764364,0.18983222523213014,1322.6838528821122,1319.4904023990166,1,0.23399862353750858,-0.004176792068693147,-0.008393810784188216,-0.030175229268924242,0.11460238232737972,0.10939144878297206,1.51,249.577,2.85,1.0,1.0
2018-03-19,1309.4000244140625,1316.9000244140625,1307.300048828125,1316.800048828125,6,46.69449710511729,-2.3959796831763924,-1.3666450318897956,-1.0293346512865968,2.2592234639564173,0.3293978506581981,1322.1234905912563,1319.384898337413,1,0.04282655246252677,0.004194310832913661,-0.0019705741532725085,-0.026899130695524742,0.11613265127232464,0.10902237016044704,1.51,249.577,2.85,1.0,1.0
2018-03-20,1311.0999755859375,1311.0999755859375,1311.0999755859375,1311.0999755859375,4,43.860765236111405,-2.9467433114914456,-1.6826646878101257,-1.26407862368132,2.314036838794269,0.1758108244600005,1321.0736320193212,1319.0599994059826,1,0.03170828378913991,-0.004328731037988809,-0.011162266049934977,-0.013320343612116314,0.09858474089749057,0.10944632990643204,1.51,249.577,2.89,1.0,1.0
2018-03-21,1312.4000244140625,1328.800048828125,1312.4000244140625,1320.699951171875,34,49.427284328111014,-2.578862138085242,-1.861904177865149,-0.7169579602200928,2.228984478891445,0.5052641856112616,1321.0380433671835,1319.1243112399393,1,0.2789171452009844,0.007322077465257593,-0.002793773160661539,-0.006992517915883512,0.10247266453337217,0.11004673325308711,1.51,249.577,2.89,1.0,1.0
2018-03-22,1326.5999755859375,1326.5999755859375,1326.5999755859375,1326.5999755859375,0,52.541842530629296,-1.7905901869946774,-1.847641379691055,0.057051192696377484,2.1611325017777547,0.7192081585252974,1321.567751197541,1319.4174745476255,1,0.0,0.00446734658302006,0.007442228428328201,-0.0030061626885560244,0.1038658233338625,0.11031471157762347,1.51,249.577,2.83,1.0,1.0
2018-03-23,1343.199951171875,1349.300048828125,1343.199951171875,1349.300048828125,8,62.190010677783654,0.658239437162365,-1.346465216320371,2.0047046534827357,2.8494887942173612,1.2409750938464208,1324.2089224004537,1320.5893402056843,1,0.08209338122113904,0.017111468159164644,0.028978874845585256,0.01588623583191162,0.12001753139351216,0.11466702549932707,1.51,249.577,2.82,1.0,0.0
2018-03-26,1348.5,1354.4000244140625,1345.0999755859375,1354.4000244140625,10,63.962618805674296,2.976172500697203,-0.48193767291685624,3.458110173614059,3.544224458368089,1.1787147901315236,1327.0842654493688,1321.9152493903266,1,0.15302218821729152,0.0037797194110877896,0.02855405087461782,0.01781023078968036,0.1204331604980555,0.11417325962422625,1.51,249.577,2.85,0.0,0.0
2018-03-27,1341.0,1341.300048828125,1341.0,1341.300048828125,290889,56.619818354761534,3.7132881305064984,0.3571074877678147,3.3561806427386838,3.7087400566945776,0.8548953585199801,1328.438149580679,1322.6754376035738,1,19.95903748378996,-0.00967216136281801,0.023034149801345993,0.019612351826776786,0.11816540684834326,0.11618061181851097,1.51,249.577,2.78,1.0,0.0
2018-03-28,1345.0,1346.4000244140625,1322.4000244140625,1324.199951171875,59284,48.75221231300672,2.884373347887049,0.8625606597916616,2.0218126880953875,3.6618284137368255,0.4977304680161698,1328.0345116369833,1322.7352224493895,1,3.38077967106914,-0.012748898109106954,0.0026501098882409924,0.006613417842550318,0.12793725935554873,0.11897800638596386,1.51,249.577,2.77,1.0,0.0
2018-03-29,1324.0,1327.0999755859375,1321.699951171875,1322.800048828125,5585,48.16219569366878,2.090395216157958,1.108127571064921,0.9822676450930372,3.3498133843014615,0.4435758902002102,1327.535991369473,1322.7377646603204,1,0.31354033919619145,-0.001057168400067643,-0.0028644103932944365,0.015273638837340453,0.12259977368923174,0.11751979285885093,1.51,249.577,2.74,1.0,0.0
2018-04-02,1327.0,1344.199951171875,1324.699951171875,1342.0999755859375,649,56.05793779893644,2.984105706552782,1.4833231981624933,1.5007825083902888,3.5079223020560053,0.8384012359344473,1328.9230374853269,1323.4970670495604,1,0.03638422640070862,0.014590207170698477,-0.005336154288618555,0.015895844665871017,0.12348506175412058,0.12062088964130707,1.69,250.227,2.73,1.0,0.0
2018-04-03,1340.4000244140625,1341.5,1328.5,1332.800048828125,702,51.95160734038176,2.90842483137817,1.7683435248056287,1.1400813065725413,3.481659301558654,0.623581099713105,1329.2922766608315,1323.861889864406,1,0.03928019875109112,-0.006929384492203927,-0.015948002950813667,0.011152472129932978,0.12611371555306936,0.12149839171915355,1.69,250.227,2.79,0.0,0.0
2018-04-04,1331.800048828125,1347.300048828125,1331.5999755859375,1335.800048828125,718,53.14397083254742,3.0553024951998395,2.025735318884471,1.0295671763153686,3.5029875611311887,0.684980103531501,1329.912064486288,1324.3300529610226,1,0.04009694749422001,0.002250900277680712,-0.004100499366122667,0.001649725016844572,0.11932628920897943,0.12148490851500225,1.69,250.227,2.79,0.0,0.0
2018-04-05,1333.5,1333.699951171875,1322.5999755859375,1324.300048828125,258,48.20554977715992,2.2181804085053045,2.0642243368086377,0.1539560716966668,3.5076339637502056,0.4395284310965257,1329.3775868045582,1324.32887632836,1,0.014398807912647232,-0.00860907289986157,7.559104360432833e-05,-0.0012820144584275717,0.1216462306395955,0.12282556578381627,1.69,250.227,2.83,1.0,0.0
2018-04-06,1326.5,1333.0,1319.0,1331.9000244140625,348,51.41850053726042,2.143302975260667,2.0800400644990438,0.06326291076162338,3.4824375464274153,0.5905123075784299,1329.6178189578443,1324.6257840964267,1,0.019406160340611572,0.0057388622711769255,0.006879328129749673,0.00909159768015555,0.12205293477570839,0.12333846417238682,1.69,250.227,2.77,0.0,0.0
2018-04-09,1333.0,1337.5,1327.0,1336.300048828125,290,53.22750224775329,2.4112123130112195,2.146274514201479,0.26493779880974033,3.5038478090351073,0.6695122560104738,1330.2542218026329,1325.0835983996305,1,0.016162697052537128,0.003303569587363109,-0.0043215310806338225,0.010511210040412333,0.12237447549031466,0.12297910101698897,1.69,250.227,2.78,0.0,0.0
2018-04-10,1335.199951171875,1342.0,1333.0,1342.0,105,55.53725284043321,3.048331547888438,2.3266859209388713,0.7216456269495666,3.5509093578982367,0.7639224401483979,1331.3728673452392,1325.7469866976842,1,0.005850299201016281,0.00426547254628451,0.006902724215807288,0.017128979208541395,0.12259119665351549,0.12296805718120057,1.69,250.227,2.8,0.0,0.0
2018-04-11,1340.0999755859375,1365.4000244140625,1340.0999755859375,1356.5,118,60.835676742500894,4.669455375237703,2.7952398117986377,1.8742155634390656,3.948503278752419,0.9838520907113172,1333.7659275980736,1326.9529872193436,1,0.0065726993463506205,0.0108047690014903,0.01549629466628244,0.023078644711135077,0.1268312086436033,0.12474956890290285,1.69,250.227,2.79,0.0,0.0
2018-04-12,1351.199951171875,1351.5,1334.5999755859375,1338.4000244140625,34,52.43579893315353,4.442480772998124,3.124688004038535,1.3177927689595887,3.946107920232829,0.6261582499587095,1334.2072701519774,1327.4018906387444,1,0.0018937495126379932,-0.013343144552847352,0.010647115507104843,0.01057082432944978,0.13687340687742125,0.12643565016552719,1.69,250.227,2.83,1.0,0.0
2018-04-13,1335.9000244140625,1346.0,1335.9000244140625,1344.800048828125,67,54.811703122380905,4.724568365265441,3.4446640762839165,1.2799042889815242,3.8882058130138417,0.7243603066356645,1335.2161062163723,1328.0841713520535,1,0.0037311043233475244,0.004781847203614964,0.009685429970419657,0.02126366871334673,0.13556043108683002,0.12677173865387573,1.69,250.227,2.82,0.0,0.0
2018-04-16,1341.0,1348.800048828125,1341.0,1347.5,60,55.814442384123254,5.10711664795781,3.777154590618695,1.3299620573391144,3.6820946981542972,0.7547029748383944,1336.386000862432,1328.845576397071,1,0.003341045580214328,0.0020076971102340746,0.008381314646884075,0.027606154063843702,0.1341619735214173,0.12677553290230076,1.69,250.227,2.83,0.0,0.0
2018-04-17,1348.0,1348.0999755859375,1339.0,1347.199951171875,409,55.66660730161837,5.3246976848838585,4.086663209471728,1.2380344754121309,3.5367469453081792,0.7263645142425414,1337.4159008919028,1329.5653558000045,1,0.022749268574861224,-0.00022267074443416135,0.0038747773262854945,0.023086194726985365,0.13384345245901702,0.12534447612115035,1.69,250.227,2.82,0.0,0.0
2018-04-18,1343.5,1354.199951171875,1343.5,1351.199951171875,45,57.29068305744896,5.753575161849994,4.4200455999473816,1.3335295619026128,3.1931460642430602,0.7970242258353355,1338.7286675852336,1330.4137713047837,1,0.0025026903921715844,0.002969121247755835,-0.003907149891725026,0.030584986906140754,0.1323805422440852,0.12517096051898285,1.69,250.227,2.87,0.0,0.0
2018-04-19,1348.5999755859375,1355.199951171875,1341.5999755859375,1346.800048828125,387,54.907934833666005,5.673033110263987,4.670643102010703,1.0023900082532835,2.986360688493982,0.6747003372611593,1339.497370560747,1331.0563704233462,1,0.021502030747348362,-0.0032562925568003775,0.006276168754360212,0.019762321966538376,0.13155880812771695,0.12536143956492068,1.69,250.227,2.92,0.0,0.0
2018-04-20,1342.5,1343.4000244140625,1335.300048828125,1336.699951171875,310,49.788837797647595,4.739574617380185,4.684429405084599,0.055145212295586,2.8556746541848224,0.4055503576406014,1339.2309496665687,1331.2776873154453,1,0.017209028633603126,-0.007499329737208016,-0.006023272874884689,0.00761342964858458,0.1342072055456417,0.12614341124262785,1.69,250.227,2.96,0.0,0.0
2018-04-23,1334.0,1334.4000244140625,1322.5,1322.5,68,43.63011606247625,2.8214606093315524,4.31183564593399,-1.4903750366024378,3.0111302321247604,0.09137612919618493,1337.6375258888002,1330.9334642834672,1,0.00377425513964744,-0.01062314033858236,-0.01855287569573283,-0.01986218621380842,0.12440888601693223,0.1240677111778609,1.69,250.227,2.98,1.0,0.0
2018-04-24,1326.4000244140625,1331.699951171875,1326.199951171875,1331.4000244140625,28,47.97390627703401,1.996484794354501,3.8487654756180927,-1.8522806812635917,2.85608854747112,0.33184827467265277,1337.0434781293013,1330.9517607591768,1,0.0015540274285841145,0.006729697099480125,-0.0117279745624016,-0.016981689002811606,0.12632431497813273,0.1244741861867921,1.69,250.227,3.0,1.0,0.0
2018-04-25,1324.0,1325.0,1320.0,1321.199951171875,278,43.807453303570625,0.5137032015413752,3.1817530208027494,-2.668049819261374,3.043404501108284,0.11607183297491466,1335.5345708000227,1330.5693368537925,1,0.07972126234890957,-0.007661163478404176,-0.022202487480836197,-0.014985534126992106,0.1246305177894746,0.12440567923453194,1.69,250.227,3.03,1.0,0.0
2018-04-26,1315.699951171875,1316.300048828125,1315.699951171875,1316.300048828125,569,41.92384197006576,-1.0447498367911976,2.3364524492839602,-3.381202286075158,3.229005774914623,0.03363958312842474,1333.702711564604,1330.0097569312172,1,1.0319187522669568,-0.0037086758438069634,-0.022646271825233932,-0.005965792655979851,0.11687508006923938,0.12221610478543658,1.69,250.227,3.0,1.0,0.0
2018-04-27,1315.300048828125,1321.699951171875,1312.800048828125,1320.300048828125,622,44.03920267224915,-1.9347657518746928,1.4822088090522296,-3.4169745609269224,3.2802791447451978,0.13499046169372728,1332.4262674944632,1329.6289840644292,1,2.051112943116241,0.003038820824751154,-0.012268948113129174,-0.0018899303807969892,0.11742411551844152,0.12225316017629625,1.69,250.227,2.96,1.0,0.0
2018-04-30,1309.5999755859375,1316.199951171875,1309.5999755859375,1316.199951171875,49,42.33694627039111,-2.9370963730013955,0.5983477726415046,-3.5354441456429,3.5061472852848654,0.09824465124235686,1330.8809040351691,1329.1023553235448,1,0.17932296431838976,-0.003105428693946588,-0.004763742025047257,-0.019298133436560838,0.1043290130533005,0.12207707412315215,1.69,250.227,2.95,1.0,0.0
2018-05-01,1313.199951171875,1313.800048828125,1303.4000244140625,1303.800048828125,28,37.603063449448264,-4.678092956884257,-0.4569403732636476,-4.221152583620609,4.060689586641907,-0.04947593268605978,1328.3017749678315,1328.1101080099988,1,0.1168858275934043,-0.009420986782980645,-0.020730039867682848,-0.02175870268424618,0.1065950203873442,0.12252753227027814,1.7,250.792,2.97,1.0,0.0
2018-05-02,1309.0,1309.300048828125,1302.5999755859375,1302.5999755859375,23,37.16988843104551,-6.084542357230248,-1.5824607700569677,-4.50208158717328,4.53655587596184,0.015160809403066147,1325.8539845505084,1327.1097106600357,-1,0.1123046875,-0.0009204427038226326,-0.01407809284994277,-0.024854073984585723,0.1058657956310801,0.12253224818508554,1.7,250.792,2.97,1.0,0.0
2018-05-03,1310.699951171875,1310.699951171875,1310.699951171875,1310.699951171875,4,42.02440543879959,-6.4709699904494755,-2.560162614135469,-3.9108073763140063,4.725166079827457,0.17385755277057957,1324.4107432763528,1326.466190680108,-1,0.020822488287350338,0.006218313939622133,-0.004254423344613345,-0.010269649743111287,0.10523833047636172,0.1228471475194826,1.7,250.792,2.94,1.0,0.0
2018-05-04,1312.699951171875,1312.699951171875,1312.699951171875,1312.699951171875,0,43.191543296792666,-6.540439275843937,-3.356217946477163,-3.1842213293667743,4.880959056143597,0.22962785446447703,1323.2954297425931,1325.9263381503733,-1,0.0,0.001525902246514832,-0.005756341267271536,-0.014415551385423275,0.10296825332798833,0.12080858422520181,1.7,250.792,2.95,1.0,0.0
2018-05-07,1310.5999755859375,1312.5,1310.199951171875,1312.199951171875,4,42.95870585083559,-6.560217898009796,-3.9970179367836898,-2.5631999612261063,5.004633133591319,0.24666952248892682,1322.2387174977628,1325.3880484649421,-1,0.024937655860349125,-0.0003808943540781762,-0.0030390519285755646,-0.018034944829482535,0.10188367654085345,0.12051975329916312,1.7,250.792,2.95,1.0,0.0
2018-05-08,1310.0999755859375,1312.0,1308.5,1312.0,337,42.85920270187371,-6.516904172414343,-4.50099518390982,-2.0159089885045223,5.045497771851302,0.26784645534040025,1321.2636015455948,1324.863026956513,-1,1.9593023255813953,-0.00015237858505967594,0.006289270489938437,-0.02235469448584204,0.1001049073940849,0.12037567188308569,1.7,250.792,2.97,0.0,0.0
2018-05-09,1311.300048828125,1311.300048828125,1311.300048828125,1311.300048828125,70,42.48819545203754,-6.46453876382202,-4.893703899892261,-1.5708348639297594,4.739622881131312,0.2772788923484374,1320.3146917629786,1324.3311454612822,-1,0.41273584905660377,-0.0005334993688071998,0.006679006145592803,-0.0333210108159786,0.08983492878015407,0.1190886145748789,1.7,250.792,3.0,0.0,0.0
2018-05-10,1312.199951171875,1320.800048828125,1312.199951171875,1320.800048828125,8,48.947633410530884,-5.592007019040921,-5.033364523721993,-0.558642495318928,4.661685213987698,0.4415296572546678,1320.3609162453733,1324.1926710835114,-1,0.047534165181224004,0.007244718711396203,0.007705880851845315,-0.01315001140532901,0.08374707464310419,0.11988486690662609,1.7,250.792,2.97,0.0,0.0
2018-05-11,1319.0,1319.0,1319.0,1319.0,3,47.8509687835272,-4.988266589686418,-5.024344936914878,0.03607834722846004,4.455947999888514,0.4301192826233113,1320.2313051743854,1323.9890369233738,-1,0.018170805572380377,-0.001362847336144557,0.00479930605809864,-0.019185044535511064,0.08126350494541765,0.11201909711910832,1.7,250.792,2.97,0.0,0.0
2018-05-14,1319.9000244140625,1319.9000244140625,1316.5,1316.5,4,46.29944537819481,-4.657834440309671,-4.951042837593837,0.29320839728416637,4.142482436509252,0.40739025349415314,1319.8759427768248,1323.6953492008886,-1,0.024645717806531114,-0.0018953752843062777,0.0032769768237568275,-0.023005565862708743,0.08054665703117875,0.11197799483155198,1.7,250.792,3.0,0.0,0.0
2018-05-15,1304.5999755859375,1304.699951171875,1288.9000244140625,1288.9000244140625,8,33.41721156389116,-6.547575572977394,-5.270349384670549,-1.2772261883068445,4.282818733525369,-0.02686421422608947,1316.9258553137045,1322.3308266602287,-1,0.056239015817223195,-0.020964660528627,-0.017606688708793783,-0.04327488781980715,0.10724949662026267,0.11973136363347832,1.7,250.792,3.08,1.0,0.0
2018-05-16,1290.9000244140625,1294.0,1285.4000244140625,1290.199951171875,26,34.34379815937518,-7.849827880592784,-5.786245083854997,-2.063582796737787,4.051493796708425,0.023372254612650134,1314.3805311097208,1321.0707923273521,-1,0.18400566171266808,0.0010085551502752033,-0.016090976031844617,-0.04514505787770018,0.10621679418729382,0.11416065703033583,1.7,250.792,3.09,0.0,0.0
2018-05-17,1291.300048828125,1291.300048828125,1288.199951171875,1288.199951171875,2,33.569750079426086,-8.940198459144995,-6.417035758912997,-2.523162700231998,3.828795822242786,0.013027945862161397,1311.8871425442117,1319.7817397330198,-1,0.01638672675133142,-0.0015501473226560147,-0.02468208392721849,-0.043510614442907825,0.10618701109171662,0.11414344946444693,1.7,250.792,3.11,1.0,0.0
2018-05-18,1285.199951171875,1290.199951171875,1285.199951171875,1290.199951171875,2,35.14393197554374,-9.533050639387966,-7.040238735007991,-2.492811904379975,3.724543880771145,0.08712787263636995,1309.8216957468462,1318.6216695933672,-1,0.018752930145335207,0.0015525540100980173,-0.021834760294257016,-0.03478716368563772,0.10505742511564509,0.11420619109227392,1.7,250.792,3.06,0.0,0.0
2018-05-21,1287.4000244140625,1292.0999755859375,1287.4000244140625,1290.199951171875,52,35.14393197554374,-9.888897212063966,-7.609970430419186,-2.2789267816447802,3.8561335986748677,0.13272636945811522,1307.9529581682775,1317.5070924003676,-1,0.49126121870571565,0.0,-0.019977249394701913,-0.02442347737476369,0.09975038051794145,0.11417892155192856,1.7,250.792,3.06,1.0,0.0
2018-05-22,1291.699951171875,1291.699951171875,1291.699951171875,1291.699951171875,50,36.45374592739576,-9.935342279407678,-8.075044800216885,-1.860297479190793,3.6740496934964355,0.18652708249918903,1306.4050527400486,1316.495047646309,-1,0.46750818139317435,0.0011626104919919555,0.0021723381990665924,-0.029818290907467238,0.09575562834056232,0.11412485527838456,1.7,250.792,3.06,1.0,0.0
2018-05-23,1289.300048828125,1289.300048828125,1289.300048828125,1289.300048828125,10,35.227908572849785,-10.049952792304794,-8.470026398634467,-1.579926393670327,3.7070393917252407,0.1723007720035204,1304.776004748437,1315.4285771044197,-1,0.10689470871191876,-0.001857941034659527,-0.0006974906044079354,-0.024144643901519602,0.0929629506092205,0.11184685808221462,1.7,250.792,3.01,1.0,0.0
2018-05-24,1303.699951171875,1303.699951171875,1303.699951171875,1303.699951171875,0,46.7899608307719,-8.876507818665004,-8.551322682640574,-0.3251851360244302,3.625484557001463,0.4825556511021271,1304.673523455431,1314.968630989418,-1,0.0,0.01116877514806447,0.012032293578259745,-0.009572359787928031,0.10212723601169145,0.1142788424793543,1.7,250.792,2.98,0.0,0.0
2018-05-25,1303.300048828125,1303.300048828125,1303.300048828125,1303.300048828125,1,46.541495141917366,-7.887886355985302,-8.41863541730952,0.5307490613242187,3.453832844646463,0.4916729738675461,1304.5427163480686,1314.5110395321124,-1,0.029368575624082235,-0.00030674415795639565,0.010153540654184168,-0.012875861070435368,0.10128716655823349,0.11256200367400612,1.7,250.792,2.93,0.0,0.0
2018-05-29,1298.699951171875,1298.699951171875,1298.699951171875,1298.699951171875,386334,43.66884191575779,-7.390394295341821,-8.21298719291598,0.8225928975741592,3.3541115390977385,0.4061719935015601,1303.9862625217645,1313.8909968513187,-1,19.967335631554196,-0.00352957683104993,0.006588126121288118,-0.013295852187518276,0.10143553422051768,0.10899936283318787,1.7,250.792,2.77,0.0,0.0
2018-05-30,1298.0,1303.699951171875,1295.199951171875,1301.5,50845,45.85937285243915,-6.6930345772625515,-7.908996669785295,1.2159620925227435,3.35470651008068,0.47288441098636613,1303.7494756149297,1313.405075406169,-1,2.3228403112957787,0.0021560398347582055,0.00758693907144159,-0.0017641116290740833,0.09632795009746167,0.10903201962756855,1.7,250.792,2.84,0.0,0.0
2018-05-31,1301.0,1306.800048828125,1296.5999755859375,1300.0999755859375,4082,44.91881886908059,-6.182079086701151,-7.5636131531684665,1.3815340664673155,3.3594964152466433,0.44378335588038714,1303.401904183597,1312.883306785768,-1,0.1847719320481077,-0.0010757006638973943,0.008376581361048352,-0.001919238482156027,0.09634734378595264,0.10618159227140217,1.7,250.792,2.83,0.0,0.0
2018-06-01,1298.5999755859375,1299.5,1288.9000244140625,1294.800048828125,663,41.45281836585195,-6.13409296979944,-7.277709116494662,1.143616146695222,3.348403496585857,0.34021092119739765,1302.5826798640283,1312.17415941488,-1,0.029966033975064463,-0.004076553232318814,-0.0068266492882430585,-0.012130848352847057,0.09432976159776767,0.10588676680918402,1.82,251.018,2.89,0.0,0.0
2018-06-04,1293.9000244140625,1297.0999755859375,1290.0,1293.0999755859375,144,40.37657082433205,-6.162211194169913,-7.054609532029712,0.8923983378597988,3.305682517636706,0.32127796111836604,1301.6795651708767,1311.4261522059019,-1,0.006506342554417196,-0.0013130006009237638,-0.007826343021592796,-0.014931040081505476,0.09401526834121214,0.10554134981166327,1.82,251.018,2.94,0.0,0.0
2018-06-05,1292.0999755859375,1299.800048828125,1289.9000244140625,1297.5,357,44.40007496505031,-5.763017414487649,-6.7962911085213,1.0332736940336504,3.2129534965107545,0.43895154918486934,1301.2815113450788,1310.8800285899842,-1,0.01611745425487248,0.0034026946849710082,-0.000923963361045943,-0.0112025237912462,0.09516251275021312,0.10572228279527486,1.82,251.018,2.92,0.0,0.0
2018-06-06,1296.0999755859375,1300.4000244140625,1294.0999755859375,1297.0999755859375,373,44.10864959340936,-5.416494122530821,-6.520331711323204,1.1038375887923833,3.105935643353276,0.4453602882145504,1300.8832698442081,1310.3396343545314,-1,0.016838436779118532,-0.00030830398000958326,-0.0033807333185267296,-0.011356725925352529,0.09515519114005952,0.1056438032578767,1.82,251.018,2.97,0.0,0.0
2018-06-07,1298.4000244140625,1302.800048828125,1296.199951171875,1298.699951171875,79,45.64535927179051,-4.955641706050756,-6.207393710268715,1.251752004217959,2.989614547670059,0.5006429655355685,1300.6753347325573,1309.8831761905058,-1,0.003566245262875161,0.0012335021324896278,-0.0010768590418837043,-0.009608859290068938,0.09537074104853166,0.10513824110897549,1.82,251.018,2.93,0.0,0.0
2018-06-08,1295.300048828125,1299.4000244140625,1294.800048828125,1298.0999755859375,650,45.14411060434215,-4.5859617489281845,-5.883107318000609,1.2971455690724243,2.55079247570885,0.5169194220244463,1300.4300624328791,1309.4210898922875,-1,0.029300066488612417,-0.000461981680523027,0.002548599500594051,-0.01718660842140951,0.09093849672963994,0.10512580044414314,1.82,251.018,2.93,0.0,0.0
2018-06-11,1299.300048828125,1302.0,1295.199951171875,1298.9000244140625,71,45.995743041558185,-4.180243223595198,-5.542534499119527,1.3622912755243286,2.0585427861395127,0.5886123348546929,1300.2843445263252,1309.0084990892199,-1,0.0031999783663434387,0.0006163229667759396,0.004485383139456678,-0.015238798776298301,0.09106646849653435,0.10453181369960458,1.82,251.018,2.96,0.0,0.0
2018-06-12,1297.800048828125,1298.0999755859375,1292.699951171875,1295.0999755859375,153,42.61184954502798,-4.117872282930193,-5.2576020558816605,1.1397297729514673,1.4983851656095892,0.4811958421558696,1299.790595103431,1308.4630667949734,-1,0.006893413411068209,-0.0029255899273996633,-0.0018497297988920858,-0.016255240724696196,0.09130978611331958,0.10436030619873726,1.82,251.018,2.96,0.0,0.0
2018-06-13,1294.0,1299.4000244140625,1290.9000244140625,1296.9000244140625,135,44.68772069926562,-3.8784852031519677,-4.981778685335723,1.103293482183755,1.425838912189063,0.556017927224785,1299.5153026568246,1308.0096141525848,-1,0.00608068391929356,0.0013898917937285038,-0.00015415247524364073,0.006206842926887779,0.05061426520129465,0.10401433059456483,1.82,251.018,2.98,0.0,0.0
2018-06-14,1297.199951171875,1307.699951171875,1297.199951171875,1304.0,42,52.05458250952514,-3.080352142873153,-4.601493376843209,1.5211412339700559,1.4655205471115793,0.891816421442209,1299.942416689508,1307.8523743818953,-1,0.0018917001655237645,0.005474574332855919,0.004081041832135757,0.010696054371720054,0.05379587104651777,0.10430878407145752,1.82,251.018,2.94,0.0,0.0
2018-06-15,1297.199951171875,1307.699951171875,1274.0,1274.5999755859375,589,32.65797607852238,-4.765231582889328,-4.634241018052433,-0.1309905648368952,2.0173519781889735,-0.31381376625072116,1297.5288508701203,1306.5483587428382,-1,0.02649381960812537,-0.022546030992379174,-0.018103382206283825,-0.010557348316591386,0.09879081901482868,0.11307680043072896,1.82,251.018,2.93,0.0,0.0
2018-06-18,1280.699951171875,1280.699951171875,1276.199951171875,1276.199951171875,35,34.0971761054346,-5.903355808720107,-4.888063976185968,-1.015291832534139,2.3916349905737535,-0.11257500923087155,1295.497527089335,1305.3582251126045,-1,0.0015742187939235155,0.0012552766488183043,-0.01747638218147507,-0.010851031258592103,0.09871342953731053,0.11265562995952541,1.82,251.018,2.92,0.0,0.0
2018-06-19,1278.699951171875,1281.800048828125,1269.9000244140625,1275.5999755859375,34,33.80541581534274,-6.775635168477493,-5.265578214644274,-1.5100569538332191,2.7178649357805997,-0.0356547765027324,1293.6025221842497,1304.1912349350882,-1,0.0015293030201485674,-0.0004701266328889231,-0.015056752658170414,-0.011316056532692076,0.09869307337227368,0.10651240409764168,1.82,251.018,2.89,0.0,0.0
2018-06-20,1274.4000244140625,1274.4000244140625,1271.199951171875,1271.199951171875,7,31.665483282723628,-7.732828806235602,-5.75902833296254,-1.9738004732730623,3.137811441852018,-0.04749276382494315,1291.4689439925949,1302.8974591012368,-1,0.00031488695558294573,-0.00344937637055176,-0.019816541567110213,-0.01587055877907384,0.09897948147269846,0.10617710330535601,1.82,251.018,2.93,0.0,0.0
2018-06-21,1262.699951171875,1268.9000244140625,1260.0,1267.199951171875,46,29.817593848512317,-8.713731755405433,-6.349969017451119,-2.363762737954314,3.599670866246614,-0.03988663852246653,1289.1576113430026,1301.4975568294972,-1,0.0020690896005757468,-0.0031466332234457717,-0.028220896340586665,-0.017141159403768924,0.09926875949419207,0.10473174583191003,1.82,251.018,2.9,0.0,0.0
2018-06-22,1268.0999755859375,1270.199951171875,1267.0,1267.4000244140625,74,30.037515903403857,-9.366983416997527,-6.953371897360402,-2.4136115196371257,3.8777422929944767,0.03839091966261205,1287.085460206913,1300.1603986955586,-1,0.003327981579172232,0.00015788608735545218,-0.005648792805417413,-0.02784377396438731,0.08881364188633535,0.10177798066971717,1.82,251.018,2.9,0.0,0.0
2018-06-25,1270.5999755859375,1271.199951171875,1265.5999755859375,1265.5999755859375,37,29.152410560881833,-9.915637663314556,-7.545825050551233,-2.3698126127633223,4.115366715726406,0.06601029975160923,1285.0392235763438,1298.8050879853774,-1,0.0016638560989319844,-0.0014202688917867023,-0.008305889352373086,-0.02892662612579955,0.088717763126397,0.10178569707940438,1.82,251.018,2.87,0.0,0.0
2018-06-26,1267.199951171875,1267.199951171875,1256.5999755859375,1256.5999755859375,89,25.160402261031933,-10.950444976944027,-8.226749035829792,-2.7236959411142347,4.585404189201295,-0.00702079284445297,1282.3307237677336,1297.1499855383406,-1,0.030424750021365694,-0.007111251717457745,-0.014894951680500368,-0.03241701483699044,0.09072903350508123,0.09753142849777496,1.82,251.018,2.88,0.0,0.0
2018-06-27,1255.5,1255.5,1252.300048828125,1252.800048828125,1162,23.685648080374634,-11.939528112439802,-8.969304851151795,-2.970223261288007,4.995362623787817,0.012427655362288589,1279.51827853539,1295.4107723340185,-1,2.634323282702335,-0.003023974877956359,-0.014474436005750158,-0.03741832591000771,0.08970827077194432,0.09685414661090114,1.82,251.018,2.83,0.0,0.0
2018-06-28,1251.699951171875,1251.699951171875,1244.800048828125,1247.800048828125,378,21.869233114292868,-12.977248197373228,-9.770893520396083,-3.2063546769771456,5.435879864686487,0.01678715574565486,1276.4974947537457,1293.543685137709,-1,1.477139507620164,-0.0039910598699904876,-0.0153092669596534,-0.040227619213854426,0.08994897600865698,0.09679671227274382,1.82,251.018,2.84,1.0,0.0
2018-06-29,1250.300048828125,1253.300048828125,1249.0999755859375,1251.300048828125,48,26.1392188022333,-13.363185606396655,-10.489351937596197,-2.873833668800458,5.723935464129474,0.11782490030736925,1274.0977379989247,1291.8870719490978,-1,0.21319120586275817,0.0028049365788109792,-0.012703152340067803,-0.03359592088320529,0.0911981762868204,0.09584123457596572,1.82,251.018,2.85,0.0,0.0
2018-07-02,1249.9000244140625,1249.9000244140625,1239.800048828125,1239.800048828125,29,21.90345743700523,-14.430650122225188,-11.277611574521996,-3.1530385477031917,6.23852853337548,0.03768355434046601,1270.8312914112296,1289.8444435914128,-1,0.13217866909753873,-0.009190441581753306,-0.020385530385197637,-0.04121872072084831,0.0949965355921921,0.09629709180640408,1.91,251.214,2.87,0.0,0.0
2018-07-03,1238.0999755859375,1254.0999755859375,1237.0,1251.5999755859375,36,33.76387437872465,-14.161226168223038,-11.854334493262206,-2.3068916749608324,6.283052272856904,0.21617322161452276,1268.9997375231064,1288.3446605323745,-1,0.1770346692894025,0.009517604688728643,-0.003978991005207155,-0.035375741359585766,0.10186320914937404,0.09833718083395768,1.91,251.214,2.83,0.0,0.0
2018-07-05,1255.5,1257.300048828125,1253.5999755859375,1257.300048828125,9,38.6136926599426,-13.334050832597086,-12.150277761129182,-1.183773071467904,6.170736427910476,0.3085023355838713,1267.8854814569177,1287.1272247792667,-1,0.04860923575479341,0.004554229269235099,0.0035919538829913833,-0.030683777277718094,0.10423469238099217,0.09840569856954128,1.91,251.214,2.84,0.0,0.0
2018-07-06,1255.5,1255.5,1254.300048828125,1254.300048828125,7,37.07504992143495,-12.773340232518422,-12.27489025540703,-0.4984499771113917,5.990682187613379,0.2921506856765543,1266.591630730366,1285.8398845458887,-1,0.038556871385293304,-0.0023860652855268727,0.005209167932077374,-0.034187960278034946,0.10374011909828515,0.09529193300356369,1.91,251.214,2.82,0.0,0.0
2018-07-09,1258.199951171875,1262.300048828125,1257.699951171875,1258.0999755859375,37,40.31897902846932,-11.88534386451147,-12.196980977227918,0.3116371127164488,5.694357977825826,0.3613088619136098,1265.7829016689918,1284.752044978832,-1,0.24519549370444002,0.003029519740003872,0.00543428953285896,-0.030814267585164035,0.10503980225603168,0.09226690122440508,1.91,251.214,2.86,0.0,0.0
2018-07-10,1256.199951171875,1256.9000244140625,1249.300048828125,1253.800048828125,65,37.935740266837975,-11.397188800576487,-12.037022541897633,0.6398337413211461,5.32213958636302,0.3209914632937996,1264.6416775889093,1283.538241208216,-1,0.4316069057104914,-0.003417794166802879,0.011292143449448178,-0.03472166813322086,0.10490597649235982,0.09159194298969332,1.91,251.214,2.87,0.0,0.0
2018-07-11,1253.199951171875,1253.199951171875,1242.800048828125,1242.800048828125,30,32.62321407849818,-11.762341513441243,-11.982086336206356,0.2197448227651133,5.112396462996593,0.18342682122659748,1262.5615224688345,1281.9406650364479,-1,0.20768431983385255,-0.008773328737928576,-0.007030941937892554,-0.040382926217067294,0.10780852303939772,0.09266782209923285,1.91,251.214,2.85,0.0,0.0
2018-07-12,1240.9000244140625,1246.699951171875,1240.9000244140625,1245.0,7,34.59592023619875,-11.738891362932918,-11.93344734155167,0.19455597861875162,4.641160375176031,0.2325187123066539,1260.8889965194217,1280.4920115056068,-1,0.05070626584570807,0.0017701569725150357,-0.009782906506358047,-0.04001852373895265,0.10797795603769952,0.0928607675642037,1.91,251.214,2.85,0.0,0.0
2018-07-13,1244.699951171875,1247.0,1239.5999755859375,1239.5999755859375,2,32.11067680483998,-12.017513376471925,-11.950260548535722,-0.06725282793620302,3.651757060578225,0.1117009215511894,1258.8614707162326,1278.888402253855,-1,0.014700477765527378,-0.004337369007279102,-0.011719742222701446,-0.0493865217899252,0.1044965288215263,0.09263019487875483,1.91,251.214,2.83,1.0,0.0
2018-07-16,1242.699951171875,1243.800048828125,1238.0999755859375,1238.0999755859375,2,31.435154237540203,-12.218513377091313,-12.00391111424684,-0.2146022628444726,3.6655396746405313,0.11966010761783177,1256.8841854657283,1277.288856110015,-1,0.01874414245548266,-0.0012100677876272226,-0.01589698782935378,-0.028636435508498148,0.07199373239246697,0.0925529469792946,1.91,251.214,2.85,1.0,0.0
2018-07-17,1225.699951171875,1225.699951171875,1225.699951171875,1225.699951171875,0,26.476470044796358,-13.225925429101835,-12.24831397721784,-0.9776114518839947,3.9033483252686767,-0.05978104335039098,1253.9142583901232,1275.2657617987156,-1,0.0,-0.01001536601129005,-0.02241194493692511,-0.03957060173339466,0.07736181042760897,0.09341260986509653,1.91,251.214,2.86,1.0,0.0
2018-07-18,1226.699951171875,1226.699951171875,1222.199951171875,1226.300048828125,67,27.07599250117177,-13.816614540815408,-12.561974089937355,-1.2546404508780533,3.968486708027426,0.010080204138544947,1251.284333669933,1273.3455377606533,-1,0.6285178236397749,0.0004895958881911966,-0.01327647195987669,-0.03864842246893818,0.07769090162963338,0.09148081023248561,1.91,251.214,2.88,1.0,0.0
2018-07-19,1227.199951171875,1228.0,1211.699951171875,1222.4000244140625,33,25.614186466112145,-14.433063917316076,-12.9361920554131,-1.4968718619029762,4.13655378310104,0.000788813133302681,1248.5334470741357,1271.3476744921595,-1,0.3058387395736793,-0.0031803182408656205,-0.01815259083207832,-0.038388867709462704,0.07762836798737298,0.09003665616097686,1.91,251.214,2.84,1.0,0.0
2018-07-20,1229.5,1229.5,1229.5,1229.5,0,32.734097275705906,-14.18517789584098,-13.185989223498677,-0.9991886723423029,4.090099173750305,0.17061932060745033,1246.72073782898,1269.7065892179571,-1,0.0,0.005808225985058257,-0.00814777007490941,-0.02975059392719437,0.08216175364344919,0.09026763493297986,1.91,251.214,2.89,1.0,0.0
2018-07-23,1222.0,1224.0,1222.0,1224.0,1,30.31355937442504,-14.268057190743775,-13.402402816947697,-0.8656543737960778,4.070042988450896,0.10265569435670445,1244.5568580357437,1267.9141739545078,-1,0.00980872976949485,-0.004473363155754417,-0.01138839824244775,-0.03424335141079626,0.08256282916994229,0.09037272396872946,1.91,251.214,2.96,1.0,0.0
2018-07-24,1223.9000244140625,1223.9000244140625,1223.9000244140625,1223.9000244140625,0,30.269743023656446,-14.178367429323771,-13.557595739422913,-0.6207716899008577,3.9871744122339488,0.1338000489315307,1242.5895405479646,1266.1881288744903,-1,0.0,-8.167940027570264e-05,-0.001468488887587549,-0.032948761043211205,0.08276855919679202,0.08997217771092902,1.91,251.214,2.95,1.0,0.0
2018-07-25,1231.4000244140625,1231.4000244140625,1231.4000244140625,1231.4000244140625,0,37.56107206456772,-13.34823023813351,-13.515722639165034,0.16749240103152374,3.905155673590883,0.3065184304816338,1241.5238723447358,1264.8238894838853,-1,0.0,0.006127951507796325,0.0041588317563969746,-0.020054075808910166,0.08451264273376156,0.0911403007625883,1.91,251.214,2.94,1.0,0.0
2018-07-26,1227.800048828125,1227.800048828125,1225.300048828125,1225.300048828125,1,34.409579320130845,-13.032329007012095,-13.419043912734447,0.3867149057223518,3.9473113770756942,0.21179249344706436,1239.9787462955348,1263.2739349483654,-1,0.026595744680851064,-0.004953691298520191,0.0023724021238076265,-0.021950829284947404,0.08540067216145023,0.0898355042213549,1.91,251.214,2.98,1.0,0.0
2018-07-27,1222.5999755859375,1222.5999755859375,1222.5999755859375,1222.5999755859375,254428,33.08627907669032,-12.85170193064414,-13.305575516316386,0.45387358567224645,4.0684105638790165,0.19149829164649304,1238.3236252755732,1261.6788777184663,-1,19.970643872497075,-0.0022036016768054445,-0.005612057270485971,-0.02019560206449278,0.0848313771889319,0.08986713662616332,1.91,251.214,2.96,1.0,0.0
2018-07-30,1222.5,1223.9000244140625,1218.0999755859375,1221.300048828125,62239,32.43946314371925,-12.667424709831948,-13.1779453550195,0.510520645187551,4.115125044565722,0.1985619578447775,1236.7023322805783,1260.0953942325707,-1,3.9268375011435586,-0.0010632478192137418,-0.002205842460682228,-0.023975064995878315,0.08362312448768215,0.08858615269165264,1.91,251.214,2.98,1.0,0.0
2018-07-31,1220.4000244140625,1228.0999755859375,1213.0,1223.699951171875,2722,34.96715934107654,-12.187244652317304,-12.979805214479061,0.7925605621617571,4.208706859863299,0.26669034808485004,1235.4640102702256,1258.6681219556806,-1,0.17029209912226373,0.001965039095882082,-0.00016347188348431185,-0.0129860437346071,0.07867987116005225,0.08864779999015679,1.91,251.214,2.96,1.0,0.0
2018-08-01,1222.9000244140625,1223.699951171875,1214.4000244140625,1217.9000244140625,1026,31.864380082074945,-12.134821446599062,-12.810808460903061,0.675987014303999,4.224626065719064,0.1883286996566356,1233.7912497124958,1257.06937303248,-1,0.06398982150207687,-0.004739664124574161,-0.01096313117780201,-0.02692549682744949,0.07013584993171819,0.08893356656354688,1.91,251.663,3.0,1.0,0.0
2018-08-02,1214.699951171875,1219.300048828125,1205.800048828125,1210.5999755859375,411,28.443333697182723,-12.537800648389975,-12.756206898400444,0.2184062500104691,4.175974488713976,0.08757936872198412,1231.582556938538,1255.2470437208508,-1,0.02560125576962607,-0.005993963939393998,-0.011997121240831299,-0.03714314119824824,0.06832677974055969,0.0894360018775169,1.91,251.663,2.98,1.0,0.0
2018-08-03,1206.5,1218.5999755859375,1205.0999755859375,1214.199951171875,784,32.303265930668374,-12.42346663554872,-12.6896588458301,0.26619221028138007,4.004675228787435,0.1830439538979889,1229.9270706750463,1253.6373538169694,-1,0.04871759021919809,0.0029737119267618795,-0.006870623737773918,-0.03197009973308618,0.07042547113816447,0.08985812256495897,1.91,251.663,2.95,1.0,0.0
2018-08-06,1214.4000244140625,1214.4000244140625,1206.5999755859375,1208.5999755859375,297,29.626099790487444,-12.639032437066362,-12.679533564077353,0.040501127010990956,3.6865024524337113,0.0859272023715698,1227.8959187617977,1251.8711821216348,-1,0.018440619033574964,-0.004612070343548269,-0.010398814979475035,-0.03934504487765078,0.06894528450088241,0.08833747442529805,1.91,251.663,2.94,1.0,0.0
2018-08-07,1207.800048828125,1214.800048828125,1207.800048828125,1209.5999755859375,715,30.730107119979166,-12.584116384841536,-12.66045012823019,0.07633374338865373,3.3259651146941476,0.11899190763103491,1226.1534479831444,1250.2134877476858,-1,0.044304679875451176,0.0008274036241935345,-0.011522412477368071,-0.03525288843583907,0.06943616174908135,0.08846375386944132,1.91,251.663,2.98,1.0,0.0
2018-08-08,1212.0,1215.199951171875,1205.9000244140625,1212.5999755859375,209,34.071587330956476,-12.1583660147528,-12.560033305534713,0.4016672907819121,3.164596332487535,0.215539343308528,1224.8626410881723,1248.7384480550681,-1,0.012943420531113753,0.0024801587802172342,-0.004351793022317141,-0.024300025793098534,0.06577008243633502,0.08882134277126824,1.91,251.663,2.96,1.0,0.0
2018-08-09,1214.5,1215.300048828125,1211.5999755859375,1211.9000244140625,44,33.6635633990072,-11.742080593040555,-12.396442763035882,0.654362169995327,2.8343339122837365,0.20953833712440043,1223.6281061668285,1247.293803990715,-1,0.002724618476009425,-0.0005772317218930567,0.0010738880343159618,-0.026586325771837394,0.06487253439312599,0.07864007203060801,1.91,251.663,2.93,1.0,0.0
2018-08-10,1212.5,1216.4000244140625,1205.5999755859375,1211.0999755859375,75,33.17453781269806,-11.34593972080279,-12.186342154589264,0.8404024337864744,2.6069995367010357,0.20348154741119903,1222.4349508734103,1245.87443817092,-1,0.0046431865880007675,-0.0006601607492431327,-0.0025531013923576484,-0.022991287964916673,0.06392467252807384,0.07852994915123397,1.91,251.663,2.87,1.0,0.0
2018-08-13,1207.0,1207.4000244140625,1191.300048828125,1191.300048828125,78,23.915240594215533,-12.485755819008318,-12.246224887473076,-0.23953093153524208,3.029265457942889,-0.2288138784051913,1219.4697221071926,1243.7342660398301,-1,0.004827778293566057,-0.016348713695773287,-0.0143140220976965,-0.03779979620439311,0.08393377905155934,0.08465722533030505,1.91,251.663,2.88,1.0,0.0
2018-08-14,1193.0999755859375,1197.5,1192.800048828125,1193.0,92,25.829332893111186,-13.10087767347568,-12.417155444673597,-0.6837222288020826,3.4697162997242845,-0.05814604679168457,1216.9487961922218,1241.7446869794446,-1,0.005692681810025308,0.0014269714615955387,-0.013723525066951514,-0.026678593843959097,0.07891599608209693,0.08463955315482379,1.91,251.663,2.89,1.0,0.0
2018-08-15,1187.800048828125,1188.0999755859375,1174.5999755859375,1177.5,71,20.712722720101056,-14.669980235540152,-12.867720402846908,-1.8022598326932435,4.382500737748569,-0.1882318117529575,1213.1917679834387,1239.2252874900546,-1,0.004393210942189057,-0.012992455993294239,-0.02894604675295076,-0.03979454202481625,0.08879315203701324,0.08795634054245123,1.91,251.663,2.86,1.0,0.0
2018-08-16,1173.199951171875,1180.199951171875,1161.4000244140625,1176.199951171875,123,20.348625907143514,-15.835862431588566,-13.46134880859524,-2.3745136229933266,5.1145148599584775,-0.07455758650642062,1209.6687378109089,1236.7537056736555,-1,0.007608655309356791,-0.0011040754378981443,-0.0294579359047773,-0.03779456177967011,0.08874134151798006,0.0877832639302267,1.91,251.663,2.87,1.0,0.0
2018-08-17,1174.699951171875,1181.199951171875,1174.699951171875,1176.5,66,20.695120569990962,-16.544901710789418,-14.078059389034076,-2.466842321755342,5.533023292214836,0.011831358233060722,1206.5098104003462,1234.3908152550807,-1,0.004081859843776092,0.00025510018753704955,-0.02856904985833053,-0.043106954046360335,0.08442632100452424,0.0878595013162702,1.91,251.663,2.87,1.0,0.0
2018-08-20,1184.800048828125,1190.0,1184.4000244140625,1186.800048828125,68,31.681914884068036,-16.090214610360817,-14.480490433299424,-1.609724177061393,5.644853260713957,0.1991950565720845,1204.6326902506107,1232.5245106893178,-1,0.004204681418090642,0.008754822633340487,-0.003777385894029539,-0.03039211697048616,0.09233010738831826,0.08651795018278259,1.91,251.663,2.82,1.0,0.0
2018-08-21,1189.800048828125,1192.5999755859375,1189.800048828125,1192.5999755859375,22,36.97660771446941,-15.087941789055776,-14.601980704450696,-0.4859610846050799,5.5991366723931915,0.30543806888673714,1203.4867174254036,1230.958842646048,-1,0.0013602455861576462,0.004887029422976141,-0.00033530965135164514,-0.02557402418805388,0.09500839990086965,0.08748636847502127,1.91,251.663,2.85,1.0,0.0
2018-08-22,1194.699951171875,1196.300048828125,1194.699951171875,1196.300048828125,17,40.1626388278897,-13.835580410718649,-14.448700645704287,0.6131202349856384,5.287518841820123,0.3793611497151511,1202.8022727970913,1229.5996742610314,-1,0.001051043624493026,0.00310252667946731,0.01596607119161364,-0.028504121236020863,0.09246272545484589,0.08787577208244139,1.91,251.663,2.82,1.0,0.0
2018-08-23,1189.300048828125,1190.300048828125,1184.9000244140625,1187.0,95,35.32836382230394,-13.438599403601529,-14.246680397283736,0.8080809936822071,5.16920072670043,0.2575525152756188,1201.2972944354635,1227.9290987998145,-1,0.005871772842741561,-0.007774010238681517,0.009182153780370905,-0.03125768979178212,0.09442404669494922,0.08853807240997592,1.91,251.663,2.82,1.0,0.0
2018-08-24,1185.300048828125,1208.0,1185.300048828125,1206.300048828125,12,49.03768927341374,-11.43482293135321,-13.684308904097632,2.249485972744422,4.944175288468392,0.5850292438443279,1201.7737472347646,1227.080900761709,-1,0.0034699129630165106,0.016259518810551876,0.02532940826869945,-0.013332183120648877,0.11336183172264623,0.09565372540472171,1.91,251.663,2.82,1.0,0.0
2018-08-27,1210.300048828125,1211.4000244140625,1205.199951171875,1209.0,154,50.61486705641534,-9.519220497147671,-12.85129122270764,3.3320707255599693,4.746606049432176,0.6467816904679976,1202.4619617838346,1226.3718458298774,-1,0.4349668125970908,0.002238208623549287,0.018705721485094084,-0.01007127514645334,0.11381435111549017,0.09573012150547784,1.91,251.663,2.85,1.0,0.0
2018-08-28,1209.699951171875,1217.0,1202.300048828125,1207.4000244140625,136,49.63456948304398,-8.037544613988302,-11.888541900963773,3.8509972869754705,4.448032635106867,0.6420320881466007,1202.9322534629039,1225.6278528331788,-1,0.6051167964404894,-0.0013233875814205875,0.012409902004948181,-0.013320198911671799,0.11346607940931418,0.09573020330080204,1.91,251.663,2.88,1.0,0.0
2018-08-29,1205.199951171875,1205.199951171875,1202.4000244140625,1204.5,817,47.826474757212765,-7.016432469455594,-10.914120014662139,3.8976875452065443,4.249752648556501,0.6049824290233037,1203.081562656913,1224.799309584819,-1,3.812412505832944,-0.0024018753978987117,0.00685442684710047,-0.011002565190446845,0.11264972516949653,0.09529243686802985,1.91,251.663,2.89,1.0,1.0
2018-08-30,1205.4000244140625,1205.5999755859375,1196.0,1197.699951171875,493,43.79761251790151,-6.678910525191213,-10.067078116767954,3.3881675915767406,4.16113561611983,0.48385753536170056,1202.5690282297667,1223.7365896470565,-1,2.2573260073260073,-0.005645536594541256,0.009014280683972142,-0.01065589350257401,0.11243113324409167,0.0956996447992739,1.91,251.663,2.86,1.0,1.0
2018-08-31,1207.0999755859375,1208.199951171875,1199.0999755859375,1200.300048828125,191,45.681789998095454,-6.130942117360746,-9.279850916886513,3.148908799525767,3.9907058087449396,0.552091825334089,1202.35293495342,1222.8175096149416,-1,1.0119205298013245,0.0021709090442110224,-0.004973886891431967,-0.011447786940144922,0.11213559125965647,0.09582576534869458,1.91,251.663,2.86,1.0,1.0
2018-09-04,1193.800048828125,1193.800048828125,1189.9000244140625,1192.699951171875,26,41.321119066091526,-6.238029449988062,-8.671486623506823,2.433457173518761,3.9207251639670737,0.40805672555311095,1201.4336031647013,1221.636428891684,-1,0.14840182648401828,-0.0063318314980242985,-0.013482257095223327,-0.013155737824960712,0.11312694359575344,0.09636106765759839,1.95,252.182,2.9,1.0,1.0
2018-09-05,1192.5,1196.0,1192.5,1194.9000244140625,21,43.016858956167596,-6.075336708937584,-8.152256640592976,2.0769199316553912,3.8039728738899816,0.46967486907119077,1200.8113575694024,1220.5879424415814,-1,0.1494661921708185,0.0018446158566753912,-0.010352824041117703,-0.01215273765589675,0.11336153564604244,0.09650400939586946,1.95,252.182,2.9,1.0,1.0
2018-09-06,1202.0,1202.0,1197.9000244140625,1197.9000244140625,7,45.336617149251495,-5.639320040491384,-7.649669320572658,2.0103492800812734,3.5988193611719814,0.5547353733364543,1200.5340877450842,1219.6982201659926,-1,0.05368098159509202,0.002510670297685369,-0.0054794317857513875,-0.012122671505722105,0.11337258431271481,0.09677663090500012,1.95,252.182,2.88,1.0,1.0
2018-09-07,1198.300048828125,1198.300048828125,1193.0999755859375,1193.5999755859375,29,42.65612494787196,-5.576469622265677,-7.235029380911262,1.658559758645585,3.376279762408814,0.47446253800384935,1199.8736961108798,1218.6747595942256,-1,0.22367913613575008,-0.003589655848139972,-0.0034232076088221985,-0.015100295783039397,0.11386643324588656,0.0967241997140808,1.95,252.182,2.94,1.0,1.0
2018-09-10,1193.0,1193.0,1193.0,1193.0,11,42.280503431968484,-5.511539630542529,-6.890331430837516,1.3787918002949864,3.133149448909292,0.4806154260450708,1199.219058386034,1217.667906276805,-1,0.08699090549624357,-0.0005026605212881119,-0.006081853312638108,-0.014945071382055475,0.11386965015342158,0.09568879438211288,1.95,252.182,2.94,1.0,1.0
2018-09-11,1190.4000244140625,1196.300048828125,1190.4000244140625,1195.4000244140625,21,44.390046318516404,-5.206404046953594,-6.5535459540607315,1.3471419071071375,3.1291023876000996,0.5393481632327504,1198.8553408648938,1216.794656007678,-1,0.16990291262135923,0.0020117555859702207,0.0022638327766633104,0.00344159776537456,0.09776800903529553,0.08498785469800858,1.95,252.182,2.98,2.0,1.0
2018-09-12,1205.0,1205.0,1204.699951171875,1204.699951171875,37,51.74906800694335,-4.166130967484605,-6.076062956745506,1.909931989260901,3.2231661328244003,0.7645358569126003,1199.4119704179398,1216.3203538572543,-1,0.3061646669424907,0.007779761224591786,0.0082014616767776,0.009807167788663085,0.10135495769259957,0.08677009277638244,1.95,252.182,2.97,1.0,1.0
2018-09-13,1203.4000244140625,1203.4000244140625,1200.0,1202.0,22,49.69306202910169,-3.5190056457995524,-5.5646514945563155,2.045645848756763,2.982146878835554,0.6755530485539335,1199.658449425755,1215.7587713530484,-1,0.1858108108108108,-0.002241181440447937,0.003422635864744228,0.020806794055201694,0.0886183563731258,0.08680336832689037,1.95,252.182,2.97,1.0,1.0
2018-09-14,1195.0,1195.0,1195.0,1195.0,1,44.73105068189317,-3.5303005573478003,-5.157781307114613,1.6274807497668125,2.5788750793637796,0.4455619946429009,1199.214787575683,1214.9447018882229,-1,0.008904719501335707,-0.005823627287853572,0.0011729427301430118,0.015983718422530213,0.09167309642692065,0.08722927097311071,1.95,252.182,2.99,2.0,1.0
2018-09-17,1199.699951171875,1199.699951171875,1199.699951171875,1199.699951171875,0,48.45279957222313,-3.1239936218319144,-4.751023770058073,1.6270301482261589,2.0659021602723824,0.5751609759696447,1199.2609936324632,1214.3468685267976,-1,0.0,0.003933013532949836,0.005616052952116535,0.019719465509455913,0.09231103586979651,0.0876986282675435,1.95,252.182,2.99,1.0,1.0
2018-09-18,1198.699951171875,1198.699951171875,1196.800048828125,1196.800048828125,2,46.37765044429596,-3.001392151378468,-4.401097446322153,1.3997052949436846,1.8877419303780685,0.4319254216972379,1199.0266179368118,1213.6587579503791,-1,0.01892147587511826,-0.0024171896822345884,0.0011711764977992978,0.0084260192016965,0.08830315938630152,0.08772340122635186,1.95,252.182,3.05,1.0,1.0
2018-09-19,1202.199951171875,1202.199951171875,1202.199951171875,1202.199951171875,0,50.61876137528599,-2.4403715285714043,-4.008952262772003,1.5685807342005988,1.8532668868224231,0.6521312113164556,1199.328840149675,1213.2093929786731,-1,0.0,0.004511950303676349,-0.0020752055294499527,0.008049619136727637,0.0880629356738086,0.08842603987423545,1.95,252.182,3.08,1.0,1.0
2018-09-20,1206.199951171875,1206.199951171875,1206.199951171875,1206.199951171875,0,53.54953724095826,-1.6539266357331144,-3.5379471373642257,1.8840205016311113,1.9162752126092581,0.7995780223423647,1199.9832316755987,1212.9345129078183,-1,0.0,0.003327233540561192,0.0034941357503119885,0.008275434205196053,0.08815745152385253,0.08784924471498784,1.95,252.182,3.07,1.0,1.0
2018-09-21,1196.199951171875,1196.199951171875,1196.199951171875,1196.199951171875,0,46.17181550322682,-1.8166387380879314,-3.193685457508967,1.3770467194210356,1.690218192811865,0.323705542661786,1199.6229192466726,1212.2782555848403,-1,0.0,-0.008290499423652453,0.0010041432400627048,0.007750590709246108,0.08881798018786388,0.08911492641825662,1.95,252.182,3.07,1.0,1.0
2018-09-24,1199.300048828125,1199.300048828125,1199.300048828125,1199.300048828125,0,48.53885785210189,-1.6761160566643412,-2.890171577340042,1.2140555206757009,1.6153554444796931,0.49355121460337004,1199.5921696830014,1211.7693063002632,-1,0.0,0.0025916216207941822,-0.00033333530051360416,-0.005802868040003961,0.06741159347384523,0.08911815892222547,1.95,252.182,3.08,1.0,1.0
2018-09-25,1202.0999755859375,1202.800048828125,1200.0,1200.0,21,49.08327749920904,-1.491082340337698,-2.610353729939573,1.119271389601875,1.4423678753019753,0.559270731184212,1199.6310106655728,1211.3077648767235,-1,0.22888283378746593,0.0005836330721065153,0.002673755883456419,-0.007444168734491274,0.06684294940843714,0.08886576184155756,1.95,252.182,3.1,1.0,1.0
2018-09-26,1194.0,1194.0,1194.0,1194.0,17857,44.716231619137766,-1.8077529917586617,-2.449833582303391,0.6420805905447295,1.3323548218271615,0.23035948364115194,1199.0947239355182,1210.6290289992048,-1,18.262425853957865,-0.0050000000000000044,-0.006820788142506529,-0.011098247592437605,0.06879238426266159,0.08754552435564585,1.95,252.182,3.06,1.0,1.0
2018-09-27,1194.5999755859375,1197.300048828125,1180.5,1182.300048828125,4947,37.67668941107499,-2.9685850430014398,-2.553583874443001,-0.41500116855843894,1.6901143869148445,-0.23613581905890516,1197.4952310681474,1209.518088600339,-1,4.177151059697712,-0.009798954080297295,-0.01981421266062089,-0.018430843646222494,0.07612430066966344,0.08697717894577486,1.95,252.182,3.06,2.0,1.0
2018-09-28,1181.699951171875,1191.9000244140625,1180.0,1191.5,404,45.00775084871796,-3.1103395760706007,-2.664935014768521,-0.44540456130207984,1.739807914803243,0.24139805605975975,1196.9242566807047,1208.811496890522,-1,0.34241640886553376,0.0077814013295471884,-0.003929068185691387,-0.005176547904012785,0.07986426216301924,0.08808373539049848,1.95,252.182,3.05,1.0,1.0
2018-10-01,1191.5999755859375,1191.5999755859375,1185.800048828125,1187.0999755859375,180,42.43669145900002,-3.536954453231374,-2.8393389024610918,-0.6976155507702821,1.8578624574177294,0.08941099684788284,1195.9886108621554,1207.960064682499,-1,0.15263291783261257,-0.003692844661403738,-0.01017266134034478,-0.010997311259859588,0.08021370683397638,0.0882194870446001,2.19,252.772,3.09,1.0,1.0
2018-10-02,1193.0,1206.0,1190.300048828125,1202.4000244140625,451,52.5805603935429,-2.6103729894673506,-2.7935457198623435,0.18317273039499282,1.8884299162874314,0.7517819107677439,1196.5992216766226,1207.7420238876584,-1,0.3756611553038191,0.012888593330627529,0.0020000203450520893,0.008132869656493957,0.09006577917024486,0.09227101828380689,2.19,252.772,3.05,1.0,1.0
2018-10-03,1202.5999755859375,1202.5999755859375,1196.5999755859375,1198.300048828125,76,50.035995319478225,-2.181734590359838,-2.6711834939618426,0.48944890360200466,1.8862001084532738,0.5629021190358995,1196.7612052148609,1207.3717503559121,-1,0.06315964431147678,-0.0034098265990434307,0.003601380928077935,0.002845446769264015,0.09088284187740511,0.09227003201877351,2.19,252.772,3.15,1.0,1.0
2018-10-04,1199.300048828125,1204.5999755859375,1197.199951171875,1197.199951171875,496,49.345954852069546,-1.9088007905279483,-2.5187069532750637,0.6099061627471154,1.8848297044089704,0.515734920863234,1196.8029905441003,1206.9728562702637,-1,0.40399104052127877,-0.0009180485783387704,0.012602471224219647,-0.0005844170865009213,0.09051305199422123,0.0907311492251058,2.19,252.772,3.19,1.0,1.0
2018-10-05,1197.0999755859375,1205.300048828125,1196.9000244140625,1201.199951171875,34,51.94119992911954,-1.354122733217764,-2.285790109263604,0.9316673760458398,1.892429847174375,0.6754433458623518,1197.2217486991265,1206.7464678350327,-1,0.02768729641693811,0.003341129437972823,0.008140957760700784,0.006367271901297267,0.09023396981188082,0.09096409931118397,2.19,252.772,3.23,1.0,1.0
2018-10-08,1201.0,1201.0,1183.699951171875,1184.4000244140625,250,42.16904965587428,-2.24427940707983,-2.2774879688268492,0.03320856174701925,2.0933671551225705,0.0052562296269857796,1196.000632100549,1205.8701367204849,-1,0.20162103310617363,-0.01398595358035326,-0.0022744092556672424,-0.007208697054432056,0.10373977944477937,0.09478750360921731,2.19,252.772,3.23,2.0,1.0
2018-10-09,1185.5999755859375,1189.0999755859375,1185.5999755859375,1187.199951171875,9,44.0580823482032,-2.692763790171057,-2.3605431330956907,-0.3322206570753661,2.2068280041749166,0.15211025836739608,1195.1624720121038,1205.1379725813238,-1,0.007261871142130956,0.002364004306059986,-0.012641444555521075,-0.006859689706135708,0.10385378556181347,0.09499726393525469,2.19,252.772,3.21,1.0,1.0
2018-10-10,1189.300048828125,1192.0,1189.300048828125,1189.300048828125,1078,45.496164553158756,-2.845924518986976,-2.457619410273948,-0.38830510871302826,2.1688697966063497,0.25647423825201443,1194.604145994582,1204.5168775321788,-1,0.8347529812606473,0.0017689502549060876,-0.0075106397673950775,-0.012783184998695907,0.09976042902735704,0.09309036870439039,2.19,252.772,3.22,2.0,1.0
2018-10-11,1198.0999755859375,1224.5999755859375,1196.300048828125,1223.5,126,62.43276583883706,-0.20528881965901746,-2.007153292150962,1.8018644724919444,2.9466034873637508,1.2603149222471939,1197.3561320903361,1205.2613137073874,-1,0.09717723276260991,0.028756369097582946,0.021967966839942843,0.017886855241264543,0.14299336892786133,0.11028204145882683,2.19,252.772,3.14,1.0,0.0
2018-10-12,1221.5999755859375,1221.5999755859375,1216.0,1218.0999755859375,122,59.29944581392468,1.4351535991445417,-1.3186919138918611,2.753845513036403,3.3251797602088775,1.0085294135462797,1199.3317362327743,1205.7647906438012,-1,0.09365524123901278,-0.004413587588118051,0.014069284965900097,0.019330523502876673,0.1421953041170404,0.11046197833382924,2.19,252.772,3.15,1.0,0.0
2018-10-15,1222.4000244140625,1232.300048828125,1222.4000244140625,1226.4000244140625,136,62.42123976436539,3.3661576389220045,-0.38172200332908796,3.7478796422510925,3.918024607333448,1.079344641372155,1201.909668440516,1206.574015497537,-1,0.10386039940433006,0.00681393070723324,0.035460992176843176,0.022255625847201754,0.14334771819108916,0.11070676445815258,2.19,252.772,3.16,1.0,0.0
2018-10-16,1227.0999755859375,1230.5,1227.0999755859375,1227.300048828125,426,62.754844365387044,4.912488590423209,0.6771201154213714,4.235368475001837,4.405705943388776,1.0027464194451785,1204.3277999060026,1207.3868011183445,-1,0.32014429038439857,0.0007338750783967285,0.03377703782472996,0.0254846246287046,0.14275628875439414,0.11032846159538554,2.19,252.772,3.16,1.0,0.0
2018-10-17,1225.9000244140625,1225.9000244140625,1223.699951171875,1223.699951171875,1,60.44340154127908,5.780831390782396,1.6978623704935765,4.08296902028882,4.707869668974273,0.8874272851680803,1206.1727666932286,1208.0265324929928,-1,0.0007514841812579845,-0.0029333476028844396,0.02892449418264631,0.017883880280515907,0.14295673415761456,0.11049757799980962,2.19,252.772,3.19,1.0,0.0
2018-10-18,1226.5,1226.5,1226.5,1226.5,165,61.62724660478628,6.6186442446946785,2.682018745333797,3.9366254993608814,5.028299752037993,0.8919468364018792,1208.1086936748259,1208.75098219915,-1,0.12323088987639567,0.00228818251193319,0.002451982018798482,0.01682975431096856,0.14276980610739376,0.10987030338426036,2.19,252.772,3.17,1.0,0.0
2018-10-19,1225.300048828125,1225.300048828125,1225.300048828125,1225.300048828125,55,60.787643779451805,7.1039015809756165,3.566395312462161,3.5375062685134555,5.248158826742891,0.8330652739917147,1209.7459655941877,1209.399965204208,1,0.04099277036595364,-0.000978353992560077,0.005910905004923084,0.024327118244522383,0.1388463102197535,0.10941377919299605,2.19,252.772,3.2,1.0,0.0
2018-10-22,1224.5,1224.5,1219.5999755859375,1221.199951171875,18,57.88570806941897,7.076059492024797,4.268328148374689,2.807731343650108,5.367325035526085,0.7450730795777978,1210.8368213634913,1209.8627097519598,1,0.013406822583047819,-0.0033461988842417023,-0.004240111822137238,0.018260569875861332,0.13965822116531665,0.10953757684538054,2.19,252.772,3.2,1.0,0.0
2018-10-23,1224.800048828125,1237.800048828125,1224.800048828125,1233.4000244140625,33,63.47342446326015,7.946832250861689,5.004028968872089,2.9428032819896,5.708534288587982,0.8829306932937458,1212.985697844498,1210.7857416994932,1,0.024568195354377605,0.009990233974772167,0.004970239829911183,0.027833353678385464,0.14327554285440589,0.11139518110010019,2.19,252.772,3.17,1.0,0.0
2018-10-24,1231.5999755859375,1231.5999755859375,1227.800048828125,1227.800048828125,36,59.56666631801486,8.091777730264539,5.62157872115058,2.4701990091139594,5.7984147229889444,0.7724526694448612,1214.3965884143672,1211.452969430028,1,0.07961959526705739,-0.004540275235196178,0.0033505743399953047,0.02830824859976966,0.14301164404346672,0.11174523049345766,2.19,252.772,3.1,1.0,0.0
2018-10-25,1238.5999755859375,1238.5999755859375,1229.0999755859375,1229.0999755859375,7,60.17936953637021,8.216822873094998,6.140627551539463,2.0761953215555344,5.600021255250201,0.7662238252646747,1215.7969110021359,1212.1450088871225,1,0.03412137460394833,0.0010587446702361447,0.0021198333354566223,0.03958379838028403,0.13674221815264515,0.11131129329043299,2.19,252.772,3.14,1.0,0.0
2018-10-26,1234.300048828125,1234.800048828125,1232.5,1232.5,20,61.809469142125,8.492380726028614,6.610978186437293,1.8814025395913205,5.587766286665909,0.78627312150088,1217.387681382885,1212.9432438327256,1,0.10755579456843238,0.0027662716472203197,0.0058760718884822705,0.03441040704993714,0.13506711644362102,0.11068650899787026,2.19,252.772,3.08,1.0,0.0
2018-10-29,1224.5,1224.5,1224.5,1224.5,214,56.00060324191254,7.973317725038896,6.883446094157614,1.089871630881282,5.271697443608023,0.6488697095622169,1218.0650450607054,1213.3964499569324,1,1.1404209965361045,-0.006490872210953347,0.0027023001638333266,0.03150537038432866,0.13691230086689618,0.11141262783166132,2.19,252.772,3.08,1.0,0.0
2018-10-30,1227.699951171875,1227.699951171875,1219.800048828125,1222.5999755859375,72,54.686083726806565,7.324211514879153,6.971599178301922,0.3526123365772307,5.205328803228056,0.6046674077751351,1218.4969432059656,1213.757372530619,1,0.4267931238885596,-0.001551673674203724,-0.00875632285904615,0.016799692915607345,0.13059795622710516,0.11102898920190263,2.19,252.772,3.12,1.0,0.0
2018-10-31,1216.0,1216.5999755859375,1212.0,1212.300048828125,121,48.09530602688175,5.910539141454137,6.759387170932365,-0.8488480294782281,5.039441787376841,0.42864635011128277,1217.9067627890283,1213.7002225815017,1,0.7078093009651946,-0.0084246090000748,-0.012624205394676458,0.011683217415948022,0.1339590019803051,0.1124247320312657,2.19,252.772,3.15,1.0,0.0
2018-11-01,1215.4000244140625,1236.0,1215.4000244140625,1236.0,14,60.03170784075368,6.626198895171683,6.732749515780229,-0.10655062060854625,4.987816613798357,0.7860208125667248,1219.6299282376924,1214.574723656737,1,0.09533537623425264,0.01954957536691082,0.005613883777658701,0.03240899633360805,0.1493998604697041,0.11911547610997554,2.2,252.594,3.14,1.0,0.0
2018-11-02,1233.300048828125,1233.300048828125,1230.9000244140625,1230.9000244140625,18,56.99429708673609,6.704553084018926,6.727110229427969,-0.022557145409042967,4.874625605550893,0.6815882724926525,1220.70327073068,1215.2149315295733,1,0.1232454638822321,-0.00412619383975521,-0.0012981546336207073,0.024725336704528145,0.15059384326857964,0.11945238557254162,2.2,252.594,3.22,1.0,0.0
2018-11-05,1230.5999755859375,1231.5,1226.699951171875,1229.800048828125,15,56.33226404396328,6.601789189975079,6.702046021537392,-0.10025683156231224,4.099034063870017,0.6482883480131876,1221.5696305494844,1215.7868969138303,1,0.11169024571854057,-0.0008936351971079448,0.004328337140159233,0.038331664537513355,0.13969714865452323,0.11946102844365453,2.2,252.594,3.2,1.0,0.0
2018-11-06,1230.699951171875,1233.800048828125,1223.800048828125,1223.800048828125,4,52.73400901513567,5.967409624100583,6.55511874205003,-0.5877091179494469,3.130881042293738,0.48956478786317525,1221.7820513379263,1216.1011381653714,1,0.02983961208504289,-0.004878841894434327,0.0009815747310255585,0.030828924495930332,0.1417233989702292,0.114794132845814,2.2,252.594,3.22,2.0,0.0
2018-11-07,1228.5999755859375,1228.5999755859375,1226.199951171875,1226.199951171875,1,53.99968500976748,5.593829129835967,6.362860819607217,-0.7690316897712499,1.717448357703025,0.5073584143002384,1222.2028037030643,1216.4971700479794,1,0.012468827930174562,0.0019610248798798136,0.011465727776870382,0.031026570948272658,0.14172950425856554,0.11481871817239908,2.2,252.594,3.22,1.0,0.0
2018-11-08,1222.9000244140625,1222.9000244140625,1222.9000244140625,1222.9000244140625,2,51.940135356598844,4.97414849832353,6.08511835535048,-1.1109698570269506,1.7227440141649768,0.3525179036403042,1222.2692056755404,1216.7482623760611,1,0.02702702702702703,-0.0026911816092136664,-0.010598685749140357,-0.0004903764494789131,0.10070819528947092,0.11151516691456266,2.2,252.594,3.24,2.0,0.0
2018-11-09,1207.9000244140625,1207.9000244140625,1206.4000244140625,1206.4000244140625,14,43.09047423288791,3.1157189608329645,5.491238476446977,-2.3755195156140125,2.156423851761725,-0.2201381902229417,1220.757855079209,1216.3424491226494,1,0.20408163265306123,-0.013492517516226044,-0.019904134790851624,-0.00960508283915451,0.11076342218575191,0.1152160364851765,2.2,252.594,3.19,2.0,0.0
2018-11-12,1201.5999755859375,1201.5999755859375,1201.300048828125,1201.300048828125,1,40.77779128301155,1.2173419948514947,4.636459180127881,-3.419117185276386,2.755861692964565,-0.17804650064524266,1218.904730674344,1215.7525510718838,1,0.016168148746968473,-0.004227433258230051,-0.023174498998562942,-0.020466385425856104,0.10804229628597334,0.11561093298508542,2.2,252.594,3.19,2.0,0.0
2018-11-13,1196.300048828125,1201.300048828125,1196.300048828125,1199.199951171875,5,39.829811335995345,-0.4513923869130849,3.618888866719688,-4.070281253632773,3.268972296351462,-0.08966398008610578,1217.028085007442,1215.1034295071777,1,0.12254901960784315,-0.0017481874393484587,-0.0201014027412455,-0.022895866160097644,0.10786290658116478,0.11435786271431188,2.2,252.594,3.14,2.0,0.0
2018-11-14,1207.9000244140625,1207.9000244140625,1207.9000244140625,1207.9000244140625,0,45.48396745767337,-1.059638354594881,2.6831834224567745,-3.7428217770516556,3.4370229191116803,0.16476009365759176,1216.1587459033108,1214.820943032938,1,0.0,0.0072548979289781546,-0.014924096792145014,-0.012911602017048107,0.11160992632034956,0.1148717474798591,2.2,252.594,3.12,2.0,0.0
2018-11-15,1212.800048828125,1212.800048828125,1212.800048828125,1212.800048828125,0,48.42362830579897,-1.1332235514621516,1.9199020276729895,-3.0531255791351413,3.4811581456440712,0.30018999244476235,1215.8388699913883,1214.7416922798081,1,0.0,0.004056647334235608,-0.008259036212528326,-0.011169956112413337,0.11239749735301281,0.1149902036591446,2.2,252.594,3.11,2.0,0.0
2018-11-16,1216.699951171875,1223.800048828125,1216.699951171875,1220.800048828125,5,52.89007190300899,-0.5397849045464227,1.4279646412291072,-1.9677495457755299,3.468824928196653,0.49362641369030846,1216.3113632139346,1214.979274889546,1,0.16666666666666666,0.006596305803030056,0.011936359518109674,-0.0036725698365096537,0.11518897375568428,0.1144747162598725,2.2,252.594,3.08,2.0,0.0
2018-11-19,1223.0999755859375,1223.0999755859375,1223.0999755859375,1223.0999755859375,0,54.12017502788059,0.11478124000836942,1.1653279609849596,-1.0505467209765902,3.471587778414272,0.5456425287300712,1216.957897725554,1215.297733740385,1,0.0,0.0018839504143370878,0.018146945701932315,0.0015558667622277422,0.11477740912201924,0.10977705456455865,2.2,252.594,3.06,2.0,0.0
2018-11-20,1225.300048828125,1228.800048828125,1219.0,1219.0,12,51.53673757476328,0.29924633512587206,0.9921116358131421,-0.69286530068727,3.3513614249554076,0.46467091423815965,1217.1523836564536,1215.4429206525267,1,0.42780748663101603,-0.0033521181160790503,0.01651104872775888,-0.011675064155202475,0.10919207659383515,0.10993905159081545,2.2,252.594,3.06,2.0,0.0
2018-11-21,1225.800048828125,1225.800048828125,1225.800048828125,1225.800048828125,0,55.34417132931571,0.9828140929728306,0.9902521272450798,-0.0074380342722492054,3.331041335510391,0.634194563012459,1217.9759708156605,1215.849082541766,1,0.0,0.005578382959905648,0.014819127454480885,-0.0016289297283453852,0.11021973254649774,0.1104528218527141,2.2,252.594,3.06,2.0,0.0
2018-11-23,1224.800048828125,1224.800048828125,1221.0,1221.0,1,52.22515428209453,1.1242628389800302,1.01705426959207,0.1072085693879603,3.267392515316727,0.5265925556710462,1218.2639735951213,1216.051079304834,1,0.03853564547206166,-0.003915849760908308,0.006761173187450176,-0.0065901682099342995,0.11095261721375113,0.11065253485429194,2.2,252.594,3.05,2.0,0.0
2018-11-26,1220.199951171875,1222.0,1220.199951171875,1220.199951171875,2,51.70214434949529,1.1584508350158558,1.045333582676827,0.1131172523390287,3.1300860969829514,0.5229246118870228,1218.448352411955,1216.213780162365,1,0.07984031936127745,-0.0006552406454750637,-0.0004915609700589796,-0.009979755641480681,0.11035056716437164,0.1099883320093079,2.2,252.594,3.07,2.0,0.0
2018-11-27,1221.9000244140625,1222.0,1211.199951171875,1211.199951171875,5,46.10818930286508,0.4540858651291728,0.9270840391672963,-0.4729981740381235,3.1578228976589338,0.30614727556233695,1217.7580284843284,1216.01715941764,1,0.3424657534246575,-0.0073758403213805,-0.009729396330305451,-0.010861616029501864,0.11103754301804167,0.11104179218718842,2.2,252.594,3.06,2.0,0.0
2018-11-28,1211.5,1221.4000244140625,1211.5,1221.4000244140625,247168,52.39471953573299,0.7107392571574564,0.8838150827653284,-0.17307582560787194,3.1510723869865447,0.5729189433195375,1218.104885239541,1216.2282521625978,1,19.98221417368668,0.00842146107446462,0.0019688469352441285,-0.0009814748861743938,0.11536283256661212,0.11146255963785562,2.2,252.594,3.06,2.0,0.0
2018-11-29,1221.0,1228.699951171875,1220.5,1224.0999755859375,55478,53.92677384163695,1.1191021021477354,0.9308724866418099,0.18822961550592554,3.1355021908915983,0.628439933900008,1218.6758462249122,1216.5369471988072,1,3.664998596178302,0.0022105380038535127,-0.0013869090997449263,0.009733503491333728,0.11118604037535917,0.11148531312381231,2.2,252.594,3.03,2.0,0.0
2018-11-30,1224.0999755859375,1225.0,1216.0999755859375,1220.199951171875,2060,51.355760696430295,1.11517814308786,0.96773361793102,0.14744452515684003,2.8739432281411252,0.5514033204917198,1218.820999077004,1216.6805944134373,1,0.1351745950503788,-0.003186034222568912,-0.0006552406454750637,-0.012783211025991115,0.08647665021760487,0.11163731585456978,2.2,252.594,3.01,2.0,0.0
2018-12-03,1222.5,1234.0999755859375,1221.300048828125,1233.9000244140625,751,58.78863956929775,2.1922785689212105,1.2126426081290582,0.9796359607921523,2.9508743012376444,0.9268888696134545,1220.2570967281524,1217.3558661781678,1,0.04916144067241853,0.011227728069510334,0.011227728069510334,0.00243724099479814,0.09492470955739292,0.11351577186073337,2.27,252.767,2.98,2.0,0.0
2018-12-04,1231.0,1241.4000244140625,1230.4000244140625,1241.0999755859375,474,62.068928482556224,3.58553251661624,1.6872205898264947,1.8983119267897455,3.2743064170049836,1.0507594334015475,1222.2421328098462,1218.2870077235707,1,0.030982113385384157,0.005835117132195533,0.02468628271090445,0.009188426011675688,0.09694081351491061,0.11400266328476027,2.27,252.767,2.91,2.0,0.0
2018-12-06,1237.5,1244.4000244140625,1234.800048828125,1238.0999755859375,434,59.92847992924098,4.396936236131069,2.2291637190874094,2.1677725170436593,3.53176275439048,0.9240793877529438,1223.7524035504264,1219.0639868554283,1,0.02832777982657394,-0.002417210586587615,0.01367279420179024,0.01168485552154186,0.09551928277592385,0.11413984756620152,2.27,252.767,2.87,2.0,0.0
2018-12-07,1238.300048828125,1249.800048828125,1237.5999755859375,1246.800048828125,211,63.82458293223247,5.676566802237403,2.918644335717408,2.757922466519995,4.003092083486528,1.0307735608655837,1225.9474173863978,1220.15167556024,1,0.013762829272429009,0.007026955345888153,0.018544296785335534,0.016799949825933913,0.09812640503861572,0.11394961317743402,2.27,252.767,2.85,1.0,0.0
2018-12-10,1249.5999755859375,1249.5999755859375,1241.699951171875,1243.699951171875,131,61.52890505675719,6.367134905072817,3.60834244958849,2.758792455484327,4.319079392190046,0.913074769171476,1227.6381348897764,1221.0751373489315,1,0.008541101606509493,-0.0024864433227795857,0.019259138616937843,0.017008689461575965,0.09803118419538465,0.11397667491236553,2.27,252.767,2.85,1.0,0.0
2018-12-11,1245.800048828125,1248.699951171875,1241.5,1241.9000244140625,117,60.17556394781067,6.692034447638889,4.22508084919857,2.466953598440319,4.3723235064688595,0.8406353720009403,1228.9964100825655,1221.8917995867798,1,0.007625751576477489,-0.0014472355298531525,0.006483507449316139,0.029426391977438904,0.08259096654454234,0.11327505059243118,2.27,252.767,2.89,2.0,0.0
2018-12-12,1245.300048828125,1245.5999755859375,1244.0999755859375,1244.4000244140625,84,61.44406034518291,7.069753069904436,4.7940152933397435,2.275737776564693,4.263446828428548,0.8553214346158149,1230.4634209712794,1222.7744750702027,1,0.00547341808443399,0.0020130444889712162,0.0026589709878666046,0.03587777726970187,0.07981653566233096,0.11310584104367767,2.27,252.767,2.91,2.0,0.0
2018-12-13,1243.5,1243.5,1241.0,1242.699951171875,194,60.0434493110957,7.149501098571363,5.265112454386068,1.8843886441852957,3.9189778598207825,0.8053481118262419,1231.6288047999076,1223.5558662898761,1,0.012633210365744463,-0.0013661790492072168,0.0037153506797871216,0.03627418426551077,0.07960451294957983,0.11300590548565832,2.27,252.767,2.91,2.0,0.0
2018-12-14,1241.699951171875,1241.699951171875,1234.0999755859375,1237.0,33,55.47738712792534,6.675808992236853,5.547251761956225,1.1285572302806273,3.658811864088116,0.6676165915004043,1232.1403471999163,1224.083087219685,1,0.00214871728089595,-0.004586747723374307,-0.007860160767026003,0.0240913775956364,0.0799392324718576,0.11321178009491331,2.27,252.767,2.89,2.0,0.0
2018-12-17,1239.300048828125,1247.4000244140625,1239.300048828125,1247.4000244140625,10,61.26532675070692,7.058236679937181,5.849448745552417,1.2087879343847643,3.6424100978806453,0.8614679929185213,1233.5936497917396,1224.9974769135822,1,0.0006511052511638506,0.00840745708493329,0.0029750529769669853,0.0285290024677769,0.08338865838592117,0.11422274778738843,2.27,252.767,2.86,2.0,0.0
2018-12-18,1248.199951171875,1249.199951171875,1245.5999755859375,1249.199951171875,31,62.18165489739024,7.4210076674489756,6.163760529931729,1.257247137517247,3.763475328481839,0.8576272262739112,1235.0799642088953,1225.9465935511623,1,0.0020182554460344538,0.0014429426988811223,0.005878030931883327,0.023263352889780542,0.08112925608847245,0.11272178367511299,2.27,252.767,2.82,2.0,0.0
2018-12-19,1255.800048828125,1255.800048828125,1252.0999755859375,1252.0999755859375,268,63.67278236427107,7.852001042063421,6.501408632358068,1.350592409705353,3.928096432987992,0.8721497551508247,1236.7009176733754,1226.9722163760555,1,0.017432935237946555,0.0023215053853804513,0.006187681630350772,0.023710244934072033,0.08119630880281478,0.11270408601093221,2.27,252.767,2.77,2.0,0.0
2018-12-20,1243.199951171875,1263.5999755859375,1243.199951171875,1263.5999755859375,49,68.90807260905589,9.017571337934442,7.004641173473343,2.012930164461099,4.270131455127463,1.017320715243051,1239.262732712667,1228.4085990901685,1,0.003186981505751201,0.00918457010161533,0.016818238702233534,0.03658734666606844,0.08402265159117277,0.11401780506664912,2.27,252.767,2.79,2.0,0.0
2018-12-21,1260.300048828125,1261.300048828125,1253.800048828125,1253.800048828125,96,60.85904471862506,9.046242553871934,7.412961449553062,1.6332811043188729,4.360573602529605,0.7984981335994872,1240.6472390093772,1229.4043422171474,1,0.006241933438882694,-0.007755561053464088,0.013581284420473017,0.02284222457550733,0.08928264298705507,0.11476715598100287,2.27,252.767,2.79,2.0,0.0
2018-12-24,1260.300048828125,1268.5,1260.300048828125,1267.5,27,66.71276452374249,10.058488271763053,7.94206681399506,2.116421457767993,4.642736286215986,0.9774137736567298,1243.204644818008,1230.8982895811807,1,0.001755395402814484,0.010926743211311596,0.016113496226183743,0.03808353808353804,0.09351723216789894,0.11439881677003746,2.27,252.767,2.74,2.0,0.0
2018-12-26,1269.300048828125,1277.4000244140625,1269.199951171875,1269.199951171875,63,67.36497323352523,10.87254027217773,8.528161505631594,2.3443787665461358,4.819467488867562,0.9464741701784987,1245.680388280281,1232.4003155259138,1,0.004095110567985336,0.0013411843565089843,0.016010247183597892,0.040157352860849205,0.0930699972033815,0.11357256105588376,2.27,252.767,2.81,2.0,0.0
2018-12-27,1276.699951171875,1277.300048828125,1276.699951171875,1277.300048828125,480,70.34640396635108,12.032588344543456,9.229046873413967,2.8035414711294884,4.816065512254733,1.0255263035307232,1248.6917845229327,1234.1610893809025,1,0.031152749067851336,0.006382050084993374,0.020126246892061994,0.05457405904970192,0.0873352501061893,0.11364605954997106,2.27,252.767,2.77,1.0,0.0
2018-12-28,1273.5,1280.0999755859375,1273.5,1279.9000244140625,805,71.2541808879555,13.011739862858576,9.98558547130289,3.0261543915556857,5.013728028416628,0.9984337616973682,1251.6639978458975,1235.9547731076932,1,0.26053466243769824,0.0020355245334273686,0.012899690679850417,0.04789585625566373,0.08467861378141223,0.11107059608609057,2.27,252.767,2.72,1.0,0.0
2018-12-31,1278.0,1281.300048828125,1277.5999755859375,1278.300048828125,19,69.83734912021016,13.502966049978113,10.689061587037935,2.8139044629401777,5.06611773575197,0.9242278664722449,1254.2007646061097,1237.6153721555534,1,0.0599652832570617,-0.0012500785650582102,0.019540595825386253,0.04427748903127271,0.08563439150599687,0.11078783616067907,2.27,252.767,2.69,1.0,0.0
2019-01-02,1286.0,1286.0,1277.5999755859375,1281.0,149,70.88928213781634,13.949330637073444,11.341115397045037,2.6082152400284073,4.909582687962133,0.9311715347130541,1256.7530727388612,1239.3167301102376,1,0.6732941708088567,0.0021121419609975156,0.010650887573964596,0.049827939076487304,0.08327053822722093,0.11072866938516022,2.4,252.561,2.66,1.0,0.0
2019-01-03,1286.800048828125,1292.0,1286.699951171875,1291.800048828125,10,74.69151887486261,15.001622107416551,12.07321673911934,2.928405368297211,5.2981323575942065,1.0172974304877285,1260.0908799854578,1241.3748994717234,1,0.054274084124830396,0.008430951466139813,0.01780656990680063,0.046924404950520415,0.07993114575364375,0.11164145488983321,2.4,252.561,2.56,1.0,0.0
2019-01-04,1294.199951171875,1294.199951171875,1275.300048828125,1282.699951171875,34,66.77710360776831,14.929174618925572,12.644408315080588,2.284766303844984,5.4272151113627976,0.8405919826142058,1262.2441248603548,1242.9954897344744,1,0.20955315870570107,-0.0070445094536923936,0.004227591119803309,0.0335186337960387,0.08530273083072162,0.10841510511312574,2.4,252.561,2.67,2.0,0.0
2019-01-07,1286.800048828125,1286.800048828125,1286.5999755859375,1286.800048828125,2,68.40169504652927,15.029354039336795,13.12139745993183,1.9079565794049653,5.498006014530743,0.8595585398991129,1264.5827842858566,1244.7133155812842,1,0.014219694276573052,0.0031964588854191955,0.005391065147624552,0.03933452403077542,0.08406959263582656,0.1084622070959422,2.4,252.561,2.7,2.0,0.0
2019-01-08,1280.5,1283.199951171875,1278.199951171875,1283.199951171875,54,65.37863162064889,14.649380221902902,13.426994012326045,1.2223862095768574,5.563828782762928,0.7777031499490535,1266.3558477988108,1246.2225954083663,1,0.40662650602409633,-0.002797713335128127,0.00383313944816166,0.029194659061781758,0.08342298553740708,0.10878948972510392,2.4,252.561,2.73,2.0,0.0
2019-01-09,1279.4000244140625,1289.300048828125,1279.199951171875,1289.300048828125,102,67.96236685974131,14.67135291048703,13.675865791958243,0.9954871185287875,5.622444290067905,0.8279829477627145,1268.5410098016027,1247.9119073071804,1,0.7765511990864103,0.004753816932956623,0.00647935115388365,0.03666487050456446,0.08285404524497705,0.09334857186540244,2.4,252.561,2.74,2.0,0.0
2019-01-10,1284.699951171875,1284.699951171875,1284.699951171875,1284.699951171875,0,64.07878051985293,14.154413717734087,13.771575377113413,0.38283834062067434,5.4698233565756915,0.7393935687293641,1270.0799565987716,1249.3545756940312,1,0.0,-0.003567903111794002,-0.005496282232448357,0.03446326267527522,0.08429089224827709,0.09315883369958987,2.4,252.561,2.74,2.0,0.0
2019-01-11,1291.199951171875,1291.199951171875,1286.300048828125,1287.0999755859375,11,65.19622041008813,13.779555457664856,13.773171393223702,0.00638406444115347,5.326679874750544,0.7493305661608786,1271.7009107880256,1250.8347874544982,1,0.09027492819039803,0.0018681594965994641,0.003430283450188476,0.0343136855787034,0.08428524467680346,0.09236923541440592,2.4,252.561,2.71,1.0,0.0
2019-01-14,1292.4000244140625,1293.9000244140625,1289.0999755859375,1289.0999755859375,7,66.14145670158133,13.488375277181603,13.716212170015282,-0.22783689283367892,5.0747679591444355,0.7562750417786575,1273.357964578303,1252.3353830674957,1,0.06222222222222222,0.0015538808468158471,0.0017873225602587084,0.03733807534981137,0.08351575948493234,0.0923817774027677,2.4,252.561,2.71,1.0,0.0
2019-01-15,1290.0999755859375,1292.699951171875,1286.199951171875,1286.199951171875,3,63.45050797316419,12.875187999872878,13.548007335986803,-0.6728193361139247,4.444769747644268,0.6974537689767492,1274.581010920548,1253.663405346099,1,0.02702702702702703,-0.0022496505073195117,0.002337905325869416,0.0397736064445231,0.08151179015800682,0.09227334446518903,2.4,252.561,2.72,1.0,0.0
2019-01-16,1291.5999755859375,1291.5999755859375,1291.5999755859375,1291.5999755859375,2,66.20747201766387,12.678816006523448,13.374169070094133,-0.6953530635706855,4.101210521282386,0.7745241303554485,1276.201864698204,1255.1511139829554,1,0.018083182640144666,0.004198433073444363,0.0017838568763748341,0.0354336622629432,0.07843507908015118,0.09248388489251655,2.4,252.561,2.73,1.0,0.0
2019-01-17,1291.5999755859375,1292.699951171875,1288.5,1291.0,10,65.61526009023714,12.332614073180366,13.165858070711382,-0.8332439975310155,3.664481980330586,0.7493596717604849,1277.6112109174226,1256.5569526502904,1,0.09128251939753537,-0.00046452121189100026,0.004903906801255964,0.03346145570123693,0.07882251004336492,0.09244616693178759,2.4,252.561,2.75,1.0,0.0
2019-01-18,1281.300048828125,1281.300048828125,1281.300048828125,1281.300048828125,3,56.7735398240369,11.147045353024623,12.762095527174031,-1.6150501741494079,3.098130511683939,0.5133580794695278,1277.96252881368,1257.5272701474605,1,0.03115264797507788,-0.007513517561483329,-0.004506197550949498,0.023320879970884834,0.08521772904428968,0.09365448657622448,2.4,252.561,2.79,1.0,0.0
2019-01-22,1282.5,1283.300048828125,1282.5,1282.5,7,57.53585231676173,10.1868717158668,12.247050764912586,-2.060179049045786,2.8418675494803205,0.521551276820656,1278.3946689266627,1258.506592886776,1,0.07430997876857749,0.0009365106736494155,-0.005119832216998965,0.014957284567292284,0.07982043166149186,0.09169873514851078,2.4,252.561,2.74,1.0,0.0
2019-01-23,1281.699951171875,1283.9000244140625,1278.699951171875,1283.0999755859375,14,57.9352963022762,9.366370517360792,11.670914715402228,-2.3045441980414356,2.018037775063723,0.4969097116465747,1278.8427933704031,1259.4710392671352,1,0.1553829078801332,0.0004678172210039744,-0.002410181700841396,0.0233688990403198,0.07322918484590336,0.0910574592099554,2.4,252.561,2.76,1.0,0.0
2019-01-24,1279.0999755859375,1279.0999755859375,1278.5,1279.0999755859375,1,54.27003712720295,8.297700113775136,10.99627179507681,-2.698571681301674,1.7098149197289862,0.2876975415559719,1278.8672869147397,1260.2408014757157,1,0.011261261261261262,-0.0031174499852775206,-0.009677919043262095,0.009151854505670576,0.06499412953645642,0.09139635932350905,2.4,252.561,2.72,1.0,0.0
2019-01-25,1297.4000244140625,1297.4000244140625,1297.4000244140625,1297.4000244140625,0,65.13690405364667,8.825695001941313,10.56215643644971,-1.7364614345083975,1.612078696629009,1.0903104374594477,1280.6323095337227,1261.6980259046704,1,0.0,0.014306973010254298,0.004957416277352911,0.022218779015985568,0.08131227888230977,0.09543760462443847,2.4,252.561,2.76,1.0,0.0
2019-01-28,1300.800048828125,1307.0999755859375,1298.4000244140625,1302.4000244140625,54,67.41525325603274,9.53764888865885,10.357254926891539,-0.8196060382326884,1.8913426889914153,1.1565787670918566,1282.7054252366122,1263.2941827089603,1,0.8391608391608393,0.0038538614967715823,0.016467630361237884,0.01965080609600367,0.07962566588706306,0.09437734645830925,2.4,252.561,2.75,1.0,0.0
2019-01-29,1308.199951171875,1308.199951171875,1308.199951171875,1308.199951171875,213607,69.87462399974024,10.449428582423934,10.375689657998018,0.0737389244259159,2.3362100258751197,1.176710660327564,1285.133475325685,1265.0551932369178,1,19.954971997627155,0.004453260633515255,0.020038948282163682,0.022111044783180045,0.08050598758709232,0.09447697956686815,2.4,252.561,2.72,1.0,0.0
2019-01-30,1310.4000244140625,1323.4000244140625,1308.0999755859375,1309.9000244140625,54958,70.57566925167994,11.180322463440689,10.536616219086552,0.6437062443541368,2.666074831288277,1.0957497077849494,1287.4921942864828,1266.813814067394,1,4.085671379930714,0.0012995515254869971,0.020886952956169047,0.024720311647415283,0.08002853670223505,0.0923394914054814,2.4,252.561,2.7,1.0,0.0
2019-01-31,1320.0,1325.4000244140625,1316.699951171875,1319.699951171875,1970,74.28981288544274,12.407309576388116,10.910754890546865,1.4965546858412502,3.2841832393668815,1.1683482251514574,1290.5595997041391,1268.8877802283541,1,0.14546850828321314,0.007481431082647871,0.03174104945732581,0.03021073471653013,0.08300819843429869,0.08534641023272937,2.4,252.561,2.63,1.0,0.0
2019-02-01,1320.300048828125,1320.699951171875,1315.4000244140625,1316.9000244140625,878,71.51239056250938,13.003874444012808,11.329378801240054,1.6744956427727544,3.706421694430502,1.0069974398671346,1293.0682115812747,1270.770613333676,1,0.06462606314658266,-0.0021216389038479777,0.01503005983740957,0.01943023272735389,0.07973204336702194,0.08491884312038905,2.4,253.319,2.7,1.0,0.0
2019-02-04,1318.0999755859375,1318.0999755859375,1308.300048828125,1314.300048828125,675,68.9351173558587,13.115670809866288,11.6866372029653,1.4290336069009868,3.904299067749111,0.8979899345301127,1295.09029131907,1272.477650019733,1,0.04956711387218294,-0.001974315086746503,0.009136996461142077,0.024635611490731124,0.07482612729766967,0.08505762793072111,2.4,253.319,2.73,1.0,0.0
2019-02-05,1311.0999755859375,1315.0999755859375,1311.0,1314.199951171875,362,68.83226587450939,13.045809222958042,11.95847160696385,1.0873376159941923,4.084178752561245,0.852275710783689,1296.910258924099,1274.113818692366,1,0.026547569284022323,-7.616042952995894e-05,0.004586454841727594,0.02129305354682165,0.07458106092408566,0.08417516030294492,2.4,253.319,2.71,1.0,0.0
2019-02-06,1312.5,1313.5,1305.0,1309.5,358,64.00358552631288,12.467479291037534,12.060273143778588,0.40720614725894677,4.084097522963164,0.7383621952326512,1298.1092818837087,1275.5015120769792,1,0.026224992857718427,-0.003576283173412076,-0.00030538545431468833,0.020495674741965786,0.07516577606584943,0.08472267581001268,2.4,253.319,2.7,1.0,0.0
2019-02-07,1302.9000244140625,1310.4000244140625,1302.199951171875,1309.4000244140625,203,63.90089541380741,11.86431699802165,12.021081914627201,-0.15676491660555136,4.126817722352809,0.7150818934089478,1299.1845906961235,1276.830865501963,1,0.014865097410324286,-7.634638101372548e-05,-0.0078047489118009405,0.015589835433735377,0.07393193119037286,0.0843916403891181,2.4,253.319,2.65,1.0,0.0
2019-02-08,1309.5,1314.0,1307.800048828125,1313.699951171875,122,66.39802410636142,11.599562156560978,11.936777963013958,-0.33721580645297955,4.1419986478314055,0.7670091212930052,1300.5670059795284,1278.2767119988223,1,0.008929715090852532,0.003283890848968518,-0.002430004695011978,0.02257336428910639,0.07257618745733277,0.07871055262215113,2.4,253.319,2.63,1.0,0.0
2019-02-11,1313.4000244140625,1313.4000244140625,1304.699951171875,1307.0,119,59.49242404059177,10.72547536784191,11.69451744397955,-0.9690420761376402,4.075153930274133,0.625966696163323,1301.179672076716,1279.4031154498489,1,0.008706690616162983,-0.0051000619783067025,-0.0055543243984765844,0.015461133394088611,0.07577721199501233,0.07899963509839526,2.4,253.319,2.65,1.0,0.0
2019-02-12,1310.0,1312.0,1307.5999755859375,1309.199951171875,109,60.92931362057447,10.093916577082382,11.374397270600117,-1.2804806935177346,4.032699408569367,0.6499647372994579,1301.943508181017,1280.571618811497,1,0.007972061216653562,0.0016832067114576077,-0.0038045960932668876,0.015592255035767444,0.0757963479509957,0.07872679823168684,2.4,253.319,2.68,1.0,0.0
2019-02-13,1311.5999755859375,1316.0,1308.0999755859375,1310.800048828125,143,61.98553310661987,9.61171828821557,11.021861474123208,-1.4101431859076374,3.928457150231832,0.661031247304445,1302.7869882426464,1281.7570474396002,1,0.010453407408761125,0.001222195016748806,0.000992782610252041,0.019126184567054727,0.07495542592208224,0.07780478531297144,2.4,253.319,2.71,1.0,1.0
2019-02-14,1305.0,1311.800048828125,1301.5999755859375,1309.800048828125,858,60.87788731606181,9.04462027513523,10.626413234325613,-1.5817929591903823,3.874850179905402,0.6253288401390313,1303.4548987745968,1282.8567729842482,1,0.06252482228157304,-0.0007628928614200614,0.00030550206705659555,0.01409110683354653,0.07417154027924766,0.07772017407015151,2.4,253.319,2.66,1.0,1.0
2019-02-15,1313.5999755859375,1318.800048828125,1313.5999755859375,1318.0999755859375,190,66.26600721979082,9.159342538728197,10.33299909520613,-1.1736565564779333,3.8840442133290423,0.7619372701096188,1304.8496679947245,1284.238859360785,1,0.013836748218518668,0.0063367891650625285,0.0033493374268132037,0.020991460562306274,0.07662523888594605,0.0776469427463924,2.4,253.319,2.66,1.0,1.0
2019-02-19,1320.9000244140625,1340.0999755859375,1320.5,1340.0999755859375,390,75.78565345728096,10.899830437112996,10.446365363587503,0.4534650735254928,4.17626878379321,1.0920446155669261,1308.2068401462686,1286.4294913696147,1,0.028361779956221047,0.016690691455494733,0.025325153470495465,0.04589083315152509,0.08776233443907296,0.08371813041433167,2.4,253.319,2.65,0.0,0.0
2019-02-20,1342.199951171875,1344.0,1338.0,1343.300048828125,581,76.8107430308745,12.394522463006524,10.835996783471309,1.5585256795352151,4.405353532247154,1.0627277792275565,1311.5490504969216,1288.659709309164,1,0.042163778338993874,0.002387936199154339,0.026046516138139797,0.04740744548001952,0.08762665787979564,0.08311332576553733,2.4,253.319,2.65,0.0,0.0
2019-02-21,1331.300048828125,1334.9000244140625,1320.9000244140625,1323.5,414,59.91080099672949,11.844838275203756,11.037765081817799,0.807073193385957,4.019193626823407,0.7023122202768671,1312.6872361638814,1290.0259952186086,1,0.03000086959042291,-0.014739855660243828,0.00968870208940631,0.0314862638787079,0.10670318694632866,0.08927492608673171,2.4,253.319,2.69,1.0,0.0
2019-02-22,1324.199951171875,1331.300048828125,1321.0,1329.199951171875,718,62.47070242189461,11.733887073112328,11.176989480076704,0.5568975930356235,3.390095393656662,0.8110486539147884,1314.2598756884522,1291.5622287854035,1,0.051895673794491684,0.004306725479316098,0.014811346480790855,0.03916814677678926,0.1056391510609761,0.08881764780032272,2.4,253.319,2.65,1.0,0.0
2019-02-25,1329.199951171875,1331.5999755859375,1325.5999755859375,1325.9000244140625,185,60.078845005524606,11.249997961755298,11.191591176412423,0.05840678534287491,3.211334103479218,0.7162690935822509,1315.3684612813674,1292.9088090061352,1,0.013362514175099496,-0.0024826413474535736,0.005917645833092067,0.021967010531598552,0.09607750507758622,0.08907871391202347,2.4,253.319,2.67,1.0,0.0
2019-02-26,1323.300048828125,1325.5,1323.300048828125,1325.0999755859375,939,59.4842005106774,10.678855897203448,11.089044120570628,-0.4101882233671805,3.089958919831875,0.6770525343481684,1316.295272167517,1294.1712076955394,1,0.06760770252610888,-0.0006034005682129528,-0.011193194741639712,0.01742932336175862,0.09567969715083312,0.08728554459039338,2.4,253.319,2.64,1.0,0.0
2019-02-27,1327.699951171875,1327.9000244140625,1316.5,1317.699951171875,604,54.14590303210087,9.519368219327816,10.775108940322067,-1.2557407209942504,3.0146605092971277,0.4832668746078435,1316.429051120313,1295.0939035181407,1,0.1864888230208719,-0.005584502717080109,-0.01905761685826124,0.007261886832735209,0.09732408482593051,0.08727758063165961,2.4,253.319,2.69,1.0,0.0
2019-02-28,1321.0999755859375,1323.699951171875,1311.5,1312.800048828125,141,50.88928765295804,8.111579473122447,10.242403046882144,-2.130823573759697,2.9827859724577652,0.35481334832667694,1316.0834318543903,1295.788262157748,1,0.28316095993573653,-0.003718526618591955,-0.008084587209576832,0.0022139280555855123,0.09831156179849526,0.08784893222560147,2.4,253.319,2.73,1.0,0.0
2019-03-01,1312.199951171875,1312.199951171875,1288.9000244140625,1296.4000244140625,110,41.82251429180523,5.607907374282831,9.315503912362281,-3.70759653807945,3.321843779933191,0.02136863870329156,1314.2088216219781,1295.8122528344663,1,0.2716384738856649,-0.012492400825778516,-0.024676442945167687,-0.017655472925586224,0.10400547817920314,0.0918481665857021,2.41,254.277,2.76,1.0,0.0
2019-03-04,1285.5,1287.0,1281.9000244140625,1284.800048828125,28,36.82487473449122,2.6570789609372696,7.98381892207728,-5.32673996114001,3.964490394140833,-0.09314682438310617,1311.4079861178016,1295.3804016969627,1,0.07725203476341565,-0.008947836599417225,-0.030997793822426623,-0.024375408148556987,0.1078673702164251,0.09161651799947008,2.41,254.277,2.72,1.0,0.0
2019-03-05,1287.0,1287.0,1282.0,1282.0,114,35.71543442226431,0.09153053728687155,6.405361245119199,-6.313830707832327,4.558308505304649,-0.036293760405430656,1308.6072255351537,1294.8556800617878,1,0.34090909090909094,-0.0021793654434236753,-0.03252582928082792,-0.02457585606644752,0.1078885907245911,0.09116369006279712,2.41,254.277,2.72,1.0,0.0
2019-03-06,1287.0999755859375,1287.0999755859375,1282.5999755859375,1284.9000244140625,14,37.805385764527706,-1.6882166281241098,4.786645670470538,-6.474862298594648,4.958903698881405,0.07353714496063705,1306.3493968569546,1294.4652621932496,1,0.04416403785488959,0.0022621095273498426,-0.024891802362626225,-0.022294877375155675,0.10854056411957122,0.09101893961942642,2.41,254.277,2.69,1.0,0.0
2019-03-07,1281.0,1284.5999755859375,1281.0,1283.800048828125,11,37.30991301514978,-3.151113837188859,3.1990937689386585,-6.350207606127517,5.321039954593103,0.10482321269601609,1304.201839901828,1294.0470185318723,1,0.03670949441014517,-0.0008560787337824616,-0.022090188087581897,-0.019625774090778925,0.10815331437629858,0.09008477727426346,2.41,254.277,2.64,1.0,0.0
2019-03-08,1292.0999755859375,1297.4000244140625,1291.5999755859375,1297.0,10,46.38992597861234,-3.208360687136519,1.9176028777236231,-5.125963564860142,5.408187481609568,0.3059616889989707,1303.515950387368,1294.162821726701,1,0.034482758620689655,0.01028193696045121,0.0004628012763334688,-0.009470004721904068,0.11526244223566838,0.09203947832476272,2.41,254.277,2.62,1.0,0.0
2019-03-11,1291.0,1291.0,1288.800048828125,1288.800048828125,9,42.291954104703755,-3.8707768518077046,0.7599269318173577,-4.630703783625062,5.60069468994712,0.21762349501643813,1302.1144359531545,1293.952516907149,1,0.031651134165640936,-0.006322244542694699,0.0031133249128130203,-0.018954025477079695,0.11616187911106297,0.09306797977511617,2.41,254.277,2.64,1.0,0.0
2019-03-12,1294.699951171875,1296.300048828125,1294.699951171875,1296.300048828125,1,46.91131547698203,-3.747361860005185,-0.1415308265471508,-3.6058310334580344,5.670277341520376,0.32923020553701987,1301.5606847983897,1294.0445769824814,1,0.003591309032142216,0.005819366632410894,0.011154484265308184,-0.008186649710692384,0.11743685399551246,0.0936330524672989,2.41,254.277,2.61,1.0,0.0
2019-03-13,1307.5,1307.5,1307.5,1307.5,0,52.96606811427493,-2.7145208258223192,-0.6561288264021845,-2.0583919994201345,5.67146098017406,0.48127502381572335,1302.1263338652097,1294.5722406302273,1,0.0,0.008639937321609947,0.017588898090529215,-0.0012984656548095108,0.12156965771713207,0.09492204637366748,2.41,254.277,2.61,1.0,0.0
2019-03-14,1293.4000244140625,1293.4000244140625,1293.4000244140625,1293.4000244140625,1,45.87293820923934,-2.9991645543198047,-1.1247359719857086,-1.874428582334096,5.765618305044135,0.3061406423371729,1301.2952567746242,1294.5262713668483,1,0.0037608123354644606,-0.010783920142208414,0.007477780978977666,-0.013274354414022471,0.127284327187564,0.09728545995662886,2.41,254.277,2.63,1.0,0.0
2019-03-15,1300.9000244140625,1304.699951171875,1300.5,1301.800048828125,26,50.15550595670917,-2.5179100914303945,-1.403370795874646,-1.1145392955557485,5.780476510556281,0.4230027625917129,1301.343332208291,1294.8115175418004,1,0.11591618368256798,0.006494529345526967,0.003700885757999206,-0.00610780249027898,0.12978028268042677,0.0967256769437679,2.41,254.277,2.59,1.0,0.0
2019-03-18,1297.300048828125,1302.199951171875,1297.300048828125,1300.300048828125,8,49.403804182898654,-2.2318228616288707,-1.569061209025491,-0.6627616526033797,5.755144936329534,0.4144998854630549,1301.2439718863704,1295.0267540628329,1,0.03717472118959108,-0.0011522506865400128,0.008923028836363534,-0.013504231156593272,0.12741125250729207,0.09678814083501591,2.41,254.277,2.6,1.0,0.0
2019-03-19,1306.9000244140625,1306.9000244140625,1304.800048828125,1305.0,20,51.83940212957465,-1.6073216865449922,-1.5767133045293913,-0.0306083820156009,5.263494398204367,0.500363701793288,1301.6016888495733,1295.4178617466434,1,0.10167768174885614,0.0036145128011881855,0.006711371475870864,-0.026192057477346542,0.11147924196661561,0.09691801833556242,2.41,254.277,2.61,1.0,0.0
2019-03-20,1300.699951171875,1300.699951171875,1300.5,1300.5,2,49.38800824887051,-1.4586974418321006,-1.5531101319899332,0.0944126901578326,4.531605393751226,0.4604498323331382,1301.4967661019948,1295.6171612859907,1,0.011922503725782414,-0.0034482758620689724,-0.005353728489483789,-0.03186186799104429,0.11082534208469921,0.09565544295807908,2.41,254.277,2.54,1.0,0.0
2019-03-21,1306.0999755859375,1306.0999755859375,1306.0999755859375,1306.0999755859375,0,52.40433780904477,-0.8789089134286314,-1.418269888277673,0.5393609748490416,4.304226505531252,0.5737865116877265,1301.9351670052274,1296.0282520428514,1,0.0,0.004306017367118331,0.009819043553542794,-0.013146977267897597,0.10090412164064907,0.09439279011711997,2.41,254.277,2.54,1.0,0.0
2019-03-22,1311.5999755859375,1311.5999755859375,1311.5999755859375,1311.5999755859375,0,55.226656964600224,0.02410385285270422,-1.1297951400515975,1.1538989929043018,3.9257614296345813,0.7058628752321116,1302.855624965295,1296.6389078680704,1,0.0,0.004211009955445988,0.007527981556487484,-0.013241029365386847,0.10084254232638443,0.09228544086700194,2.41,254.277,2.44,1.0,0.0
2019-03-25,1320.699951171875,1322.9000244140625,1320.699951171875,1321.9000244140625,19,60.00921212519591,1.5529741163950348,-0.5932412887622711,2.1462154051573057,3.814411489062285,0.923509462034639,1304.669377293749,1297.629539889482,1,0.18473505104521148,0.007853041338708122,0.016611531780994726,-0.0030168187090634513,0.10493142997710857,0.09346511064014705,2.41,254.277,2.43,1.0,0.0
2019-03-26,1315.5999755859375,1315.5999755859375,1314.300048828125,1314.300048828125,1,55.31422013197789,2.1268433745215134,-0.049224356105514226,2.1760677306270275,3.5512614472776822,0.8021965537282827,1305.5865841065468,1298.2832853380562,1,0.017873100983020553,-0.005749281674539808,0.007126474197796995,-0.008150273154323262,0.10680988261558755,0.09361963181523526,2.41,254.277,2.41,1.0,0.0
2019-03-27,1309.9000244140625,1309.9000244140625,1309.9000244140625,1309.9000244140625,206263,52.74147494466782,2.2012194112533052,0.4008643973662497,1.8003550138870557,3.4074870887684963,0.7245134147277228,1305.9973879453578,1298.7388437331938,1,19.950188124461985,-0.003347808149277376,0.007228008007737374,-0.005919349659894713,0.1056531331194826,0.09388738341558674,2.41,254.277,2.39,1.0,0.0
2019-03-28,1308.4000244140625,1311.0999755859375,1287.699951171875,1289.800048828125,87798,42.92058690937755,0.6309892575497997,0.4468893694029597,0.18409988814684003,3.348534102803452,0.29294591894777294,1304.454784219907,1298.3883027565244,1,5.963829028478272,-0.015344663876106557,-0.012479846154579421,-0.01751980434532363,0.11817881642490599,0.09930760570431704,2.41,254.277,2.39,1.0,0.0
2019-03-29,1289.5999755859375,1298.5,1286.0999755859375,1293.0,1265,44.68647165904409,-0.3511720429808065,0.28727708692620646,-0.638449129907013,3.368277170369063,0.3711748427573383,1303.3638523894397,1298.1769967660725,1,0.08559152880679319,0.0024809668558956055,-0.014181134440497511,-0.0026226661138788465,0.11024638109620535,0.09934149387470453,2.41,254.277,2.41,1.0,0.0
2019-04-01,1291.800048828125,1295.9000244140625,1285.699951171875,1288.4000244140625,675,42.64408252706762,-1.4836192962006862,-0.0669021896991721,-1.416717106501514,3.305773914587853,0.2574291161662073,1301.9387259155942,1297.7935860856016,1,0.045571620020456595,-0.0035575990610499097,-0.025342309842871114,0.0028019734193045487,0.10606899492043405,0.09812042657811029,2.42,255.233,2.49,1.0,0.0
2019-04-02,1286.300048828125,1290.9000244140625,1284.5,1290.0,525,43.609490665113704,-2.2263235726807125,-0.4987864662954802,-1.7275371063852323,3.151899197627915,0.2749686814330788,1300.8017043998234,1297.4879552587154,1,0.035395485558641894,0.0012418313843676199,-0.018488965932696888,0.006240249609984483,0.10577076934063293,0.09705121118279325,2.42,255.233,2.48,1.0,0.0
2019-04-03,1291.4000244140625,1293.0999755859375,1287.5,1289.9000244140625,172,43.56015199985656,-2.790818439197892,-0.9571928608759627,-1.8336255783219295,3.0602245002497215,0.25947128743691555,1299.7634491630843,1297.1903893432388,1,0.011590062195508177,-7.750045421506258e-05,-0.015268340810167036,0.003891353338778325,0.1055247823580477,0.09683668010080014,2.42,255.233,2.52,1.0,0.0
2019-04-04,1290.5999755859375,1292.5999755859375,1279.5,1289.0,269,43.08754177306287,-3.2730791176286402,-1.4203701122264982,-1.852709005402142,2.9515011541358764,0.22042160573905448,1298.7383587666,1296.8691976042883,1,0.018110575498882394,-0.0006977474199765243,-0.000620289035383359,0.004050436963779269,0.10550535534510323,0.09666882964151284,2.42,255.233,2.51,1.0,0.0
2019-04-05,1292.0,1292.0,1283.5999755859375,1290.4000244140625,181,44.10347356533621,-3.501935774335834,-1.8366832446483654,-1.6652525296874687,3.013683423297211,0.27029941311215183,1297.9442316854058,1296.6155045380049,1,0.01217891567278416,0.0010861322064099621,-0.002010808651150442,-0.005088647329173135,0.09875581070586789,0.09620408061884032,2.42,255.233,2.5,1.0,0.0
2019-04-08,1292.199951171875,1302.0999755859375,1291.800048828125,1297.0999755859375,63,48.81260633849069,-3.1068622834086455,-2.0907190524004213,-1.0161432310082241,2.9246517584689697,0.42871113410941475,1297.8638263425994,1296.6345034026297,1,0.004238300105284756,0.005192150530931139,0.006752523290141532,0.006440042243449184,0.09779999197626396,0.09648155959161873,2.42,255.233,2.52,1.0,0.0
2019-04-09,1298.5,1304.9000244140625,1298.5,1303.5,30,52.89502524639764,-2.251382674484603,-2.122851776817258,-0.12853089766734493,2.9227930552964465,0.587628276526595,1298.4006047861615,1296.903738563311,1,0.0020180412891247757,0.004934102640138827,0.010465116279069875,0.005554231968427192,0.09719348942405825,0.09691461218664929,2.42,255.233,2.51,1.0,0.0
2019-04-10,1304.0,1309.0999755859375,1301.5,1309.0999755859375,66,56.187636219744384,-1.1087566358569347,-1.9200327486251934,0.8112761127682586,2.943495449021784,0.7312337585409433,1299.4195924813782,1297.3820223681198,1,0.004438705512065208,0.004296107085490997,0.01488483666057494,0.0012236906967018069,0.09342421490693197,0.09723773982746482,2.42,255.233,2.48,1.0,0.0
2019-04-11,1307.0,1307.0999755859375,1288.5999755859375,1288.5999755859375,420,44.04917060894706,-1.8362290370932897,-1.9032720063188127,0.067042969225523,3.0136796352259374,0.2087652686771076,1298.3891527770506,1297.0376283766618,1,0.02820656608563379,-0.015659613766950464,-0.00031033701634020083,-0.003711186591557003,0.10229764865239539,0.10253864922443628,2.42,255.233,2.51,1.0,0.0
2019-04-12,1293.4000244140625,1293.4000244140625,1289.199951171875,1290.5999755859375,607,45.2909460128261,-2.225716200032366,-1.9677608450615234,-0.25795535497084265,3.0764783362588073,0.2786235944847176,1297.6473263778971,1296.7851714044766,1,0.040685827658319476,0.0015520720455473036,0.0001549528580997439,-0.008603528055072474,0.09950150784605613,0.10222367470508929,2.42,255.233,2.56,1.0,0.0
2019-04-15,1284.800048828125,1287.300048828125,1282.300048828125,1286.800048828125,523,43.323555687274954,-2.8086337334423206,-2.135935422737683,-0.6726983107046376,3.1916833414794468,0.21111815220222277,1296.6142523255378,1296.39359797011,1,0.03499509867881793,-0.0029443102663064824,-0.007940734678650863,-0.010382219097943346,0.09987752242116996,0.10239717041488317,2.42,255.233,2.55,1.0,0.0
2019-04-16,1285.199951171875,1285.199951171875,1272.199951171875,1272.5999755859375,643,36.87691122533206,-4.366097658044055,-2.5819678697989574,-1.7841297882450973,3.6105372153247184,-0.02429625447612337,1294.3271783503378,1295.4605147393581,-1,0.04293507655531146,-0.011035182393037135,-0.02370542724515723,-0.024827604914990475,0.10530462088415257,0.10375745642976064,2.42,255.233,2.6,1.0,0.0
2019-04-17,1273.5,1273.5,1271.5999755859375,1272.199951171875,308,36.711185992550014,-5.568487607408997,-3.1792718173209655,-2.3892157900880315,3.973375124043401,0.04277499927379609,1292.2198233809604,1294.5483357759274,-1,0.020545112531184545,-0.00031433633642674597,-0.028187323430012623,-0.021760898752883562,0.10502514803090117,0.10373507170371318,2.42,255.233,2.59,1.0,0.0
2019-04-18,1270.800048828125,1273.5999755859375,1270.0999755859375,1271.9000244140625,27,36.578454843430784,-6.470998248048318,-3.837617103466436,-2.6333811445818815,4.213379891281326,0.09411213623166653,1290.284604431732,1293.660166702913,-1,0.00180087042070334,-0.00023575441701295663,-0.012959763687936943,-0.02618478815645975,0.10315166069369208,0.10372764991755293,2.42,255.233,2.57,2.0,0.0
2019-04-22,1273.5,1273.5,1273.5,1273.5,147,37.86897788724592,-6.9767165294654205,-4.465436988666233,-2.5112795407991877,4.24235332129501,0.16022997915959877,1288.686070676329,1292.8695719302498,-1,0.009799934667102219,0.001257941312387878,-0.01324963265877488,-0.029048472320165275,0.10157573454504146,0.10357913647921628,2.42,255.233,2.59,2.0,0.0
2019-04-23,1266.4000244140625,1269.800048828125,1266.0,1269.300048828125,206,35.80911594650624,-7.628466655061857,-5.098042921945358,-2.530423733116499,3.955584643443756,0.10407528041301402,1286.839782881262,1291.945276906637,-1,0.013724686780661516,-0.0032979593026108978,-0.013599626465616854,-0.039791190418694944,0.09557047086827869,0.09940103246610542,2.42,255.233,2.57,2.0,0.0
2019-04-24,1268.4000244140625,1275.5,1267.800048828125,1275.5,518,40.91813407819024,-7.557580002942814,-5.589950338144849,-1.9676296647979648,3.6478161874784787,0.24333381641404095,1285.759803559237,1291.300364086769,-1,0.03445225569160575,0.004884543396653118,0.002278818536616045,-0.029521454300119987,0.09749644903576431,0.09960876486471044,2.42,255.233,2.53,2.0,0.0
2019-04-25,1280.5999755859375,1280.800048828125,1275.800048828125,1275.800048828125,95,41.162200961161076,-7.391980240743578,-5.950356318664595,-1.4416239220789828,3.3635227195539956,0.2676302778668082,1284.8112554896074,1290.69250858643,-1,0.02009773847553365,0.00023524016317133523,0.0028298206213055455,-0.026032502443223415,0.09742293778721302,0.09911634149221896,2.42,255.233,2.54,2.0,0.0
2019-04-26,1284.9000244140625,1284.9000244140625,1284.9000244140625,1284.9000244140625,804,48.157035632272766,-6.452073767882894,-6.050699808508256,-0.40137395937463793,3.352705175205469,0.483644110572629,1284.8197096728888,1290.4653523443765,-1,2.1314952279957584,0.007132760023246698,0.010220929122152445,-0.003799057395380445,0.08626407713878674,0.1002544042431578,2.42,255.233,2.51,2.0,0.0
2019-04-29,1284.800048828125,1284.9000244140625,1277.0999755859375,1278.5999755859375,568,44.23612881516262,-6.144719899162965,-6.069503826639198,-0.07521607252376672,3.343019711915459,0.3536798881844755,1284.22735404556,1290.0000434518888,-1,1.6591207828245946,-0.004903143208358163,0.0040046922543679475,-0.011136909832994979,0.08721762198480842,0.09935803910915199,2.42,255.233,2.54,2.0,0.0
2019-04-30,1281.699951171875,1283.300048828125,1280.800048828125,1282.800048828125,114,47.31580299862575,-5.498841710342958,-5.95537140337995,0.456529693036992,3.3367991316099475,0.4578917726539774,1284.0914202153283,1289.717690721545,-1,0.36271078587336936,0.003284900142644487,0.010635783093574824,-0.004346457218117661,0.08747395068362991,0.09960397450281024,2.42,255.233,2.51,2.0,0.0
2019-05-01,1278.699951171875,1283.300048828125,1278.699951171875,1281.4000244140625,70,46.395997914013684,-5.041829786772723,-5.772663080058505,0.730833293285782,3.3215027607787224,0.434941912680673,1283.8350968056839,1289.3915077290949,-1,0.24009603841536614,-0.0010913816345279326,0.00462565614587418,-0.0066666477410368685,0.08734981696914147,0.09956209326636732,2.39,255.296,2.52,2.0,0.0
2019-05-02,1269.199951171875,1270.800048828125,1266.5999755859375,1269.699951171875,63,39.487455946401894,-5.559654438203779,-5.73006135168756,0.1704069134837809,3.4364833174320832,0.19464061979541838,1282.4888924596069,1288.6192898248903,-1,0.2202027263194687,-0.009130695348267603,-0.004781390047643552,-0.015660185177036046,0.09279164776643813,0.10115942504866104,2.39,255.296,2.55,2.0,0.0
2019-05-03,1270.0999755859375,1279.199951171875,1270.0999755859375,1279.199951171875,15,46.45875983453347,-5.144164869516317,-5.612882055253311,0.4687171857369945,3.421401002393737,0.4208154773881377,1282.1756599560133,1288.2499039953602,-1,0.0548646671543526,0.007482082669399093,-0.004436199808453445,-0.007602830743308808,0.09730053778210847,0.10227998011160568,2.39,255.296,2.54,2.0,0.0
2019-05-06,1282.199951171875,1282.199951171875,1280.300048828125,1281.699951171875,12,48.15155883266518,-4.560585693256826,-5.402422782854014,0.8418370895971883,3.3778351608062223,0.48753126739628266,1282.1303543575239,1287.9930431003215,-1,0.04529156444612191,0.0019543465411406835,0.0024245077781397395,-0.006742152106001376,0.09752231190670917,0.10239101660678879,2.39,255.296,2.51,2.0,0.0
2019-05-07,1280.5,1283.5,1280.5,1283.5,8,49.392247954012674,-3.9077994156730256,-5.103498109417816,1.1956986937447907,3.2107591419630785,0.5471471674300676,1282.2607967996644,1287.8168453316814,-1,0.030511060259344015,0.001404422951314821,0.0005456432376302889,-0.010484909291432198,0.09559128203455794,0.10217859468150231,2.39,255.296,2.45,2.0,0.0
2019-05-08,1279.4000244140625,1279.4000244140625,1279.4000244140625,1279.4000244140625,5,46.653850800479326,-3.678887428231519,-4.818575973180557,1.1396885449490375,2.8036280026683325,0.47339636851507,1281.98834228675,1287.4867739231474,-1,0.019160758766047135,-0.0031943713174424904,-0.0015607928530472215,-0.01848866558184692,0.09378100823593057,0.10187540503782999,2.39,255.296,2.49,2.0,1.0
2019-05-09,1278.9000244140625,1285.0,1278.800048828125,1283.5,38,49.659510184447456,-3.1305522069619656,-4.480971219936839,1.3504190129748732,1.9297221553778947,0.6792761352859055,1282.132309688012,1287.3304298477299,-1,0.14640724330572144,0.0032046080254024556,0.010868748018292074,-0.019555401469226408,0.0930548480720095,0.10205237924628383,2.39,255.296,2.45,2.0,1.0
2019-05-10,1285.4000244140625,1286.5,1283.300048828125,1285.699951171875,6,51.246800137186035,-2.48977435086681,-4.082731846122833,1.592957495256023,1.8691027565267704,0.7832080947331609,1282.4720850674275,1287.2664895075004,-1,0.02512036843207034,0.001714025065738145,0.005081301006965688,-0.00225052341223575,0.07516166643251972,0.10208923340827718,2.39,255.296,2.47,2.0,1.0
2019-05-13,1286.699951171875,1300.0999755859375,1281.800048828125,1300.0999755859375,56,60.11245812633953,-0.8106470248742426,-3.4283148818731153,2.6176678569988727,2.234648125656798,1.223848624125494,1284.1509317834762,1287.7697634713606,-1,0.2650260293421675,0.011200143860110812,0.01435595312088389,0.007360917542003742,0.08503176420924811,0.10474852142990733,2.39,255.296,2.4,2.0,1.0
2019-05-14,1297.800048828125,1297.800048828125,1294.699951171875,1294.699951171875,6,55.99989798354928,0.08337553681712961,-2.7259767981350667,2.8093523349521963,2.418851160808706,0.9813198510200931,1285.155600296657,1288.0415355380476,-1,0.032353734160150985,-0.004153545508397416,0.00872610141945862,0.006139184056562996,0.08576526433276375,0.10419650101595403,2.39,255.296,2.42,2.0,1.0
2019-05-15,1296.9000244140625,1296.9000244140625,1296.0,1296.300048828125,55,56.939962430754356,0.9105135330933081,-1.9986787318893917,2.9091922649827,2.6033965234603484,0.959234060093281,1286.216976347273,1288.3653988043252,-1,0.3524511374559436,0.0012358829972933805,0.013209335697646596,0.018623348810984597,0.07444350010262732,0.09817003897198416,2.39,255.296,2.37,2.0,1.0
2019-05-16,1285.199951171875,1285.4000244140625,1285.0,1285.0,3,48.98110007396248,0.6467515036233635,-1.4695926847868408,2.1163441884102046,2.5364608715225416,0.603820864218789,1286.101073838009,1288.2334223806263,-1,0.02130681818181818,-0.00871715529004291,0.001168679392286709,0.010061349881623771,0.08195462043392568,0.09939281858024168,2.39,255.296,2.4,2.0,1.0
2019-05-17,1280.0,1280.0,1274.5,1274.5,1,42.97074216259629,-0.40487688417920253,-1.2566495246653133,0.8517726404861108,2.493462378941164,0.27299809393909913,1284.9962096629604,1287.6948567970724,-1,0.007168458781362007,-0.008171206225680905,-0.008711170255289002,0.002044166629476374,0.08759208358218915,0.09624685368733504,2.39,255.296,2.39,2.0,1.0
2019-05-20,1276.0999755859375,1276.0999755859375,1276.0999755859375,1276.0999755859375,20,44.096435358602484,-1.0965548975773345,-1.2246305992477176,0.12807570167038307,2.457310869094692,0.3163479221341301,1284.1489492746725,1287.2401555731062,-1,0.1502065339842283,0.0012553751164672278,-0.018460118799081937,0.0020415984184825042,0.08759163579757595,0.09578254086151207,2.39,255.296,2.41,2.0,1.0
2019-05-21,1272.0,1272.0,1272.0,1272.0,0,41.818490178225886,-1.9530350984332472,-1.3703114990848235,-0.5827235993484237,2.3958368984450464,0.17377633546561091,1282.9919064866085,1286.6425024133766,-1,0.0,-0.003212895278095207,-0.01753298217963828,0.002127118150170748,0.08754814276987394,0.09585325989930021,2.39,255.296,2.43,2.0,1.0
2019-05-22,1273.5999755859375,1273.5999755859375,1273.5999755859375,1273.5999755859375,0,43.054761986533215,-2.4741764045170385,-1.5910844801712667,-0.8830919243457718,2.4244991217338243,0.23214451062917968,1282.0974368770208,1286.1310307730848,-1,0.0,0.001257842441774848,-0.01751143438026459,-0.0014896310576734129,0.08586182003179517,0.09593637460018271,2.39,255.296,2.39,2.0,2.0
2019-05-23,1284.800048828125,1284.800048828125,1284.800048828125,1284.800048828125,0,50.91709489281647,-1.9608291189722422,-1.665033407931462,-0.2957957110407803,2.389995843101008,0.579124211330224,1282.3548284914116,1286.0788354026943,-1,0.0,0.008794027525820924,-0.00015560402480541136,0.007054396970957111,0.09141651377269341,0.09728111643235686,2.39,255.296,2.31,2.0,2.0
2019-05-24,1283.0,1283.0,1283.0,1283.0,9,49.7287308612609,-1.6798819599600847,-1.6680031183371866,-0.011878841622898095,2.3838892169250765,0.5235541794275922,1282.4162733969915,1285.9580967594513,-1,0.17159199237368922,-0.0014010342152204203,0.006669282071400495,-0.0014787332694844446,0.0880021007401428,0.09706034761072199,2.39,255.296,2.32,2.0,2.0
2019-05-28,1276.5,1276.5,1276.5,1276.5,0,45.59085573990501,-1.9591412289967138,-1.7262307404690922,-0.23291048852762164,2.404050275527119,0.3158911987070316,1281.8528187877541,1285.5871910041787,-1,0.0,-0.005066250974279041,0.0003134741961567933,-0.0016424023353943662,0.08812354660854142,0.09421469125965838,2.39,255.296,2.26,2.0,2.0
2019-05-29,1280.5999755859375,1280.5999755859375,1280.5999755859375,1280.5999755859375,189694,48.50167795201658,-1.8285441283210275,-1.7466934180394793,-0.08185071028154822,2.406126307680936,0.45250876049373856,1281.7335003875812,1285.3916139289536,-1,19.961380819842052,0.0032118884339502607,0.006760987095862925,-0.001715055471191551,0.08808709645245873,0.0926906062494128,2.39,255.296,2.25,2.0,2.0
2019-05-30,1279.4000244140625,1288.300048828125,1273.9000244140625,1287.0999755859375,55573,52.81183999118985,-1.1868678343064403,-1.6347283012928715,0.4478604669864312,2.42902200389021,0.6524946026077885,1282.2445932636151,1285.4586085037372,-1,4.526152041830235,0.005075745840949164,0.010599874575051738,0.004448221525890306,0.08984646216795561,0.09316835418157904,2.39,255.296,2.22,2.0,2.0
2019-05-31,1287.699951171875,1306.4000244140625,1287.5,1305.800048828125,2814,62.528486226090315,0.8211392966693438,-1.1435547817004286,1.9646940783697724,2.7310952884409208,1.1171694484600667,1284.4879699840446,1286.2563120458701,-1,0.22664760485673438,0.014528842822543409,0.016344955792268356,0.028431991056573125,0.09595748761151571,0.09762064855033702,2.39,255.296,2.14,2.0,1.0
2019-06-03,1307.0,1327.800048828125,1307.0,1322.699951171875,812,68.78427822015547,3.7331469019588894,-0.16821444496856494,3.9013613469274544,3.7471017086480756,1.25456199627406,1288.1272062876476,1287.685474364537,1,0.06519156042262114,0.012942182349370057,0.030943064046667912,0.03400562981584665,0.1021943356580127,0.10093578614351341,2.38,255.213,2.07,2.0,1.0
2019-06-04,1324.300048828125,1328.5999755859375,1320.800048828125,1323.4000244140625,302,69.0150463758965,6.027937655885125,1.0710159752021733,4.956921680682952,4.482809586576797,1.1057259275975282,1291.486522299687,1289.0860449547145,1,0.024217929286854154,0.0005292759265373981,0.03674110804078534,0.03253497295061969,0.1022673929413634,0.09887776808111329,2.38,255.213,2.12,2.0,1.0
2019-06-05,1328.9000244140625,1343.300048828125,1326.300048828125,1328.300048828125,622,70.65051576654795,8.148041331952982,2.4864210465523353,5.661620285400646,5.202679067653718,1.0606226942857837,1294.9925724452526,1290.6238490281817,1,0.049756815563803916,0.0037026026323612182,0.03724822282646256,0.03490459589257888,0.10253207247506207,0.0981191762064727,2.38,255.213,2.12,2.0,1.0
2019-06-06,1330.800048828125,1338.699951171875,1326.199951171875,1337.5999755859375,161,73.50852529571621,10.458110547934893,4.080758946828847,6.377351601106047,6.005603943947787,1.0668300329054314,1299.050420363413,1292.4660500696623,1,0.012871144652479094,0.007001375002596122,0.03923549138209759,0.045490034439017,0.10242522303241511,0.09841917433559756,2.38,255.213,2.12,2.0,1.0
2019-06-07,1333.0999755859375,1347.699951171875,1329.800048828125,1341.199951171875,240,74.54198248405446,12.435990629443495,5.751805283351777,6.684185346091718,6.740370647732144,1.0120979959856042,1303.0646613927904,1294.3771834462198,1,0.019171319705720242,0.0026913693567918173,0.027109741936002463,0.04495516258034682,0.10237669749994915,0.09708246908130078,2.38,255.213,2.09,2.0,1.0
2019-06-10,1335.800048828125,1336.5,1324.0999755859375,1324.699951171875,268,62.5061025268482,12.527651768751639,7.10697458043175,5.420677188319889,6.9407540091993845,0.7918366864036682,1305.1251651812747,1295.566311592324,1,0.021385595046202462,-0.012302416194977517,0.0015120587236947536,0.030333671526122874,0.1147371323086637,0.09789162436283633,2.38,255.213,2.15,2.0,1.0
2019-06-11,1328.4000244140625,1328.4000244140625,1319.0999755859375,1326.4000244140625,201,63.166026419073084,12.592319167657479,8.204043497876896,4.388275669780583,7.18415203231952,0.785788020132631,1307.151342251064,1296.7754768010195,1,0.016029922522041145,0.0012833647654955094,0.0022668882761494036,0.020229251074535215,0.10893710478460866,0.09709046663884473,2.38,255.213,2.15,2.0,1.0
2019-06-12,1326.9000244140625,1334.5,1326.9000244140625,1331.9000244140625,139,65.29423701921185,12.938228734690256,9.150880545239568,3.7873481894506877,7.477353527673933,0.8115903839766043,1309.508359599921,1298.1529100407467,1,0.011079493372231122,0.0041465620467171505,0.002710212642929255,0.02873258256364064,0.10769617685195913,0.09735462029285603,2.38,255.213,2.13,2.0,1.0
2019-06-13,1331.5999755859375,1341.0999755859375,1331.5999755859375,1339.199951171875,157,67.94179639793671,13.64412664128281,10.049529764448216,3.5945968768345935,7.862948494881544,0.8461093374689715,1312.3361302258215,1299.762597928242,1,0.012509162762533067,0.005480836867634897,0.0011961540184961539,0.03309411457828171,0.10864462886018922,0.09768996489757617,2.38,255.213,2.1,2.0,1.0
2019-06-14,1345.4000244140625,1355.4000244140625,1339.300048828125,1340.0999755859375,914,68.26325640263066,14.113488753367164,10.862321562232006,3.251167191135158,8.087934750290291,0.8182169551693315,1314.980305974404,1301.3444558756028,1,0.07256070210815037,0.0006720612655899405,-0.0008201428765162166,0.04287935843263613,0.10162138874028223,0.09735443393057443,2.38,255.213,2.09,2.0,1.0
2019-06-17,1339.0,1340.300048828125,1335.0,1338.699951171875,76,67.13552376986797,14.20870226395391,11.531597702576388,2.677104561377522,8.012996225600242,0.776477747840737,1317.2393198027346,1302.8093772597704,1,0.006031698161125705,-0.0010447163939767412,0.010568430977607512,0.05037265686298542,0.09495191919167094,0.09707975337035755,2.38,255.213,2.09,2.0,1.0
2019-06-18,1349.300048828125,1349.300048828125,1341.5999755859375,1346.5999755859375,29,70.13383124914412,14.751578588595748,12.17559387978026,2.575984708815488,7.987495459472606,0.8183254854054772,1320.0355727344681,1304.5266556255024,1,0.002301486839860165,0.005901265931284261,0.01522915470451558,0.055246455096614966,0.09559397565881857,0.09742085750872433,2.38,255.213,2.06,2.0,1.0
2019-06-19,1344.0,1344.5999755859375,1344.0,1344.5999755859375,129,68.43170006660685,14.849255725126113,12.710326248849432,2.1389294762766813,7.677496285393884,0.7745785522091042,1322.3750396727032,1306.0981583690489,1,0.010232410565558816,-0.0014852220676223604,0.00953521355888709,0.057075452504667945,0.09436448659313595,0.09626859026901816,2.38,255.213,2.03,2.0,1.0
2019-06-20,1381.5,1392.9000244140625,1379.5,1392.9000244140625,76,80.6472048999008,18.60955645684362,13.89017229044827,4.719384166395351,8.547577362652861,1.1199381616280935,1329.091704886166,1309.5021531159123,1,0.006026580391410537,0.0359215005987763,0.0400986224612665,0.09367152254634692,0.14875815385516417,0.11927195558628999,2.38,255.213,2.01,2.0,1.0
2019-06-21,1406.0,1406.0,1390.300048828125,1396.199951171875,35,81.18294396829553,21.606828321839657,15.433503496726548,6.173324825113109,9.354690145351213,1.0458074652017906,1335.482966437186,1312.9020667651657,1,0.002775013775961245,0.0023691052480243613,0.041862530115642116,0.08670602281293394,0.14804799354291584,0.11896241248232305,2.38,255.213,2.07,2.0,1.0
2019-06-24,1406.0,1420.5999755859375,1402.0999755859375,1414.300048828125,125,83.82747543921224,25.152769016887078,17.377356600758656,7.775412416128422,10.328765908352434,1.0755615876602411,1342.989355236323,1316.8784582186152,1,0.009906208022443505,0.012963829171500851,0.05647277240136672,0.10233830773821118,0.14960673734278399,0.11629562921712436,2.38,255.213,2.02,2.0,1.0
2019-06-25,1418.0999755859375,1433.300048828125,1414.9000244140625,1414.9000244140625,105,83.9082061665411,27.692147739042866,19.4403148284155,8.251832910627368,10.703439695525127,1.0085461721264153,1349.8379903961077,1320.7224412066719,1,0.008317754047973636,0.00042422086206861387,0.05072036986960882,0.10842148406898744,0.1459833776216706,0.11630073297438338,2.38,255.213,2.0,2.0,1.0
2019-06-26,1407.199951171875,1413.300048828125,1405.800048828125,1411.5999755859375,1333,81.49840276074482,29.102857683342563,21.372823399400914,7.730034283941649,10.70353862114133,0.9378233341753387,1355.7200842237105,1324.2862660842902,1,0.41584127528817205,-0.002332354775024914,0.04982894631602486,0.10229580079451517,0.14826772453280232,0.11609921726414243,2.38,255.213,2.05,2.0,1.0
2019-06-27,1407.0,1410.800048828125,1399.800048828125,1408.4000244140625,437,79.12538662483414,29.62119150424428,23.02249702036959,6.5986944838746915,10.470711771943249,0.880227218980367,1360.7372213846963,1327.5848448423205,1,0.973816155988858,-0.002266896590549128,0.01112786253738518,0.09424291129591889,0.1504100166491675,0.11635813041899092,2.38,255.213,2.01,2.0,1.0
2019-06-28,1408.300048828125,1422.0,1408.300048828125,1409.699951171875,356,79.38794931355801,29.793427925753576,24.376683201446387,5.41674472430719,10.459868543015844,0.8517794261655696,1365.4003385072847,1330.8050450905384,1,1.092527236458493,0.0009229812093713985,0.009669102186022238,0.07956800310812806,0.1461739837193277,0.11631960328104253,2.38,255.213,2.0,2.0,1.0
2019-07-01,1386.5999755859375,1395.800048828125,1382.800048828125,1385.5999755859375,214,63.45304555416824,27.6663395719238,25.034614475541872,2.6317250963819276,10.249937453858248,0.663113774106849,1367.3241134671564,1332.9538658942797,1,0.7230951174184829,-0.0170958192670031,-0.020292775402198537,0.0475542653179466,0.15991621592346594,0.12242507814314332,2.4,255.802,2.03,2.0,1.0
2019-07-02,1391.0999755859375,1418.4000244140625,1390.800048828125,1404.5999755859375,38,68.77445388789768,27.20020095200698,25.467731770834895,1.7324691811720854,10.190703599200585,0.7708296080869945,1370.874195573707,1335.7635172547368,1,0.134394341290893,0.013712471373251489,-0.00727970079185658,0.0613570724451411,0.1646492618132048,0.12503987121832189,2.4,255.802,1.98,2.0,1.0
2019-07-03,1431.0,1434.0,1413.0999755859375,1417.699951171875,46,71.8209669760241,27.570031128989967,25.888191642465912,1.681839486524055,10.302102808339962,0.8281131879995687,1375.3337913449611,1338.9767107416835,1,0.18113801929513684,0.009326481427904598,0.004321320268800388,0.0673039968812934,0.16616023227614407,0.1258481288916858,2.4,255.802,1.96,2.0,1.0
2019-07-05,1418.300048828125,1418.300048828125,1390.199951171875,1396.699951171875,20,61.46778064590089,25.870382052506784,25.884629724474088,-0.014247671967304143,10.1408771117514,0.6607275652844625,1377.368663709429,1341.240367229142,1,0.08100445524503848,-0.014812725346178723,-0.008307350922586831,0.04418359499449642,0.17745812072050793,0.13003339093523525,2.4,255.802,2.04,2.0,0.0
2019-07-08,1395.9000244140625,1397.0,1393.5999755859375,1397.0,14,61.55305960487334,24.267864511038397,25.56127668178695,-1.293412170748553,9.965752764211896,0.6450772042632391,1379.2383147847215,1343.427019494666,1,0.059422750424448216,0.0002148269768844635,-0.009008974683809567,0.04160457117476746,0.17757797111445572,0.1298816502160937,2.4,255.802,2.05,2.0,0.0
2019-07-09,1394.5,1397.5,1386.199951171875,1397.5,53,61.70515669864547,22.775660004064093,25.00415334624238,-2.228493342178286,9.376114716101405,0.6295393582398591,1380.9775229004624,1345.5475285340908,1,0.2357126973537914,0.0003579098067287845,0.008588354953622312,0.05495587794332102,0.16943175943925048,0.12505143023965518,2.4,255.802,2.07,2.0,0.0
2019-07-10,1409.9000244140625,1410.0999755859375,1409.9000244140625,1410.0999755859375,50,65.41789963811954,22.352128485465983,24.4737483740871,-2.121619888621119,8.786698068012424,0.7069631331613815,1383.7510898228886,1348.078997045928,1,0.23009664058904739,0.00901608270907861,0.003915705607004272,0.06310309833479488,0.1707884518818167,0.12602381268399399,2.4,255.802,2.07,2.0,0.0
2019-07-11,1424.0,1424.0,1404.300048828125,1404.300048828125,6,62.41803165935084,21.30290446616368,23.839579592502417,-2.5366751263387357,8.100232518384622,0.6401655906757922,1385.7081335376731,1350.2837441746417,1,0.028483266081177308,-0.004113131592249353,-0.00945186062302783,0.054358452651814604,0.17260362012444905,0.1262224750466456,2.4,255.802,2.13,2.0,0.0
2019-07-12,1405.5999755859375,1410.0999755859375,1405.5999755859375,1409.9000244140625,8,64.12845620953337,20.684816412697955,23.208626956541526,-2.5238105438435703,7.489033687988429,0.6710272648914267,1388.0121231449482,1352.6216375173642,1,0.03937007874015748,0.00398773438098976,0.009450901198293948,0.05279276868276539,0.1723621218060514,0.12357225319760758,2.4,255.802,2.12,2.0,1.0
2019-07-15,1414.4000244140625,1415.0,1411.4000244140625,1411.4000244140625,25,64.59329220882537,20.084493106846367,22.583800186602495,-2.4993070797561288,6.722875564320885,0.6680227005419941,1390.2395423134353,1354.926672297627,1,0.15748031496062992,0.0010639052230836388,0.010307819909851412,0.05320502210810818,0.17231046241570597,0.12350820582178336,2.4,255.802,2.09,2.0,1.0
2019-07-16,1413.5999755859375,1413.699951171875,1405.0,1409.199951171875,13,63.297700431410014,19.20976680394665,21.908993510071326,-2.6992267061246764,5.6088412371462,0.6279356102494867,1392.0452955380485,1357.0550361750486,1,0.08354755784061697,-0.001558787873126799,0.008372058083631506,0.05266303321986787,0.17246418879434158,0.12362801177841126,2.4,255.802,2.13,2.0,1.0
2019-07-17,1404.5999755859375,1421.300048828125,1404.5999755859375,1421.300048828125,6,67.19494734334512,19.270775162527343,21.38134984056253,-2.1105746780351886,4.573943501429195,0.7868277245032311,1394.8314625180558,1359.5744484359536,1,0.038847523470378766,0.008586501614755049,0.007942751178003249,0.05547309861615268,0.17340146907212678,0.12441518283264655,2.4,255.802,2.06,2.0,1.0
2019-07-18,1422.300048828125,1444.199951171875,1419.5,1426.0999755859375,66,68.6184850331847,19.48186390092701,21.00145265263543,-1.5195887517084188,2.8107544988755966,0.9837341813459921,1397.8094161435683,1362.1832926379138,1,0.4362194315928618,0.00337713824872532,0.015523695791369141,0.06061282275755264,0.1727021393864261,0.12399015299555907,2.4,255.802,2.04,2.0,1.0
2019-07-19,1440.5,1442.0,1425.0999755859375,1425.0999755859375,22,67.9568604847443,19.345459192825047,20.670253960673353,-1.3247947678483065,2.8636308061866322,0.9095538873672416,1400.4085170428416,1364.6506135378363,1,0.1480484522207268,-0.0007012131106650665,0.010780871628250255,0.023117201958137823,0.1235461883238478,0.12395352043084115,2.4,255.802,2.05,2.0,1.0
2019-07-22,1425.300048828125,1425.300048828125,1424.0,1425.300048828125,1,68.02329257564998,19.034088592488615,20.343020887036406,-1.308932294547791,2.9191224466315058,0.8708651823305582,1402.7791391176304,1367.0290227649066,1,0.0068073519400953025,0.00014039242552454922,0.009848394624927925,0.02084235687863001,0.12350644541482031,0.1239589439761805,2.4,255.802,2.05,2.0,1.0
2019-07-23,1418.5999755859375,1421.300048828125,1416.300048828125,1420.0999755859375,5,64.29244150100922,18.158403919429475,19.90609749351502,-1.7476935740855453,2.974104096710208,0.7330454267181875,1404.4287425908026,1369.1102366010255,1,0.035486160397444996,-0.003648405994557402,0.007734902633936391,0.004100916748619454,0.11619660678087299,0.12397041894234358,2.4,255.802,2.08,2.0,1.0
2019-07-24,1422.800048828125,1422.800048828125,1422.800048828125,1422.800048828125,20,65.35497329000395,17.48078326419386,19.42103464765079,-1.9402513834569284,3.0609238379446393,0.7797534942231986,1406.1783908038808,1371.215719433461,1,0.14635931211123307,0.0019013261661902092,0.001055371806422345,0.005583450616826413,0.1163514910499506,0.12320922588286096,2.4,255.802,2.05,2.0,2.0
2019-07-25,1413.9000244140625,1413.9000244140625,1413.9000244140625,1413.9000244140625,4,59.111138070255365,16.04069922761164,18.74496756364296,-2.704268336031319,3.0666261976971936,0.5708430447364494,1406.913784481041,1372.8896137464258,1,0.05698005698005698,-0.006255288240531676,-0.008554765711192513,0.0016293913770935031,0.11834857996037935,0.12426430306482535,2.4,255.802,2.08,2.0,2.0
2019-07-26,1422.800048828125,1423.0,1418.5,1418.5,5,61.17568882000124,15.096577886972682,18.015289628308903,-2.918711741336221,3.096633075529583,0.6638294023341449,1408.0172335780846,1374.6782563446052,1,0.102880658436214,0.003253395223501654,-0.004631236894958146,0.007171240706374871,0.11851540355106084,0.12417776888768145,2.4,255.802,2.08,2.0,2.0
2019-07-29,1419.5999755859375,1419.5999755859375,1419.5999755859375,1419.5999755859375,224267,61.6740290053333,14.272588246467421,17.266749351940607,-2.994161105473186,3.134609928582746,0.675457841774791,1409.1203518645468,1376.439892393285,1,19.94521595674195,0.0007754498314680447,-0.003999209322187336,0.00702278836417114,0.118507233367552,0.12211597999221663,2.4,255.802,2.06,2.0,2.0
2019-07-30,1426.300048828125,1433.9000244140625,1422.0999755859375,1429.699951171875,73874,65.99063698523348,14.27005779712681,16.66741104097785,-2.3973532438510397,2.815894287451587,0.8932896021873183,1411.08031370334,1378.5285221493082,1,4.948968825261352,0.007114663116113862,0.00676007024222125,0.031827350146486966,0.10073905504437058,0.12204687647154584,2.4,255.802,2.06,2.0,2.0
2019-07-31,1431.300048828125,1435.800048828125,1411.199951171875,1426.0999755859375,3294,63.25590704640992,13.818275970450259,16.097584026872333,-2.2793080564220745,2.837237285005573,0.7735973263743104,1412.5107576921587,1380.3940693429015,1,0.21829098174612904,-0.0025179937811333764,0.0023193186987380265,0.01530684919101688,0.09094227615579088,0.12237535282249234,2.4,255.802,2.02,2.0,2.0
2019-08-01,1411.300048828125,1445.199951171875,1400.9000244140625,1420.9000244140625,2431,59.42513180574704,12.892031699708468,15.45647356143956,-2.5644418617310922,2.855350752031939,0.6391951527269569,1413.3097354751972,1381.9825381692215,1,0.1598374667964127,-0.0036462739365369368,0.004950845094511491,0.002257228858294269,0.08633734645833673,0.12287937804940907,2.13,256.036,1.9,2.0,2.0
2019-08-02,1448.0,1448.0,1432.300048828125,1445.5999755859375,1873,69.02184718314585,13.989790479080966,15.163136944967842,-1.1733464658868762,3.1521394629524995,1.1238734150381926,1416.3849964381247,1384.4773396365438,1,0.1224035002303643,0.017383313918979404,0.019104670839575233,0.035011116290964095,0.08750781071464618,0.12648563651852082,2.13,256.036,1.86,2.0,1.0
2019-08-05,1440.4000244140625,1469.699951171875,1440.4000244140625,1464.5999755859375,1008,74.09708431110614,16.206099602759195,15.371729476526113,0.8343701262330825,3.9986153413090024,1.265516834761051,1420.9768992141069,1387.619403791422,1,0.06566112216681703,0.013143331710626871,0.031699070705764276,0.04838938839365614,0.09603579191087147,0.12847104377944527,2.13,256.036,1.75,1.0,1.0
2019-08-06,1469.699951171875,1475.0,1457.699951171875,1472.4000244140625,460,75.84656114741486,18.38006535144291,15.973396651509473,2.4066686999334355,4.793246487863166,1.196304195546286,1425.8743397093408,1390.9441340119176,1,0.029924732791652302,0.0053257196218403635,0.029866457788704448,0.053595724088774555,0.09627366127601468,0.12862437604541344,2.13,256.036,1.73,1.0,1.0
2019-08-07,1473.5,1509.9000244140625,1473.199951171875,1507.300048828125,824,81.77705852117529,22.657902967044038,17.31029791461639,5.3476050524276495,6.8358395103664735,1.2939546342444515,1433.629169149225,1395.5071110635336,1,0.053469689694106655,0.023702814340790912,0.056938555944386016,0.0689313346039866,0.11974836265497242,0.13457486088234585,2.13,256.036,1.71,1.0,1.0
2019-08-08,1498.4000244140625,1508.5,1492.0,1497.699951171875,367,76.23226268649204,24.985455668033183,18.84532946529975,6.140126202733434,7.7586312304999865,1.0690193643074952,1439.7311483894773,1399.5146734207235,1,0.023786915899965323,-0.006369068762197561,0.05405019736661809,0.06650993313123599,0.12187254815086022,0.13511961225446295,2.13,256.036,1.72,1.0,1.0
2019-08-09,1506.199951171875,1507.5,1495.5999755859375,1496.5999755859375,74,75.59975394067543,26.43655496630572,20.363574565500944,6.072980400804777,8.428001135659906,0.9774254188208674,1445.1472271700925,1403.3219401723006,1,0.00479524622617362,-0.0007344432274815071,0.03527946932852455,0.06149368726190807,0.12262912047819187,0.1352540990733424,2.13,256.036,1.74,1.0,1.0
2019-08-12,1496.0,1514.9000244140625,1488.0999755859375,1505.300048828125,257,77.21036140899744,27.966207780952118,21.88410120859118,6.082106572360939,9.112623648981923,0.9705700463387413,1450.8760673280003,1407.3210816882154,1,0.016641251525717857,0.005813225567360636,0.027789207920684733,0.06652970298271366,0.12279675298087483,0.13340543655271003,2.13,256.036,1.65,1.0,1.0
2019-08-13,1510.4000244140625,1531.4000244140625,1483.699951171875,1502.199951171875,672,75.30294886023401,28.59864925824263,23.22701081852147,5.37163843972116,9.464800105567518,0.8950585567594226,1455.7640562655122,1411.0418216679668,1,0.043420670048137495,-0.0020594549629248116,0.020239015392349735,0.06599489300483041,0.12306834169566899,0.13185807923028417,2.13,256.036,1.68,1.0,1.0
2019-08-14,1500.0,1520.5,1497.0,1515.9000244140625,328,77.90114011187818,29.861124642867253,24.553833583390627,5.307291059476626,10.101377473714965,0.9300815622570362,1461.491291327279,1415.1539080501666,1,0.02117139795773466,0.009120006448875229,0.0057055498622344825,0.06655876474776456,0.12338740095836337,0.13245530551173917,2.13,256.036,1.59,1.0,1.0
2019-08-15,1519.800048828125,1522.699951171875,1510.5999755859375,1519.5999755859375,87,78.55723197188533,30.8050986172625,25.804086590165003,5.001012027097499,10.670950381594745,0.8995501988997011,1467.0254517328656,1419.2498322672557,1,0.005615203647946094,0.0024407619976820616,0.0146224378233617,0.06556342584718444,0.12341689434221541,0.13185074271022332,2.13,256.036,1.52,1.0,1.0
2019-08-16,1524.5999755859375,1524.5999755859375,1504.699951171875,1512.5,1815,74.01607633839139,30.62724429271384,26.76871813067477,3.8585261620390696,10.91697517480526,0.8175058430923812,1471.3563610916403,1422.9067015901085,1,0.11647083737077513,-0.004672266188474938,0.010624097737164107,0.061329047723916785,0.125860841020431,0.13273829227868716,2.13,256.036,1.55,0.0,2.0
2019-08-19,1507.199951171875,1507.5999755859375,1492.9000244140625,1500.4000244140625,205,66.91659872285527,29.173631093773793,27.249700723294577,1.9239303704792157,10.866956367234215,0.7185988135740713,1474.1224242652042,1425.945655426342,1,0.013146503350755121,-0.007999983858471116,-0.003255181196517687,0.05269064268094592,0.13151903669428175,0.13400902964704806,2.13,256.036,1.6,1.0,2.0
2019-08-20,1497.5,1506.0999755859375,1497.5,1504.5999755859375,486,68.06173223272522,28.037336161377425,27.40722781091115,0.6301083504662763,10.680177158437361,0.7216228322608763,1477.0250482005122,1429.0301385698556,1,0.03111883746170174,0.0027992209434382076,0.0015976730742071066,0.059502852934797845,0.129448068171456,0.13375141727685022,2.13,256.036,1.55,1.0,2.0
2019-08-21,1504.9000244140625,1505.0,1498.800048828125,1504.5999755859375,350,68.06173223272522,26.827562796549728,27.291294808038867,-0.4637320114891388,10.417334484713761,0.6999463545732537,1479.6512317610288,1431.9936615900942,1,0.022387033430237208,0.0,-0.007454349657717518,0.057492215315276596,0.12981591755691882,0.13289923127811876,2.13,256.036,1.59,1.0,2.0
2019-08-22,1495.0999755859375,1497.300048828125,1493.800048828125,1497.300048828125,686,63.62257200365713,24.991677110701858,26.831371268571466,-1.8396941578696087,9.770278560015349,0.6331614606584196,1481.3320714817046,1434.5546963837426,1,0.04378308862246021,-0.0048517392504739965,-0.014674866488605942,0.05898580025035671,0.12859900033263355,0.1338042555585391,2.13,256.036,1.62,1.0,2.0
2019-08-23,1493.5,1527.5999755859375,1493.5,1526.5999755859375,983,71.6227671683962,25.605815792091562,26.586260173275488,-0.9804443811839256,9.396897228163436,0.8093600409339572,1485.6433004440125,1438.1643151759856,1,0.06254354347667024,0.019568507181138672,0.00932229790805783,0.07620724398021683,0.14135128233625507,0.1380759111304045,2.13,256.036,1.52,1.0,1.0
2019-08-26,1543.199951171875,1543.300048828125,1524.300048828125,1526.300048828125,334,71.4495458156224,25.77124862683536,26.423257863987462,-0.6520092371521038,8.803922891481735,0.7860227169353715,1489.51537171869,1441.6206184564617,1,0.07388726661357403,-0.00019646715748000698,0.017262079440565792,0.07516207035587419,0.14165714770931123,0.1360752271117106,2.13,256.036,1.54,1.0,1.0
2019-08-27,1530.5,1542.0999755859375,1528.5,1541.0,166,74.68155589139089,26.779817481136433,26.49456978741726,0.2852476937191746,8.48261955918512,0.8678148521261247,1494.4186696502434,1445.517849105228,1,0.19880239520958085,0.009631101815898768,0.02419249302452453,0.07784853649669365,0.14273980378798168,0.1351834641029876,2.13,256.036,1.49,1.0,1.0
2019-08-28,1538.0999755859375,1538.0999755859375,1537.800048828125,1537.800048828125,2756,72.75087694844403,27.009556889101532,26.597567207754114,0.41198968134741776,7.702721610649983,0.8275124134140508,1498.5502295719464,1449.1367588982828,1,3.4104690013612178,-0.002076541967472423,0.02206571432998894,0.07832555581967071,0.14249046540601512,0.13545501464649287,2.13,256.036,1.47,1.0,1.0
2019-08-29,1537.5,1549.300048828125,1519.5999755859375,1526.5,704,66.2386459030357,25.98032253709721,26.474118273622736,-0.4937957365255272,6.112714607517362,0.7310592392742857,1501.2121124698563,1452.170611490507,1,0.975406996882577,-0.007348191227290024,0.019501736605651354,0.0743190750731979,0.1456403655271709,0.13693063016806245,2.13,256.036,1.5,1.0,1.0
2019-08-30,1524.5999755859375,1530.4000244140625,1516.699951171875,1519.0999755859375,276,62.30536871002175,24.28755495720179,26.036805610338547,-1.7492506531367553,4.940800226554061,0.6366148209990481,1502.9157184809117,1454.795292435426,1,0.42997351612400686,-0.004847706789428474,-0.004912878370197382,0.05084394109110901,0.13914732867795512,0.1373584564603442,2.13,256.036,1.5,1.0,2.0
2019-09-03,1522.9000244140625,1547.300048828125,1521.0,1545.9000244140625,139,69.39366087903784,24.822426931240216,25.79392987451888,-0.971502943278665,4.587250185597166,0.9743233108003824,1507.0094619031165,1458.3680270228235,1,0.23226668894644498,0.017642057309485315,0.012841495747173859,0.055510071134337924,0.14440395926622318,0.14092221114021805,2.04,256.43,1.47,0.0,1.0
2019-09-04,1549.0,1553.199951171875,1534.800048828125,1550.300048828125,46,70.37851766760171,25.30960860853179,25.697065621321464,-0.3874570127896746,4.3585576773063375,1.0055677681015107,1511.1323749435935,1461.9732043485217,1,0.0796192124621376,0.002846254184988517,0.0060350738664016745,0.052906834503118505,0.1440775726951181,0.1375310316461765,2.04,256.43,1.47,0.0,1.0
2019-09-05,1551.0,1551.0999755859375,1511.0999755859375,1515.4000244140625,125,55.204748844903975,22.61882753510531,25.081418004078234,-2.462590468972923,4.32023786451208,0.471319947379592,1511.5388177503048,1464.0683737628567,1,0.2302873986735446,-0.022511786954043878,-0.014566278906761876,0.005373830905289756,0.14865808434362807,0.14703537287645882,2.04,256.43,1.57,1.0,1.0
2019-09-06,1517.300048828125,1526.0,1504.5,1506.199951171875,54,52.0206996156434,19.51899233250151,23.96893286976289,-4.44994053726138,4.211452657686075,0.32000130303393437,1511.0303542666447,1465.720592484779,1,0.10243763634639097,-0.006071052589394554,-0.013298427008270552,0.005675369084007231,0.14848367287788472,0.14795667657716766,2.04,256.43,1.55,1.0,1.0
2019-09-09,1509.0,1513.0,1498.0,1502.199951171875,69,50.65278173584836,16.548819540347495,22.484910203879814,-5.936090663532319,4.124630125800425,0.24788798717037241,1510.1893634957144,1467.1511555705474,1,0.1309546403492124,-0.002655689901521985,-0.0111250244787503,0.0037417985281906763,0.1488153919070061,0.14809234809799604,2.04,256.43,1.63,1.0,1.0
2019-09-10,1498.5,1498.5,1486.9000244140625,1490.300048828125,23,46.717034544141384,13.083890589838347,20.604706281071522,-7.5208156912331745,4.36975114729876,0.0937375409160766,1508.295143051182,1468.0589553061388,1,0.04464285714285714,-0.007921650066934682,-0.03596608752691588,-0.009964790748314578,0.14994025319551815,0.1494500892124547,2.04,256.43,1.72,1.0,1.0
2019-09-11,1491.699951171875,1496.5999755859375,1490.199951171875,1494.4000244140625,8,48.210142354797114,10.547162078889187,18.593197440635056,-8.046035361745869,4.485646386108626,0.1701222387795987,1506.9717984190754,1469.0919384084104,1,0.016597510373443983,0.0027511074626627163,-0.03605755186314896,-0.00519233591488788,0.15024765311621976,0.14934696131033373,2.04,256.43,1.75,1.0,1.0
2019-09-12,1499.5,1515.4000244140625,1498.699951171875,1498.699951171875,27,49.79898096062073,8.782515242399768,16.631061000987998,-7.84854575858823,4.608182335481066,0.2525735393829274,1506.1840034431516,1470.2530369481542,1,0.05782203662062319,0.0028773599354687818,-0.01102024084277331,-0.011346443014166319,0.1467047658770294,0.149125520850672,2.04,256.43,1.79,1.0,1.0
2019-09-13,1490.9000244140625,1490.9000244140625,1486.9000244140625,1490.9000244140625,1,46.98324317715848,6.67765515629435,14.64037983204927,-7.96272467575492,4.825035603309412,0.17637156768963033,1504.728386392762,1471.062722731131,1,0.0021614611477358695,-0.005204461874915967,-0.010157965246187062,-0.018886517263076885,0.1471389072710982,0.1496701267266587,2.04,256.43,1.9,1.0,1.0
2019-09-16,1506.5999755859375,1506.800048828125,1496.9000244140625,1503.0999755859375,21,51.59352488108515,5.925665095064687,12.897436884652354,-6.971771789587667,4.870611509202016,0.3511080615562579,1504.573299649255,1472.3190855881824,1,0.056307816061134205,0.008182943840697732,0.0005991375604561533,-0.006214892174586817,0.14985052444656755,0.13308574639118376,2.04,256.43,1.84,1.0,1.0
2019-09-17,1497.9000244140625,1505.0999755859375,1497.9000244140625,1505.0999755859375,3,52.32543480076938,5.428514305268436,11.403652368775571,-5.975138063507135,4.83115891606184,0.37404104269426425,1504.6234592622723,1473.6046106861336,1,0.00826787928896238,0.001330583482459513,0.009930836927402709,0.0031324654061575252,0.14711301239558544,0.1330661961584676,2.04,256.43,1.81,1.0,1.0
2019-09-18,1508.9000244140625,1509.4000244140625,1489.300048828125,1507.5,8,53.239141888261585,5.16860022885453,10.156641940791364,-4.988041711936834,4.813206357875821,0.40451895178374775,1504.8974155230082,1474.9338416396185,1,0.023602301224369376,0.0015945946800830502,0.008766043476928997,0.001927438828339234,0.14688874068225383,0.1308451634653321,2.04,256.43,1.8,1.0,1.0
2019-09-19,1496.0999755859375,1502.4000244140625,1496.0999755859375,1498.4000244140625,10,49.3751357600316,4.180138438724953,8.961341240378081,-4.781202801653128,4.8713954987137065,0.2864705604859971,1504.2786163697754,1475.8540841013614,1,0.031060723714862556,-0.006036468050373167,-0.00020012461972651607,-0.004120664144940278,0.14850482572220244,0.1316516214414858,2.04,256.43,1.79,1.0,1.0
2019-09-20,1503.0,1507.300048828125,1503.0,1507.300048828125,2,52.97026836958465,4.0680391155146935,7.982680815405404,-3.9146416998907103,4.782358435879246,0.39853169622090245,1504.5663718419992,1477.0872591886855,1,0.0069504778453518675,0.005939685176889142,0.011000083268834837,0.006678688087819573,0.14895313560548662,0.13185748255669816,2.04,256.43,1.74,1.0,1.0
2019-09-23,1515.5,1523.699951171875,1515.5,1523.699951171875,5,58.779269653126754,5.2421069083357,7.434566033991463,-2.1924591256557635,4.76040531042283,0.6275365171635534,1506.3886174924635,1478.9152078939087,1,0.020933640360058615,0.010880316998928219,0.013704993626859174,-0.0018996622955855802,0.1370621641488063,0.13315449788772094,2.04,256.43,1.72,1.0,1.0
2019-09-24,1515.0999755859375,1533.0,1515.0999755859375,1532.0999755859375,25,61.40859048725632,6.772308899749078,7.302114607142986,-0.5298057073939084,4.820914558672561,0.7369668865362299,1508.8373182632706,1481.000885058302,1,0.11190689346463742,0.0055129124389627915,0.017939007665911832,0.0037999912024280214,0.1384892354427778,0.13342727554106193,2.04,256.43,1.64,0.0,1.0
2019-09-25,1527.5999755859375,1527.9000244140625,1504.5999755859375,1504.5999755859375,25,50.13407821879502,5.70027560071685,6.981746805857759,-1.2814712051409094,4.585736447791225,0.37928944727164826,1508.4337618178104,1481.9263395887974,1,0.11555350127108852,-0.01794922031082391,-0.0019237309546019654,-0.023621041151241084,0.14812958839731774,0.13395616084825795,2.04,256.43,1.73,1.0,1.0
2019-09-26,1507.5,1507.5,1507.5,1507.5,8178,51.152584859789144,5.026744045038868,6.590746253693982,-1.564002208655114,4.342493408540838,0.4396664204211732,1508.344832120876,1482.929228232374,1,16.777105344137862,0.001927438828339234,0.006073128295293495,-0.019703503619482254,0.14849432706659552,0.1315115491301944,2.04,256.43,1.7,1.0,1.0
2019-09-27,1504.199951171875,1506.0999755859375,1485.5999755859375,1499.0999755859375,7827,48.08873855017603,3.7716761316903558,6.026932229293257,-2.255256097602901,4.30141567167395,0.33080626845189265,1507.4643695937389,1483.5633751874159,1,9.278093883357041,-0.005572155498548947,-0.0054402394855376235,-0.017949573805478236,0.14760855714907337,0.1311278209657559,2.04,256.43,1.69,1.0,1.0
2019-09-30,1495.9000244140625,1495.9000244140625,1463.5,1465.699951171875,1078,38.27264321196631,0.08098933883752579,4.837743651202111,-4.756754312364585,4.971653855088996,-0.05668510564296528,1503.4868059345138,1482.862848755434,1,1.2198709969446644,-0.022280051336141082,-0.03806523715866261,-0.03515240950054355,0.16606325355766352,0.13589724336768094,2.04,256.43,1.68,1.0,1.0
2019-10-01,1468.699951171875,1485.5,1458.300048828125,1482.0,219,44.25320636346136,-1.511208547779006,3.5679532114058876,-5.079161759184894,4.598915676319494,0.17872761065163822,1501.44044346456,1482.8290115493387,1,0.24670496789455895,0.01112099977563119,-0.03270019997668705,-0.04133515971596047,0.15751310528409004,0.13750443293178843,1.83,257.155,1.65,1.0,0.0
2019-10-02,1476.5999755859375,1503.699951171875,1474.0999755859375,1501.0,205,50.298076504810666,-1.225765768942665,2.6092094153361773,-3.8349751842788424,3.646215346396743,0.48612075427922535,1501.3984964679353,1483.5415993317176,1,0.22888405068944342,0.012820512820512775,-0.0023926463142042165,-0.03180032721110404,0.1653625551164225,0.1395887976533024,1.83,257.155,1.6,1.0,0.0
2019-10-03,1497.4000244140625,1518.199951171875,1496.5999755859375,1507.0999755859375,1213,52.09411296029552,-0.5015516844352987,1.9870571953818823,-2.488608879817181,3.568037338313908,0.6074321891365901,1501.9414944791736,1484.46545722404,1,1.276774906583864,0.004063941096560608,-0.00026535616189882205,-0.00547713388835025,0.1461489441092867,0.13877864507104454,1.83,257.155,1.54,1.0,0.0
2019-10-04,1505.5999755859375,1508.699951171875,1497.0999755859375,1506.199951171875,233,51.79670338435983,-0.00022861781576466456,1.589600032742353,-1.5898286505581176,3.568037338313908,0.5906308305469651,1502.3470617832404,1485.3177903200335,1,0.2429614181438999,-0.0005971895883765121,0.004736158829675485,0.0,0.14454209326199413,0.1383987517529256,1.83,257.155,1.52,1.0,0.0
2019-10-07,1504.800048828125,1505.800048828125,1489.0999755859375,1497.699951171875,121,48.95417162814493,-0.28551420815301753,1.214577184563279,-1.5000913927162964,3.574309323924528,0.43625834001989394,1501.9044798202533,1485.8033652554,1,0.12583194675540765,-0.005643341040734162,0.021832572194885325,-0.002995606541252749,0.1456621083526382,0.13897079359406642,1.83,257.155,1.56,1.0,0.0
2019-10-08,1489.4000244140625,1506.300048828125,1489.300048828125,1497.199951171875,46,48.784573334497296,-0.5456608762729047,0.8625295723960422,-1.408190448668947,3.521428574459967,0.4193344128620902,1501.4564294727886,1486.250290193301,1,0.04777979745520644,-0.0003338452402357195,0.010256377308957454,0.004629874600873496,0.14272984751505594,0.13899786674757084,1.83,257.155,1.54,1.0,0.0
2019-10-09,1507.699951171875,1507.699951171875,1498.4000244140625,1506.0999755859375,120,51.97400995125237,-0.0332876758002385,0.6833661227567861,-0.7166537985570246,3.5022452840815643,0.5769880687050867,1501.8986719597551,1487.0287092283063,1,0.12392213559147003,0.005944446102269962,0.0033977185782394503,0.007829196320083387,0.14391462703053745,0.13925930308411022,1.83,257.155,1.59,1.0,0.0
2019-10-10,1511.199951171875,1511.199951171875,1490.5999755859375,1494.800048828125,78,47.89571219666082,-0.532894993138143,0.4401138995778003,-0.9730088927159433,3.5231846011432566,0.36666941466133224,1501.2226126138855,1487.3334676439856,1,0.08033783087856627,-0.007502773349037706,-0.008161321051730841,-0.0026021902120572094,0.146253213556411,0.13948843685692727,1.83,257.155,1.67,1.0,0.0
2019-10-11,1491.9000244140625,1494.9000244140625,1476.9000244140625,1482.699951171875,57,43.92135946271319,-1.8835023055894453,-0.024609341455648828,-1.8588929641337966,3.6447045833180467,0.15745753072189,1499.4585496194084,1487.1517611156676,1,0.05853959124987162,-0.00809479345798525,-0.015602178171441494,-0.005500082572880927,0.14795055771624505,0.14058365345804144,1.83,257.155,1.76,1.0,0.0
2019-10-14,1484.4000244140625,1493.5,1481.300048828125,1491.699951171875,400,47.41644670677514,-2.202257296192556,-0.46013893240303033,-1.742118363789526,3.6876036732002646,0.33422510549435547,1498.719635481548,1487.3301215100287,1,0.4029617690021659,0.006070007618794726,-0.004006142882828634,-0.00758434209249359,0.14654670782718868,0.1409872907275723,1.83,257.155,1.76,1.0,0.0
2019-10-15,1488.9000244140625,1495.4000244140625,1476.5999755859375,1477.5999755859375,367,42.90487635953878,-3.551681540173604,-1.0784474539571451,-2.4732340862164586,3.9182581869278907,0.1272610981363248,1496.7082393010137,1486.9485471600644,1,0.36306079042390066,-0.009452286684638267,-0.013091087513458999,-0.018271211511576957,0.1498723769211803,0.14254347513236754,1.83,257.155,1.77,1.0,0.0
2019-10-16,1482.0,1488.0,1480.0,1488.0,383,46.9168330351546,-3.738816176470891,-1.6105211984598944,-2.128294978010997,3.943113093583238,0.3218777681396397,1495.8788831771076,1486.989780604768,1,0.37198912198912204,0.007038457353749195,-0.012017778287856218,-0.012935323383084563,0.152294469648036,0.14285956080805198,1.83,257.155,1.75,1.0,0.0
2019-10-17,1486.199951171875,1493.199951171875,1485.800048828125,1492.300048828125,271,48.52732178144125,-3.499800202363758,-1.9883769992406672,-1.511423203123091,3.9605416397150095,0.4002330485158416,1495.5380418105378,1487.1980264174485,1,0.25991464057929314,0.0028898177608367437,-0.0016724644891200624,-0.004070992716596389,0.15139087421735692,0.14290690105303233,1.83,257.155,1.76,1.0,0.0
2019-10-18,1487.300048828125,1489.0999755859375,1486.5999755859375,1488.199951171875,82,47.06120223468537,-3.5997265291046006,-2.310646905213454,-1.2890796238911464,3.96293847492156,0.34722471630615637,1494.839176035427,1487.2373175842888,1,0.07834519657956336,-0.0027475021926520737,0.003709449100374629,-0.012671728944147254,0.1498586671784419,0.14234369229573773,1.83,257.155,1.76,1.0,0.0
2019-10-21,1489.9000244140625,1489.9000244140625,1481.5,1482.4000244140625,72,44.99050355577162,-4.0996660816861095,-2.6684507405079856,-1.4312153411781239,3.7058321597949266,0.2689938771363613,1493.6544949286304,1487.0476198129074,1,0.06857142857142857,-0.0038972765408609167,-0.006234448657390201,-0.0271050259770953,0.14392276165241183,0.14258438783861363,1.83,257.155,1.8,1.0,0.0
2019-10-22,1483.4000244140625,1483.5,1481.699951171875,1481.699951171875,99,44.734642895427946,-4.500483071470626,-3.0348572067005137,-1.4656258647701121,3.014808964648881,0.25600721021457185,1492.5159669517966,1486.8379073171807,1,0.09395463604441491,-0.00047225663158245723,0.002774753420195175,-0.03289604152286962,0.1416848993794126,0.14260578382961023,1.83,257.155,1.78,1.0,0.0
2019-10-23,1486.4000244140625,1490.300048828125,1486.4000244140625,1489.9000244140625,67,48.4338314003921,-4.109089023389743,-3.24970357003836,-0.8593854533513827,2.928533568119761,0.4531961602945984,1492.2668295672504,1486.957990340588,1,0.0634589884447812,0.005534233321464299,0.0012768981277302416,-0.00977000625442015,0.12963647257068112,0.14234195163464258,1.83,257.155,1.77,1.0,0.0
2019-10-24,1490.5,1501.199951171875,1485.9000244140625,1498.9000244140625,115,52.21442310449041,-3.037665321635359,-3.20729592035776,0.16963059872240116,2.8056722875351285,0.676477078389739,1492.8985624098038,1487.4263054022929,1,0.17620470389948673,0.006040673771744887,0.004422686705076728,-0.005704793091832472,0.13145233789313976,0.14259605565178587,1.83,257.155,1.77,1.0,0.0
2019-10-25,1501.4000244140625,1514.300048828125,1499.0,1499.5,93,52.46462327730544,-2.11575222854367,-2.988987181994942,0.8732349534512722,2.8096182191681995,0.6900666078225819,1493.5272707517272,1487.899783621811,1,0.3496897913141568,0.000400277254096304,0.0075930985075136626,0.0002668430528831589,0.1299591744727843,0.14229344554966,1.83,257.155,1.8,1.0,0.0
2019-10-28,1504.0999755859375,1504.0999755859375,1490.0,1490.0,37,48.164394265931975,-2.127179266964049,-2.8166255989887636,0.6894463320247146,2.321057960108862,0.4206297580525805,1493.1913402039436,1487.9821450484067,1,0.17297802711547453,-0.006335445148382801,0.005126804817034092,0.016579142824352466,0.10252946217524259,0.1388977524151596,1.83,257.155,1.85,1.0,0.0
2019-10-29,1485.9000244140625,1487.0,1485.9000244140625,1487.0,425,46.85824334112014,-2.3512069549919943,-2.72354187018941,0.3723349151974156,2.2549788990659803,0.32178343023304834,1492.601688755949,1487.9436295563123,1,1.895628902765388,-0.00201342281879191,0.003577005468572203,0.003373819163292824,0.09547597890259438,0.1364933294834488,1.83,257.155,1.84,1.0,0.0
2019-10-30,1487.199951171875,1495.4000244140625,1481.0,1493.199951171875,320,49.883089212931324,-2.005349842670512,-2.5799034646856303,0.5745536220151184,2.201588610662149,0.5179533021072554,1492.6586661288943,1488.1497598157462,1,1.391606871058926,0.004169435892316775,0.002214864557177343,-0.005196568173301164,0.08474912132397222,0.1363314400056814,1.83,257.155,1.78,1.0,0.0
2019-10-31,1496.0999755859375,1513.0999755859375,1496.0999755859375,1511.4000244140625,210,57.52601888852513,-0.2596684864302006,-2.1158564690345445,1.856187982604344,2.3143035253495854,1.0376510097835232,1494.4435573941485,1489.0615348980332,1,1.167964404894327,0.012188637715869088,0.008339448793381887,0.002853194146229976,0.09446444540601615,0.12993325743597967,1.83,257.155,1.69,1.0,0.0
2019-11-01,1511.0,1511.5999755859375,1503.0,1508.0,235,55.81360313866967,0.8397627480940173,-1.5247326256088323,2.36449537370285,2.3535583225600094,0.9293243806148413,1495.7346471661344,1489.8042198039927,1,1.3062812673707616,-0.002249586052098018,0.0056685561853950794,0.001195092873774506,0.09481828431362506,0.12933338942871123,1.55,257.879,1.73,1.0,0.0
2019-11-04,1511.5999755859375,1511.5999755859375,1508.0,1508.0,101,55.81360313866967,1.6915705500935019,-0.8814719904683656,2.5730425405618673,2.5000985453355318,0.8902274119524897,1496.902776007455,1490.5177798116792,1,0.5645612073784236,0.0,0.012080536912751683,0.006877244550929973,0.09238782664794225,0.1293215553358235,1.55,257.879,1.79,1.0,0.0
2019-11-05,1507.0999755859375,1507.0999755859375,1480.800048828125,1480.800048828125,31,43.73472173206073,0.16986750319028943,-0.6712040917366346,0.8410715949269241,2.594385099707617,0.19502290407095293,1495.3691829427569,1490.136692322128,1,0.17401066516980074,-0.018037102899121304,-0.004169435892316775,-0.010953715521372809,0.11348510582581754,0.1340915780395207,1.55,257.879,1.86,1.0,0.0
2019-11-06,1483.199951171875,1491.0,1483.199951171875,1490.199951171875,567,47.92868929777715,-0.2744360360866267,-0.5918504806066331,0.31741444452000644,2.4615629922693194,0.456019643064812,1494.8768751550538,1490.1391730613338,1,2.827930174563591,0.006347853885599886,-0.002009108021766015,-0.010557084305028774,0.11379713158610598,0.13471455195117107,1.55,257.879,1.81,1.0,0.0
2019-11-07,1489.0999755859375,1489.0999755859375,1464.199951171875,1464.199951171875,581,39.22042532799002,-2.6934836975019607,-1.0121771239856987,-1.681306573516262,2.935626256726487,-0.09624042881500128,1491.955263347132,1489.121948673512,1,2.5747839574562374,-0.01744732307872776,-0.03122937176111662,-0.02047103067747391,0.12687612249038163,0.13797852592466273,1.55,257.879,1.92,1.0,0.0
2019-11-08,1469.0999755859375,1469.0999755859375,1461.300048828125,1461.300048828125,21,38.38276679228196,-4.789385229479649,-1.767618745084489,-3.02176648439516,3.3720464903130507,-0.05588615948172148,1489.0357191072264,1488.0308937776144,1,0.09381282108554836,-0.0019805371127277205,-0.03096813738187998,-0.014433063363114229,0.12416541916560067,0.13786315313070577,1.55,257.879,1.94,1.0,0.0
2019-11-11,1461.0,1461.0,1449.300048828125,1455.5,22,36.694694818915075,-6.839575393478071,-2.7820100747632055,-4.057565318714866,3.9050570317364857,-0.049290533821607994,1485.8418410970144,1486.7551724530022,-1,0.10734325445230544,-0.0039691019190591925,-0.03481432360742709,-0.02426758219267655,0.12198780840341963,0.13778252582324615,1.55,257.879,1.94,1.0,0.0
2019-11-12,1454.9000244140625,1454.9000244140625,1447.0999755859375,1452.0999755859375,6,35.70340779406274,-8.639132878148757,-3.953434635440316,-4.685698242708441,4.395970527837796,-0.020895579805300036,1482.6283300959594,1485.396145124882,-1,0.03210272873194221,-0.00233598379530231,-0.019381464273248827,-0.017257715499005788,0.1181377606504123,0.13696955551414308,1.55,257.879,1.92,2.0,0.0
2019-11-13,1456.800048828125,1463.300048828125,1456.800048828125,1461.699951171875,56,40.583997993715805,-9.18478091337829,-4.999703891027911,-4.185077022350379,4.624531821808252,0.16336859556830333,1480.6351511508085,1484.4668826169209,-1,0.3283494576370566,0.006611098235205004,-0.01912495029783612,-0.01767476399739587,0.1177710866526653,0.13758411102654766,1.55,257.879,1.88,2.0,0.0
2019-11-14,1463.800048828125,1471.800048828125,1463.699951171875,1471.800048828125,83,45.2893926185263,-8.70190727138288,-5.740144567098905,-2.9617627042839745,4.6638420234288835,0.3267389221644185,1479.7937128343624,1483.9701440369681,-1,0.5150480918399007,0.006909829646058796,0.005190614608453714,-0.013737183762808414,0.12030171643308937,0.13840846249897465,1.55,257.879,1.82,1.0,0.0
2019-11-15,1469.0999755859375,1469.0999755859375,1467.300048828125,1467.300048828125,13,43.6314705909549,-8.58339479094343,-6.30879461186781,-2.2746001790756196,4.756186324166414,0.28099136137538777,1478.6038400718635,1483.316414813092,-1,0.08243500317057705,-0.003057480534521595,0.004105932936094625,-0.01404374615608106,0.12037734743468527,0.13820761020300545,1.55,257.879,1.84,2.0,0.0
2019-11-18,1472.0,1472.0,1469.699951171875,1470.9000244140625,141,45.35488867426486,-8.105549128006487,-6.668145515095546,-1.4374036129109413,4.808875229745772,0.34188193381754156,1477.870143342549,1482.829497542542,-1,0.8749612162581446,0.0024534692742719244,0.010580573283450745,-0.007757690104292503,0.12025198796664537,0.13211244600400485,1.55,257.879,1.81,2.0,0.0
2019-11-19,1467.699951171875,1474.300048828125,1467.699951171875,1473.300048828125,18,46.528639636683906,-7.447342753609291,-6.823984962798296,-0.6233577908109957,4.838533142434902,0.3821401578245539,1477.4348962459371,1482.4557936713884,-1,0.11457670273711013,0.0016316706602941267,0.014599596170114193,-0.0056690980769126265,0.12046419454648306,0.1321904534282781,1.55,257.879,1.79,2.0,0.0
2019-11-20,1472.5999755859375,1474.5,1467.300048828125,1473.300048828125,31,46.528639636683906,-6.8467839958495915,-6.8285447694085555,-0.01823922644103604,4.837928906280293,0.39364411561088114,1477.0411012537645,1482.0967448540055,-1,0.19961365099806824,0.0,0.007936032047445751,-0.011141670792619629,0.11851507874675098,0.13048809149833301,1.55,257.879,1.73,2.0,0.0
2019-11-21,1463.0999755859375,1463.0999755859375,1463.0999755859375,1463.0999755859375,16,42.074158887356226,-7.111915780504432,-6.885218971627731,-0.22669680887670118,4.817361726020847,0.2750330547569758,1475.7133749996858,1481.3517735101598,-1,0.10641835716661124,-0.0069232830408855195,-0.005911178797089134,-0.023884213920217667,0.1179009260182211,0.13108016434549077,1.55,257.879,1.77,2.0,0.0
2019-11-22,1468.5999755859375,1468.5999755859375,1463.0999755859375,1463.0999755859375,19,42.074158887356226,-7.238592639929266,-6.955893705288038,-0.2826989346412274,4.737327838935861,0.29695614193051506,1474.512098865043,1480.6360167288178,-1,0.1295601772928742,0.0,-0.002862450148176543,-0.02427477453421978,0.11783703428185427,0.13037673077576428,1.55,257.879,1.77,2.0,0.0
2019-11-25,1457.0999755859375,1457.0999755859375,1455.5,1456.5999755859375,14,39.29392354287272,-7.773868325918102,-7.119488629414051,-0.6543796965040505,4.824137773484898,0.23253470725901101,1472.806182362271,1479.6934268800774,-1,0.09621993127147767,-0.004442621904492183,-0.009721971983664535,-0.0224161237678272,0.11692897992173823,0.13032402417980626,1.55,257.879,1.76,2.0,0.0
2019-11-26,1459.800048828125,1459.800048828125,1459.800048828125,1459.800048828125,346362,41.34874765093521,-7.849376273388316,-7.265466158208905,-0.5839101151794113,4.860824578616475,0.2979414089982778,1471.5675029780666,1478.9132944074518,-1,19.857530665305994,0.0021969472029548243,-0.009163102933946177,-0.018291829974361185,0.11746158113818003,0.12486191352377789,1.55,257.879,1.74,2.0,0.0
2019-11-27,1461.0999755859375,1461.9000244140625,1452.0,1453.4000244140625,88364,38.53910848953645,-8.329626598329696,-7.478298246233064,-0.8513283520966324,4.866942512968623,0.2363777807393197,1469.837266924352,1477.912774015554,-1,4.045127960978825,-0.00438417879160935,-0.013507109044007093,-0.02665411737160661,0.11647176617420489,0.12480258985305237,1.55,257.879,1.77,2.0,0.0
2019-11-29,1453.5999755859375,1465.5999755859375,1452.0999755859375,1465.5999755859375,7020,46.06290261838031,-7.637751100190599,-7.510188817024571,-0.1275622831660277,4.227953614205662,0.42920409493888884,1469.4337153683125,1477.429919175177,-1,0.3164293071234908,0.008394076625114488,0.0017087007324969594,-0.03030306212009004,0.11136345926534455,0.1178001901154173,1.55,257.879,1.78,2.0,0.0
2019-12-02,1462.800048828125,1464.4000244140625,1453.300048828125,1462.300048828125,2172,44.4769015888603,-7.271885524206709,-7.462528158460999,0.1906426342542895,3.521519432842312,0.39523326595968866,1468.7543185549614,1476.836590926273,-1,0.09747822223419007,-0.0022515876178922367,-0.0005467341748072174,-0.030305007408405138,0.11136362997084627,0.1172919402648498,1.55,258.63,1.83,2.0,0.0
2019-12-03,1461.5999755859375,1480.4000244140625,1459.5,1478.199951171875,1460,52.893027049581015,-5.633999936977716,-7.096822514164343,1.4628225771866266,2.575079421644158,0.8171628265347193,1469.653902613715,1476.8900560339437,-1,0.06532482320910432,0.010873214670608755,0.014829037448836013,-0.01976130558894229,0.11965316561872551,0.11945939284072486,1.55,258.63,1.72,2.0,0.0
2019-12-04,1477.5,1483.4000244140625,1471.199951171875,1474.0,613,50.70658805627712,-4.6215899557143985,-6.601776002474354,1.9801860467599557,2.4616417242409394,0.7248866016765203,1470.067816650504,1476.7767205032007,-1,0.027391812395130246,-0.002841260526727396,0.009727326138448955,-0.004592145194421415,0.10139157824974618,0.11851081621040489,1.55,258.63,1.77,2.0,0.0
2019-12-05,1474.699951171875,1478.0,1472.300048828125,1476.9000244140625,907,52.1766020473874,-3.544382581742866,-5.990297318328057,2.445914736585191,2.069121052228591,0.8852607258416884,1470.7185031041763,1476.7815559506855,-1,0.0404983936827864,0.001967452112661139,0.016168982802565957,-0.008924927656421944,0.09879864485171448,0.11843904964654087,1.55,258.63,1.8,2.0,0.0
2019-12-06,1475.0,1476.0,1458.199951171875,1459.0999755859375,899,43.58500481009941,-4.0799717812253675,-5.60823221090752,1.5282604296821525,2.10086756010519,0.30943438953229047,1469.6119766738677,1476.088160642264,-1,0.04011270823247523,-0.012052304512072065,-0.004435043742001543,-0.003483114162007528,0.08744966592298838,0.12074504056989403,1.55,258.63,1.84,2.0,0.0
2019-12-09,1458.800048828125,1464.199951171875,1458.5999755859375,1459.300048828125,1461,43.69722742873567,-4.437137285360905,-5.374013225798198,0.936875940437293,2.1173257653288946,0.32057756865575565,1468.6298883076065,1475.4298033162195,-1,0.0649799745150408,0.0001371209961862352,-0.0020515625383478175,-0.0013686443120315417,0.08719171272526825,0.12033920403276813,1.55,258.63,1.83,2.0,0.0
2019-12-10,1460.699951171875,1467.199951171875,1460.699951171875,1462.5999755859375,367,45.618705184255425,-4.403160120908069,-5.1798426048201724,0.7766824839121034,2.0405410284619485,0.41236887632193286,1468.0556109055428,1474.9266728169928,-1,0.01631031371799601,0.002261307919822597,-0.010553359559760667,0.004878032006827571,0.0862892029633277,0.11916039351956763,1.55,258.63,1.85,2.0,0.0
2019-12-11,1463.0999755859375,1475.4000244140625,1463.0999755859375,1469.4000244140625,393,49.447324111864454,-3.783907334880496,-4.900655550832237,1.1167482159517412,1.8781772748149659,0.6203898066890611,1468.1836502873066,1474.709941507074,-1,0.017450805823151845,0.004649288213888214,-0.0031207432740417707,0.011913813868872358,0.08707086036943619,0.11956434827722172,1.55,258.63,1.79,2.0,0.0
2019-12-12,1475.0999755859375,1483.9000244140625,1463.699951171875,1466.699951171875,955,48.00221036881156,-3.4710067801345303,-4.614725796692696,1.1437190165581654,1.8578372015183773,0.5133962203485478,1468.0423456096464,1474.395824239027,-1,0.04232143015412977,-0.001837534502059257,-0.006906407389514535,0.003420674671290369,0.0844725257583584,0.11952685230993475,1.55,258.63,1.9,2.0,0.0
2019-12-13,1463.0999755859375,1475.9000244140625,1463.0999755859375,1475.5999755859375,468,52.8895939012377,-2.4763276825008234,-4.187046173854322,1.7107184913534983,1.912114874223496,0.8236247446321968,1468.7621198931026,1474.4430458604745,-1,0.02072203908406816,0.006068060755679117,0.011308340947215889,0.002581822687693247,0.08363875272131778,0.11967983394706846,1.55,258.63,1.82,2.0,0.0
2019-12-16,1473.800048828125,1475.300048828125,1473.800048828125,1475.0,99,52.5311382647132,-1.716661738988023,-3.692969286881062,1.9763075478930392,1.976876585649813,0.7789750069902118,1469.3562037128072,1474.4648871992795,-1,0.004382673829460865,-0.0004065977201573867,0.010758549062259481,0.005247700480910167,0.08282215944026369,0.11898531477362483,1.55,258.63,1.89,2.0,0.0
2019-12-17,1474.0999755859375,1476.9000244140625,1474.0,1474.5999755859375,410,52.27674166931865,-1.1338295514431138,-3.1811413397934727,2.047311788350359,2.016218243145143,0.7537192598557865,1469.8556105578673,1474.47018478307,-1,0.018139666584079565,-0.00027120299258476255,0.008204567346032254,0.002515433483216478,0.08243072821205409,0.11668190627599019,1.55,258.63,1.89,2.0,0.0
2019-12-18,1472.5999755859375,1472.5999755859375,1472.5999755859375,1472.5999755859375,250,50.94827056865909,-0.8238176717263741,-2.7096766061800532,1.8858589344536791,2.0086730184040444,0.6879970008729392,1470.1169786557787,1474.3968432459276,-1,0.011055098611479615,-0.0013563000360183874,0.0021777263636231226,-0.0004751735688492964,0.08238955292532074,0.11600915304177731,1.55,258.63,1.92,2.0,0.0
2019-12-19,1475.9000244140625,1478.9000244140625,1473.300048828125,1478.199951171875,319,54.439459032621954,-0.12482093664016247,-2.1927054722720754,2.067884535631913,2.084561318828934,0.8561972073148288,1470.8867855620736,1474.5459847332197,-1,0.014097329020169344,0.003802781256810217,0.007840731153506697,0.003325800706819537,0.0834982096408779,0.11048916653651347,1.55,258.63,1.92,2.0,0.0
2019-12-20,1476.699951171875,1478.0999755859375,1474.699951171875,1474.699951171875,118,51.950732163827986,0.1450462596426405,-1.7251551258891322,1.8702013855317727,2.1105377925365807,0.7199774329823921,1471.2499441915784,1474.5520226327749,-1,0.005213510946163872,-0.0023677446323991935,-0.000609937943178096,0.007928354712255281,0.07982656257892431,0.11047117078939868,1.55,258.63,1.92,2.0,0.0
2019-12-23,1482.300048828125,1482.5,1479.9000244140625,1482.5,391,56.70136633150596,0.9770538412001315,-1.1847133324712795,2.161767173671411,2.2551770433891494,0.9119212601046649,1472.3213780780948,1474.863708019725,-1,0.017261092790513907,0.00528924465070113,0.005084745762711895,0.013259534370707149,0.08165580119417172,0.11052151484868654,1.55,258.63,1.93,2.0,0.0
2019-12-24,1488.699951171875,1499.0999755859375,1488.699951171875,1499.0999755859375,52,64.70027813710064,2.941991692965985,-0.3593723273838267,3.3013640203498116,2.7502796391374944,1.1950746232342675,1474.8717206978893,1475.8141498850666,-1,0.0022954003707954447,0.011197285386804312,0.016614675441225968,0.029177537218414207,0.08726835464537658,0.10270749829560154,1.55,258.63,1.9,2.0,0.0
2019-12-26,1505.199951171875,1512.300048828125,1505.0,1509.300048828125,126,68.54548914263782,5.261627001356146,0.7648275383641678,4.496799462991978,3.4695143333499163,1.201170610489226,1478.150609091245,1477.1273223926376,1,0.023585788626408595,0.00680413141771985,0.024921956981280635,0.033908753489724,0.08929092143367924,0.10116928558850266,1.55,258.63,1.9,2.0,0.0
2019-12-27,1513.800048828125,1513.800048828125,1513.800048828125,1513.800048828125,839,70.09327765433656,7.378017889680677,2.08746560862747,5.290552281053207,3.976973041054409,1.1356553587099,1481.5457938280908,1478.5654685273626,1,0.8685749780009316,0.0029815145129650222,0.02408341146813542,0.041557742809597675,0.08644267882605802,0.09797206462767238,1.55,258.63,1.88,2.0,0.0
2019-12-30,1512.5999755859375,1515.0999755859375,1510.0,1514.5,446,70.33777398023285,9.007915483820398,3.471555583666056,5.536359900154341,4.492522641749825,1.0355142700054747,1484.684289653987,1479.974665840015,1,0.6998823067869753,0.0004623802016765488,0.02698857404619681,0.03336519188635534,0.0832678276570538,0.09763507377043625,1.55,258.63,1.9,2.0,0.0
2019-12-31,1513.800048828125,1523.4000244140625,1513.800048828125,1519.5,301,72.09288808073936,10.581106869726682,4.893465840878181,5.687641028848501,4.949988390127236,1.0142613215318603,1488.0000715917024,1481.5246789443281,1,0.5536141254368218,0.003301419610432399,0.024957841483979726,0.03911642567318152,0.08214741127147415,0.09784523175512759,1.55,258.63,1.92,2.0,0.0
2020-01-02,1518.0999755859375,1528.699951171875,1518.0,1524.5,214,73.7646454150179,12.09194220774748,6.333161114252041,5.758781093495438,5.533430264333774,0.9920157689794563,1491.4762552496354,1483.2099856523937,1,0.444536767760698,0.0032905561039815456,0.016943515994745306,0.031321912026461396,0.07540387759116442,0.09729386929664019,1.55,259.127,1.88,2.0,0.0
2020-01-03,1530.0999755859375,1552.699951171875,1530.0999755859375,1549.199951171875,107,80.10499461761879,15.108211671956042,8.088171225792841,7.0200404461632,6.662732643526505,1.1188221975139563,1496.9737500993724,1485.7978274374714,1,0.23459767594825695,0.01620200142464734,0.02643603064528466,0.05101760595106852,0.08940513378422685,0.10251019683873773,1.55,259.127,1.8,2.0,0.0
2020-01-06,1580.0,1580.0,1560.4000244140625,1566.199951171875,416,83.1273589592675,18.655337757339566,10.201604532102188,8.453733225237379,8.019495171677002,1.117330419661424,1503.566721630087,1488.950851897644,1,0.9639670953539566,0.010973405974574524,0.034614810842630295,0.06046443583291361,0.09422389257873014,0.10412023721463422,1.55,259.127,1.81,1.0,0.0
2020-01-07,1558.300048828125,1576.300048828125,1558.300048828125,1571.800048828125,47,83.99017969849099,21.668560141459466,12.494995653973644,9.173564487485821,8.952806711715116,1.0506345422397876,1510.0651337441857,1492.199840012565,1,0.12083815400437074,0.003575595601353454,0.03783430097598228,0.0772394456362937,0.07557538614155285,0.10287165729359063,1.55,259.127,1.83,1.0,0.0
2020-01-08,1579.699951171875,1604.199951171875,1552.300048828125,1557.4000244140625,236,73.57177856660114,22.63369185505894,14.522734894190705,8.110956960868236,9.227678472188243,0.8932823166449666,1514.5732185698882,1494.7567099890944,1,0.7201708880073238,-0.009161486173001832,0.02494243133534879,0.06722399253307465,0.08774270141336014,0.10329491805319145,1.55,259.127,1.87,2.0,0.0
2020-01-09,1555.699951171875,1555.699951171875,1543.300048828125,1551.699951171875,54,69.87683603873857,22.677208672831966,16.153629649918958,6.523579022913008,9.270468524326201,0.8176363084803647,1518.1090978653156,1496.9897782707721,1,0.1730491908348021,-0.0036599930350791343,0.017841883353148624,0.06091889585205479,0.0910904196073183,0.10311221870362818,1.55,259.127,1.85,2.0,0.0
2020-01-10,1551.199951171875,1558.800048828125,1545.4000244140625,1557.5,16,71.44816239254627,22.91555527506489,17.506014774948145,5.409540500116744,9.373744967836293,0.8230661107552629,1521.8606123543332,1499.3627281425065,1,0.054570259208731244,0.0037378675070167677,0.005357635611753286,0.05995642719624161,0.09092499592736475,0.10109207211132493,1.55,259.127,1.83,2.0,1.0
2020-01-13,1557.4000244140625,1558.0,1548.4000244140625,1548.4000244140625,48,65.66098906420905,22.115224158562114,18.42785665167094,3.6873675068911744,9.15749340194678,0.7348180410385733,1524.3881754076408,1501.285759368842,1,0.19366552350211821,-0.005842680954052937,-0.011365041062920578,0.05570333126206917,0.09475070407884373,0.10119723280071408,1.55,259.127,1.85,2.0,1.0
2020-01-14,1546.699951171875,1546.699951171875,1534.9000244140625,1542.4000244140625,32,62.08996677875619,20.757526284851338,18.89379057830702,1.8637357065443183,8.919997731786626,0.671614081340955,1526.1035895987286,1502.8980834882625,1,0.141561601415616,-0.0038749676475047234,-0.01870468475680609,0.04526975463089156,0.09664816055277406,0.10151244617223644,1.55,259.127,1.82,2.0,1.0
2020-01-15,1548.0,1553.9000244140625,1545.5999755859375,1552.0999755859375,11,65.36905060440418,20.231035152095274,19.16123949306467,1.0697956590306035,8.6696807992034,0.720388894398496,1528.5794358832247,1504.8275694528772,1,0.04962779156327543,0.0062888686581550335,-0.0034031390426612074,0.05227116988877123,0.09715127778316214,0.10194171886371067,1.55,259.127,1.79,1.0,2.0
2020-01-16,1555.699951171875,1556.0999755859375,1548.5,1549.0,98,63.47930253979901,19.340697492486925,19.19713109294912,0.1435663995378036,8.2539476058861,0.6768048525665545,1530.524251513394,1506.5598216311957,1,0.4756127153603494,-0.001997278290509108,-0.0017399956543376893,0.05045437789628293,0.0980061439569278,0.10164838378589072,1.55,259.127,1.81,1.0,2.0
2020-01-17,1554.0999755859375,1558.800048828125,1553.5999755859375,1558.800048828125,108,66.75162988483267,19.20450296492345,19.198605467343988,0.0058974975794612305,7.745494156903083,0.7341767808074822,1533.2171845909872,1508.6084579918597,1,0.5428499623020859,0.006326693885167822,0.0008347022973516083,0.0585359735646398,0.09782138710056493,0.10225282777924478,1.55,259.127,1.84,2.0,2.0
2020-01-21,1559.300048828125,1566.199951171875,1551.0,1556.4000244140625,45,65.21061068649736,18.687488177078876,19.096382009290966,-0.4088938322120903,7.166430714382688,0.6950903785262732,1535.425074097947,1510.4826370672404,1,0.242914979757085,-0.001539661495306488,0.005166623530006298,0.052902229620690244,0.09896053068719993,0.1018976123109322,1.55,259.127,1.78,2.0,2.0
2020-01-22,1549.800048828125,1557.0999755859375,1549.800048828125,1555.300048828125,42,64.47593462184824,17.981709442686224,18.87344749597002,-0.8917380532837953,6.2557716908197145,0.669619680981792,1537.3179288341544,1512.2401826264909,1,0.23146872416643705,-0.000706743490544226,0.008363604907853261,0.05465525213600286,0.09802911462390643,0.10133584300155465,1.55,259.127,1.77,2.0,2.0
2020-01-23,1553.0999755859375,1564.5999755859375,1552.199951171875,1564.5999755859375,15,67.78093644065561,17.965703629267637,18.691898722629542,-0.7261950933619055,5.411789143937225,0.757759476134963,1539.9162190009908,1514.293507840587,1,0.09222256378727328,0.005979506504111276,0.008053604920186253,0.05537941017601189,0.09830182693268977,0.1019246103304107,1.55,259.127,1.74,2.0,2.0
2020-01-24,1556.300048828125,1571.0999755859375,1556.300048828125,1571.0999755859375,43,69.88949466628344,18.266944617281297,18.606907901559893,-0.33996328427859623,4.94408500878559,0.8194103854346001,1542.8861005805095,1516.5212124580517,1,0.2651048088779285,0.004154416529097649,0.014267253444762762,0.04802881807256254,0.09334869233250354,0.1010847116951095,1.55,259.127,1.7,2.0,2.0
2020-01-27,1584.300048828125,1584.5,1576.800048828125,1576.800048828125,22,71.64215467291709,18.74949602473407,18.63542552619473,0.11407049853934126,4.685048799180872,0.8683533738382156,1546.1160004136157,1518.885088394133,1,0.14012738853503184,0.0036280779904294125,0.011547343749143568,0.044722717694476666,0.09202180521689342,0.10105439233254042,1.55,259.127,1.61,2.0,2.0
2020-01-28,1576.4000244140625,1576.4000244140625,1569.199951171875,1569.199951171875,3,66.1161575033301,18.307618299878186,18.569864080931424,-0.26224578105323815,4.268400212587866,0.7471304848355612,1548.3144719144022,1520.8582202677699,1,0.026041666666666664,-0.004819950165462217,0.008224059725667976,0.03659657851552889,0.09525108903972569,0.10152374292884372,1.55,259.127,1.65,2.0,2.0
2020-01-29,1569.800048828125,1569.800048828125,1569.800048828125,1569.800048828125,251274,66.33694929901242,17.800655014522363,18.416022267649613,-0.6153672531272498,3.7077780395045106,0.7464567790066887,1550.3607173347568,1522.7775076622936,1,19.853199121407012,0.000382422683483874,0.009322959907913209,0.03651373313180928,0.09526636594471286,0.09876199145558792,1.55,259.127,1.6,1.0,2.0
2020-01-30,1576.800048828125,1585.0,1571.4000244140625,1583.5,62336,70.9852192543375,18.29347868768923,18.391513551657535,-0.09803486396830507,3.360861342893467,0.9717628474143591,1553.5168394933514,1525.1587818716155,1,3.955744097573667,0.008727195022131706,0.012079780588635458,0.04211911813096414,0.09827103711372424,0.09993588551772296,1.55,259.127,1.57,0.0,2.0
2020-01-31,1573.4000244140625,1589.0,1570.0,1582.9000244140625,1095,70.52593036675609,18.423260109238754,18.39786286317378,0.025397246064972734,2.9573080466527144,0.9589213410804373,1556.3152380572287,1527.4231443242604,1,0.0692932719080646,-0.00037889206563779254,0.007510692515747985,0.038307657864258715,0.09852692612381951,0.09995208968258089,1.55,259.127,1.51,0.0,2.0
2020-02-03,1592.9000244140625,1593.300048828125,1568.199951171875,1577.199951171875,1062,66.14707883376657,17.860282330628706,18.290346756664768,-0.4300644260360613,2.9792234059727156,0.8026719678090811,1558.3042583538618,1529.3751759653435,1,0.06700252048087874,-0.003601031748229011,0.0002536163948290149,0.018073845134593425,0.08472592315976075,0.0922770986529831,1.58,259.25,1.54,0.0,2.0
2020-02-04,1577.699951171875,1577.699951171875,1547.800048828125,1550.4000244140625,978,50.32584563168561,15.077780998266917,17.6478336049852,-2.5700526067182814,3.0563868053871195,0.2504735733924319,1557.551474169119,1530.1996798260775,1,0.06159368948089367,-0.01699209205395924,-0.011980580769055393,-0.010088064902562754,0.09817805937768863,0.0988436117372981,1.58,259.25,1.61,0.0,2.0
2020-02-05,1553.199951171875,1560.699951171875,1547.699951171875,1557.800048828125,1305,53.6242566669376,13.31624736066351,16.78151635612086,-3.4652689954573503,3.014874113730307,0.41896982080886475,1557.5751479461671,1531.2820472379226,1,0.08186360457056109,0.004772977488090024,-0.00764428565851949,-0.008906985344883989,0.09892308358447174,0.09155309148108423,1.58,259.25,1.66,0.0,2.0
2020-02-06,1553.5999755859375,1565.5999755859375,1551.5999755859375,1565.0999755859375,110,56.68010450954727,12.36670664680355,15.898554414257399,-3.531847767453849,3.009457527260548,0.5659459560399992,1558.2917981975738,1532.6082405064722,1,0.006903108595311534,0.004686048612788207,-0.011619844909417476,0.004944106235501122,0.09481095700513587,0.09163320865610793,1.58,259.25,1.65,0.0,2.0
2020-02-07,1564.9000244140625,1571.9000244140625,1560.5,1568.5999755859375,431,58.10548952009081,11.761035641394074,15.071050659684735,-3.3100150182906614,2.965713546141336,0.624164608159269,1559.273529377418,1534.0196810978239,1,0.027015676614202348,0.0022362788669072486,-0.009034082132520327,0.010891296607504097,0.09388979150470729,0.09103282970189804,1.58,259.25,1.59,1.0,2.0
2020-02-10,1569.300048828125,1574.699951171875,1568.5999755859375,1574.699951171875,128,60.5422975469114,11.639085918753153,14.38465771149842,-2.7455717927452667,3.0172387109949326,0.7330390036976132,1560.7427124054616,1535.6149858066103,1,0.008020401897326324,0.003888802550604975,-0.0015850875459021418,0.011043307333467034,0.09395902503229131,0.09087866962055528,1.58,259.25,1.56,2.0,2.0
2020-02-11,1570.9000244140625,1571.0999755859375,1561.9000244140625,1565.5999755859375,440,55.36834378943464,10.684978130128002,13.644721795224337,-2.959743665096335,2.8795097968763126,0.5229729574967512,1561.2053088988403,1536.790867758741,1,0.02753631351344586,-0.005778863191787997,0.009803889920357411,0.011108209054946139,0.09390121133797555,0.09137257941613383,1.58,259.25,1.59,2.0,2.0
2020-02-12,1565.199951171875,1568.699951171875,1561.0,1567.4000244140625,36,56.166338723190286,9.959285289088257,12.907634493997122,-2.9483492049088653,2.5689617504889557,0.5394037177180275,1561.795281805052,1537.9912268432633,1,0.00225294290667184,0.001149750163640162,0.006162521045726788,0.016208505967508113,0.09243653965890467,0.0905858844038094,1.58,259.25,1.62,2.0,2.0
2020-02-13,1570.199951171875,1575.0999755859375,1570.199951171875,1575.0999755859375,74,59.501979650731734,9.891467512365125,12.304401097670723,-2.4129335853055984,2.4842958458124285,0.7089746053063308,1563.0623954984696,1539.4464718919958,1,0.004630136557743747,0.004912562876061788,0.006389368191163758,0.014818633053142793,0.09148606493389533,0.09051225287904036,1.58,259.25,1.61,2.0,2.0
2020-02-14,1575.800048828125,1582.699951171875,1574.800048828125,1582.699951171875,68,62.53261599685,10.331876508826554,11.90989617990189,-1.578019671075337,2.393642839072584,0.8741876178469754,1564.9326388959369,1541.1426867657165,1,0.004255119440576944,0.004825075045227001,0.008988891881545946,0.021755940072224034,0.09197983824433384,0.09078289058464561,1.58,259.25,1.59,1.0,2.0
2020-02-18,1579.800048828125,1604.300048828125,1579.800048828125,1600.0,310,68.34056741757007,11.93924498512024,11.915765940945562,0.023479044174678165,2.8829893572873555,1.1468154137438145,1568.2723875725144,1543.4508166964727,1,0.01938608641817039,0.0109307192530812,0.01606658386526072,0.026430555479420414,0.09672727675295546,0.09291134912204081,1.58,259.25,1.55,1.0,2.0
2020-02-19,1600.5999755859375,1610.5,1599.699951171875,1607.5,542,70.4771812782644,13.660810087799064,12.264774770316263,1.3960353174828004,3.402276701373222,1.1395858800501817,1572.0083506608464,1545.9625493750425,1,0.03384179274087302,0.004687499999999956,0.026762918413039127,0.032832160617046524,0.09681934802241739,0.0931098511676356,1.58,259.25,1.56,1.0,2.0
2020-02-20,1606.5,1621.0,1603.0,1616.5999755859375,117,72.86962817825469,15.57985988635096,12.927791793523204,2.652068092827756,3.9915664404657547,1.1400161659192332,1576.2551720822837,1548.7326445205679,1,0.007303621535071429,0.0056609490425738596,0.0313895306912908,0.039413569622144706,0.0974221919795634,0.09182494534888938,1.58,259.25,1.52,1.0,2.0
2020-02-21,1619.300048828125,1645.0,1619.300048828125,1644.5999755859375,186,78.61268633299187,19.1394589036056,14.170125215539684,4.969333688065916,5.414430072363473,1.2511171059696045,1582.7642009873937,1552.4921476996021,1,0.011604691789368606,0.017320302129691267,0.0441241832755066,0.051131280358124975,0.11078175656149553,0.09708961663915179,1.58,259.25,1.46,1.0,2.0
2020-02-24,1657.0,1686.5999755859375,1650.0,1672.4000244140625,435,82.5600335095018,23.927872753514748,16.1216747231347,7.806198030380049,7.36243237610126,1.245393422137321,1591.3009460756477,1557.194417374679,1,0.02710685710012712,0.01690383633759951,0.05667534972486177,0.0644771500237249,0.12178395987723632,0.10077995540170658,1.58,259.25,1.38,1.0,2.0
2020-02-25,1645.0999755859375,1653.699951171875,1632.300048828125,1646.9000244140625,409,69.82898629523501,25.372608701409035,17.971861518789567,7.400747182619469,8.058602171251486,0.9529726099800891,1596.596096393592,1560.7122843174,1,0.025455982622713084,-0.015247548210802098,0.029312515258788974,0.04445711150125575,0.13828592611253152,0.10708791165569377,1.58,259.25,1.33,1.0,2.0
2020-02-26,1644.0,1648.0999755859375,1636.4000244140625,1640.0,1990,66.82612231990178,25.664948494205646,19.510478913872785,6.1544695803328615,8.418749746864961,0.8547571868878301,1600.7298014989642,1563.8216065010313,1,0.12309557536356495,-0.004189704482223999,0.02021772939346822,0.04511856425642358,0.13787814465248466,0.10703876346418555,1.58,259.25,1.33,1.0,2.0
2020-02-27,1641.0999755859375,1658.0,1638.5,1640.0,707,66.82612231990178,25.601511596890077,20.728685450476245,4.872826146413832,8.67667172809295,0.818107220349606,1604.4698204038248,1566.808994481383,1,0.1943402190794266,0.0,0.014474839024775532,0.044719039997660914,0.13795189770629865,0.10629032270169243,1.58,259.25,1.3,2.0,2.0
2020-02-28,1640.300048828125,1642.5,1564.0999755859375,1564.0999755859375,289,43.15243580245276,19.20535240388972,20.42401884115894,-1.2186664372692206,8.83287478727673,0.2808102616045727,1600.6250732783117,1566.7027584462676,1,0.5395817774458551,-0.046280502691501524,-0.04894807320626371,-0.01225135738178873,0.22131169151471852,0.14643734727372787,1.58,259.25,1.13,2.0,2.0
2020-03-02,1583.9000244140625,1608.300048828125,1574.300048828125,1592.300048828125,537,50.20999892119839,16.224830646312967,19.584181202189747,-3.35935055587678,8.804759005314414,0.4775765563202314,1599.8322138068654,1567.70657375536,1,1.0577112467992908,0.01802958486181372,-0.04789522507571187,0.005938482702053216,0.23084499993076837,0.14912082301074564,0.65,258.076,1.1,2.0,2.0
2020-03-03,1594.5,1645.300048828125,1594.0,1642.0999755859375,610,59.72026496616754,17.677409402153216,19.202826842182443,-1.5254174400292264,9.073007112344712,0.7992421031776564,1603.8577149286818,1570.6239620624415,1,1.2574726860441146,0.03127546645147916,-0.0029145963670944575,0.04114888817099005,0.25424531559797015,0.16067545448392795,0.65,258.076,1.02,2.0,2.0
2020-03-04,1645.4000244140625,1645.9000244140625,1631.300048828125,1641.0999755859375,83,59.4746029221115,18.534245642174483,19.069110602180853,-0.5348649600063702,8.883212925657235,0.7659066558579818,1607.4045968960395,1573.387727298657,1,0.188486431247871,-0.0006089763198755538,0.0006707168206936398,0.05850099957664345,0.24430474917051007,0.1607507435761698,0.65,258.076,1.02,2.0,2.0
2020-03-05,1637.300048828125,1672.9000244140625,1637.199951171875,1666.4000244140625,154,63.5588706743709,21.012577125435655,19.457803906831813,1.5547732186038417,9.083640185624372,0.8951416816344608,1613.0232090406132,1577.0352683620063,1,0.40229885057471265,0.015416518922981348,0.01609757586223326,0.06971368094874131,0.24823418441165299,0.16045983017860596,0.65,258.076,0.92,1.0,2.0
2020-03-06,1670.800048828125,1686.199951171875,1647.199951171875,1670.800048828125,175,64.23398281441877,23.065829356173026,20.179408996700058,2.886420359472968,9.289185903417488,0.8792300036723015,1618.5257652108523,1580.712318576364,1,0.45330915684496825,0.0026404370796919707,0.0682181925117773,0.06753566857773152,0.24819743588572576,0.16040339969405504,0.65,258.076,0.74,1.0,2.0
2020-03-09,1696.0999755859375,1701.5999755859375,1657.699951171875,1674.5,161,64.82412223176414,24.70679710215768,21.084886617791582,3.621910484366097,9.430232566890124,0.8618905839523554,1623.8566447145806,1584.390266867487,1,0.43215675748221716,0.0022144787309947844,0.051623405546191714,0.06751244808256773,0.24819864961979132,0.1604034245517272,0.65,258.076,0.54,1.0,2.0
2020-03-10,1671.5999755859375,1674.5999755859375,1643.0,1659.0999755859375,48,60.35993016578017,24.482404675215776,21.764390229276422,2.718014445939353,9.283723543411046,0.7364686850490711,1627.2131524166145,1587.3200593662498,1,0.13024013024013023,-0.009196789736675148,0.010352597437883748,0.05359752780283822,0.2521065641634123,0.16203576720676952,0.65,258.076,0.76,2.0,2.0
2020-03-11,1656.5999755859375,1666.5,1635.0,1641.4000244140625,47,55.61898806156416,22.61563496318604,21.934639176058347,0.6809957871276922,8.704973824440637,0.5998930881648747,1628.5642830830382,1589.4408423093014,1,0.1347090856979077,-0.010668405420007354,0.00018283397269436286,0.04841597471266956,0.2548790043235391,0.16395274733696943,0.65,258.076,0.82,2.0,2.0
2020-03-12,1637.0,1647.5,1566.4000244140625,1589.300048828125,256,44.53149556487543,16.739214658151468,20.89555427247697,-4.156339614325503,8.31505494218189,0.2116278275752742,1624.824832201618,1589.4353209963142,1,0.711308696860239,-0.031741181193497225,-0.046267387455810494,0.013972198591900131,0.2830195863954818,0.17798137253499144,0.65,258.076,0.88,2.0,2.0
2020-03-13,1574.9000244140625,1589.800048828125,1513.800048828125,1515.699951171875,89,34.16893187111749,6.073188513159721,17.931081120613523,-11.857892607453802,9.934696905314205,-0.17920306801573851,1614.4319863892615,1586.5437378659442,1,0.24677665326493833,-0.04630975611591981,-0.09282983787619292,-0.0377119073930311,0.32977108157842605,0.20400761693518366,0.65,258.076,0.94,2.0,2.0
2020-03-16,1569.0999755859375,1569.0999755859375,1452.0999755859375,1485.9000244140625,193,31.021316574112802,-4.729796937393303,13.39890550901216,-18.128702446405462,12.311546049090143,-0.1748183717877141,1602.1908471535282,1582.5969255737136,1,0.5260288907059144,-0.019660835071461547,-0.11263062143083757,-0.06116126223807561,0.33467856065509516,0.20821014174720465,0.65,258.076,0.73,2.0,2.0
2020-03-17,1469.300048828125,1537.699951171875,1469.300048828125,1524.9000244140625,122,38.94788239456991,-10.028662496232528,8.713391907963222,-18.74205440419575,13.346034926417246,0.07418818500766568,1594.8298164164362,1580.3343019988254,1,0.3412587412587413,0.026246718728858642,-0.0808871997749745,-0.046937484741210955,0.34706426526805045,0.21477431674198055,0.65,258.076,1.02,2.0,2.0
2020-03-18,1537.5,1542.0,1477.300048828125,1477.300048828125,333,33.83707218621545,-17.863057638973487,3.3981019985758807,-21.26115963754937,15.385114743311288,-0.036727799268854396,1583.6365052175495,1576.2937430509548,1,0.9595159198962685,-0.031215145139910194,-0.09997561419832257,-0.08099530399494559,0.3609762401145947,0.22460781070687677,0.65,258.076,1.18,2.0,2.0
2020-03-19,1481.5,1491.5999755859375,1471.0,1478.5999755859375,262,34.09142973503937,-23.69385104204798,-2.020288609548892,-21.67356243249909,17.017819856947625,0.042730106994718305,1573.633026205015,1572.4626149150718,1,0.7394863110358453,0.0008799341466505517,-0.06965335043172782,-0.08536434621062139,0.35964225466780436,0.22456068369095847,0.65,258.076,1.12,2.0,2.0
2020-03-20,1483.5,1484.0,1483.5,1484.0,14,35.20579509660689,-27.561349896986712,-7.128500867036457,-20.432849029950255,18.108596676857186,0.11459868021478928,1565.0965475188232,1568.9934927615395,-1,0.0404975412207116,0.003652119912907814,-0.020914397435565002,-0.09765291132800791,0.35197392015071555,0.22442331396101062,0.65,258.076,0.92,2.0,2.0
2020-03-23,1505.300048828125,1567.0,1490.199951171875,1567.0,51,49.37429445209186,-23.65626951385343,-10.434054596399852,-13.222214917453579,17.666147908033373,0.41787230682547694,1565.2778287075066,1568.9153165748126,-1,0.1562021439509954,0.055929919137466255,0.05457969866977952,-0.06302321386953469,0.4045155461273132,0.249693298487799,0.65,258.076,0.76,2.0,2.0
2020-03-24,1592.699951171875,1685.5,1592.699951171875,1660.199951171875,442,59.96162376686378,-12.892392544538552,-10.925722186027592,-1.9666703585109602,17.80849035268702,0.745211463204754,1574.3180308469703,1572.4951061668542,1,1.346944994667073,0.059476675923340716,0.08872708019648767,0.008075734143330404,0.4555664679233837,0.2755007592448356,0.65,258.076,0.84,1.0,2.0
2020-03-25,1676.5,1676.5,1631.0999755859375,1632.300048828125,476,56.17436330934691,-6.537866985806886,-10.048151145983452,3.5102841601765657,17.75033330242137,0.6486049172707864,1579.8401277975565,1574.8403980359237,1,1.8855218855218856,-0.016805145864542737,0.10492113644953482,-0.004695092177972593,0.45950500006572637,0.27808577940043455,0.65,258.076,0.88,2.0,2.0
2020-03-26,1660.5,1660.5,1650.0999755859375,1650.0999755859375,3,57.99712954312949,-0.06480731112537796,-8.051482379011837,7.986675067886459,17.842391882486204,0.7087218025151512,1586.5315418726404,1577.7917540182773,1,0.01380897583429229,0.010904812978834055,0.11598809876352001,0.006158521698742314,0.4611883495733302,0.27877252299294475,0.65,258.076,0.83,2.0,2.0
2020-03-27,1623.9000244140625,1623.9000244140625,1623.9000244140625,1623.9000244140625,100638,54.40998949424703,2.9173921389296993,-5.85770747542353,8.77509961435323,17.82635952294766,0.6057811372373336,1590.0904449718234,1579.5999214847786,1,19.22517049687661,-0.01587779623023844,0.09427225364829006,0.038232881376858874,0.4305839892176109,0.28101774659581946,0.65,258.076,0.72,2.0,2.0
2020-03-30,1641.199951171875,1652.800048828125,1607.199951171875,1622.0,16389,54.14842964270996,5.06905765635338,-3.672354449068149,8.741412105421528,17.87549585218553,0.5935221118278413,1593.1294502126023,1581.262669661846,1,2.7191279677467524,-0.0011700378012791113,0.03509891512444163,0.01865223278347128,0.42648903768191443,0.2810186365771571,0.65,258.076,0.7,2.0,2.0
2020-03-31,1618.699951171875,1621.0,1576.0,1583.4000244140625,2874,48.9954253482126,3.6178681129340475,-2.2143099366677097,5.832178049601757,17.712047732989177,0.4681080729980612,1592.202838231789,1581.3464874952663,1,0.4680400618842114,-0.023797765466052723,-0.04625944405286975,-0.03574688024152095,0.4199473616184337,0.28387598156488797,0.65,258.076,0.7,2.0,2.0
2020-04-01,1570.0,1600.0,1570.0,1578.199951171875,2158,48.32818509529307,2.024846324690998,-1.3664786843959682,3.391325009086966,17.534465726487213,0.460346668775465,1590.8692299403685,1581.2230939139567,1,0.345597950114105,-0.0032841184552284686,-0.03314347609993029,-0.038327966211567754,0.4199526322080001,0.28311279724812743,0.05,256.032,0.62,2.0,2.0
2020-04-02,1590.9000244140625,1631.199951171875,1586.0,1625.699951171875,1294,54.43267119286717,4.542850948435898,-0.18461275782959488,4.727463706265493,17.126037246535738,0.6415788134698007,1594.1864414862264,1582.9672843946594,1,0.2053560801428288,0.03009758045216593,-0.014786997621400677,-0.024423951419766943,0.43072733264071383,0.2894433548850758,0.05,256.032,0.63,2.0,2.0
2020-04-03,1624.5,1636.0,1619.800048828125,1633.699951171875,643,55.38859301173689,7.102052850817699,1.2727203638998639,5.829332486917836,16.68559388256835,0.6827412809007782,1597.9496328848595,1584.9568007388639,1,0.10166570482161069,0.004920957273962578,0.006034809169578326,-0.0222049895690819,0.43107366111940093,0.2888540299605897,0.05,256.032,0.62,2.0,2.0
2020-04-06,1629.0999755859375,1696.699951171875,1625.9000244140625,1677.0,1063,60.2492723290511,12.480325440388242,3.5142413791975398,8.966084061190703,16.727297233223286,0.8450677599590717,1605.4782392767777,1588.5663379647908,1,0.1668825307115664,0.026504284827250757,0.03390875462392118,0.0014929829799941174,0.4417787884256994,0.2933182062371735,0.05,256.032,0.67,2.0,2.0
2020-04-07,1695.699951171875,1724.4000244140625,1658.0,1664.800048828125,1144,58.321163178128884,15.578630362205558,5.9271191757991435,9.651511186406415,16.80684230943621,0.7965281447588741,1611.127935424525,1591.5558952535491,1,0.17806694632308878,-0.007274866530635027,0.05140837637929474,0.003435641809454104,0.4412901922716775,0.2937977688556296,0.05,256.032,0.75,2.0,2.0
2020-04-08,1669.699951171875,1677.0,1662.5,1665.4000244140625,747,58.391684446319346,17.87640428943405,8.316976198526126,9.559428090907923,17.09570749401282,0.789085659004611,1616.296705804481,1594.4517434559223,1,0.11564273053076453,0.0003603889766581325,0.05525286778613703,0.01462166421531963,0.43940984923523396,0.2934438066890982,0.05,256.032,0.77,2.0,2.0
2020-04-09,1662.699951171875,1736.199951171875,1662.699951171875,1736.199951171875,825,65.75517017124386,25.12079221549925,11.677739401920752,13.443052813578499,18.874669391467613,0.9715012645712022,1627.7160625061376,1600.010496699685,1,0.12715782983970406,0.04251226475316172,0.0679707223466095,0.09243056555121054,0.4441035348578644,0.30467818948609876,0.05,256.032,0.73,1.0,2.0
2020-04-13,1722.0,1756.800048828125,1710.699951171875,1744.800048828125,696,66.53001386885204,31.196365563592735,15.581464634255148,15.614900929337587,19.852747932465288,0.9361186939283493,1638.8669183463269,1605.6885183517809,1,0.10677548766175489,0.004953402775092375,0.06800520351154837,0.151151352534596,0.3997187428948931,0.30461034985031954,0.05,256.032,0.76,1.0,2.0
2020-04-14,1756.800048828125,1775.0,1739.5,1756.699951171875,675,67.62170009756218,36.55019597412365,19.77521090222885,16.774985071894804,20.05100523072933,0.9231446257792449,1650.08911194876,1611.610535325118,1,0.10317235897867007,0.006820209772313124,0.047525313757826426,0.18224639767712336,0.3869251487793963,0.30465660756219975,0.05,256.032,0.76,1.0,2.0
2020-04-15,1739.4000244140625,1744.9000244140625,1722.699951171875,1727.199951171875,642,62.20504469024874,37.97498964648685,23.41516665108045,14.559822995406396,19.977936235692752,0.8003603754348202,1657.4330013985805,1616.1434535936182,1,0.09773995387039561,-0.016792850697309403,0.037481920058612506,0.13266438685745685,0.39103504699288927,0.30699950047457675,0.05,256.032,0.63,1.0,2.0
2020-04-16,1731.0,1750.5999755859375,1715.0,1720.4000244140625,162,60.99225166278796,38.11607327068987,26.355347975002335,11.760725295687532,18.447923541002464,0.760271769718298,1663.4298607333883,1620.231946566969,1,0.024695498406987912,-0.0039369655801569925,0.03302509859116309,0.16455694006019805,0.36698343854342663,0.30714770802219404,0.05,256.032,0.61,1.0,2.0
2020-04-17,1715.699951171875,1725.0,1684.9000244140625,1689.199951171875,223,55.632713245572155,35.30334293676333,28.144946967354535,7.158395969408794,16.07153261405923,0.63968832507916,1665.8841550608631,1622.9365741985341,1,0.03400452885429136,-0.018135359683463026,-0.027070614745886012,0.14243201613910572,0.3778105424049465,0.30983408644187166,0.05,256.032,0.65,1.0,2.0
2020-04-20,1686.0,1701.5999755859375,1680.0,1701.5999755859375,106,57.2408871757882,33.68649527299385,29.2532566284824,4.4332386445114516,13.168528082273651,0.6763083038885689,1669.285661777537,1626.0214134686285,1,0.016152257887558953,0.007340767684405947,-0.0247593260162976,0.14663071131127858,0.3776469561707886,0.3099319403961811,0.05,256.032,0.63,1.0,2.0
2020-04-21,1697.0,1707.0999755859375,1659.9000244140625,1678.199951171875,666,53.313650951905316,30.169173984611234,29.436440099708168,0.732733884903066,12.027795174236257,0.5480839812748932,1670.134641719855,1628.0676306334617,1,0.10101163302140051,-0.013751777591560432,-0.04468606033012834,0.0709635936004307,0.3393772510400595,0.31144077462633457,0.05,256.032,0.58,1.0,2.0
2020-04-22,1696.0,1728.699951171875,1684.800048828125,1728.699951171875,453,59.73425844570555,31.098119710412675,29.76877602184907,1.329343688563604,12.391879198081208,0.7737835036157977,1675.712290239095,1632.0139961447721,1,0.06870037989945176,0.030091765861830932,0.0008684576438195979,0.04126009035938605,0.29085439356279913,0.3168613600892777,0.05,256.032,0.63,1.0,2.0
2020-04-23,1734.0,1745.0999755859375,1733.300048828125,1733.300048828125,482,60.27025542034956,31.838491021320806,30.18271902174342,1.6557719995773859,12.546091948268606,0.7674656256416738,1681.1968386761455,1635.985998210786,1,0.07309509186172593,0.002661015668526945,0.007498270303998744,0.06187587880825629,0.2820887866776039,0.3165904610947976,0.05,256.032,0.61,0.0,2.0
2020-04-24,1744.0,1744.0,1714.5,1723.5,221,58.48413562515145,31.273951930799285,30.400965603554596,0.8729863272446892,12.64985579727248,0.7013353958194772,1685.2257111831793,1639.4179198495788,1,0.03345924709124079,-0.005653982895085452,0.020305499538008753,0.04448216805045324,0.28208962395397386,0.3169373888242832,0.05,256.032,0.6,1.0,2.0
2020-04-27,1731.9000244140625,1731.9000244140625,1711.9000244140625,1711.9000244140625,169,56.355235253410385,29.549896734152753,30.23075182967423,-0.6808550955214763,12.31864314157428,0.6291305865261834,1687.7661219670729,1642.260355322696,1,0.10685381891755186,-0.006730476116006634,0.006053155251473319,0.05419052815874692,0.27602725453413296,0.317033120594201,0.05,256.032,0.67,1.0,2.0
2020-04-28,1716.5999755859375,1716.5999755859375,1707.0999755859375,1710.5,1255,56.08985731572721,27.75070741903005,29.734742947545396,-1.9840355285153457,11.853661337996076,0.6047586424263961,1689.931253208304,1644.936419819845,1,1.5213965329130805,-0.0008178190280367925,0.01924684171607205,0.05456226880394577,0.2759655499540316,0.3170443290471293,0.05,256.032,0.62,1.0,2.0
2020-04-29,1710.0,1713.5,1702.0,1703.4000244140625,373,54.68350914193227,25.458458963926887,28.879486150821695,-3.4210271868948077,10.33008147443757,0.5449905712505474,1691.213993323138,1647.2291101960889,1,0.5329713510037865,-0.004150818816683666,-0.014635233107203938,0.075786281514304,0.2588918969947447,0.3170827757366402,0.05,256.032,0.63,1.0,2.0
2020-04-30,1719.300048828125,1719.300048828125,1680.800048828125,1684.199951171875,327,50.96226668007925,21.84078314686053,27.471745550029464,-5.630962403168933,8.17208706402502,0.3804249221998853,1690.545989308732,1648.6789470971,1,0.5375637021206642,-0.011271617334156159,-0.028327523379143904,0.06716512690378096,0.26329149994534623,0.3158636097059406,0.05,256.032,0.64,1.0,2.0
2020-05-01,1686.5999755859375,1701.5,1670.5,1694.5,337,52.817233208110274,19.579180254857192,25.89323249099501,-6.314052236137819,7.101337538414159,0.4193557452669363,1690.9225617555194,1650.4758511325078,1,0.6013025247568917,0.006115692392080874,-0.016826225703510334,0.04232026259121868,0.24457257194096907,0.31593653098475594,0.05,255.802,0.64,1.0,2.0
2020-05-04,1702.5999755859375,1709.0,1699.5999755859375,1706.9000244140625,320,55.0230218847638,18.573320332559206,24.42925005930785,-5.855929726748645,5.986906034192571,0.49002488909912945,1692.4442248658568,1652.688563810216,1,0.5879110784493846,0.007317807267077203,-0.0029207313094766763,0.0448063141519226,0.24508466470674994,0.3160977430561517,0.05,255.802,0.64,1.0,2.0
2020-05-05,1701.5,1704.4000244140625,1697.199951171875,1704.4000244140625,82,54.47012893282806,17.37416147226827,23.018232341899935,-5.6440708696316655,5.753168367571264,0.4502739994136819,1693.5828724418764,1654.7164642260532,1,0.16557294295810196,-0.0014646434848216705,-0.0035661944378471144,0.016338714617807115,0.22829560489962586,0.316149258228283,0.05,255.802,0.66,1.0,2.0
2020-05-06,1704.0,1704.0,1684.199951171875,1684.199951171875,469,50.09038607279606,14.62525154847799,21.339636183215546,-6.714384634737556,5.414614181752587,0.21858617446748357,1692.6892608923524,1655.8726794003992,1,1.0162513542795233,-0.01185172081250807,-0.011271617334156159,0.011652992416359975,0.23104606747513837,0.3172730441748669,0.05,255.802,0.72,1.0,2.0
2020-05-07,1686.199951171875,1721.800048828125,1685.5999755859375,1721.800048828125,853,57.01819047483953,15.304315648588272,20.132572076290092,-4.82825642770182,4.864679337333219,0.6046375157393771,1695.4617168862355,1658.4580664367807,1,1.8273350471293917,0.022325198163132498,0.022325198163132498,0.03386575212397136,0.243310332254317,0.31981065389759544,0.05,255.802,0.63,1.0,2.0
2020-05-08,1726.199951171875,1728.9000244140625,1703.800048828125,1709.9000244140625,330,54.44250363693827,14.712648074064873,19.048587275845048,-4.335939201780175,4.709061352001845,0.4768637052663529,1696.8367937936475,1660.4753981221643,1,0.7465218866644044,-0.006911385803573311,0.009088241023347488,-0.01514798266182471,0.19346664810856756,0.3202865376910268,0.05,255.802,0.69,1.0,2.0
2020-05-11,1702.300048828125,1704.5,1690.199951171875,1695.300048828125,749,51.37609732842167,12.916754935328527,17.822220807741743,-4.905465872413217,4.4337537767969915,0.3154012471163787,1696.6904371302644,1661.8410706988686,1,1.6842815381155836,-0.008538496624058811,-0.006795931466413552,-0.0283700129612251,0.19412886893272632,0.3208566472565713,0.05,255.802,0.73,2.0,2.0
2020-05-12,1699.300048828125,1713.0999755859375,1699.300048828125,1704.4000244140625,324,53.147420870419886,12.0884406433413,16.675464774861656,-4.587024131520355,3.6380025008909045,0.4633593710193103,1697.424683538245,1663.5100492759352,1,0.7585157438838815,0.005367766957965925,0.0,-0.029771690221157998,0.19338273101752645,0.3208843416958035,0.05,255.802,0.69,2.0,2.0
2020-05-13,1702.0,1721.300048828125,1701.9000244140625,1713.9000244140625,431,54.99081129644733,12.059551204965373,15.7522820608824,-3.692730855917027,3.4937948969618375,0.632372925134292,1698.9937636216562,1665.4861267323324,1,1.0345655304848775,0.005573808885191767,0.017634529214611394,-0.007700282036708472,0.1859268785051094,0.3203871818759903,0.05,255.802,0.64,1.0,2.0
2020-05-14,1724.300048828125,1743.0999755859375,1720.5,1738.0999755859375,672,59.37557887745388,13.829966682000304,15.367818985105982,-1.5378523031056783,3.7960409749923105,0.9815996160335618,1702.7181647611114,1668.33372864816,1,1.5200180954535172,0.01411981494086767,0.00946679422439689,0.010288276517493866,0.1921977364425122,0.3213977331548082,0.05,255.802,0.63,1.0,2.0
2020-05-15,1739.699951171875,1753.4000244140625,1739.699951171875,1753.4000244140625,719,61.90257200432928,16.279954592667536,15.550246106618294,0.7297084860492422,4.341867023783233,1.0830940951904084,1707.545008537583,1671.6696618154504,1,1.539944313557507,0.00880274382546209,0.025440083852215967,0.038006201218304,0.1807287994577339,0.32164124851853126,0.05,255.802,0.64,1.0,2.0
2020-05-18,1755.699951171875,1770.5,1731.800048828125,1731.800048828125,229,56.55414083633168,16.290859266902544,15.698368738675144,0.5924905282273993,4.447672350779719,0.7651494607048753,1709.8550123747775,1674.0277162081043,1,0.4840925906352394,-0.01231890913949063,0.021530112044313654,0.017748045178355376,0.18630277981214238,0.32113795254415184,0.05,255.802,0.73,2.0,2.0
2020-05-19,1744.199951171875,1749.5,1744.199951171875,1744.199951171875,167,58.75714889222442,17.102917996167662,15.97927859017365,1.1236394059940125,4.3547940468293485,0.8921336896694465,1713.125958926882,1676.7795685596247,1,0.3726846686007587,0.007160123567464316,0.023351282672912976,0.03932785241348191,0.17905080998611084,0.3197046882239713,0.05,255.802,0.7,1.0,2.0
2020-05-20,1751.5999755859375,1752.0999755859375,1745.5999755859375,1750.5999755859375,16,59.88770787217245,18.054784555019523,16.394379783142824,1.6604047718766992,4.67099535271511,0.931539824728137,1716.6949128944111,1679.6744864822253,1,0.0375366568914956,0.0036693180789062474,0.021413122497866643,0.012668493684642401,0.14649400008938446,0.3179943091825033,0.05,255.802,0.68,1.0,2.0
2020-05-21,1746.800048828125,1746.800048828125,1720.5,1720.5,528,52.58659901339962,16.193658768859677,16.354235580286197,-0.16057681142651958,4.588491264672404,0.5651761981254564,1717.0573021425625,1681.2754870123342,1,1.2320616030801539,-0.017194091172006765,-0.010125985750620736,-0.007384785361760682,0.15945238952184793,0.3200497619615438,0.05,255.802,0.68,2.0,2.0
2020-05-22,1726.5999755859375,1734.5999755859375,1726.5999755859375,1734.5999755859375,6,55.33366059265849,15.67575304275374,16.218539072779706,-0.5427860300259653,4.674295959163545,0.7328334593038088,1718.7280329466935,1683.3666434269853,1,0.014360938247965534,0.008195277876162477,-0.010722053476876936,0.006440368776291061,0.1609077693722355,0.3203996808264329,0.05,255.802,0.66,2.0,2.0
2020-05-26,1726.4000244140625,1726.4000244140625,1704.800048828125,1704.800048828125,39,48.88690312260583,12.714143253383781,15.517659908900521,-2.8035166555167397,4.705699772481059,0.3665921548744414,1717.4015582687346,1684.207169128991,1,0.09482129832239242,-0.017179711274783238,-0.015590714423567742,-0.004147424198073457,0.1711290538030686,0.3066655199308402,0.05,255.802,0.69,2.0,1.0
2020-05-27,1685.5999755859375,1710.300048828125,1685.5999755859375,1710.300048828125,137416,50.043744944491905,10.687649620648017,14.55165785125002,-3.8640082306020034,4.7063237040794705,0.43485294172654476,1716.7252240362955,1685.2304193132707,1,19.034400603932486,0.003226184797320286,-0.01943578906820498,-0.00011689632965505847,0.171538109386031,0.3047763529588664,0.05,255.802,0.68,2.0,1.0
2020-05-28,1709.300048828125,1727.800048828125,1705.0,1713.300048828125,23355,50.699194166379264,9.217460596474439,13.484818400294905,-4.267357803820467,4.662142864247966,0.4655650977597794,1716.3990168736125,1686.331189098167,1,2.7908394027567827,0.0017540781818112805,-0.021306938922655894,0.005811919849812108,0.1709220014273596,0.29847352983642783,0.05,255.802,0.7,2.0,1.0
2020-05-29,1718.800048828125,1738.300048828125,1715.0999755859375,1736.9000244140625,1526,55.6309778321877,9.843179947963336,12.756490709828592,-2.9133107618652563,4.440885345001696,0.7385849606791468,1718.3514937822267,1688.3142806791825,1,0.1810545299226425,0.013774572411924924,0.00953212694801664,0.03129086496263023,0.17142076643022916,0.29963871443222045,0.05,255.802,0.65,2.0,1.0
2020-06-01,1740.4000244140625,1747.0,1727.0999755859375,1737.800048828125,871,55.812519640864046,10.293039735602633,12.263800514983402,-1.9707607793807682,4.338708943467359,0.7269538671468934,1720.2037371199312,1690.2548990379646,1,0.10301474849499119,0.0005181785948595863,0.0018448479691155484,0.025553289364488085,0.17059583612983006,0.29814199466268093,0.08,257.042,0.66,2.0,1.0
2020-06-02,1743.0,1745.5,1721.800048828125,1725.199951171875,741,52.569602883357156,9.523058391680706,11.715652090322862,-2.192593698642156,4.276051957488879,0.5465873624968264,1720.67956702964,1691.6252932392945,1,0.08742176577809502,-0.007250602659809369,0.011966155419676827,0.010721147399417541,0.17160128404248054,0.2985587893329547,0.08,257.042,0.68,2.0,1.0
2020-06-03,1726.300048828125,1726.300048828125,1684.5,1697.800048828125,2755,46.27318744406368,6.625524577520309,10.697626587762352,-4.072102010242043,4.3614595199708805,0.1851359303787522,1718.5005652961624,1691.8674405172878,1,0.31998420404655165,-0.015882160398357326,-0.007308659090879854,-0.00387231605925753,0.1813378031935117,0.30045079077953624,0.08,257.042,0.77,2.0,1.0
2020-06-04,1694.5,1718.9000244140625,1694.5,1718.9000244140625,807,51.12763339411308,5.963061384363755,9.750713547082633,-3.787652162718878,3.886236190067188,0.4361623461652942,1718.5386090216766,1692.9275418465731,1,0.09354677918555182,0.012427833065796756,0.0032685317377816325,0.020603297855485092,0.1809850657248811,0.30080224022368957,0.08,257.042,0.82,2.0,1.0
2020-06-05,1711.800048828125,1711.800048828125,1668.5999755859375,1676.199951171875,1502,42.71615881068159,1.9698087506408228,8.19453258779427,-6.224723837153448,4.562660740015651,-0.06922896738675344,1714.506355893124,1692.2715578985458,1,0.17345813388150108,-0.02484151063802742,-0.034947361614934946,-0.02648396815140408,0.18568919546666265,0.3045509831939489,0.08,257.042,0.91,2.0,0.0
2020-06-08,1679.0999755859375,1699.4000244140625,1675.9000244140625,1698.300048828125,587,47.52782782702858,0.581714805053025,6.671969031246022,-6.090254226192997,4.676216183758034,0.22633739600181316,1712.9628980774098,1692.5079693075488,1,0.06768911439114392,0.013184642823070858,-0.02272988772594209,-0.00678400808252666,0.1912200955067917,0.2979233019364078,0.08,257.042,0.88,2.0,0.0
2020-06-09,1694.5999755859375,1720.9000244140625,1692.0,1714.699951171875,690,50.82854580317521,0.7958019029676962,5.496735605590357,-4.7009337026226605,4.493003415252775,0.4148528515153443,1713.1283317054542,1693.37824310615,1,0.07959349640387356,0.009656657759072873,-0.006086251041722779,0.011443344413963885,0.191728132505812,0.2806773050902844,0.08,257.042,0.84,2.0,0.0
2020-06-10,1716.0999755859375,1740.800048828125,1711.9000244140625,1713.300048828125,718,50.53631625991575,0.8427918707448043,4.565946858621246,-3.723154987876442,4.423642335464032,0.38931708975027657,1713.1446857171372,1694.1594903893647,1,0.08263559200115092,-0.0008164124241055726,0.009129461393700966,0.005221793174476241,0.19093528736516777,0.27701681014288204,0.08,257.042,0.75,2.0,0.0
2020-06-11,1737.199951171875,1744.0999755859375,1720.0,1732.0,347,54.31481464588162,2.3617369034175226,4.125104867580502,-1.7633679641629794,4.429780744891497,0.6227246574285509,1714.9404299345526,1695.643431942723,1,0.03995601384067108,0.010914580423122988,0.007621138751454204,0.010560695097793449,0.19378921288946352,0.27324662215190915,0.08,257.042,0.66,2.0,0.0
2020-06-12,1724.9000244140625,1743.0,1724.9000244140625,1729.300048828125,318,53.67725154292044,3.309498452018488,3.9619835844680993,-0.6524851324496113,4.370042085687726,0.5944057179219192,1716.3080126863215,1696.9632992715624,1,0.036691531525294654,-0.0015588632632073107,0.03167885646287383,-0.0050629577592887776,0.18717701737249756,0.26413477334053176,0.08,257.042,0.71,2.0,0.0
2020-06-15,1730.0,1730.0,1703.300048828125,1720.300048828125,188,51.506844928136594,3.296382873833636,3.828863442341207,-0.5324805685075709,4.045262944557955,0.49655223343806537,1716.6882066045885,1697.8784659208395,1,0.021758503755656633,-0.005204417825639296,0.012954130228743033,-0.01887759502969011,0.18480750869554421,0.26460206384601836,0.08,257.042,0.71,2.0,0.0
2020-06-16,1726.300048828125,1729.5999755859375,1722.4000244140625,1729.5999755859375,22,53.5948829775349,3.9904160183425574,3.861173957541477,0.12924206080108025,4.03047892091631,0.6322433965589926,1717.9178988885265,1699.1224466920198,1,0.0025492615832073185,0.005405991102626295,0.008689581173592087,-0.0012703968011066324,0.18094557306753653,0.2646578752592945,0.08,257.042,0.75,2.0,0.0
2020-06-17,1714.699951171875,1729.199951171875,1714.699951171875,1729.199951171875,51,53.48819694166911,4.456788574105303,3.9802968808542425,0.4764916932510608,3.8611022759420264,0.6433756074053221,1718.9923800583692,1700.301956671622,1,0.005913626270415056,-0.00023128146375406278,0.009280278929908015,-0.008599931441301778,0.17893708345859047,0.24160492511052606,0.08,257.042,0.74,2.0,0.0
2020-06-18,1730.5,1734.0999755859375,1717.300048828125,1724.800048828125,110,52.25605124853204,4.420401203488382,4.06831774538107,0.35208345810731156,3.510157917404556,0.6062703105335067,1719.5454913697745,1701.2626661679556,1,0.012747932806805078,-0.00254447285912085,-0.0041570156881495235,-0.014737762548624023,0.1784094420165268,0.21149584297538043,0.08,257.042,0.71,2.0,0.0
2020-06-19,1723.699951171875,1750.699951171875,1723.5,1745.9000244140625,1329,57.33213329866271,6.024706572926107,4.459595510890078,1.5651110620360287,3.775053598920322,0.9042018122973947,1722.0554468978019,1703.0131508050579,1,0.15330664790227133,0.012233287910835555,0.009599245427181158,0.01476316443711867,0.17264117915305519,0.20956294537369996,0.08,257.042,0.7,2.0,0.0
2020-06-22,1755.199951171875,1767.5999755859375,1750.5,1756.699951171875,1356,59.69424740785388,8.074515973274856,5.182579603367034,2.891936369907822,4.155768751559511,1.0025091119285499,1725.3549234953327,1705.1185155253252,1,0.15521267341238956,0.006185879263869598,0.021159042789393512,0.012740675600708684,0.17164489019687165,0.20885376873125522,0.08,257.042,0.71,2.0,1.0
2020-06-23,1755.4000244140625,1776.300048828125,1754.199951171875,1772.0999755859375,666,62.85228524202432,10.81696669919097,6.309457022531822,4.507509676659149,4.795809292212424,1.0801462397622426,1729.8068332182474,1707.745239449271,1,0.07596019503293319,0.00876645121085673,0.02457215575850258,0.03947672737578478,0.16000540647739067,0.20636657062963465,0.08,257.042,0.72,2.0,1.0
2020-06-24,1778.300048828125,1783.0999755859375,1764.5,1765.800048828125,961,60.755123266553426,12.339781894664839,7.515521996958426,4.824259897706413,5.163109565150513,0.9362288732875158,1733.2347585144262,1710.0218986405985,1,0.49408740359897174,-0.0035550628320105693,0.021165914116205053,0.03245044636350669,0.16109044652984245,0.2065545937479802,0.08,257.042,0.69,2.0,1.0
2020-06-25,1761.699951171875,1764.800048828125,1759.800048828125,1762.0999755859375,207,59.4994310034473,13.097083890093472,8.631834375585436,4.465249514508036,5.392808507651278,0.8512210518974971,1735.9838268069511,1712.0641761678667,1,0.2628237684103606,-0.002095408959039924,0.021625652656465988,0.028483000856266205,0.1616199218581892,0.19976360204897262,0.08,257.042,0.68,2.0,1.0
2020-06-26,1766.0,1772.5,1764.699951171875,1772.5,640,61.88403337369728,14.370788724213753,9.7796252453111,4.5911634789026525,5.8028150925553765,0.911880072937747,1739.4615575872415,1714.4342084750092,1,0.8610251580788376,0.005902062628770022,0.015235680860285594,0.02049627214320937,0.15603872467986776,0.19965351756148292,0.08,257.042,0.64,2.0,1.0
2020-06-29,1779.800048828125,1780.199951171875,1774.300048828125,1774.800048828125,584,62.411143477978705,15.388415623569244,10.90138332096273,4.487032302606515,6.1952439329718905,0.8895701594239983,1742.8271281816114,1716.8014963319943,1,0.8011523424103162,0.0012976298043019252,0.010303465679597501,0.02129128723695839,0.15603035078640454,0.19111364070041698,0.08,257.042,0.64,2.0,2.0
2020-06-30,1777.300048828125,1793.199951171875,1774.4000244140625,1793.0,986,66.37382951207665,17.462183052745786,12.213543267319341,5.248639785426445,6.857212739707077,0.9756595171800627,1747.60549692622,1719.789672946426,1,1.3302752293577982,0.010254648789249421,0.011793930761243798,0.03929982074371763,0.1559892320392643,0.19182793905366902,0.08,257.042,0.66,2.0,2.0
2020-07-01,1793.5999755859375,1798.0,1765.800048828125,1773.199951171875,331,59.07706720982484,17.308439302389843,13.232522474333443,4.0759168280564,6.761821326100795,0.7810096303332452,1750.0430639972349,1721.8841936611495,1,0.5338709677419354,-0.01104297201791693,0.004190679657450902,0.04441035467974763,0.1493381754219351,0.18653854534026723,0.09,258.352,0.69,2.0,2.0
2020-07-02,1773.4000244140625,1784.0,1768.699951171875,1784.0,215,61.559440903299254,17.852279982247637,14.156473975916283,3.6958060063313543,6.990818734697421,0.8332041261745351,1753.2770579022601,1724.3201076352223,1,0.364159891598916,0.0060907112144839015,0.012428366561199278,0.037873043610042956,0.14526981135577766,0.18603084471249628,0.09,258.352,0.68,2.0,2.0
2020-07-06,1788.199951171875,1790.0999755859375,1788.199951171875,1788.5,172,62.57802888408866,18.433895557837104,15.011958292300449,3.4219372655366556,6.35802799116114,0.8551637040608323,1756.6316238163306,1726.8369661593313,1,0.3283069288032067,0.002522421524663754,0.009026798307475215,0.066996809509279,0.10451017822505727,0.1860441900730605,0.09,258.352,0.69,2.0,2.0
2020-07-07,1789.300048828125,1804.199951171875,1783.300048828125,1804.199951171875,751,65.9663733366603,19.931922150054334,15.995951063851226,3.935971086203107,6.321333608455121,0.94997413051977,1761.161940707335,1729.8708087088428,1,1.4113888366848337,0.008778278541724971,0.016565191308825167,0.06235641482600429,0.10011104710684252,0.1667099677125572,0.09,258.352,0.65,2.0,2.0
2020-07-08,1801.5,1817.9000244140625,1801.5,1815.5,209,68.1982904527353,21.779873692638375,17.152735589608657,4.6271381030297185,6.636636287171044,0.9809825112279652,1766.336993973303,1733.228816210457,1,0.41137683298887906,0.006263190962168652,0.012548800892359102,0.05878582358344109,0.09786155353624942,0.16687477708332943,0.09,258.352,0.67,2.0,2.0
2020-07-09,1816.0999755859375,1819.800048828125,1799.199951171875,1799.199951171875,396,61.89300609355595,21.67920649107873,18.058029769902674,3.621176721176056,6.443320451398003,0.8129707907562076,1769.466799420786,1735.8159195422772,1,0.804959853643663,-0.008978269803428862,0.014662757002004811,0.05013710377379854,0.10594172113971903,0.16753779208926264,0.09,258.352,0.62,2.0,2.0
2020-07-10,1805.5,1805.5,1797.699951171875,1798.199951171875,236,61.517234651142125,21.273507612465664,18.701125338415274,2.5723822740503905,6.4262363438454955,0.7752575046638326,1772.2032900637469,1738.2623521552027,1,0.48519736842105265,-0.0005558025940077815,0.007959613885580197,0.0382216808151703,0.10158185178624828,0.16361653453926314,0.09,258.352,0.65,2.0,2.0
2020-07-13,1805.0,1811.0,1805.0,1811.0,164,64.48916981482361,21.73430574670806,19.30776142007383,2.426544326634229,6.4490873444485,0.8499532674646483,1775.8982148195805,1741.1148089334301,1,0.3425945268435346,0.007118256687629998,0.012580374615599688,0.04724452024808512,0.10234127749760233,0.1638499806272453,0.09,258.352,0.64,2.0,2.0
2020-07-14,1791.0,1811.5,1791.0,1810.5999755859375,339,64.3219868343109,21.815734750514594,19.809356086161984,2.00637866435261,6.147162593595038,0.8211762504508228,1779.2031444163765,1743.839717429607,1,0.6971722365038561,-0.00022088592714664124,0.003547292200016594,0.052490800555010875,0.09894821048522512,0.15893701420049947,0.09,258.352,0.63,2.0,2.0
2020-07-15,1806.0999755859375,1813.5,1806.0999755859375,1811.4000244140625,167,64.52009501263174,21.694741600178986,20.186433188965385,1.5083084112136014,5.8893283330478,0.8030767397587911,1782.2695139399657,1746.4891412329189,1,0.3383991894630192,0.00044186945703783564,-0.0022583175907119335,0.04729420096136017,0.09862766123800365,0.15842306824581245,0.09,258.352,0.64,2.0,2.0
2020-07-16,1810.9000244140625,1810.9000244140625,1794.300048828125,1798.699951171875,146,58.9265495730802,20.339601618628194,20.21706687489795,0.12253474373024531,5.334391022944128,0.6639011543058321,1783.834317485862,1748.5366239756231,1,0.29302558956347213,-0.007011191934976124,-0.00027790129700389077,0.04019199743378432,0.10377678236416654,0.15628943193384415,0.09,258.352,0.62,2.0,2.0
2020-07-17,1798.5,1810.0999755859375,1798.5,1808.300048828125,24,61.63418803624365,19.811911684081224,20.136035836734607,-0.3241241526533827,4.530337202437538,0.7595411609335159,1786.164387137506,1750.8802876953291,1,0.048587913756453084,0.005337242406658893,0.005616782299247447,0.048411408648052934,0.10298981671119373,0.14488296489679564,0.09,258.352,0.64,2.0,2.0
2020-07-20,1807.0,1817.300048828125,1807.0,1815.9000244140625,89,63.67568238052005,19.778968486558597,20.064622366699407,-0.28565388014080995,4.195557746014179,0.8342724647165085,1788.9963525924163,1753.4300812921422,1,0.20604236601458503,0.004202828834110051,0.002705700946473044,0.04009393379984205,0.096626577785688,0.14500352657516982,0.09,258.352,0.62,2.0,2.0
2020-07-21,1822.0,1842.4000244140625,1822.0,1842.4000244140625,117,69.72499897132138,21.64171705275521,20.38004130391057,1.2616757488446417,4.509644091635502,1.0846731061851367,1794.0824165754302,1756.9190986694725,1,0.3162162162162162,0.014593314413633873,0.017563265910149006,0.048784696091679125,0.10552935944195624,0.1470465495572379,0.09,258.352,0.61,2.0,2.0
2020-07-22,1858.0999755859375,1867.0,1854.699951171875,1864.0999755859375,213,73.60185618458014,24.585556426845187,21.221144328497495,3.3644120983476924,5.44560180584472,1.1574295823208403,1800.7507555288119,1761.1222703132555,1,0.6132143371239384,0.011778088842989476,0.029093491477081068,0.05191580682098973,0.10839870357130639,0.1476952392615404,0.09,258.352,0.6,2.0,2.0
2020-07-23,1868.699951171875,1890.300048828125,1868.5,1889.0999755859375,133,77.22093088355153,28.606107999971528,22.698137062792302,5.9079709371792255,6.662841643530595,1.1920298825032212,1809.1649669628239,1766.1410038533606,1,0.4347115541755189,0.0134112978528107,0.05025853497975907,0.06982666403234083,0.11231023561798614,0.1496107223327028,0.09,258.352,0.59,1.0,2.0
2020-07-24,1884.300048828125,1897.300048828125,1884.300048828125,1897.300048828125,474,78.27309717663759,32.08425415778106,24.575360481790057,7.508893675991004,7.586201760488175,1.1160048858417493,1817.5587842833288,1771.2844958131554,1,1.4844973379267146,0.004340730161538575,0.049217495767738706,0.07672667562306179,0.1104586558811935,0.14921263995809755,0.09,258.352,0.59,1.0,2.0
2020-07-27,1901.699951171875,1938.0,1901.5,1931.0,364,81.96084225608,37.13198011099735,27.086684407631516,10.04529570336583,9.163993139146616,1.1622218042025834,1828.3627095896784,1777.547848918522,1,1.1914893617021276,0.017762056767294032,0.06338453331045968,0.08942172073342736,0.12088299622019077,0.15011896972509578,0.09,258.352,0.62,1.0,2.0
2020-07-28,1931.5,1944.699951171875,1928.5999755859375,1944.699951171875,825,83.20858431459439,41.756468286219615,30.020641183349138,11.735827102870477,10.565386485160328,1.0986517426918203,1839.442446883221,1784.1028333206143,1,2.598016060462919,0.007094744263011377,0.055525361160558395,0.09572903857870219,0.1207287085334294,0.15023781103101488,0.09,258.352,0.59,1.0,2.0
2020-07-29,1953.199951171875,1953.5,1952.5999755859375,1953.5,209835,83.97532504313884,45.60578379114486,33.137669704908284,12.468114086236575,11.885355844227982,1.0333914167082774,1850.3050709895808,1790.745859464904,1,19.50139405204461,0.004525144777641543,0.04795881421862136,0.0895147796988287,0.11888396289537617,0.14995096606693192,0.09,258.352,0.58,1.0,2.0
2020-07-30,1963.4000244140625,1965.0999755859375,1930.0,1942.300048828125,28853,79.02920594888495,47.20846184207744,35.951828132342115,11.256633709735326,12.371901924442085,0.9239832405931708,1859.0664974503945,1796.6891610085597,1,2.3676976227012743,-0.005733274211351391,0.028161597548952644,0.09536437080572613,0.11094388989841812,0.1506596211662541,0.09,258.352,0.55,1.0,2.0
2020-07-31,1948.5999755859375,1981.0999755859375,1948.0,1962.800048828125,2914,81.21066335892036,49.561460749878506,38.67375465584939,10.887706094029113,13.08002320390454,0.9467546808670247,1868.9458832958926,1803.203313472072,1,0.2365058172801831,0.010554496980200723,0.03452274195663274,0.10022424261666196,0.11284381314300843,0.14869138627967482,0.09,258.352,0.55,1.0,2.0
2020-08-03,1984.300048828125,1984.300048828125,1955.5,1966.0,683,81.53357877198866,51.09544220132648,41.15809216494481,9.937350036381666,13.582846565402534,0.905744139035711,1878.1891325058075,1809.5874972574811,1,0.055318873212058375,0.0016302991095733521,0.018125323666493998,0.09924517752306405,0.11312382822401272,0.14301802948296907,0.1,259.316,0.56,1.0,2.0
2020-08-04,1971.0,2016.199951171875,1968.800048828125,2001.199951171875,2010,84.65724170195264,54.522968592082634,43.83106745037238,10.691901141710254,14.612304599396417,0.9677910590891377,1889.9044485692425,1817.101711136477,1,0.1619720296062307,0.01790434952791209,0.02905332514969894,0.10918967150622261,0.12155919741084863,0.14520457815732143,0.1,259.316,0.52,1.0,2.0
2020-08-05,2024.0,2050.199951171875,2011.0,2031.0999755859375,1422,86.71320691816571,58.972195277790206,46.85929301585595,12.11290226193426,15.955460331119994,0.9895683269821832,1903.3516416184516,1825.4937999384167,1,0.11403185193501307,0.014941047943037189,0.03972356057636928,0.11875515041913376,0.12628393004634958,0.14541837918765216,0.1,259.316,0.55,0.0,2.0
2020-08-06,2045.5,2063.0,2040.0,2051.5,294,87.90415382838734,63.413361206713944,50.17010665402755,13.243254552686395,17.046894360238063,0.9792552272694669,1917.461009083361,1834.356788176126,1,0.02358585169794065,0.010043830761298445,0.056221978286908,0.1402290216069615,0.11456015434765142,0.14604709857873663,0.1,259.316,0.55,0.0,2.0
2020-08-07,2040.0999755859375,2055.0,2009.5999755859375,2010.0999755859375,808,73.50481329512404,62.86768172532766,52.709621668287575,10.158060057040082,17.01523927990205,0.8172512448553736,1926.283767797892,1841.2486778784717,1,0.06467259498787388,-0.02018036773778331,0.024098189107979895,0.11784007906126837,0.14772662080577542,0.1536546792938083,0.1,259.316,0.57,0.0,2.0
2020-08-10,2026.4000244140625,2043.800048828125,2017.5,2024.4000244140625,233,75.02652964934924,62.864458884600936,54.74058911155025,8.123869773050686,17.063030403783316,0.8256955330080168,1935.6281731899082,1848.4310836249654,1,0.01864425088920274,0.007114098304466854,0.029704997158729762,0.11783546350859342,0.14772605689551077,0.1521138975766304,0.1,259.316,0.59,0.0,2.0
2020-08-11,2012.4000244140625,2016.0,1904.0,1932.5999755859375,971,53.703131722353056,54.82244895888675,54.75696108101755,0.0654878778692023,16.227160833262733,0.5278028228359078,1935.3397734181015,1851.73182448618,1,0.07750174598423626,-0.045346792986082574,-0.034279420977282316,0.06738097958966272,0.23621024821124906,0.18163183583957104,0.1,259.316,0.64,0.0,2.0
2020-08-12,1923.0,1946.5999755859375,1871.5999755859375,1934.9000244140625,404,54.0554654640882,48.080451357121774,53.4216591362384,-5.341207779116623,15.266657381039133,0.5163069538917396,1935.297892560574,1854.9933225225675,1,0.03221536449611661,0.0011901318727005616,-0.047363474141209116,0.06817930790298443,0.23610680688183858,0.1792723331800604,0.1,259.316,0.69,0.0,2.0
2020-08-13,1921.5,1957.4000244140625,1916.9000244140625,1956.699951171875,71,57.367154879660355,43.989359628645616,51.53519923471984,-7.5458396060742245,13.901415797705472,0.5694296321824585,1937.3361838568883,1858.981817763717,1,0.00566330457810375,0.011266694135483313,-0.046210113979100687,0.08784122104248748,0.23438962314600348,0.1799773965517184,0.1,259.316,0.71,0.0,2.0
2020-08-14,1938.699951171875,1947.4000244140625,1937.0,1937.0,201,53.60678711199442,38.711279011386296,48.97041519005313,-10.259136178666836,12.435037214634436,0.4692709354090752,1937.3041663467084,1862.0413543220025,1,0.016021425667758674,-0.010067946881726408,-0.03636633822883817,0.07117178991134754,0.23976450032727722,0.18161486865161988,0.1,259.316,0.71,0.0,2.0
2020-08-17,1949.5999755859375,1985.0,1949.5999755859375,1985.0,97,60.41533845558476,37.96393631682281,46.76911941540707,-8.805183098584259,10.913029920628373,0.6506905244439157,1941.846626694641,1866.8632619956495,1,0.007731486278604507,0.0247805885389778,-0.01946256863213902,0.09312185324767586,0.2511541480998154,0.18311604864177072,0.1,259.316,0.69,0.0,2.0
2020-08-18,2001.0999755859375,2002.800048828125,1972.0999755859375,1999.4000244140625,92,62.20724554280836,38.09449385904918,45.0341943041355,-6.9397004450863164,9.730303029891136,0.7026623385695698,1947.3279026679193,1872.0607820904893,1,0.007333686732005564,0.007254420359729119,0.034564860639549666,0.08521493590944273,0.24861579823578642,0.1830001689941517,0.1,259.316,0.67,0.0,2.0
2020-08-19,1980.0,1980.0,1938.699951171875,1958.699951171875,347,54.67394020708372,34.51592775618542,42.93054099454548,-8.414613238360062,8.600397026037562,0.4599790967319381,1948.4109549063912,1875.4583965642692,1,0.027645987945711884,-0.020356143215570333,0.012300339272061311,0.050748337978064884,0.26155521403825144,0.18460161827878174,0.1,259.316,0.68,1.0,2.0
2020-08-20,1941.199951171875,1948.300048828125,1922.300048828125,1933.800048828125,106,50.63400831434728,29.332546972888395,40.21094219021407,-10.878395217325675,7.975895139084564,0.2839965183049955,1947.0194400417945,1877.746304496185,1,0.008446080540549154,-0.012712463860966805,-0.011703328520060063,0.02366210037577443,0.263610591848738,0.18716535593114886,0.1,259.316,0.65,1.0,2.0
2020-08-21,1941.0,1945.0,1908.9000244140625,1934.5999755859375,184,50.75988635682225,25.001031434200286,37.16896003901132,-12.167928604811031,7.442410551589009,0.26146624252531725,1945.8366339031415,1879.975860225195,1,0.014678079405218694,0.00041365536126503066,-0.0012390420310079975,0.019659477045210094,0.26335400428686623,0.18719446594107556,0.1,259.316,0.64,1.0,2.0
2020-08-24,1930.199951171875,1940.0,1922.199951171875,1927.699951171875,85,49.58536553474573,20.77205256676507,33.88957854456207,-13.117525977797001,7.479645984126951,0.21691195789938658,1944.109330785878,1881.8473932034963,1,0.00678818855191966,-0.00356664142517249,-0.028866523339105776,-0.001708984375,0.2562475418508542,0.1859411876860439,0.1,259.316,0.65,1.0,2.0
2020-08-25,1927.5,1928.5,1911.800048828125,1911.800048828125,176,46.892750307315026,15.953663209395472,30.30239547752875,-14.34873226813328,7.843539989312057,0.1374604659787433,1941.032256313711,1883.0220071495603,1,0.014092062805761732,-0.008248120945422155,-0.043813131197499744,-0.01691772672896119,0.25635637375369863,0.18705893156733713,0.1,259.316,0.69,1.0,2.0
2020-08-26,1909.699951171875,1950.800048828125,1909.699951171875,1940.699951171875,287,51.99534138828033,14.30216901996755,27.102350186016512,-12.800181166048962,7.914380384401795,0.33033014500792846,1941.0006082049647,1885.283887307298,1,0.14265122521000048,0.015116592533547024,-0.009189768953244082,-0.006552366945546506,0.2619126252241247,0.18811774297810352,0.1,259.316,0.69,1.0,2.0
2020-08-27,1948.9000244140625,1972.5,1921.5999755859375,1921.5999755859375,2303,48.6672525946337,11.32163085877437,23.946206320568084,-12.624575461793714,8.10382919229455,0.22082695530154858,1939.1529289079144,1886.7080476319506,1,3.364991233196961,-0.00984179732390067,-0.006308859723930915,-0.010657505391443944,0.26345722897047397,0.18602729556592745,0.1,259.316,0.74,1.0,2.0
2020-08-28,1927.0999755859375,1971.300048828125,1922.5,1964.5999755859375,778,55.56319496767305,12.28762938366549,21.614490933187568,-9.326861549522079,8.10234352949164,0.4901446591041879,1941.5764571629643,1889.762633041911,1,1.3469529085872576,0.022377185962904944,0.015507081762943686,0.0009170199271633095,0.2729816787454036,0.1893864114393436,0.1,259.316,0.74,1.0,1.0
2020-08-31,1970.0,1971.300048828125,1953.300048828125,1967.5999755859375,158,56.00723067814096,13.143752109620891,19.920343168474233,-6.776591058853342,8.10225496715455,0.5084739364522223,1944.0548874889616,1892.815077847559,1,0.2865693298267888,0.0015270284217046015,0.02069825461675534,0.0008138227802327869,0.27297399303999126,0.18059958380407684,0.1,259.316,0.72,0.0,2.0
2020-09-01,1961.699951171875,1986.300048828125,1961.699951171875,1968.199951171875,186,56.10170629139408,13.712578484565256,18.67879023169244,-4.966211747127183,7.944812026140642,0.5230643021904997,1946.3544173635248,1895.771347389689,1,0.40421601651635336,0.0003049276242030885,0.0295009419935528,-0.016490106338787225,0.26487035680019083,0.1793435254596481,0.09,259.997,0.68,0.0,2.0
2020-09-02,1967.300048828125,1967.300048828125,1934.4000244140625,1934.4000244140625,71,49.63486599373397,11.305681020043266,17.204168389362607,-5.898487369319341,7.426058783884583,0.3257102272447877,1945.2159037492904,1897.2861974690763,1,0.18084564442180334,-0.017173014732414726,-0.0032462136941923125,-0.047609646169179176,0.26424271779884284,0.18320790989655578,0.09,259.997,0.66,1.0,2.0
2020-09-03,1937.0999755859375,1938.800048828125,1923.0,1927.5999755859375,179,48.42546364248227,8.74864143596551,15.51306299868319,-6.764421562717679,6.198084157902008,0.2855205287125177,1943.5381963051616,1898.4749730815024,1,0.46271164534057124,-0.003515327100031884,0.003122398041335517,-0.060394844949579585,0.2601316885315665,0.18346978331323247,0.09,259.997,0.63,1.0,2.0
2020-09-04,1927.9000244140625,1939.699951171875,1917.699951171875,1923.9000244140625,607,47.743800849382225,6.350410426912049,13.680532484328962,-7.330122057416913,5.738397857863455,0.273280821076567,1941.667894220295,1899.4720339180735,1,1.6109341825902335,-0.0019194600636733838,-0.02071666073381495,-0.042883414864351654,0.252001146998252,0.182692014081514,0.09,259.997,0.72,1.0,2.0
2020-09-08,1930.9000244140625,1937.9000244140625,1903.0999755859375,1933.0,271,49.622100074749376,5.125009136909057,11.969427814844982,-6.844418677935925,4.5624923664503125,0.36824666450171806,1940.8423804850288,1900.7868561173648,1,0.7156060205967785,0.004729962820551936,-0.017584862784740474,-0.04514919151935748,0.25098186568099823,0.18265909213985387,0.09,259.997,0.69,1.0,2.0
2020-09-09,1926.9000244140625,1946.199951171875,1924.5999755859375,1944.699951171875,219,52.01047193534236,5.039861676835017,10.58351458724299,-5.543652910407973,4.525362383353925,0.49324063723113704,1941.2097681694904,1902.5089382763651,1,0.6420404573438874,0.006052742458290128,-0.011939843808048023,0.0062609829963746755,0.19052739736419969,0.18225304758792626,0.09,259.997,0.71,1.0,2.0
2020-09-10,1944.0999755859375,1962.699951171875,1944.0999755859375,1954.199951171875,722,53.92072862396731,5.6735511405738634,9.601521897909164,-3.9279707573353004,4.512043217640499,0.5904158414433593,1942.4469284554318,1904.536036821287,1,2.022408963585434,0.004885072370303334,0.010235694017740604,0.009974637714760926,0.19119990428747674,0.1822154760258454,0.09,259.997,0.68,1.0,2.0
2020-09-11,1944.0,1949.5,1937.800048828125,1937.800048828125,73,50.205393722673946,4.7971213181831445,8.64064178196396,-3.8435204637808162,4.501271973609698,0.4141776482945894,1942.0043684909265,1905.840507880379,1,0.20442453094371324,-0.008392131180801399,0.005291592327960615,-0.009659070279237625,0.18930774815132523,0.1834210834630627,0.09,259.997,0.67,1.0,2.0
2020-09-14,1946.300048828125,1953.0999755859375,1943.0,1953.0999755859375,55,53.42933711807283,5.276298705045292,7.967773166580227,-2.691474461534935,4.494362086722863,0.579802576921472,1943.0610929761656,1907.6938203394204,1,0.15723270440251572,0.00789551366100194,0.015177478455913107,0.008311809801722969,0.18792746140641325,0.18358428097617183,0.09,259.997,0.68,1.0,2.0
2020-09-15,1955.800048828125,1968.5,1955.800048828125,1956.300048828125,74,54.098736026785325,5.846870321421875,7.543592597548557,-1.6967222761266818,4.142881719465478,0.6441682287250087,1944.3219459144475,1909.5999469468206,1,0.21224723935178547,0.0016384584927493506,0.012053827640002623,-0.014458413688602012,0.1652567407079222,0.1823773736584633,0.09,259.997,0.68,1.0,2.0
2020-09-16,1961.300048828125,1961.4000244140625,1956.699951171875,1960.199951171875,124,54.9486191098572,6.538371685646325,7.342548415168111,-0.8041767295217861,3.346606718682173,0.7687820546385755,1945.8341368913455,1911.5842608379994,1,0.35403283369022126,0.0019935093014418204,0.007970381235758106,-0.01960591815721091,0.162941980680476,0.1821604043005676,0.09,259.997,0.69,0.0,2.0
2020-09-17,1939.0,1946.0,1933.699951171875,1940.0,67,49.80478578962221,5.39424278424076,6.952887288982642,-1.5586445047418822,3.2630912221889727,0.4717499520945591,1945.2785048064554,1912.6986035502348,1,0.19925650557620816,-0.010305046258060946,-0.007266375768436473,-0.009547123928137613,0.1502074996004901,0.18326821925588616,0.09,259.997,0.69,0.0,2.0
2020-09-18,1950.5,1952.0999755859375,1949.0,1952.0999755859375,38,52.66334087596726,5.401612862254524,6.642632403637019,-1.241019541382495,3.269898961316874,0.647895543709812,1945.9281686902157,1914.2437553947723,1,0.11416554003304791,0.006237100817493513,0.007379464546128034,0.009463194899029137,0.14458997659375275,0.18320848877410822,0.09,259.997,0.7,0.0,2.0
2020-09-21,1946.199951171875,1946.199951171875,1883.4000244140625,1901.199951171875,52,41.863092541112984,1.2854294902060701,5.57119182095083,-4.28576233074476,3.756403058572724,-0.04633578210220642,1941.6683384503738,1913.7322336605412,1,0.15938697318007664,-0.026074496721810836,-0.026573152968522362,-0.017264563649106113,0.1732625687026574,0.19191988659399248,0.09,259.997,0.68,1.0,1.0
2020-09-22,1913.0999755859375,1913.0999755859375,1898.5999755859375,1898.5999755859375,331,41.39608853648278,-2.161554731105525,4.024642510539559,-6.186197241645084,4.18245002575129,-0.005165421835913485,1937.5665896061416,1913.1388117752626,1,0.9776990104858957,-0.0013675445259373475,-0.029494490518850336,-0.01509569763087204,0.1729830357394929,0.19174995799487807,0.09,259.997,0.68,1.0,1.0
2020-09-23,1875.5,1875.5,1859.9000244140625,1859.9000244140625,5,35.11655932270304,-7.924725884236068,1.634768831584434,-9.559494715820502,5.398566870130457,-0.23716535664092714,1930.1697738735627,1911.0510161924706,1,0.015151515151515152,-0.020383414973937142,-0.05116821204788302,-0.027147203205625803,0.1851742617794483,0.1968563296519066,0.09,259.997,0.68,1.0,1.0
2020-09-24,1851.5,1868.300048828125,1851.5,1868.300048828125,365,37.33845513549012,-11.679633234607081,-1.0281115816538688,-10.651521652953212,6.225763774173675,-0.04055582902841852,1924.2774191073306,1909.3745076683786,1,1.0931416591793952,0.004516384915210114,-0.03695873771746139,-0.03730607727383717,0.17640003780465796,0.19603630330278957,0.09,259.997,0.67,2.0,1.0
2020-09-25,1856.300048828125,1857.699951171875,1856.300048828125,1857.699951171875,4,35.67808338295396,-15.334002815201302,-3.8892898283633555,-11.444712986837946,7.102592997456412,-0.028622933586526872,1917.9367078753824,1907.3480544724373,1,0.018269011189769355,-0.005673659144257326,-0.04835819148336784,-0.03325355184529388,0.17449652870553728,0.19495650059434788,0.09,259.997,0.66,2.0,1.0
2020-09-28,1872.800048828125,1872.800048828125,1872.800048828125,1872.800048828125,10455,39.78581779646242,-16.817800219838546,-6.474991906658394,-10.342808313180152,7.370353460257206,0.12810611004340838,1913.6379784423102,1905.99323072168,1,14.876209447922596,0.00812838351356171,-0.014937882954522808,-0.0467270324231952,0.15512048410103368,0.1952351686077549,0.09,259.997,0.67,1.0,2.0
2020-09-29,1876.5,1895.4000244140625,1872.4000244140625,1894.300048828125,3283,45.156302610358544,-16.073563995895256,-8.394706324505767,-7.678857671389489,7.227906140277043,0.3012086228904999,1911.7962708600069,1905.5346745689917,1,3.821663465456027,0.01148013639440748,-0.002264788166599141,-0.03725347004844537,0.16224184581207077,0.19641545027980994,0.09,259.997,0.66,1.0,2.0
2020-09-30,1893.0,1899.699951171875,1879.800048828125,1887.5,600,43.82494616116916,-15.849752456349506,-9.885715550874515,-5.964036905474991,7.04777165760134,0.2752423424118362,1909.4823403019109,1904.8274324290312,1,0.6820119352088662,-0.003589742201786761,0.01483949417906616,-0.04100190690677841,0.16213014945899878,0.19595435787769316,0.09,259.997,0.69,1.0,2.0
2020-10-01,1884.0999755859375,1909.5999755859375,1882.5,1908.4000244140625,730,48.81953397566047,-13.826539160639413,-10.673880272827496,-3.152658887811917,7.0189909829019115,0.4391934579557783,1909.3792625983062,1904.9675340755032,1,0.7998246959570505,0.011072860616721858,0.02146334878655587,-0.01344086004541667,0.1579738922468176,0.19676708869293288,0.09,260.319,0.68,1.0,2.0
2020-10-02,1893.9000244140625,1913.0,1893.9000244140625,1900.199951171875,530,47.05191332884992,-12.737970037615014,-11.086698225785,-1.6512718118300143,7.040964973915988,0.38869018770679176,1908.5050424624555,1904.7805700400668,1,0.5697393173877989,-0.004296831449006722,0.02287775266032077,-0.014214580183180225,0.15818569541919378,0.19599491292059834,0.09,260.319,0.7,1.0,2.0
2020-10-05,1898.9000244140625,1915.5999755859375,1884.699951171875,1912.5,1360,49.97763777464582,-10.758739963057678,-11.021106573239535,0.26236661018185714,7.031483197918524,0.4841043255430531,1908.8855146088883,1905.0832927835936,1,1.4051038330406034,0.006473028704447437,0.02119817926997425,-0.00592547651613784,0.16011997613938084,0.19629698406574542,0.09,260.319,0.78,1.0,2.0
2020-10-06,1906.5999755859375,1918.0,1874.4000244140625,1901.0999755859375,968,47.36531288002911,-9.994858063451602,-10.81585687128195,0.8209988078303478,7.005491154606304,0.4108701675075069,1908.1440347019407,1904.9270842660385,1,0.9653453004238345,-0.005960797079248348,0.0035896777609329966,-0.01650285794829931,0.160177845305662,0.1963996204023162,0.09,260.319,0.76,1.0,2.0
2020-10-07,1874.0999755859375,1889.800048828125,1873.0999755859375,1883.5999755859375,50,43.59797371975081,-10.678484973293507,-10.788382491684262,0.10989751839075446,6.9662460785206965,0.30166021983987035,1905.8065052623213,1904.0907270628973,1,0.05028663381273258,-0.009205197109429464,-0.002066238100165596,-0.031418716059060214,0.16067385351644572,0.1974702100197178,0.09,260.319,0.81,1.0,2.0
2020-10-08,1893.0,1893.0,1882.699951171875,1888.5999755859375,348,44.94533805923737,-10.693537566778787,-10.769413506703167,0.07587593992438002,6.702842569522985,0.35829821719211424,1904.1677881502847,1903.4832466128205,1,0.35670356703567035,0.0026544914338537673,-0.010375208852873574,-0.03356871212006696,0.1596776813153249,0.19751173889280063,0.09,260.319,0.78,1.0,2.0
2020-10-09,1909.300048828125,1929.0999755859375,1905.0999755859375,1919.5,580,52.49763528446136,-8.1185080207606,-10.239232409514655,2.120724388754054,6.570057599705328,0.6094545539503238,1905.6279988026386,1904.1113545887883,1,0.5794495229531944,0.01636133898840897,0.010156851554607327,-0.009443723999899678,0.16959261370772924,0.1993680393353181,0.09,260.319,0.79,1.0,2.0
2020-10-12,1924.0,1926.5,1921.5999755859375,1922.5,96,53.169315558357226,-5.76919988048121,-9.345225903707966,3.5760260232267562,6.229812548159268,0.6537104844390621,1907.23485605953,1904.8324779382476,1,0.09571286141575275,0.0015629070070330986,0.005228758169934622,-0.01566738823841185,0.1669371275730405,0.19917532531434476,0.09,260.319,0.79,0.0,2.0
2020-10-13,1921.9000244140625,1922.199951171875,1887.0,1888.5,191,45.343882001945055,-6.57507868931657,-8.791196460829688,2.216117771513119,5.744188420539363,0.3866653367156521,1905.4505840538607,1904.191988607336,1,0.18932447836645686,-0.01768530559167747,-0.00662772907671727,-0.03465728525066436,0.17718823641741266,0.20276381408784572,0.09,260.319,0.74,0.0,2.0
2020-10-14,1889.699951171875,1910.800048828125,1882.5,1901.300048828125,33,48.42162523194888,-6.110449032578572,-8.255046975179466,2.1445979426008943,4.989687676913802,0.5355862969129158,1905.0552949847429,1904.0785792042298,1,0.03285870755750274,0.00677789188674871,0.009396938559994128,-0.030047905219331095,0.17932113099121635,0.2011229693373879,0.09,260.319,0.73,0.0,2.0
2020-10-15,1897.300048828125,1906.300048828125,1889.5999755859375,1903.199951171875,254,48.88174821917769,-5.525229040104932,-7.70908338816456,2.1838543480596275,4.573628457855058,0.5819873809888271,1904.8785955739936,1904.044123202961,1,0.2505795886153998,0.0009992648687517924,0.007730581263725611,-0.018969097334085028,0.17640918402990824,0.19977217106983863,0.09,260.319,0.74,0.0,2.0
2020-10-16,1898.5,1900.800048828125,1898.5,1900.800048828125,53,48.295662179194395,-5.1952029761002905,-7.206307305751706,2.011104329651416,3.7055365788502477,0.6036844824933812,1904.4901625505775,1903.9169046000263,1,0.05224763406940063,-0.001260982768664043,-0.009742094905899945,-0.026279354233593732,0.17436019177160866,0.19795360852585667,0.09,260.319,0.76,0.0,2.0
2020-10-19,1907.300048828125,1907.800048828125,1899.5,1906.4000244140625,43,49.80792422128945,-4.430709255553438,-6.6511876957120535,2.2204784401586153,3.7366541381607443,0.6782684113891256,1904.6720541566237,1904.0142818476356,1,0.042408402781202226,0.0029461150263490055,-0.008374499654583922,0.0027351532588575367,0.14738858526396378,0.197847286899854,0.09,260.319,0.78,0.0,2.0
2020-10-20,1901.300048828125,1910.4000244140625,1896.0999755859375,1910.4000244140625,329,50.91233586942815,-3.4621662066285808,-6.0133833978953595,2.5512171912667787,3.8081607994393654,0.7221351580329926,1905.2175751335226,1904.2647031247504,1,0.32450559747497165,0.002098195524955271,0.011596518090581043,0.006215131665364693,0.14743240462837412,0.19450394824888284,0.09,260.319,0.81,0.0,2.0
2020-10-21,1913.5999755859375,1927.300048828125,1913.5999755859375,1924.5999755859375,1202,54.721254946635,-1.5311216593540848,-5.116931050187105,3.5858093908330204,3.6574286104364035,0.8888835868282984,1907.0635180337526,1905.0621647898952,1,1.119493340784204,0.007432972670857296,0.01225473421313672,0.03478678978578853,0.12684085869096007,0.19455860602770422,0.09,260.319,0.83,0.0,2.0
2020-10-22,1924.300048828125,1924.300048828125,1898.199951171875,1901.0999755859375,899,48.07315285329211,-1.8753902145167558,-4.468622883053036,2.59323266853628,3.3698868178883687,0.5289047053919462,1906.4955616101513,1904.9067848211125,1,0.8169756452199199,-0.012210329573991374,-0.0011033919923361113,0.01755602735138062,0.13563081323583223,0.19587165364545173,0.09,260.319,0.87,0.0,2.0
2020-10-23,1899.9000244140625,1913.300048828125,1896.199951171875,1902.0,287,48.332053979764275,-2.051947502886833,-3.9852878070197955,1.9333403041329627,2.7035853558793996,0.5104069478524943,1906.067412885375,1904.7927932595003,1,0.257503028127944,0.0004734229791283351,0.0006312874268994406,0.023846719057175836,0.1334235945060516,0.19556786565442114,0.09,260.319,0.85,1.0,2.0
2020-10-26,1895.5,1907.0,1893.5,1902.699951171875,242,48.54691199931204,-2.1110552848747375,-3.610441302590784,1.4993860177160467,2.321050587213378,0.49411242355995966,1905.7467022459941,1904.7107210207698,1,0.40072859744990896,0.0003680079768006994,-0.0019408692796910598,0.015965346841195993,0.13090590920698858,0.1942652650842529,0.09,260.319,0.81,1.0,2.0
2020-10-27,1904.5999755859375,1908.800048828125,1904.4000244140625,1908.800048828125,176,50.479627800969276,-1.6466897137413525,-3.217690984820898,1.5710012710795453,2.295583961571124,0.617047386761262,1906.037497158578,1904.8710868171368,1,0.392375431947386,0.00320602187039154,-0.0008375081477651758,0.007654542377787621,0.12518754403925259,0.19436616123717823,0.09,260.319,0.79,0.0,2.0
2020-10-28,1870.9000244140625,1876.199951171875,1870.9000244140625,1876.199951171875,277,41.506574582901024,-3.864682430146786,-3.3470892738860756,-0.5175931562607103,2.519666762263178,-0.06139234345741352,1903.1958261122252,1903.7467285565383,-1,0.6406105457909343,-0.017078843683110856,-0.025148095722762998,-0.00598678083609272,0.1394663217055267,0.19356268390267045,0.09,260.319,0.79,1.0,2.0
2020-10-29,1876.0999755859375,1879.800048828125,1858.800048828125,1865.5999755859375,240,39.074440494207494,-6.40396614438373,-3.9584646479856067,-2.4455014963981236,3.0356211991576827,-0.11310225751817385,1899.6152689192454,1902.250777459652,-1,0.5883795047805835,-0.005649704648652554,-0.018673399850556827,-0.02242718941552413,0.1339812696586275,0.19090855399503776,0.09,260.319,0.85,1.0,2.0
2020-10-30,1862.800048828125,1886.5999755859375,1862.800048828125,1877.4000244140625,725,43.073421365395305,-7.379139334270121,-4.64259958524251,-2.736539749027611,3.2248215237604185,0.1337314754397815,1897.4995313473232,1901.276238124531,-1,1.7359032682868432,0.006325069137299355,-0.012933741107222674,-0.011998698738915126,0.13592970683785258,0.19011493860240705,0.09,260.319,0.88,1.0,2.0
2020-11-02,1872.9000244140625,1894.699951171875,1872.9000244140625,1890.4000244140625,190,47.18625371293392,-7.022034120257786,-5.118486492245566,-1.9035476280122197,3.1936626132630956,0.36254807856111176,1896.8233878298697,1900.8497199398066,-1,0.5290268689962412,0.0069244699216712835,-0.006464459490965413,-0.01155554279003268,0.1362473841214043,0.18671746566342845,0.09,260.911,0.87,1.0,2.0
2020-11-03,1891.5,1908.5,1891.5,1908.5,712,52.34831874960929,-5.218354955754421,-5.138460184947338,-0.0798947708070834,3.2231258182488074,0.6534866491733983,1897.9354461317869,1901.1497309225595,-1,2.055723978634329,0.009574680148212389,-0.00015719238288436355,0.0038924961912019107,0.13918764543507972,0.18723654091244482,0.09,260.911,0.9,1.0,2.0
2020-11-04,1893.800048828125,1907.0,1885.300048828125,1894.5999755859375,782,48.43322519497749,-4.854581433054591,-5.081684434568789,0.22710300151419816,3.1434307077464627,0.41534657648111173,1897.6177822702773,1900.8928777721037,-1,2.042042042042042,-0.007283219499115812,0.009807070084704828,0.005839881154478199,0.1376049969963587,0.16219303968569,0.09,260.911,0.78,1.0,2.0
2020-11-05,1901.699951171875,1948.0,1901.699951171875,1945.300048828125,135,60.14244101262558,-0.469800534889373,-4.159307654632906,3.689507119743533,3.7190518462554842,1.1050497452188426,1902.1589505138818,1902.6343354605751,-1,0.36261079774375504,0.02676030502244031,0.042720880298658725,0.030022277864636848,0.1659337159337571,0.1711880040360212,0.09,260.911,0.79,0.0,2.0
2020-11-06,1940.800048828125,1958.800048828125,1940.800048828125,1950.300048828125,304,61.08100852973258,3.3697833657799947,-2.6534894505503264,6.023272816330321,4.25557210124856,1.0710421567914337,1906.7438170200003,1904.5035791220478,1,0.8479776847977685,0.0025702975759509528,0.03883030971879031,0.01604587071014585,0.1566537216401067,0.16970158442457908,0.09,260.911,0.83,0.0,2.0
2020-11-09,1955.5999755859375,1963.199951171875,1847.0999755859375,1853.199951171875,745,40.92582955243794,-1.406274455171797,-2.4040464514746205,0.9977719963028235,4.755088362109049,-0.024103056275060444,1901.6444012249408,1902.4916721436098,-1,1.9056145287121116,-0.04978726104970077,-0.019678413437239417,-0.03604683944245779,0.24160644553850077,0.19839963275292738,0.09,260.911,0.96,1.0,2.0
2020-11-10,1879.300048828125,1885.300048828125,1871.199951171875,1875.4000244140625,276,45.36470705114286,-3.361228165028706,-2.595482794185438,-0.765745370843268,4.867067482744239,0.23494100544421487,1899.144936766762,1901.4292545855883,-1,0.6983805668016194,0.01197931892246662,-0.017343450660695536,-0.00693670933859547,0.23852301355050126,0.1931796988470312,0.09,260.911,0.98,1.0,2.0
2020-11-11,1878.800048828125,1878.800048828125,1855.5,1860.699951171875,222,43.057562813149914,-6.027237875375704,-3.281833810423491,-2.7454040649522127,5.192914638994459,0.12274933944598435,1895.4835095672488,1899.8320270007368,-1,0.5486222661559372,-0.007838366775525851,-0.017892972052624634,-0.021353861365161153,0.238395683653218,0.19292854147673671,0.09,260.911,0.98,1.0,2.0
2020-11-12,1869.0,1878.5,1866.5999755859375,1872.5999755859375,220,45.47505409420845,-7.0980157535814214,-4.045070199055077,-3.052945554526344,5.316435039752143,0.2644272495042623,1893.3041253785525,1898.7641034158428,-1,0.5459734458369525,0.006395455864105282,-0.03737216440516877,-0.01607817169556769,0.23977710265701002,0.18924199397333527,0.09,260.911,0.88,1.0,2.0
2020-11-13,1877.0,1890.0999755859375,1876.800048828125,1885.699951171875,240,48.0878483473248,-6.811042924766525,-4.598264744197367,-2.212778180569158,5.335733677955395,0.40216865385555367,1892.57991831125,1898.251783720001,-1,0.5821004123211254,0.006995608115309526,-0.03312315850838754,-0.007944074741348728,0.2413473716504966,0.18820112566216496,0.09,260.911,0.89,1.0,2.0
2020-11-16,1874.5999755859375,1887.300048828125,1871.0,1887.300048828125,6,48.413018572057055,-6.380944822207539,-4.954800759799402,-1.4261440624081372,5.324590598699605,0.42724212070663775,1892.0770735985714,1897.8223039203197,-1,0.014618102083079548,0.0008485430862188448,0.018400657540858845,-0.010018870825291737,0.24107729301520722,0.18821145295384104,0.09,260.911,0.91,1.0,2.0
2020-11-17,1888.4000244140625,1888.4000244140625,1884.5,1884.5,59,47.84819720232668,-6.194621772905521,-5.202764962420626,-0.9918568104848946,5.2905925893250165,0.41169942690941225,1891.3554475415644,1897.2998606293268,-1,0.14863332913465171,-0.0014836267449171991,0.004852285095165554,-0.01355738279055263,0.24090020118222813,0.18811030732106163,0.09,260.911,0.87,1.0,2.0
2020-11-18,1873.5,1873.5,1873.5,1873.5,152,45.59757564702338,-6.855541073048926,-5.5333201845462865,-1.3222208885026392,5.144824151874787,0.3222616803288688,1889.654928728082,1896.3665327615101,-1,0.441283205109595,-0.005837092066861227,0.00687915793197269,-0.0265509592820089,0.2395901396705738,0.18773996245904687,0.09,260.911,0.88,2.0,2.0
2020-11-19,1865.800048828125,1865.800048828125,1856.0,1861.0999755859375,59,43.134508310129995,-8.284405252083161,-6.083537198053662,-2.200868054029499,5.299458002668581,0.22336434638874428,1886.9354093812112,1894.9835305193308,-1,0.19507356587865762,-0.00661864126718037,-0.006141194141798256,-0.021040450535838695,0.23699536459926918,0.18541163184451906,0.09,260.911,0.86,2.0,2.0
2020-11-20,1871.199951171875,1872.5999755859375,1871.199951171875,1872.5999755859375,1900,46.04538058409405,-8.392097640191423,-6.545249286481215,-1.8468483537102083,5.3129773587493965,0.35320039735588116,1885.5701299721375,1894.1057440513546,-1,4.959540589924301,0.006179141449066616,-0.006947009558862516,-0.015457426085206394,0.23834025245117427,0.18492998422967144,0.09,260.911,0.83,1.0,2.0
2020-11-23,1834.800048828125,1837.800048828125,1829.199951171875,1837.800048828125,843,39.4623942328875,-11.156898111381906,-7.467579051461354,-3.6893190599205523,5.730957574157329,0.07143116268053255,1881.0205984346126,1891.8976775720123,-1,2.0404211545443545,-0.018583748377398956,-0.026227944004312387,-0.03410937300112826,0.24664468931636802,0.18259470372414183,0.09,260.911,0.86,2.0,2.0
2020-11-24,1829.300048828125,1829.300048828125,1799.300048828125,1804.800048828125,1041,34.43485529002518,-15.828386821159029,-9.13974060540089,-6.688646215758139,6.682577249793985,-0.08996941573957938,1873.76149847209,1888.4820842879383,-1,2.280893952673094,-0.0179562515634073,-0.042292359337689045,-0.05448449148136236,0.25252600329412583,0.18579312282626892,0.09,260.911,0.88,1.0,2.0
2020-11-25,1801.4000244140625,1805.699951171875,1801.4000244140625,1805.699951171875,205754,34.67924859850007,-19.23621753990301,-11.159035992301314,-8.077181547601695,7.511552346756669,0.005564785564222224,1867.2794463482599,1885.235726126524,-1,19.175135714452132,0.0004986160900950498,-0.036188977223445384,-0.037575952369024224,0.2468716238528241,0.18580131001566372,0.09,260.911,0.88,1.0,2.0
2020-11-27,1806.0999755859375,1817.0,1770.699951171875,1781.9000244140625,71804,31.350883274838083,-23.585523883816677,-13.644333570604386,-9.94119031321229,8.695530795351706,-0.048621620899430375,1859.1480728307172,1881.1833456672118,-1,5.01829338607606,-0.013180443817571552,-0.04255545226523372,-0.04486489722727782,0.24986036907142062,0.18450202816925465,0.09,260.911,0.84,2.0,2.0
2020-11-30,1785.0,1787.199951171875,1762.300048828125,1775.699951171875,3145,30.5288716755789,-27.21891191749819,-16.359249239983146,-10.859662677515043,9.781855797672929,0.004867935971062296,1851.2006326727321,1877.0467419615125,-1,0.21795702538904807,-0.0034794731226440723,-0.0517462488931959,-0.05417069986132983,0.24779916218987175,0.18450024968610815,0.09,260.911,0.84,2.0,2.0
2020-12-01,1775.0,1815.9000244140625,1774.9000244140625,1814.0999755859375,1859,40.86974626774897,-26.692146612651186,-18.425828714516754,-8.266317898134432,10.013692862713912,0.24171689137617244,1847.667236759704,1874.578241319333,-1,0.12809293800687666,0.02162528888324866,-0.012895893248724088,-0.040361853492767774,0.2603367203787546,0.19029826143561196,0.09,262.045,0.92,1.0,2.0
2020-12-02,1811.300048828125,1830.0,1807.800048828125,1825.699951171875,771,43.60083524318774,-25.049900567950772,-19.75064308520356,-5.299257482747212,9.903124709021984,0.3237888507100485,1845.575114322768,1872.661445627276,-1,0.053114354309255055,0.006394341955817895,0.01158017607397599,-0.043384882802266156,0.25870967970255804,0.19054002849435756,0.09,262.045,0.95,1.0,2.0
2020-12-03,1829.199951171875,1842.0,1825.300048828125,1836.800048828125,1765,46.16330588395607,-22.59229373336575,-20.318973214836,-2.2733205185297507,9.795615538500561,0.3985595249560946,1844.7393937994686,1871.2551163410349,-1,0.12118091314795743,0.006079913432174289,0.01722329207356199,-0.030507720628433432,0.2595714590064954,0.19054426599379926,0.09,262.045,0.92,1.0,2.0
2020-12-04,1840.699951171875,1847.5999755859375,1828.199951171875,1835.9000244140625,1213,45.980884510514855,-20.481153075671727,-20.351409187003146,-0.12974388866858177,8.77676583821408,0.414598022706969,1843.8975490960966,1869.8686421478203,-1,0.08297477922415504,-0.0004899958569996032,0.03030473049000415,-0.05623812351208568,0.23779300857654123,0.19016065928739503,0.09,262.045,0.97,1.0,2.0
2020-12-07,1836.5,1866.9000244140625,1820.800048828125,1861.800048828125,1427,51.874534357679,-16.527623227345885,-19.586651995071694,3.0590287677258097,7.2853796988447215,0.6224341667070652,1845.6025490705754,1869.5522267235185,-1,0.09723987311797916,0.014107535306737917,0.04848797658603754,-0.045377633074037416,0.24464788779261756,0.191988500841853,0.09,262.045,0.94,1.0,2.0
2020-12-08,1863.0,1875.800048828125,1861.800048828125,1870.800048828125,121,53.76235022359581,-12.52383063133766,-18.174087722324888,5.650257090987228,7.373344902203945,0.6805654766866612,1848.0023109522467,1869.6011609236991,-1,0.008262854372313291,0.004834031455560828,0.031255208646300714,0.009497139067546678,0.1641357862778193,0.19151174933340726,0.09,262.045,0.92,1.0,2.0
2020-12-09,1867.0999755859375,1867.0999755859375,1827.0,1834.5999755859375,215,45.953994683389034,-12.131989504140165,-16.965668078687944,4.833678574547779,7.252965639856369,0.42837780396644304,1846.7258980602173,1868.2285654202576,-1,0.014684989891262773,-0.019350049335771224,0.004874856028971086,-0.021755384609676742,0.17280649058289574,0.19528010137505827,0.09,262.045,0.95,1.0,2.0
2020-12-10,1833.199951171875,1849.0999755859375,1828.0,1833.5999755859375,177,45.75629434459847,-11.766507259137597,-15.925835914777876,4.159328655640278,7.226146488794119,0.43072497877458454,1845.475810205524,1866.8705815051862,-1,0.012091361507799612,-0.000545077953399975,-0.0017422001073166271,-0.01456439850437452,0.17094676100203215,0.19517938489078376,0.09,262.045,0.92,1.0,2.0
2020-12-11,1838.5,1846.0,1829.0999755859375,1839.800048828125,109,47.27095570672256,-10.85147678280282,-14.910964088382865,4.059487305580046,7.0790347347832325,0.48937413881021374,1844.9352615029147,1865.8089919884387,-1,0.007448916831818492,0.0033813663420267925,0.002124311978974669,-0.017515714613607902,0.16961886496029413,0.19442863269798774,0.09,262.045,0.9,1.0,2.0
2020-12-14,1835.5,1835.699951171875,1822.699951171875,1828.699951171875,258,44.85604098331372,-10.896386886083974,-14.108048647923088,3.211661761839114,6.749949197183648,0.42235224133837196,1843.3890414713871,1864.3537354858283,-1,0.017630296776662408,-0.006033317404964933,-0.017778545916938948,-0.03022750250620576,0.16791076340029787,0.19414024555084414,0.09,262.045,0.9,1.0,2.0
2020-12-15,1833.5,1853.5999755859375,1833.199951171875,1852.300048828125,961,50.63081576742754,-8.92476864244577,-13.071392646827626,4.146624004381856,6.346614866676878,0.6348225245399384,1844.2377088386954,1863.8810418914086,-1,0.06545585816308112,0.012905396339692787,-0.009888817360031887,-0.018545010912140003,0.17537864587940769,0.18885570528497472,0.09,262.045,0.92,1.0,2.0
2020-12-16,1856.5,1864.699951171875,1850.5,1856.0999755859375,1090,51.511304331662345,-6.97521866868783,-11.852157851199667,4.876939182511837,5.974707537868321,0.690932842567425,1845.3674485289089,1863.575902036292,-1,0.07398256997800885,0.0020514639408537594,0.01171917599809924,-0.015070323382362694,0.17568037875416392,0.18891337995560448,0.09,262.045,0.92,1.0,2.0
2020-12-17,1874.199951171875,1896.199951171875,1874.199951171875,1887.199951171875,414,58.09805804831872,-2.8873940707835573,-10.059205095116445,7.171811024332888,6.2118390141148945,0.9502799913676026,1849.3514963996674,1864.5023353357267,-1,0.028074839112184075,0.01675554980604943,0.02923209876724031,0.00731249061749395,0.18490246348031122,0.18728990249618457,0.09,262.045,0.94,0.0,2.0
2020-12-18,1882.4000244140625,1889.5,1882.300048828125,1885.699951171875,276,57.69100136016277,0.22856416484842157,-8.001651243123472,8.230215407971894,6.545448684409908,0.9043403084510881,1852.8132539970206,1865.3336143881247,-1,0.018702798304550676,-0.0007948283376483234,0.02494831021065913,0.013217976416443067,0.18312094112190386,0.18708948356134605,0.09,262.045,0.95,1.0,2.0
2020-12-21,1884.800048828125,1908.0,1869.0999755859375,1879.199951171875,136,55.86443493727695,2.1487187464422277,-5.971577245210333,8.120295991652561,6.636007221186446,0.842735400365112,1855.3262727755782,1865.877392301213,-1,0.009271283902392468,-0.0034469958998304406,0.027615246540384275,0.003524498382988739,0.18246713666438327,0.18684703857174675,0.09,262.045,0.95,0.0,2.0
2020-12-22,1882.199951171875,1882.199951171875,1861.0,1866.5999755859375,233,52.40099278548568,2.623500280762073,-4.252561740015852,6.876062020777925,6.773850597413346,0.7227823519368133,1856.3999587575172,1865.905728900614,-1,0.015916985746441733,-0.006704968025398328,0.007720091983401733,0.01567087060215111,0.17051483475059923,0.18663828454779663,0.09,262.045,0.93,1.0,2.0
2020-12-23,1867.0,1878.800048828125,1864.5,1874.699951171875,82,54.359917036658366,3.611734574839602,-2.6797024770447613,6.291437051884364,6.740317344544845,0.7605491102845213,1858.1428151779323,1866.250600362232,-1,0.005620095267468558,0.00433942767163864,0.010020998777323875,0.03872999803448396,0.15547446721683555,0.1853388603812578,0.09,262.045,0.96,1.0,2.0
2020-12-24,1877.300048828125,1879.9000244140625,1875.699951171875,1879.9000244140625,46,55.6225935417395,4.759653501771481,-1.1918312812815128,5.951484783052994,6.69042154795897,0.7740291786318139,1860.214930343278,1866.7858718936764,-1,0.010685001509837169,0.0027738162786727916,-0.0038681257665779123,0.04109213892044061,0.15541196347253178,0.1852958960688808,0.09,262.045,0.94,1.0,2.0
2020-12-28,1895.5,1895.800048828125,1873.699951171875,1877.199951171875,75,54.77520909958081,5.389388658802773,0.12441270673534426,5.264975952067428,6.010342225875275,0.7371432599614774,1861.8325513745729,1867.1942671594882,-1,0.10436234606553955,-0.0014362855508920358,-0.0045076100228552685,0.053482196224308165,0.14532960202558198,0.18386752461334593,0.09,262.045,0.94,1.0,2.0
2020-12-29,1881.300048828125,1881.300048828125,1879.699951171875,1879.699951171875,343,55.45192647245754,6.020783569197192,1.3036868792277139,4.717096689969479,4.84748710096916,0.7631974593659208,1863.5342084981255,1867.6846861403662,-1,0.5928614640048397,0.0013317707569933113,0.00026607067528305883,0.05856845348864548,0.14364832381793352,0.18370247990648067,0.09,262.045,0.94,1.0,2.0
2020-12-30,1879.9000244140625,1895.800048828125,1877.300048828125,1891.0,444,58.47640626029393,7.3482816696791815,2.5126058373180076,4.835675832361174,4.634971611580001,0.8611773509502739,1866.1499981649706,1868.5990121740774,-1,0.874359984245766,0.006011623728074289,0.013071908675238886,0.04239017995092831,0.1266712731949258,0.18363415442971778,0.09,262.045,0.93,0.0,2.0
2020-12-31,1897.0,1901.300048828125,1892.699951171875,1893.0999755859375,127,59.03304578959549,8.47212260232891,3.7045091903201883,4.767613412008721,4.5538396149977105,0.8519791400309619,1868.7166626812532,1869.5598342686603,-1,0.2670311185870479,0.0011105106218600724,0.009814916996482959,0.03691736113089128,0.1256764996911751,0.1832537241288375,0.09,262.045,0.93,0.0,2.0
2021-01-04,1912.199951171875,1945.0999755859375,1912.199951171875,1944.699951171875,154,69.76008030777318,13.372313720492912,5.638070096354733,7.734243624138179,5.73481579128391,1.20985627842655,1875.9531663470266,1872.5065055197667,1,0.38982407290216425,0.027256867704499754,0.03446987920435274,0.05874341217085122,0.15365417109086377,0.1903528463787533,0.09,262.687,0.93,0.0,2.0
2021-01-05,1941.699951171875,1952.699951171875,1941.300048828125,1952.699951171875,113,71.02676400148711,17.697280394604604,8.049912156004707,9.647368238599897,6.692051171033535,1.1236420790931383,1883.262383949393,1875.651346525732,1,0.3323040729304514,0.004113745153939696,0.04021947686119831,0.06361998213660347,0.15319277633635217,0.1904453040863798,0.09,262.687,0.96,0.0,2.0
2021-01-06,1952.0,1959.9000244140625,1901.5,1906.9000244140625,331,56.44867016565894,17.23055322817595,9.886040370438955,7.344512857736994,6.816831947102549,0.7358656355723253,1885.513587803171,1876.876784874294,1,1.1603856266432953,-0.023454666821867143,0.0144704335525625,0.024223855625272295,0.17458301573301202,0.19397599144126745,0.09,262.687,1.04,0.0,2.0
2021-01-07,1922.5999755859375,1926.699951171875,1912.0,1912.300048828125,122,57.55484173790966,17.099295393170678,11.3286913749853,5.770604018185377,6.997153755357613,0.7548259857889072,1888.0646793293572,1878.2659324803265,1,0.42762004907115314,0.002831834047367865,0.011263907365481218,0.022183022726558033,0.174176720323983,0.1940399355544022,0.09,262.687,1.08,0.0,2.0
2021-01-08,1908.0,1908.0,1834.0999755859375,1834.0999755859375,60,41.22511093442203,10.563411812029926,11.175635462394226,-0.6122236503642995,7.00443985850331,0.16051824281721988,1882.9251837347458,1876.5339341707427,1,0.2161772653575932,-0.040893202554750374,-0.031165813090108352,-0.0002725389766999875,0.22071362621997273,0.2089945939093436,0.09,262.687,1.13,1.0,1.0
2021-01-11,1826.5,1849.5999755859375,1826.5,1849.5999755859375,20,44.5814187663128,6.558791777665874,10.252266725448557,-3.6934749477826827,6.804233772520761,0.2656200818143462,1879.7513543872403,1875.4777005007504,1,0.07415647015202077,0.008451011507727868,-0.04890213296330381,0.008726003606586596,0.2227102584110907,0.2092678819451907,0.09,262.687,1.15,1.0,1.0
2021-01-12,1849.0,1859.699951171875,1839.4000244140625,1842.9000244140625,176,43.42702319550464,2.8120558535254077,8.764224551063927,-5.95216869753852,6.764044263572126,0.2103328198903018,1876.2417039136044,1874.2001445757824,1,0.6445705914667643,-0.00362237849281577,-0.05622979951011842,0.0016849524424744633,0.22287119413040363,0.20934504057363623,0.09,262.687,1.15,0.0,1.0
2021-01-13,1858.0,1858.5999755859375,1853.5999755859375,1853.5999755859375,189,45.83904867911994,0.698090127769774,7.150997666405097,-6.452907538635323,6.424748202231926,0.273475545112806,1874.0853488347789,1873.3922948114748,1,0.7010385756676557,0.005806039953402786,-0.027951150110505973,0.013616243822889507,0.22251056478435668,0.20973907198540795,0.09,262.687,1.1,0.0,2.0
2021-01-14,1836.699951171875,1850.699951171875,1836.699951171875,1850.300048828125,149,45.19900600224441,-1.229348289075233,5.4749284753090315,-6.7042767643842645,6.44590952158434,0.247813765489855,1871.8200821674784,1872.4867165376181,-1,0.6506550218340611,-0.001780279888474512,-0.03242169032939901,-0.001079738674771069,0.2179284085137371,0.20963915972153263,0.09,262.687,1.15,0.0,2.0
2021-01-15,1829.4000244140625,1829.4000244140625,1825.0,1829.300048828125,31,41.2515832839116,-4.400653620916046,3.499812056064016,-7.900465676980062,6.794220196935171,0.10661678459883271,1867.770555182778,1870.7931217254811,-1,0.1760863391082079,-0.011349510590620282,-0.002617047501066061,-0.014438837945327965,0.22141730489859507,0.21075069044990727,0.09,262.687,1.11,0.0,2.0
2021-01-19,1802.0,1842.9000244140625,1802.0,1839.5,13,43.81810315761934,-6.021473333052882,1.5955549782406364,-7.617028311293518,7.037474143069898,0.21499724865929487,1865.0781213558469,1869.5659404813446,-1,0.08333333333333333,0.0055758765099303,-0.005460627010842156,-0.025275515263899484,0.213258493326315,0.2104804861700641,0.09,262.687,1.1,0.0,2.0
2021-01-20,1847.800048828125,1866.5999755859375,1844.4000244140625,1865.9000244140625,16,49.91672999659889,-5.116740694624468,0.25309584366761545,-5.369836538292084,7.0466498049682595,0.42239433832941725,1865.1563978375816,1869.4221790669415,-1,0.11188811188811189,0.01435173928462219,0.012480329749473329,-0.010500040977095892,0.22028317965713526,0.2112945456730698,0.09,262.687,1.1,0.0,2.0
2021-01-21,1865.300048828125,1868.0,1865.300048828125,1865.300048828125,6,49.78446545092911,-4.397455446932099,-0.6770144144523275,-3.720441032479772,7.065219999606723,0.4232867313537026,1865.1700788843,1869.2605269007133,-1,0.04395604395604396,-0.0003215475524342981,0.006312081029505201,-0.007396712805937455,0.22001193727329274,0.21128821509868542,0.09,262.687,1.12,0.0,2.0
2021-01-22,1854.9000244140625,1855.699951171875,1852.699951171875,1855.699951171875,8,47.610623613620476,-4.549619177621253,-1.4515353670861126,-3.0980838105351403,7.116391518751673,0.35595048438114857,1864.268161959307,1868.7287396172296,-1,0.06387225548902195,-0.005146677427195323,0.0029183928018430283,-0.005839507423459067,0.21948098917841793,0.21151440460207105,0.09,262.687,1.1,0.0,2.0
2021-01-25,1864.699951171875,1864.699951171875,1851.800048828125,1854.9000244140625,26,47.42480087030121,-4.68080008487982,-2.0973883106448543,-2.583411774234966,7.180868201836432,0.35858096029368913,1863.3759583835695,1868.1864370602427,-1,0.21233156390363414,-0.00043106470812126485,0.013994410376984012,-0.01056165107671525,0.21880054661571666,0.2113799968816597,0.09,262.687,1.05,0.0,2.0
2021-01-26,1855.800048828125,1855.800048828125,1850.699951171875,1850.699951171875,59,46.40077355573563,-5.065283275585898,-2.6909673036330632,-2.374315971952835,7.259339156717743,0.33984247404865137,1862.1687196015034,1867.5006925156008,-1,0.479285134037368,-0.002264312462616047,0.006088584491369842,-0.015532779862210355,0.2185230281189802,0.20852113230281666,0.09,262.687,1.05,0.0,2.0
2021-01-27,1844.9000244140625,1844.9000244140625,1844.9000244140625,1844.9000244140625,195540,44.957146245215526,-5.771464738721534,-3.3070667906507576,-2.464397948070776,7.372651588458452,0.3118272357167226,1860.5240819646042,1866.6143918057367,-1,19.758799961602005,-0.0031339098237614937,-0.01125462228695484,-0.017206439163632403,0.2186740433215167,0.20830387687974297,0.09,262.687,1.04,0.0,2.0
2021-01-28,1843.4000244140625,1862.9000244140625,1831.5,1837.9000244140625,27283,43.20982564678564,-6.817373694298112,-4.009128171380229,-2.8082455229178835,7.5223761395868465,0.28043847712462666,1858.3694098169335,1865.4883381825339,-1,2.4265899398311,-0.0037942435402282815,-0.014689338817782449,-0.022237552717790376,0.21874848177767822,0.20798822513508153,0.09,262.687,1.07,0.0,2.0
2021-01-29,1842.0,1876.0,1838.699951171875,1847.300048828125,1634,46.2319594981628,-6.809267666983715,-4.569156070500926,-2.2401115964827882,7.511470374722716,0.3624899399701103,1857.3151849608564,1864.7750719333415,-1,0.14456530874956317,0.005114546106532281,-0.004526541232296455,-0.023109440069738252,0.21838608228992915,0.20775273096498192,0.09,262.687,1.11,0.0,2.0
2021-02-01,1866.5999755859375,1871.9000244140625,1850.0,1860.800048828125,1494,50.320838167173854,-5.648395222028057,-4.785003900806353,-0.8633913212217044,7.4066942320935105,0.4698480293749358,1857.6470767577391,1864.6191886743134,-1,0.13138455044322497,0.0073079627798224855,0.0031807775817600525,-0.017061923392511447,0.22033033791936968,0.2073452841893712,0.08,263.579,1.09,0.0,2.0
2021-02-02,1859.5999755859375,1861.300048828125,1827.5999755859375,1830.5,1293,42.507451373694096,-7.091608509596654,-5.2463248225644135,-1.8452836870322402,6.459349345829768,0.26056600947330544,1855.0616408760498,1863.2811812753207,-1,0.11314167209915867,-0.016283344815692047,-0.010914762903129871,-0.05872368696418084,0.20073915641363987,0.20946677204931513,0.08,263.579,1.12,0.0,2.0
2021-02-03,1834.800048828125,1842.4000244140625,1829.800048828125,1832.199951171875,1195,43.04180099832973,-8.005906478914312,-5.798241153834393,-2.207665325079919,4.655018103409996,0.2562246385050842,1852.8843370946997,1862.0623095065582,-1,0.10407367893923229,0.0009286813285305229,-0.006883881551370763,-0.061709429514598124,0.1995555068912747,0.20181715904747927,0.08,263.579,1.15,0.0,2.0
2021-02-04,1832.199951171875,1832.199951171875,1782.800048828125,1788.9000244140625,2375,34.29771319829459,-12.08512660673614,-7.055618244414743,-5.029508362321397,4.808797224660464,-0.15774088226998442,1846.790593029877,1859.1932002872447,-1,0.20501620707068527,-0.023632751834819055,-0.026660862587246315,-0.061880538302608756,0.19980548986869312,0.207049156290522,0.08,263.579,1.15,1.0,2.0
2021-02-05,1794.300048828125,1813.5,1790.9000244140625,1810.9000244140625,1278,40.87048553624141,-13.38838879683317,-8.322172354898429,-5.06621644193474,3.901110089587354,0.06364825212261496,1843.3724436378948,1857.2993502530023,-1,0.1097725955034465,0.012298060092657215,-0.019704446192784775,-0.05302516437010052,0.2062405817218056,0.18127633855735914,0.08,263.579,1.19,0.0,2.0
2021-02-08,1816.300048828125,1836.699951171875,1809.0,1831.9000244140625,254,46.384176057169526,-12.5816752557771,-9.174072935074165,-3.407602320702935,3.9135605694718723,0.357823998817496,1842.279832283244,1856.3032982593186,-1,0.021798926359965498,0.011596443600907724,-0.015530967140861218,-0.0011994717851583347,0.1521321311978752,0.18116835986271612,0.08,263.579,1.19,0.0,1.0
2021-02-09,1841.9000244140625,1843.300048828125,1830.699951171875,1835.300048828125,184,47.24195268796079,-11.535026798776244,-9.646263707814581,-1.8887630909616622,3.9094101817384668,0.4147793981543703,1841.615091001804,1855.4796414188797,-1,0.015780242964284336,0.0018560098088049592,0.0026222610369435184,-0.007731361887200694,0.14903519911956623,0.1805489556387802,0.08,263.579,1.18,0.0,1.0
2021-02-10,1842.5999755859375,1851.0999755859375,1837.0,1840.5999755859375,543,48.62180493393236,-10.160763601941198,-9.749163686639905,-0.41159991530129325,3.909137257619074,0.4899966577390736,1841.51841334315,1854.8961251117055,-1,0.046495697221389735,0.002887771272711781,0.00458466577771155,-0.0012480594702125591,0.14894973548646562,0.18014480920923615,0.08,263.579,1.15,0.0,1.0
2021-02-11,1840.5,1845.0,1820.9000244140625,1824.9000244140625,602,44.87738513474268,-10.22068724659971,-9.843468398631867,-0.37721884796784266,3.9355646401190785,0.2930531752734557,1839.935709635618,1853.7198074372882,-1,0.05145672976241864,-0.008529800815017974,0.020124098333438978,-0.015483357547414034,0.15018105506635773,0.18028504501581677,0.08,263.579,1.16,0.0,1.0
2021-02-12,1825.0,1827.5,1809.199951171875,1821.5999755859375,259,44.10846340813415,-10.414412661078813,-9.957657251121256,-0.45675540995755703,3.9937445380063297,0.27050737068969344,1838.1894492499341,1852.4602061882156,-1,0.022127957692028383,-0.0018083449964250153,0.005908637157005403,-0.015511037391132576,0.15018357529421317,0.18027953564090854,0.08,263.579,1.2,0.0,2.0
2021-02-16,1820.9000244140625,1823.4000244140625,1787.300048828125,1797.199951171875,1141,38.81318875090032,-12.393949760597934,-10.444915753016593,-1.949034007581341,4.437538989199555,0.013621528843564086,1834.285687528214,1850.2931373640454,-1,0.09702257199100352,-0.013394831324706202,-0.018942121720472382,-0.01754774875604126,0.15229330790741777,0.18220110050525828,0.08,263.579,1.3,0.0,2.0
2021-02-17,1785.800048828125,1789.699951171875,1768.800048828125,1771.0999755859375,614,34.09770516663292,-15.885676882340476,-11.53306797888137,-4.352608903459107,5.429437975905769,-0.1261011091851367,1828.2680006765688,1847.1875231766687,-1,0.052077148818510284,-0.014522577506703604,-0.03498069609009191,-0.03718403066815035,0.15772524612722688,0.18412005858833239,0.08,263.579,1.29,0.0,2.0
2021-02-18,1776.0999755859375,1784.5999755859375,1766.0,1773.4000244140625,587,34.84889608684958,-18.256847491350072,-12.877823881375111,-5.379023609974961,5.890706497540863,-0.014252038582646846,1823.0424791277587,1844.2938957742135,-1,0.04966684294024326,0.0012986555585965398,-0.036509807705763175,-0.049573931502062796,0.14643859174829943,0.18378813761295085,0.08,263.579,1.29,1.0,2.0
2021-02-19,1764.300048828125,1787.5999755859375,1764.300048828125,1775.800048828125,118,35.672858371703484,-19.715092060918323,-14.245277517283753,-5.46981454363457,6.120280610350422,0.0653981047197039,1818.5432000516032,1841.6078625606415,-1,0.009979406901859299,0.0013533463296615533,-0.026905570129356793,-0.047981556670321446,0.14689513546519112,0.1832733680133559,0.08,263.579,1.34,1.0,2.0
2021-02-22,1784.0,1807.800048828125,1784.0,1806.699951171875,165,45.269910307305466,-18.167968479045385,-15.02981570963608,-3.138152769409304,5.970380560402633,0.3604886056207465,1817.4152715868672,1840.2389248591212,-1,0.013944997549061035,0.01740055270532359,-0.008179635822222586,-0.02640513083435525,0.16217445778704875,0.18313122284311692,0.08,263.579,1.37,0.0,2.0
2021-02-23,1809.5999755859375,1811.300048828125,1796.4000244140625,1804.4000244140625,569,44.734937133559235,-16.932262183568128,-15.41030500442249,-1.5219571791456374,5.791229567381175,0.35810940063140245,1816.1757242370763,1838.8334777828445,-1,0.04797902077263931,-0.0012729987380144525,0.00400627277865917,-0.027225186983299676,0.1621395429412573,0.17933884090724964,0.08,263.579,1.37,0.0,2.0
2021-02-24,1805.800048828125,1805.800048828125,1796.4000244140625,1796.4000244140625,1500,42.83858847953918,-16.409332610945512,-15.610110525727094,-0.7992220852184175,5.672354314446348,0.3036314812065141,1814.292324253932,1837.1694207879905,-1,0.125718691855105,-0.004433606679094204,0.014284935450781022,-0.02934021083397631,0.16248114361131313,0.17956557534914114,0.08,263.579,1.38,1.0,2.0
2021-02-25,1801.5,1802.0,1766.699951171875,1774.4000244140625,1049,38.060411681350445,-17.567614767882787,-16.001611374158234,-1.5660033937245537,5.8389070072041624,0.13434855597724202,1810.4930576025158,1834.7078758321502,-1,0.4753381516641367,-0.012246715487089666,0.000563888567854498,-0.03821345279801314,0.1669271626805503,0.1792792665962641,0.08,263.579,1.54,1.0,2.0
2021-02-26,1768.0999755859375,1768.199951171875,1718.800048828125,1728.0999755859375,1593,30.38037005741053,-21.968351238748255,-17.19495934707624,-4.773391891672016,7.00095186122479,-0.12836547297761383,1802.6460974104607,1830.5271738617105,-1,1.7271100992031223,-0.026093354480996478,-0.02686117351650341,-0.059742122732236336,0.1882420416947958,0.18714621801554834,0.08,263.579,1.44,1.0,1.0
2021-03-01,1737.0999755859375,1747.0,1720.300048828125,1722.5,407,29.602324067036065,-25.612591811224775,-18.87848583990595,-6.734105971318826,7.836732797442394,-0.0587615993411718,1795.0131357523217,1826.2908141024277,-1,0.4727061556329849,-0.003240539126816877,-0.046604280427007594,-0.06755808235229277,0.1857455617388645,0.18159042109226725,0.07,264.961,1.45,1.0,1.0
2021-03-02,1709.4000244140625,1733.0999755859375,1708.699951171875,1733.0999755859375,867,33.09512158582811,-27.33030256273446,-20.568849184471652,-6.761453378262807,7.91434239725044,0.06430992333228014,1789.1166443079042,1822.6362714155066,-1,1.0450189839088773,0.006153831980225011,-0.03951454658801512,-0.06862643480830144,0.18490589010809708,0.1815503896433344,0.07,264.961,1.42,1.0,1.0
2021-03-03,1730.0,1732.4000244140625,1703.5,1715.300048828125,501,30.370161052069022,-29.784568077358472,-22.411992963049016,-7.372575114309456,8.60836025732843,0.01997706035898274,1782.086492357449,1818.427007784629,-1,0.6341370799316499,-0.010270571235681092,-0.04514583304594988,-0.06293359801795961,0.18049627871481871,0.18198431311695298,0.07,264.961,1.47,1.0,1.0
2021-03-04,1706.5,1717.4000244140625,1700.199951171875,1700.199951171875,521,28.245490581473092,-32.57256659185168,-24.444107688809552,-8.12845890304213,9.368552889612914,0.006397925974712441,1774.2877741492991,1813.7906526233446,-1,0.6888345342764592,-0.00880318149968351,-0.04181699291099239,-0.07204453854262616,0.18082812189891748,0.18266049732422782,0.07,264.961,1.54,2.0,1.0
2021-03-05,1690.5999755859375,1701.0,1685.0,1698.0,302,27.93882111816984,-34.56119325262307,-26.467524801572257,-8.093668451050814,10.256682293803596,0.060845170063383705,1767.0222718493658,1809.249842716547,-1,0.4626934273019764,-0.0012939367339462882,-0.017417959615288803,-0.050813361939461066,0.16443414003266696,0.17986053410791583,0.07,264.961,1.56,2.0,1.0
2021-03-08,1704.699951171875,1705.4000244140625,1673.699951171875,1677.699951171875,1290,25.217995556788594,-37.344751446039254,-28.642970130465656,-8.701781315573598,11.255197951008093,0.029887601754343827,1758.5153841657952,1804.0910234402854,-1,1.9745905403336905,-0.011955270216799208,-0.026008736620101613,-0.07355462557094272,0.15782366647883048,0.1806300128219454,0.07,264.961,1.59,2.0,1.0
2021-03-09,1686.199951171875,1717.5,1685.199951171875,1716.5999755859375,335,37.73196901562713,-35.99688481872181,-30.11375306811689,-5.883131750604921,11.141528164806989,0.2505870971570092,1754.5234404915232,1800.6600019558011,-1,0.5096219669886666,0.02318652056161219,-0.009520512510780899,-0.0629401426341506,0.17658443535221835,0.1837684114849321,0.07,264.961,1.55,2.0,1.0
2021-03-10,1713.5999755859375,1722.9000244140625,1711.0,1721.5,412,39.11409598014396,-34.13975790880454,-30.91895403625442,-3.220803872550121,10.76007602518356,0.29683133708059817,1751.378350920902,1797.555688153613,-1,0.6160747663551401,0.002854494048556644,0.00361449950176973,-0.06200623647386083,0.17700127545928973,0.18394450736867898,0.07,264.961,1.53,2.0,1.0
2021-03-11,1725.5999755859375,1737.5,1720.199951171875,1722.300048828125,18,39.350802814003735,-32.231865318918835,-31.181536292787303,-1.0503290261315321,10.07623691105434,0.3203045923235256,1748.608988816828,1794.6044866114369,-1,0.02801556420233463,0.00046473937155089295,0.012998528579545754,-0.06427248089045146,0.17610444909829864,0.1837418957415456,0.07,264.961,1.54,2.0,1.0
2021-03-12,1715.9000244140625,1722.5,1699.0,1719.5,80,38.782520857278676,-30.593128691264155,-31.063854772482674,0.470726081218519,9.523001901466749,0.3241235115006079,1745.8367041676063,1791.6592126266746,-1,0.12978585334198572,-0.0016257613358544587,0.012661955241460632,-0.057756602007775326,0.17508305761928525,0.18345613343372244,0.07,264.961,1.64,2.0,1.0
2021-03-15,1729.5,1731.9000244140625,1722.800048828125,1728.9000244140625,147,41.82012458589,-28.210719087378493,-30.49322763546184,2.282508548083346,8.782903863167807,0.4004162959086433,1744.223687048221,1789.1980679908859,-1,0.24066797642436152,0.005466719635977002,0.03051801557628009,-0.050889301940211684,0.17760309870125085,0.1816929560800959,0.07,264.961,1.62,1.0,1.0
2021-03-16,1732.300048828125,1733.9000244140625,1726.0,1730.5999755859375,729,42.376981769695504,-25.887060539713275,-29.571994216312127,3.6849336765988525,8.361007770170684,0.4297493071846593,1742.9261907184798,1786.9001035828487,-1,1.235174517112843,0.0009832559129330232,0.008155656646343212,-0.03705763264822626,0.1732256930640957,0.18162589822017872,0.07,264.961,1.62,1.0,1.0
2021-03-17,1735.300048828125,1750.0999755859375,1725.5999755859375,1726.800048828125,488,41.42257911669334,-24.07464916208346,-28.472525205466397,4.3978760433829365,8.241345981640116,0.4175770952605686,1741.3903676813031,1784.5432386905068,-1,0.8357595478677856,-0.0021957279622206727,0.0030787387906621166,-0.0250126629600097,0.16659201095598988,0.1778103704185348,0.07,264.961,1.63,1.0,1.0
2021-03-18,1745.800048828125,1750.300048828125,1721.800048828125,1732.199951171875,138,43.374268957372365,-21.949552321281317,-27.16793062862938,5.218378307348065,8.046985985976645,0.4688703961127284,1740.5150899185005,1782.4905607485996,-1,0.24579214533796417,0.003127115005246095,0.005748070639890024,-0.023232250296038037,0.16708961621073365,0.17805592321189426,0.07,264.961,1.71,1.0,1.0
2021-03-19,1742.199951171875,1742.199951171875,1733.5999755859375,1741.4000244140625,13,46.63650147233121,-19.30054408399633,-25.594453319702772,6.293909235706444,7.790550254704703,0.548611834119203,1740.5993693942683,1780.879167166853,-1,0.02337288745055735,0.0053112074249646035,0.0127362747392048,-0.01937156406587759,0.1684621835886891,0.1785305587975285,0.07,264.961,1.74,1.0,1.0
2021-03-22,1737.800048828125,1737.800048828125,1737.800048828125,1737.800048828125,51,45.53114435974343,-17.29233859914416,-23.93403037559105,6.641691776446891,6.8220107300518755,0.5543117340074523,1740.332767435588,1779.189789977099,-1,0.09264305177111716,-0.002067288121894273,0.00514779587505565,-0.03813577473064056,0.15407943998948728,0.17817715969801906,0.07,264.961,1.69,1.0,1.0
2021-03-23,1724.699951171875,1724.699951171875,1724.699951171875,1724.699951171875,6,41.66149871915062,-16.566916581036367,-22.460607616680115,5.893691035643748,5.632933371017481,0.4722512075494844,1738.843927791425,1777.052933553365,-1,0.011486551163013305,-0.00753832275760602,-0.003409236390440218,-0.04416984713135785,0.15533053635049543,0.17827057288705392,0.07,264.961,1.63,2.0,1.0
2021-03-24,1727.5,1732.9000244140625,1727.5,1732.9000244140625,26,44.82269179775985,-15.155632330081744,-20.999612559360443,5.843980229278699,4.309786500478733,0.6167403554900761,1738.2778417554857,1775.321446920451,-1,0.0579516326758052,0.00475449265051342,0.0035325315111480737,-0.03534847424682708,0.15703046076124436,0.17851294357336922,0.07,264.961,1.62,2.0,1.0
2021-03-25,1732.699951171875,1733.199951171875,1724.5,1724.9000244140625,15,42.40832203975161,-14.515388175287399,-19.702767682545836,5.187379507258438,3.391801325370878,0.5539403080766497,1737.0037639134455,1773.344136233926,-1,0.03778813452575891,-0.004616538685031757,-0.004214251797475144,-0.02789675344844844,0.15250149435982682,0.17863872987003787,0.07,264.961,1.63,2.0,1.0
2021-03-26,1721.300048828125,1732.199951171875,1721.300048828125,1732.199951171875,33,45.30352102221921,-13.266024515776508,-18.41541904919197,5.149394533415464,3.4183545422326773,0.6740488037015921,1736.5462579380578,1771.7306387805124,-1,0.10346449286722056,0.004232086877204555,-0.005283147532562538,0.002372533790788056,0.12144378386142299,0.17892639128587343,0.07,264.961,1.67,2.0,1.0
2021-03-29,1712.0999755859375,1712.0999755859375,1712.0999755859375,1712.0999755859375,135457,39.426366013722344,-13.739415433091608,-17.4802183259719,3.7408028928802928,3.4552860220804282,0.34305744697178625,1734.2180405711892,1769.3921814003331,-1,19.155477306634424,-0.011603727140356623,-0.014788855173250903,-0.0060377500226778125,0.1280431459071507,0.1794862637469161,0.07,264.961,1.73,2.0,1.0
2021-03-30,1711.0,1712.5999755859375,1676.5,1683.9000244140625,25316,32.96498214725861,-16.20329997252702,-17.224834655282926,1.021534682755906,3.884776734118108,-0.025244789424827718,1729.4258485562248,1766.0395477930285,-1,3.0523637854326675,-0.016470972241106496,-0.02365624625320495,-0.028388409131008818,0.1379439356012399,0.18197561718166194,0.07,264.961,1.73,2.0,1.0
2021-03-31,1683.699951171875,1713.800048828125,1676.5,1713.800048828125,762,43.53193089689199,-15.563853718569362,-16.892638467940213,1.3287847493708504,3.8895303059731003,0.4237186717193202,1727.9376771535485,1763.9909399904834,-1,0.09173041850498678,0.017756413077116395,-0.011021972021955317,-0.0008744825729031236,0.1492419326227915,0.17660228319243249,0.07,264.961,1.74,2.0,1.0
2021-04-01,1706.800048828125,1728.800048828125,1706.4000244140625,1726.5,720,47.32970243397419,-13.872395691432075,-16.288589912638585,2.41619422120651,3.771285160711398,0.5968797501562884,1727.8007555198772,1762.5207070496801,-1,0.08657071745482091,0.007410404253727965,0.0009275758381885879,0.015468797543487511,0.1476597753811106,0.17722139546836907,0.07,266.614,1.69,2.0,1.0
2021-04-05,1727.9000244140625,1729.699951171875,1721.9000244140625,1727.0,275,47.47946651403086,-12.349203269128793,-15.500712583936627,3.151509314807834,3.5885179754150704,0.586351611669892,1727.7244930894126,1761.1277381457712,-1,0.033070572601932524,0.0002896032435564244,-0.0030019347179620626,0.01707891637220249,0.1474732708456292,0.17141120999161807,0.07,266.614,1.73,2.0,1.0
2021-04-06,1726.9000244140625,1744.800048828125,1726.9000244140625,1741.5,890,51.76302442333138,-9.85839207479853,-14.372248482109008,4.513856407310477,2.8535863133353088,0.8381738840610579,1729.0364461285162,1760.3580229243685,-1,0.10728643670401601,0.008396062536189852,0.017171908669644687,0.038028283176357425,0.14150387920345478,0.17240103002170487,0.07,266.614,1.67,2.0,1.0
2021-04-07,1742.699951171875,1742.699951171875,1733.699951171875,1740.0999755859375,557,51.32773322183758,-7.906238333641113,-13.07904645241543,5.1728081187743165,2.9152738495031327,0.7796182382405554,1730.0901156006516,1759.5635896954104,-1,0.06705470917879049,-0.0008039186988587632,0.033374874016900424,0.0136898522277904,0.11774773027208854,0.15068179884829708,0.07,266.614,1.68,2.0,1.0
2021-04-08,1736.0,1758.0,1734.5999755859375,1756.800048828125,1298,56.07298625556149,-4.954473994797581,-11.45413196089186,6.499657966094279,3.285840912681387,1.0108986366106836,1732.633918765173,1759.4552155437523,-1,0.15543141798238522,0.009597191814547434,0.025090441577127365,0.020505401584737237,0.12172155961464755,0.15099865107412108,0.07,266.614,1.64,2.0,1.0
2021-04-09,1750.800048828125,1750.800048828125,1733.300048828125,1743.300048828125,484,51.68614405734994,-3.6622999516034724,-9.895765559034183,6.233465607430711,3.3596528195647695,0.748867899564865,1733.6497406759302,1758.8216795941198,-1,0.05779622055706481,-0.007684426015928891,0.009730697265059263,0.0121929973899082,0.12561192296384396,0.15154994018764611,0.07,266.614,1.67,2.0,1.0
2021-04-12,1740.800048828125,1740.800048828125,1726.699951171875,1731.199951171875,40,48.05707330340678,-3.5734272242250427,-8.631297892072356,5.057870667847313,3.3230369424299333,0.5307979584340605,1733.4164273898298,1757.7384745579534,-1,0.0047776881961241,-0.006940915113484825,0.0024319346681382914,0.006804275179921548,0.12827151881786966,0.15139012497579565,0.07,266.614,1.69,2.0,0.0
2021-04-13,1733.800048828125,1746.9000244140625,1722.0999755859375,1746.199951171875,367,52.50873456760145,-2.266493580561246,-7.358337029770134,5.091843449208888,3.426699937501734,0.7682477433105047,1734.6339058452627,1757.2859834447738,-1,0.043777771150806666,0.008664510410739235,0.0026987948158914143,0.010006319922215123,0.1304272915665135,0.1526985060421801,0.07,266.614,1.64,2.0,0.0
2021-04-14,1741.300048828125,1745.9000244140625,1732.699951171875,1734.9000244140625,1037,49.09520385245495,-2.118132392210782,-6.310296102258263,4.192163710047481,3.434135602733685,0.5738711770377384,1734.6592504708626,1756.4081026984716,-1,0.12347222470277962,-0.006471152831168725,-0.0029883059851915084,0.002484715641273061,0.13273713355078598,0.15158900144212717,0.07,266.614,1.64,2.0,0.0
2021-04-15,1740.0999755859375,1767.9000244140625,1740.0999755859375,1765.4000244140625,368,57.185619300161925,0.45529169999804253,-4.957178541807003,5.412470241805045,3.8440184834196707,0.9949300489549147,1737.5869432273578,1756.7607270794751,-1,0.043847890713898476,0.017580263744765956,0.004895250083624569,0.022353471446872497,0.14581942153686303,0.15564029306279598,0.07,266.614,1.56,2.0,0.0
2021-04-16,1770.4000244140625,1779.5,1770.0999755859375,1779.0,625,60.22149217246285,3.5512169847947916,-3.255499436486644,6.806716421281436,4.495340711388089,1.0670373536794324,1741.5310438723714,1757.6328554292998,-1,0.07425448497089224,0.007703622633885132,0.020478374446139203,0.027017694346696874,0.14753946814969943,0.15351411409682292,0.07,266.614,1.59,2.0,0.0
2021-04-19,1782.0999755859375,1788.5,1769.4000244140625,1769.4000244140625,144,57.14141506167369,5.170519745403453,-1.5702956001086248,6.740815345512078,4.810000101619936,0.897795666443631,1744.1852324953895,1758.0943130365454,-1,0.017094930284737433,-0.005396276327114924,0.02206566215319561,0.0160790166575433,0.14861570758083834,0.15380114328155436,0.07,266.614,1.61,2.0,0.0
2021-04-20,1769.300048828125,1777.300048828125,1765.5,1777.300048828125,1464,58.999813768830315,7.010482320273695,0.1458599839678392,6.864622336305856,5.229471247687333,0.9306559998572014,1747.3390245270787,1758.8474791460192,-1,0.1723528996256269,0.004464804060731575,0.017810158358656958,0.02272988772594209,0.1487507627495628,0.1539204556435231,0.07,266.614,1.58,2.0,0.0
2021-04-21,1783.0,1794.0999755859375,1777.699951171875,1792.300048828125,250,62.33899846304406,9.568738100354267,2.0304356072451246,7.538302493109143,5.821857126246969,1.0006923685565141,1751.621026841464,1760.159344623749,-1,0.029389636038747297,0.00843976795583301,0.03308549403787597,0.03919528008933848,0.14716975767735138,0.15505206715695746,0.07,266.614,1.57,2.0,1.0
2021-04-22,1794.199951171875,1794.199951171875,1779.5,1781.199951171875,159,58.53951995398078,10.578546227834977,3.740057731363095,6.838488496471882,6.118471348447732,0.8490990565645007,1754.4380672538841,1760.9844664491657,-1,0.018677207346368224,-0.0061932139451247314,0.008949771462168465,0.027872310045205184,0.14950414582053878,0.15544660519971662,0.07,266.614,1.57,2.0,1.0
2021-04-23,1786.0999755859375,1794.5,1772.0,1777.0,332,57.1209150626672,10.914114368385754,5.174869058767627,5.739245309618126,6.235468308085708,0.779553262425501,1756.5868227535143,1761.612526588414,-1,0.03892647351944565,-0.0023579335768069143,-0.0011242270938729426,0.030204634963487464,0.14851052820850613,0.15540130880714123,0.07,266.614,1.58,2.0,1.0
2021-04-26,1778.0,1779.699951171875,1770.800048828125,1779.199951171875,549,57.69916385173301,11.228141188871405,6.385523484788383,4.842617704083022,6.3824858969700955,0.7714026616221393,1758.7404540314535,1762.3022295132557,-1,0.06417524869370053,0.0012380141653769439,0.005538559185370051,0.0271331262699801,0.14815892006431527,0.1553044587817241,0.07,266.614,1.58,2.0,1.0
2021-04-27,1780.0,1782.0,1777.699951171875,1778.0,117,57.245695196570516,11.250494972533943,7.358517782337495,3.8919771901964477,6.220396504778747,0.7367106821862196,1760.5746965046485,1762.917828355873,-1,0.06544722268837053,-0.0006744330062985471,0.0003938283647357821,0.038490757171764756,0.14028417391458733,0.15485861467046028,0.07,266.614,1.63,2.0,1.0
2021-04-28,1768.199951171875,1774.0,1764.5999755859375,1773.199951171875,756,55.3710157906047,10.756887973757784,8.038191820621554,2.7186961531362304,5.149072123619438,0.6828036775982309,1761.777101711051,1763.3210488584614,-1,1.350723601929605,-0.0026996900045697103,-0.010656752293645488,0.05303160844652033,0.12366670484039706,0.15402759707065106,0.07,266.614,1.63,2.0,0.0
2021-04-29,1781.0,1789.0,1758.5999755859375,1768.0999755859375,196,53.37116327483892,9.840737566450798,8.398700969787404,1.4420365966633941,4.651816957552515,0.6065449970800001,1762.379280175326,1763.508457749735,-1,0.3688370342491532,-0.0028761424127984325,-0.007354578904697817,0.031683933487423044,0.11144636187636463,0.150627395342515,0.07,266.614,1.65,2.0,1.0
2021-04-30,1771.800048828125,1771.800048828125,1763.9000244140625,1767.300048828125,18,53.04753423092092,8.946998929715846,8.508360561773094,0.4386383679427528,4.3299944662869825,0.5770957748164269,1762.8479248089259,1763.6571475959465,-1,0.03626838605682047,-0.00045242167799219857,-0.0054586106763505615,0.023631652955763194,0.10946910340083657,0.15059499530974654,0.07,266.614,1.65,2.0,1.0
2021-05-03,1788.5,1793.0,1788.5,1791.4000244140625,18,60.766348829252024,10.067321424260854,8.820152734270646,1.2471686899902075,4.172907413313107,0.8634055844632069,1765.5671723903674,1764.745103549598,1,0.03723239218119764,0.013636606642951188,0.006857055742471196,0.03729011257328452,0.11784907517770592,0.14529883253164316,0.06,268.383,1.63,2.0,1.0
2021-05-04,1788.199951171875,1788.5,1774.800048828125,1775.800048828125,182,54.51853111103772,9.585897161857929,8.973301619788103,0.6125955420698261,4.021803945986457,0.6329551284118878,1766.5417320511062,1765.1786308154226,1,0.4062046646579623,-0.008708259112053973,-0.0012373178694460307,0.019695692694875033,0.12088208253721848,0.144129224660459,0.06,268.383,1.61,2.0,0.0
2021-05-05,1781.5,1784.0999755859375,1779.199951171875,1784.0999755859375,57,57.04884874304699,9.761574336816693,9.130956163193822,0.6306181736228709,3.8638561326217262,0.7274837552179373,1768.21394572109,1765.920644335835,1,0.13473584682661624,0.004673908395987247,0.0061470926653584,0.025285903463784676,0.12137148009487093,0.1423932075076676,0.06,268.383,1.59,1.0,2.0
2021-05-06,1788.9000244140625,1815.5,1787.5999755859375,1815.5,13,64.9853748603033,12.292815389124826,9.763328008380023,2.5294873807448024,4.439214884540995,1.0596370656573466,1772.7173794619387,1767.8649327932533,1,0.036231884057971016,0.017599924244015464,0.026808452614990985,0.03341299495695638,0.13135983363196604,0.14697837519177373,0.06,268.383,1.58,1.0,2.0
2021-05-07,1842.9000244140625,1842.9000244140625,1831.0999755859375,1831.0999755859375,2,68.13558949910848,15.380334888368225,10.886729384377665,4.49360550399056,5.062550141286706,1.114204885119548,1778.2776267118434,1770.3447383929665,1,0.005975500448162534,0.008592660746867153,0.03610022350201225,0.050364208282351,0.12865566579602486,0.14794007539905213,0.06,268.383,1.6,1.0,2.0
2021-05-10,1835.5999755859375,1845.5999755859375,1835.4000244140625,1837.5,13,69.35376587924577,18.13460043347436,12.336303594197005,5.798296839277356,5.347209235787438,1.0911644469724486,1783.917852739287,1772.9782780638307,1,0.03899805009749512,0.0034951802192091375,0.025734048765024387,0.06140252531555879,0.12375992910412477,0.1470488544452201,0.06,268.383,1.63,0.0,2.0
2021-05-11,1837.199951171875,1838.0999755859375,1831.5999755859375,1835.9000244140625,420,68.64721471631172,19.958205296049982,13.860683934567602,6.09752136148238,5.645843538886523,0.9981319557105862,1788.8685357559323,1775.4457975285457,1,1.25,-0.0008707350127551416,0.03384388666145055,0.05136872967038508,0.12259818600478241,0.14700895106029765,0.06,268.383,1.64,1.0,2.0
2021-05-12,1825.199951171875,1825.199951171875,1821.699951171875,1822.5999755859375,3,62.909797676449905,20.098539053419245,15.108254958337932,4.9902840950813125,5.265431335235537,0.8451816474585306,1792.0810538349804,1777.2949809817767,1,0.010552233556102708,-0.007244429789890039,0.021579508170418427,0.05055043514769353,0.12338465370692414,0.145089705290681,0.06,268.383,1.69,1.0,2.0
2021-05-13,1814.699951171875,1826.800048828125,1814.0999755859375,1823.800048828125,100,63.208596616450706,20.075176312234362,16.101639229117218,3.9735370831171437,5.341190413341136,0.821771881964807,1795.101910500994,1779.118709132614,1,0.369139904023625,0.0006584402821587787,0.004571770216538207,0.033080335111836945,0.11005264610826149,0.14174490161863615,0.06,268.383,1.66,1.0,2.0
2021-05-14,1824.5,1842.9000244140625,1824.5,1837.9000244140625,41,66.61194396185647,20.952879609475076,17.071887305188792,3.880992304286284,5.702913125929137,0.9097821239066096,1799.1779213498578,1781.4238587514944,1,0.1696317749275962,0.007731097274066512,0.0037136414826006714,0.033108501638033916,0.11007255554699749,0.14250649244128913,0.06,268.383,1.63,0.0,2.0
2021-05-17,1849.9000244140625,1867.5,1847.199951171875,1867.5,13,72.38672492556178,23.763011246824135,18.41011209351586,5.352899153308275,6.485280808586983,1.0708147021025503,1805.6847859832046,1784.7993937024162,1,0.05528386136508611,0.016105324115969877,0.01632653061224487,0.05544250832619002,0.11783859350539509,0.14594849066336302,0.06,268.383,1.64,0.0,2.0
2021-05-18,1870.5,1870.5,1867.800048828125,1867.800048828125,3,72.43876385338332,25.71781330514682,19.871652335842054,5.846160969304766,7.10565677681968,0.9867379019142677,1811.6005253017684,1788.054321354405,1,0.01850709438618137,0.0001606687165327525,0.017375687123400763,0.050919933333525735,0.11797524295352484,0.14188626851561195,0.06,268.383,1.64,0.0,2.0
2021-05-19,1866.4000244140625,1884.9000244140625,1863.5999755859375,1881.300048828125,348,74.7449052902178,28.033195962748096,21.50396106122326,6.529234901524834,7.93370911692884,0.9978933361092978,1818.2385751614213,1791.7110165494528,1,2.0838323353293413,0.007227754388629659,0.032206778244532996,0.04965686412729364,0.11724971900063741,0.14248179489686857,0.06,268.383,1.68,0.0,2.0
2021-05-20,1865.5,1885.0,1864.800048828125,1881.800048828125,85,74.82891126333459,29.56766162368649,23.11670117371591,6.45096044997058,8.483284750080019,0.9349239429874856,1824.2920488439645,1795.2439197760675,1,0.5205143906919779,0.0002657736602469374,0.031801731794703914,0.05647883472603055,0.11310309110671782,0.142082621079453,0.06,268.383,1.63,0.0,2.0
2021-05-21,1872.0999755859375,1876.699951171875,1872.0999755859375,1876.699951171875,5,72.19113353146128,30.026079503710434,24.498576839714815,5.5275026639956195,8.726782540170687,0.8581271180167475,1829.2832776370988,1798.4382739484522,1,0.03402517863218782,-0.00271022293756773,0.021111010524188956,0.05610576880803331,0.11332137582853893,0.13964342960002102,0.06,268.383,1.63,0.0,2.0
2021-05-24,1882.0999755859375,1884.5999755859375,1882.0999755859375,1884.5999755859375,39,73.73557446038568,30.67326264497933,25.73351400076772,4.939748644211612,8.972001447201384,0.8633945551609716,1834.5515345846072,1801.817164208746,1,0.3211198023878139,0.004209529823416602,0.009156613432898197,0.05924012326137973,0.11329205287444394,0.1275870933421536,0.06,268.383,1.61,0.0,2.0
2021-05-25,1882.5,1898.0999755859375,1882.5,1898.0999755859375,56,76.1710457659648,31.90768518990535,26.968348238595247,4.9393369513101035,9.256002491672707,0.8953111626408005,1840.6037670609244,1805.5929607333417,1,0.47297297297297297,0.007163323875032379,0.016222253970291423,0.06754779279299061,0.11343707509870518,0.12773112316132174,0.06,268.383,1.56,0.0,2.0
2021-05-26,1901.300048828125,1901.300048828125,1901.300048828125,1901.300048828125,170526,76.72206950731061,32.766481514339375,28.127974893744074,4.638506620595301,9.320224347659094,0.8725049093985437,1846.3843653244674,1809.3461798743135,1,19.812708408370028,0.0016859350315305832,0.010630946409881936,0.07224233091794918,0.11142490974226461,0.12738407031836602,0.06,268.383,1.58,0.0,2.0
2021-05-27,1896.800048828125,1903.9000244140625,1888.199951171875,1895.699951171875,35794,73.51815942502111,32.619189003760994,29.02621771574746,3.5929712880135334,8.999177047476685,0.8122614568953258,1851.0810877861252,1812.7326022781394,1,3.4461046713135906,-0.0029454044666445967,0.007386492710745873,0.0721678509970296,0.11147782281919771,0.1253297057065809,0.06,268.383,1.61,0.0,2.0
2021-05-28,1897.5,1905.4000244140625,1881.9000244140625,1902.5,2415,74.88941364835316,32.67451427659125,29.75587702791622,2.918637248675033,8.519668739907562,0.8288855165052077,1855.9781270445894,1816.252892384879,1,0.22985442553049737,0.0035870913136444305,0.013747561943513897,0.07650084730180629,0.11050384005232877,0.12345244389298508,0.06,268.383,1.58,0.0,2.0
2021-06-01,1905.0999755859375,1916.199951171875,1892.800048828125,1902.9000244140625,640,74.97151749038002,32.37741193048191,30.28018400842936,2.0972279220525536,8.300393462450089,0.8029722675101392,1860.4468791750155,1819.6508191311216,1,0.06073402766245166,0.00021026250410649538,0.009710309384056703,0.062241821190367475,0.10471059097508718,0.1233259251741363,0.08,270.654,1.62,0.0,2.0
2021-06-02,1899.199951171875,1908.800048828125,1896.0,1907.5,1267,75.9455118863173,32.142615701149225,30.652670346973334,1.489945354175891,7.587043000080781,0.81624156649149,1864.928128777395,1823.0958850475483,1,0.11961858006042296,0.0024173501113669005,0.004952333667862074,0.07416372764421619,0.0951345316728912,0.11986339541743715,0.08,270.654,1.59,0.0,2.0
2021-06-03,1908.800048828125,1908.800048828125,1865.0,1871.199951171875,1021,57.071063415455356,28.69663053574027,30.261462384726723,-1.5648318489864543,6.509361966865547,0.5332395981364982,1865.5254451959167,1824.9823190132083,1,0.09595684291648653,-0.019030169765727356,-0.015831324295606186,0.04882012038441519,0.12468348936839259,0.11976464282401897,0.08,270.654,1.63,0.0,2.0
2021-06-04,1869.300048828125,1895.5,1854.0,1889.800048828125,367,62.24833518865256,27.153525953816143,29.639875098544607,-2.4863491447284645,6.053480371570371,0.6671040427803456,1867.837312208508,1827.524190770656,1,0.034434550896518076,0.009940197809753748,-0.0031122553651503626,0.04092539180838606,0.11509202829883726,0.12098249624850937,0.08,270.654,1.56,0.0,2.0
2021-06-07,1890.5,1899.699951171875,1883.199951171875,1896.800048828125,87,64.00759197602231,26.193503549700836,28.950600788775855,-2.7570972390750192,5.826853976905641,0.7073176944103546,1870.5956680770428,1830.2408910866354,1,0.008159705125138927,0.0037040955757943195,-0.0029960321534165946,0.03588011256521595,0.11269151951240794,0.12103947908692145,0.08,270.654,1.57,0.0,2.0
2021-06-08,1896.5,1902.9000244140625,1890.0,1892.199951171875,930,61.96403608583355,24.775888422334674,28.11565831548762,-3.3397698931529476,5.585748827123556,0.645985714068852,1872.6532188479791,1832.6706581488017,1,0.08685095255883452,-0.002425188495272401,-0.005623034896687362,0.029768680909863843,0.11344404436931453,0.12114202803135224,0.08,270.654,1.53,0.0,2.0
2021-06-09,1894.9000244140625,1897.699951171875,1889.199951171875,1893.199951171875,148,62.246220548430685,23.462647072719164,27.18505606693393,-3.722408994214767,5.24698484095618,0.6362653256255414,1874.610050497874,1835.0443559144126,1,0.013839018551765411,0.0005284853745930462,-0.0074967490579948,0.031210809954697938,0.11316997055775284,0.1208924935068675,0.08,270.654,1.5,0.0,2.0
2021-06-10,1887.699951171875,1899.800048828125,1871.5,1894.199951171875,186,62.54546613264932,22.246145763787354,26.197274006304617,-3.951128242517264,4.4664625920548655,0.6291027053416228,1876.4757553239695,1837.3641831794112,1,0.017377412166991325,0.0005282062253282316,0.012291577918007057,0.03928452570231111,0.10840550808930616,0.12090460336325894,0.08,270.654,1.45,0.0,2.0
2021-06-11,1900.9000244140625,1902.300048828125,1875.199951171875,1877.4000244140625,349,54.701138045912835,19.699364019541918,24.897692008952077,-5.19832798941016,3.417023919947735,0.36624445840912306,1876.5637809515974,1838.9342161690054,1,0.032568122433743935,-0.00886914116295856,-0.006561553653124164,0.029389173237701183,0.1150081428764628,0.12255350953584099,0.08,270.654,1.47,0.0,2.0
2021-06-14,1866.199951171875,1866.5999755859375,1846.5,1864.0,41,49.38122360444603,16.41058020375999,23.20026964791366,-6.7896894441536695,2.733476626167714,0.04787388261571438,1875.3672303847786,1839.9171880839465,1,0.003826054497946995,-0.007137543538833557,-0.017292307034887267,0.01420097678830956,0.11638424077138051,0.12374085129945363,0.08,270.654,1.51,0.0,2.0
2021-06-15,1866.4000244140625,1867.199951171875,1854.4000244140625,1854.5,78,45.96798644191839,12.889047810155944,21.13802528036212,-8.248977470206174,2.99938996380395,-0.06857600397327851,1873.3798751100378,1840.4890630610466,1,0.007276628495463768,-0.005096566523605128,-0.019923872817207644,-0.006961178045515437,0.10298276847601419,0.12411448090840506,0.08,270.654,1.51,1.0,2.0
2021-06-16,1859.4000244140625,1860.0999755859375,1809.199951171875,1859.5,117,48.00501518293608,10.381989122173763,18.986818048724448,-8.604828926550685,3.1387827178049834,0.04801579097756358,1872.0579822424152,1841.2345899998293,1,0.010909141767560688,0.0026961445133459883,-0.017800524002240192,-0.004443756618023764,0.10353969340199536,0.12398710164463105,0.08,270.654,1.57,1.0,2.0
2021-06-17,1811.800048828125,1823.300048828125,1769.5999755859375,1773.800048828125,1135,28.30666207600801,1.4629927446912916,15.482052987917818,-14.019060243226527,6.094733003542282,-0.43413900354527035,1862.7000838220065,1838.5900981891743,1,0.10544113411926462,-0.04608763171383434,-0.06356240388944301,-0.057141336953115185,0.1930734601716823,0.15782000622137307,0.08,270.654,1.52,1.0,0.0
2021-06-18,1775.699951171875,1792.4000244140625,1767.9000244140625,1767.9000244140625,354,27.470915964100982,-6.012154430180999,11.183211504298056,-17.195365934479057,8.058351200695345,-0.21001522776474357,1853.6715067355356,1835.8179384332877,1,0.03284544547795226,-0.0033262060275397465,-0.05832534280176915,-0.060527166254987,0.192702688457725,0.15775329900327226,0.08,270.654,1.45,1.0,0.0
2021-06-21,1768.800048828125,1785.199951171875,1766.800048828125,1781.800048828125,38,32.525352702537305,-10.69140278281725,6.8082886468749955,-17.499691429692245,9.174719148440706,-0.01655466700598854,1846.8266059824489,1833.6995898213206,1,0.003525242592352079,0.007862449359187895,-0.04409868625100588,-0.05056743475934511,0.19659521360422874,0.15814584489538983,0.08,270.654,1.5,1.0,0.0
2021-06-22,1783.4000244140625,1786.9000244140625,1775.9000244140625,1776.300048828125,101,31.587346884759867,-14.674387642770853,2.511753388945826,-17.18614103171668,10.160730329112335,0.03176969581399628,1840.1097910153703,1831.4486274294306,1,0.009367029909575702,-0.0030867661069026164,-0.042167673859193844,-0.057465737111739634,0.19494937990400854,0.15812888449519977,0.08,270.654,1.48,1.0,0.0
2021-06-23,1780.699951171875,1793.199951171875,1780.5999755859375,1782.300048828125,136,33.82927984938041,-17.149097859056155,-1.4204168606545706,-15.728680998401584,10.753669846455702,0.1151780823598794,1834.6041012832518,1829.5212321901638,1,0.01260835303388495,0.003377807709884495,-0.04151651044467597,-0.061008338995455436,0.19280911494292277,0.15620982972898628,0.08,270.654,1.5,1.0,0.0
2021-06-24,1778.9000244140625,1786.4000244140625,1775.5999755859375,1775.5999755859375,78,32.546638282519964,-19.427020847157337,-5.021737657955124,-14.405283189202212,11.25897730891743,0.12921279643802389,1828.9846607406505,1827.4066731076452,1,0.03445077514244071,-0.0037592285578361695,0.0010147292300513033,-0.06611269658340535,0.19196631630410535,0.15231141883230326,0.08,270.654,1.49,1.0,0.0
2021-06-25,1777.699951171875,1788.0,1775.199951171875,1776.5999755859375,35,32.95522348873696,-20.910555714220664,-8.199501269208232,-12.711054445012431,11.632167180435596,0.17232348565736189,1823.9956431068683,1825.4142535969902,-1,0.07350624803108265,0.0005631899153806241,0.00492106513475421,-0.06282638532132301,0.19248470619996508,0.14827322138353174,0.08,270.654,1.54,1.0,1.0
2021-06-28,1779.5999755859375,1779.5999755859375,1779.5999755859375,1779.5999755859375,888,34.24208848743304,-21.595256185974222,-10.87865225256143,-10.716603933412792,11.742312954997141,0.2166204421531412,1819.767484295351,1823.6176152436155,-1,2.221110555277639,0.0016886187331002223,-0.001234747548488624,-0.06459922439635346,0.19171003263687325,0.14761828985178355,0.08,270.654,1.49,1.0,1.0
2021-06-29,1776.800048828125,1777.0999755859375,1752.0999755859375,1762.800048828125,419,30.68961900926864,-23.225767736421858,-13.348075349333516,-9.877692387088342,11.913790391696082,0.17480036079555414,1814.3420142508535,1821.2326126390865,-1,1.0778135048231512,-0.009440282641204889,-0.00760006734724028,-0.073624454142869,0.1924170819046966,0.14903162290905678,0.08,270.654,1.49,1.0,1.0
2021-06-30,1761.0999755859375,1770.800048828125,1759.199951171875,1770.800048828125,51,34.190872271820666,-23.600376298893252,-15.398535539245465,-8.201840759647787,11.717093381874971,0.2374029169240393,1810.1951604010699,1819.2548650386566,-1,0.155511510901052,0.0045382345010247516,-0.006452336691322724,-0.07166445670871557,0.19346927113688162,0.14835619934226563,0.08,270.654,1.45,1.0,1.0
2021-07-01,1775.699951171875,1781.199951171875,1768.800048828125,1775.9000244140625,44,36.39668081331092,-23.218087219342806,-16.962445875264933,-6.255641344077873,11.768870138226331,0.28387406179076835,1806.928956973736,1817.5546752102412,-1,0.15764958796130418,0.0028800403463464797,0.00016898447412172501,-0.05092984675321799,0.18573867581089598,0.14843321509869636,0.1,271.903,1.48,1.0,1.0
2021-07-02,1778.699951171875,1787.9000244140625,1778.300048828125,1782.5999755859375,23,39.27625613718873,-22.119510357330682,-17.993858771678084,-4.125651585652598,11.431710327296189,0.3349072298613643,1804.611911127279,1816.1839026759549,-1,0.08781977854142803,0.0037727074045654785,0.0033772374662006666,-0.05672561671731502,0.1814931671718762,0.14736932056806992,0.1,271.903,1.44,1.0,1.0
2021-07-06,1786.699951171875,1809.800048828125,1786.699951171875,1793.5,332,43.738949209768855,-20.137210180474767,-18.422529053437422,-1.7146811270373448,10.765671323098092,0.40655968644125756,1803.5536338770619,1815.2943378651332,-1,1.2110158672259712,0.006114677753476183,0.007810757813415892,-0.05446016773984452,0.1828478415127457,0.1469014406921994,0.1,271.903,1.37,1.0,1.0
2021-07-07,1798.699951171875,1808.4000244140625,1797.199951171875,1801.5,244,46.827621058807665,-17.716465481451223,-18.281316339040185,0.5648508575889615,9.99334621714018,0.4684936445700908,1803.358049698294,1814.7533834390497,-1,1.017302480717115,0.004460551993309192,0.021953681699522276,-0.04793359767063876,0.18465475874347229,0.14629426702296466,0.1,271.903,1.33,1.0,1.0
2021-07-08,1797.0,1818.5,1797.0,1799.5999755859375,148,46.17918954261923,-15.769542488392517,-17.778961568910653,2.0094190805181356,9.013011121880696,0.48208773532284627,1803.0001378780696,1814.1591321506924,-1,0.6170523243693976,-0.0010546902104149325,0.016263793745020294,-0.04944008979505832,0.1844006878626721,0.14538593178407802,0.1,271.903,1.3,1.0,1.0
2021-07-09,1803.5999755859375,1810.0999755859375,1798.800048828125,1810.0,218,50.24077407258757,-13.234834007941117,-16.870136056716746,3.6353020487756282,7.751105072098444,0.5839381971916512,1803.6667914134916,1813.9960289290966,-1,0.9028784427417685,0.005779075658564725,0.0192015176063689,-0.044451458844027236,0.18647833133011008,0.14503664147127124,0.1,271.903,1.37,1.0,1.0
2021-07-12,1802.5999755859375,1805.5,1799.5,1805.5,147,48.53408295054008,-11.457101335132393,-15.787529112399875,4.330427777267483,6.6533534704225215,0.5904041844284004,1803.8413827074448,1813.6628513240341,-1,0.6354009077155824,-0.0024861878453038555,0.012846418000502569,-0.038297658186354,0.1848337952561429,0.1409140970279841,0.1,271.903,1.38,1.0,1.0
2021-07-13,1808.0999755859375,1812.0,1800.5999755859375,1809.4000244140625,78,50.115702283995034,-9.622612520440953,-14.554545794008092,4.9319332735671395,5.710167294621882,0.6702912405666284,1804.3707771556942,1813.4956816412903,-1,0.3344768439108062,0.002160079985634278,0.008865360699226388,-0.029291832395889172,0.1843092137884347,0.14014494107818862,0.1,271.903,1.42,1.0,1.0
2021-07-14,1813.0999755859375,1829.0,1813.0999755859375,1824.300048828125,707,55.71511075442049,-6.887069620966031,-13.021050559399681,6.13398093843365,5.039736475379119,0.8749669170728627,1806.268803029259,1813.9193823152839,-1,2.671452862270924,0.00823478734001215,0.012656147004232565,-0.016284686531073067,0.18687699580471778,0.1405588722500299,0.1,271.903,1.37,1.0,1.0
2021-07-15,1831.5999755859375,1833.0,1823.4000244140625,1828.4000244140625,99,57.140725175750674,-4.338289301177838,-11.284498307755314,6.946209006577476,4.123812779090347,1.0353031413316756,1808.3765383992404,1814.4872506328832,-1,0.3753554502369668,0.0022474239303842403,0.016003583695731072,-0.01672491292602174,0.1867721041659523,0.14036674361768786,0.1,271.903,1.31,1.0,1.0
2021-07-16,1830.0999755859375,1831.4000244140625,1814.5,1814.5,78,51.131059841161324,-3.4007763053011786,-9.707753907264488,6.306977601963309,4.221905031559898,0.811524457879901,1808.9597252183603,1814.4877506080643,-1,0.36984352773826457,-0.007602288464482521,0.0024861878453039665,0.02294506147903408,0.077305170635427,0.140343462424791,0.1,271.903,1.31,1.0,1.0
2021-07-19,1803.300048828125,1813.4000244140625,1803.300048828125,1808.699951171875,33,48.82359514174258,-3.090184248606647,-8.38423997553292,5.294055726926272,4.127919866076236,0.7123268171213227,1808.9349848329807,1814.260778081155,-1,0.1693610469591994,-0.003196499767497918,0.001772335182428586,0.023078186658962663,0.07720677763126016,0.13989031711223843,0.1,271.903,1.19,1.0,1.0
2021-07-20,1812.9000244140625,1824.0,1810.9000244140625,1810.9000244140625,128,49.749949074951324,-2.6361227005534147,-7.234616520537019,4.598493819983604,4.170548560205659,0.719941976560644,1809.1221314597503,1814.1289838197004,-1,0.6420867820416354,0.001216383757163264,0.0008290040785678965,0.016331785154611644,0.07306274679345935,0.1397966302807263,0.1,271.903,1.23,1.0,1.0
2021-07-21,1807.0,1807.0,1800.0,1802.9000244140625,135,46.45692314357999,-2.888511827285811,-6.365395581886777,3.4768837546009665,4.079361278844593,0.5973302161322381,1808.5295498363514,1813.6886324704597,-1,0.6714747575230042,-0.004417692800345763,-0.011730539846123045,0.014974933769486887,0.07415465876781874,0.14011867242098786,0.1,271.903,1.3,1.0,1.0
2021-07-22,1793.5999755859375,1805.0,1793.5999755859375,1805.0,2,47.440398575581256,-2.8858156624312414,-5.669479597995671,2.7836639355644293,4.039538485536276,0.6115217877344239,1808.1934022328894,1813.3479017853435,-1,0.010290712631849755,0.0011647765031341795,-0.012798088001317653,0.012736324159784651,0.07352799050062545,0.14011916852915002,0.1,271.903,1.27,1.0,1.0
2021-07-23,1800.0,1801.4000244140625,1800.0,1801.4000244140625,1,45.88444835338121,-3.1379940340025314,-5.163182485197043,2.025188451194512,3.890901071400693,0.5458082154564746,1807.5464138691916,1812.8793575747052,-1,0.005249343832020997,-0.0019944463079986097,-0.007219606274972423,0.014530327316326419,0.07238303638865866,0.14006298176507959,0.1,271.903,1.3,1.0,1.0
2021-07-26,1802.5,1802.5,1797.199951171875,1798.699951171875,17,44.70026715486885,-3.515199523539195,-4.833585892865474,1.3183863693262792,3.729402322782381,0.4910577215100585,1806.7038936123042,1812.3233024216531,-1,0.08966244725738397,-0.0014988748782024386,-0.0055288330126402885,0.012439477591824621,0.07281202737384429,0.1399592038058957,0.1,271.903,1.29,1.0,2.0
2021-07-27,1803.699951171875,1803.699951171875,1799.5,1799.5,1,45.15195605917578,-3.706850077217041,-4.608238729735787,0.9013886525187464,3.589757725242741,0.48769837981794123,1806.0178085063706,1811.8204278168826,-1,0.0068846815834767644,0.0004447928225070896,-0.006295225722221298,0.011182302026898183,0.07270356443938279,0.13995106138060745,0.1,271.903,1.25,1.0,2.0
2021-07-28,1799.5,1799.5,1799.5,1799.5,209783,45.15195605917578,-3.8147603391901157,-4.449543051626653,0.6347827124365377,3.0385376005348417,0.45197074808522286,1805.397064839097,1811.337273784848,-1,19.765768906434758,0.0,-0.0018858640900887291,0.020819123074266033,0.06239387461943696,0.13720240006501058,0.1,271.903,1.26,1.0,2.0
2021-07-29,1806.5999755859375,1832.5999755859375,1806.0999755859375,1831.199951171875,30496,60.1204499719972,-1.3270613302822767,-3.825046707357778,2.4979853770755014,2.9015330920728344,0.997354543620431,1807.8544825850759,1812.1162023098295,-1,2.512916436629119,0.01761597731140596,0.014515208405470936,0.03410882125495829,0.08485947291020744,0.14047950088092162,0.1,271.903,1.28,1.0,2.0
2021-07-30,1828.0,1830.5,1808.9000244140625,1812.5999755859375,3100,51.27775874777464,-0.8466449303832633,-3.2293663519628755,2.382721421579612,2.505313095831322,0.6240313599817048,1808.3064342994437,1812.1351738108535,-1,0.25226838100663224,-0.010157260857305284,0.006217359287267632,0.02066555023782013,0.0945640635012626,0.14190171515773828,0.1,271.903,1.24,1.0,1.0
2021-08-02,1812.4000244140625,1818.699951171875,1804.800048828125,1818.0999755859375,1334,53.45770138037241,-0.021855501056279536,-2.5878641817815566,2.566008680725277,2.226715207413525,0.7318997256100102,1809.239152517205,1812.369087605955,-1,0.10798078362965992,0.00303431538898824,0.010785581220160267,0.019914731564119492,0.09431671991291883,0.1374515217415261,0.09,272.676,1.2,1.0,1.0
2021-08-03,1812.300048828125,1813.5,1806.0,1810.0999755859375,3341,49.9564645871907,-0.013580529349155768,-2.0730074512950765,2.0594269219459207,2.0869921898933983,0.5135036599716407,1809.3211356666081,1812.2801028208562,-1,0.2671838138270223,-0.00440019806799774,0.005890511578737101,0.009255631773592121,0.09413960170501032,0.1365796058070291,0.09,272.676,1.19,1.0,2.0
2021-08-04,1809.300048828125,1831.300048828125,1806.300048828125,1810.5,2860,50.132342525037494,0.02496825392881874,-1.6534123102502976,1.6783805641791163,2.0458962251292983,0.5124219425556158,1809.4334084602644,1812.2102948670972,-1,0.2263499877327804,0.0002209957568410914,0.006112809113642648,0.004995836802664355,0.092951675185207,0.13636742166900837,0.09,272.676,1.19,0.0,2.0
2021-08-05,1810.800048828125,1813.699951171875,1796.0,1805.0999755859375,588,47.6954613968574,-0.3758854247266754,-1.3979069331455731,1.0220215084188977,1.9935486689382473,0.3554976036579261,1809.0207005674713,1811.9314588168556,-1,0.04645540518119978,-0.0029826149760080467,-0.014252935933749211,0.00305623476028849,0.09356217322557729,0.1364777068095906,0.09,272.676,1.23,0.0,2.0
2021-08-06,1799.800048828125,1800.0999755859375,1758.4000244140625,1760.0,859,33.186343321887364,-4.2833798302467585,-1.9750015125658102,-2.3083783176809485,3.1426021204055723,-0.34162909967609617,1804.3520624181883,1809.8949310201162,-1,0.0676945627632621,-0.024984752199831983,-0.029019075523784132,-0.027624309392265234,0.12763351258125885,0.14514890385057985,0.09,272.676,1.31,1.0,1.0
2021-08-09,1753.5,1753.800048828125,1692.5999755859375,1723.4000244140625,1621,26.216438781746774,-10.215649797777587,-3.623131169608166,-6.592518628169421,5.157666376252046,-0.36327571099300887,1796.6423445130335,1806.5029738983103,-1,0.12700725923662448,-0.020795440673828103,-0.05208731777324571,-0.04547215485236089,0.14542864906043335,0.15103412110848813,0.09,272.676,1.33,2.0,1.0
2021-08-10,1728.5999755859375,1735.199951171875,1720.0999755859375,1728.800048828125,1363,28.59914475242425,-14.316250818535764,-5.761755099393686,-8.554495719142079,6.300714431837442,-0.1250839037270685,1790.1811734954233,1803.4558003661461,-1,0.1062577471486595,0.0031333551918095726,-0.04491460574242334,-0.04454513899547352,0.14586583418773608,0.15020461645294705,0.09,272.676,1.36,1.0,1.0
2021-08-11,1727.300048828125,1752.199951171875,1727.300048828125,1750.4000244140625,542,37.3186422204394,-15.64274928300324,-7.737953936115598,-7.904795346887643,6.610983056812674,0.11606919930214435,1786.3924926305317,1801.3751817013585,-1,0.04228082424204602,0.012494201166051155,-0.033195236446251,-0.040508700562461586,0.1505744543412036,0.1486530843819026,0.09,272.676,1.35,1.0,1.0
2021-08-12,1749.699951171875,1752.4000244140625,1745.5,1749.0,739,37.00321833833784,-16.61544661687867,-9.513452472268213,-7.101994144610458,6.782008381062534,0.1460679199595862,1782.8313028561954,1799.3212530071876,-1,0.05750502877196805,-0.0007998311211925291,-0.031078597498583105,-0.04342595895529333,0.14980373667431746,0.14863189406835797,0.09,272.676,1.36,1.0,1.0
2021-08-13,1758.300048828125,1777.300048828125,1757.4000244140625,1775.199951171875,436,46.17226891973233,-15.098157008718545,-10.63039337955828,-4.467763629160265,6.734058295833892,0.37680710220675884,1782.1045074576887,1798.3753196018813,-1,0.03387999797963315,0.014979960647155455,0.008636335893110747,-0.021658886099820918,0.15996936174257137,0.15126715647520278,0.09,272.676,1.29,1.0,1.0
2021-08-16,1776.9000244140625,1787.800048828125,1771.9000244140625,1786.9000244140625,219,49.69356337754284,-12.803999398860242,-11.065114583418673,-1.738884815441569,6.670740084543432,0.4827381670393452,1782.5612233582956,1797.9253080258884,-1,0.017005416108555122,0.006590848109512271,0.03684576946759033,-0.012052815473173495,0.16200946679677952,0.15203631454119354,0.09,272.676,1.26,1.0,1.0
2021-08-17,1787.699951171875,1794.199951171875,1780.0,1785.0,200,49.131466361740415,-11.012236844123208,-11.05453903555958,0.04230219143637193,6.581302803055911,0.47734841443471954,1782.7934878003628,1797.4184332013438,-1,0.015525720296386,-0.001063307621077203,0.032508068940633406,-0.014302293922847986,0.16187146582360998,0.1519880890186422,0.09,272.676,1.26,0.0,1.0
2021-08-18,1787.800048828125,1791.5,1779.0,1781.5999755859375,263,48.08334080204105,-9.754165714962483,-10.794464371440162,1.0402986564776793,6.5436082598250165,0.45723120890244334,1782.6798199704174,1796.7981015301514,-1,0.02040618392722053,-0.0019047755821078871,0.017824469113749686,-0.011814326107764894,0.16135223207857535,0.15163878807913797,0.09,272.676,1.27,1.0,1.0
2021-08-19,1780.0,1789.300048828125,1775.5,1780.199951171875,245,47.63273440180198,-8.769021726970323,-10.389375842546194,1.6203541155758714,6.484921928868541,0.4554320619583467,1782.4436419896037,1796.147193672964,-1,0.018991659173358967,-0.0007858242216253197,0.01783873709083772,-0.013739639239958468,0.16121880421157328,0.1507032748707999,0.09,272.676,1.24,1.0,1.0
2021-08-20,1784.0999755859375,1787.5,1778.199951171875,1781.0,235,47.933017369535804,-7.833431838670549,-9.878187041771065,2.0447552031005163,6.438270068315825,0.4709264276595715,1782.3061522763082,1795.5531860779458,-1,0.018199982961718077,0.0004494151500220589,0.003267265089938798,-0.01132453876850481,0.16119003694210066,0.15062812951429896,0.09,272.676,1.26,1.0,1.0
2021-08-23,1776.800048828125,1804.800048828125,1776.800048828125,1803.199951171875,32,55.54969771897392,-5.240213663600343,-8.950592366136922,3.7103787025365786,6.4663628950065455,0.661486433953577,1784.2960378854098,1795.8530592188843,-1,0.002478151608668884,0.012464879939289686,0.009121901916788744,0.0025018069284252764,0.16753987176018656,0.1530787483232161,0.09,272.676,1.25,1.0,1.0
2021-08-24,1801.0,1805.5999755859375,1801.0,1805.5999755859375,22,56.29407306150676,-2.957317548522269,-7.751937402613992,4.794619854091723,6.507371204419512,0.6784788883321987,1786.324984333079,1796.2352912332785,-1,0.0017035907045896282,0.0013309807448158573,0.01154060256915268,0.0033898169413377754,0.16759175472136859,0.15287088678919306,0.09,272.676,1.29,1.0,1.0
2021-08-25,1792.0,1792.9000244140625,1784.0,1788.199951171875,812,49.7847944621272,-2.52305823727761,-6.706161569546715,4.183103332269106,6.468902311203291,0.5337445649073231,1786.5035526034405,1795.9201798583215,-1,0.32936499888453974,-0.009636699517796554,0.0037045215965312295,-0.006279549223742742,0.1712073212408171,0.15391302801710993,0.09,272.676,1.35,1.0,1.0
2021-08-26,1787.4000244140625,1792.199951171875,1781.0,1792.199951171875,61,51.18226490432992,-1.8349854636553573,-5.731926348368444,3.8969408847130866,6.030402128146102,0.5915954034574304,1787.0460667528152,1795.7742885372845,-1,0.06464603645612547,0.002236886315413855,0.006740815823582436,-0.02129751039750849,0.1582802605994393,0.15389622898612432,0.09,272.676,1.34,1.0,1.0
2021-08-27,1803.4000244140625,1816.5999755859375,1803.0999755859375,1816.5999755859375,1219,58.72765186731757,0.6714551010011292,-4.451250058494529,5.122705159495658,6.083176935894121,0.8139639717023035,1789.860724736922,1796.5909821470357,-1,1.4348772879759875,0.013614565940651913,0.01998875664566957,0.0022067748283549626,0.16247989121362613,0.15199554810683183,0.09,272.676,1.31,0.0,1.0
2021-08-30,1818.199951171875,1820.300048828125,1807.800048828125,1809.0,684,55.83296746258473,2.021272817440831,-3.156745483307457,5.178018300748288,5.96594761639809,0.7530119152183639,1791.6835128572152,1797.0776102981324,-1,0.8371580686616487,-0.004183626383395755,0.0032165311585969913,-0.005005211874008597,0.16278086938806705,0.15061989337869225,0.09,272.676,1.29,1.0,1.0
2021-08-31,1815.9000244140625,1815.9000244140625,1801.0999755859375,1815.0,82,57.60941242855432,3.5344203409483725,-1.8185123184562912,5.352932659404663,6.027537737495402,0.803961183378556,1793.9041306803376,1797.7804491099705,-1,0.12536309432808437,0.0033167495854062867,0.005206039289523234,0.0027070462848199917,0.16247139070697403,0.15057352296829132,0.09,272.676,1.3,1.0,1.0
2021-09-01,1813.5,1815.9000244140625,1809.5,1813.0999755859375,114,56.82990000227357,4.528087588831568,-0.5491923369987195,5.077279925830287,6.058937041763731,0.7835672294851775,1795.732306385633,1798.381214854126,-1,0.22058823529411767,-0.0010468454071970168,0.01392463096632146,0.0014360538999931283,0.16252487882889824,0.15053378135755294,0.08,273.91,1.31,1.0,1.0
2021-09-02,1813.199951171875,1813.9000244140625,1806.800048828125,1808.699951171875,26,54.974773069965075,4.904000578058913,0.541446246012807,4.3625543320461055,6.094619216716153,0.7397231062146805,1796.967320174799,1798.7858711803124,-1,0.053202373644362595,-0.002426796356136185,0.009206562018490683,0.0019943358454530546,0.1623977490788909,0.15055177088299523,0.08,273.91,1.29,1.0,2.0
2021-09-03,1820.9000244140625,1833.9000244140625,1818.9000244140625,1830.9000244140625,53,61.757800930534195,6.913579268960802,1.8158728506024062,5.097706418358396,6.396577231857056,0.8912281977319092,1800.1990062928242,1800.0452497384988,1,0.11819803746654774,0.012274049782443841,0.007871875492849068,0.04028410478071742,0.1372009238601568,0.15286096299675878,0.08,273.91,1.33,0.0,1.0
2021-09-07,1825.699951171875,1825.699951171875,1792.699951171875,1795.9000244140625,48,49.17885099286788,5.617225488112354,2.576143378104396,3.0410821100079577,5.5209043543071585,0.5614791861717419,1799.7895794472279,1799.8826918826385,-1,0.12981744421906694,-0.0191162813552318,-0.007241556432248442,0.04206800451024084,0.1334774841123558,0.15671856892591782,0.08,273.91,1.38,1.0,1.0
2021-09-08,1781.699951171875,1790.699951171875,1781.699951171875,1790.699951171875,69,47.62671665208046,4.12272907082729,2.885460516648975,1.2372685541783155,4.542294089712763,0.47274017731605894,1798.923900563861,1799.522584403785,-1,0.2261924274709064,-0.0028955249019967377,-0.0133884566546143,0.035805125286587636,0.13454856153521189,0.1562149552446257,0.08,273.91,1.35,1.0,1.0
2021-09-09,1798.699951171875,1798.699951171875,1787.9000244140625,1797.4000244140625,49,49.82407598157929,3.4393234290739656,2.996233099133973,0.4430903299399924,3.983277418339067,0.5297863811187039,1798.7787695019754,1799.4393467571292,-1,0.1747503566333809,0.0037415945858505495,-0.008659175656764995,0.026851005109950865,0.12883531741023735,0.15619257135910397,0.08,273.91,1.3,1.0,1.0
2021-09-10,1789.5999755859375,1789.5999755859375,1789.5999755859375,1789.5999755859375,0,47.33424868772204,2.242470972134015,2.8454806737339817,-0.6030097015999667,3.2255369292661618,0.36717846927702424,1797.904598652829,1799.0534890641413,-1,0.0,-0.0043396287538539635,-0.010560057556015523,0.023213250763829407,0.130220123091359,0.15624038857272524,0.08,273.91,1.35,1.0,1.0
2021-09-13,1789.800048828125,1796.0,1784.0,1792.0,533,48.192132956872136,1.4706657699878178,2.570517692984749,-1.099851922996931,3.036528345184818,0.3875482001594555,1797.3422559239882,1798.7768816498613,-1,2.1465968586387434,0.0013410954664752062,-0.021246394612131625,0.009463750163487106,0.11974651261776033,0.1225029143470737,0.08,273.91,1.33,1.0,1.0
2021-09-14,1791.4000244140625,1806.199951171875,1783.0,1804.699951171875,764,52.59277487125682,1.8623168786552924,2.4288775301188577,-0.5665606514635653,2.994380771372166,0.6052532194565187,1798.0429888047393,1799.0091588860187,-1,2.772636545091635,0.007087026323590928,0.004900009264537708,0.009961344515426518,0.1200916570581599,0.12308439803080388,0.08,273.91,1.28,1.0,1.0
2021-09-15,1803.699951171875,1803.699951171875,1792.4000244140625,1792.4000244140625,59,48.31256040785998,1.166752314980613,2.176452487091209,-1.009700172110596,2.9288429291300675,0.36717751660513964,1797.5055636246748,1798.7499771420205,-1,0.21973929236499068,-0.006815496808666444,0.0009493903437451934,0.0041456719406511855,0.12280517459192737,0.12294415377259707,0.08,273.91,1.31,1.0,1.0
2021-09-16,1792.9000244140625,1792.9000244140625,1743.9000244140625,1754.5999755859375,1645,38.06092221013747,-2.406890509685809,1.2597838877358054,-3.6666743974216143,3.561348442266,-0.1785371256027378,1793.419317144795,1797.018604531978,-1,4.872630331753554,-0.021089069578919428,-0.023812199981513515,-0.015154917136278145,0.1446209703211063,0.13040953784022327,0.08,273.91,1.34,1.0,1.0
2021-09-17,1758.800048828125,1763.0,1749.4000244140625,1749.4000244140625,581,36.900911760624524,-5.594135089620295,-0.11099990773541454,-5.48313518188488,4.202894811142189,-0.12392816098919848,1789.227003551392,1795.1512092332364,-1,1.639390519187359,-0.0029636106487113123,-0.022463093272401813,-0.01730138613785348,0.14483271645418955,0.13031403502812103,0.08,273.91,1.37,1.0,1.0
2021-09-20,1751.800048828125,1761.800048828125,1750.9000244140625,1761.800048828125,185,41.48113305078894,-7.038337470046827,-1.496467420197697,-5.54187004984913,4.475498570195889,0.08001472039374115,1786.6149126253665,1793.8433205898987,-1,0.5257175333901677,0.0070881583634456735,-0.016852651323590928,-0.010780432999368372,0.14751135902005602,0.13097564857361027,0.08,273.91,1.31,1.0,1.0
2021-09-21,1762.199951171875,1776.0,1759.0,1776.0,106,46.289235424347766,-6.956866449889276,-2.588547226136013,-4.368319223753263,4.557732844475846,0.27755882962882933,1785.6039685658077,1793.1435825275498,-1,0.2980877390326209,0.00805991076076995,-0.015902893527114492,-0.015084267917264582,0.14319105424801257,0.13203347133398044,0.08,273.91,1.33,1.0,1.0
2021-09-22,1776.699951171875,1784.300048828125,1767.0,1776.699951171875,17,46.5224816475002,-6.757918788477809,-3.4224215386043726,-3.3354972498734368,4.5978103645697415,0.30534248561216787,1784.7559669092427,1792.498734239092,-1,0.04784015759110736,0.000394116650830556,-0.008759246277805555,-0.016005773595939576,0.14304831981641214,0.13198924588258587,0.08,273.91,1.32,1.0,1.0
2021-09-23,1766.800048828125,1766.800048828125,1738.199951171875,1747.699951171875,31,38.97132625460856,-8.838425107446255,-4.505622252372749,-4.332802855073506,5.0983951171308926,0.028795296292668564,1781.226822553303,1790.7419192168484,-1,0.09800822004426177,-0.01632239590082285,-0.00393253420156825,-0.02264847394356473,0.15045230282266842,0.1348651234693623,0.08,273.91,1.41,1.0,1.0
2021-09-24,1749.699951171875,1749.699951171875,1745.0,1749.699951171875,76,39.698263687134734,-10.208184472935045,-5.646134696485208,-4.562049776449837,5.4801404729163234,0.10318279141032122,1778.2242633741193,1789.1324302739083,-1,0.23970982494874624,0.0011443611923540598,0.00017144549767156292,-0.023713871865809533,0.1501768947173776,0.1345424027736418,0.08,273.91,1.47,2.0,1.0
2021-09-27,1751.699951171875,1754.4000244140625,1747.5,1750.0,808,39.81408928744474,-11.141089659345653,-6.745125689057297,-4.3959639702883555,5.599797774601668,0.14724860823726488,1775.53623829087,1787.5978251651277,-1,2.725126475548061,0.00017148587557769268,-0.006697723067934924,-0.03666188290267702,0.1399462056092657,0.13439241579148808,0.08,273.91,1.48,2.0,1.0
2021-09-28,1739.5999755859375,1741.699951171875,1726.800048828125,1735.800048828125,15748,36.26406870661627,-12.877793934098008,-7.97165933806544,-4.906134596032568,5.96308942432253,0.06884878748237096,1771.751839294418,1785.5665398185786,-1,15.002381632847479,-0.00811425781249997,-0.022635107641821528,-0.040464317950179685,0.14151299457622665,0.13508980330668294,0.08,273.91,1.54,2.0,1.0
2021-09-29,1732.4000244140625,1744.0999755859375,1721.4000244140625,1721.5,6634,33.06651489748843,-15.232448825858683,-9.423817235624089,-5.808631590234594,6.40045504259413,0.012624546888056486,1766.9659498378066,1783.05412649236,-1,4.816670296957816,-0.008238304197409896,-0.031068808852877106,-0.051515151515151514,0.14164939920713604,0.13532811451311685,0.08,273.91,1.55,2.0,1.0
2021-09-30,1725.5,1760.300048828125,1724.5,1755.300048828125,997,45.335559165290505,-14.20737456016991,-10.380528700533254,-3.8268458596366557,6.207940640408579,0.32984002715738586,1765.8549116464085,1781.965731289841,-1,0.701396461359879,0.019634068445033348,0.004348628407956356,-0.03187906212349567,0.16193597350254432,0.1411216689885191,0.08,273.91,1.52,2.0,1.0
2021-10-01,1754.300048828125,1762.5999755859375,1748.5,1757.0,2220,45.87294411985445,-13.106737653852178,-10.92577049119704,-2.180967162655138,5.999003522841993,0.36397810587549295,1765.011586727703,1780.9866830039648,-1,1.4498906051007412,0.0009684675694106026,0.004172171819080139,-0.028584039679095508,0.1621595893414341,0.1411444781762642,0.08,276.55,1.48,2.0,1.0
2021-10-04,1764.5,1768.9000244140625,1749.5,1766.199951171875,417,48.806083542081424,-11.361151520902467,-11.012846697138126,-0.3483048237643409,5.158807398050229,0.4778550243944431,1765.1247642938145,1780.4068111674123,-1,0.26914512537515733,0.0052361702742600436,0.009257114955357082,-0.035337851537193155,0.15615047642804208,0.14104810688341352,0.08,276.55,1.49,2.0,1.0
2021-10-05,1764.300048828125,1764.300048828125,1749.0,1759.5999755859375,98,46.84488323513248,-10.390549024496522,-10.888387162609806,0.49783813811328415,4.972438487019657,0.4225235848923199,1764.5985939406833,1779.590856830884,-1,0.06315043335373909,-0.003736822425772557,0.013711214476506361,-0.0202127336347514,0.14216059835005718,0.14115055898805826,0.08,276.55,1.54,2.0,1.0
2021-10-06,1759.300048828125,1762.9000244140625,1744.699951171875,1760.5,56,47.15672505996012,-9.439897838731895,-10.598689297834225,1.1587914591023303,4.819124017534204,0.4483260783243048,1764.208251660618,1778.8421957786925,-1,0.036101083032490974,0.0005114937636678807,0.022654661632297346,-0.016864886354696962,0.14207831859700795,0.1410619792635289,0.08,276.55,1.53,2.0,1.0
2021-10-07,1762.4000244140625,1762.4000244140625,1752.800048828125,1757.9000244140625,336,46.31148961663465,-8.794913932652207,-10.237934224797822,1.443020292145615,4.52564119391621,0.43708003676987445,1763.607468113327,1778.02093415655,-1,0.21462105969148224,-0.0014768392990273105,0.0014812143300932945,-0.021976187528358726,0.14104830959033318,0.1399146839823905,0.08,276.55,1.58,2.0,1.0
2021-10-08,1757.0,1780.0,1754.199951171875,1756.300048828125,254,45.76783484975724,-8.31699110217869,-9.853745600273996,1.5367544980953056,4.3190784835810065,0.4348632722089488,1762.9115234194983,1777.169134731906,-1,0.1609377475051481,-0.0009101630147998474,-0.0003983785838788112,-0.018607469385391373,0.1405284945626467,0.13978830302983578,0.08,276.55,1.61,2.0,1.0
2021-10-11,1756.5999755859375,1757.800048828125,1752.199951171875,1754.5999755859375,128,45.16118411212056,-7.983387991045447,-9.479674078428287,1.49628608738284,4.023041340557977,0.432396597195724,1762.1199474353496,1776.2840696673584,-1,0.0821566110397946,-0.0009679856487631033,-0.006567758977821803,-0.020870549338204536,0.1402705515448829,0.13903610245567777,0.08,276.55,1.61,1.0,2.0
2021-10-12,1751.9000244140625,1768.0,1749.800048828125,1758.300048828125,139,46.813551910643454,-7.33587671381747,-9.050914605506124,1.7150378916886542,3.260473073028871,0.5215583154828357,1761.7561475679947,1775.5788139481729,-1,0.09104306533486163,0.002108784505683081,-0.000738762659609371,-0.025710591011885553,0.13754385402046512,0.13903083881182235,0.08,276.55,1.59,1.0,2.0
2021-10-13,1760.800048828125,1794.5,1760.800048828125,1793.699951171875,150,59.41367547705882,-3.921043740262121,-8.024940432457324,4.103896692195203,3.2972852987299723,1.131195618287629,1764.798414577888,1776.289446780475,-1,0.09795598511069027,0.020133026992374514,0.018858251162666928,0.0007252436621882907,0.1549753567088991,0.14515745585774187,0.08,276.55,1.56,1.0,1.0
2021-10-14,1792.199951171875,1799.9000244140625,1792.0,1796.699951171875,337,60.27262483970046,-0.9616043024020655,-6.612273206446273,5.650668904044207,3.827249925106698,1.0564351029801362,1767.8366561582677,1777.0898587173926,-1,0.2298928985606112,0.0016725205339054305,0.022071748233091437,0.02399405914267061,0.13287699938599962,0.14492938767110194,0.08,276.55,1.52,1.0,1.0
2021-10-15,1794.5,1795.4000244140625,1766.5999755859375,1767.199951171875,874,49.2376655183827,-0.9852730698632968,-5.486873179129677,4.501600109266381,3.8086966536881914,0.6055368013370978,1767.7760175881351,1776.7020192058037,-1,0.5903211644321367,-0.0164189908174478,0.0062061732282150395,0.010174875105408931,0.14655869969091012,0.14878955840643052,0.08,276.55,1.59,1.0,1.0
2021-10-18,1761.5999755859375,1770.0999755859375,1759.5,1764.800048828125,266,48.46035691061718,-1.184033994072479,-4.626305342118238,3.442271348045759,3.8146718183932644,0.5673885567438015,1767.4925919919438,1776.2352752694242,-1,0.17917284116933854,-0.0013580253565299572,0.005813332602367716,0.0017028039033120113,0.14459707892696042,0.1487652126179329,0.08,276.55,1.59,1.0,1.0
2021-10-19,1777.5999755859375,1785.0,1767.5,1769.699951171875,51,50.18936351633367,-0.9353896993609396,-3.8881222135667786,2.952732514205839,3.7606617346024054,0.6471601067968347,1767.7028166757468,1775.9789880499125,-1,0.03441643891082093,0.002776463173266297,0.006483479512696233,-0.0035473247906109284,0.14194755918616542,0.14888082358983395,0.08,276.55,1.65,1.0,1.0
2021-10-20,1774.5999755859375,1785.5999755859375,1774.0,1784.0999755859375,127,54.970318039024704,0.4187966921970201,-3.026738432414019,3.4455351246110393,3.8614185241636756,0.8496937781006265,1769.2644508576698,1776.2974581493645,-1,0.08538676169025448,0.00813698638830096,-0.005352052097490234,0.004165038902140816,0.14496563945959276,0.14986232749492961,0.08,276.55,1.65,1.0,1.0
2021-10-21,1782.0,1785.699951171875,1781.0,1781.199951171875,146,53.849342754178586,1.243655345518846,-2.1726596768274464,3.4163150223462924,3.9305105782226506,0.7771603322738689,1770.4011651733083,1776.4897127776983,-1,0.09778313575781931,-0.0016254831308486484,-0.008626927378659,0.01916804997192889,0.13126461463282735,0.14989276775842864,0.08,276.55,1.68,1.0,1.0
2021-10-22,1787.0999755859375,1806.9000244140625,1784.0,1795.5,532,58.35868101808811,3.016484050558347,-1.1348309313502878,4.151314981908635,4.199232132413004,0.921194963840991,1772.791530394898,1777.2352142373963,-1,0.35094663236361234,0.008028323164233742,0.01601406157201324,0.026175944508342708,0.13363157059672726,0.14634998964726853,0.08,276.55,1.66,1.0,1.0
2021-10-25,1794.300048828125,1809.0,1794.0,1806.0,140,61.34526088415407,5.208683360198393,0.1338719269594483,5.074811433238945,4.594397457576961,0.9792002261816319,1775.9542417858602,1778.363245051616,-1,0.09443507588532883,0.005847953216374213,0.023345393263805025,0.03200000000000003,0.1345093077776844,0.1454132313951121,0.08,276.55,1.64,1.0,1.0
2021-10-26,1808.800048828125,1808.800048828125,1788.5999755859375,1792.699951171875,359,55.8783516686552,5.805887660832923,1.2682750737341433,4.53761258709878,4.449774830009703,0.7889847567401141,1777.5490712511948,1778.925468821038,-1,0.5034710048383704,-0.007364368121885345,0.012996553446684267,0.03278021704295053,0.13380974502184076,0.14603430744005183,0.08,276.55,1.63,1.0,1.0
2021-10-27,1791.5,1798.0999755859375,1791.5,1797.9000244140625,543,57.474067658022214,6.6224394637174555,2.339107951730806,4.283331511986649,3.872296454521889,0.851458786633271,1779.4872572667061,1779.6695690403724,-1,1.3292533659730723,0.0029006935816493495,0.007735019907498586,0.04437991543076536,0.12863963863323727,0.14590964631905207,0.08,276.55,1.54,1.0,1.0
2021-10-28,1795.5,1807.300048828125,1795.5,1801.5999755859375,452,58.62078744191337,7.481871431668424,3.36766064771833,4.114210783950094,3.973059840318458,0.8617255108200328,1781.5932304399662,1780.5295849833358,1,1.1855737704918032,0.002057929318445284,0.011452967085834986,0.026377214988812403,0.11131418406253833,0.14597600813604414,0.08,276.55,1.57,1.0,1.0
2021-10-29,1793.0999755859375,1797.0,1774.5999755859375,1783.0,583,51.15324476332475,6.586193337804161,4.011367185735496,2.574826152068665,3.857012326096889,0.5820527948198073,1781.7272084933027,1780.6264640035972,1,1.9472277889111558,-0.01032414289408956,-0.00696184906711228,0.014797951052931024,0.11879925565979892,0.1473832183929574,0.08,276.55,1.55,1.0,1.0
2021-11-01,1787.5,1795.0999755859375,1786.699951171875,1795.0999755859375,142,55.15539232750681,6.774635124819497,4.564020773552296,2.2106143512672007,3.901972610332907,0.7345512893844436,1783.0008053592678,1781.1940526931007,1,0.49711185016628745,0.0067863015064146825,-0.006035450949093302,0.01636282709377679,0.119693863647184,0.1384406824834624,0.08,278.919,1.58,1.0,1.0
2021-11-02,1790.5,1795.5,1787.699951171875,1788.699951171875,213,52.69605932911036,6.334527624352631,4.918122143712363,1.4164054806402682,3.7957326763323986,0.6246767041151715,1783.5435811509446,1781.4884016530527,1,0.7309540150995196,-0.0035652746371263033,-0.002231271327577833,0.016537835865931605,0.11960848353925155,0.1313901684251699,0.08,278.919,1.56,1.0,1.0
2021-11-03,1768.0,1768.0,1761.800048828125,1763.5999755859375,108,44.34485758749363,3.9152484518967867,4.717547405349248,-0.8022989534524614,3.75748594446662,0.24842809723277515,1781.6441901447536,1780.78689474846,1,0.3673469387755102,-0.014032524331145213,-0.01907783990341927,0.0017608495233953914,0.13087354528950315,0.13470248263548817,0.08,278.919,1.6,1.0,1.0
2021-11-04,1776.5999755859375,1798.199951171875,1776.199951171875,1793.0,103,53.617153956737994,4.320484683693849,4.638134861018169,-0.3176501773243201,3.613199877520938,0.6679509035760727,1782.7256958452533,1781.2658400524422,1,0.3647954666194439,0.0166704608874213,-0.004773521149244342,0.019966991921305022,0.14306337921395904,0.1365314864241541,0.08,278.919,1.53,1.0,1.0
2021-11-05,1794.9000244140625,1817.0999755859375,1794.9000244140625,1816.4000244140625,239,59.41306329154408,6.455409779429374,5.00158984470041,1.4538199347289638,3.7168109154005613,0.9703697887502875,1785.9327747565685,1782.6436512038783,1,0.8487215909090908,0.013050766544373982,0.018732487052194324,0.034219651491804504,0.14897797020900042,0.13890856424431558,0.08,278.919,1.45,1.0,1.0
2021-11-08,1817.0,1827.4000244140625,1816.9000244140625,1827.4000244140625,261,61.827813879854666,8.931998845553608,5.78767164487105,3.1443272006825573,3.9001185697914416,1.0528447478415683,1789.8820366287107,1784.3988030944738,1,0.9054640069384216,0.006055934734722435,0.01799345399555352,0.041490966511505745,0.14939970446079598,0.13619468212319125,0.08,278.919,1.51,1.0,1.0
2021-11-09,1826.0999755859375,1832.699951171875,1820.699951171875,1830.199951171875,170,62.44037013532149,10.993913224529933,6.8289199608028275,4.164993263727106,4.055499913676183,1.0196593400627183,1793.721838013774,1786.1949265484895,1,0.5866114561766735,0.001532191485392076,0.02320120821427385,0.040891713784385164,0.14940989677249475,0.13562323821048175,0.08,278.919,1.46,1.0,1.0
2021-11-10,1825.800048828125,1865.0,1824.9000244140625,1847.5999755859375,795,66.08291823268345,13.872122583259397,8.237560485294143,5.634562097965254,4.857030049195732,1.1019071384735841,1798.853089211123,1788.602967687213,1,2.468560782487191,0.009507171280887183,0.04762984869745868,0.030049632536839788,0.1368389727346961,0.13684837409550732,0.08,278.919,1.56,1.0,1.0
2021-11-11,1853.9000244140625,1866.5,1853.9000244140625,1863.199951171875,292,68.98686349769889,17.213485545435788,10.032745497322473,7.180740048113314,5.86638456945283,1.1137696487934667,1804.9813617788136,1791.5283395885724,1,0.9130706691682301,0.008443372911925984,0.03915223155151981,0.03701230133424693,0.13903539569230602,0.13767971438120932,0.08,278.919,1.56,1.0,1.0
2021-11-12,1860.800048828125,1867.9000244140625,1847.5999755859375,1867.9000244140625,210,69.82512743504822,20.01013205027334,12.028222807912647,7.981909242360695,6.514559089028917,1.0483080483310965,1810.973615363123,1794.5233076209447,1,0.732728541521284,0.002522581239459143,0.028352785348928267,0.056982840665772194,0.12090967671077724,0.1376892197569101,0.08,278.919,1.58,0.0,1.0
2021-11-15,1864.5,1866.9000244140625,1864.5,1866.0999755859375,87,69.05529462192835,21.829607530164367,13.98849975236299,7.841107777801376,6.846801105082055,0.9647998462304951,1816.2237449081529,1797.3302357764346,1,0.3133441383036197,-0.0009636751456704173,0.021177602415915375,0.05740022889566343,0.12073881954026917,0.13773512413526795,0.08,278.919,1.63,0.0,1.0
2021-11-16,1853.5999755859375,1853.5999755859375,1853.5999755859375,1853.5999755859375,1,63.795317054330795,22.00920105395153,15.592640012680699,6.41656104127083,6.861015871104621,0.8285294701913782,1819.7833859250848,1799.5368922395523,1,0.003634381246592768,-0.006698462120752757,0.012785501605482752,0.04740918049893428,0.12537156451035336,0.136416434138511,0.08,278.919,1.63,1.0,1.0
2021-11-17,1862.5999755859375,1869.699951171875,1862.5999755859375,1869.699951171875,2,67.25496751545828,23.18341966144999,17.110795942434557,6.072623719015432,7.199884093323053,0.902680218930395,1824.537344520017,1802.2883847467024,1,0.007437709185570845,0.008685787547471291,0.011961450464367251,0.04797936032582739,0.1257192074769544,0.13743655426719767,0.08,278.919,1.6,1.0,1.0
2021-11-18,1861.0,1861.0,1861.0,1861.0,9,63.712016821720084,23.145179791375313,18.31767271222271,4.827507079152603,7.239765611250888,0.8033295563700175,1828.0099783752535,1804.5908010311455,1,0.0343445907269605,-0.004653126918264139,-0.0011807381008631657,0.04480128622035018,0.1274417174113319,0.1362148622907712,0.08,278.919,1.59,0.0,1.0
2021-11-19,1851.199951171875,1851.199951171875,1851.199951171875,1851.199951171875,21,59.885045292770144,22.06968676965562,19.068075523709293,3.001611245946325,7.2462482677438445,0.7073672065012359,1830.218547213027,1806.4186108405859,1,0.08879492600422834,-0.005266012266590514,-0.008940560535313558,0.031021972248329144,0.12813242907867353,0.1367146921095508,0.08,278.919,1.54,1.0,1.0
2021-11-22,1841.5999755859375,1841.5999755859375,1805.699951171875,1806.0,14,46.12390660427805,17.36986351933092,18.72843312283362,-1.3585696035027013,7.2462482677438445,0.36534938261647515,1827.9120189070245,1806.4021947291903,1,0.060816681146828845,-0.024416568908864678,-0.03220619279364534,0.0,0.15713207563118917,0.14349930577612335,0.08,278.919,1.63,1.0,1.0
2021-11-23,1795.5,1795.5,1783.5,1783.5,264,41.065203362792076,11.69484685859993,17.321715869986885,-5.626869011386955,7.355601611296087,0.2029838957660351,1823.6823028206413,1805.5040694456927,1,1.1709913506320693,-0.012458471760797396,-0.03781828685219868,-0.005131896816230164,0.16134699440599146,0.1455210328446817,0.08,278.919,1.67,1.0,1.0
2021-11-24,1793.0,1793.0,1781.4000244140625,1784.0999755859375,188,41.25023882460591,7.163195426323,15.290011781254108,-8.126816354931108,7.501471794345993,0.21808410212299534,1819.9125573697172,1804.6646932158985,1,0.9051516610495908,0.0003364034684258943,-0.045782734032958516,-0.0076756486126765555,0.16093869099114028,0.1453388457813917,0.08,278.919,1.64,1.0,1.0
2021-11-26,1791.0999755859375,1791.4000244140625,1785.300048828125,1785.300048828125,186800,41.64489679478842,3.6268567516783605,12.95738077533896,-9.3305240236606,7.654047399582906,0.23803097810418591,1816.6161279848036,1803.9052953967703,1,19.611342663069152,0.000672649099607403,-0.04067702910901394,-0.009047472790129962,0.160735177585404,0.14534311005163858,0.08,278.919,1.48,1.0,1.0
2021-11-29,1791.699951171875,1798.9000244140625,1779.0999755859375,1782.300048828125,26926,40.90513685710465,0.5755730977357416,10.481019239818316,-9.905446142082575,7.662821929147586,0.21708679163197522,1813.3479299698818,1803.058030825451,1,2.483432866794254,-0.0016803898044864818,-0.037219049352358646,-0.000392569361679751,0.15652335773261436,0.1453034426344805,0.08,278.919,1.52,1.0,1.0
2021-11-30,1783.9000244140625,1808.0999755859375,1768.699951171875,1773.5999755859375,4903,38.75510791619815,-2.515615927923591,7.8816922062699355,-10.397308134193526,7.913159544824073,0.1729513782247068,1809.5624105047443,1801.902812972921,1,0.4424970443038546,-0.004881374069370614,-0.017940212853855164,-0.01197704879528072,0.15528767875480776,0.14325895766051558,0.08,278.919,1.43,2.0,1.0
2021-12-01,1774.800048828125,1790.5,1772.300048828125,1781.5999755859375,1128,41.78517214879974,-4.270643045714678,5.451225155873013,-9.721868201587691,7.99098419538089,0.23350982240249332,1806.8993214648578,1801.1066232714709,1,0.10138368962929342,0.004510599971877527,-0.001065334686886743,-0.00396934968399032,0.15588295269278946,0.13815158262524943,0.08,280.845,1.43,1.0,1.0
2021-12-02,1780.9000244140625,1780.9000244140625,1760.5999755859375,1760.699951171875,1557,36.67956259945697,-7.2642344098269405,2.9081332427330224,-10.172367652559963,8.042404569937894,0.09341308015500639,1802.4993814369548,1799.5220478950162,1,0.1390364780997455,-0.011731042153381721,-0.013115870598214285,-0.0016443776673896737,0.1533175691362172,0.1401033024747825,0.08,280.845,1.44,2.0,1.0
2021-12-03,1767.5,1785.0999755859375,1766.5,1782.0,694,44.16702510971237,-7.827708256847018,0.7609649428170144,-8.588673199664033,8.15131423354887,0.24603420662103892,1800.54705939534,1798.8349087618783,1,0.061809486063920276,0.01209748930472121,-0.001848456135029597,-0.006134969325153339,0.14756497047609918,0.14213380532676315,0.08,280.845,1.35,1.0,1.0
2021-12-06,1780.199951171875,1783.0,1777.199951171875,1777.5,381,43.00991175929108,-8.53894607708412,-1.0990172611632123,-7.439928815920908,8.407305224012095,0.2367848218595973,1798.3521013576885,1797.9982456731773,1,0.033911429753941874,-0.002525252525252486,-0.002693176623813187,-0.021416000820970504,0.13908503499663147,0.14195256925330052,0.08,280.845,1.43,2.0,1.0
2021-12-07,1779.5,1786.0999755859375,1772.300048828125,1782.5999755859375,308,44.775737911155474,-8.592038099450292,-2.5976214288206285,-5.994416670629663,8.566278456147375,0.28854735296780193,1796.8518989032361,1797.3943919442659,-1,0.027408231368186875,0.002869184577179995,0.005074424968362301,-0.024515731766223237,0.13737635198884576,0.1420536109638577,0.08,280.845,1.48,2.0,1.0
2021-12-08,1789.9000244140625,1789.9000244140625,1779.0,1783.4000244140625,1383,45.063308321475525,-8.471897890234914,-3.7724767211034855,-4.699421169131428,8.676540883787585,0.3109249147739643,1795.5707679995053,1796.8455932175912,-1,0.12240942101140452,0.00044881007465624734,0.0010103552159810292,-0.025570936513164333,0.13714020590445367,0.14127635723463258,0.08,280.845,1.52,1.0,1.0
2021-12-09,1783.5,1783.5,1771.800048828125,1774.5999755859375,455,42.445151617688516,-8.983223297905397,-4.814626036463868,-4.168597261441529,8.698555113024184,0.2783034853223904,1793.5735496744037,1795.9732160555657,-1,0.040332767492675836,-0.004934422287571905,0.007894601465065598,-0.03951071712741783,0.13157411319089685,0.14094929482113883,0.08,280.845,1.49,2.0,1.0
2021-12-10,1773.800048828125,1785.4000244140625,1769.0999755859375,1782.9000244140625,545,45.652404105610216,-8.61934929998597,-5.575570689168289,-3.0437786108176814,8.35870609989137,0.35037933120600906,1792.557023459133,1795.460541873546,-1,0.04825656554923941,0.004677137914072427,0.0005050642054222898,-0.043097857912301474,0.12827150349084765,0.134194314196801,0.08,280.845,1.48,2.0,1.0
2021-12-13,1784.4000244140625,1787.0999755859375,1783.800048828125,1786.300048828125,206,46.95638263824346,-7.964809612745057,-6.053418473883642,-1.9113911388614149,7.788806699085346,0.39237967859862777,1791.9611211133226,1795.101306852157,-1,0.018240419352553657,0.0019070191079164633,0.004950801028481111,-0.04368540849049696,0.12798983089729285,0.13406416533942733,0.08,280.845,1.42,1.0,1.0
2021-12-14,1787.0,1787.0,1769.0,1770.4000244140625,322,41.8941310004423,-8.629604573290862,-6.568655693765087,-2.0609488795257755,7.201453015278851,0.29738376318433046,1789.9076833324407,1794.1326291094867,-1,0.02848209033776044,-0.008901093869696508,-0.006843908526288911,-0.05128339983061525,0.1300559665379871,0.13465098586043112,0.08,280.845,1.44,1.0,1.0
2021-12-15,1767.4000244140625,1778.699951171875,1753.9000244140625,1762.5999755859375,283,39.63661976376644,-9.674338371137992,-7.189792229239668,-2.484546141898324,6.773937497770088,0.2572765093635878,1787.3069492613452,1792.8960544615045,-1,0.025001214723330195,-0.004405811523136682,-0.011663142617124755,-0.04909365623574424,0.1293502119454197,0.13392730349819051,0.08,280.845,1.47,1.0,1.0
2021-12-16,1781.0,1798.0999755859375,1781.0,1796.5999755859375,21,51.82318009065979,-7.670362419352841,-7.285906267262303,-0.3844561520905385,5.511957979141188,0.5830825369888138,1788.1919993874967,1793.0413062703058,-1,0.0018550581251545882,0.01928968595877656,0.012397160093917003,-0.03909716932929297,0.14562540557176823,0.13960752703676774,0.08,280.845,1.44,1.0,1.0
2021-12-17,1804.0,1812.9000244140625,1803.800048828125,1803.800048828125,654,53.943685823329886,-5.438519435878334,-6.916428900985509,1.4779094651071754,4.176223868989566,0.7447418527697098,1789.678480286604,1793.4632177431615,-1,0.05760769511964167,0.004007610675737183,0.01172248815293564,-0.03073613711546208,0.1467614102954041,0.13542366567570646,0.08,280.845,1.41,1.0,1.0
2021-12-20,1796.800048828125,1799.800048828125,1792.0,1793.699951171875,226,50.58044976684845,-4.433652872277207,-6.419873695243849,1.9862208229666418,2.5295423240492516,0.7444908161525208,1790.0614775137728,1793.4725014070327,-1,0.01988928882591592,-0.005599344374567328,0.004142586430876838,-0.031060934267851725,0.14687882838437025,0.1359992643875217,0.08,280.845,1.43,1.0,1.0
2021-12-21,1791.4000244140625,1796.5,1787.9000244140625,1787.9000244140625,575,48.70264306981212,-4.058510515409125,-5.947601059276905,1.8890905438677796,2.2498062313389715,0.6529203768930478,1789.8556248376099,1793.2539728975046,-1,0.05047866947006176,-0.0032334988658628827,0.0098847716666699,-0.010022134875934396,0.1191676252289758,0.13620465206473625,0.08,280.845,1.48,1.0,1.0
2021-12-22,1786.0,1805.199951171875,1785.5,1801.5999755859375,567,53.12906684744026,-2.6254711336061973,-5.283175074142764,2.6577039405365666,2.4490033271756015,0.9334847052138959,1790.9741344326887,1793.5812671205804,-1,0.049710242764836356,0.007662593536998719,0.022126404482126105,0.010148570555613912,0.11352908191519952,0.13583518586973403,0.08,280.845,1.46,1.0,1.0
2021-12-23,1806.0,1811.199951171875,1800.800048828125,1811.199951171875,193,55.99456487309839,-0.7069895639865535,-4.367937972111522,3.660948408124969,2.8171451361579023,1.0406018190147446,1792.9004026935636,1794.2721959069056,-1,0.016920399601976093,0.005328583323728875,0.008126447614570376,0.015189718040905964,0.11479914690246455,0.13488671414022974,0.08,280.845,1.5,1.0,1.0
2021-12-27,1810.0,1812.0999755859375,1807.0,1808.0999755859375,150,54.82888642399295,0.5568596482501107,-3.382978448039196,3.9398380962893067,3.0514375042144772,0.9209394472510378,1794.347981064266,1794.8144617766716,-1,0.0723292427128288,-0.0017115590048087936,0.0023838156344468953,0.012770921488955533,0.11513335949870379,0.12928001431138797,0.08,280.845,1.48,1.0,1.0
2021-12-28,1812.0,1818.0,1805.5,1810.199951171875,146,55.50463987898005,1.708228341065933,-2.3647370902181706,4.0729654312841035,3.2785369653716763,0.903511563544955,1795.857692503086,1795.4178143019737,1,0.19868000272164388,0.0011614266989063982,0.009198862936479424,0.015653875093643466,0.11481656964998575,0.12928363667361115,0.08,280.845,1.49,1.0,1.0
2021-12-29,1803.199951171875,1805.0999755859375,1791.4000244140625,1805.0999755859375,623,53.41473235677623,2.1839951808206024,-1.4549906360104161,3.6389858168310187,3.323361727917317,0.7853949885131343,1796.737909939548,1795.7975069013448,1,1.1961217241048285,-0.0028173548356554834,0.009620197403102493,0.017760487389268054,0.11368950695512972,0.12907872610636398,0.08,280.845,1.55,1.0,1.0
2021-12-30,1801.699951171875,1816.0,1796.0,1812.699951171875,306,56.06930513201521,3.1381240030868867,-0.5363677081909556,3.674491711277842,3.5077763893201808,0.8664465190123433,1798.2581043426267,1796.4603478531303,1,0.6378322042730589,0.004210279590453503,0.006161176585455674,0.01745620566463546,0.11356811007486867,0.12902600375721568,0.08,280.845,1.52,1.0,1.0
2021-12-31,1825.0999755859375,1827.800048828125,1821.4000244140625,1827.5,80,60.75877965112248,5.03052940849534,0.5770117151463036,4.453517693349037,3.6287639958792037,1.0297011327065493,1801.043046786186,1797.677589113792,1,0.1970928800197093,0.008164643474810607,0.008999585505497842,0.03793948468259156,0.10586243974182856,0.12997161242845343,0.08,280.845,1.52,1.0,1.0
2022-01-03,1830.0999755859375,1830.0999755859375,1798.800048828125,1799.4000244140625,116,49.87321522265567,4.214261751649474,1.3044617224469377,2.909800029202536,3.5938176703288285,0.5852343643897302,1800.8865684650316,1797.7451355961557,1,0.3076923076923077,-0.015376183631156004,-0.004811653829626117,0.00976432346468159,0.11545839690888535,0.134050060772661,0.08,282.543,1.63,2.0,1.0
2022-01-04,1800.5,1815.300048828125,1800.0,1814.0,38,54.44043919355003,4.6913804518403595,1.9818454683256221,2.7095349835147373,3.613608800755445,0.7815506600473778,1802.1354667064572,1798.3825812590517,1,0.10559955537029317,0.008113802038371976,0.0020992425868009423,0.02053445850914204,0.11790081450010617,0.13494137643478385,0.08,282.543,1.66,2.0,1.0
2022-01-05,1813.0999755859375,1824.5999755859375,1813.0999755859375,1824.5999755859375,8,57.47023175665714,5.8573104722149765,2.7569384691034933,3.100372003111483,3.800738383588795,0.8917702879084849,1804.2749437425982,1799.41071436991,1,0.023198492098013626,0.0058434264531077584,0.010802725756876796,0.023561090864592238,0.11898035354819265,0.13533516062636028,0.08,282.543,1.71,2.0,1.0
2022-01-06,1787.0999755859375,1791.300048828125,1787.0999755859375,1788.699951171875,30,46.251708168114035,3.840218820136215,2.973594539310038,0.8666242808261773,3.758844767733238,0.36099465104049383,1802.7916111168151,1798.9906844405753,1,0.10822510822510822,-0.01967555896877282,-0.013239918710476362,0.0029718104100362464,0.14051645747536506,0.14167321945754507,0.08,282.543,1.73,2.0,1.0
2022-01-07,1791.800048828125,1797.0,1784.4000244140625,1797.0,17,48.74295581781089,2.878225337473168,2.954520698942664,-0.07629536146949567,3.562036084921579,0.4654386705168387,1802.24002910569,1798.9126183840822,1,0.06658832745789267,0.004640268940963033,-0.016689466484268167,0.01262257676221723,0.14002177356300188,0.13596494754649607,0.08,282.543,1.76,2.0,1.0
2022-01-10,1794.9000244140625,1798.699951171875,1790.4000244140625,1798.4000244140625,534,49.17091678192382,2.20340931044052,2.804298421242235,-0.6008891108017149,3.4629350853353307,0.4744921797558317,1801.874314373154,1798.8925166597678,1,2.096172718351325,0.0007790898241861743,-0.0005557407949494664,0.008693701154159683,0.13921208779732266,0.135931256032243,0.08,282.543,1.78,2.0,1.0
2022-01-11,1803.9000244140625,1822.5,1803.0,1818.5999755859375,743,55.007873975349455,3.260989333622092,2.8956366037182066,0.36535272990388545,3.497648802475448,0.769702587431554,1803.4672344886571,1799.6653581862843,1,2.638494318181818,0.011232179102341977,0.0025358189558641886,0.018082027584896743,0.14430275210510818,0.13334575233012458,0.08,282.543,1.75,2.0,1.0
2022-01-12,1819.0,1827.199951171875,1816.9000244140625,1827.199951171875,1547,57.258264872537076,4.738453337743749,3.2641999505233152,1.474253387220434,3.3190083288468704,0.8799480734949124,1805.7274932203923,1800.7451461465037,1,4.512177337027855,0.004728898988996644,0.0014249564949722071,0.03208310323911756,0.14003520827212335,0.13356958209294587,0.08,282.543,1.74,2.0,1.0
2022-01-13,1819.800048828125,1823.0,1815.4000244140625,1821.199951171875,40,55.18441826254634,5.363378659061482,3.6840356922309487,1.679342966830533,2.637971298367678,0.7899651796433392,1807.201060644343,1801.547295363185,1,0.12095554883580285,-0.003283712872338862,0.018169620890696292,0.033246327242491436,0.1394515363953996,0.1337220175817165,0.08,282.543,1.7,2.0,1.0
2022-01-14,1821.5,1822.0,1816.5,1816.5,816,53.5483138094097,5.4169465106672305,4.030617855918205,1.3863286547490254,2.6119864663370524,0.6721207566389807,1808.0866739163102,1802.1336759371777,1,2.2027264138210287,-0.0025806892696492723,0.01085141903171949,0.011076491530938704,0.12378449581793242,0.13291012997246013,0.08,282.543,1.78,2.0,2.0
2022-01-18,1816.800048828125,1820.0999755859375,1812.300048828125,1812.300048828125,900,52.062863303436984,5.062145201084377,4.23692332495144,0.8252218761329368,2.6071316313449455,0.5743265348871273,1808.4879477174354,1802.5323572270188,1,2.3514043109079035,-0.0023121118479906277,0.007729105997199559,0.00471227396047702,0.12348001283035001,0.1329601978314548,0.08,282.543,1.87,2.0,2.0
2022-01-19,1817.4000244140625,1843.0999755859375,1817.4000244140625,1843.0999755859375,4,60.67760847002422,7.183452916979377,4.8262292433570275,2.3572236736223493,2.9656623286758403,1.0926537622915322,1811.7843313239593,1804.1232442214862,1,0.01076281447598547,0.01699493788444606,0.01347190164351919,0.027540851735981864,0.1346141433877672,0.13634845006909896,0.08,282.543,1.83,2.0,1.0
2022-01-20,1840.5999755859375,1843.0,1838.199951171875,1842.5,20,60.44971432052811,8.715722130076074,5.604127820700837,3.1115943093752367,3.0742486366710264,1.0111474929561133,1814.7096331026298,1805.62821503633,1,0.058156440825821464,-0.0003255252530437458,0.008373494547387894,0.03053860665605801,0.13368863155688293,0.13589102297314878,0.08,282.543,1.83,2.0,2.0
2022-01-21,1838.0,1842.4000244140625,1828.9000244140625,1831.800048828125,19,56.382631965971484,8.963336125143769,6.275969481589424,2.687366643554345,3.117878022015753,0.7878720213323246,1816.3372917431532,1806.6545614595377,1,0.06003159557661927,-0.005807300500339174,0.0058203920164994205,0.0167629183234006,0.13403938908921428,0.13554798095134457,0.08,282.543,1.75,2.0,2.0
2022-01-24,1837.9000244140625,1842.0999755859375,1837.9000244140625,1841.699951171875,8,59.122956441696395,9.844925212802082,6.989760627831957,2.855164584970125,3.3481180309425222,0.9055138315269426,1818.7527831173172,1808.0288904678648,1,0.026037428803905614,0.005404466688426757,0.013872805489609119,0.01683966476493448,0.13407313592127218,0.13584330019960927,0.08,282.543,1.75,2.0,2.0
2022-01-25,1843.0,1852.699951171875,1842.0,1852.699951171875,11,61.981127547540524,11.300928911533674,7.8519942845723,3.448934626961374,3.7181584162330332,0.9943598230715713,1821.9858467415609,1809.780696769983,1,0.03663003663003663,0.005972742733147518,0.02229206050613608,0.02466676411047697,0.13490067170905418,0.1362804831824333,0.08,282.543,1.78,2.0,2.0
2022-01-26,1829.9000244140625,1829.9000244140625,1829.9000244140625,1829.9000244140625,55,53.6133997441629,10.494089459357838,8.380413319529408,2.1136761398284296,3.7199523976410425,0.6425892037588955,1822.7395779484657,1810.5696900109274,1,0.18596787827557057,-0.012306324477091457,-0.007161820490870885,0.010882816138313434,0.14328307373880922,0.13702178328695375,0.08,282.543,1.85,2.0,2.0
2022-01-27,1793.300048828125,1793.300048828125,1793.300048828125,1793.300048828125,196036,43.468367547776886,6.822703352258031,8.068871326075133,-1.2461679738171014,3.8768760913189557,0.12641354558298762,1819.935813270338,1809.8924491802293,1,19.474290709687676,-0.020001079347303108,-0.02670282288839887,-0.006536993472609276,0.1608961661610771,0.14272694346886053,0.08,282.543,1.81,2.0,2.0
2022-01-28,1797.5,1798.4000244140625,1778.800048828125,1784.9000244140625,28521,41.52619993095829,3.1984222227561077,7.094781505411328,-3.8963592826552205,4.2149105484976355,0.06464330912300219,1816.5990714745024,1808.9123540913602,1,2.4850245923421754,-0.004684115421483281,-0.025603244439296957,-0.01533619876794301,0.16067343615199733,0.14286496679552432,0.08,282.543,1.78,2.0,2.0
2022-01-31,1788.5,1798.5,1785.0999755859375,1795.0,1735,44.72416105376569,1.1281325273207585,5.901451709793214,-4.773319182472456,4.332964039765855,0.2250819678894192,1814.5420170483592,1808.3667715779736,1,0.15008780352771217,0.005658566557111833,-0.025356981272741996,-0.017783857729138153,0.15907903479692576,0.1402552608772697,0.08,282.543,1.79,2.0,2.0
2022-02-01,1797.199951171875,1806.0999755859375,1797.0999755859375,1800.300048828125,223,46.38134977325352,-0.08394960705663834,4.704371446423244,-4.788321053479883,4.32438312953356,0.2914350658502771,1813.1856391226227,1808.0504295093522,1,0.019281900520957178,0.0029526734418523493,-0.02828299439993287,0.0005001802833450864,0.14983362871579603,0.1362430557743712,0.08,284.5,1.81,2.0,2.0
2022-02-02,1797.800048828125,1810.0999755859375,1795.0999755859375,1809.199951171875,1690,49.1388337284346,-0.32266619651704787,3.698963917835186,-4.021630114352234,4.338294670751097,0.40806101063964145,1812.80604979398,1808.0955087902355,1,0.14509115416149762,0.004943566129181232,-0.011312133431341853,-0.002646112915173693,0.14799336488116785,0.13397012501415195,0.08,284.5,1.78,2.0,2.0
2022-02-03,1805.800048828125,1808.0999755859375,1787.9000244140625,1803.0,466,47.3133881995823,-1.0006007552863139,2.7590509832108863,-3.7596517384972,4.366228378606541,0.34400036333216644,1811.8721402897916,1807.8956849161086,1,0.03992888203414519,-0.0034269021330998184,0.005408995097174962,-0.011838197892664715,0.14669249934691223,0.13353234286093588,0.08,284.5,1.82,2.0,2.0
2022-02-04,1806.0,1813.699951171875,1792.5,1806.5999755859375,571,48.50948744983031,-1.2331656676344664,1.9606076530418157,-3.193773320676282,4.1795099478024165,0.37274503579255835,1811.370029365615,1807.8448727855136,1,0.048812597240506767,0.001996658672178242,0.012157516317474748,0.010007281770391563,0.1279153624770306,0.1335617484716938,0.08,284.5,1.93,2.0,2.0
2022-02-07,1812.199951171875,1821.300048828125,1809.0999755859375,1820.5999755859375,601,52.980050924235606,-0.284512357734684,1.511583650886516,-1.7960960086212,4.065141277490978,0.5427709115137147,1812.2490718627885,1808.3450728953342,1,0.05124925385861687,0.007749363549869104,0.014261824838962323,0.013132985857505552,0.12969693336154708,0.13306918622055086,0.08,284.5,1.92,2.0,2.0
2022-02-08,1818.9000244140625,1827.5999755859375,1815.0,1826.5999755859375,108,54.79164805398461,0.9406093221894025,1.3973887851470934,-0.4567794629576909,3.966088168900475,0.6074339215987294,1813.6158245983265,1809.0609514322207,1,0.00922627437914862,0.003295616873810525,0.014608635252180369,0.01568057761846542,0.1300353277444233,0.1320572255262667,0.08,284.5,1.96,2.0,2.0
2022-02-09,1825.4000244140625,1835.199951171875,1825.300048828125,1835.199951171875,683,57.32934319752894,2.575781234145552,1.6330672749467852,0.9427139591987668,4.040782422980571,0.7110717296837511,1815.6714557005691,1810.0860102455406,1,0.058362600083741355,0.004708187726313096,0.014370993091813222,0.009127887280757863,0.1251115333293264,0.13233309892479325,0.08,284.5,1.94,2.0,2.0
2022-02-10,1833.300048828125,1842.0999755859375,1820.800048828125,1836.199951171875,365,57.627191744727085,3.9073172764572064,2.0879172752488695,1.819400001208337,4.102747741692993,0.7151976546612642,1817.6265505073602,1811.1100863602987,1,0.031347693153320276,0.0005448997529460264,0.018413727771422694,0.004925569308508182,0.12409824302918772,0.13233660963568694,0.08,284.5,2.03,2.0,2.0
2022-02-11,1822.0,1864.800048828125,1822.0,1840.800048828125,181,59.043446234329984,5.2729750454168425,2.7249288292824643,2.548046216134378,4.218525471618296,0.7563008182316452,1819.833550347433,1812.274398613939,1,0.015535613892787098,0.0025052269788561343,0.018930628641847136,0.010762188766608505,0.12361206094303201,0.13176469676051555,0.08,284.5,1.92,2.0,2.0
2022-02-14,1861.800048828125,1870.5999755859375,1854.5999755859375,1868.0,79,66.230684817226,8.452640626883522,3.870471188802676,4.582169438080846,4.760709250801336,1.0104218924422275,1824.4208312667251,1814.4597163153533,1,0.006802252492724173,0.014776157350273156,0.026035386713002318,0.02835122488301689,0.13267499115636794,0.13403280929688732,0.08,284.5,1.98,1.0,2.0
2022-02-15,1872.5999755859375,1879.699951171875,1847.4000244140625,1854.800048828125,86,60.66679417951462,9.794517662733142,5.05528048358877,4.739237179144372,4.940365686513963,0.8213914403395737,1827.3140900820965,1816.0416901393835,1,0.007431025395097251,-0.007066355017063652,0.015438559957902998,0.023450862911735593,0.1355011274816077,0.1344839828535227,0.08,284.5,2.05,2.0,2.0
2022-02-16,1858.699951171875,1870.199951171875,1856.300048828125,1870.199951171875,34,64.4219800583042,11.962709628068751,6.4367663124847665,5.5259433155839845,5.318688471345037,0.9428320357098161,1831.3984578049326,1818.1655435132068,1,0.002937466521521262,0.008302729101975048,0.019071491353108705,0.014703475636107077,0.12536224812012067,0.13510089046787987,0.08,284.5,2.03,2.0,2.0
2022-02-17,1876.300048828125,1900.699951171875,1876.199951171875,1900.699951171875,393,70.44103000312339,15.958156784635548,8.341044406914923,7.617112377720625,6.33629561676886,1.1090513082180393,1837.9986000303556,1821.4021869508017,1,0.03389903607702758,0.016308416637958123,0.03512689342946329,0.031587490459633605,0.13669329981690032,0.1287692516052113,0.08,284.5,1.97,1.0,2.0
2022-02-18,1899.4000244140625,1899.4000244140625,1890.699951171875,1898.5999755859375,51,69.56834614790974,18.73911411942504,10.420658349416946,8.318455770008093,7.11617174890366,0.9996206420576182,1843.7701596070776,1824.4295512110032,1,0.004398504508467121,-0.001104843289253865,0.03139935094776236,0.03646682223889397,0.1343203514458859,0.1257893430244631,0.08,284.5,1.92,1.0,2.0
2022-02-22,1908.0999755859375,1912.0,1890.800048828125,1906.0999755859375,173,70.95246148536629,21.302666286346266,12.597059936802811,8.705606349543455,7.895403954490392,0.979036639225908,1849.7063325574452,1827.6323129511968,1,0.014909808585636597,0.003950279203856821,0.020396132540651868,0.03496770707578323,0.13390358623277912,0.12591993286583475,0.08,284.5,1.94,1.0,2.0
2022-02-23,1896.5999755859375,1910.5999755859375,1895.699951171875,1909.199951171875,73,71.52887355935601,23.315673400774358,14.74078262959712,8.574890771177238,8.579529670709524,0.9419039315017887,1855.3723914731052,1830.8310438618116,1,0.006289741689786493,0.0016263446963136197,0.029329254319418574,0.030496033620696306,0.13296544945702712,0.12592117251998142,0.08,284.5,1.99,1.0,2.0
2022-02-24,1911.9000244140625,1972.5,1911.699951171875,1925.0999755859375,2706,74.34130823423342,25.895488063049015,16.9717237162875,8.923764346761516,9.444529374947582,0.9643527521107514,1862.0131137695653,1834.5278647137382,1,0.23051858162070066,0.008328108537978496,0.029355163002577234,0.05202467342572903,0.12430264735174627,0.12663124716636454,0.08,284.5,1.96,1.0,2.0
2022-02-25,1906.9000244140625,1920.0,1883.5999755859375,1886.5,586,59.082780220995595,24.542404768083316,18.485859926646665,6.056544841436651,9.265480423166036,0.7196050293631929,1864.3451981724638,1836.5659876661407,1,0.29802924348378895,-0.020050894018732168,-0.00747090626435809,0.05197119758780966,0.1244260538910062,0.1335560592782079,0.08,284.5,1.97,1.0,2.0
2022-02-28,1928.300048828125,1928.4000244140625,1894.199951171875,1899.4000244140625,390,61.89743320458522,24.231673025650025,19.63502254644734,4.596650479202687,8.95604435754445,0.7696883888492233,1867.683753052616,1839.0300675386084,1,0.6968018581382883,0.006838072840743337,0.00042138883304154717,0.06414925118149828,0.12224615420964423,0.13389681393828803,0.08,284.5,1.83,1.0,2.0
2022-03-01,1908.300048828125,1942.4000244140625,1903.800048828125,1942.4000244140625,547,69.44300271395757,27.142277238550832,21.136473484868038,6.005803753682795,9.309052239771434,0.9639935646329539,1874.7995884203729,1843.0837913376458,1,1.0933439936038376,0.022638727728386154,0.01904414736533755,0.08211700524460297,0.14000689075789857,0.13812766739542875,0.2,287.674,1.72,1.0,2.0
2022-03-02,1945.5999755859375,1948.199951171875,1919.800048828125,1920.9000244140625,109,62.75159840893931,27.39825173881718,22.38882913565787,5.009422603159312,9.147257396421011,0.8095608289726283,1879.1901061340575,1846.1354083210347,1,0.220380105135463,-0.011068780750497331,0.006128259763994892,0.06698881981614124,0.14990661665023872,0.13883949494730305,0.2,287.674,1.86,2.0,2.0
2022-03-03,1930.5,1940.300048828125,1924.800048828125,1934.4000244140625,122,65.03016810177489,28.363493848840108,23.583762078294317,4.779731770545791,9.137479817995823,0.8511317802808545,1884.4481935892961,1849.596765814879,1,0.29312830370014414,0.007027955556467846,0.004830943299604096,0.06920189952530764,0.15039593829451153,0.13910522372135653,0.2,287.674,1.86,1.0,2.0
2022-03-04,1937.0,1970.9000244140625,1935.5999755859375,1965.0999755859375,47,69.58644821950733,31.24550592198375,25.116110847032203,6.129395074951546,9.32588310272677,0.9712680487507255,1892.1293156842144,1854.1263034529597,1,0.11891208096141682,0.015870528734703848,0.0416644450495296,0.08990569916025382,0.15428885317765922,0.1421521565055069,0.2,287.674,1.74,1.0,2.0
2022-03-07,1989.0,2001.0999755859375,1963.0,1993.9000244140625,2516,73.12413619982043,35.44485823997252,27.181860325620267,8.262997914352251,9.85722191901169,1.0478825245991612,1901.8217641346762,1859.6076258435912,1,5.108629441624365,0.014655767740029413,0.04975255279843016,0.10367544080552626,0.1581828571016276,0.14457071700401114,0.2,287.674,1.78,1.0,2.0
2022-03-08,1999.4000244140625,2072.0,1998.0,2040.0999755859375,1813,77.62114056445617,42.01648526931581,30.148785314359376,11.867699954956432,11.32181902462617,1.1377732005309937,1914.9911176062249,1866.6857572060362,1,3.2778882661363222,0.02317064577269945,0.05029857390026904,0.12056465063356736,0.1704426103189081,0.15013194842949554,0.2,287.674,1.86,0.0,2.0
2022-03-09,2053.60009765625,2063.0,1980.800048828125,1985.9000244140625,1022,64.07561853661076,42.36273273136612,32.59157479776073,9.771157933605394,11.260913093625144,0.8496245706162624,1921.744346826019,1871.360826508312,1,1.706746826987308,-0.026567301514872188,0.03383830453114145,0.08721123998538571,0.20610680674438053,0.16155327218525847,0.2,287.674,1.94,1.0,1.0
2022-03-10,1978.0999755859375,2010.5,1978.0999755859375,1998.0999755859375,670,65.53361136633453,43.124458526098124,34.69815154342821,8.426306982669914,11.273005757089685,0.8665131577100051,1929.0163114698207,1876.3309892172385,1,1.120120371144362,0.0061432856749545905,0.032930081869271044,0.08876418305811407,0.2062164790921496,0.16179654880356584,0.2,287.674,1.98,0.0,1.0
2022-03-11,1985.0,1996.0,1959.9000244140625,1982.699951171875,865,62.107076347208455,42.001313443058734,36.158783923354314,5.842529519704421,10.8573466546913,0.7704319429706592,1934.1290390604925,1880.5023210585969,1,1.3881088020540802,-0.007707334268670207,0.00895627489929085,0.07978433933978857,0.21024736900257288,0.16147156581987973,0.2,287.674,2.0,0.0,2.0
2022-03-14,1976.5,1977.699951171875,1959.5999755859375,1959.5999755859375,145,57.26989617467582,38.799975927348214,36.6870223241531,2.112953603195116,10.121013256649352,0.6407080829340408,1936.5548425391062,1883.6041898635906,1,0.2333628389796411,-0.011650767213810753,-0.017202491804073516,0.06453711625738046,0.21738494432531197,0.16337184499559373,0.2,287.674,2.14,1.0,2.0
2022-03-15,1939.800048828125,1939.9000244140625,1910.699951171875,1928.5,71,51.458968554423016,33.36873080787245,36.02336402089697,-2.6546332130245176,9.642484284367013,0.4645752900486879,1935.787714678239,1885.36480986894,1,0.11434092922135437,-0.01587057357287336,-0.05470318951103603,0.032387580299785945,0.22297336612472513,0.16329770869094742,0.2,287.674,2.15,1.0,1.0
2022-03-16,1922.4000244140625,1922.4000244140625,1907.199951171875,1908.0,104,48.00154354334417,27.097883710757515,34.23826795886908,-7.140384248111566,8.957988998823119,0.32849928930876304,1933.1412656612638,1886.2524643838835,1,0.16724290423735627,-0.010630023334197602,-0.039226558968922354,0.02868231063800497,0.22518515626859195,0.1649800384756244,0.2,287.674,2.19,1.0,1.0
2022-03-17,1933.9000244140625,1947.199951171875,1933.9000244140625,1942.0999755859375,39,53.587660716855,24.596245049380286,32.30986337697132,-7.7136183275910355,8.351553172146614,0.5045331933145089,1933.9944761302804,1888.4425628623956,1,0.06269088570969297,0.01787210460478894,-0.02802662563647651,0.038445100145045874,0.23140885934206903,0.16792482944080295,0.2,287.674,2.2,1.0,1.0
2022-03-18,1934.5,1939.300048828125,1928.199951171875,1928.199951171875,28,51.17432420401547,21.24713879391038,30.097318460359133,-8.850179666448753,8.150573353842027,0.4081746202779624,1933.4426166104322,1890.001676129434,1,0.046369131406806326,-0.007157213628957937,-0.027487769880554902,0.014468354136088157,0.22709127751976318,0.1685759372428981,0.2,287.674,2.14,0.0,2.0
2022-03-21,1925.4000244140625,1928.5999755859375,1925.0,1928.5999755859375,5,51.242377822237444,18.412973290103537,27.760449426308014,-9.347476136204477,7.907837373092954,0.3982745652879729,1932.9814127033374,1891.5153349316497,1,0.008311861025683652,0.0002074600270678406,-0.015819555208317793,0.01580111681542684,0.2269992392901003,0.16806278380758405,0.2,287.674,2.32,0.0,2.0
2022-03-22,1920.699951171875,1920.699951171875,1920.699951171875,1920.699951171875,26,49.76710627779943,15.35243742030002,25.278847025106415,-9.926409604806395,7.782031075360372,0.3396516157011818,1931.811749700341,1892.6598296861685,1,0.04375631100639515,-0.00409624832213451,-0.004044619563456031,0.007659606407292241,0.22731112262074377,0.1681709339007746,0.2,287.674,2.38,1.0,2.0
2022-03-23,1936.5999755859375,1936.5999755859375,1936.5999755859375,1936.5999755859375,204,52.717609913641944,14.048003145988332,23.0326782492828,-8.984675103294467,7.605354639587186,0.434200675673432,1932.267771213255,1894.38297266263,1,0.33957553058676654,0.00827824481609496,0.014989505024076255,0.014351574017820612,0.2289994045022117,0.16872745203717332,0.2,287.674,2.32,0.0,2.0
2022-03-24,1963.5999755859375,1964.0,1961.5999755859375,1961.5999755859375,8,56.99477562002122,14.860221271288538,21.39818685368395,-6.537965582395412,7.558611678612043,0.5912366705770258,1935.0613144868437,1897.0189335615833,1,0.017172909734893205,0.012909222511187979,0.010040677743233584,0.018960054263618575,0.23154095665678362,0.170417666506536,0.2,287.674,2.34,0.0,1.0
2022-03-25,1953.800048828125,1953.800048828125,1953.800048828125,1953.800048828125,83,55.31355981926336,14.705010872865842,20.05955165752033,-5.354540784654489,6.967003495927479,0.5166961116920525,1936.84595585268,1899.2456439641928,1,0.1883367370093034,-0.003976308551636554,0.013276682037405507,0.035674555434998645,0.21863133715597588,0.17055552374831445,0.2,287.674,2.48,0.0,2.0
2022-03-28,1932.5999755859375,1939.5999755859375,1932.5999755859375,1939.5999755859375,7,52.289517974925836,13.283059437427255,18.704253213501715,-5.42119377607446,6.5476419131300885,0.39101769122899344,1937.1082434463235,1900.8281667728888,1,0.01660538488909975,-0.00726792552324107,0.0057036192778432415,0.021164552308709172,0.22003037380864904,0.17135113671887378,0.2,287.674,2.46,0.0,2.0
2022-03-29,1893.5,1912.0,1893.5,1912.0,128051,46.92020316676617,9.815913571610736,16.92658528512352,-7.110671713512783,6.797332253825459,0.19838411832573707,1934.7169821657212,1901.2662778798344,1,18.840033839702798,-0.014229725682276206,-0.004529573276954024,-0.015650753723210453,0.21122683881802135,0.17359895982848994,0.2,287.674,2.41,0.0,2.0
2022-03-30,1918.4000244140625,1937.0,1914.5,1933.5,17765,51.12999890041484,8.70272620014066,15.281813468126948,-6.579087267986289,6.69663599452357,0.3535506644645508,1934.6010791023193,1902.5303454139587,1,2.3132865858025533,0.01124476987447709,-0.0016007309847246853,0.0065594124763368455,0.21158614045103594,0.17153058133266774,0.2,287.674,2.35,0.0,2.0
2022-03-31,1933.5,1949.9000244140625,1919.0999755859375,1949.199951171875,3617,53.9990799371768,8.983812242470322,14.022213222995624,-5.038400980525303,6.6418872561817555,0.4677048740019345,1935.9914478708483,1904.3605260319162,1,0.460512076187566,0.008119964402314439,-0.0063213828346212475,0.007650913239775958,0.21207413464851757,0.17153162946208358,0.2,287.674,2.32,0.0,1.0
2022-04-01,1935.0,1938.0,1917.0,1919.0999755859375,1016,48.16125836651333,6.700519069434677,12.557874392283436,-5.857355322848759,6.795528742169202,0.25872417854348667,1934.3827362246664,1904.9385436614857,1,0.12856284204865395,-0.015442220572518095,-0.017760299096624688,-0.023408478230876772,0.211106152643941,0.17463938130648649,0.33,288.561,2.39,0.0,1.0
2022-04-04,1921.199951171875,1936.0999755859375,1915.5999755859375,1929.199951171875,371,50.11027018553175,5.640951028248537,11.174489719476457,-5.533538691227919,6.5602953028205375,0.35401241433582004,1933.88913764821,1905.8899714069912,1,0.04759155923289077,0.0052628709887059255,-0.005361942949561382,-0.03244900569234943,0.20438709885614798,0.16942387880730042,0.33,288.561,2.42,0.0,1.0
2022-04-05,1927.0999755859375,1943.5,1918.4000244140625,1922.9000244140625,412,48.87587442301743,4.243962524949666,9.7883842805711,-5.544421755621434,5.011153413052167,0.3037846783758148,1932.842555435434,1906.5570323092293,1,0.0533302267181847,-0.003265564439800861,0.00570084958894479,-0.05744814105897633,0.18263932589965864,0.16952644472552506,0.33,288.561,2.54,0.0,1.0
2022-04-06,1916.699951171875,1931.800048828125,1916.699951171875,1918.4000244140625,138,47.966942388248185,2.742117258547978,8.379130876166476,-5.637013617618498,4.668618913996133,0.27659177935109464,1931.4670762905414,1907.021463372164,1,0.017965825874694873,-0.0023402152700950918,-0.007809658953161325,-0.03398962645157111,0.15919140582239344,0.16967461249257862,0.33,288.561,2.61,0.0,2.0
2022-04-07,1919.5,1934.800048828125,1919.5,1933.800048828125,311,51.304431727605206,2.762700638317483,7.255844828596678,-4.493144190279195,3.731039109156457,0.47777424444051875,1931.6892641512636,1908.07160397828,1,0.04058303863870656,0.008027535559882004,-0.007900627298134011,-0.03218053528025133,0.1605483930993816,0.16899149354255288,0.33,288.561,2.66,0.0,1.0
2022-04-08,1928.800048828125,1947.699951171875,1928.800048828125,1941.5999755859375,153,52.950505519556074,3.3695598294916635,6.478587828775676,-3.109027999284012,3.0106880021159443,0.6417349889155027,1932.6331414307563,1909.3864420805412,1,0.02005847109875847,0.004033471176370762,0.011724245889342066,-0.020729296715645384,0.16004766727006273,0.16893279444444886,0.33,288.561,2.72,0.0,1.0
2022-04-11,1946.5999755859375,1968.4000244140625,1941.800048828125,1944.300048828125,163,53.53603109520201,4.022010225606209,5.987272308141783,-1.965262082535574,2.7977189870339636,0.7166714686729591,1933.744275468601,1910.7556031294662,1,0.021366961172430064,0.0013906434261119482,0.007827129399976096,-0.007807678581562394,0.1551436777539509,0.16869593829514898,0.33,288.561,2.79,0.0,2.0
2022-04-12,1952.5,1977.0999755859375,1950.5999755859375,1972.0999755859375,246,59.17009840880293,6.705012411497364,6.1308203288128995,0.5741920826844646,3.302698355856363,1.084277086300461,1937.3971992892998,1913.161264794426,1,0.032210125239775574,0.014298166980229343,0.025586328226745447,0.022608232090193248,0.15184732843852977,0.1706292931999263,0.33,288.561,2.72,0.0,1.0
2022-04-13,1969.5,1981.0,1969.5,1981.0,204,60.80853433555167,9.440642710835846,6.792784805217489,2.6478579056183564,3.6504238708589516,1.1018201101199072,1941.5498469760332,1915.8216073515073,1,0.02669336002669336,0.00451296816806579,0.032631346324683896,0.0382599580712788,0.14563078248297032,0.17057252462845487,0.33,288.561,2.7,0.0,1.0
2022-04-14,1977.199951171875,1978.699951171875,1963.0,1970.9000244140625,101,57.96579689562557,10.670661072854273,7.5683600587448465,3.1023010141094263,3.9283891108579274,0.9073881035681297,1944.3451019701313,1917.981545275529,1,0.013210471587676331,-0.005098422809660552,0.01918501119514393,0.014829333808850764,0.13484841769605607,0.1680403700878199,0.33,288.561,2.83,0.0,1.0
2022-04-18,1973.4000244140625,1997.0999755859375,1972.800048828125,1982.9000244140625,196,60.33820904895026,12.470012654802076,8.548690577956293,3.921322076845783,4.325702925413879,0.9797061236410808,1948.0169993457437,1920.5273679868442,1,0.02560802733264958,0.006088588894085367,0.02127114202072522,0.02836846521489811,0.132714935945198,0.16831676451762165,0.33,288.561,2.85,0.0,1.0
2022-04-19,1973.800048828125,1978.300048828125,1945.699951171875,1955.699951171875,130,53.031900277683526,11.567846226412257,9.152521707647486,2.4153245187647716,4.307830310170434,0.6403713413815618,1948.7487090434704,1921.9066849744925,1,0.016971057819088524,-0.01371731953567601,0.005863242327551754,0.014051631198275905,0.14329279031169195,0.17052705305851001,0.33,288.561,2.93,0.0,1.0
2022-04-20,1945.5,1953.5999755859375,1945.5,1952.300048828125,621,52.18134618569895,10.457976088697706,9.41361258385753,1.0443635048401756,4.174596789186331,0.5834182508124646,1949.0869318801042,1923.0985815962035,1,0.0807558014785724,-0.001738458060354664,-0.010040021805653998,0.016452386348513093,0.1424852452553573,0.17038527669953094,0.33,288.561,2.85,0.0,1.0
2022-04-21,1942.5,1944.9000244140625,1942.5,1944.9000244140625,4,50.29072702070676,8.878925160435301,9.306675099173084,-0.427749938737783,4.152720451459224,0.4871304897232509,1948.6881787881002,1923.9535401380804,1,0.000520843506058061,-0.0037904134758919295,-0.018223107312436926,0.004285887087039697,0.14055725659017,0.1703393172245508,0.33,288.561,2.9,0.0,1.0
2022-04-22,1949.5999755859375,1950.4000244140625,1930.199951171875,1931.0,178,46.856524200254405,6.431758808561881,8.731691841050845,-2.2999330324889637,4.138423984605177,0.3333497124837264,1947.0035903320907,1924.2298718973714,1,0.02315191165854832,-0.007146909475848284,-0.020244570460099642,-0.015599498351745789,0.13455406271745834,0.16894483080462636,0.33,288.561,2.9,0.0,1.0
2022-04-25,1925.0,1925.0,1889.300048828125,1893.199951171875,748,39.04756034743406,1.4257783265477428,7.270509138150224,-5.844730811602481,4.708461806131195,-0.02708131643292646,1941.879434221594,1923.0130122610774,1,0.09687111479486116,-0.019575374846258375,-0.045236810801237204,-0.031016529911849222,0.15027817522604509,0.16871534603946553,0.33,288.561,2.81,1.0,1.0
2022-04-26,1900.5,1909.0999755859375,1894.0,1901.4000244140625,302,41.33177212795138,-1.8583974429077443,5.444727821938631,-7.303125264846376,5.044882393340002,0.11091140643419277,1938.0242523351624,1922.1654441102141,1,0.03903649653906558,0.0043313297346705415,-0.027764957873663287,-0.019694757502940807,0.15007168470735038,0.16844914161645017,0.33,288.561,2.77,1.0,1.0
2022-04-27,1897.800048828125,1900.5999755859375,1882.199951171875,1885.9000244140625,1786,38.40222611045844,-5.646758544983413,3.2264305485542226,-8.873189093537636,5.469652608373379,0.006984832027443533,1933.0600401522006,1920.7432707887965,1,1.2550066755674234,-0.00815188797779498,-0.0340111779712956,-0.01365061484620167,0.14430150533878894,0.16922220513654368,0.33,288.561,2.82,1.0,1.0
2022-04-28,1883.800048828125,1893.0,1872.9000244140625,1888.699951171875,513,39.24001312663852,-8.327141222112004,0.9157161944209773,-9.242857416532981,5.911732947217032,0.08736213274986208,1928.835269773122,1919.4866700195055,1,0.9152542372881356,0.0014846634082219534,-0.028896124498285602,-0.0231704415971683,0.13767551301767222,0.16917026022596598,0.33,288.561,2.85,1.0,1.0
2022-04-29,1902.699951171875,1918.199951171875,1902.4000244140625,1909.300048828125,132,45.15081102323966,-8.6889473102799,-1.0052165065191982,-7.683730803760702,5.999152084120429,0.2877083006026936,1926.9747725402651,1919.0871946786672,1,0.341747572815534,0.010907025037761198,-0.011237675386781443,-0.020469886796252945,0.14045881928384757,0.17021887010727993,0.33,288.561,2.89,0.0,2.0
2022-05-02,1896.699951171875,1896.800048828125,1853.0,1861.800048828125,385,36.3659908200793,-12.662568065280084,-3.3366868182713754,-9.32588124700871,6.8142726834278635,-0.026377337564242365,1920.7676559962517,1916.8406399394303,1,1.0854243022272343,-0.024878226986457253,-0.016585623892665824,-0.029857708033328323,0.15687131606211868,0.17823611205388384,0.77,291.298,2.99,1.0,1.0
2022-05-03,1868.800048828125,1868.800048828125,1868.800048828125,1868.800048828125,466,38.27205812692643,-15.073096371160318,-5.683968728849164,-9.389127642311154,7.383986216334897,0.08385622934246616,1915.8183600754778,1914.9566951899674,1,1.2964250938934483,0.00375980224321415,-0.017145248326155604,-0.031308264499519955,0.1561035479698379,0.17833400372937028,0.77,291.298,2.97,1.0,1.0
2022-05-04,1867.0,1867.0,1867.0,1867.0,1,37.95720062120994,-16.93350738489221,-7.933876460057774,-8.999630924834435,7.894953481049955,0.11677016647505356,1911.1689924492418,1913.0760404766354,-1,0.0029507229271171437,-0.0009632110344034439,-0.010021753098992892,-0.029070686829439363,0.1559889196170448,0.1777327788615676,0.77,291.298,2.93,1.0,1.0
2022-05-05,1897.0,1904.300048828125,1874.0,1874.0,80,40.02358529161326,-17.639715359925503,-9.87504424003132,-7.764671119894183,8.236601541004012,0.19045209303543872,1907.629088406457,1911.5436467324537,-1,0.23809523809523808,0.003749330476700674,-0.007783105602747642,-0.02314429933747708,0.15703195800675562,0.17776638208158235,0.77,291.298,3.05,1.0,1.0
2022-05-06,1874.699951171875,1890.300048828125,1871.5,1881.199951171875,214,42.15752833400097,-17.417634729959445,-11.383562338016946,-6.0340723919425,8.442243332545967,0.25821068150095133,1905.112027717449,1910.3536978869408,-1,0.6462328250037748,0.003842023037286646,-0.014717486480711583,-0.02720038076745601,0.15448454803857375,0.17768666243855044,0.77,291.298,3.12,1.0,1.0
2022-05-09,1866.5999755859375,1867.5,1854.0,1857.0999755859375,304,37.36525082202542,-18.967653545474604,-12.900380579508479,-6.067272965966126,8.863367016968146,0.15216758626451785,1900.539451323972,1908.265316620235,-1,0.8975494537939179,-0.012810959074778139,-0.0025244779884638913,-0.043520808128615474,0.15826205021727932,0.1797661525959485,0.77,291.298,3.05,1.0,1.0
2022-05-10,1839.9000244140625,1839.9000244140625,1839.9000244140625,1839.9000244140625,1540,34.36296049939905,-21.33797603236121,-14.587899670079027,-6.750076362282185,9.423781467087663,0.10543472909245963,1894.7642678087425,1905.5843247690125,-1,3.778677462887989,-0.009261726023365169,-0.015464481838056932,-0.05369542858211973,0.15957004522591028,0.1807430067741882,0.77,291.298,2.99,1.0,1.0
2022-05-11,1841.5,1852.5999755859375,1841.0,1852.5999755859375,892,38.30477222465135,-21.938796963848063,-16.058079128832834,-5.880717835015229,9.330413319527704,0.2053038698853045,1890.7486209303802,1903.50650715399,-1,2.0279640786631807,0.006902522421520896,-0.0077129214858395745,-0.06059530524789691,0.1511481455784344,0.17873534551722883,0.77,291.298,2.91,1.0,1.0
2022-05-12,1849.800048828125,1851.9000244140625,1822.199951171875,1823.800048828125,153,33.40542805147197,-24.456940888412873,-17.737851480748844,-6.719089407664029,9.318584737420098,0.0852585444767508,1884.3725664444512,1900.3807636902307,-1,0.3498742282186142,-0.015545680199366085,-0.026787594008471194,-0.07935383703779653,0.15456583104340957,0.1810101547481642,0.77,291.298,2.84,1.0,1.0
2022-05-13,1825.0,1825.0,1807.4000244140625,1807.4000244140625,335,30.97577095959622,-27.459398151362848,-19.682160814871647,-7.777237336491201,9.509771366922788,0.046050172169695425,1877.0418481558427,1896.7344601892046,-1,0.7461024498886414,-0.008992227204183023,-0.03923024063010394,-0.08295702368191282,0.15551859827580308,0.18099265493226802,0.77,291.298,2.93,1.0,1.0
2022-05-16,1790.5,1813.5,1787.0,1813.5,34,32.92977733654706,-29.012215354495538,-21.548171722796425,-7.464043631699113,8.995137829849055,0.1040527106964654,1870.990243569572,1893.4703637111966,-1,0.07711499206169199,0.0033750002785990496,-0.02347745202687923,-0.08543044143847822,0.15340419954144768,0.17780646720961996,0.77,291.298,2.88,1.0,1.0
2022-05-17,1824.9000244140625,1828.5999755859375,1816.699951171875,1818.199951171875,121,34.469068187911375,-29.523261612703436,-23.143189700777828,-6.380071911925608,8.677276902610501,0.15923901914173322,1865.9625966745532,1890.5185828273015,-1,0.27471903734816666,0.0025916466346154188,-0.011794158896811902,-0.07030730860202183,0.15118041489099976,0.177938923414277,0.77,291.298,2.98,1.0,1.0
2022-05-18,1815.0,1819.699951171875,1805.0,1815.9000244140625,311,34.05715598158322,-29.77067649525361,-24.468687059672988,-5.301989435580623,8.193603186039864,0.1673566328881258,1861.1947326497445,1887.592364850312,-1,0.7318508059771738,-0.001264947101296654,-0.019809970665830123,-0.06986632228787637,0.1512690195766005,0.17767582572173657,0.77,291.298,2.89,1.0,1.0
2022-05-19,1810.9000244140625,1841.199951171875,1810.699951171875,1841.199951171875,138,42.23485179215035,-27.607025320044386,-25.09635471174727,-2.510670608297115,7.327419995694641,0.3504837190236177,1859.2904677470904,1885.7730545099812,-1,0.31970346345418743,0.013932444747874362,0.009540465992930569,-0.05331897369553951,0.16345607690687178,0.1801354324070625,0.77,291.298,2.84,0.0,1.0
2022-05-20,1839.0999755859375,1841.800048828125,1836.300048828125,1841.800048828125,110,42.41725940469141,-25.54937600711628,-25.186958970821074,-0.3624170362952057,6.539266032190967,0.37372713925351203,1857.6247135643318,1884.0486229146143,-1,0.2568593111500292,0.00032592747782111964,0.01903287813953347,-0.04619365674359144,0.16292516933580029,0.1791920134078526,0.77,291.298,2.78,0.0,1.0
2022-05-23,1846.300048828125,1863.0,1845.800048828125,1847.800048828125,216,44.31074699337264,-23.16746414078102,-24.783060004813066,1.615595864032045,6.309147564715878,0.43962923262648773,1856.6890312085027,1882.6271102053402,-1,0.5377816506909001,0.003257682615340096,0.018913729709470584,-0.0239805110472604,0.15031251330083772,0.1746751507369421,0.77,291.298,2.86,0.0,1.0
2022-05-24,1852.5,1867.0,1852.5,1865.0999755859375,33,49.47011104340028,-19.657226052393526,-23.757893214329158,4.1006671619356325,5.9100549836596326,0.610029030539499,1857.490073530163,1881.9397715928146,-1,0.08500772797527048,0.009362445232526273,0.025794756172902833,-0.01909122139582975,0.1537602240140451,0.17518820844961744,0.77,291.298,2.76,0.0,1.0
2022-05-25,1846.199951171875,1846.199951171875,1846.199951171875,1846.199951171875,0,44.607844092815974,-18.19071979905334,-22.644458531273997,4.453738732220657,5.692955770284988,0.45383339465140926,1856.4148237817546,1880.5382100076797,-1,0.0,-0.010133518128498609,0.01668590029761652,-0.02105099566692148,0.15516348124307294,0.16980424282669554,0.77,291.298,2.75,0.0,1.0
2022-05-26,1840.4000244140625,1847.4000244140625,1840.4000244140625,1847.4000244140625,123355,44.97764262060637,-16.73871367470565,-21.46330955996033,4.724595885254679,5.3851360099425944,0.48393127481231746,1855.556271461022,1879.238673317734,-1,19.15152926564198,0.0006500234394577475,0.0033674089760002968,-0.021866854357775134,0.1550100857642872,0.16846794954287708,0.77,291.298,2.75,0.0,1.0
2022-05-27,1848.300048828125,1860.699951171875,1845.9000244140625,1851.300048828125,30091,46.23387477425593,-15.09923440835746,-20.190494529639757,5.091260121282296,4.491463284870397,0.56271390362219,1855.1509169245558,1878.1430409848083,-1,3.790299724774687,0.0021110882118231533,0.005157997474288578,-0.030377624530832037,0.14906176471187052,0.167815561877827,0.77,291.298,2.74,0.0,1.0
2022-05-31,1850.300048828125,1862.0999755859375,1832.800048828125,1842.699951171875,4073,43.85604419400156,-14.328718734556332,-19.018139370623075,4.6894206360667425,4.427101775488821,0.47006786149538426,1853.9651106623958,1876.7531158941051,-1,0.5013941292693285,-0.004645436952099624,-0.002760091742331383,-0.01025894143051087,0.12103564804786887,0.1644339378198774,0.77,291.298,2.85,0.0,1.0
2022-06-01,1831.0,1847.9000244140625,1825.300048828125,1843.300048828125,1623,44.072192403276006,-13.513877083250009,-17.917286913148462,4.403409829898454,4.270969483350899,0.4927626126977964,1852.9493904877033,1875.4412309111256,-1,0.19838165550286022,0.00032566216538310044,-0.011688342203191482,-0.013645119506493164,0.12003993375693063,0.16121472443581608,1.21,294.957,2.94,0.0,1.0
2022-06-02,1845.4000244140625,1868.699951171875,1842.0999755859375,1866.5,551,51.79830091855443,-10.870755729248003,-16.507980676368373,5.6372249471203695,4.264716467210867,0.7881041205803025,1854.2399247269698,1875.090594404807,-1,0.06712390512505025,0.012586095891780724,0.010995585183088963,-0.00026780931976433386,0.12883040187562433,0.15586313233443128,1.21,294.957,2.92,0.0,1.0
2022-06-03,1867.5999755859375,1871.800048828125,1845.4000244140625,1845.4000244140625,53,45.625024989359666,-10.359239835056087,-15.278232508105916,4.918992673049829,3.9977876464507824,0.5405266167412245,1853.3980294590738,1873.9262583267387,-1,0.006457626395852498,-0.011304567686009959,-0.0010826025622870938,-0.015261459757704099,0.13404859250856788,0.14808224249601012,1.21,294.957,2.96,0.0,1.0
2022-06-06,1849.0,1854.0999755859375,1839.199951171875,1839.199951171875,142,43.96686943828837,-10.335018241148191,-14.289589654714371,3.95457141356618,3.5045079262343672,0.48271077113138394,1852.0458315269595,1872.5644423598812,-1,0.017309157397531617,-0.0033597448575715116,-0.0065360002901254655,-0.022326175361548684,0.13320274202651547,0.1473464159949687,1.21,294.957,3.04,0.0,1.0
2022-06-07,1836.9000244140625,1851.5999755859375,1835.0,1847.5,1168,46.75656450746941,-9.536151066000684,-13.338901936971634,3.80275087097095,3.4253840978923358,0.6216252643597091,1851.6128951910587,1871.5815230516507,-1,0.14162811706145909,0.004512858334319025,0.0026048998509347054,-0.00516933698354527,0.12699281127400813,0.14722639420591954,1.21,294.957,2.98,0.0,1.0
2022-06-08,1844.800048828125,1855.0,1844.4000244140625,1851.9000244140625,218,48.22808132642678,-8.450584795278928,-12.361238508633093,3.910653713354165,3.471655428391312,0.6794393745628693,1851.6402408313447,1870.8096995756669,-1,0.02664759774351076,0.002381609967016196,0.004665532120722737,0.006522093505499926,0.12265266475883747,0.14574220316947462,1.21,294.957,3.03,0.0,1.0
2022-06-09,1846.0999755859375,1850.0999755859375,1837.9000244140625,1848.800048828125,159,47.237536193418485,-7.7510584499132165,-11.439202496889118,3.6881440469759017,3.4451246850935133,0.6349402555442294,1851.3697463548476,1869.9465760169398,-1,0.019523096191154443,-0.0016739432718125835,-0.009482963392378752,-0.002051131819005181,0.12032683527279998,0.14233872583023294,1.21,294.957,3.04,0.0,1.0
2022-06-10,1842.699951171875,1875.5999755859375,1823.9000244140625,1871.5,1490,54.59210165986849,-5.303843032284476,-10.212130603968191,4.908287571683715,3.6379447186403,0.9306777904399066,1853.2869133686718,1870.0074946045108,-1,0.18146278490570636,0.012278207795517693,0.014143261753897907,0.02615415609980065,0.11295429935361656,0.14320903846734354,1.21,294.957,3.15,0.0,1.0
2022-06-13,1873.800048828125,1873.800048828125,1818.699951171875,1828.0,127,42.39633114214011,-6.796151830070585,-9.528934849188671,2.732783019118086,3.2791047137623353,0.24096661576741427,1850.8786359049886,1868.3601418749222,-1,0.015486577283508015,-0.023243387656959658,-0.006089577788830791,0.011397574033239044,0.13917261591827956,0.14593310658733838,1.21,294.957,3.43,0.0,1.0
2022-06-14,1825.0,1825.5,1805.300048828125,1809.5,536,38.46111611639332,-9.36367408668275,-9.495882696687486,0.13220861000473683,3.37025775367145,-0.04660159223660078,1846.937813437847,1866.0519010170822,-1,0.06516123149864754,-0.010120350109409149,-0.020568335588633246,-0.0022056796250344846,0.14378004285176,0.14660023539378236,1.21,294.957,3.49,0.0,1.0
2022-06-15,1814.0999755859375,1839.0,1810.800048828125,1815.300048828125,108,40.331078979034395,-10.805875103874087,-9.757881178124807,-1.0479939257492799,3.424057531548799,0.05613654435193213,1843.9246929988258,1864.0616323037898,-1,0.01313053944632892,0.0032053323172838155,-0.019763472705562335,-0.0015949303825912864,0.14394868288871585,0.14683876310232225,1.21,294.957,3.33,1.0,1.0
2022-06-16,1819.199951171875,1850.5999755859375,1814.9000244140625,1845.699951171875,136,49.066985347685886,-9.387597365091096,-9.683824415518066,0.2962270504269693,3.138076970280532,0.5154590539100649,1844.0937652057828,1863.3415663770481,-1,0.01655236205857832,0.01674648902443132,-0.0016768160830670231,0.016410554742642303,0.1555126855520062,0.1510487794583124,1.21,294.957,3.28,0.0,1.0
2022-06-17,1853.699951171875,1853.699951171875,1833.5999755859375,1835.5999755859375,170,46.624634532437575,-8.975125994095379,-9.542084731233528,0.5669587371381493,3.1647287870586434,0.3471066258792549,1843.2848328610357,1862.2536608558282,-1,0.020686424229887014,-0.005472165494464498,-0.019182486996560222,-0.003041481498179066,0.1490434744878859,0.150209015755886,1.21,294.957,3.25,0.0,1.0
2022-06-21,1835.300048828125,1838.5999755859375,1830.0999755859375,1834.5999755859375,216,46.378484677759474,-8.629456105206145,-9.359559006028052,0.7301029008219064,3.198057232006303,0.33781892072834185,1842.4577035967407,1861.1692026099502,-1,0.026266986896908158,-0.0005447810052845448,0.0036104899266615753,-0.003909258905041679,0.1490384724514479,0.14746733822238525,1.21,294.957,3.31,0.0,1.0
2022-06-22,1829.5,1842.699951171875,1821.5999755859375,1834.300048828125,115,46.29953312949714,-8.284216519318306,-9.144490508686104,0.8602739893677978,3.226699759733366,0.3455051611001283,1841.6807840949677,1860.1155103047806,-1,0.013993331873159572,-0.00016348346331829244,0.013705470476996329,-0.0073059853032051425,0.1484824538354486,0.1473577263679073,1.21,294.957,3.16,1.0,1.0
2022-06-23,1835.5,1841.199951171875,1825.699951171875,1825.699951171875,9,43.98723608692667,-8.605370314698803,-9.036666469888644,0.4312961551898411,3.1457472045772614,0.226908870577451,1840.1588000070542,1858.7658805348628,-1,0.001095290251916758,-0.004688490120111077,0.00572902664243502,-0.021124886027455214,0.14464269154185597,0.1469836790902375,1.21,294.957,3.09,1.0,1.0
2022-06-24,1820.5,1826.5,1815.800048828125,1826.5,61,44.2660948394481,-8.695098079038871,-8.96835279171869,0.2732547126798188,3.21582718867798,0.26287587232267634,1838.8579619111442,1857.5005518864368,-1,0.007420879435039934,0.0004382148488373261,-0.01040253111546352,-0.010670540403476036,0.14062058481159956,0.14435869410446625,1.21,294.957,3.13,1.0,1.0
2022-06-27,1830.5,1830.699951171875,1819.9000244140625,1820.9000244140625,77,42.664977639356366,-9.113029871869685,-8.99728820774889,-0.11574166412079556,3.327721176932044,0.20083581414965102,1837.1476821495173,1856.0652370835987,-1,0.03744862972059431,-0.0030659598061524296,-0.008008254177047869,-0.014344483950304632,0.14082432455774146,0.14226156958255917,1.21,294.957,3.2,1.0,1.0
2022-06-28,1824.199951171875,1826.0,1817.5,1817.5,391,41.67926006779802,-9.607844137210577,-9.119399393641228,-0.4884447435693495,3.42478697870793,0.18187451559113238,1835.2764743257537,1854.5528748450263,-1,0.6845837345706032,-0.0018672219059124862,-0.00932081969557208,-0.01825746661083949,0.14047103999623484,0.14100291140459356,1.21,294.957,3.2,1.0,1.0
2022-06-29,1818.300048828125,1830.300048828125,1812.800048828125,1813.699951171875,173,40.551593447641096,-10.189165828400064,-9.333352680592995,-0.8558131478070692,3.595929305478877,0.16118192103946838,1833.2215673587177,1852.9507994068636,-1,0.4599229030971687,-0.0020908109095598704,-0.011230495070536972,-0.015737776506455803,0.13986044893859162,0.1377944254662894,1.21,294.957,3.1,1.0,1.0
2022-06-30,1809.5999755859375,1817.300048828125,1801.0,1804.0999755859375,328,37.77131397701177,-11.294311464211205,-9.725544437316637,-1.5687670268945677,3.883553948629558,0.07868046841511682,1830.4480824279767,1851.0350808256508,-1,1.0533076429030186,-0.00529303404332937,-0.011831065434423138,-0.02126624651646314,0.14068955451307089,0.13746669307712203,1.21,294.957,2.98,1.0,1.0
2022-07-01,1795.5,1806.0999755859375,1791.5999755859375,1798.9000244140625,77,36.318782249170056,-12.446267124620817,-10.269688974777473,-2.176578149843344,3.8790937964698173,0.05178982661564204,1827.4435054742705,1848.99056880951,-1,0.26763990267639903,-0.0028822965701699177,-0.015110854413324715,-0.036217506341246986,0.13127508143898078,0.13744322495131406,1.68,294.913,2.88,1.0,1.0
2022-07-05,1805.4000244140625,1805.4000244140625,1761.800048828125,1761.800048828125,64,28.03508153837197,-16.16650089818313,-11.449051359458606,-4.717449538724525,5.01552213097165,-0.20679216907639328,1821.1917476984472,1845.5713327318088,-1,0.2220294882914137,-0.020623700640629905,-0.03245646372318267,-0.0453018177522142,0.1440690946020643,0.14325565676544255,1.68,294.913,2.82,1.0,1.0
2022-07-06,1762.5,1768.0,1734.0,1734.9000244140625,1729,23.7969191759382,-21.042851233597958,-13.367811334286477,-7.67503989931148,6.622617655347995,-0.21658879870167508,1812.9734883380297,1841.2312814252305,-1,4.70348204570185,-0.015268488857152263,-0.04544702920821875,-0.05670940056917473,0.1513624727030264,0.14469930279002985,1.68,294.913,2.93,1.0,1.0
2022-07-07,1745.199951171875,1745.199951171875,1737.0,1737.9000244140625,1869,25.15581785891031,-24.384232821360683,-15.57109563170132,-8.813137189659363,7.60892692597985,-0.06420806056851965,1805.8236346309852,1837.1790752679299,-1,4.641748416739103,0.0017292062699769684,-0.04179298053618863,-0.059323396798883654,0.14987097114227482,0.14437987638080707,1.68,294.913,3.01,1.0,1.0
2022-07-08,1738.0999755859375,1749.300048828125,1732.0999755859375,1740.5999755859375,370,26.427416033893152,-26.508860663345786,-17.758648638030213,-8.750212025315573,8.209360877355635,0.031064478387615398,1799.6118575790758,1833.3916595941264,-1,0.9018890920170628,0.00155357105353926,-0.03519760593055621,-0.06010046296281035,0.1495016201214032,0.14439583913641016,1.68,294.913,3.09,1.0,1.0
2022-07-11,1732.5,1736.699951171875,1730.0,1730.0,75,24.656275732387357,-28.716941946248426,-19.950307299673856,-8.76663464657457,8.84875640520803,0.034330333397120896,1792.982156857259,1829.3370847080823,-1,0.1847063169560399,-0.006089840132491808,-0.038301197108774665,-0.06425792172789435,0.14976958623934591,0.14071022015030682,1.68,294.913,2.99,1.0,1.0
2022-07-12,1734.199951171875,1735.5,1723.300048828125,1723.300048828125,451,23.580545042549247,-30.654130601022644,-22.091071959943616,-8.563058641079028,9.01834406203264,0.04558450772556679,1786.3457656163891,1825.178769575535,-1,1.2736515108726347,-0.0038728041455924345,-0.021852650092505477,-0.0791877911685146,0.13808365087439528,0.14005623344736662,1.68,294.913,2.96,1.0,1.0
2022-07-13,1710.0,1734.199951171875,1710.0,1734.199951171875,368,29.00712837968004,-30.953028299124753,-23.863463227779846,-7.089565071344907,9.384133006213762,0.15484843598478498,1781.3794975740545,1821.6109727753915,-1,1.0050525740816605,0.006325017138577804,-0.00040352367994456184,-0.05131293699569206,0.12219697188668517,0.14103613943309506,1.68,294.913,2.91,1.0,1.0
2022-07-14,1710.300048828125,1710.5,1704.5,1704.5,1289,24.005121723477174,-33.20369321819612,-25.731509225863103,-7.472183992333019,10.283182166576257,0.051045977937592274,1774.05764066224,1817.0183856077292,-1,3.192174343734522,-0.017126024684642305,-0.019218610935530345,-0.05802707930367501,0.13033763773430057,0.14333290257042153,1.68,294.913,2.96,2.0,0.0
2022-07-15,1705.4000244140625,1709.699951171875,1701.0999755859375,1702.4000244140625,721,23.694006526322795,-34.75616443266358,-27.5364402672232,-7.2197241654403825,10.992410082458019,0.09678554003997965,1767.233105781461,1812.52354791386,-1,1.659569570721602,-0.0012320185309108167,-0.02194642750067588,-0.062193588595420124,0.12848237550310648,0.141405975704999,1.68,294.913,2.93,1.0,1.0
2022-07-18,1712.199951171875,1712.4000244140625,1709.199951171875,1709.199951171875,264,26.993545362599434,-35.03396208801746,-29.03594463138205,-5.998017456635409,11.050156069589116,0.16683358386216024,1761.7061386757862,1808.4716421592725,-1,0.5988431439265056,0.0039943178220718245,-0.012023149611632977,-0.07395568272802588,0.10899404487512614,0.14199064920374427,1.68,294.913,2.96,1.0,1.0
2022-07-19,1712.300048828125,1714.4000244140625,1706.0999755859375,1710.0,1684,27.391359160749943,-34.78854083355213,-30.18646387181607,-4.6020769617360635,11.048465389563647,0.20183936587793164,1756.7817445161875,1804.6100091334188,-1,3.2600909882876783,0.00046808381171348223,-0.0077177789423085175,-0.0684244809634218,0.10984810298074674,0.14205684449762776,1.68,294.913,3.01,1.0,1.0
2022-07-20,1707.0999755859375,1708.5,1699.5,1699.5,130,25.432659492932444,-35.03741545374555,-31.15665418820197,-3.8807612655435832,11.022234962925129,0.18069509272781467,1751.3263402765506,1800.4880479909318,-1,0.2537823328452904,-0.0061403508771930015,-0.020009198563537445,-0.07364001819676746,0.10962271003588264,0.1419187928026495,1.68,294.913,3.04,1.0,1.0
2022-07-21,1687.0,1715.5,1679.800048828125,1712.699951171875,183,32.014374509451144,-33.78012834812057,-31.681349020185692,-2.098779327934878,10.622311814667116,0.27092271888599573,1747.6476365522958,1797.0453775274395,-1,0.3548918840298652,0.007766961560385477,0.004810766307934866,-0.0662923700699547,0.1164940129195105,0.1384685769233576,1.68,294.913,2.91,1.0,1.0
2022-07-22,1713.300048828125,1735.0,1713.0,1727.0999755859375,61,38.40190902260762,-31.261395724094655,-31.597358360967487,0.3359626368728321,10.069596208560444,0.3673316482329158,1745.6907164602617,1794.3024205885572,-1,0.11770381090207428,0.008407791688327837,0.01450889968142266,-0.05400667044036911,0.12362688756827211,0.13946252075979698,1.68,294.913,2.77,1.0,1.0
2022-07-25,1727.0,1732.0,1719.0,1719.0,67,36.333985985584775,-29.577926384786224,-31.193471965731234,1.6155455809450103,9.377075888186376,0.3404427311298431,1743.1487434640462,1791.3493844870452,-1,0.12920644103750845,-0.004689928608903826,0.005733705305459358,-0.058855735012318666,0.12319994036189248,0.13894189433245774,1.68,294.913,2.81,1.0,1.0
2022-07-26,1718.0,1718.0,1717.699951171875,1717.699951171875,1,35.99891898799929,-28.025606137887507,-30.55989880016249,2.534292662274982,8.593667426240327,0.3511956799019703,1740.7250489600299,1788.461171415862,-1,0.001942690626517727,-0.0007562820407940318,0.0045028954221491,-0.056675309933831075,0.12346409696655021,0.1388091628532626,1.68,294.913,2.81,1.0,1.0
2022-07-27,1719.0999755859375,1719.0999755859375,1719.0999755859375,1719.0999755859375,144865,36.676164985143295,-26.378337830074315,-29.723586606144856,3.345248776070541,7.626069850694373,0.3796049930277049,1738.6655181624972,1785.741124520571,-1,18.72015713741124,0.0008150576083485461,0.011532789400375165,-0.05414031604625169,0.12413200952818383,0.13647513020171642,1.68,294.913,2.78,1.0,1.0
2022-07-28,1732.300048828125,1755.0,1732.0,1750.300048828125,37236,49.50087792904293,-22.298240431925706,-28.23851737130103,5.940276939375323,6.476756806390021,0.6643961918076101,1739.7735687020809,1784.351278414985,-1,3.8821468785187037,0.01814907433266244,0.021953698095526386,-0.034956114048956044,0.1444173422238905,0.133449435567814,1.68,294.913,2.68,1.0,0.0
2022-07-29,1754.0,1765.699951171875,1750.0,1762.9000244140625,3485,53.58879487247622,-17.8423456666128,-26.159283030363383,8.316937363750583,5.517687076201216,0.8467970180922285,1741.9760882936982,1783.51005276789,-1,0.357456061623989,0.007198751776515966,0.020728417193092374,-0.022836844814264845,0.14714243147156086,0.13415512686052194,1.68,294.913,2.67,1.0,0.0
2022-08-01,1763.9000244140625,1772.5,1756.0999755859375,1769.0,705,55.468246317001714,-13.661320710676137,-23.659690566425937,9.9983698557498,4.658888813993596,1.0054036031654305,1744.549794170489,1782.941031090718,-1,0.07207962498146889,0.00346019371572992,0.02908667830133793,-0.01662128189908807,0.1478724439389871,0.13446150864037054,2.33,295.097,2.6,0.0,1.0
2022-08-02,1772.0999755859375,1786.5999755859375,1759.4000244140625,1771.0999755859375,1078,56.126930323903736,-10.06238492112766,-20.940229437366284,10.877844516238625,4.856043682032003,1.0042295192588688,1747.0783828767221,1782.4766759728836,-1,0.10964700377865139,0.0011870975612988666,0.031088097998507314,0.005278650527906548,0.1276438372743456,0.13418645866278858,2.33,295.097,2.75,0.0,1.0
2022-08-03,1756.699951171875,1770.5,1753.0,1758.0,399,51.053796832371276,-8.173047127953623,-18.386792975483754,10.21374584753013,5.065756804823953,0.8203673504414939,1748.1185368884628,1781.5168063268882,-1,0.04086000583714369,-0.0073965195452072585,0.022628133887794277,0.013314874206506122,0.1174156823249186,0.1344584023908012,2.33,295.097,2.73,0.0,1.0
2022-08-04,1769.4000244140625,1792.0999755859375,1767.699951171875,1788.5,285,60.09703898172204,-4.166608148937485,-15.542756010174502,11.376147861237017,5.849905852771243,1.0530012241008988,1751.964390518133,1781.7906570591672,-1,0.029424366472741163,0.017349260523321863,0.02182480152328803,0.029115584829453756,0.13130360925675075,0.13732582223749487,2.33,295.097,2.68,0.0,0.0
2022-08-05,1791.199951171875,1791.4000244140625,1764.199951171875,1772.9000244140625,645,54.545970472926186,-2.2246200138408767,-12.879128810907778,10.654508797066901,6.18016084869742,0.8623275155836619,1753.9582604129835,1781.442004798575,-1,0.06649758752938265,-0.00872237941623566,0.005672471417273783,0.018556847800283327,0.13619339157542468,0.13718339023661608,2.33,295.097,2.83,0.0,0.0
2022-08-08,1771.800048828125,1786.800048828125,1771.800048828125,1786.800048828125,127,58.246725839265096,0.43106631322666544,-10.21708978608089,10.648156099307556,6.706044083491523,0.9283218516053756,1757.0860497858541,1781.6521241722828,-1,0.013089814681206324,0.007840275380816442,0.010062209625848029,0.03283239816654615,0.13562745191745185,0.13741375040524947,2.33,295.097,2.77,0.0,0.0
2022-08-09,1790.0,1796.0999755859375,1789.0,1794.0,249,60.06064411279436,3.081174881611787,-7.557436852542356,10.638611734154143,7.228210923982702,0.9257051888363778,1760.6016640919634,1782.1363545968993,-1,0.02569102671247717,0.00402952259632916,0.012929831590385854,0.04102590910964832,0.13427443919628318,0.1340779684924691,2.33,295.097,2.8,0.0,0.0
2022-08-10,1804.4000244140625,1804.9000244140625,1787.800048828125,1795.5999755859375,601,60.47160908069006,5.249991044533999,-4.995951273127085,10.245942317661084,7.711702212903941,0.8873794313710158,1763.934836615199,1782.6643397337243,-1,0.06193481901326807,0.000891848152696495,0.021387926954458125,0.03540538931082993,0.13334974564258562,0.13284600895430618,2.33,295.097,2.78,0.0,0.0
2022-08-11,1794.300048828125,1794.300048828125,1785.699951171875,1789.699951171875,1235,58.09757532347847,6.418719811006213,-2.713017056300426,9.131736867306639,7.734991940149516,0.8101181908662746,1766.3886570491682,1782.9402460646322,-1,0.1273058071033548,-0.0032858233984645047,0.0006709260116717353,0.04998530429561465,0.11486124893074283,0.13280237684001914,2.33,295.097,2.87,0.0,1.0
2022-08-12,1786.300048828125,1800.4000244140625,1784.300048828125,1798.5999755859375,187,60.60973010633792,7.97121615040669,-0.5761704149590028,8.547386565365693,7.724150557567699,0.8399143176172614,1769.4564016717177,1783.5543531046835,-1,0.01932946399499708,0.004972914263217554,0.014495995723373456,0.05650842915429677,0.11433818301995165,0.13310530344586904,2.33,295.097,2.84,0.0,1.0
2022-08-15,1799.0,1799.0,1774.699951171875,1781.4000244140625,64,53.8860878980027,7.724643489213122,1.0839923658754222,6.640651123337699,7.484169397798511,0.6917656702008189,1770.593889551941,1783.46986962662,-1,0.0066222767180410475,-0.009562966421297614,-0.0030221761061648422,0.04224202861267634,0.12229349004695349,0.13448687271297516,2.33,295.097,2.79,0.0,1.0
2022-08-16,1777.4000244140625,1777.4000244140625,1771.4000244140625,1773.199951171875,308,50.98235074066265,6.78929275825476,2.22505244435129,4.56424031390347,7.108278200972544,0.6107066639012049,1770.8420858966965,1783.067127726434,-1,0.032098212192109885,-0.004603162192548305,-0.011594230116011683,0.03695903577302628,0.12448640092454681,0.13147370180952947,2.33,295.097,2.82,0.0,1.0
2022-08-17,1769.699951171875,1769.699951171875,1760.0,1760.300048828125,23,46.717412000694814,4.950045215030968,2.7700509984872257,2.1799942165437427,6.375907231928725,0.4813564911819581,1769.8380823663563,1782.174301102971,-1,0.00239828157911201,-0.007274928208307663,-0.01965912632979039,0.035775256739114525,0.12551855551916363,0.13216497269307295,2.33,295.097,2.89,0.0,1.0
2022-08-18,1762.9000244140625,1762.9000244140625,1753.4000244140625,1755.300048828125,321,45.14113099547326,3.053768134556094,2.8267944257009994,0.2269737088550947,5.839938420683565,0.4104783676647409,1768.4535077436676,1781.1204088568986,-1,0.033447603963697364,-0.002840424848779999,-0.019221044466825488,0.024873065259972682,0.1244481344238575,0.13196600009026999,2.33,295.097,2.88,0.0,1.0
2022-08-19,1753.699951171875,1754.300048828125,1747.5,1747.5999755859375,49,42.748971817772215,0.9190293298549932,2.4452414065317982,-1.526212076676805,5.581389376235673,0.31784432713212246,1766.467457061979,1779.805882061959,-1,0.005106028239462304,-0.004386756126012914,-0.028355387908523433,0.011869608181220181,0.12297111648008505,0.13043385431439705,2.33,295.097,2.98,0.0,1.0
2022-08-22,1740.5,1740.5,1726.5,1734.0,347,38.834580716674694,-1.8488584337303564,1.5864214384793673,-3.4352798722097235,5.300243984172138,0.15498165180556148,1763.3753182941716,1778.00957296149,-1,0.03610634202174705,-0.007782087305979513,-0.026608298958373133,0.008726003490401313,0.12522217318230686,0.12981594154651835,2.33,295.097,3.03,1.0,2.0
2022-08-23,1738.0,1748.9000244140625,1731.9000244140625,1746.800048828125,509,44.02924940412398,-2.9752753398940968,0.6740820828046746,-3.6493574226987713,4.7817050641359184,0.252096936531296,1761.7967212021672,1776.7856700542993,-1,0.05282329621519526,0.007381804399149372,-0.014888282805502473,0.01694131599433124,0.1274885334875562,0.1309124188913781,2.33,295.097,3.05,1.0,2.0
2022-08-24,1745.0,1751.800048828125,1743.5999755859375,1747.800048828125,187,44.42634395043357,-3.7441173565196095,-0.20955780506018218,-3.5345595514594272,4.205893957753721,0.21254016635161316,1760.4637047855917,1775.648979025822,-1,0.07785179017485429,0.0005724753675562244,-0.0071010621219499415,0.016694824995507007,0.12749207402286164,0.13079773588991506,2.33,295.097,3.11,1.0,2.0
2022-08-25,1761.5999755859375,1761.800048828125,1755.0,1757.699951171875,172,48.33430863709489,-3.514082654299955,-0.8704627749081367,-2.643619879391818,4.135312171095844,0.33792612420077045,1760.200490155714,1774.9450955805692,-1,0.3134110787172012,0.0056642076136728114,0.0013672319700281932,0.004227790742909798,0.11205624000430131,0.13125756807222086,2.33,295.097,3.03,0.0,2.0
2022-08-26,1754.0,1755.0,1736.0999755859375,1736.0999755859375,202,41.48049047765175,-5.016884485293303,-1.6997471169851701,-3.317137368308133,4.448145190454824,0.09162360599708391,1757.9052030538305,1773.4217575415641,-1,0.5251527362537372,-0.012288772933933712,-0.0065804532848795505,-0.015202251095908004,0.11729530037271386,0.1333579034108797,2.33,295.097,3.04,0.0,2.0
2022-08-29,1732.4000244140625,1741.199951171875,1732.0999755859375,1736.5999755859375,950,41.68662308016486,-6.0972348145865,-2.5792446565054363,-3.5179901580810635,4.7168984570238255,0.13997981148808966,1755.876133771174,1771.977766092324,-1,2.3935500125976317,0.00028800184726174294,0.0014994092191105146,-0.018315446248763467,0.11631876985354377,0.13039032662969777,2.33,295.097,3.12,0.0,2.0
2022-08-30,1736.4000244140625,1739.0,1720.699951171875,1723.199951171875,385,37.839696304402594,-7.943126794333239,-3.6520210840709972,-4.291105710262242,5.1772652144753115,0.05106045805670689,1752.7641163807646,1770.0649106052476,-1,1.0628019323671498,-0.007716241277465952,-0.013510474580123,-0.027045353212325374,0.1184706817551157,0.1293913839866973,2.33,295.097,3.11,0.0,2.0
2022-08-31,1718.300048828125,1720.9000244140625,1708.5,1712.800048828125,2133,35.13009794949666,-10.12844033529609,-4.9473049343160165,-5.181135400980074,5.772341194675097,0.016791486771943025,1748.9580147090846,1767.8192297512428,-1,4.751085867023054,-0.006035226693615781,-0.02002517394565073,-0.025711007492534077,0.11763890513773691,0.12970557995734522,2.33,295.097,3.15,1.0,2.0
2022-09-01,1707.9000244140625,1707.9000244140625,1693.9000244140625,1696.5999755859375,683,31.36268741736413,-13.017470287446713,-6.561338004942156,-6.456132282504557,6.452512193925205,-0.035746518049515494,1743.9715347925944,1765.0263178231917,-1,1.456755892076357,-0.009458239596192963,-0.03476132291248091,-0.05138385485829611,0.09857644904978527,0.13025642411702307,2.56,296.349,3.26,0.0,2.0
2022-09-02,1703.4000244140625,1715.699951171875,1703.0999755859375,1709.800048828125,182,37.26618428282867,-14.079610757276896,-8.064992555409104,-6.014618201867792,6.820314058528187,0.12893383806875106,1740.717107557883,1762.8605817841694,-1,0.408346421359659,0.0077803096971216235,-0.01514885497820262,-0.03559138965367881,0.10232514352902924,0.13138579180112467,2.56,296.349,3.2,0.0,2.0
2022-09-06,1709.699951171875,1717.4000244140625,1699.699951171875,1700.4000244140625,697,34.96018029595004,-15.50118018681519,-9.552230081690322,-5.948950105124869,7.110182608572628,0.10235291119727732,1736.8773853537098,1760.4111481618124,-1,1.4698439477013918,-0.0054977331533621054,-0.020845302131056953,-0.04835461274512953,0.09647031972117526,0.13166389229502964,2.56,296.349,3.33,0.0,2.0
2022-09-07,1694.800048828125,1715.300048828125,1694.699951171875,1715.300048828125,651,41.173980318169235,-15.249687847162932,-10.691721634784844,-4.557966212378087,6.928031590673438,0.24669198676415247,1734.8224009227017,1758.6420854428443,-1,1.317013959134129,0.008762658315767169,-0.0045844374231659435,-0.04386842317272854,0.10196113228144071,0.13031539191945338,2.56,296.349,3.27,0.0,2.0
2022-09-08,1718.199951171875,1718.199951171875,1705.300048828125,1708.0,1193,39.1980749073536,-15.461204150280992,-11.645618137884075,-3.815586012396917,6.672282880733826,0.2111920746562182,1732.2678865491112,1756.6561213078307,-1,2.2771521282687535,-0.004255843654357938,-0.002802457199489905,-0.048785908207284345,0.10150052542503826,0.12210636687141868,2.56,296.349,3.29,0.0,2.0
2022-09-09,1719.199951171875,1720.0,1712.800048828125,1716.199951171875,635,42.534059247843544,-14.796598833881717,-12.275814277083605,-2.5207845567981124,6.289470461525543,0.3016074496936,1730.7376069893744,1755.069604831911,-1,1.285685361409192,0.004800908180254693,0.011552502574549761,-0.041068336595680766,0.10466933817110384,0.12122172587929236,2.56,296.349,3.33,0.0,2.0
2022-09-12,1727.4000244140625,1728.0999755859375,1727.4000244140625,1728.0999755859375,68,47.0725255384233,-13.157984757132226,-12.45224837309333,-0.7057363840388966,5.4321370420643955,0.43355438681979636,1730.486403998571,1754.011972312461,-1,0.13935854083410185,0.006933938208037338,0.010702963057203752,-0.03919715387354705,0.1066231490436396,0.12199133848683191,2.56,296.349,3.37,0.0,2.0
2022-09-13,1720.5,1720.5,1697.300048828125,1705.0,432,40.402135014634105,-13.566954860470105,-12.675189670568685,-0.8917651899014203,5.024998107218457,0.20630037688628264,1728.0591274272786,1752.0899341825607,-1,0.8531648069517132,-0.013367268047154046,0.0027052314278357414,-0.042887629598631016,0.11104926289813849,0.1191732517533088,2.56,296.349,3.42,0.0,2.0
2022-09-14,1698.699951171875,1701.800048828125,1696.5,1696.5,532,38.25404154669894,-14.410826538464562,-13.022317044147862,-1.3885094943167005,4.774897459438548,0.1336495638847107,1725.0534962437282,1749.9099367636368,-1,1.027920007728722,-0.004985337243401777,-0.010960210046614849,-0.043255105619185996,0.11116865270031097,0.11910438817245352,2.56,296.349,3.41,1.0,2.0
2022-09-15,1685.5,1686.0,1662.300048828125,1665.4000244140625,1125,31.628097885818917,-17.388663352427102,-13.895586305803711,-3.493077046623391,5.367070485985877,-0.11199642150958208,1719.3722132123314,1746.5958225538495,-1,1.964550772723304,-0.01833184532032861,-0.024941437696684665,-0.053911277499105736,0.12430440196257611,0.12418649357782142,2.56,296.349,3.45,1.0,2.0
2022-09-16,1660.4000244140625,1674.9000244140625,1651.699951171875,1671.699951171875,464,34.11753074310448,-19.02100671770131,-14.920670388183233,-4.100336329518079,5.6421065525358065,0.024550829770673036,1714.831997779907,1743.658729558478,-1,0.8002759572266299,0.0037828309507974556,-0.02592937959799735,-0.047627240546175065,0.12645508218765192,0.12464438524504584,2.56,296.349,3.45,1.0,2.0
2022-09-19,1661.800048828125,1669.4000244140625,1658.5,1666.199951171875,580,32.98827015778578,-20.521891044138783,-16.040914519374343,-4.48097652476444,5.992270890394003,0.037345611555173075,1710.2003742934278,1740.621130406062,-1,0.9565432505978395,-0.003290064102798196,-0.035819700994483505,-0.04657817896041716,0.12628944515150162,0.12452586953020049,2.56,296.349,3.49,1.0,2.0
2022-09-20,1659.699951171875,1659.699951171875,1659.699951171875,1659.699951171875,2830,31.654775833623063,-21.982448382012763,-17.22922129190203,-4.753227090110734,6.493292689844143,0.04703424147346362,1705.3908101866132,1737.447750828251,-1,3.8740588637919235,-0.0039010924201674513,-0.02656894359420825,-0.04284893242683108,0.12481583775070212,0.12455202489494813,2.56,296.349,3.57,1.0,2.0
2022-09-21,1665.5,1680.0999755859375,1664.5999755859375,1664.5999755859375,2337,33.826406272320725,-22.485362315897646,-18.280449496701152,-4.204912819196494,6.586245224667375,0.13254445031540474,1701.5059687960727,1734.5909753285525,-1,2.8434116072514906,0.002952355581262056,-0.018803433194260255,-0.047057517142464644,0.12127653087180032,0.12485806081459551,2.56,296.349,3.51,1.0,2.0
2022-09-22,1668.300048828125,1670.800048828125,1668.300048828125,1670.800048828125,973,36.57264088615627,-22.128547021804934,-19.05006900172191,-3.0784780200830255,6.426825004363011,0.2144542151948475,1698.581595465792,1732.0893703677516,-1,1.1298188574082675,0.0037246625814739698,0.0032424788848928188,-0.04405538268043152,0.1228067400008121,0.12531086330070162,2.56,296.349,3.7,1.0,2.0
2022-09-23,1667.0,1667.0,1645.300048828125,1645.300048828125,1224,30.893881846643495,-23.631001739859812,-19.96625554934949,-3.6647461905103214,6.3369168182382944,0.024513917329739003,1693.5071624526809,1728.6858675622761,-1,1.33946158896914,-0.01526214942229942,-0.01579224927609968,-0.06394714994946205,0.1274590118071006,0.12854039383169338,2.56,296.349,3.69,1.0,2.0
2022-09-26,1623.300048828125,1623.300048828125,1623.300048828125,1623.300048828125,1205,26.99886131448372,-26.293825217084077,-21.231769482896407,-5.06205573418767,7.014071704178185,-0.06896632117161344,1686.8207706789137,1724.5530903570154,-1,1.2500648373878314,-0.013371421228407288,-0.0257471513629427,-0.06497317455450247,0.12854784783423168,0.13060808249778277,2.56,296.349,3.88,2.0,2.0
2022-09-27,1632.199951171875,1636.5999755859375,1626.699951171875,1626.699951171875,888,28.499157058740167,-27.809220914358548,-22.547259769188837,-5.26196114516971,7.312113073645123,0.024626733073552544,1681.09497834491,1720.715712349755,-1,0.9241817141073008,0.002094438638256868,-0.01988311199063386,-0.06328459401076614,0.12938359881327724,0.13082305245203493,2.56,296.349,3.97,2.0,2.0
2022-09-28,1620.4000244140625,1660.4000244140625,1620.4000244140625,1660.4000244140625,18311,41.362935433012346,-25.991257616101393,-23.236059338571348,-2.755198277530045,7.126991798959906,0.3186612144011209,1679.124030351496,1718.3503912542376,-1,9.859731308725735,0.020716834237260562,-0.002523099383319738,-0.03644378397011039,0.15310546684184648,0.13238681639455657,2.56,296.349,3.72,1.0,2.0
2022-09-29,1657.0,1662.5999755859375,1640.0,1658.5,6028,40.91598087120905,-24.42229962780698,-23.473307396418477,-0.9489922313885018,7.032710072885981,0.3228332823684226,1677.1598369846868,1716.0033170874049,-1,2.9377649982942637,-0.0011443172645898558,-0.0073617718869185556,-0.0317025030827599,0.1523100628792787,0.12894368315793356,2.56,296.349,3.76,2.0,2.0
2022-09-30,1661.699951171875,1672.699951171875,1658.0,1662.4000244140625,548,42.29434271390712,-22.60362917514044,-23.29937175216287,0.695742577022429,7.027025447928224,0.3700947617800448,1675.7541405493891,1713.9012271786464,-1,0.26795100603867683,0.0023515371806226426,0.010393226207047856,-0.020157934494879237,0.14995655975583316,0.1290009372317503,2.56,296.349,3.83,2.0,2.0
2022-10-03,1667.199951171875,1700.0,1661.9000244140625,1692.9000244140625,410,51.770334193420744,-18.488105268633717,-22.33711845545704,3.849013186823324,6.864067124879847,0.6392686075614922,1677.3870818698342,1713.0776505996432,-1,0.19936301086771532,0.018346967969246952,0.04287560739998897,-0.009884210978731489,0.16212295003244628,0.13464101507256768,3.08,298.007,3.67,2.0,2.0
2022-10-04,1701.199951171875,1728.0,1696.0,1721.0999755859375,291,58.54806449591514,-12.803432538786637,-20.43038127212296,7.626948733336324,7.140173009243502,0.8605430615521439,1681.5502146047013,1713.392251579498,-1,0.1429097605893186,0.016657777048373124,0.058031614463415204,0.012173577319847473,0.17166535837546051,0.13851942376807153,3.08,298.007,3.62,2.0,2.0
2022-10-05,1724.0999755859375,1726.5999755859375,1703.0,1711.4000244140625,418,55.651058873222404,-8.977506333514157,-18.1398062844012,9.162299950887043,7.085616885335182,0.7834045366644181,1684.3930536341643,1713.3141250239908,-1,0.20646053541440285,-0.0056359022192029595,0.030715489791682815,-0.002273668922662786,0.170225659009325,0.13877403063750632,3.08,298.007,3.76,2.0,2.0
2022-10-06,1721.0,1723.300048828125,1709.0999755859375,1711.699951171875,133,55.724010573553095,-5.8537522565832205,-15.682595478837605,9.828843222254385,7.1322347644505335,0.7824814716526346,1686.9937105425176,1713.2508240886136,-1,0.06745790221140191,0.00017525228090087275,0.032077148731911365,0.0021662477587089946,0.1695177326841621,0.1381298035393778,3.08,298.007,3.83,1.0,2.0
2022-10-07,1710.0999755859375,1710.0999755859375,1693.699951171875,1700.5,179,52.26651743388152,-4.2331005546750475,-13.392696494005094,9.159595939330046,6.939844843013049,0.7009643202388377,1688.2800238241825,1712.750791771413,-1,0.09185139573070608,-0.006543174324569634,0.022918656777189517,-0.009148089743945431,0.17014903599426345,0.1341682445959883,3.08,298.007,3.89,2.0,2.0
2022-10-10,1693.4000244140625,1693.4000244140625,1667.0,1667.300048828125,195,43.62549175743867,-5.563547883931278,-11.826866771990332,6.263318888059054,6.37665751027956,0.436581070211862,1686.281930967415,1710.9684096952058,-1,0.09973659310027364,-0.019523640794986807,-0.015121965394736203,-0.03518310723729823,0.18077259390568912,0.1400876378080157,3.08,298.007,3.89,2.0,2.0
2022-10-11,1661.800048828125,1678.699951171875,1661.0,1678.699951171875,167,46.87338853205517,-5.633124973346639,-10.588118412261593,4.954993438914954,6.160596587507041,0.5576890349316571,1685.559837653554,1709.702979949193,-1,0.08599824913744271,0.006837343015591246,-0.024635422122778028,-0.015425248579545414,0.17771620912371572,0.14058025712201408,3.08,298.007,3.93,2.0,2.0
2022-10-12,1668.0,1672.699951171875,1668.0,1670.300048828125,149,44.82416448324194,-6.293519461440383,-9.729198622097352,3.435679160656969,6.026350074672572,0.488633127680907,1684.1065244320846,1708.157766964053,-1,0.07749317383955272,-0.005003814015653085,-0.024015411358901284,-0.015443531489463647,0.17772207033469292,0.14090121743560485,3.08,298.007,3.91,2.0,2.0
2022-10-13,1675.199951171875,1675.300048828125,1641.5,1670.0,729,44.74890730856053,-6.763137049951638,-9.13598630766821,2.372849257716572,6.017079085879897,0.4833475842899051,1682.7630459147433,1706.661383945855,-1,0.3830894138048819,-0.00017963768146656012,-0.024361717801841487,0.002762084495318673,0.16492690505043636,0.1403877085096391,3.08,298.007,3.97,2.0,2.0
2022-10-14,1665.300048828125,1667.0,1640.0,1641.699951171875,82,38.22942121799904,-9.311552023821378,-9.171099450898843,-0.1404525729225341,6.222384987926785,0.22600311796112516,1678.8522749868512,1704.1138767782481,-1,0.04352788173156037,-0.016946137022829322,-0.03457809398890033,-0.017945804197080806,0.17513922480512187,0.1435093387460446,3.08,298.007,4.0,2.0,2.0
2022-10-17,1650.199951171875,1657.0,1646.800048828125,1657.0,238,43.05938010729212,-9.981542173483604,-9.333187995415797,-0.648354178067807,6.259394153474237,0.3783416845532973,1676.7711059404844,1702.2662737673365,-1,0.12749430828980848,0.00931963774330602,-0.006177681596881368,-0.005521516889617328,0.17851661011969902,0.1437652735137332,3.08,298.007,4.02,2.0,2.0
2022-10-18,1651.4000244140625,1655.199951171875,1649.0,1649.0,597,41.24345210362379,-11.030890100729039,-9.672728416478446,-1.358161684250593,6.335047068530551,0.30916050996883704,1674.1262387080574,1700.1774002862646,-1,0.3401515583157655,-0.004828002414001165,-0.0176922332970475,-0.006446919013475938,0.1787981851378136,0.14378208329783773,3.08,298.007,4.01,2.0,2.0
2022-10-19,1637.5,1637.5,1627.5,1627.5,84,36.75699050250636,-13.442420355970171,-10.426666804376792,-3.015753551593379,6.705446400220845,0.1437885362235545,1669.6856445453852,1697.3273061573916,-1,0.05114310937928095,-0.013038204972710687,-0.025624167860231695,-0.02228762232973025,0.18392600441661905,0.1460219612745528,3.08,298.007,4.14,2.0,2.0
2022-10-20,1622.800048828125,1641.4000244140625,1622.800048828125,1630.800048828125,477,37.8740810102663,-14.915354178134976,-11.32440427912843,-3.590949899006546,6.975226908420932,0.2027815216559747,1665.9822544770748,1694.7183941052635,-1,0.2948721911414706,0.0020276797715053085,-0.023473024653817398,-0.02394062654478335,0.1834322584785822,0.14610372502467792,3.08,298.007,4.24,2.0,2.0
2022-10-21,1634.0999755859375,1653.9000244140625,1634.0999755859375,1651.0,224,44.353396565652844,-14.287994495999328,-11.91712232250261,-2.3708721734967177,6.933098698939556,0.37348278554728775,1664.5553730983058,1693.0039472776061,-1,0.14288903773163653,0.012386528432097199,0.005664889507663418,0.003464384004567833,0.18138797803169143,0.14341169405720852,3.08,298.007,4.21,2.0,2.0
2022-10-24,1662.699951171875,1662.699951171875,1648.699951171875,1648.699951171875,29,43.793335032894824,-13.817126908011005,-12.29712323960429,-1.5200036684067157,6.600819996878242,0.3347685207499,1663.0453329148363,1691.2665356656166,-1,0.019219935712628824,-0.001393124668761403,-0.005009081972314422,0.01564707791519293,0.17427553728431724,0.14240432888776086,3.08,298.007,4.25,2.0,2.0
2022-10-25,1648.199951171875,1652.800048828125,1637.300048828125,1652.800048828125,880,45.12359446332006,-12.963680102587205,-12.430434612200873,-0.5332454903863315,6.271646923014574,0.35294817723245003,1662.0695915732447,1689.758045985715,-1,0.5833802910272133,0.0024868670938793525,0.0023044565361582947,0.016044813696248994,0.1743202850300992,0.14228513594782954,3.08,298.007,4.1,2.0,2.0
2022-10-26,1649.800048828125,1667.0,1649.800048828125,1664.0,89,48.69558178076221,-11.25384755354321,-12.19511720046934,0.9412696469261306,6.260938781280206,0.45821177132340346,1662.2534399948404,1688.7479265352947,-1,0.14899137858876704,0.006776349734389342,0.022427035330261136,0.0021681375168660644,0.1599398411164822,0.14312757108788657,3.08,298.007,4.04,2.0,2.0
2022-10-27,1660.699951171875,1660.699951171875,1660.699951171875,1660.699951171875,2298,47.71015580496997,-10.049237940968396,-11.765941348569152,1.7167034076007557,6.251612852115376,0.4254596639913809,1662.1054886783675,1687.6480059328078,-1,5.593282219788244,-0.0019832024207482313,0.0183344992939114,0.0013264704081248357,0.1600549264636493,0.14252409836670613,3.08,298.007,3.96,2.0,2.0
2022-10-28,1661.0,1661.0,1638.699951171875,1639.5999755859375,626,41.87519951793303,-10.674123186507586,-11.54757771615684,0.8734545296492531,6.430742591454224,0.2413309178540536,1659.9621064790883,1685.7637694486168,-1,1.509342977697408,-0.012705471311086791,-0.00690492090494399,-0.013715139853995861,0.1660953980055782,0.13942996308720562,3.08,298.007,4.02,2.0,2.0
2022-10-31,1641.800048828125,1641.800048828125,1633.4000244140625,1635.9000244140625,522,40.929906930287444,-11.337216014398791,-11.50550537580523,0.1682893614064387,6.480219436020896,0.23498638208515346,1657.6704796157526,1683.8083284668696,-1,1.2418222909480194,-0.0022566182160088655,-0.007763648412019708,-0.033670033184463155,0.15039932111126056,0.13860792586766094,3.08,298.007,4.1,2.0,2.0
2022-11-01,1630.800048828125,1653.699951171875,1630.800048828125,1645.0,985,44.26252519386355,-11.001610165983493,-11.404726333840882,0.40311616785738913,5.757556849051791,0.3360083125639265,1656.4637672713952,1682.2864332328747,-1,2.1645972970003298,0.005562672198869079,-0.004719293682049042,-0.04421589487271349,0.13722195084633876,0.13804642338917505,3.78,298.786,4.07,2.0,2.0
2022-11-02,1650.800048828125,1664.699951171875,1634.0,1645.699951171875,612,44.52179534116915,-10.557460075411655,-11.235273082155038,0.6778130067433832,5.080747129228972,0.36111726687685214,1655.4386419285838,1680.8516692304827,-1,1.3168370091447015,0.0004255022321428825,-0.010997625497671248,-0.03838966478026162,0.1369255913759583,0.13764178606081115,3.78,298.786,4.1,2.0,2.0
2022-11-03,1629.199951171875,1629.199951171875,1615.0999755859375,1627.300048828125,1427,39.341140824774406,-11.556964777451867,-11.299611421214404,-0.2573533562374628,4.349961305607062,0.14018827111103668,1652.7587759190162,1678.7516056852921,-1,2.695249787515346,-0.011180593601310962,-0.020111942750513867,-0.049307650143921355,0.14051895769230505,0.1390045646698585,3.78,298.786,4.14,2.0,2.0
2022-11-04,1630.199951171875,1674.5,1629.0,1672.5,159,53.618902147253664,-8.602655094086685,-10.760220155788861,2.1575650617021758,3.6561329452988005,0.84317976401295,1654.6388924981575,1678.506444678026,-1,0.3008799318762418,0.027776039953065323,0.020065884913364362,-0.016465745369009133,0.17504923313539583,0.15114550959862183,3.78,298.786,4.17,2.0,2.0
2022-11-07,1676.9000244140625,1677.9000244140625,1672.9000244140625,1676.5,42,54.636506787208,-5.870900725705496,-9.782356269772189,3.9114555440666923,3.7990308470095027,0.8865767248374816,1656.7209027364281,1678.4277605730053,-1,0.08064516129032259,0.0023916292974588416,0.024818127623953856,0.00551787374944368,0.1603888567686265,0.15079444410655674,3.78,298.786,4.22,2.0,2.0
2022-11-08,1703.199951171875,1712.0999755859375,1703.199951171875,1712.0999755859375,23,62.518400322236815,-0.8238483877742055,-7.990654693372592,7.166806305598387,4.7616463885290585,1.2389546717273985,1661.9951001506672,1679.7482395931204,-1,0.04478193146417445,0.02123470061791677,0.04079025871485564,0.019896363486962887,0.1752923235078384,0.15642936426466178,3.78,298.786,4.14,2.0,2.0
2022-11-09,1707.4000244140625,1720.199951171875,1706.0,1710.0999755859375,497,61.8680379648558,2.980239323001342,-5.796475890097806,8.776715213099148,5.551295527974782,1.0896740971612944,1666.5765168587882,1680.9385037497016,-1,0.935969868173258,-0.001168156082307914,0.039132300130533704,0.02382801029415993,0.1740730074863218,0.15621676178661706,3.78,298.786,4.12,2.0,2.0
2022-11-10,1708.199951171875,1750.300048828125,1708.199951171875,1750.300048828125,325,68.8764311947453,9.133530530843245,-2.810474605909596,11.94400513675284,7.418293411447352,1.23406088896937,1674.5501865701535,1683.6585643410124,-1,0.6362568519968677,0.023507440393017776,0.07558532311762445,0.04808386157372757,0.19070039717733503,0.16301246626296206,3.78,298.786,3.82,1.0,2.0
2022-11-11,1763.800048828125,1766.0,1757.5999755859375,1766.0,257,71.10968330390305,15.102817120147165,0.7721837393017561,14.33063338084541,9.158332686794935,1.1545348810386378,1683.2596926110912,1686.887640249208,-1,0.4946588393802329,0.008969862728614109,0.05590433482810164,0.07571423069081384,0.17742621797466696,0.16394750052298912,3.78,298.786,3.82,1.0,2.0
2022-11-14,1762.0,1773.5999755859375,1761.5999755859375,1773.5999755859375,358,72.15140158198967,20.213762590187798,4.6604995094789645,15.553263080708835,10.684748779498113,1.068980027014988,1691.863529084886,1690.2881239879034,1,0.6811911330986586,0.004303496934279449,0.05791826757288243,0.0703681204501736,0.17620763748630763,0.16389659960454195,3.78,298.786,3.88,1.0,2.0
2022-11-15,1770.800048828125,1773.800048828125,1769.9000244140625,1773.800048828125,57,72.17984089409286,24.003668586431786,8.52913332486953,15.474535261562256,11.792841352412117,0.983080984694391,1699.6670071556707,1693.563101432618,1,0.11433156152843245,0.0001128062950730424,0.03603765791835367,0.07568226126629773,0.17399912770979123,0.1630347224648965,3.78,298.786,3.8,1.0,2.0
2022-11-16,1776.5999755859375,1778.9000244140625,1773.0,1773.0,303,71.86380376181522,26.635600516442764,12.150426763184178,14.485173753258586,12.367942953006711,0.9198927943022793,1706.6511017122734,1696.6782739254566,1,0.5947006869479883,-0.0004510366479320016,0.036781489569059245,0.08940092165898617,0.16328267516118472,0.16239161807171928,3.78,298.786,3.67,1.0,2.0
2022-11-17,1763.0,1763.0,1756.0,1760.800048828125,18,67.04318162732157,27.420900362239763,15.204521482995297,12.216378879244466,12.527455271641976,0.8247301031220563,1711.8081442947355,1699.1928533334044,1,0.036995170075017986,-0.006880965127961103,0.005998971437514378,0.07971547467969264,0.16792995953004983,0.16304949602801344,3.78,298.786,3.77,2.0,2.0
2022-11-18,1763.300048828125,1763.300048828125,1747.5999755859375,1751.9000244140625,414,63.68688243277623,27.013701423639986,17.566357471124235,9.447343952515752,12.64538167163381,0.7557621173610783,1715.6264185918142,1701.2598012189205,1,0.8345932869670396,-0.005054534397580079,-0.007984131135864936,0.06111449086254539,0.1676262069550796,0.1629775568246327,3.78,298.786,3.82,2.0,2.0
2022-11-21,1739.0,1744.9000244140625,1736.0999755859375,1737.4000244140625,544,58.54461679189831,25.23012731022277,19.099111438943943,6.1310158712788265,12.491687166493227,0.6691448673199691,1717.7000953367901,1702.677064873632,1,1.0425450364124187,-0.00827672800840884,-0.020410437342228582,0.05380000962524489,0.17175974981120598,0.1618778273912414,3.78,298.786,3.83,2.0,2.0
2022-11-22,1741.699951171875,1741.699951171875,1738.300048828125,1738.300048828125,15,58.76716223930404,23.617014185331072,20.00269198822137,3.614322197109704,12.30780143066574,0.6551656184691771,1719.6619956692982,1704.0740446365533,1,0.031344687075540695,0.0005180294701365717,-0.020013529723067358,0.051730395373972504,0.1719221261842734,0.16188018457862233,3.78,298.786,3.76,2.0,2.0
2022-11-23,1736.5,1750.9000244140625,1736.5,1744.9000244140625,39,60.44411788655539,22.61053313211096,20.524260216999288,2.086272915111671,12.219082808567444,0.6681520082915493,1722.0656174545138,1705.6750634513576,1,0.08192416762945069,0.0037967988267542108,-0.015848829997708647,0.04861780313345099,0.17127523766566263,0.16124257748189091,3.78,298.786,3.71,2.0,2.0
2022-11-25,1753.0,1757.9000244140625,1749.199951171875,1753.300048828125,216,62.532709552932815,22.234397124788302,20.86628759855709,1.368109526231212,12.080452334409525,0.687825542959381,1725.0403252043816,1707.542709936721,1,0.5807232154859524,0.004814043381587529,-0.0042594274148228806,0.055759679881309365,0.17067778560563227,0.1609764887235415,3.78,298.786,3.68,2.0,2.0
2022-11-28,1741.300048828125,1741.300048828125,1740.0999755859375,1740.0999755859375,132767,57.40338211251576,20.63332293306712,20.819694665459096,-0.1863717323919758,11.417803811899667,0.6053122599220674,1726.4745776216726,1708.8194654523766,1,19.023785642642213,-0.007528701804925042,-0.006735572043885085,0.06129543882439048,0.16530365043733405,0.16051441852050086,3.78,298.786,3.69,2.0,2.0
2022-11-29,1739.5,1758.199951171875,1737.9000244140625,1748.4000244140625,19416,59.64489210533129,19.805894650252185,20.616934662417716,-0.811040012165531,10.550740479196596,0.6282928581943871,1728.562715411424,1710.371644235188,1,2.4503704077640496,0.00476986894119702,0.0063312995541771055,0.06876948366101687,0.16423018475357912,0.16004745607903617,3.78,298.786,3.75,2.0,2.0
2022-11-30,1748.0999755859375,1769.4000244140625,1745.0999755859375,1746.0,3339,58.68328062082037,18.74046148794787,20.241640027523747,-1.5011785395758785,9.661909407042586,0.5951179804197179,1730.2234091817645,1711.7688346573375,1,0.41522620439227004,-0.0013726975409227293,0.004429586927219953,0.06139817629179323,0.16482468503468295,0.15962161882683884,3.78,298.786,3.68,2.0,2.0
2022-12-01,1768.699951171875,1803.699951171875,1768.699951171875,1801.0999755859375,1053,70.45870066001636,22.08759354156814,20.610830730332626,1.4767628112355133,9.154527075230792,0.8974383020877035,1736.9735583631143,1715.2720166545375,1,0.13058926390068767,0.03155783252344646,0.03220812103017012,0.09442792065674221,0.19215549782713337,0.17075542172167396,4.1,298.832,3.53,2.0,1.0
2022-12-02,1802.0,1802.300048828125,1779.4000244140625,1795.9000244140625,1725,68.47527066197571,24.043469062271242,21.29735839672035,2.7461106655508907,7.4854283831897845,0.8794427565840356,1742.585602748919,1718.4338993117738,1,0.21353370428367177,-0.002887097463972421,0.024297025266388772,0.10360718400233093,0.1852351994480374,0.1706040670189973,4.1,298.832,3.51,2.0,1.0
2022-12-05,1795.699951171875,1808.0,1764.300048828125,1767.4000244140625,1713,58.71885868313822,23.028346247297577,21.643555966835798,1.3847902804617789,6.442409100506763,0.644979043499152,1744.9488810027422,1720.3541395118637,1,0.21002813862102365,-0.015869480267588165,0.015688781800558438,0.056741419679559035,0.17937604648318567,0.17383471063695524,4.1,298.832,3.6,2.0,1.0
2022-12-06,1768.5999755859375,1779.4000244140625,1767.9000244140625,1769.300048828125,105,59.13686901637478,22.122159707374067,21.739276714943454,0.38288299243061275,5.158547737312717,0.6503296479934972,1747.2680398432549,1722.2735869360308,1,0.012868908716540837,0.001075039259825994,0.01195380011566094,0.05535344397740838,0.17947271800976766,0.17332482684703238,4.1,298.832,3.51,2.0,1.0
2022-12-07,1769.300048828125,1790.300048828125,1769.300048828125,1785.5,422,62.612992783849464,22.4523839110891,21.881898154172585,0.5704857569165149,4.815728603947761,0.8085836237432475,1750.909178905802,1724.75305411501,1,0.05159460335120398,0.009156135604362126,0.022623138602519965,0.04287134248041946,0.16796613856965678,0.171787110970108,4.1,298.832,3.42,2.0,1.0
2022-12-08,1782.0,1790.9000244140625,1782.0,1788.699951171875,713,63.277515718414534,22.71050571504884,22.04761966634784,0.6628860487010009,4.273938897808325,0.8372393026010814,1754.5083000739994,1727.2607755682204,1,0.08705791854651128,0.0017921877187763169,-0.006884695231883731,0.045962210811099746,0.16753044976038353,0.1713766385692929,4.1,298.832,3.48,2.0,1.0
2022-12-09,1794.9000244140625,1804.300048828125,1791.0999755859375,1798.0999755859375,125,65.2324564412242,23.40378821311856,22.318853375701984,1.0849348374165757,4.538899244930229,0.9045928289355145,1758.6598882179935,1730.0387834120525,1,0.015281267000409538,0.005255227075901647,0.0012249853232184638,0.02730956146051411,0.1487548510861275,0.16675173956204578,4.1,298.832,3.57,2.0,1.0
2022-12-12,1787.300048828125,1793.9000244140625,1777.699951171875,1780.5,85,58.909046991827,22.276261767849064,22.3103350541314,-0.03407328628233586,4.595757016383718,0.6736891215575186,1760.7398988638988,1732.0176546507955,1,0.01040219792323178,-0.009788096226519438,0.007412003737116812,0.008210645526613769,0.15096585700511977,0.16820787559210318,4.1,298.832,3.61,2.0,1.0
2022-12-13,1780.699951171875,1819.800048828125,1780.5,1813.9000244140625,205,65.70352971856528,23.80340098173292,22.608948239651706,1.1944527420812143,5.148233158342641,0.999603982071557,1765.8027679639144,1735.2287279748452,1,0.02511116283057927,0.018758789336738246,0.025207694769170397,0.022722174888850644,0.16381946002812167,0.17173316241112327,4.1,298.832,3.51,2.0,1.0
2022-12-14,1810.800048828125,1812.800048828125,1797.9000244140625,1807.5,1074,63.53559202760876,24.21807048685355,22.930772689092077,1.2872977977614717,5.489561816645042,0.8848894219960408,1769.773932919732,1738.0628955052434,1,0.13074361955311004,-0.0035283225800329943,0.012321478577429268,0.018998731674485514,0.16462749593234977,0.17168532120128815,4.1,298.832,3.49,2.0,1.0
2022-12-15,1801.0,1801.0,1774.800048828125,1777.199951171875,421,54.38618278327395,21.849866682788843,22.71459148783143,-0.864724805042588,5.498463226284418,0.5707823339442516,1770.4811727532694,1739.5976820019741,1,0.05121374134019427,-0.016763512491355437,-0.006429250469015657,0.002368838788423533,0.1764123149273224,0.1757057388893323,4.1,298.832,3.44,2.0,0.0
2022-12-16,1777.9000244140625,1791.4000244140625,1777.9000244140625,1790.0,206,57.19075436370492,20.766521538454526,22.324977497956052,-1.5584559595015257,5.552674022556699,0.6853006617026668,1772.3401086815295,1741.5742434920928,1,0.025030832882737837,0.00720236843338018,-0.0045047415026509,0.016583343004396456,0.1760579067292848,0.17606920994464426,4.1,298.832,3.48,2.0,0.0
2022-12-19,1791.5999755859375,1796.300048828125,1785.5999755859375,1787.699951171875,79,56.51829005686488,19.497611658017604,21.75950432996836,-2.2618926719507577,5.499842193442092,0.6449611689792607,1773.8029508234672,1743.383094773653,1,0.009618779754294968,-0.0012849434793994474,0.00404378049529619,0.02043491424106003,0.17488786384707303,0.1727562002732141,4.1,298.832,3.57,2.0,1.0
2022-12-20,1786.5,1821.4000244140625,1786.5,1815.9000244140625,51,62.36175731187088,20.530834982886518,21.513770460551992,-0.9829354776654746,5.528386389299253,0.8909279640423216,1777.8121959273335,1746.2268959360222,1,0.006228284962355513,0.015774500202733632,0.0011025966001880771,0.045182455909354546,0.17859149093867419,0.17237343911074002,4.1,298.832,3.69,1.0,1.0
2022-12-21,1817.4000244140625,1821.4000244140625,1814.4000244140625,1815.9000244140625,35,62.36175731187088,21.10637080740912,21.43229052992342,-0.3259197225142998,5.433265510492057,0.8568172916627536,1781.4396081641648,1748.9591754841806,1,0.004273791280244705,0.0,0.004647316411652946,0.04464130092975127,0.17866600174977373,0.17241517341987983,4.1,298.832,3.68,1.0,1.0
2022-12-22,1818.0999755859375,1818.0999755859375,1785.0,1787.0,411,53.77273951064548,19.01134569322221,20.94810156258318,-1.9367558693609688,5.095425774821064,0.538844386519928,1781.9691692913873,1750.4509725240166,1,0.05007279439087238,-0.015914986522117425,0.005514319771201315,0.024127442831617163,0.18982272251079974,0.17177854125735376,4.1,298.832,3.67,2.0,1.0
2022-12-23,1794.300048828125,1802.800048828125,1794.0999755859375,1795.9000244140625,49,55.792050466375166,17.863264195841793,20.331134089234904,-2.467869893393111,4.876227214175493,0.6182960226219217,1783.2959173983088,1752.2332882844107,1,0.005975828383965267,0.004980427763884965,0.003296103024615915,0.024297025266388772,0.18986539620860315,0.1718751759865026,4.1,298.832,3.75,2.0,1.0
2022-12-27,1803.4000244140625,1826.300048828125,1803.4000244140625,1814.800048828125,69,59.807262478275874,18.267894438094572,19.91848615900684,-1.6505917209122671,4.46529997458108,0.8187147429022814,1786.296310867815,1754.6868867371054,1,0.04409509202453988,0.010523984719154278,0.015159198073751323,0.04292861001680892,0.1896195890396555,0.1728841327917375,4.1,298.832,3.84,1.0,1.0
2022-12-28,1803.199951171875,1807.9000244140625,1803.0999755859375,1807.9000244140625,434,57.745222345209044,17.826302002976036,19.500049327800678,-1.6737473248246424,4.014626736000984,0.716664815806275,1788.353807396029,1756.7736764499273,1,0.7048887445184342,-0.003802085204107186,-0.004405528879587561,0.03403111368632028,0.19046440680270535,0.16964463465823287,4.1,298.832,3.88,2.0,1.0
2022-12-29,1805.800048828125,1819.5,1805.800048828125,1819.5,277,60.22785968761644,18.20253046091534,19.240545554423612,-1.038015093508271,3.4490502338478763,0.8796144100099372,1791.32011145355,1759.2335322754204,1,0.5987894509295287,0.006416270495763099,0.0019824745512071473,0.04209621993127155,0.19081228954557358,0.1669602670257662,4.1,298.832,3.83,1.0,1.0
2022-12-30,1817.0,1822.300048828125,1816.800048828125,1819.699951171875,95,60.27119027521787,18.305810623029856,19.05359856814486,-0.7477879451150038,3.628962463831969,0.8494121841704234,1794.0229533314857,1761.604764389007,1,0.2290812635640222,0.00010989347176426634,0.018298797522034116,0.010327008960114181,0.1570459008999745,0.1664072571410031,4.1,298.832,3.88,1.0,1.0
2023-01-03,1836.199951171875,1839.699951171875,1836.199951171875,1839.699951171875,29,64.44391965545778,19.77355649792821,19.197590154101533,0.5759663438266784,4.173976568632072,1.0405869027083894,1798.373143601999,1764.6673207334331,1,0.08790542588663232,0.010990822957993807,0.02438884468087399,0.02438884468087399,0.16069296087798646,0.16762871311273572,4.33,300.42,3.79,1.0,1.0
2023-01-04,1845.5999755859375,1859.0999755859375,1845.5999755859375,1852.800048828125,25,66.89647138292405,21.743182207274003,19.70670856473603,2.036473642537974,4.589360774657075,1.0971849617530234,1803.5566583854395,1768.1235061489112,1,0.10183299389002037,0.00712077947705847,0.020938945877005954,0.048319578609474556,0.14833864798238658,0.16726273464178187,4.33,300.42,3.69,1.0,1.0
2023-01-05,1855.199951171875,1855.199951171875,1834.800048828125,1834.800048828125,24,60.70089071086512,21.602653264940727,20.08589750477697,1.5167557601637576,4.476020190617395,0.8481072674898283,1806.532219379981,1770.7382725284883,1,0.09939946158624975,-0.00971502565070892,0.014879154848610021,0.037020289488706615,0.15444573145635734,0.1630792941067207,4.33,300.42,3.71,1.0,1.0
2023-01-06,1838.4000244140625,1868.199951171875,1835.300048828125,1864.199951171875,26,66.20611474312398,23.591659514010644,20.787049906623707,2.8046096073869364,5.116916855259528,1.0787068951389018,1812.0243843125422,1774.4034363968565,1,0.11730205278592375,0.016023491149636415,0.024567161952115946,0.044077261927681244,0.1604548203951803,0.16536685907808188,4.33,300.42,3.55,1.0,1.0
2023-01-09,1867.0,1880.0,1867.0,1872.699951171875,62,67.6184806736903,25.55920960072922,21.74148184544481,3.817727755284409,5.780431677659627,1.0520841259569051,1817.8030097277167,1778.2582016821514,1,0.3278688524590164,0.004559596729233117,0.0291256808386835,0.04696148168672276,0.1606699968233249,0.16485707913005473,4.33,300.42,3.53,1.0,0.0
2023-01-10,1877.800048828125,1878.0999755859375,1871.5999755859375,1871.5999755859375,101,67.22691815444108,26.721717062377365,22.73752888883132,3.9841881735460447,6.305611247705461,0.9634367036157654,1822.9265302856425,1781.9186634038685,1,0.5375199574241618,-0.0005873741734490068,0.017339797391277,0.04087648128466759,0.16058428639495143,0.16488124077492078,4.33,300.42,3.61,1.0,1.0
2023-01-11,1873.0999755859375,1877.800048828125,1873.0999755859375,1874.5999755859375,1236,67.7750075780199,27.567308753840734,23.703484861833203,3.863823892007531,6.5274479305078525,0.9322043949264607,1827.8478107904325,1785.5532246659104,1,5.035648808311265,0.0016029066248843815,0.011765935979762387,0.052850309231079695,0.1544135851058919,0.16006533593711755,4.33,300.42,3.54,0.0,1.0
2023-01-12,1877.199951171875,1897.4000244140625,1877.199951171875,1895.5,59,71.36755710733557,29.582890416891587,24.87936597284488,4.703524444046707,7.3451426220931495,1.0085544841829408,1834.2908764294389,1789.864862914306,1,0.2477430191056057,0.011149058298440373,0.0330825973166089,0.04498592782824207,0.14617701745834052,0.16044931273187196,4.33,300.42,3.43,0.0,0.0
2023-01-13,1899.0,1920.9000244140625,1898.300048828125,1918.4000244140625,512,74.69621569297249,32.651705457533126,26.433833869782532,6.217871587750594,8.427409524024357,1.0542654848101034,1842.3012714755935,1794.905457482924,1,2.4375148774101403,0.012081257934087208,0.029074173726973962,0.06135547685425302,0.1484835654433481,0.16098794393702678,4.33,300.42,3.49,0.0,0.0
2023-01-17,1920.0999755859375,1920.0999755859375,1905.199951171875,1907.199951171875,706,70.3863017627038,33.79049538221989,27.905166172270004,5.885329209949884,8.620182003203029,0.9283184649655317,1848.4820981133346,1799.309163117785,1,3.147570218457423,-0.005838236603238345,0.01842259886769959,0.07314877536108355,0.13325834854512653,0.1586428000482964,4.33,300.42,3.53,0.0,0.0
2023-01-18,1911.0999755859375,1911.0999755859375,1903.0999755859375,1904.4000244140625,1027,69.30965259000176,34.07427685954508,29.138988309725022,4.935288549820058,8.750025968213865,0.8678793885103394,1853.8076149038802,1803.4303733646977,1,3.8703599020162045,-0.001468082439962326,0.017525138521043315,0.06391062816428073,0.1336536080081168,0.15886242892100103,4.33,300.42,3.37,0.0,0.0
2023-01-19,1922.0999755859375,1931.800048828125,1922.0999755859375,1922.0999755859375,371,72.20416773869468,35.32026384427104,30.375243416634227,4.945020427636813,8.950053659715827,0.9246040246913628,1860.3116492545523,1808.084083255727,1,1.325236649401679,0.0092942401517353,0.025338739260973853,0.0751804151059916,0.1343021945995537,0.15818478764950172,4.33,300.42,3.39,0.0,0.0
2023-01-20,1922.0999755859375,1928.5,1921.4000244140625,1926.4000244140625,1346,72.87351809244083,36.23697818219148,31.547590369745677,4.689387812445801,9.389646178519998,0.896497249166405,1866.6057802221246,1812.7239240854656,1,3.904844792573252,0.002237161897270301,0.01630178022372064,0.06085136764930388,0.12658925266455215,0.157974585622455,4.33,300.42,3.48,0.0,0.0
2023-01-23,1926.5,1927.0999755859375,1915.0,1927.0999755859375,218,72.98754750118566,36.59808121071501,32.55768853793955,4.040392672775461,9.670488240349423,0.8568546674040181,1872.3671321615354,1817.2092594384253,1,0.6160802599971739,0.0003633467415926628,0.0045350036807532135,0.06123682453705337,0.12648335660140986,0.15804068917568545,4.33,300.42,3.52,0.0,1.0
2023-01-24,1931.800048828125,1936.800048828125,1931.800048828125,1933.9000244140625,201,74.12550050605834,37.00637857592483,33.44742654553661,3.5589520303882196,9.419547420643577,0.8618290584210232,1878.227407614157,1821.7853678688425,1,0.5854084753167321,0.0035286435131927085,0.013999619298323607,0.08220482619701319,0.10465547292919612,0.157812981052139,4.33,300.42,3.46,0.0,1.0
2023-01-25,1941.199951171875,1941.199951171875,1939.800048828125,1941.199951171875,7,75.32713146860861,37.486874901702095,34.25531621676971,3.231558684932388,9.196994808623032,0.8693530075509758,1884.2247927148921,1826.4682927042556,1,0.020512820512820513,0.003774717754618351,0.01932363279040339,0.08090646738824936,0.10458732029919847,0.1575540043684033,4.33,300.42,3.46,0.0,1.0
2023-01-26,1936.5999755859375,1937.0999755859375,1927.0999755859375,1929.0999755859375,131,69.56061863396087,36.47089106573526,34.69843118656282,1.7724598791724375,8.931685054024236,0.7732523305798878,1888.4986196549917,1830.4930645819686,1,0.38042689124437346,-0.006233245358693185,0.003641850106088418,0.06298210474019972,0.10744049371311461,0.1553823409750171,4.33,300.42,3.49,0.0,1.0
2023-01-27,1928.5999755859375,1928.5999755859375,1928.5999755859375,1928.5999755859375,150902,69.32445203643587,35.21938360375839,34.80262167000193,0.41676193375645454,8.341239088622226,0.7501893453821319,1892.31779641032,1834.3403944252616,1,19.17981633885164,-0.00025918822576742606,0.0011420012167744353,0.06676251426623758,0.10514723065155923,0.15516306237574445,4.33,300.42,3.52,1.0,2.0
2023-01-30,1928.300048828125,1933.5999755859375,1920.300048828125,1922.9000244140625,27220,66.550541532392,33.382800357971746,34.518657407595896,-1.1358570496241498,7.727767891546282,0.6950606019596137,1895.2303895535335,1837.8133210914891,1,2.9539115996918035,-0.0029554864896974564,-0.0021794153002352434,0.0568288125386438,0.10664657640701712,0.15548560069922293,4.33,300.42,3.55,1.0,2.0
2023-01-31,1923.0,1930.4000244140625,1900.5999755859375,1929.5,1910,68.14020381473118,32.08994486618553,34.03291489931382,-1.9429700331282902,6.958960007958176,0.7243800573948825,1898.4941619770066,1841.408877127117,1,0.2052516481922273,0.0034323030329923565,-0.0022752077969467877,0.060339644872449805,0.10620084739939438,0.15542782928057508,4.33,300.42,3.52,1.0,2.0
2023-02-01,1927.199951171875,1955.0,1922.0,1927.800048828125,2290,67.2536392471401,30.575717878953583,33.341475495241774,-2.765757616288191,6.410487955958737,0.6930027434508887,1901.2851988199702,1844.796766213431,1,0.2431333411192627,-0.0008810319626199048,-0.006902896497427147,0.047888297001981606,0.10261368927909215,0.15290133982193155,4.57,301.45,3.39,1.0,2.0
2023-02-02,1952.300048828125,1959.0999755859375,1911.300048828125,1916.300048828125,748,61.430746247849896,28.12353755700292,32.297887907594,-4.174350350591084,5.91741463709545,0.5787195863628063,1902.7151845350327,1847.6008165120465,1,0.07911283626921632,-0.005965348951511129,-0.0066351806126194735,0.03427245160111214,0.10504571344465585,0.14509219432180812,4.57,301.45,3.4,1.0,2.0
2023-02-03,1912.4000244140625,1917.0,1861.5,1862.9000244140625,992,42.8697205862342,21.621986496153568,30.162707625305917,-8.540721129152349,5.258420523487225,0.04251030882317543,1898.9232645235118,1848.2007854493806,1,0.10438534185673322,-0.027866212520694877,-0.03406613709611517,0.015315006997021152,0.14478986719439868,0.1580058283786539,4.57,301.45,3.53,2.0,1.0
2023-02-06,1865.5999755859375,1880.0,1863.4000244140625,1866.199951171875,424,43.99583885815314,16.545016300998213,27.439169360444378,-10.894153059446165,5.221551093257516,0.07140763343767641,1895.8067584900225,1848.906635085557,1,0.04452308322351323,0.0017713922994071485,-0.02948675049263927,0.0010728462892313217,0.13344103920844347,0.15282628487577213,4.57,301.45,3.63,2.0,2.0
2023-02-07,1870.0,1875.699951171875,1868.0,1871.699951171875,297,45.90957101711746,12.817532344098936,24.514841957175292,-11.697309613076357,5.2370939950121205,0.12818547255664195,1893.5108720787703,1849.8004906183537,1,0.03114872730705094,0.0029471654398802727,-0.029955972442666456,-0.0005339883729768014,0.1328437373660983,0.15275920000453944,4.57,301.45,3.67,2.0,2.0
2023-02-08,1872.0999755859375,1880.4000244140625,1872.0999755859375,1877.4000244140625,230,47.89671084765278,10.20577688329422,21.65302894239908,-11.447252059104859,5.151703851812438,0.17708597272913756,1891.9765056345125,1850.882825277009,1,0.024105603504745134,0.003045399044124819,-0.02614380285170126,0.00309897889708477,0.13326423035654056,0.145943498324848,4.57,301.45,3.63,2.0,2.0
2023-02-09,1875.300048828125,1884.5999755859375,1859.800048828125,1866.199951171875,223,44.441889253139536,7.14977144159684,18.752377442238632,-11.602606000641792,5.28903005556179,0.07861881727698862,1889.5215956856898,1851.4834968807293,1,0.02349668622967747,-0.00596573617584939,-0.026144182215560474,-0.004480969019236669,0.13488207238682356,0.1457561067766217,4.57,301.45,3.67,2.0,2.0
2023-02-10,1861.5999755859375,1863.5,1852.4000244140625,1862.800048828125,27,43.41807594073256,4.402769026046599,15.882455759000226,-11.479686732953628,5.671051147493189,0.09034894131269733,1886.97668646116,1851.9272832316076,1,0.002845369950785638,-0.001821831761176007,-5.366664052142145e-05,-0.01725135909885256,0.12813818112054293,0.1456903741054776,4.57,301.45,3.74,2.0,2.0
2023-02-13,1859.0,1861.0,1850.0,1851.9000244140625,569,40.219131762948926,1.3308675332425537,12.972138113848693,-11.64127058060614,6.183079443343685,0.05926436467160175,1883.636051980484,1851.9262142583707,1,0.05994553279357771,-0.005851419437593264,-0.00766259089698984,-0.03466430314517488,0.11974514556982863,0.14632830508279893,4.57,301.45,3.72,2.0,2.0
2023-02-14,1854.0999755859375,1862.0,1846.199951171875,1854.0,656,41.11921186440186,-0.9235400572069921,10.193002479637556,-11.116542536844548,6.594199030525316,0.12413342126181891,1880.8135708394855,1852.007539189415,1,0.06912940159861741,0.0011339573185662477,-0.009456617852019011,-0.027894270414167366,0.1191462450228537,0.14631025547297352,4.57,301.45,3.77,2.0,2.0
2023-02-15,1842.0,1842.0,1828.199951171875,1834.199951171875,368,35.66646094938871,-4.258780212000147,7.302645941310016,-11.561426153310162,7.28164536875546,0.041096270671302455,1876.3741784901893,1851.3092024044133,1,0.038915031988579284,-0.010679637987122459,-0.023010585213809276,-0.03686204176760943,0.12365890304575698,0.1473729660177624,4.57,301.45,3.81,2.0,2.0
2023-02-16,1838.5999755859375,1843.699951171875,1827.199951171875,1842.0,222,39.09298613577153,-6.201100880183958,4.601896577011221,-10.802997457195179,7.621846822667569,0.14244556910502656,1873.1004472054094,1850.944135643456,1,0.02349442536551294,0.0042525618993400904,-0.01296750177100725,-0.041673157797902594,0.11886597911931536,0.14705685876393645,4.57,301.45,3.86,2.0,2.0
2023-02-17,1827.4000244140625,1842.199951171875,1818.4000244140625,1840.4000244140625,35,38.63837915215334,-7.779827651226924,2.125551731363592,-9.905379382590516,7.839796173956713,0.16982347660505462,1869.986121225281,1850.5306410854407,1,0.003729951510630362,-0.0008686078099552352,-0.012024921530442434,-0.04464285657707978,0.11786133794543373,0.14586579263487412,4.57,301.45,3.82,2.0,2.0
2023-02-21,1842.5999755859375,1843.0,1833.0,1833.0,862,36.52290809406303,-9.518378178365765,-0.20323425058227923,-9.315143927783486,8.043363827866632,0.1595974528645264,1866.46363348954,1849.843164964443,1,0.0915492209819769,-0.004020878241630332,-0.010205747699605139,-0.04882983590787826,0.11758399470563151,0.14622184570588986,4.57,301.45,3.95,2.0,2.0
2023-02-22,1835.699951171875,1836.199951171875,1825.0999755859375,1832.0,278,36.23420037161556,-10.85179094830778,-2.3329455901273795,-8.5188453581804,8.039446366379966,0.1856093048989567,1863.1813826810123,1849.143433005053,1,0.029513087143228714,-0.0005455537370431252,-0.011866235167206085,-0.05269146446437245,0.1156904905772699,0.14612379979050816,4.57,301.45,3.93,2.0,2.0
2023-02-23,1826.4000244140625,1827.5,1818.0,1818.0,291,32.37564927290029,-12.889629546429887,-4.444282381387882,-8.445347165042005,7.954565142751645,0.12859803874852868,1858.8783938542492,1847.9221219068158,1,0.030846694050616137,-0.007641921397379958,-0.008832162034201785,-0.0634658738258781,0.11431762505439555,0.1469028175994684,4.57,301.45,3.88,2.0,2.0
2023-02-24,1808.800048828125,1808.800048828125,1808.800048828125,1808.800048828125,404,30.10676746625751,-15.073235612271446,-6.570073027564595,-8.503162584706851,8.028032493289485,0.10956566678937399,1854.109027661285,1846.3879229625536,1,0.04276308825708661,-0.005060479192450451,-0.018023860571050543,-0.06236064915260442,0.11398681292531036,0.14640077355875644,4.57,301.45,3.95,2.0,2.0
2023-02-27,1811.5999755859375,1817.5,1808.9000244140625,1817.0,829,34.51196866203715,-15.95813616168698,-8.447685654389073,-7.510450507297907,7.783380505475038,0.1911813837477934,1850.5748345506863,1845.2354553953946,1,0.4264951768488746,0.004533365187151306,-0.012714640351905282,-0.05786579746898102,0.1168618826425445,0.14637331676419985,4.57,301.45,3.92,2.0,2.0
2023-02-28,1808.0999755859375,1830.0,1808.0999755859375,1828.9000244140625,618,40.38432445466814,-15.520285514532361,-9.862205626417731,-5.65807988811463,7.327492714964098,0.2931292338318069,1848.5105669186269,1844.594850258872,1,1.0070887313615253,0.006549270453529266,-0.0022367570026936567,-0.04888449675309736,0.12163917569835327,0.14680381475027324,4.57,301.45,3.92,2.0,2.0
2023-03-01,1827.0999755859375,1841.699951171875,1827.0999755859375,1837.699951171875,211,44.35780053303892,-14.298382325801867,-10.749440966294559,-3.5489413595073085,6.450759450910349,0.3764825791406113,1847.4809844665554,1844.3244620593819,1,0.3990921127293361,0.004811595297906868,0.0031113270588838393,-0.04757711781711582,0.12262147040657052,0.1328568368921901,4.65,301.821,4.01,2.0,2.0
2023-03-02,1830.0,1836.300048828125,1830.0,1833.5,154,42.88853198618453,-13.513145079672086,-11.302181788970065,-2.2109632907020202,5.322146850890742,0.35514496308427446,1846.1494621364072,1843.899973351171,1,0.36501540649443,-0.002285439018049007,0.008525852585258509,-0.048915886730809155,0.12248633021771664,0.13280000443354487,4.65,301.821,4.08,2.0,2.0
2023-03-03,1837.300048828125,1855.4000244140625,1837.300048828125,1847.699951171875,61,49.03506155202217,-11.611175120079679,-11.363980455191989,-0.24719466488769015,4.10168696609473,0.5447461081484491,1846.2971277588326,1844.0489920892378,1,0.15739904528447943,0.007744723846127677,0.021505916239305867,-0.03579820273876266,0.12690253813656263,0.129178584656686,4.65,301.821,3.97,2.0,2.0
2023-03-06,1853.300048828125,1853.800048828125,1844.199951171875,1847.9000244140625,5,49.118153006542265,-9.972746373214932,-11.085733638796578,1.112987265581646,4.003533730396034,0.5587340527721502,1846.4497845831402,1844.2000129647213,1,0.014784151389710232,0.0001082823226037366,0.017006067371525768,-0.008051961889215198,0.07967847634430582,0.12918309260556265,4.65,301.821,3.98,2.0,2.0
2023-03-07,1840.9000244140625,1840.9000244140625,1813.9000244140625,1813.9000244140625,450,37.830542461201944,-11.287678308028035,-11.12612257264287,-0.1615557353851642,4.076629014622154,0.13956770842062627,1843.3498074241804,1843.0117781195975,1,1.3254786450662739,-0.018399263786351705,-0.008201651156304002,-0.028024824845253482,0.10192490280819265,0.13387759224789744,4.65,301.821,3.97,2.0,2.0
2023-03-08,1811.5999755859375,1812.9000244140625,1811.5,1812.699951171875,75,37.50294623135932,-12.284993463648561,-11.35789675084401,-0.927096712804552,3.9888402767427453,0.15491251777406462,1840.4307734953895,1841.8230790236084,-1,0.22838002436053595,-0.0006615983384062885,-0.013603961835041645,-0.03152214646533491,0.10067332731499043,0.1338524114805308,4.65,301.821,3.98,2.0,2.0
2023-03-09,1816.4000244140625,1829.300048828125,1815.5999755859375,1829.300048828125,332,44.64380043981582,-11.602141496600098,-11.406745699995227,-0.1953957966048705,3.488815992248704,0.40170362112307634,1839.3707044794596,1841.3319798002562,-1,0.9955022488755623,0.009157664314779934,-0.0022906742142759784,-0.02562052570599571,0.1065282893639157,0.13470577482249624,4.65,301.821,3.93,2.0,2.0
2023-03-10,1852.300048828125,1868.5,1852.0,1862.0,248,55.443723408582414,-8.326382266579458,-10.790673013312073,2.4642907467326154,3.406449316147184,0.925693775832198,1841.5258754814158,1842.1424903963248,-1,0.7408513816280806,0.01787566298531673,0.007739378257306084,-0.0022505365350790063,0.12441997866231397,0.13766506825560743,4.65,301.821,3.7,2.0,2.0
2023-03-13,1890.800048828125,1913.0999755859375,1875.0999755859375,1911.699951171875,503,66.22825777137163,-1.7003482206121134,-8.972608054772081,7.272259834159968,4.827418783251325,1.332621281303181,1848.209120785269,1844.8702339561503,1,1.4028726816343606,0.026691703099825492,0.03452563770490902,0.026250752126892207,0.15555523438433735,0.14278092747886548,4.65,301.821,3.55,2.0,2.0
2023-03-14,1912.199951171875,1912.199951171875,1901.0999755859375,1906.199951171875,107,64.37140734255475,3.0716197438421204,-6.563762495049241,9.635382238891362,5.784337783534876,1.1166907436537141,1853.7320570125648,1847.2753209057867,1,0.31897451184975406,-0.0028770205264839754,0.05088479272038593,0.02932119771151953,0.15408487915807723,0.14270099129469732,4.65,301.821,3.64,2.0,2.0
2023-03-15,1903.9000244140625,1926.5999755859375,1898.5,1926.5999755859375,564,67.95966277681558,8.402689244820067,-3.57047214707538,11.973161391895447,7.049879586786674,1.133979231681186,1860.6718587814576,1850.3860916775573,1,1.7047000151125886,0.010701933132209573,0.0628344610151439,0.03915856288346142,0.1574912071597159,0.13915563334911565,4.65,301.821,3.51,2.0,2.0
2023-03-16,1909.9000244140625,1931.699951171875,1909.9000244140625,1919.0,394,65.32030023438767,11.877430097764318,-0.48089169810744037,12.358321795871758,7.842680390842814,0.9869097168544455,1866.2269198498902,1853.0768331803981,1,1.186211049224748,-0.003944760553433624,0.0490351220562959,0.04623271785278704,0.1520048736543339,0.13903279565449617,4.65,301.821,3.56,2.0,2.0
2023-03-17,1946.0,1985.0999755859375,1946.0,1969.800048828125,82,72.89729637013897,18.51687562869347,3.318661767252742,15.198213861440728,9.661922702532339,1.1416782666850789,1876.091027371627,1857.6542141861914,1,0.2521912963247732,0.026472146340867697,0.05789476306558816,0.06938113400006785,0.17404448059624963,0.14803290381186635,4.65,301.821,3.39,1.0,2.0
2023-03-20,1988.300048828125,2003.9000244140625,1968.9000244140625,1979.199951171875,389,74.02805548831905,24.25755165181522,7.506439744165238,16.75111190764998,11.210316780862549,1.0627730173759604,1885.9109248764125,1862.4207136758262,1,1.134606970978562,0.004772008381938253,0.03530888827957668,0.07541834650975021,0.17337870923278756,0.14527976939705062,4.65,301.821,3.47,1.0,2.0
2023-03-21,1973.800048828125,1973.800048828125,1938.0,1938.0,47,61.848189349546,25.19218717015906,11.043589229364002,14.148597940795057,11.625382484121642,0.8271436971550934,1890.871789173897,1865.3846072571664,1,0.15557762330354186,-0.020816467354640267,0.01668243082714138,0.05728314238952548,0.1927755153313898,0.15238996741883085,4.65,301.821,3.59,2.0,2.0
2023-03-22,1946.800048828125,1974.0,1946.800048828125,1946.800048828125,50,63.23942757835021,26.339359210191787,14.10274322552956,12.236615984662228,12.02303776764753,0.8289446215613826,1896.1982900933474,1868.5773696717138,1,0.1719986240110079,0.004540788869001444,0.010484830010466517,0.06266378211142198,0.19245406815720592,0.1482913333385469,4.65,301.821,3.48,2.0,2.0
2023-03-23,1990.5,1994.5999755859375,1990.5,1993.800048828125,33,69.61286302890915,30.6872648346025,17.419647547344148,13.267617287258354,12.886623475646363,0.9630566441243237,1905.4936956871356,1873.4880629719653,1,0.11879049676025917,0.02414218143681035,0.038978660150143396,0.09669969682515123,0.20150751653116214,0.15511232218775592,4.65,301.821,3.38,1.0,2.0
2023-03-24,1991.699951171875,1995.4000244140625,1982.0999755859375,1982.0999755859375,19,66.52096424841577,32.81069200438401,20.49785643875212,12.31283556563189,13.114517920457796,0.8707702474347174,1912.789531867974,1877.7473536627094,1,0.07348675304583252,-0.0058682279845786445,0.006244251422945268,0.09580933330363917,0.20204535397938372,0.15480318997970288,4.65,301.821,3.38,1.0,2.0
2023-03-27,1957.199951171875,1957.199951171875,1952.4000244140625,1952.4000244140625,877,59.318549398510186,31.731207875779774,22.744526726157652,8.986681149622122,12.861651837277787,0.7272314867989178,1916.561959729506,1880.6749093784488,1,3.3607970875646678,-0.014984083314513619,-0.013540787903690288,0.07451845042050764,0.21377498779975282,0.15813995269956296,4.65,301.821,3.53,2.0,1.0
2023-03-28,1972.4000244140625,1972.4000244140625,1972.4000244140625,1972.4000244140625,21,62.28028915604604,32.11929059125168,24.61947949917646,7.499811092075223,12.815720936017033,0.779741879245199,1921.8798706518448,1884.2719727131787,1,0.09086975335352661,0.010243802371392663,0.017750270595491502,0.07846246272864166,0.21483493876165832,0.1588540104249151,4.65,301.821,3.55,1.0,1.0
2023-03-29,1966.0999755859375,1966.0999755859375,1966.0999755859375,1966.0999755859375,88563,60.77920823100408,31.554744201514723,26.006532439644115,5.548211761870608,12.65212254237023,0.7297850956349765,1926.0913092169965,1887.4809140023065,1,19.051132574698304,-0.003194102996422643,0.009913666670303467,0.06986996126989253,0.2162017161682982,0.1591084407908417,4.65,301.821,3.57,1.0,1.0
2023-03-30,1965.9000244140625,1984.4000244140625,1954.9000244140625,1980.300048828125,10119,62.94695591765223,31.8856069274334,27.182347337201975,4.703259590231426,12.41675920384576,0.7620514895295348,1931.2540463228183,1891.1208800739073,1,1.966018710109871,0.007222457361536483,-0.006770989903393199,0.08006547522668384,0.21552587108007407,0.15832406575296631,4.65,301.821,3.55,1.0,1.0
2023-03-31,1981.300048828125,1986.800048828125,1968.0,1969.0,957,60.10024707024249,30.880032724386183,27.921884414638818,2.958148309747365,12.108297688297096,0.6933388884189396,1934.8488990539786,1894.174963208264,1,0.18433090961621804,-0.005706230646619459,-0.006609139673726561,0.06564921363514253,0.21759891022177233,0.15847411616238571,4.65,301.821,3.48,1.0,1.0
2023-04-03,1968.0999755859375,1991.699951171875,1950.0,1983.9000244140625,737,62.507928891760706,30.928886419138962,28.523284815538847,2.4056016036001147,11.785185663548281,0.7335376991781245,1939.520434802558,1897.6935930594718,1,0.1409622538659424,0.007567305441372518,0.01613398873494365,0.0735970551454066,0.21780650290283515,0.15741212606915678,4.83,302.845,3.43,1.0,1.0
2023-04-04,1984.5999755859375,2027.0999755859375,1979.0,2022.199951171875,811,67.87426221039192,33.66996097640185,29.55262004771145,4.117340928690403,11.025281777719657,0.8785858613332762,1947.3946744567786,1902.5761953383897,1,0.15458218969197926,0.019305371382877246,0.025248390864630155,0.11483539553129396,0.20790075880732437,0.15882162487378573,4.83,302.845,3.35,1.0,1.0
2023-04-05,2022.0999755859375,2033.800048828125,2013.5999755859375,2020.9000244140625,525,67.52101171727695,35.33012539270635,30.70812111671043,4.62200427599592,9.715546187533327,0.8655717810381768,1954.39518397652,1907.21634549822,1,0.09964129135113592,-0.0006428280037585887,0.027872463002189596,0.11485633521840732,0.20789346347341284,0.15873216760951014,4.83,302.845,3.3,0.0,1.0
2023-04-06,2022.199951171875,2023.300048828125,2005.0,2011.9000244140625,0,64.9987454110277,35.510252779922666,31.66854744935288,3.8417053305697877,8.154643098473034,0.8201278545253314,1959.8718354467621,1911.3215878086453,1,0.0,-0.004453461275309434,0.01595716548340098,0.09981958711634742,0.21027995287946152,0.15912408736036507,4.83,302.845,3.3,1.0,1.0
2023-04-10,2000.0,2006.5999755859375,1984.0,1989.0999755859375,652,58.987179927602085,33.42789566646752,32.02041709277581,1.4074785736917121,6.776265402726901,0.6652737073452527,1962.6554678409693,1914.3717206626568,1,0.12366050260787102,-0.011332595333490847,0.010208215127444076,0.06825992244142731,0.21187012705731278,0.1612020149906133,4.83,302.845,3.41,1.0,1.0
2023-04-11,1991.4000244140625,2006.5,1991.4000244140625,2004.800048828125,68,61.61952907311828,32.66790211067064,32.14991409635478,0.5179880143158613,6.436611335496402,0.7606134249824273,1966.6692374587938,1917.9179296103223,1,0.012950530876541447,0.007893053860986932,0.010534817358165638,0.048700162177218065,0.19467309482176923,0.160472828861455,4.83,302.845,3.43,1.0,1.0
2023-04-12,2005.199951171875,2025.699951171875,2005.199951171875,2010.9000244140625,172,62.62330293319696,32.18678951841821,32.157289180767464,0.029500337650745223,5.868719754162238,0.7925302414480595,1970.8816933592955,1921.5642862692926,1,0.032736962314427104,0.003042685274026846,-0.0055879374100786805,0.05492607067680444,0.19368371300837614,0.15887373819525663,4.83,302.845,3.41,1.0,1.0
2023-04-13,2015.5999755859375,2048.60009765625,2015.5999755859375,2041.300048828125,1043,67.22389237578875,33.86812160574209,32.49945566576239,1.3686659399796994,6.013940175958248,0.9914959173498721,1977.588203403946,1926.259806369639,1,0.19761460415502233,0.015117620988104763,0.010094524304821606,0.05953497077529213,0.19665874016153223,0.1608887484245856,4.83,302.845,3.45,0.0,1.0
2023-04-14,2041.0,2047.800048828125,1995.0,2002.199951171875,718,57.432222291320016,31.68034697102985,32.33563392681588,-0.6552869557860319,5.278629209341598,0.6463112993868969,1979.932179381844,1929.2378512638443,1,0.13562139342481797,-0.019154507774933327,-0.004821349532520891,0.04335588909425492,0.2108358343040117,0.16620396284626973,4.83,302.845,3.52,1.0,1.0
2023-04-17,2002.699951171875,2007.5999755859375,1983.199951171875,1994.199951171875,554,55.64628533772218,28.967072291742397,31.661921599801186,-2.6948493080587888,5.223977262268783,0.5589750278533155,1981.2910147904183,1931.785384593571,1,0.10417939918198486,-0.0039956049321235865,0.0025639614139731925,0.012386994486199843,0.19158326531947398,0.16555561776811115,4.83,302.845,3.6,1.0,1.0
2023-04-18,1996.9000244140625,2007.4000244140625,1996.9000244140625,2007.4000244140625,72,57.968773975003856,27.56417549632988,30.842372379106926,-3.2781968827770456,5.269395469104856,0.6708896273471341,1983.7775871355273,1934.7506645865315,1,0.0135800373451027,0.0066192325571117205,0.0012968752606812295,0.014248218440734206,0.19222022965793184,0.1659789531353061,4.83,302.845,3.58,1.0,1.0
2023-04-19,2005.699951171875,2006.4000244140625,1969.800048828125,1995.199951171875,61,55.09717548892856,25.17769295642961,29.709436494571463,-4.531743538141853,4.6990170386936665,0.5304948151499251,1984.865431329465,1937.1212248447803,1,0.011503790593293855,-0.00607754961333562,-0.007807485728566821,0.02951493868517807,0.17647639824273334,0.1665595506980312,4.83,302.845,3.6,1.0,1.0
2023-04-20,1998.0,2007.5999755859375,1998.0,2007.5999755859375,164,57.406665191794865,24.010192139607398,28.569587623578652,-4.5593954839712545,4.235781044396769,0.6445214354858915,1987.0306260205577,1939.8850974228649,1,0.030895013469472335,0.00621492818641034,-0.016509122831567136,0.0312306992155722,0.17695969310532822,0.16685118920701297,4.83,302.845,3.54,1.0,1.0
2023-04-21,1996.199951171875,1996.199951171875,1974.0999755859375,1979.5,132,51.00460380426344,20.580269605160765,26.971724019895078,-6.391454414734312,4.293770350952562,0.3228766788851244,1986.3134235424093,1941.4386230141251,1,0.02484355149861196,-0.013996800123359354,-0.011337504607663584,-0.0071722582395009615,0.1643015670928987,0.1694099460250909,4.83,302.845,3.57,1.0,1.0
2023-04-24,1981.300048828125,1989.800048828125,1977.4000244140625,1989.0999755859375,145,52.9356747138962,18.424285391522062,25.262236294220475,-6.837950902698413,4.262609629040086,0.43038532955368025,1986.5788094513168,1943.3076956640002,1,0.027257944750965775,0.00484969718915762,-0.0025574043279564806,0.003531607934120773,0.16392722285072608,0.16909495531721913,4.83,302.845,3.52,1.0,1.0
2023-04-25,1995.699951171875,1999.0999755859375,1982.300048828125,1994.0,306,53.93369445117727,16.91604574273856,23.592998183924095,-6.676952441185534,3.783788742202336,0.45897628357803866,1987.2855895035723,1945.295629167373,1,0.05783405783405783,0.0024634379740611223,-0.006675313465722366,0.02130709642785522,0.1537620461391916,0.16913393214187256,4.83,302.845,3.4,1.0,1.0
2023-04-26,1997.800048828125,1998.800048828125,1985.5999755859375,1985.699951171875,615,51.92510239148912,14.879488894949645,21.850296326129207,-6.970807431179562,3.6506703282247144,0.3345708887145199,1987.134576329125,1946.8801123832359,1,0.1155862950363674,-0.00416251194991224,-0.0047614275423474295,0.0067430169302311604,0.15086651649128588,0.16925964923956946,4.83,302.845,3.43,1.0,1.0
2023-04-27,1990.5999755859375,2002.300048828125,1979.9000244140625,1989.9000244140625,355,52.881382258845406,13.449377675745836,20.170112596052533,-6.720734920306697,3.372125118244989,0.3656676761604759,1987.3979523372143,1948.5671677569937,1,0.38998132483796555,0.002115160067214017,-0.008816473095796473,0.012105207834628207,0.1503931778792887,0.16918522095429203,4.83,302.845,3.53,1.0,1.0
2023-04-28,1986.9000244140625,1990.0999755859375,1977.699951171875,1990.0999755859375,152,52.9293852487223,12.191601427394062,18.57441036232084,-6.3828089349267785,3.288853155464059,0.3578894667082919,1987.6552878847117,1950.1959053189132,1,0.36897681757494843,0.00010048302398191211,0.0053548752644292374,0.004948708032205484,0.1483617220240952,0.16916260282306328,4.83,302.845,3.44,1.0,1.0
2023-05-01,1980.0999755859375,2005.0,1976.9000244140625,1983.4000244140625,210,51.052552492736666,10.53275952762533,16.96608019538174,-6.4333206677564085,3.073978552760761,0.22733074303041811,1987.2500246970308,1951.4980276363701,1,0.5605979711692471,-0.003366640497496798,-0.00286559310333101,0.007313369433246564,0.14733854054223416,0.16881750201273418,5.06,303.334,3.59,1.0,1.0
2023-05-02,1994.699951171875,2018.0,1994.699951171875,2014.300048828125,1896,58.38215153163703,11.57802483545106,15.888469123395604,-4.310444287944543,3.035367649628757,0.7076261182472611,1989.8262174714207,1953.9608519968313,1,4.383308288059184,0.015579320375974648,0.010180566112399703,0.015323365109106701,0.15494007189613027,0.16049383028855088,5.06,303.334,3.44,1.0,1.0
2023-05-03,2017.0999755859375,2035.0999755859375,2015.199951171875,2028.5999755859375,1349,61.27237056157343,13.40575648653089,15.391926596022662,-1.9861701094917716,3.1324613056365305,0.9240809297809163,1993.51895633947,1956.887876451306,1,2.936119273043857,0.007099203897717121,0.021604484800810342,0.0031648820930658683,0.14130647961215465,0.16092738627872596,5.06,303.334,3.38,0.0,1.0
2023-05-04,2045.0,2072.0,2040.0,2048.0,930,64.83980166588556,16.232548115290456,15.560050899876222,0.6724972154142339,3.6374577641165695,1.1125862616451476,1998.7076271642823,1960.460900904196,1,1.9387116948092558,0.009563257738115283,0.02919743448068224,0.013409854648200437,0.14509473128691977,0.1617602205804617,5.06,303.334,3.37,0.0,0.0
2023-05-05,2046.4000244140625,2046.4000244140625,2004.300048828125,2017.4000244140625,59,56.06687467195326,15.82126090458246,15.61229290081747,0.2089680037649888,3.670413251016795,0.6871731244390795,2000.4878554737852,1962.6938077085047,1,0.12224179011706206,-0.014941394329071045,0.013717928326735018,0.0027337342478543913,0.1546181553828536,0.1652375200529211,5.06,303.334,3.44,0.0,0.0
2023-05-08,2022.5,2026.300048828125,2022.5,2026.300048828125,3,57.85304883461404,16.028701522903475,15.695574625234672,0.3331268976688033,3.7297310650270226,0.7781439463954436,2002.94615960277,1965.1881701053526,1,0.006663705019991115,0.004411630963793378,0.021629537100936513,0.01870196254526091,0.14905760472198384,0.16467924714661797,5.06,303.334,3.52,0.0,0.0
2023-05-09,2026.5999755859375,2037.300048828125,2025.9000244140625,2036.199951171875,241,59.810404446184045,16.798298758150395,15.916119451817817,0.8821793063325778,3.9576020576946607,0.8667927891457581,2006.1131873712561,1967.9729458334516,1,0.5252261087501362,0.004885704044411021,0.010872214572248406,0.015662361122798396,0.14758358837981103,0.1646961926483084,5.06,303.334,3.53,0.0,0.0
2023-05-10,2032.300048828125,2044.300048828125,2029.5,2030.5,248,58.13632503701837,16.755128991334914,16.083921359721238,0.6712076316136759,4.0828491010914565,0.7738901316701844,2008.435740954946,1970.4249871733164,1,0.5360423646384956,-0.0027993081762891503,0.0009366185728725274,0.009746867247489632,0.14785295715527233,0.16423088812071346,5.06,303.334,3.43,0.0,0.0
2023-05-11,2034.0999755859375,2038.300048828125,2014.0,2014.699951171875,90,53.653332703244196,15.269962128009865,15.921129513378965,-0.6511673853690993,3.8095199794603207,0.6044520205235793,2009.0323324041772,1972.1612602712992,1,0.21686746987951808,-0.0077813586939793344,-0.01625978946685791,-0.013030959202455672,0.14011485051015124,0.16534358992983536,5.06,303.334,3.39,0.0,0.0
2023-05-12,2014.5,2014.5,2014.5,2014.5,115,53.597006411227014,13.916402672913364,15.520184145285846,-1.6037814723724821,3.816855721340367,0.593582594581282,2009.5530626513985,1973.821603005758,1,0.29881772119007405,-9.924612931011545e-05,-0.0014375058882557523,0.006143266970377148,0.12149262171159773,0.16343864509957726,5.06,303.334,3.46,0.0,0.0
2023-05-15,2013.800048828125,2018.0,2013.800048828125,2018.0,3,54.49749566105284,12.976532414100802,15.011453799048837,-2.034921384948035,3.791946546450721,0.6244715778411198,2010.3575328750749,1975.554089162395,1,0.008396305625524769,0.0017374038222883748,-0.00409615981252387,0.011934635147362815,0.12049631639916646,0.16334373172520833,5.06,303.334,3.5,0.0,0.0
2023-05-16,1988.4000244140625,1988.4000244140625,1988.4000244140625,1988.4000244140625,49,46.31217491405265,9.731034501747217,13.955369939588515,-4.224335437841297,3.893287092205142,0.25473570846540977,2008.2663415930738,1976.057851329127,1,0.13758247929243297,-0.014667976008888806,-0.02347506527062959,-0.00946497946045699,0.12989004652865158,0.16666576722204451,5.06,303.334,3.54,0.0,0.0
2023-05-17,1983.5999755859375,1983.5999755859375,1980.699951171875,1980.699951171875,13,44.442170611993916,6.463119645093457,12.456919880689505,-5.993800235596048,4.034596558175392,0.17709450714994557,2005.6409710767691,1976.2398944602153,1,0.03674911660777385,-0.0038724970567511896,-0.02452600287029061,-0.007267442038319749,0.1288522402692765,0.16664574286293213,5.06,303.334,3.57,0.0,0.0
2023-05-18,1956.5,1956.800048828125,1956.5,1956.5,23,39.09880133496392,1.898653271952071,10.345266558942019,-8.446613286989948,4.594117715882592,-0.019008319381350374,2000.9608785932674,1975.4657809519715,1,0.06633977502163253,-0.012217878410890615,-0.028887652048644852,-0.02545326569404016,0.13301338039108948,0.16892243124405537,5.06,303.334,3.65,1.0,0.0
2023-05-19,1960.0,1978.699951171875,1960.0,1978.699951171875,106,45.56461837718883,0.07180360560096233,8.290573968273808,-8.218770362672846,4.6029303522509215,0.22304747041463846,1998.8407902674205,1975.5926111566737,1,0.30689056166763173,0.011346767785266998,-0.017771183334884588,-0.0004041671271154401,0.13109728561484993,0.16918678996168052,5.06,303.334,3.7,1.0,0.0
2023-05-22,1980.5,1980.5,1974.800048828125,1974.800048828125,8,44.667447631034655,-1.671410463612574,6.298177081896532,-7.969587545509106,4.738435499027934,0.1973236275914959,1996.5511958446305,1975.5615302810443,1,0.023630187564613794,-0.0019709417496271975,-0.021407309797757734,-0.007189144303116346,0.12997411479619564,0.16879806341710943,5.06,303.334,3.72,0.0,0.0
2023-05-23,1972.4000244140625,1972.4000244140625,1972.4000244140625,1972.4000244140625,1,44.0920680485257,-3.2095839985784096,4.396624865801544,-7.606208864379954,4.917630585032885,0.1947907471551142,1994.2510842798144,1975.4375496588098,1,0.0030931023816888337,-0.001215325275835788,-0.008046670591203009,-0.01083248524871494,0.12957024595243932,0.1687635024799796,5.06,303.334,3.7,1.0,0.0
2023-05-24,1975.4000244140625,1975.4000244140625,1962.800048828125,1962.800048828125,189,41.77408928454326,-5.143939276434821,2.4885120373542713,-7.632451313789092,5.170936440377711,0.1278744894874966,1991.2557475701296,1974.94196139094,1,0.6258278145695364,-0.004867154465174606,-0.00903715998637733,-0.011532408171856745,0.12985706118903229,0.16889285785717384,5.06,303.334,3.73,1.0,0.0
2023-05-25,1943.0999755859375,1943.0999755859375,1943.0999755859375,1943.0999755859375,1,37.42594313721018,-8.172355216850747,0.35633858651326766,-8.528693803364014,5.75370552533543,0.014236406056460146,1986.669483571635,1973.6932560652535,1,0.003517411185367569,-0.010036719356079749,-0.006848977466937134,-0.023518794036853974,0.13366691956666862,0.1702791604826399,5.06,303.334,3.83,1.0,0.0
2023-05-26,1948.199951171875,1948.4000244140625,1944.0999755859375,1944.0999755859375,166036,37.779976471944195,-10.372141435502954,-1.789357417889977,-8.582784017612976,6.233200989747517,0.07760305851792025,1982.6152447158543,1972.5327352621432,1,19.354898875094715,0.0005146415586252395,-0.017486216424802525,-0.02311441664454894,0.13372800058112394,0.17014978950176107,5.06,303.334,3.8,1.0,0.0
2023-05-30,1942.699951171875,1962.5999755859375,1931.0,1958.0,37838,42.63815222797235,-10.868585768248522,-3.605203087961686,-7.263382680286837,6.441132354462886,0.2090090977860313,1980.2709356952967,1971.9628240753925,1,3.617434201091789,0.007149850619113884,-0.00850721511683894,-0.012806304377033673,0.13659447947248962,0.17005418227238905,5.06,303.334,3.69,1.0,0.0
2023-05-31,1958.199951171875,1973.0,1953.0,1963.9000244140625,5959,44.61493369348923,-10.663022135308893,-5.016766897431127,-5.6462552378777655,6.528131913719178,0.2772447610666216,1978.71180128756,1971.6466358533796,1,0.5588457336315595,0.0030132913248530624,-0.004309470642257285,-0.025021110654981138,0.12366388573694276,0.1700955549282241,5.06,303.334,3.64,1.0,0.0
2023-06-01,1963.199951171875,1983.0,1954.300048828125,1978.0,750,49.1269679247541,-9.255667707941711,-5.864547059533244,-3.3911206484084673,6.351132828272957,0.40230185704459137,1978.6440106887449,1971.8957873885413,1,0.07053446313868957,0.007179579108230971,0.007744014058360227,-0.024943298922855517,0.12373558308627669,0.16555363271136955,5.08,304.014,3.61,1.0,0.0
2023-06-02,1977.0999755859375,1982.5,1947.4000244140625,1952.4000244140625,356,42.376811242671614,-10.089725195259462,-6.709582686678488,-3.380142508580974,5.981845487516091,0.22072968542091215,1976.1445834244894,1971.131247664052,1,0.03357097054053035,-0.012942353683487062,0.004786191624196023,-0.046679675579071045,0.12356124894804198,0.1681443753802635,5.08,304.014,3.69,1.0,0.0
2023-06-05,1947.5,1961.9000244140625,1937.800048828125,1958.0,713,44.18351779952694,-10.181484716128807,-7.403963092568552,-2.777521623560255,5.917405906825895,0.2903143817908658,1974.4165278602522,1970.6162967752657,1,0.06702954752705155,0.0028682521593483834,0.007149850619113884,-0.02944385034956798,0.11529770039807018,0.16737959257172058,5.08,304.014,3.69,1.0,0.0
2023-06-06,1960.800048828125,1965.5,1958.800048828125,1965.5,164,46.59844503417711,-9.53905716448935,-7.8309819069527125,-1.7080752575366374,5.60751937542909,0.373338159818511,1973.5673347307045,1970.4156576860396,1,0.015406076945839186,0.003830439223697635,0.003830439223697635,-0.030005451987867082,0.11492281133116543,0.16388503434297666,5.08,304.014,3.7,1.0,0.0
2023-06-07,1959.0,1968.4000244140625,1940.699951171875,1942.699951171875,139,40.81693627523696,-10.745830844912916,-8.413951694544753,-2.331879150368163,5.186829545604111,0.18579698166523834,1970.6275839155778,1969.3287672345039,1,0.013063848384171128,-0.011600126597875904,-0.010794884148195183,-0.04591886958163849,0.11767756757595914,0.15705403414269986,5.08,304.014,3.79,1.0,0.0
2023-06-08,1943.199951171875,1969.0,1943.0999755859375,1963.5999755859375,433,47.27473141277222,-9.901610774095616,-8.711483510454926,-1.19012726364069,4.519973423737857,0.41089949526061026,1969.9582878841836,1969.1041087384817,1,0.04065994948024753,0.010758235929050786,-0.007280093232589713,-0.032947561888235666,0.12642582367282534,0.15835200119590184,5.08,304.014,3.73,1.0,0.0
2023-06-09,1965.0999755859375,1969.800048828125,1960.300048828125,1962.199951171875,49,46.90551227594105,-9.23902878270701,-8.816992564905343,-0.4220362178016668,4.0664691176232735,0.4161304152325634,1969.2193986734876,1968.83335746136,1,0.004602127309868745,-0.0007129886084077386,0.005019425648057796,-0.02605847087525992,0.12434979556706029,0.15694687331428392,5.08,304.014,3.75,1.0,0.0
2023-06-12,1959.699951171875,1963.5,1951.4000244140625,1955.300048828125,212,45.038566476296296,-9.165043320776249,-8.886602716079524,-0.2784406046967245,3.5079637005076014,0.34550203947570185,1967.8937463072625,1968.302639475743,-1,0.01990217891307817,-0.003516411433824196,-0.0013789331827758211,-0.029386920412943662,0.1244976406719101,0.15689952076560296,5.08,304.014,3.73,1.0,0.0
2023-06-13,1960.5999755859375,1967.5,1940.300048828125,1944.5999755859375,343,42.23137802212739,-9.856199661138362,-9.080522105091292,-0.7756775560470697,2.666848369885827,0.16205564477965953,1965.6752919528506,1967.3731232447703,-1,0.03214891602853099,-0.005472343361623944,-0.010633439030304004,-0.03637265828248881,0.1246543605207272,0.14779541809256005,5.08,304.014,3.84,1.0,0.0
2023-06-14,1946.199951171875,1958.199951171875,1940.300048828125,1955.300048828125,202,45.86507911710904,-9.431815456505547,-9.150780775374143,-0.28103468113140373,2.3858555007886775,0.38605812795744787,1964.6871735600196,1966.8996693460783,-1,0.018919615051396728,0.0055024546829809395,0.006485869137253797,-0.01664653750730627,0.11732676056070664,0.1479073673961803,5.08,304.014,3.83,1.0,0.0
2023-06-15,1941.699951171875,1958.800048828125,1926.0,1957.800048828125,329,46.70851668651239,-8.792405433428485,-9.079105706985011,0.2867002735565265,2.1958486697966366,0.46083988909840545,1964.0312569188868,1966.5428214826293,-1,0.03076908688759931,0.0012785761456397537,-0.0029537211397050456,-0.011561520123328783,0.11698181776956146,0.1414094215916588,5.08,304.014,3.72,1.0,0.0
2023-06-16,1961.4000244140625,1962.9000244140625,1953.5,1958.4000244140625,119,46.92224704664118,-8.143383511815273,-8.891961267951064,0.7485777561357914,2.1919847320138417,0.47252901102049943,1963.4949490612844,1966.2234961073914,-1,0.011124250398463171,0.0003064539641302044,-0.0019365644951438998,0.0009711343797917937,0.10849287088004646,0.14111768186693002,5.08,304.014,3.77,1.0,0.0
2023-06-20,1958.5999755859375,1958.5999755859375,1931.300048828125,1935.5,193,40.281707981470596,-9.36887103632489,-8.98734322162583,-0.3815278146990604,2.251215616786302,0.002561289308776241,1960.8287634364,1965.0186531227878,-1,0.01803451788033677,-0.011693231274807592,-0.010126348045657707,-0.021832492160466344,0.10767855688572368,0.13421731316080912,5.08,304.014,3.74,1.0,0.0
2023-06-21,1935.5999755859375,1936.800048828125,1920.0,1933.300048828125,557,39.700433097043216,-10.397737754009768,-9.269422128102617,-1.1283156259071507,2.3417532846345104,0.018557139624090096,1958.2069810927549,1963.774786287703,-1,0.05191464375090291,-0.0011366319668689728,-0.005810926102890468,-0.02101478578787086,0.1076299390827167,0.1337546926917502,5.08,304.014,3.72,1.0,0.0
2023-06-22,1920.0,1921.0,1912.0999755859375,1912.699951171875,237,34.657209797492925,-12.728649807349484,-9.961267663951991,-2.7673821433974926,2.886686946802301,-0.20370995403891776,1953.8729782431474,1961.7718515772783,-1,0.022065087352608474,-0.010655406370437381,-0.021786987466083096,-0.030267730938566828,0.1129572753737836,0.13198909981882606,5.08,304.014,3.8,1.0,0.0
2023-06-23,1918.699951171875,1932.5,1918.699951171875,1919.0999755859375,105,37.32118845655973,-13.899263858190807,-10.748866902799755,-3.1503969553910522,3.2013243174351946,0.0022534939145023446,1950.5612637043655,1960.0984446756572,-1,0.009779495657438238,0.00334606816408467,-0.01976712242159362,-0.022264149253653387,0.11349837155174716,0.13039077133219465,5.08,304.014,3.74,1.0,0.0
2023-06-26,1922.9000244140625,1928.5,1922.5,1923.699951171875,71,39.23861746087203,-14.29106583010639,-11.457306688261083,-2.8337591418453076,3.4043399523350915,0.11564219860281989,1948.003043463176,1958.6710527735481,-1,0.00661064686576197,0.0023969442157556475,-0.017718582929741045,-0.00998405880181874,0.1089849257582425,0.13039212702410802,5.08,304.014,3.72,1.0,0.0
2023-06-27,1927.0,1929.4000244140625,1914.0,1914.0,49,36.68977884595944,-15.20895731662722,-12.207636813934311,-3.0013205026929093,3.7510864522142513,0.03873472308886315,1944.764658371445,1956.9192467824287,-1,0.02007456266131345,-0.005042341018913099,-0.011108240764660327,-0.015482730293675195,0.11008376278951526,0.12977417370344446,5.08,304.014,3.77,1.0,0.0
2023-06-28,1912.300048828125,1912.300048828125,1912.300048828125,1912.300048828125,628,36.245420475116326,-15.890390257764693,-12.94418750270039,-2.946202755064304,4.038275336855691,0.0784821564644123,1941.6727907958907,1955.1694743136325,-1,1.082012405237767,-0.0008881667564655249,-0.010862255971456292,-0.023340118065309,0.10605325095953079,0.12933139312581235,5.08,304.014,3.71,1.0,0.0
2023-06-29,1909.9000244140625,1909.9000244140625,1892.5,1909.199951171875,289,35.40333522545335,-16.490490634279467,-13.653448129016205,-2.8370425052632626,4.253505519102176,0.09482951863931964,1938.5801394031273,1953.3667479159164,-1,0.9733917143819468,-0.0016211355839005348,-0.001829874046818225,-0.027852778940978706,0.1048944714263026,0.12826152737332402,5.08,304.014,3.85,1.0,0.0
2023-06-30,1908.5999755859375,1921.0999755859375,1900.5999755859375,1921.0999755859375,445,41.06368248105836,-15.823439230891381,-14.087446349391241,-1.73599288150014,4.017356661382854,0.259591938700017,1936.9153618967282,1952.101384295133,-1,1.5799751464583704,0.0062329901102071705,0.0010421551901638182,-0.028766443080921356,0.10392462008819432,0.12235960110437367,5.08,304.014,3.81,1.0,0.0
2023-07-03,1917.9000244140625,1929.5,1917.9000244140625,1921.699951171875,41,41.34276010271366,-15.072635215901073,-14.284484122693208,-0.7881510932078655,4.053208769791354,0.2887049914524116,1935.4662751610279,1950.9091712314757,-1,0.1541933057540429,0.00031230836164808373,-0.0010396631755288377,-0.015724274154012563,0.09460064044923074,0.12238232293014602,5.12,304.609,3.86,1.0,0.0
2023-07-05,1923.5,1933.9000244140625,1914.699951171875,1919.5999755859375,193,40.61778416129336,-14.480149949292354,-14.323617288013038,-0.1565326612793161,4.027637436694614,0.28484499999575486,1933.9551990110192,1949.6813596375332,-1,0.8045018757815756,-0.0010927697555785931,0.002925797066843039,-0.019611861294209665,0.09360959911861744,0.12215068428494502,5.12,304.609,3.95,1.0,0.0
2023-07-06,1909.300048828125,1910.199951171875,1903.199951171875,1908.699951171875,81,36.99178785527943,-14.720453754076289,-14.40298458122569,-0.3174691728505987,3.968544933860914,0.17628128056869066,1931.549937312053,1948.0742455800564,-1,0.34358430540827145,-0.005678279096005601,-0.0018826008284924534,-0.028898523952238575,0.09321418288433221,0.12058310795248824,5.12,304.609,4.05,1.0,0.0
2023-07-07,1913.4000244140625,1934.0999755859375,1913.4000244140625,1926.199951171875,61,45.416713431154605,-13.344960111054434,-14.19137968719144,0.8464195761370057,3.9584506888883526,0.41484229088569713,1931.0404148225123,1947.216430113069,-1,0.26310114298037524,0.009168544269755774,0.008904253318027466,-0.00849333423313614,0.09224984553024139,0.12099326915420064,5.12,304.609,4.06,1.0,0.0
2023-07-10,1923.5999755859375,1926.0999755859375,1912.300048828125,1925.0,269,44.97266762317809,-12.21093743452252,-13.795291236657656,1.5843538021351353,3.6907367645510836,0.4188187495521342,1930.4651372203682,1946.3451975596154,-1,1.2027721886876817,-0.0006229629333885933,0.0020300996635393975,-0.019657759251305418,0.08236091181433926,0.12074686468587081,5.12,304.609,4.01,1.0,0.0
2023-07-11,1925.0,1937.0,1924.199951171875,1931.300048828125,142,47.855287474989275,-10.680734149702175,-13.17237981926656,2.4916456695643845,3.3793605530003705,0.5315978475252865,1930.5446526115832,1945.755191727008,-1,0.6219886114761278,0.0032727526379869865,0.004995627777580891,-0.015747580834101993,0.08374055311241378,0.1165377787710501,5.12,304.609,3.99,1.0,0.0
2023-07-12,1932.300048828125,1958.0,1932.199951171875,1956.199951171875,132,57.36224681828458,-7.373822168080096,-12.012668289029268,4.638846120949172,3.3944082353681098,0.9109919125154216,1932.98801437923,1946.1647901366107,-1,0.5884975479268836,0.012892819196508976,0.019066459705890493,0.00046023746804957355,0.09587186957550574,0.11342102192772155,5.12,304.609,3.86,1.0,0.0
2023-07-13,1961.0999755859375,1961.0999755859375,1953.0,1959.199951171875,121,58.34757287245993,-4.459588311617381,-10.50205229354689,6.04246398192951,3.5928586747444085,0.9208800105506133,1935.4843893118627,1946.6759729223074,-1,0.5675422138836773,0.0015335855612319538,0.026457799178438046,0.007507958330369879,0.09373488211373719,0.11323441876610112,5.12,304.609,3.76,1.0,0.0
2023-07-14,1958.4000244140625,1960.5999755859375,1952.699951171875,1960.0999755859375,94,58.656256201301495,-2.0537383191174285,-8.812389498660998,6.75865117954357,3.670640356388097,0.9212257431725372,1937.8287308617746,1947.2024043993126,-1,0.45235803657362844,0.0004593836445965227,0.01759943166514888,0.0024548287413428405,0.09177566220118467,0.11233374786540873,5.12,304.609,3.83,1.0,0.0
2023-07-17,1954.0,1956.5,1946.5999755859375,1952.4000244140625,29,54.90721153494767,-0.7596498051532308,-7.201841559959445,6.442191754806214,3.5913702827174063,0.8233891054344957,1939.2164731048497,1947.4062326351852,-1,0.1504149377593361,-0.00392834613937143,0.014233778916396211,-0.002758210378682291,0.09276598507402511,0.11195229695483327,5.12,304.609,3.81,1.0,0.0
2023-07-18,1968.800048828125,1978.4000244140625,1963.4000244140625,1977.199951171875,83,63.08993994168186,2.2412359207144164,-5.313226063824673,7.554461984539089,3.98725948462866,1.1010439637012783,1942.833947206471,1948.5746137542712,-1,0.43455497382198954,0.012702277426602349,0.023766323814676582,0.009599635683949392,0.1032565914194325,0.11430990796472171,5.12,304.609,3.8,1.0,0.0
2023-07-19,1977.0,1977.5,1973.0,1977.5,35,63.177003495660934,4.59075158486894,-3.3324305340859506,7.923182118954891,4.502707508133883,1.010981212298759,1946.13547604395,1949.7089426266527,-1,0.19115237575095576,0.00015175441813419788,0.010888482445450043,0.02169981916817365,0.09264019326612241,0.1106106674404774,5.12,304.609,3.75,1.0,0.0
2023-07-20,1973.699951171875,1973.699951171875,1965.5999755859375,1968.300048828125,638,58.61185043680875,5.645324714471599,-1.5368794843744409,7.18220419884604,4.771366588412746,0.8631586627447657,1948.2463877376808,1950.4380056149457,-1,3.4090301896874164,-0.0046523141197850615,0.004644802921114133,0.01810375995242719,0.09458122726736684,0.11054335082670214,5.12,304.609,3.85,1.0,0.0
2023-07-21,1961.800048828125,1964.300048828125,1961.800048828125,1964.300048828125,50,56.69366749621775,6.088134719550908,-0.011876643589371107,6.100011363140279,4.820887930472486,0.7884980956353372,1949.7753078415326,1950.9816151527175,-1,0.281214848143982,-0.002032210486598074,0.0021427852122348767,0.026977622718417305,0.08498214621516745,0.11046939270313368,5.12,304.609,3.84,1.0,0.0
2023-07-24,1965.300048828125,1965.5,1960.300048828125,1960.300048828125,2,54.76356236156926,6.046596863478499,1.199818057824203,4.846778805654296,4.839636587921229,0.722511365351321,1950.77766412597,1951.3470439243022,-1,0.011584129742253113,-0.0020363487759348375,0.004046314441341625,0.02146843508223606,0.08543886313111297,0.11023226959456883,5.12,304.609,3.86,1.0,0.0
2023-07-25,1953.0,1962.5,1953.0,1962.0999755859375,19,55.497751397425226,6.088729773293153,2.177600400917993,3.91112937237516,4.8772334349525295,0.7193095676189837,1951.8559795031097,1951.7687275188762,1,0.11173184357541899,0.0009181894164052018,-0.007637050353449526,0.01996154566135444,0.08529418394744778,0.11015166842955612,5.12,304.609,3.91,1.0,0.0
2023-07-26,1966.199951171875,1972.0,1966.199951171875,1968.9000244140625,51,58.25434449175669,6.5948066915079835,3.0610416590359915,3.533765032471992,4.840250147418165,0.763766960535486,1953.4792218755813,1952.4405430833933,1,0.29973552747575666,0.003465699461157268,-0.0043489130649494445,0.028683398335455745,0.08260528822049185,0.11041012934484391,5.12,304.609,3.86,1.0,0.0
2023-07-27,1945.4000244140625,1945.4000244140625,1945.4000244140625,1945.4000244140625,194253,47.340779737896845,5.041507334650532,3.4571347941589,1.5843725404916325,4.598036467369951,0.4962559126156136,1952.7097744982939,1952.1644443120472,1,19.71831414824289,-0.011935598409570591,-0.011634417439402411,0.017308986425127904,0.09518650735408926,0.11286787545281947,5.12,304.609,4.01,1.0,0.0
2023-07-28,1945.5,1962.199951171875,1944.199951171875,1960.4000244140625,23155,53.34852818644402,4.963663025606593,3.758440440448439,1.205222585158154,4.2953739799823945,0.6446472388863144,1953.4421792521766,1952.4874082376164,1,2.106014716181433,0.007710496459214289,-0.001985452485423145,0.026817554238235175,0.09766723478869953,0.10929160192468884,5.12,304.609,3.96,1.0,0.0
2023-07-31,1959.199951171875,1971.5999755859375,1950.0,1970.5,1025,56.91301619194506,5.651803992320993,4.13711315082295,1.5146908414980427,4.198668948738524,0.7409465009565127,1955.0667336091121,1953.1937843851608,1,0.09298148534521077,0.005151997276145792,0.005203260173345603,0.025714447473768498,0.09702581102029276,0.10879319468582398,5.12,304.609,3.97,0.0,0.0
2023-08-01,1964.9000244140625,1965.4000244140625,1940.699951171875,1940.699951171875,688,45.794919581581716,3.749325880325614,4.059555696723483,-0.31022981639786895,4.001540736327937,0.35895988911991494,1953.6984686150895,1952.7038301415025,1,0.06222837270091941,-0.01512308999143619,-0.010906694195167987,0.009887079399889531,0.1133839335739268,0.11088201769934294,5.33,306.082,4.05,1.0,0.0
2023-08-02,1948.4000244140625,1953.5999755859375,1933.199951171875,1937.4000244140625,652,44.75234613946733,1.9528109699588185,3.63820675137055,-1.6853957814117315,3.7723157741379536,0.29357454247379966,1952.1462358340393,1952.1036808972892,1,0.058850076721725784,-0.0017003796778681801,-0.01599878084687123,0.009272790713956702,0.1135172592508323,0.10690573652110849,5.33,306.082,4.08,1.0,0.0
2023-08-03,1934.199951171875,1936.5,1928.0,1932.0,773,43.02612015872936,0.09225960863568616,2.9290173228235776,-2.8367577141878915,3.3175880421340365,0.16413669336843775,1950.227546706988,1951.3153012542584,-1,0.06955441980996256,-0.0027872531981079085,-0.006888056053200975,0.01220728738103638,0.11188511671291543,0.10646232896234421,5.33,306.082,4.2,1.0,0.0
2023-08-04,1934.9000244140625,1945.0,1920.0,1939.5999755859375,290,46.17302062573351,-0.7602228597181693,2.1911692863152283,-2.9513921460333976,3.1318757159854846,0.2575580186932894,1949.2153970764118,1950.855876718246,-1,0.026067298573938996,0.003933734775329878,-0.01061010435068821,0.006956715166517524,0.1080910564345507,0.10626433810179409,5.33,306.082,4.05,1.0,0.0
2023-08-07,1941.0,1941.0,1929.800048828125,1933.5,376,44.069041626679216,-1.9060664601872759,1.3717221370147277,-3.2777885972020036,2.9833459524570163,0.13366150442843888,1947.718692592944,1950.1752541018443,-1,0.03378135556673615,-0.0031449657984733426,-0.018776960162395384,0.004415584415584428,0.10876176937978482,0.10629448350578491,5.33,306.082,4.09,1.0,0.0
2023-08-08,1931.699951171875,1933.199951171875,1923.0,1924.0999755859375,555,40.97081431766609,-3.5319451151217436,0.3909886865874334,-3.922933801709177,3.117275958117998,0.0009623601626419682,1945.4692909732291,1949.1526941600441,-1,0.04977109778899745,-0.004861662484645701,-0.008553602310297226,-0.0037280966500033985,0.10957263673093742,0.10563702240990108,5.33,306.082,4.02,1.0,0.0
2023-08-09,1925.4000244140625,1928.800048828125,1913.699951171875,1915.4000244140625,451,38.28785997760245,-5.459544780247143,-0.7791180067794818,-4.68042677346766,3.5729764789817273,-0.03131286489952154,1942.6055513009276,1947.8290600523587,-1,0.0403868541237575,-0.004521569191967556,-0.011355424653023638,-0.02085672619170198,0.0990788691995295,0.10590760959363556,5.33,306.082,4.0,1.0,0.0
2023-08-10,1921.0999755859375,1927.800048828125,1911.4000244140625,1914.4000244140625,178,37.979994176987695,-6.987327483348281,-2.020759902093242,-4.966567581255039,3.9416636362553303,0.03396160751817276,1939.9193106450357,1946.5181174783079,-1,0.01593575562787325,-0.000522084153312008,-0.009109718212182982,-0.02286643929886578,0.09863496672425595,0.10577398277697288,5.33,306.082,4.09,1.0,0.0
2023-08-11,1913.0,1916.5999755859375,1911.800048828125,1912.9000244140625,57,37.492996988239,-8.224338689671413,-3.2614756596088763,-4.962863030062536,4.251042360858963,0.07774087170203163,1937.346045289705,1945.199760887553,-1,0.005103868194842407,-0.0007835353013323498,-0.013765699890674221,-0.02408037944991326,0.09846341414468973,0.10173106147630957,5.33,306.082,4.16,1.0,0.0
2023-08-14,1909.300048828125,1912.5999755859375,1903.300048828125,1910.5999755859375,46,36.71558279235247,-9.283262034878362,-4.465832934662774,-4.8174291002155885,4.562506973815523,0.10377824149556372,1934.7988005560128,1943.8429065619996,-1,0.004118597707015494,-0.0012023884148516517,-0.011843819195274108,-0.02140957196549398,0.09793957514039757,0.10151518912325083,5.33,306.082,4.19,1.0,0.0
2023-08-15,1906.0,1907.699951171875,1895.0,1902.5,73,34.038829961793354,-10.653262571056985,-5.703318861941616,-4.949943709115368,4.709825226106892,0.06771138817541882,1931.722724312583,1942.2216161085878,-1,0.0065363281057631605,-0.004239493190328014,-0.011226015207115081,-0.037780676217193276,0.0839370726695277,0.0988616430499587,5.33,306.082,4.21,1.0,0.0
2023-08-16,1904.5,1904.5,1890.300048828125,1896.0999755859375,22,32.05055689942799,-12.115763370939021,-6.985807763741097,-5.129955607197924,4.836026411529145,0.05324690018386621,1928.330081576712,1940.4129243233858,-1,0.0019699669582814725,-0.0033640075763797794,-0.01007624965131193,-0.04116309704883059,0.08371157609309705,0.09594120998485699,5.33,306.082,4.28,1.0,0.0
2023-08-17,1893.699951171875,1902.4000244140625,1884.0,1884.0999755859375,245,28.669128504418268,-14.080790910779115,-8.404804393148702,-5.675986517630413,5.193370365884308,0.005512757068699895,1924.1176905299717,1938.2045733925056,-1,0.021976937670713712,-0.006328780209119422,-0.01582743859262059,-0.0427780679537747,0.08460479240454304,0.09660396686903006,5.33,306.082,4.3,1.0,0.0
2023-08-18,1891.800048828125,1891.800048828125,1886.0999755859375,1886.0999755859375,19,29.994777324300983,-15.300333388878471,-9.783910192294655,-5.5164231965838155,5.412898550120993,0.08118246347267027,1920.496955773397,1936.1612558314637,-1,0.0017045709415511596,0.0010615147953483284,-0.014010167016613506,-0.039810655856186816,0.08538818255395701,0.09667311396857796,5.33,306.082,4.26,1.0,0.0
2023-08-21,1893.5999755859375,1893.5999755859375,1893.300048828125,1893.300048828125,876,34.69975302950233,-15.507087796686392,-10.928545713173003,-4.578542083513389,5.458809179220971,0.1843029537988851,1917.9067741595616,1934.480424184274,-1,0.07828278314954155,0.0038174398681865007,-0.009054708980882786,-0.034178441223859046,0.0878693550707458,0.09672639366243489,5.33,306.082,4.34,0.0,0.0
2023-08-22,1894.5999755859375,1896.800048828125,1892.800048828125,1896.4000244140625,46,36.67317826962276,-15.245064419347727,-11.791849454407949,-3.4532149649397788,5.352767303796135,0.23952188329782337,1915.8585122790378,1932.9870751736776,-1,0.004110243889362957,0.0016373398330900013,-0.003206294657522979,-0.033484507410105446,0.08819374504753356,0.09477972251913576,5.33,306.082,4.34,0.0,0.0
2023-08-23,1909.5999755859375,1918.5,1909.5999755859375,1918.5,547,48.59916301175525,-13.103081505240198,-12.0540958645744,-1.0489856406657978,4.896332325704162,0.47665975162481267,1916.110082538177,1932.4189545786314,-1,0.04876809300708341,0.01165364654156531,0.01181373593295909,-0.025598061754842694,0.09860600002456517,0.09790330449519524,5.33,306.082,4.19,0.0,0.0
2023-08-24,1920.0,1920.800048828125,1918.199951171875,1918.199951171875,337,48.46571074107199,-11.299502416314226,-11.903177174922366,0.6036747586081397,4.755607852392411,0.48756468495042526,1916.3091176461483,1931.861346601896,-1,0.22163033113018316,-0.00015639761695329657,0.018098814302745625,-0.013981737894950386,0.09014251301086175,0.09669981242164762,5.33,306.082,4.23,0.0,0.0
2023-08-25,1919.800048828125,1919.800048828125,1911.0999755859375,1911.0999755859375,195,45.296088659437004,-10.324052437073078,-11.58735222735251,1.2632997902794312,4.345748099495016,0.4307340053654777,1915.8130088785092,1931.0471751895054,-1,0.523419675211381,-0.003701374083343034,0.013254864706858216,-0.025147953588125493,0.08501094424253022,0.09668542003728903,5.33,306.082,4.25,0.0,0.0
2023-08-28,1915.5,1921.5,1915.5,1917.9000244140625,99,48.75294752340078,-8.899703943548502,-11.049822570591708,2.1501186270432058,3.5154554318002065,0.5543884189582657,1916.0117722628477,1930.531600649292,-1,0.30344827586206896,0.0035581858170659064,0.012993173269690628,-0.026693720165408497,0.08359826180086755,0.09575208072573643,5.33,306.082,4.2,1.0,0.0
2023-08-29,1917.9000244140625,1936.5,1916.9000244140625,1936.5,1674,56.79524045562534,-6.198581527879924,-10.079574362049351,3.8809928341694278,3.4514318042535366,0.8401379258400499,1917.9630320473384,1930.7656555257904,-1,4.457462388496871,0.009698094451831452,0.021145314843753704,-0.002164142462794838,0.07501043133559893,0.09436374914714053,5.33,306.082,4.12,0.0,0.0
2023-08-30,1936.0,1946.4000244140625,1934.5999755859375,1944.300048828125,396,59.654636176697664,-3.3894523039257365,-8.741549950424629,5.352097646498892,3.565224534224471,0.9384509012124624,1920.4713193597943,1931.2964160474507,-1,1.0916609235010337,0.004027910574812887,0.01344803170608544,0.003561486697177818,0.07613935583748432,0.09455023773723562,5.33,306.082,4.12,0.0,0.0
2023-08-31,1944.4000244140625,1944.4000244140625,1938.199951171875,1938.199951171875,491,56.50504596048578,-1.6365588240735178,-7.320551725154407,5.683992901080889,3.6418835476663,0.8372257562125337,1922.1597604847543,1931.5671429150752,-1,1.4082891151584684,-0.003137426067507776,0.010426441720938096,0.0032090844574921285,0.07633095831260243,0.09438790779978815,5.33,306.082,4.09,1.0,1.0
2023-09-01,1950.0,1950.0,1936.5999755859375,1939.800048828125,167,57.14421204255088,-0.11691587071004506,-5.879824554265535,5.76290868355549,3.644861551150332,0.8597331075676651,1923.8397879460276,1931.890001970489,-1,0.48759124087591244,0.0008255586093077749,0.0150175676881521,0.00010315180692188619,0.07508538086308077,0.09134698335791117,5.33,307.276,4.18,1.0,1.0
2023-09-05,1934.4000244140625,1934.4000244140625,1924.699951171875,1926.199951171875,113,50.36906184480104,-0.009888117767559379,-4.70583726696594,4.6959491491983805,3.577882485675959,0.6733030076219528,1924.0645653961083,1931.6668627234847,-1,0.34310004554425383,-0.0070110822321435284,0.004327611790061026,-0.0037755618454228257,0.0784429087245835,0.0896686039722028,5.33,307.276,4.27,1.0,1.0
2023-09-06,1924.0999755859375,1925.300048828125,1916.300048828125,1918.0999755859375,24,46.809419986282116,-0.5720736786677207,-3.879084549306296,3.3070108706385755,3.5530159888126494,0.5598475025978008,1923.496509223711,1931.134827933777,-1,0.07926023778071334,-0.004205158234486306,-0.009501690892880221,-0.003118341082132603,0.07795397181501904,0.09002042160488262,5.33,307.276,4.3,1.0,1.0
2023-09-07,1917.5999755859375,1921.5,1917.5,1917.5,41,46.5470169542884,-1.0538743935940147,-3.31404251816384,2.2601681245698253,3.555875249560924,0.5494386158932085,1922.925413107167,1930.6001287991191,-1,0.14523556500177115,-0.00031279682684648424,-0.013783905855620393,0.001096363975759962,0.07623254781793201,0.08978167140801925,5.33,307.276,4.27,1.0,1.0
2023-09-08,1924.0,1924.699951171875,1918.4000244140625,1918.4000244140625,105,47.026747774874856,-1.3475468022454606,-2.920743374980164,1.5731965727347035,3.560816897302646,0.5596342604595074,1922.4944237078237,1930.1216933330386,-1,0.3768167952628746,0.0004693738795631397,-0.010215626486751783,0.0020894274702196736,0.07621425123344434,0.08914655300794597,5.33,307.276,4.26,2.0,1.0
2023-09-11,1923.0,1928.300048828125,1921.800048828125,1923.300048828125,50,49.674876894260464,-1.171390225540108,-2.570872745092153,1.3994825195520448,3.5821218132428743,0.6231192565943936,1922.5711499097572,1929.8541778622578,-1,0.17966223499820336,0.0025542245369596372,-0.008506031335532738,0.005436784087682778,0.07661700458603722,0.08854381345890092,5.33,307.276,4.29,1.0,1.0
2023-09-12,1920.800048828125,1920.800048828125,1911.300048828125,1911.300048828125,365,43.88856797076964,-1.977291594496819,-2.4521565149730864,0.4748649204762674,3.5803834079896166,0.4476380912659648,1921.4977117115066,1929.1265649589584,-1,1.2404418011894647,-0.006239276085554968,-0.007735387146430517,0.000366415393663333,0.07993703729248447,0.08932300251318262,5.33,307.276,4.27,2.0,1.0
2023-09-13,1910.300048828125,1914.5999755859375,1908.9000244140625,1909.0999755859375,15,42.90187581699823,-2.761666981580447,-2.5140586082945586,-0.24760837328588847,3.5423560735187944,0.40979255984450713,1920.3169749376427,1928.3412085129576,-1,0.051484468851896344,-0.0011510873154303436,-0.004692143326497256,0.003469106746879058,0.07848733829707677,0.08932369216936728,5.33,307.276,4.25,2.0,1.0
2023-09-14,1903.0,1910.0,1903.0,1910.0,169,43.46185726163692,-3.27293729476537,-2.665834345588721,-0.6071029491766491,3.432314005898851,0.41005196554907514,1919.3344058959624,1927.621945434018,-1,0.5657850686307332,0.00047143912082781014,-0.003911342894393766,0.007330849951499463,0.07736396370546676,0.08615401613401107,5.33,307.276,4.29,2.0,1.0
2023-09-15,1923.5,1927.300048828125,1923.5,1923.699951171875,8,51.292494361490974,-2.5433331754900337,-2.641334111568984,0.09800093607895022,3.0848530883535576,0.5981158490247396,1919.750172112716,1927.4681417374634,-1,0.02788914066585323,0.0071727493046465085,0.002762680718496835,0.021017979989953695,0.0766585772234565,0.08744099030782332,5.33,307.276,4.33,2.0,1.0
2023-09-18,1928.199951171875,1931.5,1926.4000244140625,1931.5,19,55.10504876289117,-1.3204960453185777,-2.377166498318903,1.0566704530003252,2.7346602999048604,0.7158636395756013,1920.8692033400764,1927.6262538261904,-1,0.06623670908140142,0.0040547117669642585,0.00426347993744991,0.024070847251858263,0.07739836733290258,0.08497446216054919,5.33,307.276,4.32,2.0,1.0
2023-09-19,1934.0,1934.0,1932.0,1932.0,6,55.34633615245217,-0.30749833882714483,-1.9632328664205514,1.6557345275934066,2.457974741799274,0.7095471700990068,1921.9292792124502,1927.7977732839868,-1,0.02465584549003493,0.00025886616619197333,0.010830299085989648,0.020440474395925,0.076827864459685,0.08471658221867819,5.33,307.276,4.37,1.0,1.0
2023-09-20,1945.5999755859375,1945.5999755859375,1929.199951171875,1945.5999755859375,119,61.420016915897136,1.5745634248387432,-1.2556736081686926,2.830237033007436,2.3518095890730075,0.964848753264129,1924.1836312480204,1928.4958988644555,-1,0.4817813765182186,0.0070393248374418516,0.019118956820895372,0.025943867611516458,0.07972521065013914,0.08577095951880256,5.33,307.276,4.35,1.0,1.0
2023-09-21,1924.0,1924.0,1919.199951171875,1919.199951171875,9,47.82205110153629,0.9251846433996889,-0.8195019578550163,1.7446866012547053,2.3480822106737445,0.38061704177308464,1923.7089950502923,1928.131351896119,-1,0.0408905043162199,-0.0135690916659843,0.004816728362238232,0.0003648429355616045,0.08652267375210264,0.08974032985145136,5.33,307.276,4.49,2.0,1.0
2023-09-22,1925.4000244140625,1925.4000244140625,1925.4000244140625,1925.4000244140625,1,50.5887809582166,0.9004614163682163,-0.4755092830103698,1.375970699378586,2.3278608271901566,0.509931330505708,1923.8700454658895,1928.0242410144697,-1,0.004918839153959665,0.0032305509586958436,0.0008837517728021993,0.0037535572023077446,0.08726169258038696,0.08995328309037874,5.33,307.276,4.44,2.0,1.0
2023-09-25,1916.5999755859375,1916.5999755859375,1916.5999755859375,1916.5999755859375,114,46.79597035709567,0.16883150102171385,-0.3466411262039531,0.5154726272256669,2.269464252334843,0.30248231064825953,1923.177657858275,1927.5762306055076,-1,0.5721455457967378,-0.004570504163571409,-0.00771422439247349,0.0028779237456237894,0.08783157007990075,0.09040041447808447,5.33,307.276,4.55,2.0,1.0
2023-09-26,1905.0,1905.0999755859375,1900.4000244140625,1900.4000244140625,161,40.740515524379454,-1.698610623014929,-0.6170350255661483,-1.0815755974487806,2.5175192664439274,0.005532541713726773,1921.0083594350167,1926.5104970293726,-1,0.7956510995799357,-0.008452442543166794,-0.016356095023777217,-0.00912456320831756,0.0919372469741839,0.09114706069479736,5.33,307.276,4.56,2.0,1.0
2023-09-27,1871.5999755859375,1871.5999755859375,1871.5999755859375,1871.5999755859375,12251,32.65135098760845,-5.439788710780022,-1.581585762608923,-3.8582029481710984,3.4081988788386433,-0.2561639310705921,1916.3027990684377,1924.3571432472772,-1,16.75464989059081,-0.01515472977169885,-0.03803453995095474,-0.033514084386296106,0.09795421132456536,0.09623964762104009,5.33,307.276,4.61,2.0,1.0
2023-09-28,1875.5,1878.199951171875,1856.699951171875,1860.4000244140625,4654,30.144690225209146,-9.202362648400594,-3.1057411397672574,-6.096621508633337,4.213536098165461,-0.19970333238151858,1910.9787252918306,1921.8490209400925,-1,4.92956254634043,-0.005984158643926429,-0.030637728352331917,-0.04315178846219281,0.0966374695897199,0.0969054115806956,5.33,307.276,4.59,2.0,1.0
2023-09-29,1864.300048828125,1872.300048828125,1846.0,1848.0999755859375,1605,27.635481267789842,-13.026578458769563,-5.089908603567719,-7.936669855201845,5.13002989914199,-0.1555076376874751,1904.9902729388884,1918.9569015144393,-1,1.6053210642128426,-0.006611507561121943,-0.04014752666872379,-0.046486419283759295,0.09787299500096053,0.09713830885728153,5.33,307.276,4.59,2.0,1.0
2023-10-02,1844.0999755859375,1845.9000244140625,1826.699951171875,1830.0,2309,24.414883437042903,-17.318180596725597,-7.535563002199295,-9.782617594526302,6.199474366153821,-0.1506567009048249,1897.848342182804,1915.4683955726966,-1,2.086005962598247,-0.009793829243571639,-0.04518416815666626,-0.05660379733182164,0.10052816939889987,0.09685586435282335,5.33,307.696,4.69,2.0,1.0
2023-10-03,1825.0,1830.9000244140625,1816.800048828125,1824.5999755859375,310,23.533708274827802,-20.91395993901847,-10.21124238956313,-10.702717549455338,7.1877450478851825,-0.06503550866900887,1890.8723072688167,1911.9049281222356,-1,0.2775912245354824,-0.0029508330131489124,-0.039886364899145876,-0.052746328606293136,0.09934538193088606,0.09695000446932242,5.33,307.696,4.81,2.0,1.0
2023-10-04,1821.800048828125,1828.199951171875,1816.4000244140625,1818.5,357,22.54389428429839,-23.979437989675944,-12.964881509585695,-11.01455648009025,8.104779641687864,-0.00970386225972541,1883.9797065765486,1908.2419897645009,-1,0.31498147167813656,-0.003343185173494634,-0.028371434215964664,-0.05192637341831563,0.09921897307081907,0.09668521218886483,5.33,307.696,4.73,2.0,1.0
2023-10-05,1826.300048828125,1826.300048828125,1815.5999755859375,1816.5999755859375,393,22.230259998662234,-26.259464757669775,-15.623798159202511,-10.635666598467264,8.851391085122415,0.050826231183615844,1877.5625893393476,1904.6481852869101,-1,0.34144222415291053,-0.0010448305823824722,-0.02354334995341656,-0.052620612471479755,0.09902241064509633,0.09230049696182442,5.33,307.696,4.72,2.0,1.0
2023-10-06,1819.0,1831.800048828125,1809.4000244140625,1830.199951171875,390,29.762548863719374,-26.661659019098124,-17.831370331181635,-8.83028868791649,9.207536095092477,0.17082581008338044,1873.0518618948263,1901.7286466941637,-1,0.334692126153186,0.00748649992772954,-0.009685636410653231,-0.04597585077133559,0.10492408537713958,0.09384524118378763,5.33,307.696,4.78,2.0,1.0
2023-10-09,1842.5,1861.5,1842.5,1849.5,232,38.818633181106286,-25.133326878439902,-19.29176164063329,-5.841565237806613,9.21041001328426,0.3027930289327463,1870.8088274286524,1899.6804644708632,-1,0.19755609486098694,0.01054532255656948,0.010655737704918122,-0.03837157331384233,0.11329635527057662,0.09677886013732252,5.33,307.696,4.78,2.0,1.0
2023-10-10,1857.0,1861.4000244140625,1852.800048828125,1861.0,236,43.4937485063391,-22.73211706022107,-19.979832724550846,-2.7522843356702253,9.177085201306618,0.3829931262033337,1869.8746533878284,1898.1635835112215,-1,0.2020720952136313,0.00621789672884554,0.019949591637133057,-0.026317191201332024,0.11562736168198184,0.09767589639245279,5.33,307.696,4.66,2.0,1.0
2023-10-11,1869.5,1874.5999755859375,1869.0999755859375,1872.800048828125,65,47.893570587956155,-19.65045741509698,-19.913957662660074,0.2635002475630941,9.090058789587268,0.46145486695171306,1870.1532624773804,1897.1689350922766,-1,0.055536568694463426,0.00634070329292058,0.02985980139022537,-0.019014157048884428,0.11878240340130615,0.09478862323213565,5.33,307.696,4.58,2.0,1.0
2023-10-12,1874.699951171875,1881.199951171875,1867.0,1869.300048828125,46,46.73127870458336,-17.291317152790725,-19.389429560686207,2.0981124078954814,8.984640612159989,0.4522748874428283,1870.072004034594,1896.0760375917216,-1,0.039510414429890485,-0.0018688594130430447,0.029010279616011436,-0.021308874959096835,0.11869901587125671,0.0947830153316581,5.33,307.696,4.7,2.0,1.0
2023-10-13,1877.5,1930.0999755859375,1877.5,1927.4000244140625,43,62.848933852647654,-10.611179952928524,-17.63377963913467,7.022599686206146,9.02860879498489,0.7941624137825247,1875.5318154993054,1897.3044292318134,-1,0.03687821612349914,0.03108113950051017,0.05310899127712809,0.001923414948330926,0.16168695453255036,0.11439572381422541,5.33,307.696,4.63,2.0,0.0
2023-10-16,1910.4000244140625,1921.0999755859375,1910.300048828125,1921.0999755859375,53,60.7040684904946,-5.7590970965570705,-15.25884313061915,9.49974603406208,8.901993793898413,0.7638369459264829,1879.8716402694608,1898.2375879123674,-1,0.045388370300590904,-0.003268677362417427,0.038713152520106764,-0.005384428896744731,0.16140256042645992,0.11450185373451659,5.33,307.696,4.71,2.0,0.0
2023-10-17,1914.300048828125,1925.800048828125,1914.300048828125,1922.699951171875,103,61.06745519773232,-1.7643435629543092,-12.559943217086182,10.795599654131873,8.783393956822096,0.7799940495743503,1883.9505270220718,1899.1968962754854,-1,0.08784273591744489,0.0008328434783564376,0.03315419192470448,-0.0048136898696299335,0.16144032837773434,0.1144744076392637,5.33,307.696,4.83,2.0,0.0
2023-10-18,1935.0,1957.9000244140625,1935.0,1955.300048828125,67,67.63480193264105,3.9861331617396445,-9.250727941321017,13.236861103060662,8.963971906005318,0.9651521333877088,1890.7457195750292,1901.3970199050007,-1,0.05726740458993974,0.016955374465152717,0.04405168616458721,0.004985646260232013,0.17075916516046966,0.11972483215460293,5.33,307.696,4.91,2.0,0.0
2023-10-19,1950.0999755859375,1977.699951171875,1945.699951171875,1968.4000244140625,1945,69.8366766868383,9.49107869749514,-5.502366613557786,14.993445311052927,9.733794177879012,0.9859627329853619,1898.141367654937,1904.0245887092776,-1,1.5354253009670416,0.006699726517057414,0.05301448296011335,0.025635720349068247,0.1639084832885478,0.12030879353397762,5.33,307.696,4.98,2.0,0.0
2023-10-20,1981.0999755859375,1988.5999755859375,1980.4000244140625,1982.5,557,72.04143871238864,14.820694150341296,-1.4377544607779695,16.258448611119267,10.64373912298264,0.9998691720804301,1906.1755231163716,1907.1020558187179,-1,0.43026534316944115,0.007163165723966358,0.028587721743278616,0.02965616228415402,0.16511275737394895,0.11853520716953624,5.33,307.696,4.93,1.0,1.0
2023-10-23,1976.199951171875,1978.9000244140625,1972.9000244140625,1976.300048828125,127,69.63130221192071,18.33283899398475,2.516364230174575,15.816474763810177,11.391018838426461,0.9235682889362136,1912.8540493746339,1909.8157026034005,1,0.0980543545398394,-0.0031273398092686033,0.028733576567430585,0.031148948138714383,0.16448850068972845,0.11773391035090612,5.33,307.696,4.86,1.0,1.0
2023-10-24,1970.300048828125,1975.0,1970.300048828125,1975.0,10,69.10920516229226,20.771890586117024,6.1674695013630645,14.604421084753959,12.088608031297502,0.8763109630718502,1918.7727113389544,1912.37194956013,1,0.007766085504601405,-0.0006578195597859438,0.027201357547363747,0.03925488035548641,0.1604597953894328,0.11728004392053602,5.33,307.696,4.83,1.0,1.0
2023-10-25,1971.199951171875,1985.300048828125,1971.199951171875,1984.0999755859375,97,70.761786345784,23.172035719730047,9.56838274503646,13.603652974693587,12.779089465027472,0.8692732854054345,1924.9943555529528,1915.184813325848,1,0.14265754834914332,0.004607582575158142,0.014729159739485187,0.06010899843316131,0.14716772846255188,0.11321918695722462,5.33,307.696,4.95,1.0,1.0
2023-10-26,1988.199951171875,1988.199951171875,1980.4000244140625,1987.199951171875,521,71.32457624548788,25.035714025345214,12.661849001098213,12.373865024247001,13.295864618360614,0.8409182876542284,1930.9186979928502,1918.0089363786333,1,1.1007817451933235,0.0015624089632992888,0.00955086696029106,0.06815734524500905,0.14348996560039964,0.11316179415293472,5.33,307.696,4.86,1.0,1.0
2023-10-27,1988.5999755859375,1988.5999755859375,1988.5999755859375,1988.5999755859375,372,71.59053878775927,26.322236422885226,15.393926485455616,10.92830993742961,13.564894607954662,0.8111939520551152,1936.4121530017158,1920.7772124259786,1,0.903680310943763,0.0007045211596532486,0.0030769107621375635,0.07602402567829403,0.1390501232391569,0.11296431074258517,5.33,307.696,4.84,1.0,1.0
2023-10-30,2004.0999755859375,2004.0999755859375,1992.5,1996.199951171875,157,73.05171640730688,27.636492918720478,17.842439772108587,9.79405314661189,13.52990860268721,0.8079073042654938,1942.1062290179214,1923.734966886602,1,0.5163624403880941,0.0038217719396773653,0.010069271796835588,0.09081964544911192,0.12958506912572876,0.11295001461065526,5.33,307.696,4.88,1.0,1.0
2023-10-31,1996.5,2001.0,1983.699951171875,1985.199951171875,84,67.62991013140032,27.4737423907427,19.768700295835412,7.705042094907288,13.06877197304238,0.7417742138618171,1946.2103930325836,1926.145358427201,1,0.28693424423569597,-0.0055104700275854235,0.005164532238923991,0.08801927969683532,0.13180826317611632,0.11338019476026798,5.33,307.696,4.88,1.0,1.0
2023-11-01,1990.5,1990.5,1977.800048828125,1978.800048828125,41,64.62468272518032,26.522606691649116,21.119481574998154,5.403125116650962,12.204252927104077,0.6967045370623959,1949.3141697750161,1928.2102482468451,1,0.14804116266474093,-0.0032238074255301896,-0.0026711994471182443,0.0881496006753506,0.1317177241528014,0.11310077694682046,5.33,308.148,4.77,1.0,2.0
2023-11-02,1989.0999755859375,1990.300048828125,1979.5,1985.5999755859375,39,66.33633483616381,26.017607276268564,22.099106715252237,3.9185005610163266,11.051777175239387,0.7085784507380181,1952.7699608046278,1930.4608257895547,1,0.15043394406943106,0.003436389018607322,-0.0008051407131899335,0.09303093816539865,0.13029337445858186,0.11277428888462103,5.33,308.148,4.67,1.0,2.0
2023-11-03,1989.0,1991.5,1989.0,1991.5,12,67.79248650088323,25.79611273284695,22.83850791877118,2.9576048140757685,9.8996176920423,0.7206688882011036,1956.4585359660919,1932.8545188958467,1,0.0499271895152902,0.002971406369161267,0.0014583246754833468,0.08813247357199683,0.12989160102630448,0.11285267974667974,5.33,308.148,4.57,1.0,2.0
2023-11-06,1981.5999755859375,1981.5999755859375,1977.4000244140625,1981.5999755859375,130,62.8776544106156,24.53885878992378,23.178578093001704,1.360280696922075,8.778932821295063,0.6518568673069676,1958.8529587870296,1934.766105432713,1,0.5526036131774708,-0.004971139550119297,-0.007313884351798805,0.07142469618055558,0.131591649770159,0.11340870096984654,5.33,308.148,4.67,1.0,2.0
2023-11-07,1966.5,1966.800048828125,1960.699951171875,1966.800048828125,20,56.30579586046401,22.09356471960382,22.961575418322127,-0.868010698718308,7.560484547658293,0.5403382713484878,1959.6098245052292,1936.0223385070428,1,0.08910670527957229,-0.007468675282677251,-0.009268538583676933,0.05685118153042712,0.13667812050211373,0.11456085930946946,5.33,308.148,4.58,2.0,2.0
2023-11-08,1967.800048828125,1967.800048828125,1947.699951171875,1951.5,43,50.43687831605161,18.70544080107402,22.110348494872508,-3.4049076937984886,6.3572390667995125,0.3938786548920939,1958.8374602666358,1936.6293056244137,1,0.19252294604880232,-0.007779158251110085,-0.013796264480735454,0.042022612729597286,0.14093902351493098,0.11541832258158435,5.33,308.148,4.49,2.0,2.0
2023-11-09,1951.699951171875,1964.199951171875,1945.300048828125,1964.199951171875,10,54.661305556537506,16.85086186093872,21.058451168085753,-4.207589307147032,4.527673817421199,0.4405641805354287,1959.3481736861825,1937.7105074105887,1,0.045136538027533285,0.00650778948084807,-0.010777611138793164,0.050767613472884277,0.14097121291750797,0.11580160101249055,5.33,308.148,4.62,2.0,2.0
2023-11-10,1959.5999755859375,1959.5999755859375,1932.5999755859375,1932.5999755859375,375,44.49830346481744,12.685015785761607,19.383764091620925,-6.6987483058593185,4.432225066414965,0.07436162826524133,1956.800726248064,1937.5100943978573,1,1.5746378332983413,-0.016087962718400628,-0.02957570897015438,0.0026979096741766018,0.11206114472644002,0.12001677249190465,5.33,308.148,4.61,2.0,1.0
2023-11-13,1939.9000244140625,1947.199951171875,1934.0,1945.5,191,48.69216575757112,10.305679460339888,17.568147165364717,-7.262467705024829,3.9868465621314915,0.17574434319562082,1955.7244666053912,1937.8234240293139,1,0.7794327688226892,0.006674958386125196,-0.01821758984189692,0.012701069556060096,0.11358577093552512,0.12068884881075084,5.33,308.148,4.63,2.0,1.0
2023-11-14,1965.800048828125,1965.800048828125,1961.800048828125,1961.800048828125,2,53.47591897694827,9.624372223460114,15.979392176983797,-6.3550199535236835,3.3299918484451068,0.3305146070624817,1956.3030934837468,1938.7636838253457,1,0.008333333333333333,0.008378334015998412,-0.002542200465664557,0.020336037160878284,0.11684468416755621,0.12157156447374906,5.33,308.148,4.44,2.0,1.0
2023-11-15,1962.800048828125,1962.800048828125,1960.0,1960.0999755859375,6,52.921698877683184,8.845286668425842,14.552571075272207,-5.707284406846364,3.2837885005843184,0.2982091242843233,1956.664701303003,1939.6004011492905,1,0.025321797847647185,-0.0008665884391241274,0.004406854002530158,0.0024548287413428405,0.10088679117822555,0.12158800536394525,5.33,308.148,4.53,2.0,1.0
2023-11-16,1965.300048828125,1983.9000244140625,1964.5999755859375,1983.9000244140625,39,59.28361738158021,10.032670408822923,13.64859094198235,-3.615920533159427,3.307490039999967,0.6524016683337981,1959.2585415992944,1941.337641277321,1,0.27532650900105893,0.012142262703212614,0.010029566099130749,0.007874415671486279,0.10715375739747585,0.12177907379714506,5.33,308.148,4.45,2.0,1.0
2023-11-17,1982.5,1984.0,1979.800048828125,1981.5999755859375,32,58.461411634608474,10.665144710208779,13.051901695627636,-2.3867569854188577,3.303024240437296,0.6180238162311502,1961.38629721707,1942.916556348247,1,0.2772963604852686,-0.0011593572255760298,0.02535444510969942,-0.00045398457203660314,0.10423404095141532,0.12182160720056964,5.33,308.148,4.44,1.0,2.0
2023-11-20,1978.699951171875,1979.4000244140625,1969.699951171875,1977.699951171875,182,57.017408162961374,10.728019839685885,12.587125324439286,-1.8591054847534014,3.3055687991676352,0.5570865978458884,1962.9399785460992,1944.280611047213,1,1.5404147270418957,-0.0019681189251676834,0.016550990065214544,0.0007083450433451599,0.10385514752246008,0.12161449564166152,5.33,308.148,4.42,2.0,2.0
2023-11-21,1990.699951171875,2005.5,1988.5,1999.300048828125,16,62.536641111672814,12.378109057983465,12.545322071148123,-0.1672130131646572,3.4879497971603404,0.8499606096193238,1966.4028423824825,1946.4382360582292,1,0.13507809202195017,0.01092182747107362,0.019115097903275258,0.01230382219145576,0.11066307396007877,0.12329122509542743,5.33,308.148,4.41,1.0,1.0
2023-11-22,1999.0999755859375,1999.4000244140625,1991.0,1991.4000244140625,6075,59.52605780799551,12.899651551448414,12.616187967208182,0.28346358424023244,3.5400175271674454,0.726568003494077,1968.7835263854902,1948.2014434447326,1,14.556127950161734,-0.003951395098846233,0.015968598141923085,0.0036792746927831743,0.11074369111253617,0.1222177629434264,5.33,308.148,4.42,1.0,1.0
2023-11-24,1991.9000244140625,2002.199951171875,1991.5,2002.199951171875,63,62.20479359124332,14.022795507903766,12.897509475347299,1.1252860325564669,3.698050705361421,0.8543140627453825,1971.9660430318124,1950.319031983052,1,0.15971606033717836,0.005423283431459369,0.009224218223001124,0.0075483093642159105,0.11221083891359791,0.12242322059101568,5.33,308.148,4.47,1.0,1.0
2023-11-27,2011.699951171875,2011.800048828125,2011.699951171875,2011.800048828125,228,64.45670637047974,15.508767417785748,13.41976106383499,2.089006353950758,3.984065004935987,0.9358153224270243,1975.7597578695566,1952.730052251486,1,0.5887669464170433,0.004794774693022585,0.015240247080270386,0.011666536018814844,0.11329800816826717,0.12249657409336163,5.33,308.148,4.39,1.0,1.0
2023-11-28,2040.5999755859375,2042.699951171875,2039.699951171875,2039.699951171875,174665,70.04301213659929,18.72188556927108,14.480185964922208,4.241699604348872,4.778577559806937,1.134892420368449,1981.849300088825,1956.140636522874,1,19.167311374847053,0.013868128872947194,0.0313495482281132,0.0217914041999967,0.12223091928349303,0.12542755533112376,5.33,308.148,4.34,1.0,1.0
2023-11-29,2041.699951171875,2052.10009765625,2036.0,2047.0999755859375,15290,71.33010048079448,21.616246346978187,15.907398041333405,5.708848305644782,5.618869639429634,1.0777447351017277,1988.063650136169,1959.707669427308,1,1.548675927660932,0.00362799656381374,0.02390833071095555,0.031180750522143974,0.11996812226268937,0.12446836533287178,5.33,308.148,4.27,1.0,2.0
2023-11-30,2046.0999755859375,2047.0999755859375,2033.0999755859375,2038.0999755859375,2506,67.52995092863114,22.919620217295915,17.30984247652591,5.6097777407700065,6.108069565743493,0.9320296229622205,1992.8290144647183,1962.7818775119601,1,0.2506952642003961,-0.004396463341964529,0.023450813799008374,0.02996761941305337,0.12065891649514336,0.12450345580164095,5.33,308.148,4.37,1.0,2.0
2023-12-01,2038.300048828125,2073.199951171875,2036.0,2071.0,614,73.15932041038813,26.304093200378247,19.108692621296377,7.19540057908187,7.149203737160096,1.0695628614441095,2000.2738702299832,1967.0257254526678,1,0.06124718826527813,0.016142497820600843,0.034362226803500207,0.0430096824456605,0.13117103978912373,0.12820275375942686,5.33,308.741,4.22,0.0,1.0
2023-12-04,2075.300048828125,2130.199951171875,2021.0,2024.0999755859375,1071,57.78059476399197,24.914671587707062,20.269888414578517,4.644783173128545,7.298287124985137,0.7235939534259344,2002.5430231210264,1969.263931340247,1,0.10627214002917275,-0.022646076491580125,0.006113891271141592,0.016369558416237773,0.15827022646529285,0.1374536721916858,5.33,308.741,4.28,1.0,1.0
2023-12-05,2035.0999755859375,2037.0,2010.199951171875,2018.5,289,56.25988179320406,23.095443820636774,20.834999495790168,2.260444324846606,7.367823366161794,0.6705890023393214,2004.0627352047381,1971.194757562198,1,0.028654005363950484,-0.0027666496978818733,-0.010393661655821007,0.018621328657995928,0.1573879319791699,0.1376122086849159,5.33,308.741,4.18,1.0,1.0
2023-12-06,2019.9000244140625,2035.800048828125,2019.0,2030.5,417,58.764362830216875,22.36419193679967,21.14083798399207,1.2233539528075994,7.418581560408619,0.7286634881724511,2006.580569947144,1973.5204533440726,1,0.04126384119853152,0.005945008669804297,-0.008109020460119964,0.03238760910639038,0.15505983237977275,0.13720596706888766,5.33,308.741,4.12,1.0,1.0
2023-12-07,2029.199951171875,2034.9000244140625,2024.0,2029.9000244140625,67,58.58374859826753,21.48854990771497,21.21038036873665,0.2781695389783181,7.235118920241998,0.7027745631491988,2008.8014703725648,1975.731416915445,1,0.006629134551642937,-0.0002954816970881513,-0.00402333117614484,0.04017423746557136,0.15126366607481537,0.13715960569456692,5.33,308.741,4.14,1.0,1.0
2023-12-08,2031.699951171875,2033.0999755859375,1995.0,1998.300048828125,449,49.88689323196136,18.036826050064292,20.57566950500218,-2.5388434549378864,7.036704639767587,0.47192936202496893,2007.8013349873802,1976.6164613041776,1,0.04432882311417387,-0.015567257109156851,-0.03510379100525107,0.017360807709981607,0.1625421545031407,0.14137117912235325,5.33,308.741,4.23,1.0,1.0
2023-12-11,2004.0999755859375,2004.199951171875,1977.199951171875,1978.0,651,45.24058205137191,13.507559006640804,19.162047405329904,-5.6544883986891,6.380388923913605,0.2926057253281929,2004.9631126076297,1976.6707177236217,1,0.06418440939991028,-0.010158659026220707,-0.022775542780485658,0.023491682183374607,0.1554116162718601,0.1424891850393551,5.33,308.741,4.23,1.0,1.0
2023-12-12,1984.199951171875,1994.199951171875,1977.800048828125,1977.800048828125,95,45.1959308935562,9.789105144018095,17.287458953067542,-7.498353809049448,5.918999416651245,0.2613345245012055,2002.3761541524389,1976.715005217916,1,0.009370823202158249,-0.00010108754897619754,-0.020163463548117377,0.01660244092938834,0.15408969840681258,0.14229717703004277,5.33,308.741,4.2,1.0,1.0
2023-12-13,1978.5,2024.800048828125,1975.0,1982.300048828125,2252,46.4762675377992,7.1232041958776335,15.254608001629562,-8.131403805751928,5.672882958790424,0.2816260880750184,2000.4641441215517,1976.9340265359635,1,0.2196998151282639,0.0022752552780380686,-0.023737971520253587,0.010449586853790604,0.15164760048712894,0.1423487996701781,5.33,308.741,4.04,1.0,1.0
2023-12-14,2024.699951171875,2040.0999755859375,2024.300048828125,2030.199951171875,236,57.782351524017635,8.774434076512762,13.958573216606203,-5.184139140093441,5.315068002463722,0.6827475261220209,2003.296125745392,1979.0228863256073,1,0.022997802540477594,0.02416380021383091,0.00014775444810344318,0.03576346944496156,0.1726296779472066,0.14968639493586366,5.33,308.741,3.92,1.0,0.0
2023-12-15,2032.5999755859375,2043.4000244140625,2018.300048828125,2021.0999755859375,261,55.38861363745588,9.242215171846965,13.015301607654356,-3.7730864358073912,5.182710156310207,0.5821637707831454,2004.9917304921105,1980.672968257385,1,0.025406528796499545,-0.00448230509545855,0.01140966131246568,0.018750920265179216,0.1694894363296323,0.1470831251685873,5.33,308.741,3.91,1.0,0.0
2023-12-18,2024.300048828125,2032.800048828125,2024.0,2026.300048828125,100,56.49765555509131,9.91820660008284,12.395882606140054,-2.477676006057214,5.009224592823263,0.6142942659949113,2007.0210941431594,1982.462265534669,1,0.009731081561060104,0.002572892635199775,0.024418629336766973,0.022557566508331295,0.16939679762231333,0.14704425956393344,5.33,308.741,3.95,1.0,0.0
2023-12-19,2025.199951171875,2042.699951171875,2025.199951171875,2038.4000244140625,498,59.048764287754324,11.300041736182038,12.17671443214845,-0.8766726959664126,4.801370338038163,0.7126298741970065,2010.0095636927692,1984.6559031377826,1,0.04838639157027443,0.005971462909915681,0.03064009206686169,0.030692256025096176,0.16981714667760656,0.14696690587663888,5.33,308.741,3.93,1.0,0.0
2023-12-20,2037.0999755859375,2037.0999755859375,2030.300048828125,2034.5,258,57.870770270942884,11.94278763899888,12.129929073518538,-0.18714143451965803,4.7714991723757745,0.6550382569397207,2012.3419861982197,1986.6105736029676,1,0.02503821238809229,-0.0019132772602784565,0.0263330221894178,0.01760613730415672,0.166509931028566,0.14576162555622632,5.33,308.741,3.86,1.0,0.0
2023-12-21,2035.800048828125,2044.5,2033.0,2039.0999755859375,228,58.911938266733586,12.677212964141063,12.239385851643044,0.4378271124980184,4.656856778756019,0.6821913919041351,2014.8903661399072,1988.6689815238685,1,0.022772900248704042,0.002260985788123726,0.004383816682157482,0.023952973077777218,0.16557697932441717,0.14170452594840366,5.33,308.741,3.89,1.0,0.0
2023-12-22,2055.699951171875,2068.699951171875,2052.199951171875,2057.10009765625,202,62.78746837313035,14.544054931452365,12.700319667604909,1.8437352638474565,4.794211894751492,0.833890805864102,2018.910340570035,1991.3525547055306,1,0.020161994640103403,0.008827483833959704,0.017812143142436954,0.027419912008409764,0.1671482128066942,0.1416338319683937,5.33,308.741,3.9,1.0,0.0
2023-12-26,2060.0,2060.800048828125,2054.199951171875,2058.199951171875,64,63.017010055418126,15.928673791060191,13.345990492295966,2.582683298764225,4.9583427863371154,0.8103288872708272,2022.6522082464007,1993.9740212336226,1,0.0063931912513173475,0.0005346621279529451,0.015742931241697677,0.023063873753645714,0.16667128684167062,0.14059584725966734,5.33,308.741,3.89,1.0,0.0
2023-12-27,2067.300048828125,2081.89990234375,2064.800048828125,2081.89990234375,586,67.64797133180355,18.72256018433768,14.42130443070431,4.30125575363337,5.468294864681014,0.9756734543957164,2028.2948457794816,1997.4220950026472,1,0.4484579475013392,0.01151489249544535,0.021340206735030565,0.02068929361283245,0.16452558270555684,0.13983801429970427,5.33,308.741,3.79,1.0,0.0
2023-12-28,2081.60009765625,2087.300048828125,2066.5,2073.89990234375,338,64.70274253225405,20.059963367853243,15.549036218134097,4.510927149719146,5.749509405050546,0.8721033998611148,2032.6381844998882,2000.4212247022983,1,0.6045430155607225,-0.003842643919140354,0.019365889576677286,0.013091655062006158,0.16509764336855542,0.13998947753053986,5.33,308.741,3.84,1.0,0.0
2023-12-29,2068.0,2068.89990234375,2062.10009765625,2062.39990234375,47,60.61717414403376,19.961803886358666,16.43158975177901,3.530214134579655,5.901201179360989,0.7562689217753232,2035.4726338183511,2002.8517610803945,1,0.10776109136764875,-0.005545108511265995,0.011426573996754286,0.011922833545408684,0.16561660597393152,0.14043218567926108,5.33,308.741,3.88,0.0,0.0
2024-01-02,2063.5,2073.699951171875,2057.10009765625,2064.39990234375,61,61.07748113588188,19.8169575246593,17.10866330635507,2.708294218304232,5.823170985539611,0.7794427156695528,2038.227611773151,2005.2654136789574,1,0.14932680538555693,0.0009697440335054708,0.003548589928033641,-0.0031869134023418955,0.15532734019912142,0.14030023104566486,5.33,309.698,3.95,0.0,0.0
2024-01-03,2034.199951171875,2044.0,2034.199951171875,2034.199951171875,54,51.322820959626505,17.068526720162254,17.10063598911651,-0.03210926895425459,5.813489706539564,0.5198944778845025,2037.84402504922,2006.4001014237779,1,0.15098560044736475,-0.01462892491788459,-0.011660674652302472,0.004989860040393479,0.14155614124599278,0.14402489644280234,5.33,309.698,3.91,1.0,0.0
2024-01-04,2041.5999755859375,2044.5,2038.0,2042.300048828125,88,53.469359801601165,15.366846253659787,16.753878042025164,-1.3870317883653769,5.7938506125146745,0.5786141132621831,2038.2684082662586,2007.8079424984583,1,0.2531645569620253,0.003981957452896312,-0.019021017038832855,0.011790958052080747,0.14167255669170914,0.1429532438030561,5.33,309.698,3.99,1.0,0.0
2024-01-05,2044.5,2048.10009765625,2042.4000244140625,2042.4000244140625,12,53.496617317944626,13.866475322330416,16.176397498086214,-2.3099221757557977,5.804512102878189,0.5742531404795443,2038.6618955184304,2009.1644947304428,1,0.03665801130288682,4.895244750890981e-05,-0.015188716627108634,0.005860637485379128,0.1402627239535545,0.1426732489100746,5.33,309.698,4.05,1.0,0.0
2024-01-08,2019.0999755859375,2033.699951171875,2019.0999755859375,2026.5999755859375,10,48.64654302637328,11.272545765087443,15.19562715148646,-3.9230813863990175,5.810812122744159,0.4418589347251051,2037.5131412391454,2009.8482390777172,1,0.030816640986132512,-0.007736020681187505,-0.01735838268665979,-0.0016257198819816798,0.1431547905012258,0.14357938003622892,5.33,309.698,4.01,1.0,0.0
2024-01-09,2035.800048828125,2035.800048828125,2026.4000244140625,2026.4000244140625,27,48.586510311404716,9.095852192110897,13.97567215961135,-4.8798199675004525,5.599057148206582,0.42561502927486294,2036.454749160566,2010.4973286987504,1,0.0889914304548451,-9.866336439545709e-05,-0.018407227149422778,0.01406194009874362,0.1307704870603616,0.14345731060298655,5.33,309.698,4.02,1.0,0.0
2024-01-10,2029.0,2035.5999755859375,2021.699951171875,2021.699951171875,538,47.114680461324326,6.911874436788366,12.562912615046754,-5.651038178258387,5.019613204787091,0.34978333663597483,2035.0495303045002,2010.9366472271083,1,1.8068849706129304,-0.0023194202455394386,-0.0061449219840944425,0.022092998570209854,0.12490916477161484,0.1300105291051459,5.33,309.698,4.04,1.0,0.0
2024-01-11,2025.0999755859375,2025.0999755859375,2014.300048828125,2014.300048828125,97,44.81296505139054,4.531707353922684,10.95667156282194,-6.424964208899256,4.388848542820291,0.22525754802943995,2033.073389211512,2011.068545329109,1,0.3256672821890213,-0.003660237682382439,-0.013710032478364997,0.018454848366308285,0.12599772060557904,0.1300655506753863,5.33,309.698,3.98,1.0,0.0
2024-01-12,2031.0999755859375,2057.0,2031.0999755859375,2046.699951171875,390,55.14544021873461,5.19986828959577,9.805310908176708,-4.605442618580938,3.574672673699015,0.5629460383215199,2034.3711570172609,2012.4658553621587,1,1.9047619047619047,0.016084943433625654,0.0021053303497908793,0.032487464439009184,0.13685015255621838,0.13372860827828412,5.33,309.698,3.96,1.0,0.0
2024-01-16,2051.699951171875,2054.800048828125,2026.0,2026.0,46,48.85236137113746,4.012820287713339,8.646812784084034,-4.633992496370695,3.606237155994226,0.2841398971997502,2033.573903967998,2012.9966061322702,1,0.235595390524968,-0.01011381817839141,-0.0002960503272304571,-0.002068737697215828,0.11494497484981152,0.1315505292967967,5.33,309.698,4.07,1.0,0.0
2024-01-17,2026.5,2026.5,2002.5999755859375,2002.5999755859375,764,42.893338071126735,1.170398164458902,7.151529860159008,-5.981131695700106,3.888294947973513,0.016500461866431095,2030.6240060268492,2012.5888951304532,1,3.4664246823956444,-0.011549863975351626,-0.01174499039744481,-0.00915343141035696,0.12116680964302715,0.13326746042056434,5.33,309.698,4.1,1.0,0.0
2024-01-18,2012.800048828125,2018.5999755859375,2009.5,2018.5999755859375,1474,47.599961815977615,0.20644467000647637,5.762512822128502,-5.556068152122026,3.958131334901252,0.2278040516870681,2029.4788602705719,2012.8246237757664,1,5.0985818056035965,0.007989613599849621,-0.001533350972354075,-0.0038000656648262687,0.12441948887237174,0.13345801467301724,5.33,309.698,4.14,2.0,0.0
2024-01-19,2023.199951171875,2036.0,2019.5,2026.5,50,49.799948263121976,0.07905918265419132,4.62582209423364,-4.546762911579449,4.004313322401007,0.3348589063476851,2029.1951592924222,2013.3609130394618,1,0.18747656542932134,0.003913615629451028,0.006056670245812024,-0.005837923995062333,0.12328546453305256,0.1334641995146591,5.33,309.698,4.15,2.0,0.0
2024-01-22,2021.300048828125,2021.300048828125,2019.800048828125,2019.800048828125,12,47.960857232045186,-0.5561142605511122,3.5894348232766897,-4.145549083827802,4.092859738530628,0.26690588130494564,2028.300386867251,2013.613428168429,1,0.04716981132075471,-0.0033061688486922813,-0.013143061017980684,-0.0072253384968665735,0.12362839450828343,0.13366622836271036,5.33,309.698,4.11,2.0,0.0
2024-01-23,2030.300048828125,2030.300048828125,2022.5,2023.699951171875,15,49.1382792735478,-0.7363164662897361,2.724284565363405,-3.460601031653141,4.148144340317435,0.32515195608930986,2027.8622501343582,2014.0089780901328,1,0.06153846153846154,0.0019308358498222322,-0.0011352659566263856,-0.00755236359101874,0.1235412548490155,0.1334177890206101,5.33,309.698,4.14,2.0,0.0
2024-01-24,2023.199951171875,2033.199951171875,2013.9000244140625,2013.9000244140625,253,46.303190109361736,-1.650869998858525,1.849253652519019,-3.500123651377544,4.190603330746514,0.23721058730024408,2026.5325143514729,2014.0047053969536,1,1.027202598457166,-0.004842578936733011,0.005642688987259614,-0.021000472116746938,0.11954034275726033,0.13381205424104078,5.33,309.698,4.18,2.0,0.0
2024-01-25,2012.0999755859375,2022.4000244140625,2012.0999755859375,2016.9000244140625,548,47.30548450440752,-2.109270971682008,1.0575487276788138,-3.166819699360822,4.151667528079208,0.29444901203921087,2025.6151343574338,2014.1182473191932,1,2.0258780036968576,0.0014896469356133757,-0.0008421436601778742,-0.020066042045282173,0.11975702015402337,0.1338337669652014,5.33,309.698,4.14,2.0,0.0
2024-01-26,2021.699951171875,2022.4000244140625,2016.800048828125,2016.800048828125,49,47.273816196007715,-2.4523550173969397,0.3555679786636631,-2.807922996060603,3.6152879093733534,0.3065425512150468,2024.7756024022615,2014.223416005818,1,0.20110814693207468,-4.9568934864074876e-05,-0.004786553748766353,-0.031269444531092594,0.11048256629368483,0.1336265377050506,5.33,309.698,4.15,2.0,0.0
2024-01-29,2025.199951171875,2025.199951171875,2025.199951171875,2025.199951171875,150708,50.285186396548106,-2.023128313342795,-0.12017127973762856,-1.9029570336051664,3.0593558118989534,0.4456981292435092,2024.8160165707961,2014.6538683652714,1,19.41575465560444,0.004164965361157513,0.002673483618778505,-0.023482305542730564,0.11195428511858398,0.13333640401114888,5.33,309.698,4.08,2.0,0.0
2024-01-30,2032.5,2048.5,2028.0999755859375,2031.5,26907,52.477445819461224,-1.1612159940957554,-0.3283802226092539,-0.8328357714865015,2.6588334954006685,0.5830315962196456,2025.4525864211964,2015.314500978398,1,2.9551407719806924,0.003110828056498649,0.003854350455267941,-0.014982497966875785,0.11169132785684852,0.13324570794916774,5.33,309.698,4.06,2.0,0.0
2024-01-31,2035.4000244140625,2055.0,2030.0,2048.39990234375,2007,57.84723417550793,0.8754450241215181,-0.0876151732630995,0.9630601973846177,2.284380224161059,0.9790775009667539,2027.6380450804872,2016.611967698608,1,0.21809409450744094,0.008318928055008667,0.017130879145664135,-0.007750436328656574,0.1161196055380278,0.13408004239694193,5.33,309.698,3.99,2.0,0.0
2024-02-01,2040.199951171875,2064.5,2029.0,2053.0,947,59.198681526878005,2.8281023867662043,0.49552833874276125,2.332574048023443,2.539875928597201,1.0017725820360872,2030.0534693585362,2018.0389493574862,1,0.10241048544949227,0.002245702926946258,0.017898743194484812,0.009241986667679614,0.10321845182909829,0.1340317937226825,5.33,310.967,3.87,2.0,0.0
2024-02-02,2054.800048828125,2055.89990234375,2027.699951171875,2036.0999755859375,888,52.534829475804635,2.977582961086682,0.9919392632115455,1.9856436978751368,2.4816497040381114,0.6837989198243777,2030.629327094479,2018.747224895857,1,0.09561650030687728,-0.008231867712646168,0.00956957868432573,-0.003035828768522597,0.1067744867744912,0.1347728539882708,5.33,310.967,4.03,2.0,0.0
2024-02-05,2038.9000244140625,2040.800048828125,2013.800048828125,2025.699951171875,412,48.887751212718456,2.2311332246197253,1.2397780554931814,0.9913551691265439,2.3807821132534044,0.49336504539053455,2030.1598627208978,2019.0198808282498,1,0.044267279818633085,-0.005107816187203462,0.0002468892020812685,-0.008176690678888154,0.1082127329028727,0.13426133510607527,5.33,310.967,4.17,2.0,0.0
2024-02-06,2025.9000244140625,2037.300048828125,2025.9000244140625,2034.5,249,51.928765349990094,2.3228801099774046,1.456398466390026,0.8664816435873786,2.408168457215692,0.6656781726151688,2030.5732091284312,2019.6269443251813,1,0.026719461747710338,0.004344201530455782,0.0014767413241447702,0.00389816663832665,0.10580146205810284,0.13335796980836848,5.33,310.967,4.09,2.0,0.0
2024-02-07,2032.800048828125,2039.5,2032.699951171875,2035.199951171875,71,52.172511839388235,2.4241265653790833,1.6499440861878376,0.7741824791912457,2.4371100258707843,0.6689377417911797,2031.0138512278068,2020.237650476032,1,0.007617004157167762,0.0003440408807446893,-0.006444030365736597,0.0043426404716695455,0.10579685966648497,0.13281142305102014,5.33,310.967,4.09,2.0,0.0
2024-02-08,2028.0,2036.699951171875,2020.300048828125,2032.199951171875,341,50.979386979417264,2.2365090980681543,1.7672570885639012,0.46925200950425316,2.435073271020662,0.5976330057824316,2031.1268131272418,2020.7067603072417,1,0.036621775458040684,-0.0014740566391389098,-0.010131538640099857,0.00519364903477082,0.10556976628489907,0.12819760920860426,5.33,310.967,4.15,2.0,1.0
2024-02-09,2032.0,2032.0,2020.0,2023.300048828125,62,47.508323743712964,1.3540643529750014,1.6846185414461214,-0.33055418847112006,2.3703614481110775,0.40575764773682405,2030.3814070035164,2020.808457896296,1,0.006659756274403442,-0.00437944225843423,-0.006286492270169086,0.004468053309751863,0.10595634437360485,0.1280554059388209,5.33,310.967,4.17,2.0,1.0
2024-02-12,2025.5,2025.5,2011.5999755859375,2018.199951171875,317,45.59256897708409,0.24041393506172426,1.395777620169242,-1.1553636851075177,2.2437372047203024,0.3195394717328739,2029.221268352884,2020.7061635149462,1,0.034064044702342575,-0.0025206828118271574,-0.003702423942727129,-0.013924854976266499,0.08841316944507939,0.12720190632990225,5.33,310.967,4.17,2.0,1.0
2024-02-13,2025.0999755859375,2025.800048828125,1990.0,1992.9000244140625,198,37.51163349646322,-2.65307173412657,0.5860077493100796,-3.2390794834366496,2.6694537121398585,-0.08927109375330049,2025.7621022634723,2019.6157266874607,1,0.021259233808623948,-0.012535887112236854,-0.020447272345017198,-0.016337599005892156,0.09223629195290228,0.12997853644526383,5.33,310.967,4.31,2.0,0.0
2024-02-14,1990.300048828125,1993.5,1984.800048828125,1990.300048828125,1916,36.789974953700415,-5.0972187099002895,-0.5506375425319943,-4.546581167368295,2.9111661867357452,-0.07419442762771032,2022.3847638410582,2018.4660922616044,1,0.20445620624893288,-0.0013046191751149294,-0.02206166638216378,-0.00614197888133583,0.083035892522453,0.12766521672715944,5.33,310.967,4.27,2.0,0.0
2024-02-15,1993.5999755859375,2007.199951171875,1993.5999755859375,2002.0999755859375,286,42.22270026115402,-6.012756015539708,-1.6430612371335371,-4.369694778406171,3.0568232435506473,0.15706781996761926,2020.4528792453325,2017.8242837645196,1,0.03071371807813742,0.005928717514105619,-0.014811522640073016,-0.008173982066561059,0.08061625366949436,0.12819946776397176,5.33,310.967,4.24,2.0,0.0
2024-02-16,2005.0,2011.5,1996.5,2011.5,32,46.190290259544874,-5.911676389884178,-2.4967842676836653,-3.414892122200513,3.095474350492708,0.323344904234753,2019.6002240791104,2017.5762726364992,1,0.0034368321000118143,0.00469508242779515,-0.005832080533462847,-0.007401924500370138,0.08121392356326831,0.12844974571474735,5.33,310.967,4.3,2.0,0.0
2024-02-20,2015.5999755859375,2029.0,2015.5999755859375,2027.5,1326,52.2063904666795,-4.48876014311827,-2.8951794427705866,-1.5935807003476836,3.0992474815479736,0.5726522550498039,2020.3525836906238,2017.96543841546,1,0.14141586502570228,0.007954262987819982,0.004608090899380413,0.003812234372576828,0.08549727902217234,0.12755365687816145,5.33,310.967,4.27,2.0,1.0
2024-02-21,2028.199951171875,2028.199951171875,2022.300048828125,2022.300048828125,15,50.24044330511568,-3.737596679811759,-3.063662890178821,-0.6739337896329376,3.0992752392972767,0.49082941246419687,2020.538056560862,2018.1354231375255,1,0.0015997269799287587,-0.0025647108122688334,0.014752382986550794,-0.0006917539049894339,0.0857740215875202,0.12739010003485132,5.33,310.967,4.32,2.0,1.0
2024-02-22,2033.199951171875,2033.199951171875,2019.699951171875,2019.699951171875,964,49.24191994549416,-3.3138998001720665,-3.1137102721774705,-0.200189527994596,3.0759936330485136,0.44432100322436724,2020.4582370000062,2018.1967771780883,1,0.10242080714820738,-0.0012857130957182328,0.014771593037472108,0.0028799477071856927,0.08403229921945204,0.1269718360728335,5.33,310.967,4.33,2.0,1.0
2024-02-23,2026.0,2038.5999755859375,2014.9000244140625,2038.5999755859375,22,56.07578180201863,-1.436484060299108,-2.778265029801798,1.34178096950269,3.1295573123099794,0.7265189172250458,2022.1860216272378,2018.996902605847,1,0.0023439539306509267,0.009357837733815932,0.01823085782183176,0.010759061385890556,0.0900679934185217,0.12801406320237807,5.33,310.967,4.26,2.0,1.0
2024-02-26,2034.0999755859375,2035.4000244140625,2024.800048828125,2028.5,143,52.04333393551186,-0.7549001620086528,-2.373592056243169,1.6186918942345163,3.114813464185587,0.5581104228211805,2022.787352900834,2019.3695730918923,1,0.0152280750328788,-0.004954368540613041,0.008451404424558717,0.00580124498641954,0.09215825340681127,0.12527195637598187,5.33,310.967,4.28,2.0,1.0
2024-02-27,2035.9000244140625,2035.9000244140625,2034.0,2034.0,964,53.98390792657266,0.22645360630463074,-1.8535829237336092,2.0800365300382397,3.139086490259023,0.6372393846815018,2023.8552240531355,2019.943315323583,1,0.5064754249087136,0.002711363076164597,0.003205918618989001,0.004345274066905214,0.0914930906691401,0.12517022959483465,5.33,310.967,4.31,2.0,1.0
2024-02-28,2029.5,2037.0,2024.800048828125,2033.0,581,53.559542421326455,0.9129677711503064,-1.300272784756826,2.2132405559071326,3.1454290364584607,0.6200831729940446,2024.7261550956941,2020.4553421736387,1,0.9896942338812709,-0.000491642084562427,0.005290981018407859,0.0007383706620722741,0.090875443285154,0.12485265159795622,5.33,310.967,4.27,2.0,1.0
2024-02-29,2034.300048828125,2049.800048828125,2034.300048828125,2045.699951171875,706,58.06781327509826,2.453532321180319,-0.5495117635693971,3.0030440847497157,3.1089831439209505,0.8253461257108543,2026.7236594839019,2021.4453268402362,1,1.3524904214559388,0.0062469017077595446,0.01287319930117059,-0.0013180781588525425,0.08866580174226746,0.12102989952149362,5.33,310.967,4.25,2.0,1.0
2024-03-01,2043.0999755859375,2086.89990234375,2041.800048828125,2086.89990234375,1210,68.68747957262985,6.919172648205858,0.9442251187856541,5.974947529420204,3.929856278694474,1.2531251157614274,2032.4547302324588,2024.0121729384134,1,2.261048304213772,0.020139782057614797,0.023692694661163305,0.01651237327995614,0.11354058314102125,0.11853101803806154,5.33,312.345,4.19,2.0,0.0
2024-03-04,2083.60009765625,2119.800048828125,2080.699951171875,2117.699951171875,805,73.99061613030752,12.796026683894524,3.3145854318074286,9.481441252087096,5.527990264757183,1.272314110992952,2040.5733227028793,2027.6862034573728,1,1.5160075329566856,0.014758757137097955,0.04397335527329305,0.04007660555197212,0.11826284682401886,0.1218040793033166,5.33,312.345,4.22,2.0,0.0
2024-03-05,2114.89990234375,2133.5,2111.39990234375,2133.5,1287,76.21593651793994,18.51497859348501,6.354664064142946,12.160314529342067,7.035239151375175,1.1779084517524203,2049.423482445462,2031.8357641061034,1,2.2392344497607657,0.00746094781717388,0.048918387413962705,0.05321619757445428,0.11667186726226059,0.12211354993714667,5.33,312.345,4.13,2.0,0.0
2024-03-06,2125.5,2150.300048828125,2125.5,2150.300048828125,443,78.3381756158678,24.124816849755916,9.908694621265541,14.216122228490375,8.533233892350944,1.120498739983882,2059.030774481906,2036.4814223304966,1,0.7579775857643938,0.007874407700082076,0.0576980072937161,0.0569181857105554,0.11802381063421956,0.12293112500969654,5.33,312.345,4.11,2.0,0.0
2024-03-07,2147.0,2163.0,2147.0,2158.0,152,79.25196747888059,28.859303704137346,13.698816437839904,15.160487266297443,9.8199916475269,1.0453311030720813,2068.456415007439,2041.2468567489086,1,0.2582837723024639,0.003580872900073251,0.05489565992500234,0.06033807575389161,0.11770048665726486,0.11802862309020384,5.33,312.345,4.09,2.0,0.0
2024-03-08,2167.300048828125,2194.89990234375,2166.300048828125,2178.60009765625,259,81.50040335667367,33.883091181383406,17.735671386548606,16.1474197948348,11.196640766745784,1.0342774331382185,2078.9462895454208,2046.6332583531182,1,0.4431895961670089,0.009545921064064045,0.04394086904192851,0.0720402273407954,0.11869681129717259,0.11673713723558309,5.33,312.345,4.09,2.0,1.0
2024-03-11,2181.0,2184.0,2177.199951171875,2182.5,738,81.90029670338359,37.74407823876845,21.73735275699258,16.006725481775874,12.25943567929643,0.9700288324711219,2088.808547683952,2051.961365868682,1,1.193788417987706,0.0017900955517011763,0.03059925878180536,0.07868331306771914,0.11524144006304485,0.11668306122341868,5.33,312.345,4.1,2.0,1.0
2024-03-12,2182.5,2182.699951171875,2160.39990234375,2160.39990234375,550,72.35526837007116,38.57596539959695,25.105075285513454,13.470890114083499,12.689338861706798,0.8413782300968521,2095.626771937266,2056.2138574951555,1,0.8732237834405017,-0.010126047036082442,0.012608344196742394,0.07045880220604817,0.12369314359312716,0.11915891305950664,5.33,312.345,4.16,2.0,1.0
2024-03-13,2162.5,2175.39990234375,2162.5,2175.39990234375,20,74.5253760238629,39.984697899965795,28.080999808403924,11.903698091561871,12.86891233606831,0.8570880233389152,2103.2242129283595,2060.887820038238,1,0.03220871245671954,0.006943158988170106,0.011672721455456392,0.09157502920064675,0.10866068688515497,0.11025256334770933,5.33,312.345,4.19,2.0,1.0
2024-03-14,2163.0,2163.0,2162.300048828125,2163.0,515,69.65740608466442,39.64357362753435,30.39351457223001,9.250059055304341,12.62915891417019,0.7826108862984164,2108.9171450304207,2064.8922192524246,1,0.9348339081502995,-0.005700056495539285,0.0023169601482855295,0.08677081190524993,0.11277253110424743,0.11054830922939105,5.33,312.345,4.29,2.0,1.0
2024-03-15,2161.699951171875,2161.699951171875,2157.300048828125,2157.300048828125,100,67.47554222477274,38.46983544451086,32.00877874668618,6.461056697824681,12.29527974160912,0.7369868134648229,2113.525040630202,2068.5160557063737,1,0.1846381093057607,-0.0026352062745608196,-0.009776942932775867,0.07751864299222433,0.11507243249405008,0.11077386786853903,5.33,312.345,4.31,2.0,1.0
2024-03-18,2146.199951171875,2160.699951171875,2146.199951171875,2160.699951171875,21,68.11704553319565,37.3830545998253,33.08363391731401,4.29942068251129,11.942889808756945,0.7269540006742339,2118.0178892532185,2072.131110430511,1,0.03881341835320211,0.0015759988257531,-0.009988567618843036,0.07417347808693764,0.11526074393351486,0.11030745184191731,5.33,312.345,4.34,2.0,2.0
2024-03-19,2156.10009765625,2156.300048828125,2156.10009765625,2156.300048828125,12,66.29470736561882,35.75458104907648,33.61782334366651,2.13675770540997,11.61123985721701,0.6884815059245458,2121.663809212733,2075.4318531127706,1,0.025244556642473964,-0.002036331949451742,-0.0018977289858128632,0.06352653456381008,0.11570275041682083,0.11032151978052455,5.33,312.345,4.3,2.0,2.0
2024-03-20,2157.300048828125,2185.89990234375,2150.89990234375,2157.89990234375,17,66.64414295757769,34.19887548721181,33.73403377237557,0.4648417148362398,11.07360590615953,0.6749015319930528,2125.1148657014014,2078.6658942590834,1,0.03575559995793459,0.0007419438294287151,-0.008044497924793337,0.06705229206427687,0.11414609393133912,0.1102895917693867,5.33,312.345,4.27,2.0,2.0
2024-03-21,2207.0,2211.60009765625,2182.39990234375,2182.39990234375,63,71.51452519316784,34.54470303290509,33.89616762448147,0.6485354084236192,10.497897623546958,0.7571449497659634,2130.5705834768632,2082.7338945761294,1,0.14637546468401488,0.011353631358614003,0.008968979354484485,0.08055649606639492,0.11623439611839219,0.11116501703133858,5.33,312.345,4.27,2.0,2.0
2024-03-22,2179.199951171875,2179.60009765625,2157.5,2158.10009765625,19,61.8659341387905,32.4835327528026,33.6136406501457,-1.1301078973430947,9.853710375576624,0.629010639369827,2133.192441970138,2085.6894319518206,1,0.044160371876815804,-0.0111344417956597,0.00037085653827317877,0.05861872044610683,0.12590181808925005,0.11393367149066895,5.33,312.345,4.22,2.0,2.0
2024-03-25,2166.199951171875,2179.39990234375,2166.199951171875,2174.800048828125,79,65.3280747300233,31.830662880360705,33.2570450961887,-1.4263822158279922,8.917934437863957,0.6912749253144115,2137.1550711947084,2089.1839659469697,1,0.18499004800374663,0.007738265333480765,0.006525708323639634,0.07212228189702974,0.12348280276701201,0.11269005467563087,5.33,312.345,4.25,2.0,2.0
2024-03-26,2182.699951171875,2182.699951171875,2175.60009765625,2175.60009765625,202373,65.48972112807533,31.02023410755328,32.80968289846162,-1.789448790908338,7.794945033020058,0.6805569458054916,2140.8165022862836,2092.5728338571375,1,19.278209097404144,0.0003678723607516421,0.008950539531181523,0.06961656718596365,0.123955835362472,0.11228905991504538,5.33,312.345,4.24,2.0,2.0
2024-03-27,2179.39990234375,2196.199951171875,2172.10009765625,2190.60009765625,31200,68.458824996853,31.228357045011307,32.49341772777156,-1.2650606827602502,6.316543067009239,0.7743491599981946,2145.5577970834233,2096.417040280632,1,2.5938504129792284,0.006894649442312106,0.015153712772767447,0.07752095310194296,0.12367232020606507,0.11217254944014175,5.33,312.345,4.2,2.0,2.0
2024-03-28,2193.60009765625,2234.10009765625,2187.10009765625,2217.39990234375,2040,72.9385649011945,33.17341377113962,32.629416936445175,0.5439968346944468,4.927819649120668,1.021245800519184,2152.3999023463116,2101.161466243892,1,0.16866264577123888,0.012234001411838502,0.01603739074695354,0.08393212849886278,0.12700699138898813,0.11447799651678878,5.33,312.345,4.2,2.0,2.0
2024-04-01,2235.699951171875,2264.199951171875,2230.0,2236.5,400,75.59855002102849,35.84292852605586,33.27211925436731,2.570809271688546,4.70398882765576,1.1580366901821173,2160.4094354561867,2106.4688597245236,1,0.03318221599133944,0.008613736131250604,0.03632820480796717,0.07168532495892,0.11385143204543491,0.11052508605219037,5.33,313.023,4.33,2.0,2.0
2024-04-02,2252.0,2279.199951171875,2247.60009765625,2261.0,435,78.51573556236076,39.48037822263041,34.51377104801993,4.966607174610473,5.470656185489464,1.2095426559772258,2169.989489222264,2112.528904441209,1,0.03614112486135517,0.010954616588419341,0.03963580524026722,0.067667777368001,0.10965907344426878,0.11206474312971504,5.33,313.023,4.36,2.0,2.0
2024-04-03,2281.699951171875,2298.800048828125,2267.89990234375,2294.39990234375,285,81.72351744967753,44.544692807509364,36.51995539991782,8.024737407591545,6.90885382599051,1.2277633263724674,2181.838099995739,2119.661100437387,1,0.023777641508253344,0.014772181487726632,0.054605533809031215,0.07541593735352703,0.1161108305672735,0.11510895616141747,5.33,313.023,4.36,2.0,2.0
2024-04-04,2301.699951171875,2302.89990234375,2280.0,2288.800048828125,251,79.57818537324844,47.55811685643857,38.72758769122197,8.830529165216603,7.872635770547104,1.0640548719107266,2192.02495226549,2126.2940003742788,1,0.020957796341987817,-0.0024406615036484114,0.044827876743427586,0.06440961580012061,0.11690510147118832,0.11370044604381774,5.33,313.023,4.31,2.0,2.0
2024-04-05,2289.199951171875,2328.39990234375,2267.39990234375,2325.699951171875,344,82.78508639827831,52.32067073579674,41.44620430013693,10.874466435659812,9.333110250705873,1.1128590908147928,2204.7559045422886,2134.113841582028,1,0.028700030452067198,0.016121942308871873,0.04884100910875566,0.07771082074692992,0.12553671930147528,0.11714556149483324,5.33,313.023,4.39,2.0,2.0
2024-04-08,2325.60009765625,2341.800048828125,2319.0,2331.699951171875,202,83.24579442999071,55.93440188645309,44.34384381740016,11.590558069052925,10.600356255902472,1.030649734318131,2216.845813745106,2141.8623164679043,1,0.016856933039588757,0.0025798684808746586,0.04256648833976073,0.07027441781551858,0.12371680809225706,0.11675024127954475,5.33,313.023,4.42,2.0,2.0
2024-04-09,2337.800048828125,2364.699951171875,2337.800048828125,2343.5,211,84.14450133584529,59.06955808608882,47.2889866711379,11.78057141495092,11.770818125378458,0.9905263753279017,2228.9081171979533,2149.7696766064178,1,0.01764678824272279,0.005060706383852809,0.036488279522335354,0.0737686139747995,0.12369618269359492,0.11618782510164266,5.33,313.023,4.36,2.0,2.0
2024-04-10,2346.60009765625,2358.10009765625,2327.699951171875,2329.60009765625,377,78.78354366090099,59.74389557022141,49.779968450954605,9.963927119266806,12.299987815688791,0.8858993664424607,2238.497829622553,2156.821849980921,1,0.03155286988835138,-0.00593125766748448,0.01534178731290159,0.07831892379227567,0.11825907763460927,0.11402264362515313,5.33,313.023,4.55,1.0,2.0
2024-04-11,2341.5,2376.300048828125,2330.60009765625,2354.800048828125,283,81.13071462354065,61.60163305930428,52.14430137262455,9.45733168667973,13.081826137745821,0.9169380655419991,2249.574231451655,2164.5857009161055,1,0.023659536757974643,0.010817286278974603,0.02883607068856553,0.0824676632057817,0.12038176948224043,0.11241608860005906,5.33,313.023,4.56,1.0,2.0
2024-04-12,2377.300048828125,2429.0,2334.300048828125,2356.199951171875,584,81.25477845183005,62.46678560313785,54.20879821872721,8.25798738441064,13.529227524867773,0.8741899869264576,2259.7290619011997,2172.0999852398613,1,0.04880984220379781,0.000594488837575291,0.013114331444445959,0.08932036577525437,0.11564335180950285,0.10858350571042834,5.33,313.023,4.5,1.0,2.0
2024-04-15,2362.10009765625,2384.699951171875,2326.0,2365.800048828125,1801,82.12284062362896,63.19855922569241,56.006750420120255,7.191808805572151,13.796197939265262,0.8625973880023444,2269.831060656145,2179.6960661648914,1,0.14946244144117976,0.00407439854647107,0.01462456506855081,0.09664858632588458,0.11273732933026918,0.1080718638787988,5.33,313.023,4.63,1.0,2.0
2024-04-16,2384.0,2390.800048828125,2371.39990234375,2390.800048828125,41,84.17768661147305,65.04597663110508,57.814595662317224,7.231380968787853,14.161345302569664,0.893533443701251,2281.351916672524,2187.9746537203123,1,0.0034022496338432556,0.010567249760766284,0.020183507074087892,0.10649331367432713,0.11399923473430593,0.10924261074532914,5.33,313.023,4.67,1.0,2.0
2024-04-17,2384.199951171875,2391.39990234375,2369.300048828125,2371.699951171875,37,76.90468284113778,64.22846422537577,59.09736937492894,5.131094850446836,13.952382423824478,0.8034481019005781,2289.956491386748,2195.1795673458637,1,0.0030700043975738665,-0.007988998354593546,0.01807170834083527,0.09989328825587718,0.12071984775233698,0.11077531555966266,5.33,313.023,4.59,1.0,2.0
2024-04-18,2368.39990234375,2384.39990234375,2368.39990234375,2382.300048828125,128,78.0387352762903,63.70160657836141,60.01821681561544,3.6833897627459677,13.612322334205892,0.8075109637748841,2298.7511159049745,2202.517625443207,1,0.010615667232006238,0.004469409231556698,0.011678273921255311,0.10399006285724766,0.11979602936168199,0.1108237297640237,5.33,313.023,4.64,1.0,2.0
2024-04-19,2379.300048828125,2399.800048828125,2377.300048828125,2398.39990234375,160,79.67145709773197,63.847200935042565,60.78401363950087,3.063187295541695,13.509972109826476,0.8254596633431959,2308.241476518191,2210.1992833608756,1,0.013264248704663213,0.006758113245871167,0.01791017402868822,0.0989736114669133,0.11766958053641566,0.10998301088354571,5.33,313.023,4.62,1.0,2.0
2024-04-22,2383.300048828125,2383.300048828125,2326.89990234375,2332.199951171875,53,59.93887681170828,57.95275937246333,60.21776278609337,-2.2650034136300334,12.308673987769406,0.5919853144015161,2310.523236009018,2214.9836232750326,1,0.004393163243314932,-0.027601715254901182,-0.014202424956789361,0.08067274252232393,0.15648985658133158,0.12690323984385132,5.33,313.023,4.62,1.0,2.0
2024-04-23,2327.699951171875,2330.800048828125,2294.199951171875,2327.699951171875,171,58.871480726097495,52.315202485855934,58.637250726045885,-6.32204824018995,11.121877551740624,0.5542684943358396,2312.159113643576,2219.40387142785,1,0.014168765743073049,-0.0019295086588689836,-0.02639287952465086,0.07030526894927136,0.15710113015698354,0.1271181230330531,5.33,313.023,4.61,1.0,2.0
2024-04-24,2321.300048828125,2328.699951171875,2314.60009765625,2324.5,95,58.07942662566943,47.04686178336897,56.3191729375105,-9.272311154141534,9.648724160952689,0.5148238268092873,2313.3344361537115,2223.525288234601,1,0.04859583610414855,-0.0013747266567858407,-0.019901316415912196,0.06844084191031174,0.15766790672339123,0.1272951491510203,5.33,313.023,4.65,1.0,2.0
2024-04-25,2315.0,2329.800048828125,2305.0,2329.800048828125,1024,59.0618513608732,42.805893768753776,53.61651710375916,-10.810623335005381,8.127435404775763,0.5087732559584237,2314.902589741751,2227.6929259049352,1,2.2954494507957857,0.0022800812338674703,-0.02203752630816813,0.06354420933369198,0.15713412360891105,0.127283990752034,5.33,313.023,4.7,1.0,2.0
2024-04-26,2347.89990234375,2347.89990234375,2332.800048828125,2334.800048828125,717,60.01389315367933,39.39424197646258,50.77206207829985,-11.377820101837266,6.838661118351416,0.504949729663524,2316.797585845215,2231.8932052352566,1,1.8870904066324516,0.002146106916992796,-0.026517618456152525,0.052944958805258846,0.15343688365095154,0.12666805743986304,5.33,313.023,4.67,1.0,2.0
2024-04-29,2334.800048828125,2345.5,2327.89990234375,2345.39990234375,405,62.029865159093994,37.11793054527061,48.041235771694005,-10.923305226423395,5.654602029309277,0.5449395294548874,2319.521615987933,2236.344448259119,1,1.065228826933193,0.004539940591891556,0.005659871129506833,0.04869210925273859,0.15200463779288043,0.12675948318607463,5.33,313.023,4.63,1.0,2.0
2024-04-30,2322.5,2322.5,2291.39990234375,2291.39990234375,113,48.589855955654585,30.603806996099593,44.55375001657512,-13.94994302047553,5.123600770457175,0.08667524625854899,2316.8433575456297,2238.5034856742027,1,0.3103542982697061,-0.02302379220960915,-0.015594814447562166,0.01344533495964173,0.17351616738809017,0.13550764647410218,5.33,313.023,4.69,1.0,2.0
2024-05-01,2287.699951171875,2327.300048828125,2283.800048828125,2299.89990234375,42,50.411200757388876,25.829450289529177,40.80889007116593,-14.979439781636756,5.0536458873616175,0.15051880189117373,2315.229695145451,2240.911188288695,1,0.1193351328313681,0.0037095227207202264,-0.01058296307001505,0.002397140966743372,0.1659883007508395,0.13474025131770725,5.33,313.175,4.63,1.0,2.0
2024-05-02,2321.699951171875,2324.699951171875,2292.300048828125,2299.199951171875,56,50.253315502538626,21.738668157684515,36.99484568846965,-15.256177530785138,4.907789003806735,0.12959754551711722,2313.703052862253,2243.1970221272513,1,0.1636469900642899,-0.00030433984155642246,-0.013134216248146147,0.004543823017250759,0.16572361621457724,0.1347493650524146,5.33,313.175,4.58,1.0,2.0
2024-05-03,2300.0,2301.0,2277.60009765625,2299.0,194,50.20494262781006,18.269954791016062,33.24986750897894,-14.979912717962875,5.133836624216246,0.15515132284559746,2312.302762113467,2245.3853742006927,1,0.5796235434717658,-8.696554285025915e-05,-0.015333239711937452,-0.011480393744868644,0.1549098985176426,0.13477540419376666,5.33,313.175,4.5,1.0,2.0
2024-05-06,2322.800048828125,2325.5,2314.199951171875,2321.60009765625,9,55.427413855802506,17.146954048500902,30.029284816883333,-12.882330768382431,5.173688645760979,0.3485892103890804,2313.188222641351,2248.3741868852244,1,0.02768804799261652,0.009830403504240914,-0.010147439958412607,-0.004331540818769963,0.15891561239994834,0.13549716054279204,5.33,313.175,4.49,1.0,2.0
2024-05-07,2324.300048828125,2324.300048828125,2315.199951171875,2315.199951171875,25,53.70948532888262,15.56115028226668,27.135657909960003,-11.574507627693322,5.25517787432641,0.3102819863651486,2313.379815834734,2250.994805092544,1,0.0791765637371338,-0.002756782484130804,0.010386684927315093,-0.012075975604064482,0.15789834665296534,0.1351987216819361,5.33,313.175,4.47,1.0,2.0
2024-05-08,2313.60009765625,2313.60009765625,2313.60009765625,2313.60009765625,4,53.26506093052888,14.013752745853708,24.511276877138744,-10.497524131285036,5.330049555961587,0.30646366030840183,2313.4007950558307,2253.4499146048465,1,0.013463480309660046,-0.0006910217473075075,0.0059568659047024575,-0.0068681315802214815,0.1566372815219888,0.13497454180030266,5.33,313.175,4.48,1.0,2.0
2024-05-09,2310.699951171875,2339.5,2310.699951171875,2332.10009765625,5,57.63094201423709,14.117486838454624,22.43251886940192,-8.315032030947297,5.293180217225857,0.46377816043565995,2315.181681017775,2256.5342355088233,1,0.01765536723163842,0.007996196066356154,0.01430938899751033,-0.009639863555791828,0.15430640690693548,0.1318292619497428,5.33,313.175,4.45,1.0,2.0
2024-05-10,2367.300048828125,2367.300048828125,2367.300048828125,2367.300048828125,126,64.43815740950035,16.84585025989054,21.315185147499648,-4.469334887609108,5.3678508530646765,0.7404472578635561,2320.1453350949514,2260.877992893894,1,0.4840568574721475,0.01509367081080737,0.029708590181872552,0.004711016843341076,0.1637985707921992,0.13396607228133536,5.33,313.175,4.5,1.0,2.0
2024-05-13,2358.300048828125,2358.300048828125,2336.10009765625,2336.10009765625,14,55.86985535099396,16.302596433801682,20.312667404760056,-4.010070970958374,5.251893601574027,0.5036692987134561,2321.6648362912656,2263.8278793551626,1,0.08189529102076631,-0.013179550765995973,0.006245692363055166,-0.012553872076630723,0.16986479355659684,0.13782934004406674,5.33,313.175,4.48,1.0,2.0
2024-05-14,2336.0,2358.0,2336.0,2353.39990234375,6,59.11606326032541,17.071227041608836,19.664379332129812,-2.593152290520976,4.849656930239701,0.6733508892860505,2324.6872235343594,2267.3405077076563,1,0.03546099290780142,0.007405420985537647,0.016499633715238993,-0.015643360264572137,0.16748576152006975,0.13811600047744177,5.33,313.175,4.45,1.0,2.0
2024-05-15,2361.60009765625,2388.699951171875,2356.0,2388.699951171875,29,64.80510865129995,20.294844922429547,19.79047245018976,0.5043724722397869,5.079110983325821,0.955984702411733,2330.7836737855514,2272.099701568998,1,0.17180094786729858,0.014999596453186603,0.03246017044678706,0.007167854429309228,0.17398013419682123,0.13998407729572895,5.33,313.175,4.36,1.0,2.0
2024-05-16,2389.5,2392.199951171875,2380.0,2380.0,7,62.49691898999975,21.89517798432007,20.211413557015824,1.6837644273042471,5.048306245246525,0.8859454565979018,2335.470942948832,2276.3310858211944,1,0.043010752688172046,-0.0036421280821004043,0.020539385248467434,-0.0009654740297119213,0.17382496093545466,0.1401762578326895,5.33,313.175,4.38,1.0,2.0
2024-05-17,2380.699951171875,2415.800048828125,2380.699951171875,2412.199951171875,213,67.15920574768073,25.46813955951984,21.26275875751663,4.205380802003212,5.321885833784944,1.1195433859801276,2342.778467541503,2281.6592766192603,1,1.2877871825876661,0.013529391248686906,0.018966713731948248,0.005753856483499353,0.17885055871068226,0.14162205003260897,5.33,313.175,4.42,0.0,2.0
2024-05-20,2415.800048828125,2435.800048828125,2409.699951171875,2433.89990234375,40,69.87701094309824,29.708283456255685,22.951863697264443,6.7564197589912425,6.454365814185654,1.1197243863618869,2351.456699427431,2287.629497235907,1,0.24279210925644917,0.008995917258572517,0.04186456084892076,0.04360687475393066,0.1465408338984771,0.14155521175256014,5.33,313.175,4.44,0.0,2.0
2024-05-21,2429.5,2429.5,2421.0,2421.699951171875,6,66.54282419572397,31.718562102878877,24.70520337838733,7.013358724491546,7.0894700342132495,0.9614206187018698,2358.1465329269017,2292.887162096141,1,0.038338658146964855,-0.005012511467758718,0.02902186269324858,0.040383211741992664,0.148082587833593,0.1415692268171835,5.33,313.175,4.41,1.0,2.0
2024-05-22,2417.5,2417.60009765625,2375.800048828125,2389.199951171875,180,58.530674053932216,30.339509052764697,25.832064513262807,4.50744453950189,7.214226865433505,0.741873936902108,2361.104001331185,2296.664134216758,1,1.119751166407465,-0.013420324835978548,0.00020931888065511828,0.027833921777532744,0.1576835962152858,0.14553568692024407,5.33,313.175,4.43,1.0,2.0
2024-05-23,2371.199951171875,2371.199951171875,2335.0,2335.0,365,48.12404268564034,24.589662164431502,25.583584043496547,-0.993921879065045,7.196726098230421,0.42021381181400524,2358.61790596631,2298.1675015023757,1,2.856025039123631,-0.022685397739645285,-0.018907563025210128,0.0022319302355970905,0.17965399752947375,0.15461975038706496,5.33,313.175,4.47,1.0,2.0
2024-05-24,2342.60009765625,2345.39990234375,2332.5,2332.5,25,47.70273851941965,19.605142099048862,24.38789565460701,-4.782753555558148,7.203926013870629,0.4061918233471746,2356.130486350471,2299.5138739924787,1,0.26824034334763946,-0.0010706638115631772,-0.033040358504756506,-0.0009851159756825156,0.17953404873175816,0.15455307771230073,5.33,313.175,4.46,1.0,2.0
2024-05-28,2336.89990234375,2359.699951171875,2336.89990234375,2355.199951171875,26,51.82665666530323,17.28729322849631,22.967775169384872,-5.680481940888562,7.2057467936677195,0.5374585351557183,2356.0418639525096,2301.697641725004,1,0.3501683501683502,0.009732026225884205,-0.03233491693561019,0.004178412738199411,0.1821909015097027,0.15090782064393898,5.33,313.175,4.54,1.0,2.0
2024-05-29,2340.300048828125,2340.300048828125,2340.300048828125,2340.300048828125,119317,49.09031639317991,14.0857123796618,21.19136261144026,-7.1056502317784584,6.853490812986237,0.43170844056089536,2354.542643464473,2303.211461611401,1,19.7726387657533,-0.006326385297492965,-0.033612711725232614,0.021340729932980196,0.1620107101554229,0.14952784300688754,5.33,313.175,4.61,2.0,2.0
2024-05-30,2336.89990234375,2349.5,2320.800048828125,2342.89990234375,32587,49.59044296626364,11.624226099004773,19.27793530895316,-7.6537092099483885,6.560208915632954,0.4316342807784292,2353.433810976785,2304.7678710518853,1,4.253233616560293,0.0011109060639156176,-0.019378892421881844,0.018696465857570566,0.16171002976347174,0.1490468843386539,5.33,313.175,4.55,2.0,2.0
2024-05-31,2344.10009765625,2354.0,2319.0,2322.89990234375,941,45.858260172984124,7.96779979821622,17.015908206805772,-9.048108408589552,6.328685233682208,0.2870046543234981,2350.5258196784007,2305.4789311025465,1,0.12211343182865189,-0.008536429567474357,-0.00518205467077093,0.010307912176057421,0.16517119304120956,0.14988585725502782,5.33,313.175,4.51,2.0,2.0
2024-06-03,2322.60009765625,2347.5,2312.0,2346.60009765625,781,50.602598335902165,6.902891071265913,14.993304779697802,-8.090413708431889,5.95343461392193,0.4257438223123448,2350.1519413905767,2307.0915258693585,1,0.10096570268767856,0.010202848296901212,0.006045057944801702,0.02070469667518493,0.16863976434279504,0.15091704002666684,5.33,313.044,4.41,2.0,2.0
2024-06-04,2347.5,2347.699951171875,2313.89990234375,2325.5,890,46.68068599554621,4.306696773341173,12.855983178426477,-8.549286405085304,5.921195947851652,0.2727750824510491,2347.804137448617,2307.813426815658,1,0.11440544518500903,-0.00899177396153883,-0.012610373551127707,0.0016798338127601564,0.1689048961686473,0.15144476767515086,5.33,313.044,4.33,2.0,2.0
2024-06-05,2326.39990234375,2354.300048828125,2326.199951171875,2354.10009765625,295,52.09982060569205,4.505051517935044,11.185796846328191,-6.680745328393147,5.689515820471338,0.4623027889957114,2348.4037527064866,2309.6285903780345,1,0.037855213432826246,0.012298472438722952,0.005896700653847953,0.016802067771591433,0.17385978762303186,0.15315133639580666,5.33,313.044,4.29,1.0,2.0
2024-06-06,2355.0,2375.800048828125,2355.0,2370.300048828125,179,54.89615936636703,5.901421835610563,10.128921844184665,-4.227500008574102,5.409615819008791,0.5649975593197399,2350.4891142418805,2312.00786325843,1,0.022944011484823626,0.006881589779467623,0.011694971030117296,0.02450723927152043,0.17504301004880624,0.1516889996428837,5.33,313.044,4.28,1.0,2.0
2024-06-07,2379.89990234375,2385.10009765625,2285.39990234375,2305.199951171875,269,43.82430635692712,1.7350213103777605,8.450141737423285,-6.715120427045525,5.709035564649667,0.08855907321381681,2346.1758606161657,2311.7408863138594,1,0.034421866202589954,-0.027464918497738466,-0.007619764912821347,-0.01153473065388988,0.20095969951995785,0.1627594073447878,5.33,313.044,4.43,2.0,2.0
2024-06-10,2290.60009765625,2309.300048828125,2290.5,2307.699951171875,69,44.28899535698337,-1.3495947285982766,6.490194444218973,-7.83978917281725,6.032527643576006,0.14866024804789918,2342.511488288138,2311.582418269076,1,0.008832621816575887,0.0010845046212710763,-0.016577237222152985,-0.025176401988313057,0.1925664964810239,0.16216248506925557,5.33,313.044,4.47,2.0,2.0
2024-06-11,2300.0,2314.10009765625,2300.0,2307.5,871,44.25746208164835,-3.7668872203835235,4.4387781112984745,-8.205665331681999,6.271614650987259,0.17017281913459426,2339.177060832125,2311.4223234349943,1,0.11088761012374598,-8.664522082846293e-05,-0.007740270909481817,-0.012242667891219083,0.18729108910921335,0.16199683023904157,5.33,313.044,4.39,1.0,2.0
2024-06-12,2314.89990234375,2338.699951171875,2310.300048828125,2336.0,132,49.74933702735974,-3.344345586079271,2.8821533718229255,-6.226498957902196,6.3181868995223125,0.36983997217174513,2338.8744836100177,2312.386153888524,1,0.016791543168258895,0.012351029252437806,-0.0076887544732148205,-0.0073935170671255435,0.19083660701577354,0.1636010151873054,5.33,313.044,4.31,1.0,2.0
2024-06-13,2309.39990234375,2317.699951171875,2296.199951171875,2300.199951171875,298,43.89863048433601,-5.831026598641984,1.1395173777299437,-6.9705439763719275,6.503904003071173,0.16812316467203484,2335.1911948063853,2311.9082635859104,1,0.03784343232311688,-0.015325363368204226,-0.02957435607821357,-0.03704944187593873,0.18903313561539584,0.1670400846226711,5.33,313.044,4.24,2.0,2.0
2024-06-14,2307.0,2331.39990234375,2305.800048828125,2331.39990234375,948,49.47535587947072,-5.223945513877879,-0.13317520059162105,-5.090770313286258,6.445671266951225,0.3869378246470833,2334.8301193337534,2312.6726415764138,1,0.11967279337507573,0.013564016969907167,0.011365587249191123,-0.020420209099264675,0.1965384559986207,0.1689576920109089,5.33,313.044,4.2,2.0,2.0
2024-06-17,2320.199951171875,2320.199951171875,2309.60009765625,2312.39990234375,110,46.44738669776707,-6.204449558420038,-1.3474300721573045,-4.857019486262733,6.081980622805665,0.2816285973690911,2332.693908191848,2312.661945920231,1,0.01389511712952144,-0.008149610017955,0.002036638762109577,-0.041373041558864565,0.19031159069690962,0.16874750673004346,5.33,313.044,4.28,2.0,2.0
2024-06-18,2311.800048828125,2330.39990234375,2311.800048828125,2330.39990234375,43,49.59471594741599,-5.466047319147947,-2.171153521555433,-3.294893797592514,4.967174108104442,0.43155334402623147,2332.4754314444103,2313.357552054487,1,0.005431624687365788,0.0077841207231310605,0.00992411802546056,-0.04252434535221994,0.18943038506449983,0.16737790515784723,5.33,313.044,4.22,2.0,2.0
2024-06-20,2328.89990234375,2354.0,2328.300048828125,2353.800048828125,183,53.426745507677715,-2.958557556643882,-2.328634328573123,-0.629923228070759,3.8161034502006306,0.7114944943537336,2334.5063473857167,2314.9435323201196,1,0.02309017153600111,0.010041257923518065,0.007619883916149428,-0.028038115254902962,0.19387846475470516,0.16781715550719453,5.33,313.044,4.25,2.0,2.0
2024-06-21,2331.199951171875,2331.199951171875,2316.39990234375,2316.39990234375,76,47.24453519585379,-3.9437717636160414,-2.651661815581707,-1.2921099480343345,3.223924632338071,0.3015552439517818,2332.7819240483864,2315.000644870066,1,0.009595656702755594,-0.015889262345370136,0.007042844759483469,-0.030470471419697387,0.19614150317046167,0.17153175541727472,5.33,313.044,4.25,2.0,2.0
2024-06-24,2323.300048828125,2332.89990234375,2322.699951171875,2330.0,99,49.531496868430494,-3.58581189321103,-2.8384918311075715,-0.7473200621034586,3.221278124833597,0.4858173284776231,2332.516978900921,2315.5888548751614,1,0.012520630584485801,0.005871221822488115,-0.0006004556928833615,-0.0021413276231263545,0.18048342490661062,0.1713968416026537,5.33,313.044,4.25,1.0,2.0
2024-06-25,2324.39990234375,2333.0,2316.60009765625,2316.60009765625,105,47.35335349667777,-4.333433128797424,-3.1374800906455422,-1.1959530381518815,3.2665441652414953,0.3204149856325475,2331.0010854490474,2315.628511454812,1,0.013272742211744482,-0.005751031048819688,0.0018163792985126381,-0.0068166783896034255,0.18158269199962784,0.17035846734982635,5.33,313.044,4.23,2.0,2.0
2024-06-26,2307.89990234375,2314.39990234375,2298.0,2299.199951171875,986,44.61005108571205,-6.2578382821693594,-3.7615517289503058,-2.4962865532190537,3.3124349785690113,0.13331356401354708,2327.9724059940786,2314.9842541888142,1,0.1238856884388016,-0.007511070426863498,-0.013388239134620727,-0.02377717440599303,0.1792459669809339,0.17038933724720853,5.33,313.044,4.32,2.0,2.0
2024-06-27,2296.800048828125,2329.0,2295.0,2324.5,1532,49.2168156025517,-5.676011207699503,-4.144443624700146,-1.5315675829993571,3.2758212760296703,0.4713980429401871,2327.641700661309,2315.357420691214,1,0.7402038942841959,0.011003848888927692,-0.012447976982034814,-0.0067512919277323835,0.18313103387773658,0.1704021032115879,5.33,313.044,4.29,2.0,2.0
2024-06-28,2325.39990234375,2338.300048828125,2319.0,2327.699951171875,92,49.785667767950756,-4.900213136125785,-4.295597526985274,-0.6046156091405113,3.2145655053664868,0.5238064812446598,2327.647248328982,2315.8414414943772,1,0.20676480503427352,0.0013766191318025367,0.004878280652961253,-0.006487665630388051,0.18316130427308375,0.16782827193444405,5.33,313.044,4.36,2.0,2.0
2024-07-01,2323.800048828125,2329.699951171875,2321.699951171875,2327.60009765625,237,49.7669340031534,-4.244516772052066,-4.285381375998632,0.04086460394656655,3.2125377619253332,0.5193380423913735,2327.642757788722,2316.302565265431,1,0.5784014643075046,-4.289793260281449e-05,-0.0010300010059013376,0.0020234170692234876,0.18055099659332563,0.16773638947313813,5.33,313.569,4.48,2.0,2.0
2024-07-02,2330.699951171875,2334.60009765625,2323.0,2323.0,30,48.85488721853005,-4.049383345176011,-4.238181769834108,0.18879842465809737,3.1121958245672587,0.4727052440898608,2327.2005903802724,2316.565209764826,1,0.08060182697474476,-0.0019763264578318562,0.002762627157887554,-0.01005714509251976,0.1766884502518287,0.16455915293723827,5.33,313.569,4.43,2.0,2.0
2024-07-03,2330.89990234375,2361.60009765625,2330.89990234375,2359.800048828125,59,55.828868562305736,-0.9147377811900697,-3.573492972105301,2.6587551909152314,3.3728910085747734,0.9219093211056113,2330.305300708639,2318.2606936496613,1,0.17843641312566158,0.015841605177841167,0.02635703677070933,0.014749537229896692,0.18258921567904943,0.16761976392522082,5.33,313.569,4.36,2.0,2.0
2024-07-05,2354.89990234375,2388.5,2354.89990234375,2388.5,72,60.36769352351947,3.8410602644894425,-2.0905823247863524,5.9316425892757945,3.9750681724292165,1.1492295453116526,2335.847653022102,2321.0151762516357,1,0.22535211267605634,0.012162026687865923,0.027532802753280183,0.014612761104763061,0.18247728971687383,0.1691040632565132,5.33,313.569,4.28,2.0,2.0
2024-07-08,2381.699951171875,2383.800048828125,2352.800048828125,2355.199951171875,64,53.49865194097648,4.866925946302672,-0.6990806705685476,5.56600661687122,3.776675240509908,0.8133387213068309,2337.690729036366,2322.3557556602727,1,0.20398406374501993,-0.013941824922807156,0.011814237477710599,-0.006370542692987535,0.1881517147390516,0.17118473180595759,5.33,313.569,4.28,2.0,2.0
2024-07-09,2363.10009765625,2363.699951171875,2360.10009765625,2360.10009765625,9,54.32230556450502,6.0060981978008385,0.6419551031053297,5.364143094695509,3.8491069001036946,0.8311064292038359,2339.8249546192123,2323.835925934625,1,0.029925187032418952,0.002080564956676856,0.013962879634145775,0.023815785028307834,0.15758018574317886,0.16981275523184017,5.33,313.569,4.3,2.0,2.0
2024-07-10,2366.300048828125,2377.0,2365.800048828125,2372.199951171875,19,56.37701395111131,7.795396986428386,2.072643479769941,5.722753506658446,4.034709525532409,0.9096964325842447,2342.908287624228,2325.7325543753013,1,0.06370494551550712,0.005126839123324123,0.021179488235848032,0.027949907425030007,0.1581967140442951,0.1701283505516778,5.33,313.569,4.28,2.0,2.0
2024-07-11,2378.699951171875,2416.699951171875,2378.699951171875,2415.0,72,62.75850244268069,12.522681733192712,4.1626511304544955,8.360030602738217,4.903492737679854,1.1626403932234308,2349.774164993349,2329.2332385174464,1,0.2787456445993031,0.01804234453633713,0.02339179168984562,0.04658721560130008,0.16851090057074053,0.17381555069011376,5.33,313.569,4.2,1.0,2.0
2024-07-12,2399.800048828125,2414.0,2391.300048828125,2414.0,355,62.52834556522196,16.003914150364835,6.5309037344365635,9.473010415928272,5.630785542114961,1.0389480915018672,2355.8909111844587,2332.5574252422525,1,1.317498608276118,-0.00041407867494824835,0.01067615658362997,0.03339041095890405,0.1644968670207183,0.1725228697527926,5.33,313.569,4.18,2.0,2.0
2024-07-15,2430.0,2436.0,2422.89990234375,2422.89990234375,540,63.80073785283255,19.258958377561157,9.076514663061483,10.182443714499675,6.089689620231382,1.016361163935696,2362.272719866296,2336.1002674815268,1,1.9179541822056472,0.003686786389291541,0.028744884755194322,0.05334316745349188,0.15165654197473807,0.17181778140989235,5.33,313.569,4.23,2.0,2.0
2024-07-16,2427.39990234375,2462.39990234375,2427.39990234375,2462.39990234375,93,68.85545329448861,24.740728545563343,12.209357439561856,12.531371106001487,7.329515360224064,1.1186683097436647,2371.808642007006,2341.0531943388687,1,0.3894472361809045,0.016302778320222977,0.043345536398685436,0.05618941643958464,0.15449870369423432,0.1746653831523891,5.33,313.569,4.17,1.0,2.0
2024-07-17,2472.89990234375,2473.10009765625,2454.800048828125,2454.800048828125,10,66.91929370635366,28.14736097741752,15.39695814713299,12.75040283028453,7.961131350083904,0.9896119719975102,2379.7125855137792,2345.5138552992316,1,0.0427715996578272,-0.0030863603870319167,0.03482004019747387,0.061581107290328285,0.15073842500189838,0.17434000116123147,5.33,313.569,4.16,1.0,2.0
2024-07-18,2466.0,2466.0,2451.800048828125,2451.800048828125,2,66.12880764181226,30.256291105195942,18.36882473874558,11.887466366450361,8.475500825449556,0.9135423185351245,2386.5780582103835,2349.681941319973,1,0.008629989212513484,-0.001222095462085404,0.015238115456780443,0.052094126146452036,0.15034138129885224,0.16405813150293735,5.33,313.569,4.2,2.0,2.0
2024-07-19,2418.800048828125,2419.199951171875,2395.5,2395.5,15,53.38416828135814,27.07261376482802,20.10958254396207,6.96303122086595,8.501848955387462,0.6222422830756982,2387.4277669522517,2351.4787279348757,1,0.0671591672263264,-0.02296274072391602,-0.007663628831814373,0.01771601253582933,0.17303694144289863,0.1712409618278143,5.33,313.569,4.25,2.0,1.0
2024-07-22,2402.10009765625,2402.10009765625,2392.0,2392.0,18,52.70414220887662,23.990557572063153,20.885777549582286,3.104780022480867,8.250596125608872,0.5886066978382692,2387.8632177187037,2353.067797427626,1,0.08165116806532094,-0.001461072844917588,-0.012753272355106149,0.03263689381948143,0.16151821187215643,0.17124505250966596,5.33,313.569,4.26,2.0,1.0
2024-07-23,2395.800048828125,2404.60009765625,2388.699951171875,2404.60009765625,41,54.9299696086473,22.307580509602758,21.17013814158638,1.1374423680163765,8.118907632719408,0.6358384652650313,2389.4572062841844,2355.0886719463956,1,0.1884624224316249,0.005267599354619623,-0.023472956050918148,0.03201720929452789,0.1613227414538896,0.1714871637674698,5.33,313.569,4.25,2.0,1.0
2024-07-24,2421.0,2421.0,2411.60009765625,2413.300048828125,6,56.45383253560965,21.428804494210908,21.221871412111287,0.2069330820996207,7.831678797253611,0.6612421989535309,2391.7279531931313,2357.3714710397967,1,0.028222013170272814,0.0036180449216294264,-0.016905653892182126,0.04174218557173859,0.15907995960980761,0.17157263721045182,5.33,313.569,4.28,2.0,1.0
2024-07-25,2365.5,2365.5,2351.89990234375,2351.89990234375,31,44.912360379445104,15.59808448346439,20.09711402638191,-4.499029542917519,7.243209742373728,0.30360033549536,2387.93480549319,2357.156899718383,1,0.18804974218986958,-0.02544240054782676,-0.040745633614015064,0.022920995255334198,0.18474326297370944,0.1796208891691257,5.33,313.569,4.27,2.0,1.0
2024-07-26,2368.699951171875,2386.89990234375,2368.699951171875,2380.0,95,49.95493296278326,13.093703838124839,18.696431988730495,-5.602728150605657,6.848238119907856,0.44733399253165707,2387.179109731934,2358.052707572564,1,1.021505376344086,0.011947828914082192,-0.006470465456063446,0.023876102387610176,0.1854290212016094,0.17449032874911935,5.33,313.569,4.2,2.0,1.0
2024-07-29,2377.300048828125,2377.300048828125,2377.300048828125,2377.300048828125,126409,49.486211366554905,10.766985531477076,17.11054269727981,-6.343557165802736,6.4510483850384,0.4105679334562855,2386.238246788714,2358.8075052688605,1,19.724131474445493,-0.0011344332654936728,-0.006145464536737033,0.021308630277402818,0.185607930110788,0.17440838606605477,5.33,313.569,4.17,2.0,1.0
2024-07-30,2380.89990234375,2409.300048828125,2373.800048828125,2405.0,25944,54.2309892430387,11.031040107996887,15.894642179423228,-4.863602071426341,5.97582778396791,0.5701164672629021,2388.0250804278844,2360.6189756504737,1,3.3718905149333267,0.011651853196036122,0.00016630721430144213,0.033253092926782024,0.18924952885610374,0.17585504334176078,5.33,313.569,4.15,2.0,1.0
2024-07-31,2407.10009765625,2447.60009765625,2402.800048828125,2426.5,1313,57.56291721934615,12.827310330535056,15.281175809645594,-2.4538654791105383,5.385326027379343,0.7039373585194124,2391.6893584823715,2363.202545232808,1,0.16923701560254434,0.008939708939708968,0.005469668464261224,0.044554455445544594,0.1904300430056193,0.17663513588457633,5.33,313.569,4.09,2.0,1.0
2024-08-01,2446.699951171875,2455.10009765625,2430.39990234375,2435.0,690,58.838704487478445,14.766527053828213,15.178246058482118,-0.41171900465390543,5.286695600998784,0.7447144904996463,2395.8141814840506,2366.0181316942667,1,0.08857623332777058,0.0035029878425716365,0.03533317790159263,0.031867086030962444,0.18373016494217112,0.17575254420556782,5.33,314.062,3.99,2.0,1.0
2024-08-02,2444.0,2477.0,2416.0,2425.699951171875,550,56.82577261064352,15.375692647853157,15.217735376356327,0.15795727149683003,5.304657554986366,0.6562480087682627,2398.6604452638435,2368.3585952031926,1,0.07038828738897847,-0.0038193219006673607,0.01920166015624991,0.015574607984875533,0.1802968867536308,0.17585820295879884,5.33,314.062,3.8,2.0,1.0
2024-08-05,2442.0,2449.800048828125,2367.39990234375,2401.699951171875,334,51.89202125006482,13.763207655732003,14.926829832231462,-1.1636221764994588,4.942876788718395,0.4463570738809864,2398.949922016989,2369.6660993588275,1,0.04267116374739693,-0.00989405140087729,0.01026370329474302,0.01974354660497646,0.1763767686614496,0.17720518895549073,5.33,314.062,3.78,2.0,1.0
2024-08-06,2414.5,2421.800048828125,2380.0,2389.10009765625,163,49.46395950954109,11.337902522131571,14.209044370211485,-2.8711418480799136,4.6549548212434795,0.3178103062611533,2398.0118435064423,2370.4282169391186,1,0.020804084237396298,-0.005246222996955541,-0.006611186005717307,0.012287614423133641,0.17768797241286438,0.17693739083835586,5.33,314.062,3.9,2.0,1.0
2024-08-07,2392.199951171875,2401.0,2384.5,2390.5,130,49.74531321354336,9.420200937506252,13.251275683670439,-3.8310747461641874,4.49541488184088,0.3158910107596399,2397.296429839162,2371.215345686604,1,0.016580469482370498,0.0005859538263479624,-0.01483618380383267,0.007714378722200266,0.1768911464462122,0.1743114283915597,5.33,314.062,3.96,2.0,1.0
2024-08-08,2384.300048828125,2422.800048828125,2384.300048828125,2422.199951171875,201,55.75267736011258,10.339146502436051,12.668849847423562,-2.329703344987511,4.512282370826397,0.6047038623442137,2399.668193775611,2373.214741980144,1,0.02561488466930037,0.01326080366947302,-0.005256693563911674,0.00298134624094204,0.17141949764401732,0.17403284694296586,5.33,314.062,3.99,2.0,1.0
2024-08-09,2422.300048828125,2432.10009765625,2418.5,2432.10009765625,611,57.462863374255335,11.731048342630856,12.481289546465021,-0.7502412038341646,4.575185839320842,0.6847472659119699,2402.756946526148,2375.523971614501,1,0.07773734700628515,0.004087254018639186,0.002638474095397969,0.007497969203086097,0.17196484699274564,0.17361512005437044,5.33,314.062,3.94,2.0,1.0
2024-08-12,2432.699951171875,2469.800048828125,2432.0,2462.39990234375,566,62.26940687912249,15.104961003409244,13.006023837853867,2.098937165555377,4.913940450900131,0.9106821777409053,2408.4372280325865,2378.9308708587855,1,0.0720001017669283,0.012458288504120008,0.02527374460005194,0.016302778320222977,0.17688719194760502,0.17280485210623017,5.33,314.062,3.9,2.0,1.0
2024-08-13,2461.0,2470.0,2456.5,2466.699951171875,510,62.90993827676435,17.919227399101146,13.988664550103323,3.9305628489978233,4.974109160614725,0.9397004046000186,2413.9860588077568,2382.372795576946,1,0.06470480020807035,0.0017462837064086134,0.0324807878881892,0.0017462837064086134,0.1674287654474076,0.17260431488802086,5.33,314.062,3.85,2.0,1.0
2024-08-14,2468.0,2472.10009765625,2439.39990234375,2439.39990234375,274,56.36735624553253,17.742147575828767,14.739361155248412,3.002786420580355,4.830803168310975,0.7253070960463601,2416.406424858804,2384.6091527050557,1,0.034704850446159986,-0.011067438021862053,0.02045593070225893,-0.006273483044668682,0.17182595685890478,0.17213973061608642,5.33,314.062,3.83,2.0,1.0
2024-08-15,2451.800048828125,2467.699951171875,2431.199951171875,2453.10009765625,285,58.68924327768261,18.494113179950546,15.49031156018884,3.003801619761706,4.845174245094622,0.8412488857272303,2419.9010603633224,2387.2950721149064,1,0.03603353014805356,0.005616215405820579,0.012757058503541474,0.000530242598186792,0.17305031585120634,0.17154603457821987,5.33,314.062,3.92,2.0,1.0
2024-08-16,2453.5,2508.0,2451.39990234375,2498.60009765625,197,65.2945956151035,22.50213052585832,16.892675353322737,5.609455172535583,5.674188959572436,1.0847828603044272,2427.3962067721727,2391.659975077312,1,0.024878763386542737,0.018547958986048663,0.027342624616513156,0.04303907228396997,0.1615276369676518,0.17520736181842436,5.33,314.062,3.89,2.0,0.0
2024-08-19,2508.5,2508.5,2487.199951171875,2501.800048828125,88,65.70985437782286,25.64114728037066,18.642369738732324,6.998777541638336,6.306003567941609,1.010017583875506,2434.482286967978,2395.9791936557754,1,0.011108446206086925,0.001280697609383985,0.016000709895607645,0.04590303044654065,0.16101650169486698,0.17275270442911436,5.33,314.062,3.86,2.0,1.0
2024-08-20,2503.5,2527.300048828125,2500.699951171875,2511.300048828125,187,66.97328671939115,28.566118842676588,20.627119559521176,7.938999283155411,6.9775666281427435,0.984490742604904,2441.798264287992,2400.5015801331224,1,0.02358371588558745,0.0037972658943907778,0.01808087669319547,0.04437326242973816,0.16073720904821018,0.16561905271634425,5.33,314.062,3.82,2.0,1.0
2024-08-21,2511.0,2515.39990234375,2503.89990234375,2508.39990234375,96,66.17172653023886,30.300872696524948,22.561870186921933,7.739002509603015,7.484664587584901,0.9087618161843137,2448.1412774361593,2404.73288688648,1,0.012100281079445907,-0.0011548387002693339,0.028285645143178773,0.039406560142326574,0.16106087167600888,0.16562410715209774,5.33,314.062,3.79,2.0,1.0
2024-08-22,2504.10009765625,2504.10009765625,2471.10009765625,2478.89990234375,210,58.5018106723533,28.96142488747182,23.84178112703191,5.11964376043991,6.951329334317034,0.7276389395073662,2451.0706702845014,2407.6413972965693,1,0.026439538441200356,-0.011760485229024398,0.010517224597622388,0.05399889675297831,0.1347002773656833,0.16678799020296156,5.33,314.062,3.86,2.0,0.0
2024-08-23,2486.5,2508.39990234375,2486.5,2508.39990234375,94,63.10699339188394,29.935231591062802,25.060471219838092,4.87476037122471,6.950514837888541,0.8627861925596264,2456.530597147287,2411.5927112199884,1,0.011834915518847732,0.011900440179980043,0.003922118107932748,0.05394953879989495,0.13465773221136623,0.16759467788624374,5.33,314.062,3.81,2.0,0.0
2024-08-26,2509.89990234375,2523.10009765625,2509.10009765625,2517.699951171875,290,64.44650925831613,31.098927557760362,26.268162487422547,4.830765070337815,6.857159969513542,0.8802243088842404,2462.3562499115337,2415.753779453396,1,0.17719121375981425,0.003707562266860087,0.006355384936217234,0.05905855359442702,0.1339579844769433,0.1676757151925238,5.33,314.062,3.82,2.0,1.0
2024-08-27,2515.199951171875,2523.10009765625,2506.89990234375,2516.0,100,63.989161940293144,31.52064279365277,27.318658548668594,4.201984244984175,6.926994566107222,0.8329834573654612,2467.4651784913876,2419.685003788557,1,0.2903178980984178,-0.0006752000654739465,0.0018715211565691892,0.04615384615384621,0.13040026299774268,0.16648670676103877,5.33,314.062,3.83,2.0,1.0
2024-08-28,2501.0,2501.0,2501.0,2501.0,2353,59.94665139396828,30.295255667429956,27.913977972420867,2.3812776950090893,6.9535290398309595,0.7218779035468238,2470.6589710160174,2422.873827169398,1,5.93517467524278,-0.0059618441971383,-0.0029500488884710574,0.03070265814959816,0.1310402051251122,0.16611829506719933,5.33,314.062,3.84,2.0,1.0
2024-08-29,2504.10009765625,2525.699951171875,2503.89990234375,2525.699951171875,3966,63.981772679376505,30.960315925069608,28.523245562950617,2.437070362118991,7.195053242857645,0.8276152778730552,2475.900969126099,2426.906224189103,1,7.078982597054886,0.009876030056727325,0.018879362084720075,0.03724843990631421,0.13420071057573085,0.16571937824762864,5.33,314.062,3.87,2.0,1.0
2024-08-30,2519.5,2525.39990234375,2493.800048828125,2493.800048828125,208,56.118525049328404,28.583828863889266,28.53536222313835,0.04846664075091667,7.066333282059577,0.6309245301660085,2477.6056433834347,2429.5295114298488,1,0.3829513025867624,-0.012630123514453473,-0.005820385139539974,0.02807441110898745,0.14260774675453916,0.16662441256376798,5.33,314.062,3.91,2.0,0.0
2024-09-03,2501.60009765625,2501.800048828125,2476.300048828125,2489.89990234375,206,55.224896887709214,26.08504436576186,28.045298651663053,-1.9602542859011933,6.592225098884172,0.5891644637941866,2478.7765251891788,2431.896977740198,1,0.38379133674895205,-0.0015639371272799796,-0.011041843494966619,0.036723967591721474,0.13676227793359166,0.1662448732150867,5.13,314.732,3.84,2.0,0.0
2024-09-04,2490.89990234375,2493.39990234375,2483.5,2493.39990234375,470,55.90351643609191,24.10924403969875,27.258087729270194,-3.148843689571443,5.772308168817861,0.589638214116888,2480.169227775328,2434.308857136416,1,0.8512950552436153,0.0014056789980614326,-0.008982550737778205,0.043656523554546744,0.1342194704449805,0.15513613391155484,5.13,314.732,3.77,2.0,0.0
2024-09-05,2493.699951171875,2513.300048828125,2493.39990234375,2511.39990234375,54,59.31840754659734,23.722400547316738,26.550950292879506,-2.8285497455627677,4.790325570810703,0.7081146171157439,2483.1435777342253,2437.332035379841,1,0.09848623016596754,0.007219058596689809,0.0041582976184526554,0.05057515262235923,0.13525216657398176,0.15560295692782405,5.13,314.732,3.73,2.0,0.0
2024-09-06,2510.300048828125,2517.89990234375,2483.699951171875,2493.5,96,54.775614040859764,21.721064854384167,25.58497320518044,-3.8639083507962724,4.154830817469564,0.5321374659684496,2484.129903664299,2439.5347006590628,1,0.17677930209004697,-0.007127459998324093,-0.012748921801631563,0.029436070623991784,0.13313951361727883,0.1565641420227727,5.13,314.732,3.72,2.0,0.0
2024-09-09,2491.300048828125,2504.699951171875,2491.300048828125,2501.800048828125,96,56.44141070436992,20.567645458981133,24.58150765594058,-4.0138621969594475,3.568856977794955,0.5914665007707136,2485.8127746322825,2441.976479018634,1,0.1855789677169921,0.003328674083868055,0.003207955667399842,0.028658339859877868,0.13296854412187503,0.15494836921340627,5.13,314.732,3.7,2.0,0.0
2024-09-10,2512.300048828125,2512.300048828125,2512.300048828125,2512.300048828125,5,58.52279433329816,20.26718701005848,23.71864352676416,-3.451456516705683,3.4267894999655533,0.6887473724345015,2488.3353721747435,2444.734266069987,1,0.010219724067450179,0.004196978093800263,0.00899640441902494,0.020264842618324952,0.127053548145997,0.1511491570469971,5.13,314.732,3.65,2.0,0.0
2024-09-11,2525.800048828125,2525.800048828125,2502.300048828125,2512.10009765625,90,58.46550188935574,19.784869476422045,22.931888716695738,-3.1470192402736927,3.286851869418487,0.6665268922854859,2490.5986793634584,2447.376063387095,1,0.19220501868659903,-7.95888898574848e-05,0.007499878096137724,0.018405216436156557,0.12707733608603072,0.14909027874796923,5.13,314.732,3.65,2.0,1.0
2024-09-12,2529.10009765625,2557.0,2523.39990234375,2551.199951171875,132,65.56473698471413,22.30059340457501,22.805629654271595,-0.5050362496965839,3.0110252433003537,1.1258240934351673,2496.370229059498,2451.447588398263,1,0.28624091944052915,0.015564608095077315,0.015847754390283297,0.04583096388612162,0.12868017928061154,0.15056524224884602,5.13,314.732,3.68,2.0,0.0
2024-09-13,2568.800048828125,2581.800048828125,2565.0,2581.300048828125,31,69.83869436020518,26.418611754999347,23.528226074417148,2.890385680582199,3.502608910099832,1.306036203376732,2504.4587833231767,2456.539841748454,1,0.06912699297580556,0.011798407899162866,0.03521156961224192,0.05226038321646986,0.13258250231551877,0.15147264231948365,5.13,314.732,3.66,2.0,0.0
2024-09-16,2580.39990234375,2580.39990234375,2580.39990234375,2580.39990234375,28,69.56064598791372,29.272106050680577,24.677002069669836,4.595103981010741,4.2217911867005675,1.120633302385533,2511.691270848946,2461.3970990267007,1,0.06363636363636363,-0.00034871826883653423,0.03141732032199873,0.03273825401841224,0.11888124198218948,0.15053582519859904,5.13,314.732,3.63,2.0,0.0
2024-09-17,2581.199951171875,2581.800048828125,2564.300048828125,2564.300048828125,22,64.60623429650822,29.88984567652733,25.719570791041335,4.170274885485995,4.5229406561182435,0.90976124219057,2516.7016306564865,2465.432508822835,1,0.05037783375314862,-0.006239286205599992,0.020698164625780224,0.024982012463096614,0.12212693539027657,0.14696309201351238,5.13,314.732,3.65,2.0,0.0
2024-09-18,2570.699951171875,2570.699951171875,2549.199951171875,2570.699951171875,25,65.65347706262062,30.543738212215885,26.684404275276247,3.859333936939638,4.866316448526669,0.9083615503414937,2521.8443278484283,2469.560643816915,1,0.058329444703686416,0.0024957696922693895,0.023327037632894454,0.023653048695423173,0.12185327384726675,0.1467179885101791,5.13,314.732,3.7,2.0,0.0
2024-09-19,2566.0,2588.0,2566.0,2588.0,99,68.37729617633978,32.08803126535804,27.765129673292606,4.322901592065435,5.359287998521032,0.9686622292347368,2528.14486805334,2474.205324451546,1,0.23090379008746356,0.006729703643647111,0.01442460392460454,0.031733416024245065,0.12305437600742028,0.14625506703389426,5.13,314.732,3.73,2.0,1.0
2024-09-20,2590.39990234375,2621.800048828125,2590.39990234375,2619.89990234375,17,72.67966992713589,35.47699345959654,29.307502430553395,6.169491029043147,6.004530616322497,1.0806073668911813,2536.8834427476645,2479.9188373100637,1,0.04056311142925316,0.012326082822160078,0.014953648466069946,0.05688007001278561,0.11787432850712991,0.14645393404079177,5.13,314.732,3.73,2.0,1.0
2024-09-23,2626.5,2626.5,2626.5,2626.5,9,73.48351217203206,38.254370564873625,31.096876057417443,7.157494507456182,6.747517945312556,1.0195324149701246,2545.418352962173,2485.6671181998654,1,0.021694588405447753,0.002519217490082548,0.01786548573900415,0.047081845899412667,0.11290693520515802,0.1453130066301472,5.13,314.732,3.75,2.0,1.0
2024-09-24,2636.800048828125,2662.300048828125,2625.5,2651.199951171875,35,76.29453156928608,41.96479750078288,33.27046034609053,8.694337154692349,7.724438394136246,1.0443533394489004,2555.4927908869063,2492.1586018458265,1,0.0870430241233524,0.009404131418951023,0.0338883518656341,0.05302458695995993,0.11559316002678813,0.14607739771056613,5.13,314.732,3.74,2.0,1.0
2024-09-25,2656.300048828125,2664.199951171875,2649.300048828125,2659.199951171875,175,77.13982213717378,45.03177247905023,35.62272277268247,9.40904970636776,8.56394511128177,0.9934579962258052,2565.3696632949986,2498.7092429958675,1,0.43119379080941234,0.003017501564325231,0.03442642147313091,0.05691571986163546,0.11495371658433758,0.14601400762095623,5.13,314.732,3.79,1.0,1.0
2024-09-26,2662.300048828125,2669.89990234375,2660.800048828125,2669.89990234375,17216,78.25658687155213,47.775047869135506,38.05318779197308,9.721860077162425,9.228620049810337,0.965952200452438,2575.3249241567846,2505.4226021859804,1,14.983463881636206,0.004023748258253246,0.03164602099835778,0.06753294775839658,0.11024469285651693,0.14579449094445568,5.13,314.732,3.79,1.0,1.0
2024-09-27,2670.0,2672.10009765625,2641.699951171875,2644.300048828125,4228,69.5076539970046,47.3377391579088,39.91009806516023,7.427641092748573,9.548629255133095,0.8205994035919255,2581.893983649293,2510.868776564104,1,3.6382411152224425,-0.009588319582000904,0.009313388829300884,0.0469573187429575,0.11636052703592747,0.14509988580236258,5.13,314.732,3.75,1.0,1.0
2024-09-30,2660.89990234375,2662.10009765625,2623.199951171875,2636.10009765625,973,66.92663248170501,45.80152979884451,41.08838441189709,4.713145386947424,9.443109180763058,0.7602502280580105,2587.0564706975747,2515.779808763796,1,0.8105969092348065,-0.0031009911963315595,0.0036550914358461917,0.05706153101368083,0.10430336340658303,0.14387777451957137,5.13,314.732,3.81,1.0,2.0
2024-10-01,2631.39990234375,2670.89990234375,2631.39990234375,2667.300048828125,153,71.29434274043169,46.56487720589439,42.18368297069655,4.381194235197839,9.439920103221391,0.8510671978860841,2594.698716233818,2521.7217789623974,1,0.12774484428487934,0.011835647363927837,0.006072758732940331,0.07124790290460581,0.10762817757080373,0.14156409373068957,4.83,315.631,3.74,1.0,2.0
2024-10-02,2650.60009765625,2657.199951171875,2640.0,2647.10009765625,72,65.2831887712808,45.020895426129755,42.7511254617832,2.2697699643465583,9.108266262962756,0.74453964870984,2599.689323988335,2526.6385757739213,1,0.061130922058074376,-0.007573182919840549,-0.004550185671556073,0.06164281757131085,0.1144224546457218,0.14294619033387293,4.83,315.631,3.79,1.0,2.0
2024-10-03,2642.800048828125,2657.10009765625,2640.0,2657.10009765625,354,66.7766059523542,44.09588525194249,43.02007741981506,1.0758078321274311,8.913317606830619,0.7609172711147149,2605.157016718613,2531.754713886954,1,0.29678068410462777,0.003777718873892999,-0.004794114070068245,0.058015529576363356,0.11339568319749205,0.14284418959860776,4.83,315.631,3.85,0.0,2.0
2024-10-04,2656.0,2667.0,2639.0,2645.800048828125,114,63.45482515168187,41.96721657360422,42.8095052505729,-0.8422886769686784,8.23974035001439,0.6932760626458555,2609.0277816814237,2536.2270799630783,1,0.09550138225684845,-0.004252774985064489,0.0005672578649555948,0.061078824474884774,0.11044944154067547,0.13942378893500312,4.83,315.631,3.98,0.0,2.0
2024-10-07,2648.699951171875,2657.39990234375,2639.0,2644.800048828125,284,63.155418386575846,39.74142525497882,42.19588925145408,-2.454463996475262,7.477565808096477,0.6706571611068589,2612.434664266824,2540.4848434479823,1,0.23605685312941568,-0.00037795751059988003,0.003300311387875565,0.05715884451556508,0.11106958387145328,0.1394216661081064,4.83,315.631,4.03,1.0,2.0
2024-10-08,2639.0,2639.0,2609.300048828125,2615.0,687,54.84977190214761,35.16746605033677,40.79020461123062,-5.6227385608938505,6.603069248171252,0.49068155041367095,2612.6789819556975,2543.4070064500224,1,0.555286129970902,-0.011267410873396222,-0.019607861084508627,0.040878855700289485,0.12161915307681026,0.1418029867491173,4.83,315.631,4.04,1.0,2.0
2024-10-09,2603.0,2607.699951171875,2603.0,2606.0,152,52.599899159172956,30.465162217066336,38.72519613239777,-8.260033915331434,5.508692825823686,0.39400939778212457,2612.042888436107,2545.861633648061,1,0.12255099572684028,-0.0034416826003823564,-0.01552646146348613,0.03737904490006483,0.12296435883027554,0.13866365560835,4.83,315.631,4.06,1.0,2.0
2024-10-10,2602.5,2628.300048828125,2602.5,2620.60009765625,320,55.76948868467672,27.598519856260737,36.49986087717036,-8.901341020909626,4.9274230369386,0.4677198414973106,2612.8578607427876,2548.792553805245,1,0.25606145474913977,0.005602493344685433,-0.013736780195896858,0.027202942855379275,0.11307427247522116,0.13872535658213492,4.83,315.631,4.09,1.0,2.0
2024-10-11,2638.300048828125,2658.10009765625,2638.199951171875,2657.60009765625,12,62.59564958778282,27.989628891455595,34.79781448002741,-6.808185588571817,4.788654393654963,0.7304690562202285,2617.1190261631173,2553.059516309206,1,0.00960960960960961,0.014118903541632033,0.00445991708003457,0.02955876782428457,0.11611684072760371,0.141136542056932,4.83,315.631,4.08,1.0,2.0
2024-10-14,2655.0,2655.300048828125,2647.800048828125,2647.800048828125,40,59.95627865617233,27.195312942525106,33.27731417252695,-6.082001230001843,4.511591307712138,0.633397249194445,2620.0410283216893,2556.7748313099482,1,0.0320166486573018,-0.003687555865447112,0.0011343012494759996,0.026120039154844177,0.11740683784945288,0.13199050823522912,4.83,315.631,4.08,1.0,2.0
2024-10-15,2661.39990234375,2661.39990234375,2661.39990234375,2661.39990234375,39,62.33006601211334,27.347956135435197,32.0914425651086,-4.743486429673403,3.9328131260674652,0.7370747247790923,2623.9799687047425,2560.877775272058,1,0.031195008798592223,0.005136284184919404,0.017743748506214185,0.037866026465974256,0.11462006832821146,0.1320132372257026,4.83,315.631,4.03,1.0,2.0
2024-10-16,2674.0,2674.0,2674.0,2674.0,6,64.43370116157676,28.161026756185947,31.305359403324072,-3.1443326471381248,3.371933213808974,0.859428576716887,2628.743781209053,2565.3139409476635,1,0.004802881729037423,0.004734387209210489,0.02609363008442056,0.04018362733505132,0.11505642870065626,0.13195805115415626,4.83,315.631,4.02,1.0,2.0
2024-10-17,2677.39990234375,2691.699951171875,2677.199951171875,2691.0,30,67.1029678835498,29.833249872088345,31.010937497076927,-1.1776876249885824,3.18384673774563,1.0205231373449237,2634.6729449034287,2570.2428060085394,1,0.02408091186386258,0.006357516828721099,0.02686403866301945,0.03979907264296756,0.11486182344039689,0.13223849165619986,4.83,315.631,4.09,1.0,2.0
2024-10-18,2713.699951171875,2719.60009765625,2713.699951171875,2713.699951171875,29,70.30747416279276,32.61423844814908,31.33159768729136,1.2826407608577206,3.714638104453661,1.1281874719668967,2642.1993264528046,2575.8685764071015,1,0.023267008985879332,0.00843550768185608,0.02110921562845358,0.03580291321214668,0.11103179367465436,0.11974368070262235,4.83,315.631,4.08,1.0,2.0
2024-10-21,2721.89990234375,2738.39990234375,2719.5,2723.10009765625,52,71.5436438164292,35.171272653808956,32.09953268059488,3.071739973214072,4.272234870607581,1.0854718213384038,2649.9041618055135,2581.642361554127,1,0.041648312041968685,0.003463959410956896,0.02843872174617257,0.036779020619170044,0.1111672503612268,0.11812527708767427,4.83,315.631,4.19,1.0,2.0
2024-10-22,2731.699951171875,2746.0,2728.60009765625,2744.199951171875,93,74.14557235844714,38.45701400531516,33.37102894553894,5.08598505977622,5.130708447537267,1.1071317882985077,2658.8847131737384,2588.017168990117,1,0.0743137959966439,0.007748467834063577,0.031111464592452842,0.03507845568528034,0.10983242139004597,0.11843650754067372,4.83,315.631,4.2,0.0,2.0
2024-10-23,2742.5,2742.5,2714.199951171875,2714.39990234375,18,65.09298941189988,38.21584434279521,34.339992024990195,3.8758523178050126,5.4102872034428175,0.849259199009984,2664.171874047073,2592.973354611828,1,0.014474107430041815,-0.010859284803718228,0.015108415237004458,0.020758104762881535,0.11845804535600654,0.11994578611897896,4.83,315.631,4.24,0.0,2.0
2024-10-24,2729.0,2736.10009765625,2729.0,2734.89990234375,27,67.98843719060159,39.22671319019082,35.31733625803032,3.909376932160498,5.879360595856597,0.9310008073176502,2670.9078767419946,2598.5391015817077,1,0.07028504490433425,0.007552313858506743,0.016313601762820484,0.024345481994639595,0.12027257426792119,0.11964128457624867,4.83,315.631,4.21,0.0,2.0
2024-10-25,2725.5,2742.39990234375,2725.5,2740.89990234375,29,68.80404877242628,40.050308860484165,36.26393077852109,3.786378081963072,6.276428095018878,0.9099806790152957,2677.5737839421618,2604.12187808218,1,0.16647531572904709,0.0021938645706405246,0.01002319772314153,0.03653135110685923,0.11326076392778057,0.11960115462694221,4.83,315.631,4.25,1.0,2.0
2024-10-28,2736.10009765625,2742.89990234375,2729.5,2742.89990234375,56,69.08678671033971,40.3987065068909,37.09088592419506,3.3078205826958467,6.537439538572872,0.8737454700161944,2683.7953190280273,2609.5641535434183,1,0.436306973120374,0.0007296873549778038,0.007271052835898795,0.040514320674869486,0.11186981117682616,0.11902069367486647,4.83,315.631,4.28,1.0,2.0
2024-10-29,2768.39990234375,2768.39990234375,2768.39990234375,2768.39990234375,848,72.50804838634855,42.24547154032189,38.12180304742043,4.123668492901459,7.14729729127086,0.947845741651817,2691.8528983914293,2615.793006437549,1,5.199264255058247,0.009296730069591863,0.008818581591163,0.03790344230677878,0.10928211836141971,0.11724871425765326,4.83,315.631,4.28,1.0,2.0
2024-10-30,2774.60009765625,2789.0,2774.60009765625,2788.5,231,74.86903725209646,44.814363940342446,39.46031522600483,5.354048714337615,7.793529655073033,0.9717931949500269,2701.0573842589124,2622.5658297145083,1,1.35048231511254,0.007260547018237196,0.027298887533951044,0.053416907985061046,0.10484366542745717,0.11657077100605447,4.83,315.631,4.29,0.0,2.0
2024-10-31,2787.39990234375,2787.5,2733.5,2738.300048828125,849,60.82057732422873,42.311769414507125,40.03060606370529,2.281163350801833,7.851250492974679,0.7110540516339111,2704.6043046940754,2627.1044265424935,1,4.33605720122574,-0.018002492799668257,0.0012432434845097706,0.03055961318261935,0.12796768972511158,0.12403447668107924,4.83,315.631,4.28,0.0,2.0
2024-11-01,2745.5,2756.0,2734.199951171875,2738.60009765625,109,60.86784166383438,39.892797320275804,40.003044315019395,-0.11024699474359068,7.78835347386459,0.6917412705805486,2707.8419992619015,2631.4768058018567,1,0.5574021989261059,0.0001095748540242969,-0.0008390691996936761,0.03507447543862119,0.12628454422074417,0.12199942130012487,4.64,316.528,4.37,0.0,2.0
2024-11-04,2736.5,2737.10009765625,2736.10009765625,2736.10009765625,16,60.21603250809689,37.34354229123119,39.47114391026175,-2.127601619030564,7.64373324556101,0.6608425692624983,2710.53324672803,2635.579679992225,1,0.08783969256107603,-0.0009128751591513939,-0.0024790568119856804,0.03452058648765477,0.1264169180732571,0.12207311301312979,4.64,316.528,4.31,0.0,2.0
2024-11-05,2743.0,2743.89990234375,2740.300048828125,2740.300048828125,23,60.972161635377965,35.25573411647383,38.62806195150417,-3.3723278350303403,7.100148469960232,0.6620204256282475,2713.3681802613723,2639.6863611230447,1,0.1544142329640819,0.0015350137136695974,-0.010150214747455921,0.04791588865320273,0.11670729879456157,0.12012764920357465,4.64,316.528,4.26,0.0,2.0
2024-11-06,2734.5,2734.5,2659.39990234375,2667.60009765625,427,45.02139976522491,27.418785918933736,36.38620674499008,-8.967420826056347,6.356068787889643,0.24119821470956226,2709.0093152513605,2640.7810174576803,1,2.624462200368777,-0.026529923685898793,-0.04335660833557464,0.02363779649127018,0.15537887525530605,0.1337279277800386,4.64,316.528,4.42,1.0,2.0
2024-11-07,2662.5,2699.10009765625,2662.5,2698.39990234375,676,50.88377178126239,23.423226469505607,33.79361068989319,-10.370384220387585,5.5732319219511055,0.3830380831790547,2707.998894974445,2643.0405815708596,1,3.7451523545706373,0.01154588527514333,-0.014571137484166719,0.029687782106503358,0.15896811625970397,0.13277271794331386,4.64,316.528,4.31,1.0,2.0
2024-11-08,2688.5,2694.60009765625,2682.89990234375,2687.5,1038,48.8966779372529,19.156363164389404,30.866161184792436,-11.709798020403031,5.306315497067335,0.2912686320457399,2706.046619262593,2644.784088175924,1,4.47799827437446,-0.004039394729551615,-0.01865920391224063,0.011250715399250266,0.15285831356377408,0.13302850149373735,4.64,316.528,4.3,1.0,2.0
2024-11-11,2671.699951171875,2671.699951171875,2611.199951171875,2611.199951171875,20,37.775788712420265,9.508459378771022,26.594620823588155,-17.086161444817133,5.92599054695941,-0.14976049300136224,2697.0136032539535,2643.467063195373,1,0.08665511265164644,-0.028390715843023218,-0.045648968249138555,-0.013822832910834304,0.18477371564129244,0.14230806691102094,4.64,316.528,4.3,1.0,2.0
2024-11-12,2605.5,2605.5,2592.800048828125,2600.0,118,36.46476782705902,0.9477584916699016,21.465248357204505,-20.517489865534603,6.808002283612022,-0.11024244416151179,2687.7742124678625,2641.7624724818293,1,0.5026624068157615,-0.004289197066983941,-0.05119879076312228,-0.0230705285175965,0.18386263738688222,0.14267549950744962,4.64,316.528,4.43,1.0,2.0
2024-11-13,2611.10009765625,2611.800048828125,2580.800048828125,2580.800048828125,53,34.26909615825366,-7.301764046028438,15.711845876557918,-23.013609922586355,7.961140893413467,-0.09019167208571165,2677.5861968831255,2639.371789201292,1,0.22353437368199072,-0.007384596604567362,-0.03253862859893708,-0.03485413282418659,0.18375227904256655,0.143464505487145,4.64,316.528,4.44,1.0,2.0
2024-11-14,2555.10009765625,2576.199951171875,2554.199951171875,2568.199951171875,27,32.87029489455675,-14.686990188643449,9.632078663517646,-24.319068852161095,9.162604218418036,-0.040061638107574245,2667.16845919634,2636.58073672955,1,0.11394809031441233,-0.00488224481473154,-0.04825079894895756,-0.0456336116046544,0.1814876932004789,0.14384785700470346,4.64,316.528,4.43,1.0,2.0
