Date,Open,High,Low,Close,Volume,rsi,macd,macd_signal,macd_diff,bb_width,bb_pct_b,ema_short,ema_long,ema_cross,volume_ratio,return_1d,return_5d,return_20d,volatility_20d,volatility_60d,fed_rate,cpi,us_10y,target_trend,target_volatility
2015-03-31,34.928727831828425,35.142856871047286,34.72316578389423,34.82594680786133,34887200,33.82062734647835,-0.4717424690897616,-0.3720226122364773,-0.09971985685328427,7.485045491900753,0.07775631602674273,35.9589843257554,36.77231116698969,-1,0.9172843627011026,-0.007324200273748249,-0.05221470035808451,-0.06053622853591156,0.20466621211169514,0.29387175077794286,0.11,235.976,1.94,2.0,2.0
2015-04-01,34.774546512799816,34.911588935090045,34.52615936870126,34.8773307800293,36865300,34.6300764969897,-0.4998821061036267,-0.3975945110099072,-0.10228759509371949,7.560541890309634,0.13671578454294217,35.855969702352915,36.6979982106383,-1,0.9553326967955735,0.0014754508312857517,-0.017848572075561897,-0.0543431267252279,0.2051540757509846,0.2935976318328538,0.12,236.222,1.87,2.0,2.0
2015-04-02,34.82594708351664,34.89446994493697,34.36342757097899,34.509037017822266,37487500,31.64268823122849,-0.5456117274603045,-0.4271979542999867,-0.11841377316031781,7.754164894754107,0.05527798872221142,35.72769039906428,36.612156595233756,-1,0.9537914593969798,-0.010559688885879881,-0.022324453201335803,-0.06541393822333197,0.20639858053587004,0.2929476545935357,0.12,236.222,1.92,2.0,2.0
2015-04-06,34.5518764485664,35.78525905758858,34.41483393645282,35.588260650634766,39223700,46.26979640327526,-0.4891300671882135,-0.4395843768776321,-0.049545690310581425,7.6424804661098005,0.45653308219130123,35.714411375404325,36.57200381309262,-1,0.9942028889996835,0.031273652529195006,0.014157054589957419,-0.019121933063613983,0.2321223833332701,0.2991140350603378,0.12,236.222,1.92,2.0,2.0
2015-04-07,35.639628800586486,35.89658292922058,35.38267467195239,35.57110595703125,28809400,46.10093149804326,-0.44067238792132457,-0.4398019790863706,-0.000870408834953984,7.216427919893636,0.46919929032734276,35.70076324032117,36.53275291677649,-1,0.7332972234411573,-0.00048203236937938154,0.013915752179134211,-0.030805509869104908,0.2274369043846445,0.29223221007742833,0.12,236.222,1.89,2.0,2.0
2015-04-08,35.5111634427049,35.70816179090699,35.151428180948955,35.47690200805664,24753400,45.12695458112948,-0.40519990707006315,-0.4328815646831091,0.027681657613045973,7.175574653191495,0.44236839578124926,35.679443122962645,36.49134699878748,-1,0.641825760332656,-0.002648327805393591,0.018691672728575304,-0.01451358278066961,0.21766198891813793,0.2919407944848206,0.12,236.222,1.92,2.0,2.0
2015-04-09,35.33129147092355,35.64820153410782,35.33129147092355,35.528289794921875,25723900,45.79964705263554,-0.3686911039515337,-0.4200434725367941,0.05135236858526038,7.131199837908348,0.47064889927736775,35.665047567911145,36.45358004961628,-1,0.6726504830543011,0.0014484857458401112,0.018664244090184745,-0.01191040371881713,0.2177894994823093,0.29119510689320477,0.12,236.222,1.97,2.0,2.0
2015-04-10,35.65676961400602,35.93085453118462,35.468335008189506,35.733856201171875,28022000,48.51849934305299,-0.31948727304440894,-0.39993223263831706,0.08044495959390813,7.02712061614733,0.5403636323241983,35.671600771078836,36.4253555849714,-1,0.7647076320943607,0.005785992161080111,0.035492708264129424,0.017064690780246305,0.20169603420978915,0.29152098789622966,0.12,236.222,1.96,2.0,2.0
2015-04-13,35.45978046555655,36.02508116202886,35.45121347179213,35.768123626708984,30276700,48.977967346450775,-0.2745627986664161,-0.3748583458439369,0.10029554717752082,7.013538219066254,0.5476200068641527,35.68079342399599,36.3995817826866,-1,0.8587302793843696,0.0009589624289132459,0.005053997379639075,0.00918321955570911,0.19953764301799368,0.2911972909671342,0.12,236.222,1.94,2.0,2.0
2015-04-14,35.802379900715216,35.99937825330932,35.45120835611698,35.67390441894531,24244400,47.71695468217159,-0.24375270228114232,-0.348637217131378,0.1048845148502357,7.011699220945923,0.5083961101299113,35.68013732827688,36.371123846853614,-1,0.6985637812872189,-0.002634166912052316,0.0028899428102753255,0.0021653553010911875,0.19927358894138505,0.2906023615786681,0.12,236.222,1.9,2.0,2.0
2015-04-15,35.76811488807039,36.36767687841762,35.69959529144928,36.19637298583984,27343600,54.684375790783484,-0.17515752510700366,-0.3139412787265032,0.13878375361949952,7.131357303751813,0.7041765399195205,35.72930262899716,36.3642708719119,-1,0.7928076817415117,0.014645679395189903,0.020279983230210075,0.013429135293817174,0.20554527312119256,0.2900963302622136,0.12,236.222,1.91,2.0,2.0
2015-04-16,35.930842589551695,36.26488326713516,35.819494607907586,36.11071014404297,22509700,53.42721532049175,-0.12625227082494206,-0.27640347714619096,0.1501512063212489,6.981990917430234,0.6800742128185319,35.76562715423962,36.354327313956254,-1,0.6738357842403545,-0.0023666139651721263,0.016393143393137466,-0.008000377257651015,0.1939306080753866,0.28994240426108814,0.12,236.222,1.9,2.0,2.0
2015-04-17,35.69102614248798,35.750985278513554,35.254204346800165,35.64820098876953,42387600,47.12758348943516,-0.12339273332292322,-0.24580132838153743,0.1224085950586142,6.837416783143538,0.5059754838401243,35.75444370990913,36.32663608551756,-1,1.2529313203123371,-0.012808088055552558,-0.002397032436693314,-0.015843250415990884,0.19839683818920487,0.29034250164366293,0.12,236.222,1.87,2.0,2.0
2015-04-20,35.74242333908662,36.975805584189274,35.6995981793154,36.75311279296875,46057700,59.43346016173821,-0.031605057357324995,-0.20296207417669496,0.17135701681936996,6.863306444889557,0.9571984100944171,35.849555051152905,36.343360662280354,-1,1.4154873295110808,0.03099488259021288,0.027538183901943514,0.0006996353919122011,0.22213029816525212,0.29231173290145285,0.12,236.222,1.9,2.0,2.0
2015-04-21,36.83020079049403,36.95867954205219,36.427637085138834,36.521854400634766,26013800,56.470929158228344,0.022220572655832882,-0.1579255448101894,0.18014611746602227,6.692385722861499,0.8759543522935811,35.913583560627366,36.35036041672563,-1,0.7997653626441465,-0.006292212407603914,0.023769475068704082,-0.005132915344409628,0.22327154264956126,0.29243229333974285,0.12,236.222,1.92,2.0,2.0
2015-04-22,36.547540412640224,36.94154030176091,36.444759395515085,36.82162857055664,25064300,59.30282662743929,0.08805203339887413,-0.1087300291683767,0.19678206256725084,6.7750283268757885,0.9939184429770089,36.00006403776349,36.36884152079743,-1,0.7711062584257979,0.008208076365275208,0.01727398446693562,0.002097615912355577,0.22525447576977572,0.29307742811196763,0.12,236.222,1.99,2.0,2.0
2015-04-23,36.73596989562882,37.35266244738833,36.65888332665889,37.12140274047851,46309500,61.96746389726797,0.16253955570244472,-0.05447611219421241,0.21701566789665713,7.665468736918908,1.015659988828121,36.10685819992682,36.39835372549081,-1,1.4185212912205725,0.008141252344323835,0.027988721141289252,0.04534486707323926,0.18667805736101944,0.2152924900772808,0.12,236.222,1.96,2.0,2.0
2015-04-24,39.10853408918125,41.23269411902848,39.09997036382377,41.001434326171875,130933700,80.11516414695132,0.5285646121414374,0.062132032672917545,0.4664325794685198,14.81971701435438,1.4385065848556917,36.57300830718825,36.5788666902234,-1,3.508572554026886,0.10452276312991904,0.15016840089879446,0.16161165852489745,0.3896982707231552,0.28563110049534857,0.12,236.222,1.93,0.0,0.0
2015-04-27,40.453257428563866,41.22412327157369,40.444693704685896,41.13846969604492,59248200,80.46961755589783,0.8202444481203628,0.21375451576240662,0.6064899323579562,18.98825063859102,1.2023871647041218,37.00781415374603,36.75767465123601,1,1.5364971960343423,0.0033422091720722857,0.11931933297130515,0.17232111079682633,0.38688584157937567,0.2834093632950682,0.12,236.222,1.94,0.0,0.0
2015-04-28,40.92434887485988,42.14916747836155,40.855829268029616,42.10634231567383,60730800,82.80145875273831,1.1166302328819881,0.39432965918632296,0.7223005736956651,23.047442963724958,1.1461473694479756,37.49338826440582,36.967426324351216,1,1.5241907188473627,0.023527190650991958,0.15290811506389446,0.2001955686190764,0.3892698737730924,0.2730935702511469,0.12,236.222,2.0,0.0,0.0
2015-04-29,41.72947524483312,42.23481999329346,41.54104061299524,42.02069091796875,47804600,81.86989328573245,1.3292835968198204,0.5813204467130225,0.7479631501067979,25.592059590379407,1.0292190781273882,37.92455994569753,37.16559356331661,1,1.1806377250559328,-0.002034168559761018,0.14119588267123495,0.2065914862215128,0.386735284918957,0.27066168113902744,0.12,236.222,2.06,0.0,0.0
2015-04-30,41.71234567747038,42.43181952110403,41.626692084567274,41.66095352172851,64725500,77.90547744931649,1.4520468264520119,0.7554657226608205,0.6965811037911914,26.981881699787262,0.9280432822709405,38.28040695293858,37.34188218913669,1,1.5453698950660761,-0.008560958622563009,0.1222893114515824,0.19449948118115468,0.3910975702446039,0.2715096842672392,0.12,236.222,2.05,0.0,0.0
2015-05-01,41.60956190996383,41.86651613715435,41.455388720179464,41.67808151245117,38937300,77.9602002275685,1.533047637230574,0.9109821055747712,0.6220655316558027,27.56763968695457,0.8821289426909296,38.60399500622549,37.511929221423536,1,0.928051036335932,0.00041112814937682707,0.01650301257503517,0.2077439741632443,0.38572649222724503,0.27147585574419875,0.12,237.001,2.12,0.0,0.0
2015-05-04,41.42969269790442,41.8579508497833,41.26695577643659,41.3183479309082,34039500,73.82455207255155,1.5503424866094377,1.0388541817817045,0.5114883048277332,28.052167097877717,0.812061093711539,38.862504808576226,37.66120054336411,1,0.8163580017449789,-0.008631241374090104,0.004372506711900703,0.16101060224676167,0.3821659747004869,0.271308105344727,0.12,237.001,2.16,0.0,0.0
2015-05-05,40.958599074694405,41.24981467536472,40.52177730736373,40.770164489746094,50369200,67.91235323463148,1.5024951284333952,1.1315823711120427,0.3709127573213524,27.910632356596064,0.7358191049489721,39.044186682973354,37.783120698124186,1,1.1775446133316438,-0.013267312673749032,-0.03173341003857155,0.14615959759573238,0.38839789769854616,0.2731185888910646,0.12,237.001,2.19,1.0,0.0
2015-05-06,40.744482842997506,40.915786767875595,39.41688314305586,39.63957595825195,52433000,57.65673987108508,1.3576960318693452,1.1768051032635032,0.180890928605842,27.10446806853042,0.6130985840196621,39.10089042347608,37.85592286518802,1,1.1873750955359923,-0.027730781703823815,-0.05666529768311335,0.11733476472240967,0.40672769647073015,0.2799717290115494,0.12,237.001,2.25,1.0,0.0
2015-05-07,39.63100729080264,40.33335035461347,39.536789980499925,39.99930953979492,32971700,59.74001923707818,1.2574738227542852,1.1929388471616598,0.06453497559262544,26.220870938892666,0.6296600459452042,39.18645414883978,37.93997724458437,1,0.7405852590477243,0.009075111749980325,-0.03988492440690172,0.12584393368442126,0.4066049262339944,0.28026693846863343,0.12,237.001,2.18,1.0,0.0
2015-05-08,40.72733202392201,41.09563413707183,40.70163759144379,40.89863586425781,35364900,64.44908744204909,1.236363094228082,1.2016236965749443,0.03473939765313783,25.521826162488885,0.6968315545023417,39.34951907411769,38.05600307280686,1,0.7878425295152176,0.02248354621142057,-0.018701572143154044,0.14453462940046657,0.4107003121126617,0.28303148341225925,0.12,237.001,2.16,1.0,0.0
2015-05-11,40.72734670810344,41.03569307841189,40.57317352294922,40.57317352294922,24609400,61.63921479206166,1.179770933891163,1.1972531440381882,-0.017482210147025112,24.469168187680705,0.6450359188703082,39.466057593054025,38.15471563947911,1,0.5517194067380907,-0.007957779872874049,-0.0180349516685675,0.13433888638911373,0.4135919041456629,0.28213485437297053,0.12,237.001,2.28,1.0,0.0
2015-05-12,40.12778738186577,40.83869747979287,39.759485111167464,40.55604553222656,29928300,61.487284093955566,1.1206213282830362,1.1819267808871579,-0.06130545260412168,23.05569379168666,0.6242362035456649,39.569865968213314,38.248885439194694,1,0.6667161961201508,-0.00042215062898565137,-0.005251854148721535,0.13685468952169133,0.4130311410305634,0.28012201040739104,0.12,237.001,2.28,1.0,0.0
2015-05-13,41.275514905509766,41.38686292745697,40.74447577117316,40.795867919921875,34184600,62.86738842022981,1.0806395619015632,1.161669337090039,-0.08102977518847587,21.828638057126092,0.6315965433769253,39.68662805885222,38.348767105105566,1,0.7557753597547178,0.005913357294777377,0.029170139531454975,0.1270706027888866,0.4119136979148914,0.2802663605150263,0.12,237.001,2.27,0.0,0.0
2015-05-14,41.13846728384878,41.815115787775895,41.13846728384878,41.72946548461914,32980900,67.71728516127486,1.111474854804726,1.1516304406329765,-0.04015558582825052,20.503031524576272,0.7188244085360529,39.88118400416336,38.481343512145315,1,0.7208195437738943,0.022884610925053117,0.043254645260886404,0.15559802945340517,0.41473918913210034,0.283530029181341,0.12,237.001,2.23,0.0,0.0
2015-05-15,41.857945876827536,41.892207309071495,41.15560285257645,41.36973190307617,28642700,64.23583390741936,1.0942704839954658,1.1401584493054744,-0.045887965310008605,18.041277615629973,0.6579216854758502,40.022950470726485,38.594613645123,1,0.6355513998120152,-0.008620613213355499,0.011518624738045657,0.1604998500796473,0.41228030706182645,0.28430738715124076,0.12,237.001,2.14,0.0,0.0
2015-05-18,41.09565488926358,41.30122025494127,40.77874474838816,41.1213493347168,24136500,61.87062189100122,1.0485069631333772,1.121828152071055,-0.0733211889376777,16.196921241391106,0.6036921718961432,40.12755988634461,38.693701319224715,1,0.5489133623612792,-0.0060039685280364186,0.01351079455141746,0.11885351225498741,0.4054968847956491,0.28441791040129777,0.12,237.001,2.23,0.0,0.0
2015-05-19,41.00065269695736,41.21617336302688,40.67306036372805,41.01789474487305,28574800,60.8653667869195,0.9924507676768712,1.0959526751922182,-0.10350190751534694,13.484042724459982,0.5640035580039917,40.21235368239494,38.78484615944622,1,0.6479624358297277,-0.0025158364576428616,0.011387925193039106,0.12310547802195226,0.40423869206352003,0.28433514298516177,0.12,237.001,2.27,0.0,0.0
2015-05-20,40.8540969339662,41.31962236193663,40.750647935056456,41.01789474487305,25047900,60.8653667869195,0.9372221157644915,1.0642065633066728,-0.1269844475421813,10.273163023435767,0.5336132192970453,40.289071878821424,38.872416692208056,1,0.5679969794993724,0.0,0.005442385130449701,0.11396199291608267,0.40464435086854217,0.2842933376598996,0.12,237.001,2.26,0.0,0.0
2015-05-21,40.759271860855726,41.03513808110704,40.52650912090904,40.87996292114258,22410700,59.37370609349553,0.872268102079552,1.0258188710612488,-0.15355076898169684,5.85826870203797,0.42322054940167975,40.345347216185345,38.951143995303525,1,0.5223487665751982,-0.0033627231379960154,-0.020357379458638802,0.10125048902221567,0.40567349172275863,0.284362376410313,0.12,237.001,2.19,0.0,0.0
2015-05-22,40.776506021581994,40.819609493547304,40.3627067712636,40.43167495727539,25720600,54.6830875729994,0.7756769648716926,0.9757904898233376,-0.20011352495164503,6.014514688771751,0.2550747424653088,40.35356890581297,39.00920403302791,1,0.6832761049813837,-0.010965958181809898,-0.02267495830039523,-0.01389608383853047,0.20283578511888103,0.2854919300084124,0.12,237.001,2.21,0.0,0.0
2015-05-26,40.37133381752676,40.41443729416712,39.81959813534293,40.164432525634766,29581900,52.043503494332896,0.6698420398643279,0.9146007998315357,-0.24475875996720786,6.293133869696669,0.18091485519921505,40.33555591722457,39.05450711116936,1,0.8180893999790928,-0.006609729424344235,-0.02327055956488644,-0.023677039462257854,0.20329065356097634,0.2856815593519786,0.12,237.001,2.14,0.0,0.0
2015-05-27,40.36271226145919,41.181691494535315,40.190295061561386,41.043758392333984,27335600,59.048134738943936,0.6494350647392437,0.8615676528130773,-0.21213258807383362,5.78577642673614,0.5461954027832668,40.40300377199689,39.13251696533268,1,0.7925664207401686,0.021893148026876696,0.0006305454636763574,-0.025235721387851462,0.20080558340598947,0.288762181597405,0.12,237.001,2.14,0.0,0.0
2015-05-28,40.94893004777899,41.39721346609009,40.85410042044216,40.90582656860352,19283700,57.62627202033013,0.6150426160702693,0.8122626454645158,-0.19722002939424643,5.255776792622103,0.5126690005172642,40.450891657388,39.202058518402126,1,0.5832245919912437,-0.0033606041243100515,-0.002732177674319325,-0.026531318857693775,0.20092765647699085,0.28720075979769344,0.12,237.001,2.13,0.0,0.0
2015-05-29,40.88856917771658,41.00926018955816,40.16441981808366,40.39718246459961,36519600,52.59656080165072,0.5405123347017309,0.7579125833119589,-0.217400248610228,5.049657449072567,0.2970749781189957,40.445776496170055,39.24892612413536,1,1.1537251324018343,-0.012434514754294468,-0.011809708767942184,-0.030334664723162708,0.20326880850415918,0.288343727794165,0.12,237.001,2.12,1.0,0.0
2015-06-01,40.569614962548066,41.18169291920459,40.19029645193358,40.71616744995117,28837300,55.23531517902521,0.5014060750854554,0.7066112816666582,-0.20520520658120278,4.669237966868098,0.47312580215778754,40.47152801557778,39.30646499965755,1,0.9257964392666903,0.00789621864423573,0.007036376627394425,-0.023079614694179962,0.2059226720867378,0.2886355190030799,0.13,237.657,2.19,0.0,0.0
2015-06-02,40.45754768826361,40.819620900251515,40.19030082566418,40.44892501831055,21498300,52.59385552827359,0.44373475377276606,0.6540359760878798,-0.21030122231511372,4.5486714745753085,0.35158291742522857,40.46937534917138,39.351267353330215,1,0.7043639287350131,-0.006563545843776275,0.007083194627341083,-0.021042054102731522,0.20504698533067187,0.28638961438254845,0.13,237.657,2.27,1.0,0.0
2015-06-03,40.83685994313687,41.155832936200966,40.36271507678443,40.38857650756836,28002200,51.98923017089871,0.388679737599368,0.6009647283901774,-0.21228499079080942,4.6051121580361984,0.3313171578679821,40.46168022139966,39.39194614369249,1,0.9523511532576523,-0.0014919682220199126,-0.015963009003775785,-0.009359490866751474,0.19987286060101453,0.2857493708722262,0.13,237.657,2.38,1.0,0.0
2015-06-04,40.336859544089315,40.65582929520864,39.82823050326296,39.966163635253906,27745500,47.84324937325626,0.30741931360254426,0.5422556454326508,-0.23483633183010655,4.280445894326578,0.06688528958085596,40.41448816557626,39.4144644766949,1,0.9849708126226643,-0.01045872147128779,-0.02297137137111016,0.008238929632998993,0.17589694118363114,0.2835572130198779,0.13,237.657,2.31,1.0,0.0
2015-06-05,39.92302968978183,40.10406617079269,39.517849984924666,39.77647399902344,25438100,46.066641455815216,0.2251184484515747,0.4788282060364356,-0.2537097575848609,4.484724805811723,-0.011294845312414138,40.35372491161885,39.428660928550926,1,0.915297201460483,-0.004746255806828192,-0.015365142510126883,-0.005570984682867763,0.17372793475966714,0.28380890283499627,0.13,237.657,2.41,1.0,0.0
2015-06-08,39.91442145901895,40.02649311146772,39.37130853101148,39.42303466796875,22121600,42.8721471651748,0.12987767073119016,0.40903809897538657,-0.2791604282441964,5.244958356954785,-0.06919090444308207,40.26508774555693,39.428440290881035,1,0.8153922538178202,-0.008885637552070724,-0.03175968817723218,-0.036079472214832986,0.15429271247074514,0.2799703825604287,0.13,237.657,2.39,2.0,0.0
2015-06-09,39.44891419130855,39.60408938479075,39.19028996503339,39.35408782958984,24406100,42.25655397648739,0.048278707680935895,0.33688622071649643,-0.28860751303556054,5.932904244901029,-0.00726682609125988,40.17832584879816,39.4255245080853,1,0.8999350844372451,-0.0017488972870709496,-0.027067151678940693,-0.03004659452309877,0.15257295534538617,0.2797043847176162,0.13,237.657,2.42,1.0,1.0
2015-06-10,39.4747674101604,40.371334202603386,39.3885571674729,40.18167495727539,28417400,51.29644663375811,0.04981605783948595,0.27947218814109437,-0.22965613030160842,5.995772198175939,0.3458543093200251,40.178644811510274,39.455177466877075,1,1.0507722514540956,0.021029254477175297,-0.005122774016415255,-0.009230943748045894,0.1719902700799046,0.28238121805247823,0.13,237.657,2.5,1.0,0.0
2015-06-11,40.22478117597946,40.44892124507496,39.76787836863975,40.03512191772461,27347800,49.80935649775064,0.03876198933470221,0.23133014837981594,-0.19256815904511373,6.076287960511458,0.30367815996222175,40.16497596448307,39.47792038651816,1,1.0241678107560128,-0.0036472605909686484,0.0017254166074092137,-0.018647623913542688,0.1706421191858816,0.28260468149137535,0.13,237.657,2.39,1.0,0.0
2015-06-12,39.845464528509574,40.0609852093629,39.569598320104085,39.62994384765625,23931000,45.851673654929485,-0.0026622350472536027,0.18453167169440204,-0.18719390674165565,5.719924073592503,0.16103871920124424,40.114020524785275,39.48388209087651,1,0.9116583584016207,-0.010120565410067561,-0.003683839632713126,-0.05031268942892986,0.14889104172313788,0.28138673078171683,0.13,237.657,2.39,1.0,0.0
2015-06-15,39.18165810343482,39.354075295566304,38.810962291356674,39.20751953125,33254500,42.09623260236844,-0.0687844391048742,0.1338684495345468,-0.202652888639421,5.865261597027423,0.03559379827247379,40.02768709682953,39.47304434344018,1,1.2558082713900822,-0.010659220664811286,-0.005466731278651604,-0.05226556403343274,0.1501790496560586,0.2821906446676263,0.13,237.657,2.36,1.0,0.0
2015-06-16,39.09545938644348,39.86271595314784,39.05235589785198,39.50926208496094,27070300,45.52824954633714,-0.0957350854168979,0.08794774254425786,-0.18368282796115576,5.808499041979059,0.19375974373991495,39.97831328617538,39.47446464702923,1,1.0166391603787774,0.007696037834539204,0.003943027622518747,-0.0392031700281501,0.15395666806880892,0.2813001667138562,0.13,237.657,2.32,1.0,1.0
2015-06-17,39.42304254705983,39.71615080456373,39.1040728602006,39.62994384765625,28704100,46.884237371675894,-0.10613223082621204,0.04913174787016388,-0.15526397869637593,5.657924073680068,0.26872950375529675,39.94513524441165,39.48056187058323,1,1.0777356966040406,0.0030545182655095093,-0.013730913661657684,-0.033837692203603,0.1549731763799356,0.28130259522738515,0.13,237.657,2.32,1.0,1.0
2015-06-18,39.84546694346758,40.34547324328773,39.80236017381661,40.27650833129883,32658300,53.55503790299852,-0.06149086479278054,0.027007225337575,-0.08849809013035553,5.320702331479113,0.5741113275325637,39.97669458601995,39.51177545727796,1,1.208929516036548,0.016315049199364884,0.006029366266706804,-0.018074706617332792,0.16749783884197697,0.28295467441396666,0.13,237.657,2.35,1.0,0.0
2015-06-19,40.33684346104441,40.37132755243902,39.64717807607201,39.74200439453125,63837000,48.16926206876352,-0.06845317565068854,0.007915145139922293,-0.07636832079061083,5.0874152967233925,0.3432798984586989,39.9543431392115,39.5208040430526,1,2.194801575834319,-0.013270860829617037,0.0028276736223946664,-0.027836584118396845,0.17310217144083873,0.27485305817239614,0.13,237.657,2.26,1.0,0.0
2015-06-22,39.9402866147162,40.276498287207055,39.79373086933733,39.85407638549805,20318100,49.32010100099109,-0.06418766863146885,-0.006505417614355937,-0.05768225101711291,5.036479431433225,0.4114893632166536,39.944793924572124,39.53387354667791,1,0.7051120545874396,0.0028199883894688416,0.016490633990061898,-0.014285793808633929,0.16984755163678872,0.2743614068505059,0.13,237.657,2.37,1.0,1.0
2015-06-23,39.7678719657556,39.897182384903864,39.328207990332594,39.57821273803711,25896500,46.57855680335958,-0.08212048066592814,-0.021628430224670377,-0.060492050441257765,5.124676903076387,0.2926814443296011,39.90988143061641,39.535612338495916,1,0.9044868962650819,-0.0069218426941470845,0.0017451769392173855,-0.014595495335916975,0.16999622658663308,0.2745060432789804,0.13,237.657,2.42,2.0,0.0
2015-06-24,39.37130514755014,39.8713145627491,39.26785617110968,39.34544372558594,34890900,44.33894855733654,-0.11380302692075617,-0.04006334956388754,-0.07373967735686862,4.731450905485084,0.19669127809126563,39.856125458708746,39.52815474583278,1,1.202764736288827,-0.005881241126067027,-0.007178918122215272,-0.0413781469648562,0.1486558672728941,0.27494819373804463,0.13,237.657,2.38,1.0,1.0
2015-06-25,39.68167698153184,39.70754170616918,39.22477407215953,39.35408782958984,20616000,44.445775947517035,-0.13663907592442115,-0.059378494835994264,-0.07726058108842689,4.307730947154054,0.21645267177452684,39.80831235117361,39.521328592254626,1,0.7090498436313972,0.0002196977130106692,-0.02290219634039581,-0.037934418374635515,0.14879976592873523,0.2742958729378754,0.13,237.657,2.4,1.0,1.0
2015-06-26,39.35408311330108,39.8971929368157,38.819589382657234,39.01786804199219,49835300,41.13851972340116,-0.17979437855987612,-0.08346167158077064,-0.09633270697910548,4.471932985119535,0.07612666587280023,39.73303194077538,39.501585041263944,1,1.6756253043955858,-0.008543452691713749,-0.01822093182191653,-0.03414382732796095,0.14571454647913315,0.2751566230816945,0.13,237.657,2.49,2.0,1.0
2015-06-29,38.828203626614425,38.991998147410946,38.24198715727988,38.250606536865234,34081700,34.77856737922852,-0.2727626203093507,-0.12132186132648666,-0.15144075898286408,5.080594311581922,-0.1939462586093885,39.59184856897442,39.45252706069929,1,1.135922817094719,-0.019664362601800933,-0.04023352173872674,-0.06055483773409265,0.15445509923976347,0.2775897601265191,0.13,237.657,2.33,2.0,1.0
2015-06-30,38.54372315005073,38.55234582009481,37.87991896581485,38.06095886230469,35945400,33.40391962562809,-0.357621169846567,-0.16858172303050273,-0.18903944681606427,5.842222660297133,-0.13572113205003833,39.44604954929159,39.397955758801466,1,1.1698733543601179,-0.004958030518490419,-0.03833558341239207,-0.059036578967793796,0.15408096338952615,0.271190517118808,0.13,237.657,2.35,2.0,1.0
2015-07-01,38.3281994589138,38.9920035915353,38.01784913315988,38.319580078125,28343900,37.05755066396188,-0.3993995812436566,-0.21474529467313352,-0.18465428657052307,6.077527118315333,0.038396947988809084,39.33876674251382,39.355666516422,-1,0.9219634729560168,0.006794921188295389,-0.026073251444711176,-0.05122726791462073,0.15792834784083598,0.27141491342393614,0.13,238.034,2.43,2.0,1.0
2015-07-02,38.345435084836936,38.57819779015626,37.983361957840835,38.27647018432617,21752000,36.696145828041125,-0.4310193585530371,-0.2580001074491142,-0.17301925110392286,6.455453356001953,0.08077918586079175,39.237595641734046,39.31334509163393,-1,0.7145086110901249,-0.0011250095567575391,-0.02738261016059984,-0.04227809970325158,0.15520435986079792,0.27133944234260465,0.13,238.034,2.4,2.0,1.0
2015-07-06,37.897160715003906,38.34544418475279,37.88854133361366,38.26785659790039,23034000,36.61930022281349,-0.4515679105353456,-0.2967136680663605,-0.1548542424689851,6.799743482895288,0.12626645413252105,39.14523954232132,39.272345542860066,-1,0.7596190296538001,-0.0002250360700529752,-0.019222255897852092,-0.03792737891146625,0.1550320077156676,0.27135631127640797,0.13,238.034,2.3,2.0,1.0
2015-07-07,38.2247344826517,38.35404816057191,37.34541002311121,38.19025039672851,36435800,35.89006124307433,-0.46871193841513303,-0.33111332213611505,-0.13759861627901798,7.202636405352175,0.14096261951366743,39.054288195122005,39.229910439090204,-1,1.1738789557136624,-0.0020279735546030464,-0.001577913282984289,-0.03127065893387149,0.15282372838382963,0.2712707787126219,0.13,238.034,2.27,2.0,1.0
2015-07-08,38.31095226188743,38.70751278517774,37.95749850250441,38.1385383605957,39785900,35.38440930023157,-0.4809275991701156,-0.36107617754291516,-0.11985142162720047,7.5805013162060755,0.1613850101314789,38.96707392516712,39.187111534051205,-1,1.2508223220125758,-0.0013540638146021244,0.0020382959497073916,-0.030887502062242667,0.15282461761106234,0.2713176545494575,0.13,238.034,2.22,2.0,1.0
2015-07-09,38.57821108265512,38.98339111173647,38.36269035034978,38.37993240356445,32424700,39.65821916954678,-0.46576111229779116,-0.3820131644938904,-0.08374794780390077,7.367422315317565,0.2659970024250135,38.911155685014485,39.15545745050271,-1,1.0130135565430816,0.006329399430214044,0.001574973559637316,-0.04483990663969839,0.13189424860713064,0.27141508688160393,0.13,238.034,2.32,2.0,1.0
2015-07-10,38.802343027791686,38.91441470579869,38.423027802686434,38.45751190185547,25465800,41.008646871515396,-0.442382040243011,-0.39408693964371455,-0.048295100599296426,7.115793055530502,0.3136477011713935,38.867951515189816,39.12808703683027,-1,0.7979492424342124,0.0020213557823727246,0.004729843599931227,-0.03940565034649468,0.13265349189817402,0.2699996758302256,0.13,238.034,2.42,1.0,2.0
2015-07-13,38.776486867347,39.32821937469195,38.75062543374806,39.259254455566406,28178300,52.77187611481657,-0.3550670417246522,-0.3862829600599021,0.031215918335249893,6.986310588634494,0.6115017474036412,38.905218461892346,39.13323085717287,-1,0.8771066186169174,0.020847488931603486,0.02590680392902933,-0.009353770308502929,0.15127574367576294,0.27287010431120856,0.13,238.034,2.44,0.0,2.0
2015-07-14,39.18165645377822,39.62131715104737,39.060965410942934,39.32820892333984,22880300,53.62832828532992,-0.2771108654935901,-0.3644485411466397,0.08733767565304962,7.01331261253072,0.6340816569919394,38.945503267744485,39.14087705584608,-1,0.7238833936587951,0.001756387601590248,0.029797095195500667,0.0030782205437311916,0.14647297065370693,0.27124141938389407,0.13,238.034,2.41,0.0,2.0
2015-07-15,39.37994864963072,39.56098527633288,39.16442791634184,39.44891357421875,26629600,55.16118931175048,-0.20324726962429196,-0.3322082868421702,0.12896101721787823,6.990289500351679,0.6799640622500635,38.99344710645632,39.15295691931168,-1,0.8430909196825903,0.003069162165869166,0.0343582966193825,-0.001527452236703697,0.14423605350364094,0.26450488869677435,0.13,238.034,2.36,0.0,2.0
2015-07-16,39.66442217114959,40.25063864941405,39.62994136369858,40.22477722167969,26271700,63.510709693878844,-0.0811684660018912,-0.2820003226741144,0.2008318566722232,7.400038472985512,0.9284756403782364,39.1107166412395,39.194989088031996,-1,0.834974888809645,0.019667554240783813,0.04806795381286033,0.015009695101009246,0.15989456289552925,0.26665644357006957,0.13,238.034,2.36,0.0,2.0
2015-07-17,40.12994683578068,40.32822545132251,39.87994207717319,40.19029235839844,29467100,62.94962505337642,0.012651387810905135,-0.2230699805771105,0.23572136838801563,7.323988649972427,0.9224045551047251,39.21353337620702,39.23402058883068,-1,0.9413055630979572,-0.0008573040216283134,0.04505700891324094,-0.0021406019655728636,0.14915269100302078,0.26634895136602943,0.13,238.034,2.34,0.0,2.0
2015-07-20,40.21616554693834,40.62996491288953,40.035125652359355,40.44892501831055,30631900,65.41725704666263,0.10664446110097714,-0.157127092241493,0.26377155334247016,7.852869280961001,0.9664697718064614,39.33118972307402,39.28166389979068,1,1.0333169220535048,0.006435202252467853,0.03030293313620125,0.017787744592886456,0.14220380992499895,0.2661909248206168,0.13,238.034,2.38,0.0,2.0
2015-07-21,40.32822458248386,40.80237266224305,40.06960044989612,40.7592658996582,42781900,68.15776829745258,0.20382697388758686,-0.08493627901567702,0.2887632529032639,8.574671232409555,1.0058444388026313,39.467196977986795,39.339609076256075,1,1.3904929026420305,0.007672413573591053,0.03638754511063147,0.022712595454590367,0.144094460880347,0.17151396155352924,0.13,238.034,2.35,0.0,2.0
2015-07-22,39.17304419592804,40.45754911156593,38.96614614996626,39.259254455566406,59152400,48.25366152017775,0.15798527213885905,-0.03635196878476981,0.19433724092362886,8.507288934057854,0.5633216258484853,39.447392928232475,39.3364579146604,1,1.8239895307557177,-0.036801728661761235,-0.004807714623002779,-0.00805893597525098,0.1976403984482477,0.18767374384028127,0.13,238.034,2.33,0.0,2.0
2015-07-23,39.02649863164617,39.85409753992337,38.879942808475946,39.75064849853515,33934000,53.0869326571114,0.15946853177894837,0.0028121313279738267,0.15665640045097454,8.624151240348892,0.7022590862565699,39.476274411118446,39.35270068265549,1,1.0479154021545973,0.01251664224864224,-0.011786981952233155,0.010298645397807782,0.2015595031911985,0.18300875205963268,0.13,238.034,2.28,0.0,2.0
2015-07-24,39.578211145728424,39.93166487224826,39.48338153568436,39.60407257080078,32333200,51.54051176582446,0.14712065798221374,0.03167383665882181,0.11544682132339193,8.682483171648789,0.6539562207830982,39.488445664421526,39.36255840375922,1,0.9807376765126563,-0.003687384565305152,-0.014586104086280804,0.006352192491245745,0.20211290348708924,0.18308194248198972,0.13,238.034,2.27,0.0,2.0
2015-07-27,39.60406871549773,39.66441422718154,39.00923297665001,39.09543991088867,39701400,46.48065114537235,0.0951951240689084,0.04437809414083913,0.05081702992806927,8.680360723917714,0.5029185630122367,39.45101654503745,39.35208316874469,1,1.2230284752268452,-0.012842938286279026,-0.03346158412885325,0.0019881114163644575,0.20521512487322344,0.18406270020384885,0.13,238.034,2.23,1.0,2.0
2015-07-28,39.29372760130984,39.345450454083405,38.61268153872791,39.08682632446289,34328900,46.39758011192078,0.05274075728156902,0.04605062676898511,0.006690130512583908,8.447618714017663,0.48774023029524105,39.41633176212559,39.34168093955717,1,1.057122471547159,-0.00022032202337185502,-0.041032131916029835,0.021861608568003232,0.1912458126071403,0.18404570494008818,0.13,238.034,2.26,0.0,2.0
2015-07-29,39.13856192939836,40.32823387102839,39.01786757038,39.90581512451172,40945900,54.689496730942544,0.08421019461980706,0.0536825403391495,0.030527654280657554,8.20848732044527,0.7131568681673418,39.46294922520998,39.36380384877108,1,1.251252332581641,0.020953064678373545,0.01646900018636588,0.04847109261963878,0.20192803548365232,0.18866814405398916,0.13,238.034,2.29,0.0,2.0
2015-07-30,39.8799464833827,40.86272357870804,39.59546088655053,40.4144401550293,39777900,58.937814908876994,0.14848015286489868,0.07264206284429935,0.07583809002059934,8.311492810357112,0.833524766394069,39.5535674090023,39.405005272545914,1,1.1946881325435001,0.012745636918594316,0.016698888736836892,0.05466813761093792,0.20469775666832188,0.18867838951077287,0.13,238.034,2.28,0.0,2.0
2015-07-31,40.76789100113117,40.836855905931905,40.0868448900824,40.25926208496094,31201500,57.17643702417068,0.18476314985643683,0.09506628024672685,0.08969686960970998,8.159010049108648,0.7598385896628904,39.62077642576026,39.43850553969945,1,0.9239930810459928,-0.0038396689270739914,0.01654348837455699,0.05180184826569256,0.20559150106192126,0.17964715783072643,0.13,238.034,2.2,0.0,2.0
2015-08-03,40.50064795067872,40.51789000062831,40.043745137061315,40.354095458984375,24125900,58.00247076858296,0.21864949186755211,0.11978292257089192,0.0988665692966602,7.918391034174975,0.7639995296555675,39.69061633368637,39.47441102673023,1,0.7133048642916053,0.002355566622739058,0.032194433697755764,0.05451674189660394,0.20533759612523708,0.17877282846975764,0.14,238.033,2.16,0.0,2.0
2015-08-04,40.30237130291729,41.12997000993071,40.24202576940078,40.98341751098633,33403900,63.090499857362694,0.2929092170574137,0.15440818146819626,0.13850103558921742,7.871084586852925,0.9214811365180852,39.81374025533399,39.53358775160302,1,0.9920641166863818,0.015594998347604916,0.04852251678812913,0.07313822468409614,0.20940229954319053,0.17571626539193588,0.14,238.033,2.23,0.0,2.0
2015-08-05,41.36272583743366,41.73342164616,40.983410649041666,41.01789474487305,26959700,63.35244778391897,0.35050223730758745,0.1936269926360745,0.15687524467151295,7.537954150799139,0.9020313154942958,39.92842163529009,39.59179586898616,1,0.8162235314776354,0.0008412483872892729,0.02786760818921974,0.07549729245136105,0.20886735705348727,0.17492405538377767,0.14,238.033,2.28,0.0,2.0
2015-08-06,41.12996258162629,41.18168872469194,39.94029088837529,40.19029235839844,27368000,53.53136977822884,0.3256110828867236,0.22002381068620433,0.10558727220051925,6.794486524195619,0.6063622157872475,39.95336170415755,39.61526631955135,1,0.834976636793553,-0.020176617830393484,-0.005546230401090035,0.04716944094111675,0.2251936231150343,0.17993000641553505,0.14,238.033,2.23,0.0,2.0
2015-08-07,39.99201981544994,40.328231574967965,39.879948132748986,40.29375076293945,19163000,54.4813484923136,0.31065189066411847,0.23814942668178718,0.07250246398233129,5.953401724528145,0.6260016319638646,39.985779709755825,39.6418735526254,1,0.5903241730863868,0.0025742137832296397,0.0008566644342793417,0.047747209069846086,0.22519286888075385,0.1795814206081039,0.14,238.033,2.18,0.0,2.0
2015-08-10,40.47477966239119,40.940305066401656,40.37995004802786,40.802371978759766,23079900,58.92689277590158,0.33596530553333537,0.2577126024520968,0.07825270308123855,5.939988189723487,0.8073152241538406,40.06355040204191,39.687383294826745,1,0.7166134094536559,0.01262283123784358,0.01110857559007905,0.03930582851337272,0.21819555453753336,0.17524219305181746,0.14,238.033,2.24,0.0,2.0
2015-08-11,40.362692806337485,40.46614176097916,39.56957867311296,40.009239196777344,29237400,50.624021458129164,0.28869923707576817,0.2639099293768311,0.024789307698937058,5.690660175940013,0.4580628179154269,40.05837790630243,39.70000509490324,1,0.898927463261835,-0.019438398885125996,-0.023770060511616453,0.017316585018275266,0.2312344013992092,0.17886252647541576,0.14,238.033,2.15,0.0,2.0
2015-08-12,39.819602600968054,40.431683876808,39.40580325936242,40.29375076293945,30181400,53.17290888611859,0.27107347661538483,0.26534263882454184,0.005730837790842991,5.4935533703957224,0.5664514402336016,40.08079436883929,39.723289238747796,1,0.9229122677728053,0.00711114662197887,-0.017654342974881887,0.021415981130411543,0.23218194497678388,0.17916903338973061,0.14,238.033,2.14,0.0,2.0
2015-08-13,40.569614612931105,40.60409542293873,40.07822771803757,40.285125732421875,22627200,53.08344671145587,0.2534869270781783,0.26297149647526913,-0.009484569397090803,5.498930330455455,0.5611082209198598,40.1002544987043,39.74532204242129,1,0.695790683461395,-0.00021405380125372186,0.002359608961730375,0.0015002820378495763,0.2217523277526569,0.17911150030996154,0.14,238.033,2.19,0.0,2.0
2015-08-14,40.112714745077064,40.6041017161302,40.10409536338541,40.51789474487305,21473400,55.270658043690574,0.25538801972087555,0.2614548011243904,-0.006066781403514854,5.5542209233764055,0.6574696795908456,40.14002976024418,39.77561901114489,1,0.6685275793233219,0.005778038623914128,0.005562748011529228,0.008151281497362772,0.2226260948858781,0.17954144351154558,0.14,238.033,2.2,0.0,2.0
2015-08-17,40.3541013788659,40.90583390385193,40.14720003770351,40.79376220703125,21099700,57.78263565089823,0.2759735961832348,0.26435856013615927,0.011615036047075533,5.687468062062266,0.7668766193065863,40.20228999327152,39.815546195297294,1,0.6667871746245635,0.006808533955064533,-0.0002110115493529907,0.008525249770286791,0.22276270867577483,0.1799825428546971,0.14,238.033,2.16,0.0,2.0
2015-08-18,40.64624207459935,41.15822518621368,40.5247551176521,41.01938247680664,23574100,59.77243514541777,0.3069550967420085,0.2728778674573291,0.03407722928467938,5.841813980389517,0.8502840748674989,40.28010832503677,39.86275546123884,1,0.76830042524567,0.005530754153793227,0.025247750277407555,0.006381777772661579,0.22197489814616425,0.17885701504792828,0.14,238.033,2.2,0.0,2.0
2015-08-19,40.59415505864996,40.85448790856261,40.177627133167285,40.44663619995117,31485500,52.949810848264505,0.2820411266985303,0.2747105193055694,0.0073306073929609306,5.44487960771476,0.5868790047252737,40.295968122647665,39.885652745109915,1,1.074586959530336,-0.013962820556338573,0.0037942716703438517,0.030244633038781776,0.18079257601561216,0.1807147319210629,0.14,238.033,2.12,0.0,2.0
2015-08-20,39.97804556417953,40.32515386314323,39.62226104736328,39.62226104736328,36238200,44.989827846176304,0.1935453701708596,0.2584774894786275,-0.06493211930776788,5.511310146029424,0.2171130200128033,40.23180554404915,39.875323658923776,1,1.231950510117097,-0.020381797599002494,-0.01645432831614857,-0.003229820292783403,0.19193693862225866,0.17994653941967523,0.14,238.033,2.09,1.0,2.0
2015-08-21,39.30986546306202,39.46606387142714,37.3747444152832,37.3747444152832,70053100,31.213072351762193,-0.05728363331641617,0.19532526491961877,-0.25260889823603494,8.263421777815463,-0.33320575153023,39.95970448416668,39.777261727800614,1,2.2380252577368993,-0.05672358347731499,-0.07757437422109803,-0.05629037648924051,0.2822555420587455,0.21541989128728378,0.14,238.033,2.05,2.0,2.0
2015-08-24,35.101202392359845,37.045000090545955,34.46773239989833,36.168556213378906,88753700,26.51958007439515,-0.3493694198664272,0.08638632796240957,-0.4357557478288368,11.833378833573665,-0.3079237024605504,39.598642744091656,39.63574386448996,-1,2.6294342448868524,-0.03227281472488319,-0.11338022637331402,-0.07486509179027256,0.2998932408137523,0.2237038701048144,0.14,238.033,2.01,2.0,2.0
2015-08-25,36.940867671626066,37.522273703923425,35.04913397712491,35.11855697631836,70616600,23.243068930309235,-0.6579907653350432,-0.06248909069708099,-0.5955016746379622,15.915346064198019,-0.23816461308004147,39.17196790906563,39.458599280640094,-1,1.9853802402701282,-0.029030720244015318,-0.1438545668946809,-0.10152447055188385,0.3128287688650371,0.22978136522888445,0.14,238.033,2.12,2.0,2.0
2015-08-26,36.454917032571295,37.17516576137145,35.630540424310084,37.062355041503906,63408000,38.4129241567742,-0.7372288311963899,-0.19743703879694277,-0.5397917923994472,17.05734415522107,0.11720345587435718,38.97105239786927,39.36462891832103,-1,1.728143144150517,0.05534959954352092,-0.08367274701700289,-0.0712542789599917,0.3669165477636517,0.25694924999386004,0.14,238.033,2.18,2.0,1.0
2015-08-27,37.51358014701284,38.13837366505128,37.25325061792001,38.09498596191406,50943200,44.669116621105516,-0.7085333526083559,-0.2996563015592254,-0.4088770510491305,17.340816662069734,0.2898949260934661,38.88761749920687,39.31483899846194,-1,1.3676148003458823,0.027861988782250213,-0.03854588418423566,-0.05739171900483675,0.379240844717928,0.26370424403243964,0.14,238.033,2.18,2.0,1.0
2015-08-28,37.66110938728217,38.311934987452226,37.65242985886193,38.12102508544922,28246700,44.82133169109886,-0.6758994908387663,-0.3749049394151336,-0.30099455142363274,17.571534156025866,0.31128126509721066,38.81460869789662,39.26802276657909,-1,0.76132697140014,0.0006835315167510458,0.01996751233597327,-0.05311167887278467,0.37944043971232627,0.26297160000611125,0.14,238.033,2.19,2.0,1.0
2015-08-31,37.79995120794389,38.12102423666999,37.40077566625538,37.76523971557617,34441700,43.077567996245364,-0.6710108310280916,-0.4341261177377252,-0.23688471329036637,17.85924446234321,0.28146056339298947,38.71466879481848,39.20909009791231,-1,0.9155711723092202,-0.009333048339480565,0.04414562452472581,-0.0641534821673676,0.37964132624828967,0.26343942245159424,0.14,238.033,2.21,2.0,1.0
2015-09-01,36.5937486908788,36.95821271047663,36.15118878522768,36.29003143310547,49688900,36.70170401017242,-0.7772142701652172,-0.5027437482232237,-0.2744705219419935,18.697999946536463,0.12017215146946396,38.48375095084581,39.094617209096356,-1,1.2929053597824935,-0.0390625954867766,0.033357704804815036,-0.11451914854642653,0.39384648687423646,0.2748544728170065,0.14,237.498,2.17,2.0,1.0
2015-09-02,36.75863620529692,37.643759557892174,36.34210815294693,37.62640380859375,37671500,44.68833196419471,-0.7449597464283997,-0.5511869478642589,-0.19377279856414076,18.449483621559008,0.3232394945315883,38.4020988420599,39.037040212998214,-1,0.9667400268325756,0.03682477867101497,0.01521891327354119,-0.08268320344995794,0.4210952201725536,0.2854158892204427,0.14,237.498,2.2,2.0,1.0
2015-09-03,37.66979506307003,38.1644223785622,37.5569843371752,37.747894287109375,28285200,45.363257208010424,-0.7015079902694978,-0.5812511563453068,-0.12025683392419106,18.412305732321116,0.356448856577005,38.33979364635032,38.98648547080649,-1,0.7250120599527035,0.0032288623471339317,-0.009111216766208963,-0.06077084609161054,0.41746999513446986,0.28199699951566237,0.14,237.498,2.18,2.0,1.0
2015-09-04,37.14913249176704,37.34871864438309,36.61979372122107,36.97557830810547,37138800,41.865923653681854,-0.7210794504043463,-0.6092168151571147,-0.11186263524723161,18.54440432474089,0.27215805021339085,38.20986837604129,38.90762636638684,-1,0.9305122417425645,-0.020459842690288776,-0.030047638403642107,-0.08234955525376164,0.4213909218961388,0.2848130950412318,0.14,237.498,2.13,2.0,0.0
2015-09-08,37.57433219614419,38.18177010994742,37.487556770002435,38.0863151550293,32469800,48.06712754280864,-0.639589997474431,-0.615291451620578,-0.02429854585385305,17.88129590938882,0.4440811781232447,38.19810140261158,38.87541808358851,-1,0.8040720420299242,0.030039742385323143,0.008501877437327554,-0.0665661502508812,0.43457210477887637,0.291128281965797,0.14,237.498,2.2,2.0,0.0
2015-09-09,38.36399879474886,38.52887673150658,37.23590175343312,37.3747444152832,33469500,44.77220433846328,-0.6252196874096612,-0.6172770987783947,-0.007942588631266512,17.712007469626442,0.35796391211389894,38.119686451437445,38.81656813581183,-1,0.8245077821936669,-0.0186831080100468,0.029890108642568025,-0.06584716016560355,0.43420018905400665,0.2928030311977172,0.14,237.498,2.21,2.0,0.0
2015-09-10,37.41813256267609,37.99953849176242,37.09705952408018,37.56565475463867,31366600,45.84479347774585,-0.5916065719697698,-0.6121429934166698,0.020536421446899933,17.212226865745627,0.4030953403865102,38.0669215279328,38.76751270909916,-1,0.7715772951131995,0.005108003876473477,-0.0016145325570869895,-0.06770518893490485,0.4336192414152869,0.2925328151794435,0.14,237.498,2.23,2.0,0.0
2015-09-11,37.43549249322445,37.82598856233212,37.26193831692431,37.73053359985352,27132500,46.80565612972041,-0.5453768263861036,-0.5987897600105566,0.053412933624452985,16.545564114198207,0.4453002923159106,38.03488458240144,38.726846861677764,-1,0.6637460129676633,0.004389084824735878,-0.0004599114091983214,-0.06341278787451798,0.4343875614077721,0.29262102283463914,0.14,237.498,2.2,2.0,2.0
2015-09-14,37.68714555603708,37.695821775154975,37.19251830955334,37.34871673583984,23656000,44.82234642426008,-0.5334001450508623,-0.5857118370186178,0.052311691967755536,15.588013894594788,0.40390721239786537,37.96953526368129,38.672802543017454,-1,0.5771591041200538,-0.010119572335313243,0.010091483211570829,-0.07821674914228416,0.43367230788612465,0.29106109314018797,0.14,237.498,2.18,2.0,2.0
2015-09-15,37.478883839414635,38.4334302463742,37.38343217796249,38.16442108154297,28882200,49.723718804677496,-0.45286763899080285,-0.5591429974130548,0.106275358422252,14.025137249103572,0.5715585454065011,37.98809581776335,38.652866015116494,-1,0.6980408250272078,0.02184022416278575,0.002050760914930727,-0.06445448968752099,0.44170942415428965,0.29366070385610404,0.14,237.498,2.28,2.0,2.0
2015-09-16,38.15573139170145,38.511515872351616,38.042920709465136,38.44209289550781,23372200,51.30928482235086,-0.3624610278412419,-0.5198066034986922,0.15734557565745033,11.815307727361864,0.6766055460273688,38.03133363469139,38.644600402582824,-1,0.5650099798155466,0.007275672107577957,0.028558014159640654,-0.06283101854973294,0.4422125868216319,0.2940261356604142,0.14,237.498,2.3,2.0,2.0
2015-09-17,38.43341983477835,39.04953390865003,38.25118947100279,38.39870834350586,32768200,51.03844866012148,-0.2909599032787398,-0.47403726345470176,0.183077360175962,9.906326075748822,0.7270748297123864,38.066321702197534,38.63495757673667,-1,0.7909267965125863,-0.0011285689392582787,0.02217593688459063,-0.0506328349858618,0.440395996642826,0.29373153106942945,0.14,237.498,2.21,2.0,2.0
2015-09-18,37.74788934851059,38.17309691493241,37.60037045033135,37.73053359985352,63143700,46.92979991425281,-0.28492641027150967,-0.43621509281806337,0.1512886825465537,8.567354374649696,0.5844985092260963,38.034341882926675,38.599489969800075,-1,1.476168372923646,-0.01740096926373147,0.0,-0.04774405592978259,0.4388789365755144,0.29561103415990597,0.14,237.498,2.13,2.0,2.0
2015-09-21,37.85202172919125,38.58962617426372,37.83466597998441,38.27722930908203,26177200,50.44484334549694,-0.23334123626446512,-0.39564032150734374,0.16229908524287862,8.761004810839466,0.73518099633203,38.057474018750995,38.58685229683074,-1,0.6450508001037909,0.014489477276585117,0.024860628540717578,0.024146918137312623,0.3890251586343705,0.2972201375918299,0.14,237.498,2.2,2.0,2.0
2015-09-22,37.643746566694034,38.225149071325696,37.58300312024803,38.09498596191406,28085900,49.27323686636008,-0.20480427308414306,-0.35747311182270364,0.15266883873856057,8.196771018027297,0.6603430824801776,38.06104658476652,38.56756342095166,-1,0.747995510839129,-0.004761142602469626,-0.0018193678211586573,0.05326255593864593,0.36872887646601465,0.2968781939776516,0.14,237.498,2.14,2.0,2.0
2015-09-23,38.121036982522874,38.32929938582195,37.75657281134268,38.0689697265625,17145200,49.09792730689923,-0.1821876708702348,-0.3224160236322099,0.1402283527619751,5.554933196575986,0.6529160576054249,38.06180116969947,38.54801072705404,-1,0.4916235718494666,-0.0006829306979552197,-0.009706109653278339,0.08401292661978399,0.34917908787695456,0.2940971678972693,0.14,237.498,2.16,2.0,2.0
2015-09-24,37.70450730858433,38.294589610681975,37.548308857424885,38.10367965698242,27905600,49.35681386404755,-0.15962301461934203,-0.28985742182963636,0.13023440721029433,5.342403213929654,0.6501857438141218,38.065789597059755,38.5305859792081,-1,0.8430814576521177,0.000911764375795654,-0.007683297153752711,0.02809655820069712,0.2953829790985859,0.2939263468374663,0.14,237.498,2.13,2.0,2.0
2015-09-25,38.59829105241949,38.815232888355034,37.97349750563882,38.129695892333984,29384600,49.56387146082182,-0.13804971798881382,-0.25949588106147187,0.12144616307265804,5.353461520002431,0.661866693731226,38.07187591089539,38.51486479933068,-1,0.9176493366977291,0.0006827748812126,0.01057929094546406,0.0009111417039140424,0.27883608493758977,0.2935935064215108,0.14,237.498,2.17,2.0,2.0
2015-09-28,38.03424998519717,38.25986807198262,37.496231767769174,37.56565475463867,27613800,45.24480506657592,-0.16456908098060552,-0.2405105210452986,0.07594144006469308,5.3252757165350975,0.3962514370613354,38.02366437220428,38.477640876009424,-1,0.8632022145701674,-0.014792699613655036,-0.018590022509140325,-0.014568609568228363,0.2838078744577177,0.2951561146540177,0.14,237.498,2.1,2.0,2.0
2015-09-29,37.63506877609356,37.8086229069184,37.3573834908817,37.6958122253418,32763600,46.40542099359896,-0.17308799641972428,-0.22702601612018375,0.05393801970045947,5.328841271477301,0.462702492951268,37.99244035821738,38.44698092892442,-1,1.0268773477130513,0.0034647997367076577,-0.010478379936177062,-0.0018383966514513572,0.2822764475133945,0.29525730970597797,0.14,237.498,2.05,2.0,2.0
2015-09-30,38.07764508835045,38.44210590935251,37.886735147670784,38.40739440917969,34958900,52.351772706805036,-0.12102545685453237,-0.2058259042670535,0.08480044741252113,4.125399132359514,0.8395972208123913,38.031959791642365,38.44542851638541,-1,1.1215721754083714,0.018876955869371548,0.008889777817681521,0.05834558120946287,0.24724533003232382,0.297769856488981,0.14,237.498,2.06,2.0,2.0
2015-10-01,38.83259608316707,38.83259608316707,37.9648285729287,38.71110916137695,28657900,54.66383744786251,-0.05462855295319713,-0.17558643400428223,0.1209578810510851,4.490605734817343,0.9579984327018362,38.09664068399804,38.45584736520861,-1,0.9329086649346151,0.007907715607093468,0.015941491999269974,0.028828302547889484,0.2149533710633591,0.2981786644057635,0.12,237.733,2.05,2.0,2.0
2015-10-02,38.41607312995707,39.54417037963867,38.112352475250354,39.54417037963867,41839000,60.34739978483292,0.06446938692146631,-0.12757526981913253,0.19204465674059884,5.7787366861198235,1.1933481242640895,38.23450065501143,38.498526699107835,-1,1.3325982209515947,0.021519952187081248,0.03709640095999478,0.047586127026500336,0.22623487527286232,0.3010465041692075,0.12,237.733,1.99,2.0,2.0
2015-10-05,39.70037183685073,40.68962647428955,39.65698411438379,40.46400833129883,34369300,65.49161980822458,0.2304224312642873,-0.055975729602448565,0.28639816086673586,7.51635557760984,1.2902733536907907,38.446834719419755,38.57560441017415,-1,1.0995331287889196,0.0232610254009471,0.07715434738435545,0.09434416398103118,0.22038701030952054,0.30454789321853015,0.12,237.733,2.07,2.0,2.0
2015-10-06,40.20367351370455,40.94127463155743,40.1082185503957,40.56813430786133,27017200,66.0288867145315,0.36612307175708025,0.0284440306694572,0.33767904108762303,9.22307678233984,1.136299403401069,38.64886325165229,38.65374283753443,-1,0.8719316853665696,0.0025732986141651093,0.07619737877908239,0.06516301571128258,0.1994662832401992,0.30177282465418837,0.12,237.733,2.05,2.0,2.0
2015-10-07,40.87184077285405,41.08878260988675,39.87391030866544,40.61151123046875,27711500,66.26452005645058,0.47172916201775905,0.11710105693911758,0.35462810507864145,10.25117621630265,1.0400467198731267,38.835782106777664,38.7305180686299,1,0.902726617803926,0.0010692363192805754,0.05738782479767135,0.08660304881876257,0.18207797992531274,0.3017643665754566,0.12,237.733,2.08,2.0,2.0
2015-10-08,40.40326632810661,41.23632254676337,40.35119907308888,41.17557907104492,33772700,69.25134877968222,0.5940900101936748,0.21249884759002904,0.3815911626036458,11.618558890889535,1.059655682062842,39.05861991289836,38.82640281382265,1,1.0958807652445692,0.013889358546031572,0.06366311797975643,0.0960964034830376,0.18526527970693304,0.3029472736552149,0.12,237.733,2.12,2.0,2.0
2015-10-09,41.175564736821094,41.253663937023866,40.715645753284775,40.880523681640625,28600600,65.9615367345991,0.6596493329979012,0.30192894467160347,0.3577203883262977,12.361182856272707,0.9295873087197143,39.232134557540476,38.90695657334492,1,0.9258474847177673,-0.007165786032910515,0.03379393951554599,0.08348649704226108,0.18993198740081943,0.30081513448875896,0.12,237.733,2.12,2.0,2.0
2015-10-12,40.76773183179729,40.84583106809519,40.35120367496572,40.78508758544922,19769100,64.88779541251613,0.6958829676013565,0.3807197492575541,0.3151632183438024,12.542263587039601,0.8668699880889142,39.38003484591274,38.98060876989803,1,0.6440092361057722,-0.0023345125648247533,0.007934934461300891,0.09200773547091745,0.18412139777308198,0.30085409415139686,0.12,237.733,2.12,2.0,2.0
2015-10-13,40.4032593939068,40.89788664573591,40.4032593939068,40.68962097167969,19987800,63.76952807464054,0.708725282302197,0.4463208558664827,0.2624044264357143,12.889587960514056,0.8118565200791917,39.50475733408102,39.04762885624241,1,0.6607056676869781,-0.0023407235198286136,0.0029946327552661245,0.06616633551813411,0.17377551233947444,0.3006222791125225,0.12,237.733,2.06,2.0,2.0
2015-10-14,40.48134947717503,40.87184214876366,40.37721500849955,40.507381439208984,24697800,61.587545514438425,0.6961726569584457,0.4962912160848753,0.19988144087357035,13.108724816650483,0.7503044804384197,39.60024534409321,39.104874055574435,1,0.8146120781780617,-0.004478771935416681,-0.0025640462052454183,0.053724664505519604,0.17514066184873178,0.3003499224736132,0.12,237.733,1.99,2.0,2.0
2015-10-15,40.79376220703125,40.811117960002406,40.37723406653771,40.79376220703125,27189400,63.69010826470505,0.7012495769061928,0.5372828882491388,0.163966688657054,13.3647002743085,0.7764551996891781,39.71391361675398,39.171104963474704,1,0.9051203846663431,0.007069841536216037,-0.0092728960375974,0.062373292406082914,0.1752254264030786,0.2903705753050022,0.12,237.733,2.04,2.0,2.0
2015-10-16,40.80243018845345,41.25366970715411,40.69829901037498,41.22763442993164,26450300,66.66694305543257,0.7318466621461255,0.5761956430285362,0.15565101911758927,13.374616560042712,0.8240377570907693,39.85807750372328,39.251753177845565,1,0.9377919486953848,0.010635749178966591,0.008490858654212952,0.09268622774239521,0.15911896295743783,0.29007269479943004,0.12,237.733,2.04,2.0,2.0
2015-10-19,41.149531629738426,41.548707179718946,40.80242662966124,41.32308578491211,29387600,67.30206201691732,0.7550929576784569,0.6119751059585203,0.14311785171993652,13.563917185057187,0.8077242848353561,39.99760210193174,39.33298190753445,1,1.03603722705734,0.002315227548228327,0.013191051713097979,0.0795735880263253,0.1548151721933813,0.289953362467075,0.12,237.733,2.04,2.0,2.0
2015-10-20,41.16688225337136,41.48795855908168,40.80242155210421,41.4532470703125,30802200,68.19208166974109,0.7750840557750038,0.644596895921817,0.13048715985318682,13.535254371371586,0.8000743855210237,40.13623495606324,39.41612956097673,1,1.080733253208066,0.0031498442802138094,0.018767097859287096,0.0881549375488917,0.1514966391801892,0.28859303801665903,0.12,237.733,2.08,2.0,2.0
2015-10-21,41.58341225633613,41.6441590198389,40.88052278027898,40.958621978759766,25144300,61.35730250061403,0.7424564580256501,0.6641688083425836,0.07828764968306645,13.057253853792638,0.6875071077200006,40.21455752965338,39.47661945971332,1,0.8700100618798692,-0.011932119351561465,0.011139711418472587,0.07590571199989737,0.1613681779014842,0.2898094934489299,0.12,237.733,2.04,2.0,2.0
2015-10-22,41.24499496319836,42.47722673612618,40.863178392432296,41.67887878417969,56637100,66.60603497048535,0.765888866397674,0.6845128199536017,0.08137604644407226,12.75412632085214,0.7968315500004187,40.354016696751124,39.562982570476706,1,1.8668862392001249,0.01758498627696592,0.02169735099833181,0.09382818560784645,0.16815157828565608,0.2889153302170678,0.12,237.733,2.04,2.0,2.0
2015-10-23,45.38425219949186,46.92020149853964,45.34086447448918,45.87887954711914,135227100,81.97813909524764,1.1105623085601266,0.7697227176749067,0.34083959088521987,16.857239473042902,1.2802375607058545,40.88019411107189,39.810664804854845,1,3.7953306580491755,0.10077048340690187,0.11281862715389401,0.20323224388325478,0.3649149830545183,0.3480637461935567,0.12,237.733,2.09,2.0,1.0
2015-10-26,45.5838428511765,47.13714805454571,45.55781087567729,47.0764045715332,64633300,84.21000110930854,1.4634786847539374,0.908473911090713,0.5550047736632244,20.41151331047872,1.223131158288634,41.470309393020585,40.095595776097134,1,1.7244359684089214,0.026101880347451978,0.1392277144201497,0.2531767349461711,0.3576958908032712,0.35117495191334075,0.12,237.733,2.07,2.0,0.0
2015-10-27,46.85076792151368,47.18051718206609,46.49498338545537,46.59043502807617,50999900,79.886361503475,1.6845354981370875,1.063686228499988,0.6208492696370995,21.958288106568766,1.0627679093858469,41.95794040588302,40.35029535460612,1,1.3283766554275362,-0.010322996156569175,0.12392727520355717,0.2359578498949222,0.36500704995498534,0.35218187494140485,0.12,237.733,2.05,2.0,0.0
2015-10-28,46.460293005366395,46.84210968017578,45.87021058321532,46.84210968017578,47000800,80.44628689257873,1.858607782885251,1.2226705393770405,0.6359372435082105,23.353622492903856,1.0064316374661737,42.42309938438709,40.604876308550025,1,1.2053111258965792,0.00540185237480495,0.14364466911184315,0.21961175447455306,0.3641426394525024,0.35118709336162884,0.12,237.733,2.1,2.0,0.0
2015-10-29,46.46027940033327,46.71193280584984,46.182594025373874,46.304080963134766,30202100,75.60101859682814,1.9308888173498033,1.3643141949715931,0.5665746223782102,23.766835594401194,0.9018066673282314,42.792716677601156,40.82837453029845,1,0.7729866601248901,-0.011486005235770036,0.11097232732447426,0.1961445168131093,0.37203867090599985,0.35231266384816234,0.12,237.733,2.19,1.0,1.0
2015-10-30,46.269376930767045,46.850783054228245,45.661938833661914,45.67929458618164,46619800,70.30546134829092,1.9156743177875981,1.4745862195347943,0.4410880982528038,23.81342639860055,0.8062487502227782,43.06762885937073,41.018606689352694,1,1.185922666165026,-0.013493116890723966,-0.004350257959820469,0.15514610997382183,0.37726127728117037,0.35073826051191814,0.12,237.733,2.16,2.0,1.0
2015-11-02,45.86150764727294,46.30407089317941,45.661921534317685,46.1999397277832,30285000,72.06168256687872,1.92345602523514,1.5643601806748635,0.35909584456027654,24.293976066867973,0.8206403314667564,43.365944180171915,41.221796220271536,1,0.7744181443729194,0.01139783672927086,-0.018617922327058833,0.14175391003089644,0.37303785558864017,0.35124426755944604,0.12,238.017,2.2,2.0,1.0
2015-11-03,45.93093514459492,47.197874930603646,45.90490317825527,46.9896125793457,36596900,74.52286236545051,1.9706269234997649,1.645613529239844,0.32501339425992093,24.963376738292627,0.8531924007241819,43.7110554562837,41.44798509709798,1,0.9244964698800188,0.01709250826333042,0.00856780047297212,0.158288725400912,0.3744518787595945,0.35190931916686297,0.12,238.017,2.23,2.0,1.0
2015-11-04,47.015636900612115,47.62307472850317,46.911505741915605,47.206546783447266,37087800,75.16998353957172,2.002432185732289,1.716977260538333,0.28545492519395577,25.398341351088604,0.8343044336253577,44.043959392204044,41.67381104558226,1,0.9259315663776777,0.004616641682994249,0.007780117201376058,0.1623932563245909,0.37387529973548345,0.34893550978486915,0.12,238.017,2.25,2.0,1.0
2015-11-05,47.28466013967981,47.46689054953603,46.85945253974444,47.189205169677734,31468500,75.00597102958315,2.0031477218732263,1.7742113528053118,0.22893636906791448,25.7355363592633,0.7994551146086906,44.3435066091063,41.890101011233064,1,0.7879067696861518,-0.0003673561179783347,0.019115468618147613,0.1460483673649573,0.37410473060581334,0.34887489261589516,0.12,238.017,2.26,1.0,1.0
2015-11-06,46.93754205240663,47.70985456230484,46.82473135571033,47.65778732299805,32851200,76.49813246524907,2.0182602057599297,1.8230211233962355,0.19523908236369425,25.848702720354304,0.807222120544814,44.6591523913817,42.116284788165025,1,0.8181729880777746,0.009929858992865803,0.043312681483809845,0.16578221194365672,0.3705175500912576,0.3491363685596281,0.12,238.017,2.34,1.0,1.0
2015-11-09,47.33671215075769,47.61439746064003,46.47762425776859,46.99828338623047,32513100,70.15030065486847,1.9544903539545473,1.8493149695078979,0.10517538444664942,25.25808614792876,0.7258212419871983,44.88192677184349,42.307735713579355,1,0.7971026573275704,-0.013838324727453832,0.017280188310877076,0.15233989108798474,0.3769039725054832,0.3507527514006017,0.12,238.017,2.36,1.0,1.0
2015-11-10,46.92018943563801,46.972256678417786,46.22597608325954,46.43423843383789,55283700,65.16949131562858,1.837259786064827,1.8469039328192838,-0.009644146754456795,24.122437345546395,0.6560740641935626,45.029765977747715,42.469559349667925,1,1.2991454718774862,-0.012001394769193485,-0.011819083304209443,0.14118139527906903,0.38168633867182805,0.35188997381615855,0.12,238.017,2.32,2.0,1.0
2015-11-11,46.59911280817776,47.0329965339331,46.390847163296336,46.55572509765625,36516300,65.73382449908388,1.7341662854180555,1.8243564033390383,-0.09019011792098275,22.557194996188173,0.6479798247049556,45.175095417739,42.629801143706686,1,0.8463657977944977,0.002616316492225046,-0.013786682783143656,0.1493146049819154,0.37977676195981663,0.3518219728646565,0.12,238.017,2.32,2.0,1.0
2015-11-12,46.40820224647014,46.84208596602607,46.15654889466288,46.26935958862305,35361100,63.13703503628906,1.6107884732457904,1.7816428173203889,-0.17085434407459843,20.785270449502665,0.6001682171483329,45.27931105306129,42.77252892586027,1,0.811902077460993,-0.0061510267197539825,-0.019492711897714954,0.1342263396497423,0.3826230743594328,0.3506424652682199,0.12,238.017,2.32,2.0,1.0
2015-11-13,46.05241891308514,46.24332881388543,45.58382368944997,45.85283279418945,36848200,59.457751640198886,1.4625411727201652,1.7178224884003441,-0.255281315680179,18.970151840509388,0.534239397012661,45.333932171263974,42.89332515599083,1,0.8360662804918171,-0.009002216545396347,-0.03787323394969244,0.11218684817142632,0.3860351259740306,0.3482206017356348,0.12,238.017,2.28,2.0,1.0
2015-11-16,46.06111538545643,46.76400516920351,45.86152588286974,46.659873962402344,32165200,63.85304804406513,1.394105219371255,1.6530790345945263,-0.25897381522327123,16.929372218079525,0.6077779073863248,45.46021234184858,43.04103295232069,1,0.7275189778020446,0.017600682859340466,-0.007200463494529963,0.12914786193045646,0.3882053727744811,0.3255859668356478,0.12,238.017,2.27,2.0,1.0
2015-11-17,46.45019903960446,46.76470158955896,46.17064195799676,46.27547836303711,31551300,60.489279163694526,1.2939360318195057,1.5812504340395221,-0.2873144022200165,14.421619436262139,0.5317009460343293,45.537856724818916,43.16787394881938,1,0.7130296103007403,-0.008238247700261159,-0.003419030356812902,0.1163293983833209,0.39144951137570877,0.31762260425880734,0.12,238.017,2.25,2.0,1.0
2015-11-18,46.301677744283374,47.15782157436209,46.28420501314919,47.04425048828125,29710000,64.51541272247175,1.2620367406594752,1.517407695363513,-0.2553709547040377,10.243378749521804,0.6421310548669039,45.68132279752962,43.319888715072786,1,0.6679718835772895,0.016612948205808387,0.010493347265030373,0.1485799134716339,0.3875918145853167,0.3107647571637703,0.12,238.017,2.27,1.0,1.0
2015-11-19,47.1665625251505,47.7518840577464,46.98310050317929,47.12287902832031,28149200,64.9092646372761,1.228934595615165,1.4597130754138434,-0.2307784797986785,4.4097509769001775,0.7341140102341921,45.81861386712873,43.4690255901021,1,0.6538187059015493,0.0016713740621427942,0.018446752824889723,0.13061772300379237,0.38596011879713754,0.29354671560272966,0.12,238.017,2.24,1.0,1.0
2015-11-20,47.39369244824377,47.437372604260254,46.53754872650795,47.34127426147461,37147600,66.03684839919265,1.2064167558962922,1.4090538115103333,-0.2026370556140411,4.319449614154315,0.8106309075802537,45.96362914278072,43.62087847917553,1,0.9737362563909666,0.004634590196049837,0.03246127614330896,0.031875118328762664,0.19060603299129192,0.28944727519959845,0.12,238.017,2.26,1.0,1.0
2015-11-23,47.39369244824377,47.577151103062384,46.95688422291433,47.34127426147461,28235900,66.03684839919265,1.1750262346818303,1.3622482961446327,-0.1872220614628024,4.42647931982792,0.7966313333372432,46.09483343979918,43.76677635299118,1,0.7772130115101482,0.0,0.014603560644448565,0.005626378912156227,0.16779974683097473,0.2894802882542193,0.12,238.017,2.25,0.0,1.0
2015-11-24,47.10540836534789,47.55968942515759,46.8083819023855,47.39370346069336,24600000,66.33800722999341,1.1412242953810292,1.318043495991912,-0.17681920061088285,4.582071958454133,0.7920363950037137,46.21853534655101,43.90900878858734,1,0.7026627060483406,0.0011074733419547123,0.024164528108896688,0.017241058859680525,0.1630091746097477,0.28826615648019943,0.12,238.017,2.24,0.0,1.0
2015-11-25,47.253924154535746,47.37622995082834,46.90447616577149,46.90447616577149,21005100,60.910482666101274,1.0627092106315885,1.2669766389198474,-0.20426742828825883,4.586933015798364,0.5622136488926631,46.283863043619625,44.02647809749653,1,0.6231136847039,-0.010322622188148167,-0.0029711244426048333,0.0013314192298665706,0.16675629828126182,0.275247517201788,0.12,238.017,2.23,1.0,1.0
2015-11-27,47.00056466977601,47.24517954363016,46.99182997155158,47.1141357421875,9009100,62.332783967638136,1.0058088772726848,1.214743086590415,-0.2089342093177302,4.529644550053024,0.6427220822874483,46.36293663395942,44.147562711013826,1,0.2759274431283068,0.004469926829052007,-0.00018554227401001988,0.01749424159174362,0.16156452758353398,0.26710857744292765,0.12,238.017,2.22,1.0,1.0
2015-11-30,47.647056968027734,48.01397439278537,47.17530313683934,47.4810676574707,56241400,64.75015846252364,0.979037556603565,1.167601980593045,-0.18856442398948015,4.100855737105863,0.8012792108265557,46.46942530286526,44.2782883951886,1,1.6975291966848298,0.0077881491298299466,0.0029528862113847865,0.0394439775747788,0.153820024962553,0.26723218926633235,0.12,238.017,2.21,0.0,1.0
2015-12-01,47.53347356228027,48.24983882462752,47.437375214207414,48.24110412597656,39952800,69.16449202589473,1.0075354418108091,1.135588672836598,-0.12805323102578892,4.550177420879099,1.0785850877069822,46.63815661935205,44.433692933650875,1,1.1885507301563125,0.016007147817078904,0.01900730131453643,0.04418110521832275,0.1582870287609214,0.2633932908172976,0.24,237.761,2.15,0.0,1.0
2015-12-02,48.32846682204209,48.88758087553775,48.10132798752797,48.23236846923828,47274900,69.05744753708518,1.0176840978680133,1.112007757842881,-0.0943236599748678,5.081554177597358,0.9877652001985016,46.78998631934122,44.58266060171313,1,1.3843868361298348,-0.00018108326698884625,0.01769570527950992,0.026447459803889295,0.14843572839147604,0.2582615135662015,0.24,237.761,2.18,0.0,2.0
2015-12-03,48.476983693859125,48.721595260766726,47.11414067983967,47.35001754760742,38627800,59.10684526535434,0.9436508164395008,1.078336369562205,-0.13468555312270425,5.102032555962702,0.6153571673339128,46.84332262679514,44.691184403512906,1,1.128622359507293,-0.018293750641617534,0.009498909661868504,0.003039213285782383,0.163458882071555,0.25811319507661185,0.24,237.761,2.33,0.0,2.0
2015-12-04,47.2801318109732,49.1234634618887,47.26265907819403,48.84390640258789,43963700,67.61513954459471,0.9940642987211419,1.0614819553939925,-0.0674176566728506,6.056521561923632,1.0911090276643267,47.03385441496588,44.85403624661389,1,1.2614984399022335,0.03154991132745533,0.03671447291033503,0.035065249074663685,0.19680628879330203,0.26402667481680686,0.24,237.761,2.28,0.0,1.0
2015-12-07,48.739073287746834,48.89632455001267,48.30226496647127,48.75654602050781,30709800,66.74063287067997,1.0152647538046864,1.0522385150761313,-0.036973761271444916,6.683783263161623,0.9899151966112569,47.19792028216035,45.00707584559012,1,0.8839054194893924,-0.0017885625559926899,0.026862882954495237,0.023055176482764228,0.19473950489189096,0.26432887558529383,0.24,237.761,2.23,0.0,1.0
2015-12-08,48.45950626142992,49.00988223357425,48.040170759165626,48.73906326293945,32878000,66.55511714667422,1.018910192325606,1.0455728505260262,-0.02666265820042013,7.222164056848962,0.9219613495354473,47.344695804139306,45.15342829332931,1,0.945814995905678,-0.00035857251990334404,0.010322299748001695,0.037039222526561444,0.18659323671315875,0.26279922212980567,0.24,237.761,2.24,0.0,2.0
2015-12-09,48.37215067896107,48.80895898320601,47.62083986244651,48.03144073486328,36373200,59.362617545951544,0.953706272205423,1.0271995348619056,-0.0734932626564826,7.126791508845616,0.6936627186691084,47.41010008325588,45.26629152633065,1,1.0756200535663116,-0.014518591058237273,-0.004165827653749732,0.03439708187098134,0.1893122483816494,0.26317838910361063,0.24,237.761,2.22,0.0,2.0
2015-12-10,48.389623098280495,48.62549998095815,48.05764785607682,48.2847900390625,31775800,60.98815734356038,0.9119623331618527,1.0041520945218951,-0.09218976136004242,7.113372005961881,0.7431064394399951,47.493403888570796,45.38466401702602,1,0.9462996297835508,0.005274655524029059,0.019741755966937502,0.03713968449163518,0.18971617728715212,0.2630996615609172,0.24,237.761,2.24,0.0,2.0
2015-12-11,47.79557104946487,48.13628104487922,47.18403866489849,47.22772216796875,39549500,51.69636078644337,0.7845397321354852,0.9602296220446132,-0.17568988990912793,6.743547072653137,0.4113017661315948,47.46810086756108,45.456940807259066,1,1.170504396106063,-0.02189235720479632,-0.03308875873477457,0.020712683034008306,0.20637146678052154,0.2682520437053628,0.24,237.761,2.13,0.0,2.0
2015-12-14,47.4635915577293,48.232371767566875,46.89573943373797,48.17121887207031,46768900,57.866610943790036,0.7510312805800723,0.9183899537517051,-0.16735867317163278,6.01100573925769,0.6898030405403685,47.53506448703815,45.56338308431049,1,1.364142821558222,0.019977603424233603,-0.012005098724411356,0.05056145796459166,0.21297752537994907,0.2666737882583423,0.24,237.761,2.23,0.0,2.0
2015-12-15,48.625503306869405,48.83517277222935,48.127542075795525,48.22364044189453,39843000,58.186203634382096,0.7204012368621804,0.8787922103738002,-0.1583909735116198,5.791236995775068,0.6873564707470756,47.60064314940542,45.66770690225496,1,1.1492615022059025,0.0010882342413514046,-0.010575148280226432,0.03351415995577356,0.20550023639473344,0.26586836909142836,0.24,237.761,2.28,1.0,2.0
2015-12-16,48.52067589996008,49.140943002932616,47.83925255749598,49.036109924316406,37503300,62.88514408841241,0.7530060190215622,0.8536349721033526,-0.10062895308179043,5.57174232277464,0.9471768710446969,47.73735427082551,45.79980113841424,1,1.0725663109396426,0.01684794998836381,0.02091690721914774,0.05965646728969043,0.20861225440569214,0.2665365126746974,0.24,237.761,2.3,1.0,2.0
2015-12-17,49.23702528032513,49.61268063283055,48.51192200325295,48.660438537597656,41280900,59.55266606057461,0.7400017232654932,0.8309083223357807,-0.09090659907028753,5.529755367936256,0.7775638884686975,47.82526705813714,45.91198299720575,1,1.1613865944642061,-0.007661117231741454,0.007779851548101568,0.03435463489250412,0.2053604813756871,0.26747099193357127,0.24,237.761,2.24,0.0,2.0
2015-12-18,48.72158686432404,48.922518235739545,47.20149286709173,47.288856506347656,84684200,49.28381401458899,0.611966153177228,0.7871198885040702,-0.1751537353268422,5.452684989545266,0.25348547853098446,47.774180338919095,45.965978036779944,1,2.2069703498023063,-0.028186799635811832,0.0012944587537269125,0.00352222702538163,0.23179036957402507,0.27567719071190366,0.24,237.761,2.19,0.0,2.0
2015-12-21,47.94407841648892,48.35467593927547,47.376226311513626,47.90039825439453,37246300,53.16183014982802,0.5534633684431256,0.7403885844918814,-0.18692521604875578,5.331801735333459,0.47625689149982053,47.7862010927739,46.04183765315699,1,0.9705577782885113,0.012932047700599192,-0.0056220420412239624,0.011810497322733093,0.23568991361697753,0.27625435721996433,0.24,237.761,2.2,0.0,2.0
2015-12-22,48.04017992042954,48.46825020261925,47.61210630565685,48.354679107666016,28322200,55.86181016746103,0.5375595069501102,0.6998227689835272,-0.162263262033417,5.233938419581928,0.6364534803320936,47.84034185609696,46.132537318039695,1,0.7379321189057098,0.009483863805449744,0.002717311770134234,0.02140637027626635,0.2377506618126803,0.2737070667371278,0.24,237.761,2.24,0.0,2.0
2015-12-23,48.660448611206654,48.81769987655736,48.43330641344093,48.765281677246094,27279800,58.20683684968297,0.5517278032745025,0.6702037758417223,-0.11847597256721976,5.256735460355303,0.7709911424980831,47.92843136287307,46.23578219487132,1,0.7082997474846152,0.008491475430244089,-0.00552303695151013,0.028940093649576726,0.23919690029692656,0.2738401922504685,0.24,237.761,2.27,0.0,2.0
2015-12-24,48.800220844150466,48.88758116580938,48.42456546236836,48.63423156738281,9558500,57.16296206957141,0.5460866841860081,0.6453803575105795,-0.0992936733245714,4.8278561967427915,0.7009871117767036,47.99565042996924,46.32983903300902,1,0.25192296009544,-0.002687364972700057,-0.000538568311393095,0.03687825860154481,0.23569731907722621,0.2725384611385861,0.24,237.761,2.25,0.0,2.0
2015-12-28,48.3546808481445,48.87885284423828,48.03144361673234,48.87885284423828,22458300,58.65353858985067,0.5549577419235376,0.6272958343931712,-0.07233809246963352,4.541185784170613,0.7846488434158634,48.07976494561391,46.42980035893958,1,0.5816010337018769,0.005029816838301393,0.033623065883972014,0.03745621296562596,0.23578867403533452,0.2724247886515646,0.24,237.761,2.24,0.0,2.0
2015-12-29,49.17588009767005,49.66510326960995,48.974948675968605,49.403018951416016,27731400,61.726731257856954,0.5973975165990453,0.621316170834346,-0.023918654235300707,4.729442754142772,0.9599709417667914,48.20578913664268,46.54639716648768,1,0.7456859352528287,0.01072378087202841,0.03136969110447074,0.04047826615463457,0.2369802248469476,0.2703880727677852,0.24,237.761,2.32,0.0,2.0
2015-12-30,49.33313026773352,49.60394927977877,49.17587901376661,49.19335174560547,21704500,59.81166592144627,0.6071145143388534,0.6184758395352475,-0.011361325196394101,4.954761163814812,0.8313345515344185,48.29984271844866,46.65019930684524,1,0.5983041456361797,-0.004244016059357425,0.017344187851439763,0.019739341312384084,0.23204639728324378,0.2678418017095888,0.24,237.761,2.31,0.0,2.0
2015-12-31,48.95747293441183,49.0885134191625,48.41582826651104,48.46824645996094,27334100,53.61635830262646,0.5499657061424017,0.6047738128566784,-0.054808106714276716,4.944705851403045,0.5240859047165791,48.31588117002126,46.72149527363409,1,0.7747835438323385,-0.014739904070661503,-0.0060911207127047895,0.004890450090028198,0.23876216151104757,0.2703992155872296,0.24,237.761,2.27,0.0,2.0
2016-01-04,47.45484813363256,47.87418365478515,46.64238451996737,47.87418365478515,53778000,49.12672601315561,0.4515339579272606,0.5741258418707949,-0.12259188394353426,4.639231504467993,0.24962556292950686,48.27381473999877,46.76669873956158,1,1.4922925412844572,-0.012256742270767673,-0.015627838419624562,0.01107002984002503,0.2333210646628664,0.2721895543954625,0.34,237.652,2.24,0.0,2.0
2016-01-05,47.98776108570842,48.389623930104555,47.64705113795592,48.09259414672851,34079700,50.759265888475184,0.38669243993165026,0.536639161482966,-0.14994672155131572,4.6149868308230655,0.3627164241592344,48.256555635877795,46.818694637881855,1,0.9588309586959108,0.004562176840827048,-0.016085866417841932,-0.01538190352071378,0.20454155847746236,0.27124413033463873,0.34,237.652,2.25,0.0,2.0
2016-01-06,47.45484427406752,47.52473518819987,46.86078483427135,47.21896743774414,39518900,44.594800421977936,0.26179290984594417,0.4816699111555616,-0.21987700130961746,5.029524053731582,0.046003149266076404,48.15773771224602,46.83439161042548,1,1.0982528761506165,-0.018165514347572298,-0.04420886739370555,-0.03153583894390177,0.21384730435534605,0.27390767482473877,0.34,237.652,2.18,0.0,2.0
2016-01-07,46.039587588239186,46.72974538365971,45.48920829153578,45.576568603515625,56564900,35.79390954391343,0.029936186850640922,0.39132316629457753,-0.3613869794439366,7.009932912889115,-0.2664236499537172,47.91191208284312,46.78506521799764,1,1.5218803818469604,-0.034782607993153136,-0.07352178726900704,-0.06488624211677341,0.24504674152184328,0.2845274477587781,0.34,237.652,2.16,1.0,2.0
2016-01-08,45.75130031598054,46.54629128706302,45.559106930527115,45.71635818481445,48754000,36.934720273898314,-0.14090778834805917,0.2848769753660502,-0.4257847637141094,8.315668888660172,-0.08367834994249926,47.7028117116023,46.74315513826497,1,1.2902385779588168,0.0030671370307602253,-0.05677713711841814,-0.048199315169999535,0.24228446752786903,0.2844027038183464,0.34,237.652,2.13,1.0,2.0
2016-01-11,45.87360991564074,46.17063971700486,44.95631307785197,45.69015121459961,36943800,36.80269905570335,-0.2752447034257415,0.1728526396076919,-0.4480973430334334,9.356011927639425,0.0029106746017044946,47.51112975950681,46.70186086674868,1,0.9710499692339719,-0.0005732514849258186,-0.04562025445560236,-0.05373615215813965,0.2406952984192418,0.28413766884475755,0.34,237.652,2.17,1.0,2.0
2016-01-12,46.09201289334649,46.38904268704201,45.480483905664286,46.1094856262207,36095500,40.46941640184079,-0.3439065533039951,0.0695008010253545,-0.4134073543293496,9.863314505712765,0.1285961753229585,47.37763984205099,46.67863046515935,1,0.9530791595275835,0.009177785594351562,-0.04123521626754889,-0.02367754552656509,0.23277647284591327,0.28432828030137847,0.34,237.652,2.12,1.0,2.0
2016-01-13,47.00057140511229,47.23644828196163,44.81652995196968,45.11355972290039,66883600,35.23986593556273,-0.4732293675383872,-0.03904523268739385,-0.43418413485099333,11.0678423932729,0.008302674785084636,47.162013164036644,46.61725514193351,1,1.7203348556499913,-0.02159915448620764,-0.044588177782998395,-0.0634748138154908,0.22988710064252757,0.2879088783986607,0.34,237.652,2.08,1.0,2.0
2016-01-14,45.428066345708245,46.668600403970395,45.05241091508901,46.39778137207031,52381900,45.09277652716487,-0.4667127016339663,-0.12457872647670834,-0.34213397515725796,11.292597814506925,0.272961245092593,47.089229183849376,46.60864832742907,1,1.3259498308956368,0.028466422447218864,0.018018310586272124,-0.037862323397675146,0.2552368727913177,0.2930123513260985,0.34,237.652,2.1,0.0,2.0
2016-01-15,44.825268560323735,45.40185537806295,43.97785939918322,44.545711517333984,71820700,36.47405400368301,-0.6040318526378528,-0.22046935170893722,-0.38356250092891553,12.313372112133388,0.011906443027742814,46.846989406086,46.52774884468025,1,1.742330255456798,-0.03991720724498271,-0.025606734962307698,-0.0915733000418063,0.27986337482503165,0.30575836646104915,0.34,237.652,2.03,2.0,2.0
2016-01-19,44.97378492574377,45.148508922973875,43.73325087731782,44.17005920410156,43564500,35.0123140264285,-0.7347010944783818,-0.3233157002628262,-0.41138539421555564,13.455481846948828,0.027397935051653322,46.592043672563676,46.435290427402656,1,1.0539312218823453,-0.008432962465674043,-0.03326957714275025,-0.09227987803740378,0.27998349595747424,0.3051916672074233,0.34,237.652,2.06,2.0,2.0
2016-01-20,43.66335255444127,44.88641699543928,42.894569096311585,44.3709831237793,63273000,36.47865850080332,-0.8126765001115857,-0.4211878602325781,-0.39148863987900756,14.454072723802716,0.10970997302592593,46.38051409648897,46.354337199809585,1,1.5714268684117196,0.0045488714142152276,-0.037703793022856535,-0.06170319179057948,0.26711046066969424,0.30341182886786755,0.34,237.652,2.01,2.0,2.0
2016-01-21,44.55443579848574,45.061134903284376,43.94290366022541,44.100154876708984,40191200,35.321762551003886,-0.886111604005194,-0.5141726089871013,-0.3719389950180927,15.373890985142763,0.1203480509359742,46.163337027938496,46.26593789302133,-1,0.9945381221013352,-0.006103724281132039,-0.02246342014276881,-0.07933636287328572,0.2604115170148562,0.23024912432747344,0.34,237.652,2.02,2.0,2.0
2016-01-22,44.9126432220544,45.716372476626674,44.78159935832052,45.681427001953125,37555800,46.07507637336898,-0.8074067255091393,-0.5728194322915089,-0.2345872932176304,15.257306040190224,0.35703898391212946,46.117440834987505,46.24301589729317,-1,0.9188276884312016,0.035856384850912804,-0.015439410009126076,-0.055284248702398675,0.29236788233842564,0.23564058483632627,0.34,237.652,2.07,1.0,2.0
2016-01-25,45.37563120989079,45.99590134008909,45.122285005672055,45.244590759277344,34707700,43.90347660174494,-0.7713894785190263,-0.6125334415370124,-0.1588560369820139,14.977479671714628,0.3163891732606446,46.03431225634844,46.20386197031216,-1,0.8415007879743,-0.009562666303246314,0.015689035333320556,-0.07219666936962466,0.29013145729203277,0.2355083390284319,0.34,237.652,2.03,1.0,2.0
2016-01-26,45.244596751926395,45.81244544495994,45.03492733755957,45.576568603515625,28900800,45.98694808873176,-0.7078975113537069,-0.6316062555003513,-0.07629125585335561,14.520323604668414,0.38199405394473024,45.990717622745315,46.179262230437786,-1,0.6846565257391154,0.00733740406681016,0.031843049902080534,-0.0628705926941765,0.2927742697349806,0.2357461591570359,0.34,237.652,2.01,1.0,2.0
2016-01-27,45.43679764375622,45.60278692967437,44.571919080873755,44.74664306640625,36775200,41.80661112137895,-0.7162907706790094,-0.6485431585360829,-0.06774761214292646,13.993786322348686,0.2805199486425666,45.8722343316654,46.123081086750275,-1,0.856672434469283,-0.018209478302966375,0.008466342554975581,-0.08453982729504927,0.2957777266774617,0.23752637792248965,0.34,237.652,2.02,1.0,2.0
2016-01-28,45.3057562121916,45.611520681079874,44.77284956705825,45.4804801940918,62513800,46.442590547975264,-0.6561641144298633,-0.650067349714839,-0.006096764715024294,12.516121273045238,0.4151965697281907,45.834924413801254,46.09788105174406,-1,1.3995497355099102,0.01639982526949546,0.03129978389513122,-0.07939876632198783,0.30020029362319567,0.23841705940748947,0.34,237.652,2.0,1.0,2.0
2016-01-29,47.81303048681229,48.127532958984375,47.17529084383333,48.127532958984375,83611700,59.09986492166839,-0.3904177772696684,-0.598137435225805,0.20771965795613656,11.62005812410653,0.9146730333532707,46.05326808477108,46.17747524418486,-1,1.750574300642932,0.0582019528728821,0.05354705659537884,-0.021665911120120063,0.36952246857879656,0.26428313019150507,0.34,237.652,1.94,1.0,2.0
2016-02-01,47.944083123639466,48.127541821997525,47.61210786047983,47.79556655883789,44208500,57.27185684561614,-0.20424440227242968,-0.5193588286351299,0.31511442636270026,11.12671834573262,0.8749382984130134,46.21920127277744,46.24092980554381,-1,0.9095246363835365,-0.006897640077030198,0.05638189575264252,-0.01387877528597492,0.3666691021713748,0.26252943627214154,0.38,237.336,1.97,1.0,2.0
2016-02-02,47.323799682127635,47.40242529291586,45.995905661721,46.30167007446289,56313800,49.805929923546515,-0.17522572942106507,-0.450532208792317,0.2753064793712519,10.45412257293606,0.6041766162255708,46.22705544436653,46.243311776873966,-1,1.1555590211550912,-0.031255963511510276,0.015909523098483813,-0.03284679675504154,0.3810420338335871,0.2704291984022298,0.38,237.336,1.87,2.0,1.0
2016-02-03,46.520078885102066,46.6423846625727,44.78158057404552,45.56783676147461,57559800,46.59283740554388,-0.2090328371471628,-0.40223233446328616,0.19319949731612335,9.422282945510712,0.47472730756538084,46.16427271266254,46.21682256058379,-1,1.1533422546015881,-0.01584895991458024,0.018352073782376577,-0.05249784150863168,0.38355524169775196,0.27232545563939997,0.38,237.336,1.88,2.0,1.0
2016-02-04,45.51543423056752,46.135704695195905,44.87769436250388,45.42807388305664,46987100,45.98437802490237,-0.24428692225198745,-0.37064325202102644,0.126356329769039,8.92140216805084,0.46090826459099793,46.094158538414355,46.185891239896456,-1,0.9345019671197693,-0.0030671387617007273,-0.0011522813921820418,-0.03792741882906914,0.37910331105149225,0.27149223746773526,0.38,237.336,1.87,2.0,1.0
2016-02-05,45.375642631963295,45.428060824952624,43.29643763212692,43.82060623168945,62009000,39.58194997361026,-0.3973547853662325,-0.37598555869006767,-0.02136922667616481,9.558293649244776,0.11400921410254528,45.877629747297696,46.09313496506481,-1,1.2266240865696838,-0.03538489559353131,-0.089489871233695,-0.03852774409372106,0.37983994304216323,0.2797082207649179,0.38,237.336,1.86,2.0,1.0
2016-02-08,43.28770726478791,43.305179998878046,42.099588007324854,43.165401458740234,59290500,37.302194504892704,-0.5650185370970888,-0.41379215437147193,-0.1512263827256169,10.563866062257631,0.03968089409600844,45.61932229124461,45.978321886385416,-1,1.1607518060854087,-0.014951978744543237,-0.09687436374245662,-0.05579964868946119,0.3821014809026341,0.2802729589860176,0.38,237.336,1.75,2.0,1.0
2016-02-09,42.82468761949719,43.89050097494652,42.51891979932612,43.05182647705078,46740500,36.90539488849151,-0.6990001811566344,-0.47083375972850444,-0.22816642142812998,11.468529705785869,0.07829062166689794,45.374798880369006,45.86355736052916,-1,0.9063641244982715,-0.0026311577757017757,-0.07018847467457812,-0.05774383904218272,0.38200714517628764,0.2801730201212936,0.38,237.336,1.74,2.0,1.0
2016-02-10,43.58472621060076,44.021534456179175,43.26148904199582,43.42747497558594,38237000,39.20875358285579,-0.7660394786858831,-0.5298749035199802,-0.23616457516590283,11.867485442328157,0.18648420874041824,45.18933946086586,45.768024717982364,-1,0.7399329344464547,0.008725495043407694,-0.0469708886356055,-0.058166136841691585,0.3818219363425603,0.2807249358851213,0.38,237.336,1.71,2.0,1.0
2016-02-11,42.52764870643067,43.776920486368155,42.37913217819681,43.40999984741211,48878600,39.137175144414606,-0.8112273775310825,-0.5861453983222007,-0.22508197920888184,12.33478304523177,0.20998263806450831,45.01987854529884,45.67555315443059,-1,0.9626309093922322,-0.0004023979792435739,-0.04442349990095473,-0.03776159287699765,0.37532002788356705,0.28023305693685546,0.38,237.336,1.63,2.0,1.0
2016-02-12,43.89923348757301,44.2748888865111,43.46242519416432,44.117637634277344,34243300,43.625240899046496,-0.7809365075598009,-0.6251036201697208,-0.15583288739008017,12.148996464386293,0.35540334195850687,44.93395083948727,45.61445842815007,-1,0.6866633412958418,0.016301262136664496,0.0067783499164164596,-0.04914337863502949,0.36494123231735215,0.2798875157940032,0.38,237.336,1.74,2.0,1.0
2016-02-16,44.78635925648084,44.95353698730469,44.10884420549356,44.95353698730469,37291200,48.460044141425975,-0.6816233532660476,-0.6364075667889861,-0.04521578647706148,12.121221542308517,0.5048907403411337,44.93581618689845,45.58853994027378,-1,0.7745979915937323,0.01894705604948088,0.04142520324463206,0.009155212838210192,0.34274595145869596,0.282335154410492,0.38,237.336,1.78,2.0,1.0
2016-02-17,45.30549311727773,46.43175013796473,45.27029674625359,46.12378692626953,40789000,54.36120672207171,-0.5026928429103137,-0.6096646220132517,0.10697177910293798,12.203552912795033,0.7000504268392046,45.04895625731474,45.60953001815597,-1,0.8497022375797787,0.02603243298286695,0.07135493893287648,0.044231947101093017,0.35227275637075295,0.28531834967796804,0.38,237.336,1.81,2.0,1.0
2016-02-18,46.04460072180875,46.5901310536965,45.84222326405758,45.92141342163086,27176000,53.226250474323216,-0.3729201831109279,-0.5623157342327869,0.18939555112185902,12.223972835573898,0.6486054571921426,45.13204741582104,45.62176073986087,-1,0.5882375223286639,-0.0043876168485942335,0.057427664110035526,0.03494243734754332,0.35290134567090253,0.28540768628545654,0.38,237.336,1.75,2.0,1.0
2016-02-19,45.72782895143749,46.00059237267618,45.340675672502705,45.59584426879883,33559100,51.36819524514079,-0.29296797257537577,-0.5084461819013048,0.21547820932592898,12.062885340396,0.5768763777241541,45.17621854467607,45.62074440766236,-1,0.7316544074203433,-0.007089702353949678,0.05035347682722979,0.03391574012089871,0.35321123509875724,0.28553366249163065,0.38,237.336,1.76,2.0,1.0
2016-02-22,46.00059527357428,46.63411641977522,46.00059527357428,46.32615661621094,25008300,55.15037077000717,-0.16873015059498186,-0.4405029756400402,0.27177282504505834,12.222842023340842,0.7021455675260796,45.28573645625082,45.64840763152701,-1,0.552791227329681,0.01601708136177371,0.050059774284416214,0.014113604949999692,0.33504378982060584,0.28753251514092987,0.38,237.336,1.77,2.0,1.0
2016-02-23,46.053389749906174,46.07978534545361,44.85674018960743,45.032718658447266,28895300,48.026388004450624,-0.17265021090950228,-0.38693242269393263,0.21428221178443035,12.230129455915181,0.47000272663200365,45.26163952312667,45.62426296591604,-1,0.6428402588019758,-0.027920251802435514,0.001761411369364252,-0.004682816161545977,0.34897114966384984,0.2931590753378064,0.38,237.336,1.74,2.0,1.0
2016-02-24,44.601584974103694,45.31429647654481,44.17044112028377,45.19111251831055,33014500,48.89694795878422,-0.16111855184021806,-0.34176964852318975,0.1806510966829717,12.211253419459107,0.502147297392407,45.25492266552513,45.60727667385308,-1,0.7311354130241295,0.0035173061849680387,-0.020221115179677174,-0.008457330093414428,0.34814119907862656,0.2926129503709658,0.38,237.336,1.75,2.0,1.0
2016-02-25,45.51665470728051,45.84221267700195,44.531180029023474,45.84221267700195,26939500,52.4246501804623,-0.09830805356451577,-0.293077329531455,0.19476927596693921,12.227253229077593,0.6099586490411678,45.31085504757054,45.61648985044715,-1,0.6031682594164227,0.014407703692348672,-0.0017247018052715113,0.02448383913335861,0.34510411506146144,0.29403512093564477,0.38,237.336,1.71,2.0,1.0
2016-02-26,46.28216462022726,46.35255735829197,44.9623309901085,45.138309478759766,35975900,48.524710799621786,-0.10412905160070807,-0.2552876739453056,0.15115862234459754,12.222692331057521,0.4857734166103845,45.29442213625523,45.59773767900843,-1,0.830153752858738,-0.01535491323688487,-0.010034572171572997,-0.007523463118062734,0.34512794481043385,0.2951158391105393,0.38,237.336,1.76,2.0,1.0
2016-02-29,45.18229859740893,45.44626798139025,44.575176398574214,44.76875305175781,31654000,46.56611496789699,-0.13698329151411315,-0.23162679745906714,0.09464350594495399,10.755612518574,0.4421616554568048,45.24435841392214,45.56522847793978,-1,0.7770036951491518,-0.008187201321215865,-0.033618233805913,-0.06978915603442648,0.272269457745109,0.293410814989521,0.38,237.336,1.74,2.0,1.0
2016-03-01,44.847950104854334,46.273369558004646,44.803952963072554,46.26457214355469,33024500,54.5607089581651,-0.04183812980419077,-0.19366906392809188,0.1518309341239011,9.571827598846552,0.8001671213861656,45.3415216262681,45.5926537197286,-1,0.8219272862710928,0.033412123184836995,0.02735463284929507,-0.03203214284317557,0.3009811843987582,0.30162416314718715,0.36,238.08,1.83,2.0,0.0
2016-03-02,46.11498891910751,46.59892726668255,45.895016637799706,46.59012985229492,29289900,56.10019531243345,0.059153003626498446,-0.14310465041717382,0.20225765404367227,9.741916471164815,0.8658252548232317,45.460436695413506,45.63177043080964,-1,0.7543470394546224,0.007036868464492807,0.03095779802759946,0.006230008061655745,0.2802587614960858,0.29972660663102874,0.36,238.08,1.84,2.0,0.0
2016-03-03,46.60772078425659,46.60772078425659,45.560650740014864,46.06218719482422,24427800,52.966280225388246,0.09548791892494535,-0.09538613654875,0.19087405547369535,9.898763775644243,0.7357935324580744,45.517746266785956,45.64864951959453,-1,0.6571638793647292,-0.011331641683430482,0.004798514403573373,0.010848670213099876,0.2771836340396109,0.29333167881798977,0.36,238.08,1.83,2.0,0.0
2016-03-04,46.10618574198025,46.15017952144097,45.49906017328757,45.78062438964844,33034200,51.31970999938295,0.1004064131883382,-0.05622762660133236,0.15663403978967055,9.976640122096182,0.6672621958133421,45.542782278487145,45.65382500469468,-1,0.9056940845790984,-0.006112666860235816,0.01422992837582715,0.0077606307390305496,0.2779241100769891,0.29351792889495854,0.36,238.08,1.88,2.0,0.0
2016-03-07,45.36709281071728,45.578264359786445,44.504801712910464,44.90074920654297,38407800,46.459188459457195,0.03292622840977799,-0.03839685559911029,0.07132308400888829,9.663376531469133,0.458115320686204,45.48163627163532,45.62429262045344,-1,1.0882294065721658,-0.019219379264395098,0.002948399179949268,0.024649202001965742,0.2543015684451288,0.29591245798036475,0.36,238.08,1.91,2.0,0.0
2016-03-08,44.69836229554412,45.868616322927046,44.52238381728598,45.44626998901367,33835100,49.64359364964221,0.023199237473697565,-0.02607763698454872,0.049276874458246286,8.831972307983788,0.5623787638259796,45.478268054242776,45.617311340789136,-1,0.9945335354629447,0.012149480623615316,-0.017687446714127142,0.05284020194862804,0.2494561809324379,0.2958624360934308,0.36,238.08,1.83,2.0,0.0
2016-03-09,45.657432995432366,46.5021255063313,45.63103740337605,46.49332809448242,28251600,55.156572642153634,0.09883999957002487,-0.0010941096736340012,0.09993410924365888,7.984399187301973,0.8102820504984739,45.5749404390275,45.65166493897319,-1,0.8536095668954815,0.023039472892316004,-0.002077731015547535,0.0799385740176708,0.2585613723683366,0.2995806613630745,0.36,238.08,1.9,2.0,0.0
2016-03-10,46.57252872392753,46.58132613775923,45.01512466790483,45.79822540283203,38387800,51.152847177164674,0.10152653578654025,0.01943001941840085,0.0820965163681394,6.961619399131462,0.5980034970172112,45.59620567367555,45.657412408144125,-1,1.1596061765028394,-0.014950590119894636,-0.005730552717258863,0.05459102627032508,0.2662911234216174,0.2977573519246119,0.36,238.08,1.93,1.0,2.0
2016-03-11,46.63412107634987,46.69571304321289,46.088590788487195,46.69571304321289,32275700,55.63111181544051,0.17406882993770978,0.05035778152226263,0.12371104841544714,5.922044305032554,0.8859933389805119,45.700920661250535,45.69813008010761,1,1.0000518993215133,0.019596559309596362,0.019988557730797663,0.07569023744183823,0.27248374350259397,0.2976495502169827,0.36,238.08,1.98,1.0,1.0
2016-03-14,46.3789508794332,47.15325418091036,46.308561501031825,46.78369903564453,24083600,56.05645097853784,0.2359390959203509,0.0874740444018803,0.14846505151847061,5.42312331417061,0.9020261561461946,45.80404241119282,45.740701411697295,1,0.7581555648736827,0.0018842413296102922,0.04193582206034052,0.06043073800705456,0.2684656419896653,0.29767232528051696,0.36,238.08,1.97,0.0,1.0
2016-03-15,46.41413724382393,47.15324401855469,46.40533983211113,47.15324401855469,21104800,57.88268310884675,0.3112035582651629,0.1322199471745368,0.17898361109062608,5.72951081270365,0.9783232185093546,45.932537802370135,45.79609523941719,1,0.6817518134996214,0.007899011632846786,0.03756026688116898,0.048932902251300536,0.2626628273350537,0.2960358629138102,0.36,238.08,1.97,0.0,1.0
2016-03-16,47.03007370643819,48.041944171304635,46.986079922141485,47.82197189331055,31691700,61.03817414304741,0.419970775943014,0.18977011292823226,0.23020066301478176,6.782868680913739,1.0904891283198423,46.11248390626922,45.87554138270713,1,1.0390089389645318,0.01418201204762748,0.02857708521377722,0.0368179865576872,0.2520096552370349,0.29718558433855813,0.36,238.08,1.94,0.0,1.0
2016-03-17,47.698794807409854,48.39390811129844,47.514018872911194,48.09474563598633,28223900,62.27959882775663,0.5221609940414709,0.25624828915088,0.2659127048905909,7.8565262209645645,1.0539130521832605,46.30127073767085,45.96256900048278,1,0.9237307412225795,0.005703941763094411,0.05014430609384024,0.047327206469035765,0.25125764710881826,0.2914909921532185,0.36,238.08,1.91,0.0,1.0
2016-03-18,48.32351954618049,48.3675166971191,47.030084536160295,47.06528091430664,67625500,55.139015774719624,0.5141514606906981,0.3078289234588436,0.20632253723185445,7.986752227151967,0.7448627616652395,46.374033611636165,46.00581260494646,1,2.096422638159043,-0.021404931205403877,0.007914385433021476,0.032227424868922716,0.2634753689375404,0.2937001704410869,0.36,238.08,1.88,0.0,1.0
2016-03-21,46.85409429413086,47.452419147065015,46.57253005233955,47.39082717895508,23925700,56.82482305844451,0.5279864119611588,0.35186042115930666,0.17612599080185215,8.305414948259076,0.8061408063597829,46.470871094237964,46.06012690196641,1,0.7429547899230641,0.006916908989477166,0.012977343729233093,0.022982061118611785,0.2588925957882546,0.29338599717814345,0.36,238.08,1.92,0.0,1.0
2016-03-22,47.17085530367774,47.73398379201653,47.03887059574997,47.57560348510742,23124100,57.794280359806386,0.5475488123138561,0.39099809939021657,0.15655071292363953,8.31100496504606,0.8200588542663372,46.5760837028922,46.11955735620724,1,0.7245554424769888,0.003898988837113926,0.00895716668797042,0.05646749524377559,0.23437613467875143,0.29295063728360476,0.36,238.08,1.94,0.0,1.0
2016-03-23,47.6108052586148,47.72519179470111,47.285247193688605,47.48762130737305,20129000,57.13640955206622,0.5496170854511107,0.4227218966023954,0.12689518884871526,8.22767224521052,0.7694436106468527,46.66289680808085,46.173206922919626,1,0.643703567615657,-0.0018493129101749828,-0.006991568367013978,0.05081770863976853,0.23491637339584648,0.29292778003104003,0.36,238.08,1.88,0.0,1.0
2016-03-24,47.37322965941259,47.80437679874612,47.27644132059216,47.698787689208984,19950000,58.36149296319763,0.5618192662555117,0.4505413705330187,0.11127789572249303,8.430689169772382,0.7925841673240066,46.76155308247401,46.233033619636856,1,0.6451898750142702,0.004446766884134368,-0.008232873290862641,0.040499245210701584,0.2309046181003422,0.2928843738859096,0.36,238.08,1.91,0.0,2.0
2016-03-28,47.6987807492295,47.769173478679065,46.92448086434479,47.109256744384766,17025100,53.74334036196366,0.5179487711019846,0.46402285064681187,0.05392592045517269,7.992391605612709,0.6234256129742669,46.7946677169417,46.267395310803444,1,0.5680033656295426,-0.01235945342396172,0.0009343581770646647,0.043664622986211876,0.22809303863129518,0.2929803958822976,0.36,238.08,1.89,0.0,1.0
2016-03-29,47.214846264730845,48.27071379549601,47.03007036988729,48.138729095458984,23924300,59.73518277117326,0.5597979009551182,0.4831778607084732,0.07662004024664498,7.519413925517809,0.8752834802290074,46.922673562514774,46.340780949417386,1,0.8086056408695612,0.021852867614960303,0.015781575486743638,0.07527518221928342,0.23461961908262927,0.2964518802535805,0.36,238.08,1.81,0.0,1.0
2016-03-30,48.332303358245476,48.95702374681565,48.30590776215412,48.437889099121094,23008300,61.30383811154488,0.6100708331725784,0.5085564552012942,0.10151437797128415,7.990556268185743,0.9031410135536673,47.06697980409633,46.42302048469988,1,0.7910357781903814,0.0062145388813417135,0.01812453339206921,0.046975836041945884,0.20814524599918752,0.2951935199880556,0.36,238.08,1.83,0.0,1.0
2016-03-31,48.349907451924835,48.9130359474509,48.27071729745957,48.59627532958984,26360500,62.14470454612055,0.655140882973825,0.5378733407558004,0.1172675422180246,8.516418958445158,0.8919431858328772,47.21262699700047,46.508246164891645,1,0.910872819721612,0.003269883007177121,0.023346168784509347,0.043059452370169726,0.20744274265504867,0.29414146742297914,0.36,238.08,1.78,0.0,1.0
2016-04-01,48.437892614240326,48.930631701601406,48.01554626357816,48.89543533325195,24399200,63.74711047600058,0.7068507982615344,0.5716688322569472,0.1351819660045872,8.936785663221459,0.9097483936690199,47.37289445759585,46.60186142639597,1,0.8431428211550779,0.006156027424594868,0.0250875903144534,0.06150919682654776,0.20155698055821886,0.2942584298934455,0.37,238.992,1.79,0.0,1.0
2016-04-04,48.77226257324219,48.97463670284558,48.39390991808896,48.77226257324219,18928800,62.572682193407786,0.7294832376655265,0.6032317133386631,0.12625152432686337,8.948567535120223,0.843499249805303,47.50616761146693,46.68697519686053,1,0.6704465056560335,-0.00251910549870904,0.035301041531623056,0.06534725603852176,0.19979139444895744,0.29176132052788234,0.37,238.992,1.78,0.0,2.0
2016-04-05,48.561072030416064,48.65786035611982,47.91875347207579,48.006744384765625,19272300,55.70393690404712,0.6778350285717707,0.6181523763852846,0.05968265218648605,7.667367757244553,0.6466093778431529,47.55384158987633,46.73873085128818,1,0.7065571456591516,-0.015695769441226304,-0.0027417572747222563,0.06917468490191814,0.1947599531182101,0.2841180573481788,0.37,238.992,1.73,0.0,2.0
2016-04-06,47.83076326958016,48.56987011273189,47.69877858610274,48.49947738647461,21188700,58.836137579390936,0.668951628095364,0.6283122267273006,0.04063940136806343,6.781949506289423,0.7705058061352862,47.64390214193331,46.807779735020986,1,0.7952513189633851,0.010263828718727774,0.0012714899121115675,0.06718279405986527,0.19376100882902297,0.28473123898129565,0.37,238.992,1.76,0.0,2.0
2016-04-07,48.27950893671292,48.31470530260089,47.71638050854619,47.91875457763672,19225100,53.99057385170186,0.6080428523379453,0.6242583518494296,-0.016215499511484266,6.425933661384158,0.5723422077537716,47.67007856438126,46.85134737590788,1,0.7339868104497035,-0.011973795185674319,-0.013941824704836625,0.030658731942303286,0.18650860284116713,0.28596750526148296,0.37,238.992,1.7,0.0,2.0
2016-04-08,48.10353627396518,48.64026917080027,47.79557642652403,47.88356399536133,22167200,53.70194983810246,0.550585812319845,0.6095238439435127,-0.05893803162366762,5.277312813252628,0.5326128131553152,47.69041051018888,46.8918264590237,1,0.8733544968958904,-0.0007343801521046966,-0.020694597174441998,0.045533174575806745,0.17627545948199486,0.285452649192022,0.37,238.992,1.72,0.0,2.0
2016-04-11,47.945161627769686,48.52588833695938,47.777980539821705,47.78678131103515,21414200,52.86492559406577,0.49157457466916554,0.5859339900886432,-0.09435941541947768,4.828006913308651,0.4701074538840827,47.69958868169805,46.92692272773003,1,0.8621339366953049,-0.0020212088710763743,-0.020205772917078035,0.02336549110648689,0.16459963714269535,0.28165536540012126,0.37,238.992,1.73,0.0,2.0
2016-04-12,47.839562490598574,48.200316835029966,47.30282968038137,48.085933685302734,24944300,55.18982464513017,0.46360271662608454,0.5614677353961315,-0.09786501877004694,4.373886831636099,0.5787088416897962,47.73638344394612,46.97237413783092,1,1.0025185242046997,0.006260149063408438,0.0016495453201830212,0.027835222021799222,0.16557922298473624,0.27618107970001166,0.37,238.992,1.79,0.0,2.0
2016-04-13,48.49948443785969,48.78104867080581,48.29711035521157,48.70185852050781,20818000,59.60737882848701,0.4855378264761967,0.5462817536121446,-0.060743927135947895,4.327092048225749,0.8387051963551564,47.82833345123771,47.04019705479864,1,0.8371638330586418,0.012808835931854556,0.004172851852000337,0.03284216248926053,0.1689712880637613,0.2634478292440606,0.37,238.992,1.77,0.0,2.0
2016-04-14,48.58746748531579,48.90422803517961,48.45548280403591,48.71065139770508,20877100,59.66850645339528,0.4978916853491313,0.536603739959542,-0.03871205461041072,4.494746175641931,0.8092648372915432,47.91236373185365,47.10570506824595,1,0.8582017230957186,0.00018054500309383492,0.016525822239084942,0.018583079476043984,0.1624472867181925,0.2626469153303736,0.37,238.992,1.8,0.0,2.0
2016-04-15,48.657849591586626,49.20337970353599,48.49067192922568,48.96581268310547,28793800,61.489799069104436,0.5222514017020359,0.5337332723080408,-0.011481870606004918,4.793013377779742,0.8815691167355685,48.01269220340144,47.178650464907115,1,1.1822512447105447,0.005238305752002681,0.022601673673433798,0.018111480487119413,0.16227526653739985,0.2626831178297604,0.37,238.992,1.76,0.0,2.0
2016-04-18,48.82505285501373,49.7929296258706,48.578681598250725,49.67854309082031,23786000,66.09542737905112,0.5922410535717191,0.5454348285607765,0.04680622501094256,5.1777323245579145,1.0854090899982178,48.17134466886991,47.276685469844885,1,1.0732260423131528,0.014555674023577492,0.03958755387754698,0.05552420225158605,0.14550141644419493,0.2634682075845121,0.37,238.992,1.78,0.0,2.0
2016-04-19,49.82811054793517,49.95129445986296,48.99221540148386,49.61693572998047,29596800,65.36770067705048,0.6354125178063583,0.563430366409893,0.07198215139646535,5.496465058648848,0.9850978020587026,48.309020008023296,47.3684599898502,1,1.318540324966231,-0.0012401201204153,0.03183887526646245,0.04697340568923303,0.14525833040384958,0.2542539979703843,0.37,238.992,1.79,0.0,2.0
2016-04-20,49.528963264865475,49.71373918903201,48.82505258481853,48.91304016113281,36195700,57.568626147042885,0.6058439328079714,0.5719130796895087,0.03393085311846278,5.390222753381215,0.6985051230961615,48.36654573689087,47.42903176127305,1,1.5668984970705906,-0.014186598960450048,0.004336213176260539,0.02811181736126689,0.15650716241523588,0.2552963428668946,0.37,238.992,1.85,0.0,2.0
2016-04-21,49.09780982372499,49.4761623953437,48.76345103465277,49.0802116394043,38909100,58.825093246465606,0.5891090746478937,0.5753522786811858,0.01375679596670798,5.226893550817581,0.7389223545623739,48.43451391808262,47.49378391335663,1,1.6185671543071791,0.0034177282319964863,0.007586846636106204,0.03353695738354401,0.1561779623407939,0.25502913884212874,0.37,238.992,1.88,0.0,2.0
2016-04-22,45.67502872939889,46.13257132075839,44.67195600686477,45.56064224243164,126834100,35.195273617958094,0.28852085411271844,0.5179859937674923,-0.2294651396547739,7.32402717736178,-0.29246653786168764,48.16081185373491,47.41797443606546,1,4.316517846963408,-0.07171055868363352,-0.06954179363286062,-0.04482599140063803,0.31128231421710706,0.29599780174487006,0.37,238.992,1.89,1.0,1.0
2016-04-25,45.56064064129651,45.868603732845685,45.42865933621205,45.85100555419922,33226900,37.428393208377926,0.07289216085308681,0.4289672271846112,-0.3560750663315244,8.354491272322461,-0.10808750597160618,47.94083030139818,47.35652467599227,1,1.1004646030009089,0.0063731171791330254,-0.0770460906960122,-0.026709213372073104,0.31030532872992506,0.2944067530302676,0.37,238.992,1.91,1.0,1.0
2016-04-26,45.98301797178801,46.06220815102319,44.953548998242255,45.26150894165039,33532600,34.80607939436436,-0.14390374923574,0.314393031900541,-0.45829678113628103,10.03197064440598,-0.10015502306659656,47.68565683856506,47.27436719621416,1,1.0931952486695953,-0.012856787008782233,-0.08778105145454118,-0.059769341814219334,0.30046525557365716,0.2710309858083532,0.37,238.992,1.94,1.0,0.0
2016-04-27,45.29668551485232,45.31428369771032,44.4783884727612,44.8215446472168,43369300,32.950553596115995,-0.3472150327731356,0.1820714189658057,-0.5292864517389413,11.731139749263685,-0.06120190580586066,47.412884248912846,47.17817807664564,1,1.3684627201483277,-0.009720495509789151,-0.08364835840171703,-0.07465941475079507,0.29926903513125397,0.27135815394086704,0.37,238.992,1.87,1.0,0.0
2016-04-28,44.53999304686871,44.67197777742266,43.60731258685936,43.90647506713867,43134800,29.435697198409912,-0.5755446370007036,0.03054820777250384,-0.6060928447732075,13.857340325943765,-0.08029117255726001,47.0789405173153,47.04987599784144,1,1.3259720817566176,-0.020415842141998652,-0.10541390102955184,-0.09650534388991716,0.3036881317341056,0.2669055479563246,0.37,238.992,1.84,2.0,0.0
2016-04-29,43.42252698479362,44.214428540055586,43.42252698479362,43.880069732666016,48411700,29.33844393468233,-0.7499828477694095,-0.12555800333587883,-0.6244248444335306,15.424366620146484,0.006536791437255003,46.77428615687251,46.925569869795346,-1,1.4352148929815238,-0.0006013995528513227,-0.03688649735934735,-0.10257328861893111,0.3013213759843922,0.2650460796841158,0.37,238.992,1.83,1.0,1.0
2016-05-02,43.99444098894801,44.65435760378223,43.80086437451361,44.53117370605469,33114500,35.03789830507593,-0.8261642304344576,-0.2656792487555946,-0.5604849816788631,16.199682369179826,0.14073500260578828,46.56065639965177,46.8316719810212,-1,0.9614957458651284,0.014838262048247453,-0.028785232345327594,-0.08695698422476461,0.30962323494500466,0.26684987022577317,0.37,239.557,1.88,1.0,1.0
2016-05-03,44.29362341779989,44.35521539460773,43.642503918888586,43.80088424682617,26460200,31.92731490621769,-0.9346922309174985,-0.3994818451879754,-0.5352103857295232,17.420464400304812,0.10100691976526448,46.29782095652552,46.71281756007238,-1,0.7603504654668871,-0.016399510689951158,-0.03227079098726482,-0.0876097763312218,0.30997877327346934,0.2585758877492991,0.37,239.557,1.81,1.0,0.0
2016-05-04,43.853674132994165,44.04725081461612,43.519315325604595,43.880069732666016,24257600,32.62576103007062,-1.0027527369165128,-0.5201360235336829,-0.48261671338282985,18.229800484454096,0.15316229143124796,46.06755893520557,46.60172940997801,-1,0.6939973021261134,0.0018078513071475566,-0.021004963616514827,-0.09524654496786067,0.30606878899684065,0.256684425230262,0.37,239.557,1.79,1.0,0.0
2016-05-05,43.88007367364092,44.25842629996788,43.75688972209464,43.94166564941406,25390700,33.19991459902978,-1.0397354791761018,-0.6240559146621667,-0.41567956451393506,18.945173777148984,0.1943102046551523,45.86509290798733,46.497413184073544,-1,0.7200639333350917,0.0014037333377843186,0.0008014895803314381,-0.0829965002904881,0.30568785346069816,0.25662239162237566,0.37,239.557,1.76,1.0,0.0
2016-05-06,43.924051854897634,44.33760070800781,43.69528221995973,44.33760070800781,24787300,36.92104916963476,-1.0252771616947811,-0.7043001640686897,-0.32097699762609144,19.321569609465367,0.26297098991304874,45.71961746037024,46.41271465560038,-1,0.7003499446991028,0.009010469966084012,0.010426851600948916,-0.07405387133875474,0.30912438745941123,0.2566622824358521,0.37,239.557,1.79,1.0,0.0
2016-05-09,44.42559684086826,44.51358439777698,43.99444975639116,44.0560417175293,17951600,35.41041434902142,-1.0247258961086203,-0.7683853104766758,-0.2563405856319445,19.720714386151077,0.2564207876506096,45.561181675337764,46.32029610900936,-1,0.5097047510896275,-0.006350343410162496,-0.010669648899480744,-0.07807053522234886,0.3091693887301893,0.2570277551974207,0.37,239.557,1.77,1.0,1.0
2016-05-10,44.28480376389375,44.96231516855284,44.16161651562823,44.89192581176758,22891000,42.88210673184778,-0.9459359922359667,-0.803895446828534,-0.14204054540743272,19.61234946375129,0.3642958094922917,45.49744302166441,46.2642815875489,-1,0.6518506453010997,0.018973200079972052,0.02490912189793204,-0.0664229147433898,0.31781073002716737,0.2577777608876331,0.37,239.557,1.77,1.0,0.0
2016-05-11,44.98872387480685,45.56064969011536,44.87433736914112,44.918331146240234,24039100,43.106006271375215,-0.8713197047739811,-0.8173802984176235,-0.05393940635635763,19.112414959119565,0.3847308396678044,45.44228950971925,46.2114992173015,-1,0.6814191112618503,0.0005881978550748013,0.02366134374671014,-0.07768753573694476,0.312498634547664,0.25488741433901085,0.37,239.557,1.73,1.0,1.0
2016-05-12,45.050326105498925,45.58705903540901,44.80395485585331,45.323089599609375,24102800,46.56384817568907,-0.7706416575788921,-0.8080325702498773,0.037390912670985155,18.375936899362365,0.44794387197546714,45.43093713732784,46.17665962445083,-1,0.6801153973782763,0.009010986005944188,0.031437678335111796,-0.06954458010502607,0.3156166554334899,0.24993715874975966,0.37,239.557,1.75,1.0,1.0
2016-05-13,45.26148989313592,45.66624139250284,44.90953629972107,44.944732666015625,22592300,43.879197163909886,-0.7131629240508488,-0.7890586410100716,0.07589571695922281,17.33561573258152,0.4221275423004564,45.38463194958382,46.12834876333572,-1,0.6431201617002149,-0.00834799518162177,0.013693387741167573,-0.08212015275051743,0.314261328852352,0.25034992721727767,0.37,239.557,1.71,0.0,1.0
2016-05-16,44.6983568966067,45.71902791940878,44.65436312148357,45.604644775390625,20032000,49.36293384832147,-0.6073599540254548,-0.7527189036131483,0.14535894958769346,15.298320110016055,0.535822913164465,45.40558555204161,46.10781135204376,-1,0.5733010069257177,0.014682746347137288,0.03515075339247198,-0.0820051890004494,0.3143606565414126,0.2517920169442817,0.37,239.557,1.75,0.0,1.0
2016-05-17,45.826154586499015,45.83501353115045,44.621135314713776,44.7540397644043,27803500,43.467163711446,-0.5853989390241168,-0.7192549106953421,0.13385597167122532,12.727165634259544,0.43749212073372556,45.34353357226662,46.054722270175546,-1,0.7977627580064639,-0.018651718814512885,-0.003071511076210842,-0.09800879264371465,0.31828112142705134,0.25248760775894014,0.37,239.557,1.76,1.0,1.0
2016-05-18,44.72747478516825,45.31226335095737,44.567986687226885,45.01987075805664,24907500,45.651838503755656,-0.5403159113781655,-0.6834671108319068,0.14315119945374133,10.156739760194279,0.5222685612964442,45.31270854234186,46.01413985793559,-1,0.7264323981120778,0.005939821188248873,0.002260538386562594,-0.07959369097179436,0.3186761126190431,0.24608875702618704,0.37,239.557,1.87,1.0,1.0
2016-05-19,44.71860501685934,44.851509479659576,44.14267553809779,44.585697174072266,23842400,42.746297604179794,-0.5334719344648136,-0.6534680755584882,0.11999614109367462,5.587855414069413,0.45681387310238925,45.243469364411425,45.95812249778409,-1,0.7109898149927708,-0.009644043322951434,-0.016269685761746144,-0.09157487947186416,0.3179472089890971,0.24676951846092743,0.37,239.557,1.85,1.0,1.0
2016-05-20,44.727467382176265,45.38314094074447,44.656585672594005,44.85151290893555,23905800,45.05209850224705,-0.500825718039728,-0.6229396040547361,0.12211388601500817,5.315735510999783,0.5814769748540484,45.20614017817562,45.91472604331944,-1,0.8421188346493972,0.005961905985802485,-0.0020740974870803175,-0.015564515744153962,0.1845902188716286,0.24525714575762245,0.37,239.557,1.85,1.0,1.0
2016-05-23,44.8337912242366,44.90467631315408,44.284445305074414,44.3287467956543,26118700,41.51133924884978,-0.5112429225491795,-0.6006002677536249,0.08935734520444538,4.753530603862008,0.38050570209659274,45.12257890364978,45.85253077870512,-1,0.9317368875228442,-0.011655484494863089,-0.02797736910396531,-0.033200117208890934,0.18646309252389728,0.24438922600314036,0.37,239.557,1.84,1.0,1.0
2016-05-24,44.92240511982776,45.81730754758918,44.65659275177895,45.71098327636719,34757900,52.20695277049384,-0.40331454103905173,-0.5611431224107103,0.15782858137165856,5.079496895846901,0.9883864230124327,45.17861741533715,45.8469798962605,-1,1.23722059185503,0.03118149238652501,0.021382282292290666,0.009930608705428723,0.21387727804687456,0.2519063092188432,0.37,239.557,1.86,1.0,1.0
2016-05-25,46.003366986643314,46.508414782424545,45.88818379004953,46.18057632446289,24040200,55.204023705441294,-0.27669867657716196,-0.5042542332440006,0.2275555566668387,5.926394356608742,1.0696660374188212,45.27404207334912,45.860062109131185,-1,0.8862066982513415,0.010273090063640966,0.02578207237963981,0.030320946945108895,0.2129238115766456,0.24355691261436743,0.37,239.557,1.87,1.0,1.0
2016-05-26,46.012241564229086,46.05654306548342,45.507197013956386,45.97679901123047,24335200,53.632295164765424,-0.19060069178279804,-0.44152352495176017,0.25092283316896213,6.209112237603003,0.9319407673465576,45.3409713055283,45.86464002686057,-1,0.9292819747127402,-0.004412619535119955,0.03120062991786443,0.047153043848908505,0.19782978648361085,0.24327190035821983,0.37,239.557,1.83,1.0,1.0
2016-05-27,46.003365606236,46.357784271240234,45.87046114184958,46.357784271240234,17721400,56.14621220403318,-0.09058093148122737,-0.37133500625765364,0.2807540747764263,6.623257751076101,0.9902686925879185,45.4378106355961,45.88397901683624,-1,0.7188455084933284,0.008286467701170475,0.03358351289872763,0.056465601665389054,0.19860011962601323,0.24274873971207905,0.37,239.557,1.85,1.0,1.0
2016-05-31,46.304630600369016,46.960304260253906,46.14514588416809,46.960304260253906,37653100,59.85330228817182,0.03687866253940797,-0.2896922724982413,0.3265709350376493,7.660772129791421,1.0622071408474885,45.58281002842065,45.92618784991144,-1,1.5134177655794334,0.012997169698368616,0.05936458065756978,0.05454899011271608,0.197246992996064,0.2437938931970906,0.37,239.557,1.84,1.0,1.0
2016-06-01,46.46411870256529,46.916002768487154,46.46411870256529,46.827396392822266,25324800,58.675036385450014,0.12571756116456356,-0.20661030576568035,0.3323278669302439,7.965520418327602,0.9598941334212289,45.701342063125566,45.96152936139814,-1,1.0202256035744637,-0.002830217340481167,0.024423301281997878,0.06909705587086168,0.1851939746340807,0.24037807082279242,0.38,240.222,1.85,1.0,1.0
2016-06-02,46.64131665208209,46.72992300604849,45.93248272028492,46.499549865722656,22840800,55.759116048831686,0.16773500879553183,-0.1317412428534379,0.29947625164896974,7.880197609350328,0.8350088884411363,45.7773618538491,45.98262820470499,-1,0.9227895792263262,-0.007001169237541904,0.006907093125444463,0.05969635301437548,0.18878338972888825,0.23970365669153748,0.38,240.222,1.81,1.0,1.0
2016-06-03,46.410949279088626,46.44638844251135,45.71983320254743,45.88818359375,23368300,50.6992460393987,0.14997319240835338,-0.07539835580107966,0.22537154820943306,7.431294658971643,0.6444313152568701,45.78791630526823,45.97892449447146,-1,0.9479738677693226,-0.01314778903748759,-0.0019273942376637487,0.044297773322161005,0.19728128299845177,0.2366750752578118,0.38,240.222,1.71,2.0,1.0
2016-06-06,46.06540375919695,46.38437658490279,45.9767973798444,46.189449310302734,18243300,52.964327161958906,0.15838073596211188,-0.028642537448441353,0.18702327341055325,7.23672858084403,0.7113959989268495,45.826157543842946,45.98718036960209,-1,0.750025129930477,0.006565213372136336,-0.00363121239687747,0.04176700075609774,0.19635741271436238,0.23502316223417993,0.38,240.222,1.73,1.0,1.0
2016-06-07,46.28689831361482,46.72105758937031,46.16284942626953,46.16284942626953,20866800,52.73395222203336,0.16104100599204685,0.009294171239656288,0.15174683475239056,6.711827858571606,0.6842912569942375,45.85822343740738,45.994069352216506,-1,0.8527731330773259,-0.0005758865808185298,-0.016981466507646203,0.04782108484117309,0.19412783655632732,0.23156945120637987,0.38,240.222,1.72,2.0,2.0
2016-06-08,46.0919589095509,46.46409536043062,45.959051102816176,46.10968017578125,21149400,52.24478181766089,0.1570486163071152,0.03884506025314807,0.11820355605396712,6.612713160437708,0.6490286777977371,45.88217169820489,45.99860311000336,-1,0.8674091598955225,-0.0011517757493112457,-0.01532684437589249,0.027126356065002133,0.18436316639349454,0.23153689308081654,0.38,240.222,1.71,2.0,2.0
2016-06-09,46.07424618897916,46.07424618897916,45.62236564624288,45.737548828125,20305700,48.83063182570177,0.12244525629868264,0.05556509946225499,0.06688015683642765,6.437308376206678,0.5125350809479736,45.868398091530615,45.988365687184604,-1,0.839231273295821,-0.008070568831481717,-0.016387277722001548,0.01823793673940477,0.18738872985517907,0.23146107616692208,0.38,240.222,1.68,2.0,2.0
2016-06-10,45.23250744746279,46.11855070159521,45.22364850211565,45.61350631713867,25833200,47.71139807868763,0.08404384508748564,0.061260848587301124,0.02278299650018451,6.393732206607053,0.4652104984913938,45.844122684445665,45.97366531973182,-1,1.063877672929232,-0.0027120498182459096,-0.005985795363857904,0.006407699035853032,0.18529600308735972,0.22949009861377578,0.38,240.222,1.64,2.0,2.0
2016-06-13,43.93003020599532,44.94011906788609,43.46928726583711,44.426212310791016,83217800,38.59315533033066,-0.041713407451439366,0.04066599737955303,-0.0823794048309924,6.705750294699267,0.08775014364648578,45.70908360124046,45.912980888008654,-1,3.0467766908465044,-0.02602943957197046,-0.038174020817312915,-0.011536843684836984,0.2063156066126722,0.2349671402961083,0.38,240.222,1.62,2.0,1.0
2016-06-14,44.21357306906662,44.39077906935322,43.92117708461569,44.15155029296875,42577100,36.83917809026539,-0.16167616334153223,0.00019756523533597567,-0.16187372857686821,7.332646837303354,0.062001990119834746,45.56074709569077,45.84390517839925,-1,1.4970511393113624,-0.006182431576674197,-0.043569648717486364,-0.03186286154795359,0.19912879421512672,0.2313689109783642,0.38,240.222,1.62,2.0,1.0
2016-06-15,44.1072250944908,44.40847988818501,44.02748107910156,44.02748107910156,33757600,36.04232803212975,-0.263718873326404,-0.052585722477012015,-0.21113315084939197,7.78530869725282,0.06241391122848281,45.41472176077751,45.77267286077973,-1,1.1746533812831983,-0.0028100760458902307,-0.04515752633160419,-0.016234482722174537,0.18860905140975662,0.23079735910136248,0.38,240.222,1.6,2.0,1.0
2016-06-16,43.87686362973608,44.718605421705405,43.868001304143725,44.64772033691406,31188600,42.7134550636515,-0.2911837466420266,-0.10030532731001494,-0.19087841933201166,7.923073078175536,0.24681845051057358,45.341674006123846,45.7285570755301,-1,1.073529024533425,0.014087548108831172,-0.023827872702718578,-0.008266359162658832,0.19451413358815178,0.23267398344731804,0.38,240.222,1.57,2.0,1.0
2016-06-17,44.66544947895145,44.68317075327209,44.14268371644886,44.4173583984375,45710500,41.002823490667154,-0.3277599274185832,-0.1457962473317286,-0.18196368008685457,8.010547292173447,0.18871446977742262,45.25364394824896,45.67713751956568,-1,1.5163135440712987,-0.005159545363979112,-0.026223546823712085,-0.0037756228186257568,0.1923051805567439,0.23282185254180524,0.38,240.222,1.62,2.0,1.0
2016-06-20,44.869221999971934,45.03757235200089,44.32873516869488,44.36417770385742,35607900,40.59859147102683,-0.35692365805140724,-0.18802172947566434,-0.1689019285757429,8.23091861967606,0.1891976144557265,45.16893287735453,45.62564889934183,-1,1.1586996352044838,-0.0011972953029540934,-0.0013963514715056302,-0.010865524337330346,0.19095031165740745,0.23253425451629872,0.38,240.222,1.67,2.0,1.0
2016-06-21,44.47937869328037,45.56921165344401,44.443936146611485,45.35655975341797,34097800,50.421118845303674,-0.2965408486614507,-0.2097255533128216,-0.08681529534862908,7.8714672204677285,0.43764382603115104,45.186802103646286,45.615096383815406,-1,1.0953402632262839,0.022368994556485555,0.027292574155456606,0.023186149667205003,0.2021404611647783,0.2361640930427203,0.38,240.222,1.71,2.0,1.0
2016-06-22,45.259099664599226,45.5957937317138,45.14391307322454,45.17935562133789,28816800,48.86721645632052,-0.25998893903569353,-0.219778230457396,-0.04021070857829753,7.907697739580531,0.3960797728225005,45.18609291485501,45.59800851077707,-1,0.9346146305486541,-0.003906912981131105,0.026162626477922446,-0.011630195128708887,0.16975577499690195,0.23164348318826375,0.38,240.222,1.69,2.0,1.0
2016-06-23,45.43629861942335,46.12741468081746,45.32111542584674,45.9945068359375,29028800,55.63979187148155,-0.16336225837468277,-0.20849503604085337,0.045132777666170604,7.860303297888516,0.6257310657473856,45.26308471686286,45.61355746470493,-1,0.9339351131168292,0.018042559558211657,0.030164731566595382,-0.004029172074815013,0.17819215176928482,0.23442770215008518,0.38,240.222,1.74,2.0,1.0
2016-06-24,44.13382901694253,45.13505576251546,43.87687558454404,44.15155029296875,133503000,42.07200006234236,-0.23281239224318995,-0.2133585072813207,-0.019453884961869256,8.256873143422402,0.1531885810795993,45.15722429553961,45.55622385012705,-1,3.653548987312344,-0.040069057584258494,-0.005984329439053249,-0.039699343092934214,0.22933773817972478,0.24817204603236578,0.38,240.222,1.57,2.0,1.0
2016-06-27,43.50471522222307,43.549020081582945,42.56551169155131,42.91106796264648,50216300,35.75240678579243,-0.3835276130235101,-0.2473923284297586,-0.13613528459375152,9.402062599961488,-0.056624203184864344,44.94330464478789,45.45249224669644,-1,1.3157552734965563,-0.028096008454765897,-0.03275412317818294,-0.07435032460626156,0.24411895308913795,0.25365124063943334,0.38,240.222,1.46,2.0,0.0
2016-06-28,43.345233974133905,43.832560463448125,43.123723162622625,43.80597686767578,38140700,42.46653224059309,-0.4258499090966552,-0.28308384456313795,-0.14276606453351726,9.193823783190853,0.18251283450583755,44.834987713634355,45.38792301614661,-1,0.9987153624427072,0.02085496697048672,-0.03418651886677404,-0.06717007997002855,0.2525569956229928,0.2579220280881476,0.38,240.222,1.46,2.0,0.0
2016-06-29,44.22241622413022,44.94011243693936,44.12495093078726,44.78062438964844,31304000,48.74846009141816,-0.37640575288153144,-0.3017482262268167,-0.07465752665471476,8.548833439585506,0.43761060880236285,44.829810254207125,45.36410738373492,-1,0.8133292039849598,0.022249190445330358,-0.00882551834141554,-0.04370885765255905,0.26829559828991195,0.26076716402799516,0.38,240.222,1.5,2.0,0.0
2016-06-30,44.94011608462102,45.45401942761449,44.74518548211304,45.33883285522461,28527800,51.98222151230179,-0.2888484793578314,-0.29916827685301967,0.010319797495188243,8.046823136886438,0.6039568794046974,44.87828859716117,45.363116225754126,-1,0.735763250111482,0.012465401570086465,-0.01425548453104808,-0.024961897778577713,0.27251459924738203,0.261210379851994,0.38,240.222,1.49,2.0,0.0
2016-07-01,45.30338347336761,45.82614902399661,45.25021967195266,45.32996368408203,21400400,51.92616080526034,-0.2176652675502666,-0.28286767499246906,0.06520240744220246,7.868350946545731,0.6117665944397381,44.92130527210602,45.36181612608071,-1,0.5533440164655553,-0.00019561974987092334,0.026690192831143822,-0.012164785483991136,0.26882317569995595,0.2602209547790324,0.39,240.101,1.46,2.0,0.0
2016-07-05,45.037581385875,45.43629815647859,44.95783735575691,45.33883285522461,24806400,51.981929839067874,-0.1587069168116031,-0.25803552335629587,0.09932860654469278,7.502264433426214,0.6325930691453555,44.9610698038316,45.36091482134126,-1,0.6360153865757946,0.00019565802444465596,0.05657665977205384,-0.01841581720023655,0.26752325879009636,0.2602308551199522,0.39,240.101,1.37,2.0,0.0
2016-07-06,44.99327437495587,45.66666912609776,44.64771805423237,45.52490234375,28167500,53.20832304518869,-0.09586270085977588,-0.22560095885699188,0.129738257997216,7.173325287038623,0.706505894121327,45.01476814096669,45.367345704572976,-1,0.7154947315532605,0.004103976146001553,0.03923951933012604,-0.013819491007340146,0.2681183733941827,0.2604211294371084,0.39,240.101,1.38,2.0,0.0
2016-07-07,45.56034150434691,45.72869188212574,45.25022772420703,45.52490234375,19585200,53.208323045188685,-0.04553332709853919,-0.18958743250530136,0.14405410540676217,6.855719259845315,0.7257268832129892,45.06335235075557,45.37352439630541,-1,0.49848236132386503,0.0,0.01662053542678188,-0.012682322449471206,0.2681235475761112,0.2600133953584601,0.39,240.101,1.4,2.0,0.0
2016-07-08,45.83501303373345,46.39322118033804,45.67552499184643,46.340057373046875,28391000,58.58284359172772,0.05944402877908317,-0.13978114024842447,0.19922516902750764,7.256062484711663,0.9542941088825698,45.18494330525951,45.41142765029527,-1,0.7152480782951142,0.017905695286104972,0.02208315597843824,0.013173170848879812,0.27421017660326885,0.2613382452579884,0.39,240.101,1.37,2.0,0.0
2016-07-11,46.51727516008273,46.80967108348277,46.49069494158712,46.59701919555664,22269200,60.137204770863185,0.16151219909675518,-0.07952247237938855,0.2410346714761437,7.877124778613993,0.9767532631786542,45.319426723383046,45.457921436383955,-1,0.5635529353887516,0.005545133887970177,0.027951831603155286,0.021561878439685378,0.27442806591085284,0.2616562046469292,0.39,240.101,1.43,2.0,0.0
2016-07-12,46.90713400788033,47.31471652006594,46.774229532591534,47.146366119384766,27317600,63.307580869033885,0.2834620905729963,-0.006925559788911571,0.2903876503619079,8.888308398789686,1.0244744759254027,45.49342095157368,45.52413495336438,-1,0.7439289708722953,0.011789314709652166,0.03986722088616501,0.06122857806477988,0.2566449559884535,0.26262543959907475,0.39,240.101,1.53,2.0,0.0
2016-07-13,47.45648291091737,47.72229523918127,47.11978549245663,47.41217803955078,25356800,64.76772640605657,0.3969809098274766,0.07385573413436607,0.3231251756931105,9.753160740206422,0.9995532483454957,45.67615972185722,45.59817585870503,1,0.7071114241211477,0.005638015016744324,0.04145589773153868,0.07385080987974502,0.2544623934908813,0.2610786428972281,0.39,240.101,1.48,2.0,0.0
2016-07-14,47.70457741543401,47.8374852791681,47.47420761561395,47.61597442626953,24545500,65.88852357967926,0.4976534183283192,0.1586152709731567,0.3390381473551625,10.437275787003301,0.9701090985671279,45.86090397942029,45.67730521429579,1,0.6933935307376545,0.004298397482367156,0.04593248914034431,0.08150576092965056,0.2533483003635213,0.2612826920923149,0.39,240.101,1.53,2.0,0.0
2016-07-15,47.802035262869566,47.84633675053009,47.14636175353846,47.58052444458008,32024400,65.49820433036314,0.5680287080067075,0.24049795837986687,0.3275307496268406,11.09006110378203,0.9049546018558343,46.02467735705456,45.75194126254224,1,0.9036005877957883,-0.000744497663160204,0.026768785837859355,0.06568765629095785,0.2509668581844913,0.25974094212243026,0.39,240.101,1.6,2.0,0.0
2016-07-18,47.58051665693508,48.14758371814473,47.44760883572007,47.81088638305664,31433900,66.87158291680828,0.6350692325277194,0.3194122132094374,0.315657019318282,11.615139754694669,0.8966439515133817,46.19479250238809,45.83268420844477,1,0.9051704650985327,0.004841517431042108,0.02605031842070593,0.07640094114058149,0.2490551367785864,0.25984746272979375,0.39,240.101,1.59,2.0,0.0
2016-07-19,47.58939654136424,47.757746972979184,46.89828367890898,47.0400505065918,53336500,58.482569366331084,0.6188654227617647,0.3793028551199029,0.2395625676418618,11.519498669626884,0.7274521794355462,46.275293264693204,45.88003190641132,1,1.497649204739329,-0.016122601666260117,-0.0022550118183818357,0.06031606898242381,0.25852136436247636,0.212073836835879,0.39,240.101,1.56,2.0,0.0
2016-07-20,49.7513252484496,50.36269381773736,49.20197605055299,49.538673400878906,89893300,71.1267044627426,0.7984378776431171,0.4631298596245458,0.33530801801857135,13.377576374129626,1.0666383634424803,46.586091372901365,46.02350804344926,1,2.3407729370856716,0.05311692626556552,0.044851248123514154,0.09220526579169808,0.30493220044530317,0.2364107236315638,0.39,240.101,1.59,2.0,0.0
2016-07-21,49.600707406703386,49.82221824902342,49.405776783865846,49.441219329833984,32776700,70.22833499141025,0.9222554263398166,0.5549549729676,0.3673004533722166,14.633399132038031,0.9697500633030938,46.85800832118066,46.157535937032975,1,0.8491098086201871,-0.0019672321512588242,0.03833261684880007,0.09433210478290333,0.3043053616469919,0.23465292685003483,0.39,240.101,1.57,2.0,0.0
2016-07-22,49.68931475435275,50.17663794109741,49.42349903432177,50.12347412109375,32157200,72.81686460710988,1.0631783275976687,0.6565996438936138,0.4065786837040549,16.250663645367858,0.9841311089346604,47.16900506402953,46.313062924643205,1,0.8296989989336304,0.013799311596833563,0.05344517964436468,0.08977087850695487,0.30222466581349433,0.23478137992034442,0.39,240.101,1.57,1.0,0.0
2016-07-25,50.034862333328846,50.27409441128368,49.84879068603951,50.26523208618164,25610600,73.3356252014884,1.1727803434323718,0.7598357838013654,0.4129445596310064,16.938997463584194,0.9407324253433151,47.46388382804401,46.46804995058589,1,0.7676336545969268,0.0028281751728824744,0.05133445306704831,0.1384703765246158,0.2510242199107375,0.23005789093036544,0.39,240.101,1.58,1.0,0.0
2016-07-26,50.07918340441443,50.76143736466778,50.07032107584641,50.29183197021485,28079000,73.43805921548076,1.2474077785712439,0.8573501827553411,0.3900575958159027,16.2331911118698,0.9115476746154068,47.73321222253647,46.618002186649775,1,0.8704997196661663,0.0005291905145807796,0.06912793308262666,0.17200140565117672,0.21608704605592077,0.23000960909408275,0.39,240.101,1.57,1.0,0.0
2016-07-27,50.15890979601133,50.32725679964515,49.715888163303205,49.78676986694336,32327500,68.08943324750828,1.2513712391333627,0.9361543940309455,0.3152168451024172,15.464045938123054,0.8196889649660961,47.92878914105142,46.742267585876974,1,1.0113239185028244,-0.01004262687369617,0.005008137058027273,0.13652915485331363,0.21963038864698142,0.22989353953248304,0.39,240.101,1.52,1.0,0.0
2016-07-28,49.618424669127094,49.946259742866054,49.370333627377285,49.80449295043945,37550400,68.17702053161767,1.2416296808311955,0.9972494513909955,0.2443802294402,15.064041793107677,0.7939526709952252,48.107427599088375,46.8623548550755,1,1.1633490401853035,0.00035597978224855,0.007347586194870859,0.11218844375810755,0.21255750043738073,0.226704977388221,0.39,240.101,1.52,1.0,0.0
2016-07-29,49.84879965468419,50.29182134986619,49.662731353904704,50.22093963623047,30558700,70.24377634002262,1.253068598055492,1.0484132807238948,0.20465531733159725,14.947842331277956,0.8187807751866556,48.308714459768574,46.99406406217962,1,0.9437700957306484,0.00836162886359304,0.0019445083734868085,0.10768046889507144,0.21125018391373654,0.2270574510170683,0.39,240.101,1.46,1.0,0.0
2016-08-01,50.15005355591166,50.28296141384623,49.74247441556024,50.1323356628418,26003400,69.213818122908,1.2406826054332,1.086867145665756,0.15381545976744415,14.50642383466085,0.7798077678085081,48.48239266958507,47.11713353671539,1,0.7974169522170506,-0.001764283464834926,-0.0026439035059460103,0.10594255076463166,0.21184625738127968,0.22720073503659033,0.4,240.545,1.51,1.0,0.0
2016-08-02,50.37156439914446,50.41586927178081,49.893103546551906,50.1323356628418,35122000,69.213818122908,1.216839647048971,1.112861645942399,0.10397800110657207,13.784065292873471,0.7571004304399683,48.63953009751428,47.2353767573478,1,1.060276549781255,0.0,-0.0031714157374007623,0.10572620655947929,0.2119066604487257,0.22680189531258596,0.4,240.545,1.55,1.0,0.0
2016-08-03,50.22093284031966,50.60193171701829,50.052585835726696,50.47788619995117,22075600,71.12855051564642,1.2118574330751954,1.1326608033689582,0.0791966297062372,13.03982056499851,0.7858192691298728,48.8146116310797,47.36253399039107,1,0.6726115891711716,0.006892767562902469,0.013881525852246224,0.10879724285407844,0.21197398637115272,0.22632559586883144,0.4,240.545,1.55,1.0,0.0
2016-08-04,50.32725193632921,50.96520410737692,50.212065376559714,50.85001754760742,26587700,73.07096710028928,1.2238293395119086,1.1508945105975483,0.07293482891436032,12.10328829402404,0.8241376302540155,49.00845981360615,47.49929805145838,1,0.8015380974560495,0.007372165826876609,0.020992575874798636,0.11697147999678226,0.2112028477023149,0.22395831377507552,0.4,240.545,1.51,1.0,0.0
2016-08-05,51.08040074474981,51.57658286013466,50.90319139783215,51.355072021484375,29335200,75.481910756761,1.2595515109666167,1.1726259106713621,0.08692560029525453,11.75125820708021,0.8761473420043797,49.231946690546934,47.650504873812345,1,0.8831099709013711,0.009932237946704836,0.022582858733206868,0.108222020703721,0.20697225029757685,0.22450384793379877,0.4,240.545,1.59,1.0,0.0
2016-08-08,51.44367980957031,51.470260029348545,51.19558536502023,51.44367980957031,19473500,75.88974756368476,1.2802535314013284,1.1941514348173554,0.08610209658397294,11.304392923572843,0.8615846234401503,49.442587939977734,47.79925683207736,1,0.5887096591342807,0.0017253950700111265,0.026157651132550086,0.10401224579781343,0.20731727060621402,0.22406559047897012,0.4,240.545,1.59,1.0,0.0
2016-08-09,51.541138722348656,51.83353464272706,51.40823425125698,51.56772232055664,16920700,76.47957940942354,1.2917784083288453,1.2136768295196534,0.07810157880919189,11.02604344006178,0.8513366419112298,49.644981690509056,47.94703979240988,1,0.519702577796288,0.0024112293569491516,0.028631952585818965,0.09377936339729875,0.20591276854491147,0.22299573133078107,0.4,240.545,1.55,1.0,0.0
2016-08-10,51.532271518319256,51.67403829275808,51.231016700138426,51.408226013183594,15756900,73.9736531159143,1.2733633966915434,1.2256141429540315,0.04774925373751193,10.582946374230536,0.7964659731877709,49.81290972123996,48.0827725853814,1,0.49119914983383695,-0.003092948460697631,0.018430641282148663,0.08428315548590382,0.20759188624327155,0.22177529787242442,0.4,240.545,1.5,1.0,0.0
2016-08-11,51.41709798242913,51.78923797209029,51.41709798242913,51.65633010864258,18162300,75.32789721396028,1.2642161969360686,1.233334553750439,0.03088164318562958,10.154565853682223,0.8167940348838504,49.988473567659256,48.222912096097524,1,0.5718738856601733,0.004826155553303124,0.015856682060733984,0.08485294548847877,0.20760842598797485,0.21754585659119022,0.4,240.545,1.57,1.0,0.0
2016-08-12,51.417089151666325,51.55885593766833,51.053811551287,51.337345123291016,21655200,70.26560164602894,1.2171964695561712,1.2301069369115856,-0.012910467355414346,9.279831249567282,0.7366369750163312,50.11693752533847,48.34504672461492,1,0.6931701365665396,-0.006175138355370535,-0.00034518300716124273,0.07895710950153001,0.21017080052054918,0.21812211038249385,0.4,240.545,1.51,1.0,0.0
2016-08-15,51.399364693492466,51.83352734994249,51.35506320936163,51.496829986572266,19283900,71.30396063312753,1.1792089062062487,1.2199273307705183,-0.04071842456426955,8.359692519265522,0.7558361479372664,50.248355854979785,48.46864606822109,1,0.6295074496508132,0.0031066051993580146,0.001033172144735861,0.07709423276498506,0.21014797853737138,0.21671736077599818,0.4,240.545,1.55,1.0,0.0
2016-08-16,51.36310053034821,51.37201469088638,51.059968056251904,51.21153259277344,20523500,66.8093833610956,1.1132495256580413,1.1985917697480228,-0.08534224408998159,5.738569264563815,0.701163768504613,50.340086972864896,48.576210245654515,1,0.7078859428755514,-0.005540096232587888,-0.006907222420432846,0.0886793709032494,0.19984439475032575,0.21719541249536797,0.4,240.545,1.57,1.0,0.0
2016-08-17,51.3006993114291,51.42551798501031,51.02431267631799,51.31853103637695,18856400,67.63340117767808,1.057420832403082,1.1703575822790346,-0.11293674987595259,5.4886594326379194,0.7164224711361744,50.433272121770806,48.68375223744755,1,0.7411868013688238,0.0020893427356363237,-0.0017447592294594916,0.035928649544064495,0.09182197141204165,0.21524648049272216,0.4,240.545,1.56,1.0,0.0
2016-08-18,51.19371250652416,51.44335327202613,51.0599796617359,51.35419464111328,14214300,67.91929035054895,1.004474983280268,1.1371810624792813,-0.13270607919901334,5.066624553626466,0.7107082177974381,50.52097902837485,48.78847546896385,1,0.579874921979219,0.0006949459389444801,-0.005848953398235102,0.03869191207679146,0.09086707995522592,0.20704510449782043,0.4,240.545,1.53,1.0,0.0
2016-08-19,51.20262064078053,51.470089682154544,50.99756092902534,51.37201690673828,17271000,68.07106785051641,0.9529679034956615,1.1003384306825574,-0.14737052718689592,4.987271209199322,0.6962180337238427,50.602030254885655,48.889790819464814,1,0.7266373532241771,0.0003470459569963058,0.0006753715713969655,0.024909342529373824,0.07950783494357923,0.20634609696748338,0.4,240.545,1.58,1.0,0.0
2016-08-22,51.35418231815088,51.48791853190177,51.05104984789496,51.41659164428711,15221900,68.47282083269273,0.9053091402381668,1.0613325725936793,-0.15602343235551253,4.937216821203115,0.6928161948423536,50.67960753006675,48.988881047889215,1,0.6547348042094795,0.0008676851763431692,-0.0015581219718976413,0.022905684711281626,0.07929063366233066,0.2059518564924551,0.4,240.545,1.55,1.0,0.0
2016-08-23,51.62166094023409,51.8712982747354,51.57707992959862,51.61274337768555,18732400,70.24698473700043,0.8733001718005369,1.0237260924350509,-0.150425920634514,4.920537102219651,0.7450674984642989,50.768477610792345,49.09177760984201,1,0.8222591672016373,0.003814950138186113,0.007834383479644602,0.026264929228527523,0.0798121404441226,0.20556404616352786,0.4,240.545,1.55,1.0,0.0
2016-08-24,51.53249684714803,51.74647411189115,51.46117335960249,51.66623306274414,18151500,70.73069314437788,0.8425367648891111,0.987488226925863,-0.1449514620367519,4.522863501525974,0.7486055485912223,50.85397813002585,49.19273664721072,1,0.8223460295635018,0.0010363658576948431,0.006775369819543853,0.037750253748610296,0.06758827727329078,0.20425584877962685,0.4,240.545,1.56,1.0,0.0
2016-08-25,51.60382948410672,51.96937132626158,51.514670863426495,51.86238098144531,18552600,72.49648381309848,0.8244799494003203,0.9548865714207545,-0.13040662202043418,4.059877033740087,0.821266841016397,50.95001649682771,49.29742858188659,1,0.8783154424325975,0.0037964431907193674,0.009895712392794298,0.04131932500655444,0.06767849453698864,0.2040938214107358,0.4,240.545,1.58,1.0,0.0
2016-08-26,51.96044788241121,52.334907244776915,51.43442398362472,51.73755645751953,20971200,69.61809274482582,0.7909795769588968,0.922105172528383,-0.13112559556948622,3.7543930695950647,0.7426513305611946,51.025020302607885,49.3931198711271,1,1.0158712935172034,-0.0024068413667787114,0.007115538240300312,0.03019889377368279,0.06509906932586554,0.20346897366592384,0.4,240.545,1.62,1.0,0.0
2016-08-29,51.8712994319448,52.24575544205061,51.79997253417969,51.79997253417969,16417200,70.25407007771913,0.7606978943869791,0.8898237169001022,-0.1291258225131231,3.2479084589126908,0.7674654250486506,51.0988252770433,49.48750625007034,1,0.8141735993156205,0.0012063978458549673,0.007456365302175305,0.03326469531667864,0.06397420508496081,0.20105563876252777,0.4,240.545,1.57,1.0,0.0
2016-08-30,51.69298443535435,51.88021243623033,51.36310604318423,51.61274337768555,16930200,65.80425198153578,0.7133683483281175,0.8545326431857053,-0.14116429485758786,2.4241500385802874,0.6482832474716044,51.14776985805685,49.57084888252584,1,0.8792780552863566,-0.003614464397072803,0.0,0.029529996862704078,0.06644595019522592,0.20115788574465207,0.4,240.545,1.57,1.0,0.0
2016-08-31,51.398769796078206,51.532502625616864,51.08671972504742,51.2293701171875,20860300,57.73973149789436,0.6375747590020637,0.8111410663489771,-0.17356630734691336,1.7820841999246388,0.24259131509049714,51.15554131130739,49.63588893094394,1,1.0868195329817112,-0.0074278799267196716,-0.008455482810719062,0.01488738879159035,0.07030883088921651,0.20200461361460678,0.4,240.545,1.58,1.0,0.0
2016-09-01,50.8281660690978,51.55033561005501,50.8281660690978,51.34527587890625,26075400,59.36128919205917,0.5801725516728666,0.764947363413755,-0.1847748117408884,1.4270410983219324,0.30274337091831366,51.17361127012633,49.702923713216975,1,1.3603411469365014,0.002262486566858346,-0.00997071659174431,0.00973959017487358,0.06616669925090857,0.20191726884369476,0.4,241.176,1.57,1.0,0.0
2016-09-02,51.41659164428711,51.88020621062282,51.19370022207109,51.41659164428711,18900500,60.368919612793995,0.5342766662268374,0.7188132239763716,-0.18453655774953415,1.4131107454069147,0.39459084590585675,51.19675225814164,49.77012637718051,1,1.0136194131406113,0.0013889450228887767,-0.00620371032590139,0.0011979269112307733,0.05629750237212971,0.20086464258818545,0.4,241.176,1.6,1.0,0.0
2016-09-06,51.514674151874146,51.53250587714848,51.00648188524401,51.36310958862305,16278400,59.18377528900953,0.48796335363093846,0.672643249907285,-0.1846798962763465,1.4282606261343305,0.3284537296426412,51.21259581342559,49.832596307041,1,0.8805422682899519,-0.0010401711578640338,-0.008433652069378628,-0.0015661830810997923,0.05606851972003429,0.20072772185203766,0.4,241.176,1.55,1.0,0.0
2016-09-07,51.23829565137487,51.56817409682329,51.18480047060452,51.407691955566406,17493400,59.89065116804055,0.44967358695292603,0.6280493173164132,-0.1783757303634872,1.4276562476234576,0.39989952234115606,51.231176398391376,49.89436476384592,1,0.9448014290787276,0.0008679841874923433,-0.0039728836078066765,-0.003103304892844605,0.055425252673052226,0.19186071320581366,0.4,241.176,1.54,1.0,0.0
2016-09-08,51.380931462765545,51.52358183655641,50.97972622364962,51.20261764526367,20146100,55.158530219742154,0.3981907924436925,0.5820776123418692,-0.18388681989817668,1.5003285659392551,0.15248184307655302,51.22845651714112,49.945668798411326,1,1.075325522414469,-0.003989175598079542,-0.0005222096594713621,-0.003999522719714044,0.056145790522272865,0.19148981395846176,0.4,241.176,1.61,1.0,0.0
2016-09-09,50.63201604056661,51.28285858214526,50.11490631103515,50.11490631103515,35113900,38.00578637831735,0.2665484875485049,0.5189717873831964,-0.2524232998346915,2.713598888871664,-0.4170965545938559,51.1224041165596,49.95230556361226,1,1.7931297209008161,-0.021243275915389437,-0.023962663493576897,-0.029839978844132697,0.09144387859661895,0.19741472026475335,0.4,241.176,1.67,2.0,0.0
2016-09-12,49.92769085773185,51.00648479036916,49.57998069771272,50.86383438110352,29303000,49.62218228410005,0.22011588972954144,0.4592006078524654,-0.23908471812292398,2.8598141720243433,0.1552963473471932,51.09777842746855,49.98805179174918,1,1.4677291670788493,0.014944217702816731,-0.01075056213386727,-0.009223514403604582,0.10641025175510409,0.19763832035368376,0.4,241.176,1.68,2.0,0.0
2016-09-13,50.373465449760445,50.50720167420774,49.972260177472016,50.40021133422851,30130200,44.111767382055135,0.14424445590722001,0.39620937746341633,-0.2519649215561963,3.28987958296421,-0.042107443056272814,51.031343466207595,50.00421491106209,1,1.4692519738218388,-0.009114984202749254,-0.018746883942708625,-0.021294876842510524,0.10980570789595652,0.19843775215418183,0.4,241.176,1.73,2.0,0.0
2016-09-14,50.27538170973188,50.489358941980434,49.954417561885414,50.15947723388672,24062500,41.53273804277824,0.06395335353018794,0.32975817267677066,-0.2658048191465827,3.83560846714204,-0.06113447537378366,50.94830858693894,50.01030362960424,1,1.1633320634380384,-0.004776450216554928,-0.024280699525638383,-0.02054332892656241,0.10942354486446235,0.19882905140406162,0.4,241.176,1.7,2.0,0.0
2016-09-15,50.06142534845787,51.1313016798969,49.90985738083653,50.988651275634766,26847000,51.95264964898801,0.06646334384683428,0.2770992069107834,-0.2106358630639491,3.86319571716588,0.3698533314483382,50.952150747767114,50.04867020395838,1,1.2733563685604723,0.01653075525252623,-0.004178817011100566,-0.0064280826843690075,0.12545611199656143,0.19669415147979463,0.4,241.176,1.71,2.0,0.0
2016-09-16,51.380944589793216,51.380944589793216,50.596365632969224,51.04214859008789,44607000,52.54033773825731,0.0719400354889288,0.23606737262641247,-0.16412733713748368,3.874287473320479,0.4050003699842787,50.960721970845285,50.08763014066934,1,1.9734742096115676,0.0010492004223434659,0.01850232490305115,-0.006076349813410764,0.1255004557659781,0.19632466008113464,0.4,241.176,1.7,2.0,0.0
2016-09-19,51.059976088677686,51.487927283950306,50.68551666715554,50.75684356689453,20937100,49.09169954243189,0.05265168623026284,0.19938423534718255,-0.1467325491169197,3.9490150014373464,0.2808470342063991,50.94130497999283,50.113873804442875,1,0.9188342792844388,-0.0055895966583343615,-0.0021034752002248025,-0.011974872253128543,0.12686162747705512,0.19411480570894307,0.4,241.176,1.7,2.0,0.0
2016-09-20,51.131299535921535,51.131299535921535,50.59636139263239,50.64985656738281,17384000,47.82402669850699,0.028405137006949133,0.1651884156791359,-0.13678327867218676,4.038522148949464,0.2523178210501694,50.913547988315685,50.134892736322875,1,0.759302537116131,-0.0021078339785002287,0.004953257665901045,-0.0149122112606912,0.12684437624524653,0.17293265598144417,0.4,241.176,1.69,2.0,0.0
2016-09-21,51.27393477788115,51.577067209754894,50.89056470918028,51.496826171875,33707300,57.23810067520601,0.0766493744466743,0.14748060743264357,-0.07083123298596927,4.0040792855088005,0.6664834302274277,50.96909829151181,50.18830189065825,1,1.4256512588692678,0.016722053365845424,0.026661939313131322,-0.0022459028182691965,0.14032534502423472,0.16305072814870972,0.4,241.176,1.66,1.0,0.0
2016-09-22,51.639486329821885,51.710813221944,51.38093484851276,51.550331115722656,19822200,57.756633601239244,0.11784226967707667,0.1415529398815302,-0.023710670204453527,3.964028875493255,0.6974309390744685,51.024453798579515,50.24171480144509,1,0.83542887367648,0.0010389949794007425,0.011015781473637354,-0.0022432823171127936,0.14032563037492657,0.15890927253979686,0.4,241.176,1.63,1.0,0.0
2016-09-23,51.59490532292525,51.630568766636266,51.158040041151494,51.20261764526367,19955300,53.23851553393958,0.12103514698990381,0.13744938130320494,-0.016414234313301135,3.757921786086348,0.5445542607569128,51.041421783978,50.279397265908564,1,0.8385598083128581,-0.006745125839801469,0.0031438538464452215,-0.012721423962730904,0.14143200232463804,0.15487893704029648,0.4,241.176,1.62,1.0,0.0
2016-09-26,50.89056937073332,50.94406113351789,50.66767795632272,50.73008728027344,21688700,47.76961150302198,0.0844626411589573,0.12685203327435543,-0.04238939211539813,3.64311054152568,0.3190882329324254,51.01177087886328,50.29707138411895,1,0.9100286850346274,-0.009228636868996998,-0.000527146385409738,-0.019472685728273653,0.1446318034727223,0.15517412571307793,0.4,241.176,1.59,2.0,0.0
2016-09-27,50.75683563942906,51.76430583404085,50.533944214137726,51.66623306274414,28065100,57.15891315124611,0.12952472731575426,0.1273865720826352,0.0021381552331190545,3.5673509587761267,0.8328387017936858,51.07410061066146,50.350763998967,1,1.1494844643007809,0.018453462878916138,0.020066720110237135,-0.0025818444468730384,0.15995512040533588,0.15870406603540235,0.4,241.176,1.56,2.0,0.0
2016-09-28,51.603823643216465,51.76430574122273,51.41659226150699,51.73755645751953,20536400,57.78162164231234,0.16904333084158907,0.135717923834426,0.03332540700716308,3.6320234247452796,0.8619621793787893,51.1372868817908,50.405148016949454,1,0.8349592957140052,0.0013804643874224531,0.004674662567379917,0.002418260911276171,0.15949150862248082,0.15865936151354437,0.4,241.176,1.57,2.0,0.0
2016-09-29,51.54140692167573,51.86236767058673,51.0064655380519,51.17586517333984,25463500,51.440321049263304,0.1532714980473031,0.13922863867700142,0.014042859370301697,3.6259830477264416,0.5606671248218268,51.14096100479547,50.43537221916084,1,1.0256849211608061,-0.010856548369092112,-0.0072640841344394635,-0.0010444193189428352,0.16212291381944263,0.16086083093833872,0.4,241.176,1.56,1.0,1.0
2016-09-30,51.32744875236643,51.50576261313812,51.122389002847896,51.35419464111328,29910800,53.19653230928368,0.1533936777824607,0.14206164649809327,0.011332031284367439,3.6281088439780222,0.6566464162956732,51.16126897015907,50.47140447100211,1,1.1955893486270877,0.0034846400186772097,0.0029603368503490213,0.0001737017097360738,0.16241088599951892,0.160838676993408,0.4,241.176,1.6,1.0,1.0
2016-10-03,51.18479616496364,51.309614841873945,50.872749472687886,51.19371032714844,19189500,51.39510449522147,0.13893915905033083,0.1414371490085408,-0.002497989958209962,3.5820842351837454,0.5770315097012199,51.16435862320568,50.49973019085099,1,0.7665966098688602,-0.0031250478190999464,0.009139015360126956,-0.004334813141264271,0.16269352195988485,0.15777435712857668,0.4,241.741,1.63,1.0,1.0
2016-10-04,51.05996808116712,51.354182993815584,50.79249905119946,51.03322219848633,20085900,49.586707326918,0.11322856961991334,0.1357954331308153,-0.022566863510901952,3.539550562972437,0.49827178400305233,51.15186943989907,50.520651446052376,1,0.7963502348800839,-0.0031349188725826593,-0.012251926001438429,-0.006422652226059755,0.16300477421005063,0.15786655146274212,0.4,241.741,1.69,2.0,1.0
2016-10-05,51.077803956296705,51.67515139175802,51.05105467038776,51.38985061645508,16726400,53.501998534171925,0.12024358195974116,0.13268506289660048,-0.012441480936859317,3.53399008423863,0.6964964131764951,51.17453431385679,50.55473768802896,1,0.6641652201518459,0.006988161879759369,-0.006720569444557123,-0.0003470558282746561,0.16501886588743378,0.15685099604947284,0.4,241.741,1.72,2.0,1.0
2016-10-06,51.47901153564453,51.585998480902354,51.06888867689114,51.47901153564453,16212600,54.454375622704035,0.13148192897660493,0.13244443611260137,-0.0009625071359964377,3.603995627609863,0.7335778903985763,51.20353214450324,50.590983721268785,1,0.6488304915033245,0.0017349908225050559,0.005923619684355064,0.005398042191821828,0.16443853875590211,0.15661002806455485,0.4,241.741,1.75,2.0,1.0
2016-10-07,51.57707882933404,51.692983332617246,51.19370527321182,51.532501220703125,20089000,55.04920473919786,0.1430555155731028,0.13456665200470166,0.008488863568401145,3.2691602151576507,0.7467387421916857,51.234862532712754,50.62790597614856,1,0.8288849209910393,0.0010390581221932926,0.0034720937760961412,0.02828689134665363,0.14297739265134446,0.15649301726416298,0.4,241.741,1.73,2.0,1.0
2016-10-10,51.63057072379877,52.05852186139373,51.59490727873586,51.74647521972656,18196500,57.44354907106751,0.16756202903293627,0.1411657274103486,0.02639630162258766,3.3982323366910254,0.8348466920596624,51.28358755052359,50.671771436681034,1,0.7684056948969314,0.004152214504532514,0.01079751573085308,0.017353014167389436,0.13443057356036256,0.1565385438473025,0.4,241.741,1.73,2.0,1.0
2016-10-11,51.61274806967681,51.728652585969144,50.72118219277501,50.988651275634766,26497400,47.74384245545321,0.12439955795245794,0.13781249351877048,-0.01341293556631254,3.1295288526266694,0.37201080160725886,51.25549838148656,50.684198097032166,1,1.1275868422810809,-0.014644938440230293,-0.0008733707363843823,0.011675346706465639,0.14125604421381635,0.15981567843923272,0.4,241.741,1.77,2.0,1.0
2016-10-12,50.91732025146485,51.05997063465169,50.28430938863904,50.91732025146485,22177500,46.94039242762373,0.08347492417553326,0.12694497965012305,-0.04347005547458979,2.5815795779945994,0.26237626650200946,51.22329094053211,50.69334014230404,1,0.9475555608725672,-0.0013989588346691173,-0.009195013398986651,0.015108670571752914,0.1400551630603756,0.15578579539308798,0.4,241.741,1.79,2.0,1.0
2016-10-13,50.55177883719447,51.08671692816974,50.21298289901496,50.747920989990234,25313700,45.00349988139262,0.036946852076830794,0.1089453541354646,-0.07199850205863381,2.681838241132183,0.1566457818664392,51.17801761190908,50.6954805677035,1,1.0851071627823636,-0.0033269476994862712,-0.014201720737160639,-0.004721252271278731,0.1277954070707901,0.11524505165838207,0.4,241.741,1.75,2.0,1.0
2016-10-14,50.92624124790438,51.47901453286981,50.92624124790438,51.19371032714844,27402500,50.76143831799445,0.03563373015369109,0.09428302933910991,-0.05864929918541882,2.663214487697831,0.4754971527280225,51.17951215621759,50.715018989642516,1,1.2196196647064033,0.008784386206602157,-0.006574314957151328,0.002969344771861282,0.1316838717630458,0.1163899078598689,0.4,241.741,1.8,2.0,1.0
2016-10-17,51.14019948975998,51.22935468259136,50.70333088235995,51.015380859375,23830000,48.570729235097275,0.01997313600231365,0.07942105067175066,-0.05944791466943701,2.5576659383621196,0.3285564566675998,51.16388060413735,50.72679788649477,1,1.0538318817532526,-0.0034834253394380177,-0.014128389561746557,0.005093644015505605,0.13066804253905162,0.11340459790130542,0.4,241.741,1.77,2.0,1.0
2016-10-18,51.291787431091066,51.666246894375185,51.18480047060452,51.407691955566406,19149500,53.341352255310596,0.03877129770522458,0.07129110007844545,-0.03251980237322087,2.3388609940830904,0.6081729833596614,51.187100732844875,50.75349961469366,1,0.8435535190315488,0.007690055226144743,0.008218312692100493,0.014962241545055432,0.13290706504871938,0.1142951521475064,0.4,241.741,1.75,2.0,1.0
2016-10-19,51.238286793983875,51.56816518240733,51.17587746106737,51.291778564453125,22878400,51.812084603433505,0.04381071174028506,0.06579502241081338,-0.02198431067052832,2.306694217734369,0.520356205334466,51.1970700501409,50.7746085931156,1,1.032439971127566,-0.0022547869142515164,0.007354242350912088,-0.00398175232659026,0.11924733734093888,0.11442164706006785,0.4,241.741,1.76,2.0,1.0
2016-10-20,51.26504006864723,51.28287179505846,50.5161245646457,51.04214859008789,49455600,48.581799308523145,0.027346201000838732,0.058105258128818456,-0.030759057127979723,2.280003677206544,0.3286884157427066,51.182315625373946,50.78510035770275,1,2.0919229405087685,-0.004866861344095308,0.005797825691336023,-0.009857987613968389,0.12027795016279542,0.11288175330422447,0.4,241.741,1.76,2.0,1.0
2016-10-21,53.74358866456489,53.89515662850096,53.03925422373885,53.190818786621094,80032200,67.41393143509089,0.18553890825319996,0.08359198815369476,0.1019469200995052,4.012049123817299,1.3976907514128822,51.37360164073082,50.879442256876025,1,3.003641200282529,0.04209599822665888,0.03901081688962038,0.038830068320566236,0.18844789023796016,0.14049890362336726,0.4,241.741,1.74,1.0,1.0
2016-10-24,53.440448593465874,54.3855094909668,53.43153443263575,54.3855094909668,54067000,73.27493289822499,0.4026676221650689,0.1474071149559696,0.2552605072090993,6.384412897150822,1.369737386330587,51.66045000741996,51.016935089585466,1,1.9129297984448401,0.022460468396590993,0.06606103051316281,0.07205629650305734,0.19664203026211366,0.1463123588435405,0.4,241.741,1.77,1.0,0.0
2016-10-25,54.25177629220822,54.715390905418744,54.20719868346853,54.3765983581543,35137200,73.16921941083996,0.5674830470036838,0.23142230136551245,0.33606074563817134,7.985646511090164,1.158508901102578,51.91913080272799,51.14868659031366,1,1.2278187044467073,-0.00016385123346096542,0.057752182400136354,0.052459123391454865,0.18897280351561652,0.14620447994098243,0.4,241.741,1.77,1.0,1.0
2016-10-26,54.2161118294576,54.56382191077799,53.91297935324565,54.05562973022461,29911600,69.29155998769308,0.6645405628457723,0.31804595366156446,0.3464946091842079,8.932658960198017,0.9929184238258862,52.122606891061004,51.26268436050625,1,1.0283727687979993,-0.005902697807899093,0.05388487674098563,0.04480445988222104,0.19133744779134665,0.1469403027621762,0.4,241.741,1.79,1.0,1.0
2016-10-27,54.03779594804847,54.233941484312446,53.574181390276536,53.58309555053711,28479900,63.92076551839998,0.6953146300079993,0.39349968893085147,0.30181494107714785,9.337764903501004,0.8480915467184486,52.26170104910635,51.353680877762365,1,0.9740993995312814,-0.008741627505696958,0.04978134797684941,0.04703839141836963,0.18953860347547205,0.14788381610141293,0.4,241.741,1.85,2.0,1.0
2016-10-28,53.50285897411608,53.95755940961744,53.1194888319246,53.3780403137207,33574700,61.686321949288676,0.695143870232279,0.453828525191137,0.241315345041142,9.58520302078664,0.777000397216031,52.36801907430772,51.43306752230975,1,1.1412064878211021,-0.0038268643255783275,0.003519809083042391,0.03940954943896968,0.1907085055553786,0.14760793102171135,0.4,241.741,1.86,2.0,1.0
2016-10-31,53.63659614546827,53.868401747295835,53.4226188659668,53.4226188659668,26434700,61.99733687666124,0.690644340442077,0.501191688241325,0.18945265220075203,9.738197969852749,0.7588882625209563,52.46845714970382,51.51108914362963,1,0.8875882792696344,0.0008351477870691681,-0.017704911363567,0.04353871842018742,0.18982982936953324,0.14639177432625752,0.4,241.741,1.84,2.0,1.0
2016-11-01,53.46719981448337,53.51177742235517,52.82527137775831,53.31563186645508,24533000,60.72332733674385,0.6707139015805268,0.5350961309091654,0.13561777067136138,9.722750447850412,0.715186542770426,52.54914045606109,51.581855524916904,1,0.8176312124291409,-0.0020026535909843934,-0.01951145389255704,0.04472399683272288,0.18945418456472282,0.14647520565812672,0.41,242.026,1.83,2.0,1.0
2016-11-02,53.33346603925432,53.43153882170854,52.86985141377756,52.98575592041016,22147000,56.84456711242312,0.621140531829802,0.5523050110932928,0.06883552073650923,9.671738627146114,0.6350062433812147,52.59072288123719,51.636910442387226,1,0.7315035011230017,-0.006187227544656837,-0.019792088542005093,0.03105487338085533,0.19081359090955263,0.1470826084952666,0.41,242.026,1.81,2.0,1.0
2016-11-03,53.07490110310712,53.17297386701453,52.70044516933661,52.78960037231445,21600400,54.61073749320097,0.5595747365151311,0.5537589561776605,0.005815780337470655,9.579644310505792,0.5839708087394893,52.60966359467312,51.68211396905104,1,0.7071574466719855,-0.003702043024362167,-0.014808684904631275,0.025458702441527148,0.19171210508226283,0.14715092879007102,0.41,242.026,1.82,2.0,1.0
2016-11-04,52.29033071285062,52.8520146663434,52.17442621723403,52.34382247924805,28697000,49.81934539150439,0.46940187707509295,0.536887540357147,-0.06748566328205408,9.460371754507548,0.4868724306343542,52.58434539320407,51.7080633223921,1,0.9264331918572537,-0.008444426362814395,-0.019375342901204462,0.015743875017247833,0.19480850416646878,0.14798365199435123,0.41,242.026,1.79,2.0,1.0
2016-11-07,53.297802816518896,53.95756300969701,53.297802816518896,53.868404388427734,31664800,62.07477959616196,0.5150233859147519,0.5325147094686681,-0.017491323553916138,9.663876144554669,0.7666801760989688,52.706636726082515,51.79278257988369,1,1.0004927453943946,0.029126300620939904,0.008344508972489395,0.041006255202716835,0.21850836801761572,0.15844078327686933,0.41,242.026,1.83,2.0,1.0
2016-11-08,53.98429879389487,54.18935848286256,53.62767457871095,53.9129753112793,22935400,62.36416689226577,0.5484530361343829,0.535702374801811,0.012750661332571855,9.51609612637071,0.7497863865523964,52.82152611514888,51.875927392879596,1,0.7287764442970782,0.0008274038066948819,0.011203908195638546,0.0573524492702544,0.20946768927994672,0.15836832868016165,0.41,242.026,1.88,2.0,1.0
2016-11-09,53.49393566456124,54.019959501304875,52.78068386924433,53.64550018310547,49632500,59.43328996851814,0.5470571332198375,0.5379733264854164,0.009083806734421107,9.114453715104474,0.6761908839796438,52.89999983590665,51.945322404261006,1,1.5111654828582088,-0.004961238489055719,0.012451351334617389,0.05358058747331906,0.210795312851078,0.15827360840370489,0.41,242.026,2.07,2.0,1.0
2016-11-10,53.921901258077405,53.93081882101178,51.380939990379176,52.33491516113281,57822400,47.62332411904214,0.4351811148448661,0.5174148841573064,-0.08223376931244031,8.429436266043632,0.37838500207923603,52.84618224783295,51.960600551589316,1,1.6775048166063182,-0.024430474457304063,-0.008613158803530196,0.031272102190267104,0.23147155769038788,0.16664627975867366,0.41,242.026,2.15,2.0,0.0
2016-11-11,51.91587477500587,52.70936777219035,51.71972921577248,52.62021255493164,38767800,49.95463411800815,0.365328401209176,0.48699758756768036,-0.12166918635850438,7.9168574478227685,0.42173037184855594,52.82466132469949,51.98646768897529,1,1.1064641924928837,0.005451377783272093,0.005280280701570383,0.027864794691911943,0.23040063548406498,0.16697401274929524,0.41,242.026,2.15,2.0,0.0
2016-11-14,52.62020137415315,52.6736965337738,51.06887575568234,51.81779098510742,41328400,44.01990779941833,0.242426367563219,0.43808334356678813,-0.19565697600356913,7.448907844070696,0.20341564220126349,52.728768911405005,51.97985291627459,1,1.1508090155301187,-0.015249303088362698,-0.0380670900985669,0.01572878830296842,0.23747480014664277,0.17007439930876678,0.41,242.026,2.23,2.0,0.0
2016-11-15,52.35635386755708,53.397556689276975,52.34737606252579,52.84104919433594,35904100,51.872072502216405,0.22500034230824895,0.3954667433150803,-0.17046640100683136,6.928638733869527,0.4404175068083993,52.73946227168414,52.013625319335816,1,0.9769768631222602,0.019747237189686517,-0.0198825256954257,0.02788215506754188,0.24565750446883702,0.17466396126333855,0.41,242.026,2.23,2.0,0.0
2016-11-16,52.90388893093034,53.5501540394767,52.78720483835499,53.54117965698242,27332500,56.380404073509126,0.2646342301707918,0.36930024068622264,-0.10466601051543084,6.236538229492799,0.6111582070105218,52.81581630837921,52.07352941100823,1,0.7392574725657245,0.013249745667834434,-0.0019446277090711117,0.04385500279938048,0.24871237856623357,0.17647368503698255,0.41,242.026,2.22,2.0,0.0
2016-11-17,54.223334059460015,54.70803278664115,53.82839625806939,54.429779052734375,32132700,61.33136252074463,0.3635560686966386,0.36815140628830584,-0.004595337591667248,5.35887708061892,0.8805567520884696,52.96952704593684,52.16593135774259,1,0.8899357225716565,0.016596559908557573,0.040028036448549464,0.06636927629853617,0.2522280438897303,0.17943838499956744,0.41,242.026,2.29,2.0,0.0
2016-11-18,54.555446646117154,54.87857916479194,54.124604429227304,54.16948318481445,27686300,59.2112551578851,0.41615150179653426,0.37775142538995155,0.03840007640658272,5.512562950712458,0.7645426767814089,53.08380858297281,52.24450201762777,1,0.826716576882226,-0.004782232675751508,0.02944250041303964,0.01839912264030641,0.20950191542786217,0.17970360638381472,0.41,242.026,2.34,2.0,0.0
2016-11-21,54.30411818064892,54.72598597955986,54.23230943869417,54.62725067138672,19652600,61.717577935495434,0.489133347150684,0.40002780974209806,0.08910553740858596,5.646175443353233,0.906034011942222,53.23080306758366,52.33794314130459,1,0.6186142042101122,0.008450652649028667,0.05421805200238561,0.004444955700195763,0.1961989245063345,0.180265435489027,0.41,242.026,2.33,1.0,0.0
2016-11-22,54.73497194910025,54.986295751095064,54.582383476183395,54.860633850097656,23206700,62.96696013260982,0.559356147970334,0.43189347738774525,0.1274626705825887,5.925860494145285,0.9527658150519077,53.38602504687071,52.43687218870824,1,0.7444672300421289,0.004272284909867974,0.03821999537394127,0.008901540489076432,0.1967121699134952,0.18039601500855312,0.41,242.026,2.31,1.0,0.0
2016-11-23,54.761873958975265,54.8426570625304,54.07970819208744,54.21434783935547,21848900,57.38210080643057,0.5564440036191698,0.4568035826340302,0.09964042098513959,5.977574213714969,0.7439616334071957,53.46491293186926,52.50657711618461,1,0.7100924986731815,-0.011780505717599143,0.012572905316725835,0.0029361994286807303,0.200349172024169,0.1820685983549932,0.41,242.026,2.36,2.0,0.0
2016-11-25,54.12460585244966,54.331050872802734,53.97201739463509,54.331050872802734,8409600,58.10471540104313,0.5571308105293511,0.4768690282130944,0.08026178231625669,6.147178686875546,0.7611912414042916,53.547402259577204,52.57812510664022,1,0.28252771868173215,0.0021526226561476847,-0.00181386332353084,0.013958792686028954,0.1976282729873732,0.18126632701303336,0.41,242.026,2.36,2.0,0.0
2016-11-28,54.160513140415,54.77087385255994,54.04382562732057,54.402862548828125,20732600,58.57022100022798,0.5570484047940027,0.4929049035292761,0.06414350126472668,6.321475555788439,0.7598261590699795,53.628874668077295,52.649683437706415,1,0.7118863239854317,0.001321742813212179,0.004308318084140339,0.019199322962855092,0.19690781566678894,0.18124821480478542,0.41,242.026,2.32,2.0,0.0
2016-11-29,54.438752870840766,55.120918736748386,54.32206538787259,54.83369064331055,22366700,61.34518289243803,0.5850037650478868,0.5113246758329982,0.07367908921488853,6.658033152786888,0.8473319950599854,53.743619046670936,52.735330779102654,1,0.7733971598270681,0.00791921737750001,0.0037790657480765155,0.026413377091902168,0.19843839533235677,0.18180183194759458,0.41,242.026,2.3,1.0,0.0
2016-11-30,54.62723926212317,54.9144673218941,54.052783142581305,54.08868408203125,34655400,54.541943114481015,0.5408086804148553,0.5172214767493697,0.023587203665485612,6.681783467768058,0.6271709619369944,53.77648238337192,52.788403457648876,1,1.1777059823239093,-0.013586657263789048,-0.01407110552487778,0.014499541476175493,0.20523116162640803,0.18425794282912297,0.41,242.026,2.37,2.0,0.0
2016-12-01,53.95405840430059,53.98996277479923,52.90387782340523,53.13725280761719,34542100,47.323923403316556,0.4241221884509372,0.4986016190896832,-0.07447943063874601,6.644473219528199,0.3587954294448711,53.71560337615718,52.8020838243143,1,1.1496426556062724,-0.017590209312009053,-0.01986734277298441,0.002859200261945638,0.21428520338478044,0.18816305294687988,0.54,242.637,2.45,2.0,0.0
2016-12-02,53.029555690294046,53.37961482556089,52.778228461258074,53.18214416503906,25515700,47.675775590793464,0.3314489233909086,0.4651710799499283,-0.1337221565590197,6.5320266222869945,0.36362501880246795,53.66479773700308,52.816988151401546,1,0.8437254374835286,0.0008448189368088777,-0.021146410557260076,0.0074360061443177194,0.21380871370959334,0.18792461299147248,0.54,242.637,2.4,2.0,0.0
2016-12-05,53.586052632847995,54.38490612576972,53.46039074731373,54.05279922485352,23552700,54.081944655665325,0.3245184336180671,0.4370405506835561,-0.11252211706548898,6.144554781029172,0.5930221399307259,53.7017502596555,52.865451330752606,1,0.7854959705007538,0.016371191374168204,-0.006434648979369628,0.03264906276730195,0.2181963614924129,0.1848453529168525,0.54,242.637,2.39,2.0,0.0
2016-12-06,54.24129373880199,54.26822030824482,53.67581181229486,53.81045150756836,19907000,52.16737118359162,0.2960577655098362,0.40884399364881213,-0.11278622813897593,6.142396728208772,0.5205231703715956,53.71210275945672,52.90251016121597,1,0.6771870425173248,-0.004483536852125325,-0.018660774493518772,-0.001075823231026063,0.19398119336333133,0.18301853538866497,0.54,242.637,2.39,2.0,0.0
2016-12-07,53.86429323470817,55.09399214719374,53.6758004404833,55.08501434326172,30809000,60.15626703521862,0.37206017179933326,0.4014872292789164,-0.02942705747958313,6.508204438108637,0.8666171988405722,53.842856243628624,52.98809856051189,1,1.0341962153097897,0.023686157614085213,0.01842030876032097,0.02173946114484271,0.21114508571590143,0.18746139442647847,0.54,242.637,2.34,1.0,0.0
2016-12-08,55.022191981483736,55.27351917028972,54.6093019610568,54.76189041137695,21220800,57.532829081872336,0.401589946584636,0.40150777274006033,8.217384457565036e-05,6.676456917261488,0.7516211791026028,53.9303833072237,53.057659025251695,1,0.7480093198024653,-0.005865913547216661,0.03057436201381636,0.02081051019118041,0.21151506373738482,0.18763120926005372,0.54,242.637,2.4,2.0,0.0
2016-12-09,54.91449246675095,55.64154075197112,54.869613703867515,55.62358856201172,27349400,62.25962497495053,0.48888874002449967,0.4189839661969482,0.06990477382755145,6.709973265253922,0.9419599903969389,54.09164095053684,53.15828371296777,1,1.0187494994608146,0.015735361656830982,0.04590722008868564,0.06283899363844347,0.1941031436570124,0.18737181066704284,0.54,242.637,2.47,1.0,0.0
2016-12-12,55.48894204554616,55.91978427965362,55.399184530784915,55.803096771240234,20198100,63.179062445481,0.5660335921449047,0.44839389138653957,0.1176397007583651,6.83205879216726,0.9382887366942415,54.254636742984786,53.26200187211571,1,0.7793208968512281,0.0032271957611722524,0.03238125631765465,0.06048786315687904,0.1939006484048506,0.18740485933756276,0.54,242.637,2.49,2.0,0.0
2016-12-13,56.099301513056254,56.92508158779422,55.86592992533498,56.53014373779297,35718900,66.71590388733982,0.6780222389483512,0.49431956089890194,0.1837026780494493,6.56525029370238,1.0916820411369599,54.47135169487128,53.390164298220704,1,1.393250950088329,0.01302879246170141,0.05054208158506324,0.09094082675272452,0.18425836145087285,0.18826063614067556,0.54,242.637,2.48,2.0,0.0
2016-12-14,56.54808472133418,56.952000297006634,56.12621696185083,56.26085662841797,30352700,64.25406767567586,0.7365542898106128,0.5427665066812442,0.19378778312936862,6.613260556916385,0.9635861819233593,54.641780736161444,53.502740468032364,1,1.1968956825681243,-0.004763602063777683,0.021345955867942523,0.06471876479032135,0.17775829383262493,0.18857572241851775,0.54,242.637,2.54,2.0,0.0
2016-12-15,56.2788217641714,56.68273743280054,55.91978485338333,56.171112060546875,27669900,63.41423297580952,0.7668598423105806,0.5875851738071115,0.17927466850346907,6.810242286772132,0.8897254574349402,54.78743133848386,53.607382491268226,1,1.0903796796943932,-0.001595151109479609,0.025733619467547708,0.04911980685545991,0.17440468370066117,0.1861328333226716,0.54,242.637,2.6,2.0,0.0
2016-12-16,56.50320710322079,56.50320710322079,55.75820686830823,55.91977310180664,42453100,61.009179715933264,0.761814533830588,0.6224310458118069,0.1393834880187811,7.041180420875892,0.7919748186520693,54.89527341118127,53.698064475995224,1,1.639596314132211,-0.004474523460908486,0.005324800996338475,0.027374611380080793,0.16772396261949796,0.1865284736011357,0.54,242.637,2.6,1.0,0.0
2016-12-19,56.15315330290335,57.239234866126814,56.02748800200906,57.10459518432617,34338200,67.30433127688289,0.8436957313896372,0.666683982927373,0.1770117484622642,7.829383166055702,1.0032080333670899,55.105685008623645,53.831653915537615,1,1.309368673142293,0.021187891452321583,0.02332304994508294,0.05418386565546052,0.17970586838471825,0.18999686465108417,0.54,242.637,2.54,1.0,0.0
2016-12-20,57.16743886957872,57.26617420171064,56.575030300817346,57.03280258178711,26028400,66.60263931926445,0.8925058554126721,0.7118483574244329,0.18065749798823927,8.459725068920347,0.9234613119494048,55.289220015591596,53.95718915735132,1,0.9805832210503435,-0.0012572123540552926,0.008891872738297835,0.04403574920640119,0.1788599783172852,0.18870447318874442,0.54,242.637,2.57,1.0,0.0
2016-12-21,56.9340672496552,57.17641667651623,56.65581344310436,57.03280258178711,17096300,66.60263931926445,0.9205763986738802,0.7535939656743224,0.16698243299955784,8.988148688784419,0.8758781484841046,55.45527549808641,54.07780144850567,1,0.6515786575146423,0.0,0.013720835401912934,0.0395943061398949,0.17883358401266453,0.18564043411522416,0.54,242.637,2.55,1.0,0.0
2016-12-22,57.30206486003905,57.53543642408021,56.91610143087042,57.04176330566406,22176600,66.65296544165005,0.9327929059977862,0.7894337537390151,0.14335915225877105,9.279989021702573,0.8373299980556654,55.60636957499857,54.19403524682561,1,0.8446729075905002,0.00015711526474793125,0.01549998234285832,0.05215253118393326,0.17147935659723876,0.18566486024349338,0.54,242.637,2.55,1.0,0.0
2016-12-23,56.95200829284659,57.03279141932273,56.36857422118239,56.76351547241211,12403800,63.455373036083046,0.9095377167072698,0.8134545463326661,0.09608317037460368,9.379333316318183,0.7561138563907003,55.71657394618081,54.29479917724076,1,0.4688752746710657,-0.004877966898760411,0.01508844410132637,0.04477116787790725,0.1735016264181926,0.18433205740969563,0.54,242.637,2.55,1.0,0.0
2016-12-27,56.73658845963265,57.50851539225834,56.73658845963265,56.79941940307617,11763200,63.69738477315933,0.883816868094371,0.8275270106850071,0.056289857409363875,9.43136782586245,0.7381332505779372,55.81970208493275,54.39301957825392,1,0.4523281255407427,0.0006325177425192674,-0.005344154533710177,0.0440520359033878,0.17356457183404944,0.18430883627392236,0.54,242.637,2.57,1.0,0.0
2016-12-28,56.90713098955739,56.90713098955739,56.3955056501774,56.539119720458984,14653300,60.565851376340774,0.8328285719285446,0.8285873229337146,0.004241248994830027,9.459874859464893,0.6713937117634029,55.888218050220964,54.47718036814432,1,0.5719425625765264,-0.004582787735381122,-0.008656121371909853,0.031101847370481384,0.17375148880678276,0.18449624625034305,0.54,242.637,2.51,1.0,0.0
2016-12-29,56.42243150334206,56.72761182682677,56.30574400270775,56.45833587646485,10250600,59.586765430945306,0.7769452574979141,0.8182589098465546,-0.041313652348640484,9.162588702277642,0.6375729588236773,55.942514986053716,54.554872741019636,1,0.42010672955193834,-0.0014288132605095871,-0.010072566651418757,0.0438104907643857,0.16473473006437028,0.18433963626910538,0.54,242.637,2.49,1.0,0.0
2016-12-30,56.51217205781029,56.5391020415878,55.67741446530468,55.77614974975586,25579900,51.94950722066021,0.6698885508133898,0.7885848380399216,-0.1186962872265318,8.06893701142138,0.4753146997944252,55.92667067783487,54.60276595704851,1,1.0679704474137313,-0.012083000962013202,-0.022187490052267278,0.049661900130455905,0.1567857356118394,0.1861563006415417,0.54,242.637,2.45,2.0,0.0
2017-01-03,56.35960489789723,56.4044836557383,55.76719639191773,56.171112060546875,20694100,55.50527693341451,0.609885121071656,0.7528448946462686,-0.14295977357461254,6.7217629799802046,0.5356269571884849,55.94995080952173,54.664269725813156,1,0.8727710579145368,0.0070812042882673065,-0.01043634114157621,0.05620247063059747,0.15750486554223533,0.18652054128801593,0.65,243.618,2.45,2.0,0.0
2017-01-04,56.08133933530505,56.32368868555266,55.75820686830823,55.91977310180664,21340000,52.82626571763409,0.5358737976870671,0.7094506752544283,-0.17357687756736118,5.884568984174673,0.4362727328780685,55.947076742120295,54.7135051523227,1,0.9042309661818042,-0.004474523460908486,-0.015486888959676426,0.03453981854273103,0.15098089387215938,0.18691608915919974,0.65,243.618,2.46,2.0,0.0
2017-01-05,55.82103780088772,56.24290556880346,55.677423751559026,55.91977310180664,24876000,52.82626571763409,0.47178089420697944,0.6619167190449385,-0.1901358248379591,4.5204152590056585,0.3757089798696729,55.944476395423756,54.760809777792666,1,1.0430794408815773,0.0,-0.01095430246729201,0.039199106031318154,0.14937081790254422,0.18684557492097695,0.65,243.618,2.37,2.0,0.0
2017-01-06,55.919781209696346,56.682733739400206,55.68640962971122,56.40447998046875,19922900,57.422566827489355,0.45485531178158567,0.620504437592268,-0.16564912581068236,4.110552054588903,0.5444083856029316,55.988286260666136,54.82526743279957,1,0.8549019473221906,0.008667897807447478,-0.0009539051259664921,0.02395325939255999,0.12899551585297153,0.1843979712505079,0.65,243.618,2.42,2.0,0.0
2017-01-09,56.33266619943237,56.61989773809759,56.135199010638374,56.22495651245117,20382700,55.274442962575876,0.42209003110180987,0.5808215562941764,-0.15873152519236655,3.2603461748127773,0.41844358283801353,56.01082628464567,54.88015720062905,1,0.8762077695749859,-0.003182787397024933,0.008046571244320733,0.02671686623824554,0.1273818250354866,0.184561954771611,0.65,243.618,2.38,2.0,0.0
2017-01-10,56.30575513951013,56.61093552335694,55.90183942206139,56.2070198059082,18593000,55.05284658601247,0.39017823596064005,0.5426928922274692,-0.15251465626682914,3.03770372891192,0.3850171071687534,56.02951138190877,54.93219102828706,1,0.8146040771387519,-0.0003190168148728967,0.0006392564441777271,0.01048891772320748,0.11568600216768257,0.18431746583292125,0.65,243.618,2.38,2.0,0.0
2017-01-11,56.19802827143986,56.75453229895399,56.03646203376977,56.7186279296875,21517300,59.98099702847781,0.4015416856989802,0.5144626509217715,-0.11292096522279127,2.90677415256553,0.6638287000493351,56.095141529316265,55.002247377361584,1,0.9400081998921389,0.009102210463140858,0.014285730852778622,0.016406457910398853,0.11929409764582594,0.18437000167218068,0.65,243.618,2.38,1.0,0.0
2017-01-12,56.60195568707897,56.9071360415236,55.60563148803826,56.19804000854492,20968200,53.54729900307549,0.36434031858575366,0.48443818445456793,-0.12009786586881427,2.929756071840762,0.35776715874901777,56.1049413844809,55.04914120603544,1,0.9465169744427506,-0.009178429382811215,0.004976180898153437,-0.005874807797915049,0.11527761499085996,0.1854311941805366,0.65,243.618,2.36,2.0,0.0
2017-01-13,56.20701128827499,56.43140849462681,55.964661894531474,56.2788200378418,19422300,54.365268473754114,0.3374859128587744,0.4550477301354092,-0.11756181727663484,2.927185356958946,0.4060011772343405,56.12150125622956,55.09736390532197,1,0.8989104662534266,0.0014374171996851537,-0.00222783620504019,0.00031928787615997933,0.11417899205194612,0.18500234244349584,0.65,243.618,2.4,1.0,0.0
2017-01-17,56.2608718502117,56.27882403887968,55.67743770260696,56.1262321472168,20664000,52.48524154425061,0.3004278895999306,0.42412376202831353,-0.12369587242838292,2.9382312751697284,0.31567835150062384,56.12195181727596,55.13771167951393,1,0.9721401219738528,-0.0027112844676274728,-0.0017558815756933965,-0.0007989856651173799,0.11445718559524386,0.18504450636321176,0.65,243.618,2.33,2.0,0.0
2017-01-18,56.25188118788694,56.27881117674918,55.75820809644764,56.09929275512695,19670100,52.14240587202044,0.2658211348047814,0.39246323658360716,-0.12664210177882573,2.871518260176058,0.28926577434920275,56.11979381135701,55.17542074130267,1,0.9777827707797044,-0.00047997863136761687,-0.0019166120380202933,0.0032103072556013412,0.11327124886450927,0.1846158313048755,0.65,243.618,2.42,2.0,0.0
2017-01-19,55.86591997332652,56.530133667460845,55.83001560498709,55.91977310180664,18451700,49.80758697865896,0.22135762369124024,0.3582421140051338,-0.13688449031389355,2.7678158168222935,0.20406540007117285,56.10074421997126,55.20461102994989,1,0.9549224953836727,-0.003200034162710641,-0.014084523145926231,-0.020748279165539674,0.08277370821032282,0.16529349343541966,0.65,243.618,2.47,2.0,0.0
2017-01-20,56.25189722199749,56.386536932599306,55.98262122482394,56.31473159790039,30213500,54.621882559440074,0.21550560614034708,0.32969481243217647,-0.11418920629182938,2.558959576552536,0.4785310344354192,56.121123970250224,55.24814516986952,1,1.5468737800452848,0.0070629488316180655,0.0020764352162054855,-0.012590490934703435,0.08759308357341855,0.15974333052975573,0.65,243.618,2.48,2.0,0.0
2017-01-23,56.27881638487858,56.6558020235459,56.16212888642132,56.51218795776367,23097600,56.850203672977194,0.22421629225178208,0.3085991083960976,-0.08438281614431553,2.3236381076492654,0.647120750871653,56.15836815953722,55.29771547527713,1,1.1646608215796257,0.003506300292313691,0.004146638464789465,-0.009128336684434468,0.08880165156387186,0.15984681453519936,0.65,243.618,2.41,1.0,0.0
2017-01-24,56.72761483490646,57.2123136256776,56.49423982126273,57.01484298706055,24672900,61.969880834173985,0.2685835695507848,0.30059600062703506,-0.03201243107625029,2.3028734730183915,1.0370588695923801,56.23993719072992,55.365053809072556,1,1.236312034135639,0.008894630476394827,0.015832362263566102,-0.0004719405054023351,0.09476853518647006,0.16012388376341763,0.65,243.618,2.47,1.0,0.0
2017-01-25,57.400792788598125,57.53542902684022,56.95199847973345,57.158443450927734,23672700,63.309222068415465,0.31173878313284575,0.3028245571281972,0.008914226004648529,2.5611127953454926,1.0685755006234914,56.327413977415425,55.4353828146355,1,1.1536234850367684,0.0025186505187742014,0.018879929563888842,0.006957426354390783,0.0933602252400352,0.15887928152990397,0.65,243.618,2.53,1.0,0.0
2017-01-26,57.55339739884651,57.93038305837046,57.04176862316035,57.68803024291992,43554600,67.8114816003079,0.38424350899699533,0.3191083475019569,0.06513516149503845,3.240392401806872,1.2145775891163484,56.456996478892044,55.523721929470184,1,1.9699166028565522,0.009265241668920732,0.03162132181570221,0.01564471695630787,0.09854445593249535,0.15940801175588207,0.65,243.618,2.51,1.0,0.0
2017-01-27,58.69332929322542,59.1600792898964,58.24453490691963,59.04338836669922,44818000,75.94642927320659,0.544790098861597,0.3642446977738849,0.1805454010877121,5.2293127270033875,1.3581111327958322,56.70331951582606,55.661748064263485,1,1.8976120226411053,0.023494616094049015,0.04845369393362353,0.04429267131539816,0.12449173391369732,0.16561463645563845,0.65,243.618,2.49,1.0,0.0
2017-01-30,58.96259997396923,59.05235746838961,58.16374663192947,58.45994567871094,31651400,67.98164089362177,0.6178235933164302,0.414960476882394,0.2028631164340362,6.02144981267644,1.043378422751186,56.87061724562462,55.771481304045736,1,1.2820485297700577,-0.009881592234590397,0.03446615307839407,0.035452865749103335,0.13122427751259028,0.16715466770469384,0.65,243.618,2.49,1.0,0.0
2017-01-31,58.21760658433007,58.477908142307115,57.67905470661076,58.02911376953125,25270500,62.74847613250067,0.633634485466807,0.4586952785992766,0.1749392068675304,6.227886584915319,0.8704714695717389,56.98095024790145,55.86001591053537,1,1.0242302466189823,-0.007369693970423641,0.01778959178578976,0.040392964194973846,0.12550096152499818,0.167407791273013,0.65,243.618,2.45,1.0,0.0
2017-02-01,57.76881706775136,58.00219207866935,56.96996356490131,57.06869888305664,39671500,52.961115440668216,0.5621867378263445,0.4793935704446902,0.08279316738165432,6.178772748111954,0.5865000748930524,56.98930726077337,55.9074152427911,1,1.5483648624624315,-0.016550569603544174,-0.0015701016761966446,0.015979509566096173,0.14020491739653715,0.17120828414721376,0.66,244.006,2.48,1.0,0.0
2017-02-02,56.77248852269458,56.91610258594892,56.32369414702111,56.700679779052734,45827000,49.75835407913617,0.4704448219729471,0.47760382075034163,-0.00715899877739451,6.02387007661359,0.46970205586008745,56.96181892918093,55.93852365597783,1,1.7070393816261293,-0.006448703250761634,-0.017115343680647932,0.0139647683445423,0.1413681033602651,0.17076675953920475,0.66,244.006,2.48,2.0,0.0
2017-02-03,56.996877225814146,57.176395634165786,56.61091384626821,57.158443450927734,30301800,53.52329713369687,0.42972281816931,0.46802762023413536,-0.03830480206482534,5.86452265269561,0.5876046802093168,56.980545074109195,55.986363647936656,1,1.1174389967100198,0.008073336574778045,-0.03192474158265968,0.02215084719435456,0.14370702963863916,0.16162202905327042,0.66,244.006,2.49,1.0,0.0
2017-02-06,56.99688907958379,57.13152876985605,56.67375656215402,57.12255096435547,19796400,53.186750757399224,0.3900577698995136,0.45243365016721104,-0.06237588026769747,5.824162198851087,0.5664921383330088,56.99406944460884,56.03092001328641,1,0.7302018453121738,-0.000627947235880888,-0.02287711182123975,0.012730743801474098,0.14100075761940084,0.16165573151922275,0.66,244.006,2.42,1.0,0.0
2017-02-07,57.21231290999793,57.248213860545846,56.75454069420832,56.934059143066406,20277200,51.360319122012505,0.33949967773458667,0.4298468556806862,-0.09034717794609953,5.7172808282319725,0.4988981119313738,56.98835417779527,56.0663372340621,1,0.7480819912206285,-0.0032997794760020183,-0.018870779774682878,0.012611884020900854,0.14104354590381335,0.1614300100646742,0.66,244.006,2.4,2.0,0.0
2017-02-08,57.059720314258904,57.27514313499211,56.745565600720454,56.853275299072266,18096400,50.558982531218604,0.28957539942083343,0.4017925644287157,-0.11221716500788226,5.59468566162068,0.46339097663829854,56.9754895226788,56.09719755033701,1,0.6682383855250712,-0.0014189018877284187,-0.0037748115552067585,0.011497771904571463,0.1411954934569316,0.15237823873827852,0.66,244.006,2.34,2.0,0.0
2017-02-09,57.01482035907116,57.84060353680033,56.83530197921453,57.499515533447266,22644400,56.417093713342254,0.2987128593311894,0.38117662340921044,-0.08246376407802103,5.631819872763458,0.6527768941200082,57.025396761799605,56.15219041241976,1,0.8344440509693184,0.011366807470202911,0.014088645101035357,0.013767744958989692,0.14319318508950252,0.15351522400806003,0.66,244.006,2.4,1.0,0.0
2017-02-10,57.67007206380367,57.7149542365396,57.427722711951674,57.445674896240234,18170700,55.823636766833964,0.2981727231381015,0.36457584335498866,-0.06640312021688716,5.50544899385748,0.6191233630457352,57.06542325079395,56.202915294138215,1,0.6730578149947578,-0.000936366797311794,0.005025179623008746,0.022200683289054446,0.1385370120323293,0.14954959852933633,0.66,244.006,2.41,1.0,0.0
2017-02-13,57.661111389423525,58.21761899560727,57.56237605851899,58.09195709228515,22920100,61.11167331745352,0.3459068346583436,0.3608420416156597,-0.014935206957316094,5.551903265480338,0.793017622299216,57.16318837855501,56.276995364653786,1,0.843515183299061,0.011250319492498662,0.01697063789281028,0.03221704103291789,0.14310178746819494,0.14623354951834805,0.66,244.006,2.43,1.0,0.0
2017-02-14,58.16419637947776,58.44413362291891,57.812008154741875,58.30867767333984,23108400,62.723087103197344,0.39665164833061084,0.36800396295864995,0.028647685371960885,5.542143183322241,0.826873731882998,57.27228259710595,56.35666918068069,1,0.8466369132507118,0.0037306469243307827,0.024144045777927614,0.038884590014854004,0.1423586575914987,0.14430673325621468,0.66,244.006,2.47,1.0,0.0
2017-02-15,58.24544742799663,58.30865926590143,57.93842046948004,58.27253723144531,17005200,62.2597753122976,0.42900573606138437,0.38020431757919687,0.0488014184821875,5.396758609977073,0.7882827149116802,57.36754494323351,56.431801261102834,1,0.6260865723405901,-0.000619812407631537,0.024963591365794402,0.038739249098995954,0.14239064123345596,0.14090951058590398,0.66,244.006,2.51,1.0,0.0
2017-02-16,58.46217942513677,58.913694573068625,58.19127447012229,58.26351165771485,20546300,62.13633483191281,0.44874543725017446,0.39391254151339244,0.05483289573678202,5.007275701316779,0.766234570890973,57.452875106517446,56.50363304136213,1,0.753554907369407,-0.00015488554573506175,0.013287001067394666,0.04191251905906768,0.14134788494784792,0.14039535520041332,0.66,244.006,2.45,1.0,0.0
2017-02-17,58.21836487708981,58.417032646560656,58.06485137870761,58.35382080078125,21248800,62.928350103118525,0.46630125515267196,0.40839028424124835,0.05791097091142361,4.7835632018236565,0.7739657054658702,57.53867945835209,56.57618942408445,1,0.7923454731865404,0.0015500120143279172,0.0158087777048721,0.03620880620439437,0.14011777232218778,0.13959408113209262,0.66,244.006,2.42,1.0,0.0
2017-02-21,58.34479343303177,58.65182045539396,58.20030526516129,58.236427307128906,20655900,61.138075471199784,0.4653771157803419,0.4197876505490671,0.04558946523127483,4.53808041381542,0.7105766788862364,57.60513163442607,56.64129679204698,1,0.7737593325619178,-0.0020117533357948414,0.002486922838806249,0.030510928910660873,0.14058537177715932,0.13957926423621095,0.66,244.006,2.43,1.0,0.0
2017-02-22,58.091940192419024,58.14611980513958,57.83909281362395,58.1190299987793,19292700,59.320563110944235,0.44998460459999023,0.42582704135925176,0.024157563240738478,4.447689883249265,0.6474393348411903,57.65407433579305,56.69924711387962,1,0.7300512742890659,-0.0020158741491898002,-0.003252477712202495,0.019366658818464888,0.13832291820551232,0.137147624177554,0.66,244.006,2.42,1.0,0.0
2017-02-23,58.17321060600118,58.45315468551667,57.965517493972186,58.35382080078125,20273100,61.76847008647133,0.4515266657483039,0.4309669662370622,0.020559699511241702,4.433970821172373,0.716034715635027,57.72071685626811,56.76413235650322,1,0.7721167923243446,0.004039826576714756,0.0013948863941362077,0.02091339927546798,0.13865350055583708,0.1372598514925665,0.66,244.006,2.38,1.0,0.0
2017-02-24,58.2725444907366,58.51636653129608,57.920363222883545,58.35382080078125,21796800,61.76847008647133,0.4475892302861766,0.4342914190468851,0.013297811239291468,4.504174387450614,0.69976562762849,57.78101247003127,56.82647307980824,1,0.866030451399222,0.0,0.0015500120143279172,0.011541225364390728,0.13525328729335476,0.13728118352074575,0.66,244.006,2.31,1.0,0.0
2017-02-27,58.28158901288827,58.28158901288827,57.83910599912466,58.001651763916016,15871500,55.91531281799612,0.4113103564814651,0.4296952065338011,-0.018384850052336033,4.093176277818354,0.5931426978604031,57.80202573611553,56.8725585184007,1,0.6690820762179821,-0.00603506389183206,-0.00603506389183206,-0.01764357757236623,0.10725575220802389,0.13733970670056456,0.66,244.006,2.36,1.0,0.0
2017-02-28,57.86619164557596,57.97455088791824,57.577218738583106,57.77588653564453,23239800,52.48191898395888,0.36018967809449975,0.4157941008459409,-0.05560442275144112,3.9513548701414605,0.51259046714499,57.79953628845163,56.90798314652791,1,0.9973852744925319,-0.0038923930854661837,-0.007908121991336503,-0.011701330460105352,0.10254651063488182,0.1343236711393786,0.66,244.006,2.36,1.0,0.0
2017-03-01,57.91135133249921,58.68795821890569,57.81201741287209,58.6428108215332,26937500,62.10445985623681,0.38518949215743703,0.40967317910824014,-0.024483686950803107,4.157330522737931,0.8601009910699181,57.87984814874511,56.976015604371256,1,1.1519591858989504,0.0150049499518079,0.009012208613339068,0.010575675073021484,0.11291833098464965,0.13138785096563993,0.79,243.892,2.46,1.0,0.0
2017-03-02,58.41703176001469,58.471211372839235,57.68557598379864,57.80297088623047,24539600,51.27232788230954,0.333390838910141,0.3944167110686203,-0.06102587215847932,3.9993547890583616,0.49498953835995957,57.8725265046961,57.0084452232677,1,1.0845043283653328,-0.014321276956839712,-0.009439825995822493,0.01286645775258477,0.10854112015777033,0.1354480477709584,0.79,243.892,2.49,1.0,0.0
2017-03-03,57.78492032351191,58.04679653738854,57.45079657495889,58.01970672607422,18135900,53.52515565775755,0.3062979913801698,0.37679296713093025,-0.07049497575076047,3.5900417078975586,0.5669892464608861,57.88654366863687,57.04810253710325,1,0.8537383623018017,0.0037495622892866898,-0.00572565892210708,0.023262982951198774,0.10568582371856669,0.13197284209597976,0.79,243.892,2.49,1.0,0.0
2017-03-06,57.76685669772222,58.29964133509501,57.622371969244185,58.03776168823242,18750300,53.71712117578104,0.28302110791625523,0.35803859528799525,-0.07501748737174002,3.4047750987547176,0.5574426627352922,57.90094538478883,57.08691269989263,1,0.9073303863713897,0.0003111867187375328,0.0006225671721105108,0.015383873041602492,0.1025152137879964,0.1314568681885514,0.79,243.892,2.49,1.0,0.0
2017-03-07,57.96552724205001,58.4983119047072,57.96552724205001,58.1551628112793,18521000,55.01819666684648,0.27092425338939563,0.34061572690827535,-0.06969147351887972,3.1687604647759047,0.5974669381967437,57.92515656826411,57.12880486112348,1,0.8990087168071575,0.002022840296245887,0.006564611957979638,0.01807713117658527,0.10246954245209054,0.12310708172354035,0.79,243.892,2.52,1.0,0.0
2017-03-08,58.02874927261641,58.769234101634936,58.01971703738122,58.687957763671875,21510900,60.45172802005771,0.3008613663767079,0.3326648548019619,-0.03180348842525399,2.876033390762104,0.8737625366582702,57.99780430116009,57.18994811220381,1,1.041021348755872,0.009161610536996712,0.0007698632024317753,0.03080578913578247,0.10516947256073843,0.12341349111196548,0.79,243.892,2.57,1.0,0.0
2017-03-09,58.868537111705166,58.87756245262479,58.22738653817784,58.45314407348633,19846800,57.17386456126064,0.30215617344453705,0.3265631185304769,-0.02440694508593988,2.1993383253960146,0.7419118555914725,58.04116999376259,57.239485208724695,1,0.956436105911174,-0.004001054034476814,0.011248092914385888,0.02814030970068271,0.1065213545613583,0.1201016815391699,0.79,243.892,2.6,1.0,0.0
2017-03-10,58.796319578062864,58.93177553828552,58.47122802935901,58.63377380371094,19538200,59.01488577112989,0.3141364574792007,0.3240777863202217,-0.009941328841021002,2.0645598135660572,0.8605810825554888,58.097608451852906,57.2941631928418,1,0.9486646945506234,0.0030901627805943743,0.010583767348840478,0.019726396992056028,0.10018163152455428,0.12009037228866479,0.79,243.892,2.58,2.0,0.0
2017-03-13,58.7060124507132,58.868558209974026,58.30867684150324,58.43510055541992,20100000,56.15547309087379,0.30409423903893185,0.32008107686396375,-0.015986837825031908,1.710598318202175,0.6857885593687432,58.12975055695453,57.338905834511536,1,0.9713927258633072,-0.0033883755965651297,0.006846212804034746,0.0172236754284254,0.10117892189307304,0.11769156971288275,0.79,243.892,2.62,2.0,0.0
2017-03-14,58.27255526172679,58.290619729331034,57.92940616257932,58.1641960144043,14280200,52.42538994061445,0.2711503240085378,0.3102949262928786,-0.0391446022843408,1.6981311444779255,0.40963358922840315,58.133031076711646,57.37127015529165,1,0.7048489026006733,-0.0046359899861676546,0.0001553293411680201,0.0012435270859336711,0.095162530481574,0.1176670718224052,0.79,243.892,2.6,2.0,0.0
2017-03-15,58.29062999751775,58.62474692171946,58.01971805233753,58.47123336791992,24833800,55.99323114974292,0.266742540444568,0.30158444912321647,-0.03484190867864845,1.7274891281103342,0.7081713085949991,58.16524081873148,57.41440596755158,1,1.2205611707140616,0.005278803362803952,-0.003692825649593612,0.0027878473850970753,0.09610167207517098,0.1179711672402676,0.79,243.892,2.51,2.0,0.0
2017-03-16,58.4712325703624,58.480264805632395,58.06487154771186,58.37189865112305,20674300,54.56743209010504,0.25232521078023495,0.2917326014546202,-0.039407390674385256,1.7351881120493529,0.6040657793951364,58.18492251705449,57.45195470024066,1,1.0070449257099603,-0.0016988647421173342,-0.0013899239065933156,0.0017051157268661576,0.09629118558543062,0.11758905122831209,0.79,243.892,2.53,2.0,0.0
2017-03-17,58.61569280452908,58.91368753046497,58.407992829896365,58.57957077026367,49219700,57.03086760931652,0.2547205180028129,0.28433018476425875,-0.02960966676144583,1.7966692055222218,0.7837084628668984,58.22250806497917,57.49617493828078,1,2.2409934008215506,0.0035577413779503964,-0.0009244336485780824,0.005424649211080768,0.09706427307636704,0.10994670437776101,0.79,243.892,2.5,2.0,0.0
2017-03-20,58.6157162241502,58.85953144088992,58.44413821522974,58.63377380371094,14598100,57.675914928091174,0.25801827398776567,0.27906780260896014,-0.02104952862119447,1.8696939494873017,0.8094490125012971,58.261676230572675,57.54078665849373,1,0.6748754842919623,0.0009252890168798267,0.0033998957202545643,0.004797509384782961,0.0969805185226206,0.10989498274431485,0.79,243.892,2.47,2.0,0.0
2017-03-21,58.86855824518782,59.14849548480282,57.91134126693451,57.983585357666016,26640500,48.30779317016932,0.20579472216626726,0.26441318652042156,-0.0586184643541543,1.9266085535546449,0.23260567234496604,58.235191385533945,57.55815131336323,1,1.2147951428258095,-0.011088974900738346,-0.003105186164587437,-0.004341645962061658,0.10489637788461745,0.11244153488228625,0.79,243.892,2.43,2.0,0.0
2017-03-22,57.90232110291589,58.82340922863147,57.90232110291589,58.72407531738281,20680000,56.89497312576439,0.2216040191249391,0.25585135304132506,-0.03424733391638596,2.014185833206789,0.8490517396793892,58.28175175999574,57.60387382332479,1,0.9400256370628289,0.012770682515562903,0.004324210982038501,0.0104104510797276,0.11413350128946811,0.1152827288496389,0.79,243.892,2.4,2.0,0.0
2017-03-23,58.64278260783475,58.91368753046497,58.48926223981336,58.57957077026367,19269200,54.975672248455666,0.21993739025826642,0.24866856048471334,-0.028731170226446917,2.052171935712504,0.7123655027770668,58.31011547525935,57.64213644869494,1,0.8778996779154415,-0.002460737718527617,0.0035577413779503964,0.00386864075710025,0.11380959075789959,0.11490625090056804,0.79,243.892,2.41,2.0,0.0
2017-03-24,59.022073668189215,59.10334310569296,58.4802567494365,58.678924560546875,22617100,56.07288157379497,0.22405087637952903,0.24374502366367648,-0.01969414728414745,2.1186119428714867,0.7728784620107269,58.34524015004864,57.68279480602247,1,1.028507218208822,0.0016960484513082186,0.0016960484513082186,0.005571250610573175,0.11393036530868547,0.11493111456790962,0.79,243.892,2.4,2.0,0.0
2017-03-27,58.36286698315271,58.89565863603144,58.11001950975004,58.78729248046875,18614700,57.29529732228964,0.23336514115343476,0.24166904716162815,-0.00830390600819339,2.14590269694435,0.824372108692694,58.38734037199341,57.72610844031448,1,0.8412518788939314,0.0018467945814184539,0.002618263618366923,0.013545143847808472,0.1115334284205052,0.11445869797641861,0.79,243.892,2.38,2.0,0.0
2017-03-28,58.66085299468484,59.121400420208765,58.38091577994239,58.95885467529297,20080400,59.229652303752886,0.2516890833280456,0.24367305439491166,0.008016028933133967,2.087244307067825,0.9253090346321643,58.441770305640986,57.774451429921484,1,0.9140163527377385,0.0029183550999769547,0.01681974841002165,0.020475118783657376,0.11044554751690054,0.11446778385913,0.79,243.892,2.42,2.0,0.0
2017-03-29,58.80534347117575,59.14849255076513,58.65182306359269,59.12140274047851,13618400,61.03071093407047,0.2761439938405843,0.2501672422840462,0.025976751556538114,2.305758473384468,0.9876751358258007,58.50649720419694,57.82727304994333,1,0.6392578105288556,0.0027569746067956924,0.006766005610957304,0.008161135393079944,0.09790500535480957,0.11133832804310542,0.79,243.892,2.39,2.0,0.0
2017-03-30,59.07624749180888,59.58194920394981,59.022067872126904,59.33812713623047,15122800,63.355094123172954,0.30944543969995664,0.26202288176722827,0.04742255793272837,2.406491393575316,1.0660021261768424,58.5857000548668,57.88652222979773,1,0.7259194297019361,0.0036657519224181367,0.012949162241930656,0.026558431624933876,0.08118750017325567,0.11076142833806997,0.79,243.892,2.42,2.0,0.0
2017-03-31,59.28397047770959,59.77160791243897,59.10336019285913,59.47360610961914,21040300,64.7697466790596,0.34281731180084307,0.27818176777395126,0.06463554402689181,2.631522058395393,1.0576640647180682,58.670262536271785,57.948760813320135,1,1.0029776666657928,0.0022831690167375296,0.013542878555183657,0.025058716522114555,0.08077145277622662,0.11021942572393471,0.79,243.892,2.4,2.0,0.0
2017-04-03,59.428436080462006,59.54583445692436,58.86856156961476,59.19365310668945,20400900,59.645698293484784,0.3427241821669682,0.29109025065255467,0.051633931514413534,2.60156544377821,0.8422549090856665,58.72010925726394,57.997580118942466,1,0.9686869149703721,-0.004707180567018132,0.006912388869681596,0.01991619567732905,0.08346456948424352,0.11082965984996535,0.9,244.193,2.35,2.0,0.0
2017-04-04,59.049163406870285,59.42843456056545,58.94982950143928,59.356197357177734,12997400,61.547798523393425,0.3517120215848806,0.30321460483901985,0.04849741674586072,2.656581280628166,0.900514393982754,58.780689076303354,58.05085922632424,1,0.6253504768168682,0.0027459743056457153,0.006739321584061875,0.020652242859261483,0.08362232824640008,0.10973794579645821,0.9,244.193,2.36,2.0,0.0
2017-04-05,59.87091079462374,59.9160581752372,59.094304196499074,59.20266342163086,21448600,58.73178822301785,0.34249794055432403,0.3110712719820807,0.031426668572243355,2.744276728256041,0.7763680616946038,58.820877109191684,58.096028018297055,1,1.0321220225907521,-0.002586653835369157,0.0013744714669416958,0.008770209044104638,0.07877235716583036,0.10965078846767688,0.9,244.193,2.34,2.0,0.0
2017-04-06,59.23879898371787,59.65419218389485,59.13043973384834,59.356197357177734,18103500,60.66969853725686,0.3436235421203975,0.31758172600974405,0.026041816110653426,2.835859135298898,0.8322319824788451,58.87185998995226,58.14544642374336,1,0.8748228041058467,0.002593361965042673,0.0003045296813257714,0.015449182383690196,0.07730184135767473,0.10967924178452151,0.9,244.193,2.34,2.0,0.0
2017-04-07,59.46454101697395,59.563874896362165,59.09430219436031,59.31102752685547,14108500,59.780282922165384,0.33698619457955914,0.3214626197237071,0.01552357485585204,2.917647538181144,0.7766935156732468,58.91368546965733,58.191155486610505,1,0.6908338972560548,-0.0007609960262523474,-0.00273362577786207,0.011550573657629126,0.0769766552340866,0.10840066621364011,0.9,244.193,2.38,2.0,0.0
2017-04-10,59.24783079288504,59.4374663683728,59.02207317117448,59.17558670043945,17952700,57.07825745385949,0.31714129859181384,0.32059835549732846,-0.0034570569055146216,2.8868201920563386,0.6779960036198396,58.93862844401753,58.22976063225086,1,0.8837140731344316,-0.0022835690437952305,-0.00030520850296966717,0.012671940973512097,0.07631673237012672,0.10659422744839923,0.9,244.193,2.37,2.0,0.0
2017-04-11,59.23879136483937,59.24782359769214,58.56151858195727,59.13043212890625,18791500,56.16677611233338,0.2943770832245036,0.3153541010427635,-0.02097701781825989,2.6846214810633793,0.6321572456447011,58.95689546162598,58.26508108310009,1,0.9148458030964985,-0.0007630608169849618,-0.0038035662377921,0.01661221474225605,0.07396437203551456,0.10663878349779705,0.9,244.193,2.32,2.0,0.0
2017-04-12,59.0762379651518,59.15751427114335,58.79630078917074,58.904666900634766,17108500,51.71971392647144,0.2551773853598007,0.30331875790617097,-0.04814137254637024,2.5911992087031006,0.474865685126662,58.95192131296015,58.29016287986616,1,0.8488736057293821,-0.003818088590648361,-0.005033498558566829,0.007412765350570671,0.07376322238161351,0.10682030037060333,0.9,244.193,2.28,2.0,0.0
2017-04-13,58.95884738264389,59.473574362947886,58.65181350708008,58.65181350708008,17896500,47.2111834572348,0.2013867258903872,0.2829323515030142,-0.08154562561262702,2.4792180016915224,0.29117257600473473,58.92333961716205,58.30434525740396,1,0.8941336111851511,-0.004292586765344386,-0.011867064964741658,0.004795370074049288,0.07529347505412917,0.10730276579028454,0.9,244.193,2.24,2.0,0.0
2017-04-17,58.73309655828474,59.13945747218399,58.706006749301466,59.13043212890625,16689300,55.17629924843909,0.19512844427637788,0.26537157005768697,-0.07024312578130909,2.4181344495196337,0.6022472377667097,58.94306271351864,58.33674082099228,1,0.9075724572562482,0.00816033798798732,-0.0030448873587199943,0.009403642795590583,0.07959246364158422,0.10803329500715601,0.9,244.193,2.26,2.0,0.0
2017-04-18,58.994980381849906,59.338129469286386,58.84146686033165,59.04916000366211,15155600,53.694741341707584,0.1815182997527458,0.24860091599669876,-0.06708261624395295,2.3558895672547338,0.5315060077959345,58.95316721734183,58.36467882815581,1,0.8229216553129151,-0.0013744551209597944,-0.0021364671450972983,0.0070844186379981355,0.07983578159184357,0.10737566429115829,0.9,244.193,2.18,2.0,0.0
2017-04-19,59.28394616251894,59.37424782311817,58.59764114072963,58.733097076416016,26992800,48.266844398331955,0.14357349945104403,0.22759543268756782,-0.0840219332365238,1.8035877244468428,0.20913225855259754,58.93220815630127,58.37912660259739,1,1.4642596857457253,-0.005352538922255512,-0.006719637218683405,0.01292627411924796,0.07092432306293572,0.10795597550620925,0.9,244.193,2.21,2.0,0.0
2017-04-20,59.112380300295264,59.37425999241021,58.82341079340576,59.14850234985352,22299500,54.74236676937795,0.14534624468031865,0.211145595086118,-0.06579935040579935,1.7385414429304196,0.5822337122496103,58.95280760330625,58.409298200529,1,1.2043751664154345,0.007072762958456602,0.004139492879742024,0.00722747919276423,0.06023523103480394,0.10743094725020558,0.9,244.193,2.24,2.0,0.0
2017-04-21,59.302004565837166,60.23212477317341,59.103336776003175,59.961219787597656,32522600,64.18723575011599,0.20991094045287184,0.21089866415946878,-0.0009877237065969435,2.025228639296426,1.1914577775504973,59.04884685895305,58.47015787061012,1,1.6958214795224549,0.013740287673507767,0.022325077473683175,0.02358585082080089,0.07544414890710242,0.11064707673982173,0.9,244.193,2.24,2.0,0.0
2017-04-24,60.93649628912064,61.09904204168035,60.59334031728603,60.98164367675781,29770000,72.0688990234397,0.33950500447601684,0.2366199322227784,0.10288507225323842,3.2860865839838915,1.390297695677498,59.23292274636302,58.568647510066896,1,1.523874849794415,0.01701806422175589,0.031307255523109756,0.03924269460383378,0.09385302730467932,0.11419033329478542,0.9,244.193,2.28,2.0,0.0
2017-04-25,61.31575895367247,61.44218264493075,61.044847106933595,61.33381652832031,30242700,74.18084137087017,0.4652633732287583,0.2823486204239744,0.18291475280478392,4.404991327194766,1.2486976930741862,59.43300786845419,58.67708551078272,1,1.5033311171452184,0.005775063286736604,0.03869075401777966,0.04331759365678578,0.09483194116973108,0.10485204040104093,0.9,244.193,2.35,2.0,0.0
2017-04-26,61.47830579762113,61.685998912919246,61.06291267745033,61.25254821777344,26190800,72.81263752269744,0.5520069208605989,0.3362802805112993,0.21572664034929956,5.128880726587918,1.0775650938701136,59.60629742553221,58.77808404831177,1,1.282439174749402,-0.001325016363678433,0.04289661650362886,0.0389032920519341,0.09555277202236218,0.1026076992133198,0.9,244.193,2.32,2.0,0.0
2017-04-27,61.54152403002102,61.749217166869634,61.02679697014255,61.64988327026367,34971000,75.2191877064234,0.6453739561456118,0.3980990156381618,0.24727494050744997,5.9720972036479205,1.0710559983552466,59.80092464883997,58.89070362564322,1,1.6272942063328646,0.006486833022482097,0.04228984371598954,0.04276760043878314,0.09688767760348059,0.10182056905407805,0.9,244.193,2.3,2.0,0.0
2017-04-28,62.22783237980421,62.43552552768952,61.12613411495831,61.82146453857422,39548800,76.19895198803258,0.7248574729304877,0.463450707096627,0.26140676583386074,6.748975156132338,1.0160310038856355,59.99335701929085,59.00563542615032,1,1.7413499504107488,0.0027831564182914104,0.031024131222916473,0.04185061986608418,0.09674941361616107,0.09495284995176938,0.9,244.193,2.29,1.0,0.0
2017-05-01,62.02013271993055,62.80577170609775,61.85758696036408,62.67934799194336,31954400,80.37653319370693,0.8473055467722403,0.5402216750317497,0.3070838717404907,7.9530919349318605,1.0831618947267438,60.24916568335299,59.14970258559319,1,1.3739525860289767,0.013876789554764679,0.027839595865675193,0.053901925442616294,0.10534419275838718,0.09689504170220185,0.91,244.004,2.33,1.0,0.0
2017-05-02,62.95023682998123,62.95023682998123,62.42647764039249,62.57999801635742,23906100,78.654752065341,0.9256593895157934,0.6173092179285584,0.308350171587235,8.7420947662612,0.9778733569911662,60.471149715067696,59.28422397503493,1,1.020209503536535,-0.0015850511973849457,0.020318016366414948,0.057207905441559515,0.1030093097818993,0.09619793220535484,0.91,244.004,2.29,1.0,0.0
2017-05-03,62.6522603309611,62.6522603309611,62.04723148455305,62.38135528564453,28928000,75.18674821615889,0.9606527591353213,0.685977926169911,0.2746748329654103,9.256655848042804,0.8874078246908466,60.65307405512263,59.40568010486275,1,1.1939376955037895,-0.0031742207895399943,0.018428736447956506,0.050966168035711856,0.10516133120083457,0.09658146491498457,0.91,244.004,2.33,1.0,0.0
2017-05-04,62.33617997366446,62.38133424410814,61.983998710841725,62.13751220703125,21749400,71.04565896617359,0.957669737504709,0.7403162884368707,0.21735344906783827,9.492163247930865,0.8087158808564182,60.79444911720917,59.51281077553603,1,0.8971003678831683,-0.0039089096012216995,0.007909648987166618,0.04957291810503395,0.10611163840668326,0.09671853449685465,0.91,244.004,2.36,1.0,0.0
2017-05-05,62.218784200896906,62.336175650504984,61.84853849974436,62.309085845947266,19128800,72.2056499769158,0.958105783063715,0.7838741873622396,0.1742315957014754,9.731277750360407,0.8044588886404627,60.938700234231845,59.622468621434514,1,0.7873432700668337,0.002761192600443385,0.007887572884475835,0.04974861295443911,0.10611687588143073,0.09656646888005922,0.91,244.004,2.36,2.0,0.0
2017-05-08,62.28199932136521,62.354243397039674,61.78532991307113,62.25490951538086,18566100,71.23518646494007,0.9432070712136067,0.8157407641325131,0.12746630708109363,9.834233196590768,0.7667861825589681,61.06405349910318,59.72570159766771,1,0.7572357820733979,-0.0008694772171806697,-0.006771584104816375,0.049634648248041646,0.10616083801559581,0.0945035650807543,0.91,244.004,2.39,1.0,0.0
2017-05-09,62.182684327685415,62.56195550581849,62.02013855283176,62.34523010253906,22858400,71.91294665785284,0.9279905538255662,0.8381907220711238,0.0897998317544424,9.821070091742817,0.7550367196060772,61.18607031847802,59.82842820570188,1,0.9230667344006551,0.0014508187042805432,-0.003751484839564778,0.05356336250868243,0.10478258385288636,0.09438616294127211,0.91,244.004,2.42,1.0,0.0
2017-05-10,62.300057986600656,62.814784978041,62.236846141672,62.58902740478515,17977800,73.71337620300235,0.9249416078594024,0.8555408992287795,0.06940070863062286,9.756293334715357,0.7679110202644122,61.319685279078705,59.9366869978228,1,0.7271732977441319,0.003910440331122533,0.0033290735379134517,0.058490952143543495,0.10409767476328627,0.09230565128537234,0.91,244.004,2.41,1.0,0.0
2017-05-11,61.73116287038166,62.065286621227344,61.5144374888044,61.82146453857422,28789400,60.55282435653702,0.850782101232511,0.8545891396295259,-0.0038070383970149058,9.270131213770338,0.6201325994944503,61.36747377998304,60.01059984255815,1,1.1376106911553765,-0.012263537205121189,-0.00508626202162743,0.04951725884232139,0.11513256531553659,0.09624755451543084,0.91,244.004,2.39,2.0,0.0
2017-05-12,61.95690270612964,61.95690270612964,61.442175766607946,61.74920272827149,18714100,59.476233176520694,0.7772199262587094,0.8391152969553626,-0.061895370696653185,8.49001339977331,0.5871941600249353,61.40382891791527,60.07878034788025,1,0.7382934521287465,-0.0011688789782331455,-0.008985577465540517,0.05280977749848281,0.11322949044216206,0.09629303184906196,0.91,244.004,2.33,2.0,0.0
2017-05-15,61.53249290732222,61.83952683589331,61.01776583815416,61.79437255859375,31530300,59.95550679037971,0.7143318277578388,0.8141586031158579,-0.0998267753580191,7.848964761093072,0.5758538899641917,61.44102355036084,60.14605847379058,1,1.2085283805988771,0.0007315046725546726,-0.0073976006129015115,0.04505193575923849,0.11144728396206041,0.09626610183098254,0.91,244.004,2.34,1.0,0.0
2017-05-16,61.96694723791946,63.06587653201906,61.90337304500684,63.038631439208984,34956000,70.35606302718568,0.7561771105454653,0.8025623046017794,-0.04638519405631403,7.284615041653625,0.8141900704164531,61.59317668263209,60.25949270772856,1,1.2908490999765507,0.020135472359322337,0.011121962907659322,0.06756186599943947,0.12696361631719583,0.10380892641568883,0.91,244.004,2.33,1.0,0.0
2017-05-17,62.56635340422562,62.757075962653374,61.24037257248986,61.28578567504883,30548800,50.46947786546666,0.6405163211663449,0.7701531079146925,-0.12963678674834755,5.9015344255693005,0.37104962081827664,61.56390134857654,60.29973949076073,1,1.12074225034073,-0.02780589813169576,-0.020822207721934993,0.04346252327391453,0.16709012331774578,0.11997762440578191,0.91,244.004,2.22,1.0,0.0
2017-05-18,61.213125229108144,61.87611215603581,60.97698957681442,61.494667053222656,25201300,52.20327210457399,0.5592624642573512,0.7279749791832243,-0.16871251492587314,4.47863145905748,0.36344921733773317,61.557307606161885,60.346599395171005,1,0.9196635081017446,0.003408316885767926,-0.005286149200617096,0.03966566540420513,0.16616476988865136,0.11993835345574216,0.91,244.004,2.23,1.0,0.0
2017-05-19,61.30392859703002,61.84885102096849,61.24035442972161,61.47649002075195,26961100,52.03258214714457,0.4877786539548481,0.679935714137549,-0.19215706018270096,3.532439889938318,0.2841563068481963,61.5496106932657,60.3909088314683,1,0.9939698794436724,-0.0002955871353034212,-0.004416457143902153,0.025270837359911758,0.16041276658296438,0.11978984015470752,0.91,244.004,2.23,1.0,0.0
2017-05-22,61.65813179321676,62.21213825020804,61.30393185239478,62.166725158691406,16237600,57.68992850704194,0.48127558105825585,0.6402036875216904,-0.15892810646343458,3.2343003458325024,0.5791060011358912,61.60838349949672,60.460548687437836,1,0.6139432990226688,0.011227627629789128,0.006025671670095711,0.019433413245062647,0.15419521485578921,0.12161540340097014,0.91,244.004,2.25,1.0,0.0
2017-05-23,62.41195470353616,62.439199791158096,62.103160876000096,62.37562561035156,15425800,59.256158025431326,0.4873603824134989,0.6096350265000522,-0.12227464408655331,3.1091334977476484,0.6634899131399348,61.68145417672099,60.53564974323837,1,0.6000575714196801,0.00336032581942991,-0.010517452770160252,0.016985883823978254,0.15343778737180877,0.1207923157987164,0.91,244.004,2.29,1.0,0.0
2017-05-24,62.54819696992579,62.55727404785901,62.16674489564988,62.45737075805664,14593900,59.881990804700244,0.4930946928943456,0.5863269597789109,-0.09323226688456532,2.9107397006266917,0.6863566528397604,61.75535099399105,60.61101135166262,1,0.5807973023822046,0.0013105303057916462,0.01911675064785534,0.0196697537545647,0.15322892661611956,0.12032160383987842,0.91,244.004,2.26,1.0,0.0
2017-05-25,62.63900776250808,63.46547213177311,62.584517586026,63.22934341430664,21854100,65.30227379639298,0.5535499378677216,0.5797715553966731,-0.02622161752895158,3.2059437385249105,1.0165110708356442,61.8957312244973,60.713691040393755,1,0.893042562555396,0.01235999285401257,0.028208565786406403,0.02561983997794215,0.15733174130992714,0.11917576010053255,0.91,244.004,2.25,1.0,0.0
2017-05-26,63.39282226370472,63.77426736558084,63.13851860005429,63.53813171386719,19827900,67.21062925677175,0.619239581753483,0.5876651606680351,0.031574421085447946,3.6533949227322124,1.050606101788189,62.052150318723,60.82445341974566,1,0.8442626109382974,0.0048836233762104,0.0335354489564923,0.027768141504021404,0.15777357911033815,0.11481339806144264,0.91,244.004,2.25,1.0,0.0
2017-05-30,63.383736375622696,63.94682693481445,63.3655683642254,63.94682693481445,17072800,69.59425115602625,0.6962514334004766,0.6093824152145234,0.08686901818595316,4.303152410685639,1.095701112900965,62.23259571073171,60.94689943994444,1,0.7507370373440316,0.006432282629708963,0.028634317982474178,0.020221635729746446,0.1521526290659803,0.11515824782056841,0.91,244.004,2.21,1.0,0.0
2017-05-31,64.05580673382995,64.24652927745787,63.40189691049646,63.429141998291016,30436400,63.31560908457865,0.7073570608838509,0.6289773443483889,0.07837971653546194,4.550535959033345,0.8656395162469004,62.34655250002307,61.0442422853698,1,1.3194265624525856,-0.008095553154672586,0.016889872889140456,0.013568935903635504,0.15536636426122674,0.11685470651606049,0.91,244.004,2.21,1.0,0.0
2017-06-01,63.79240482044183,64.1284436261436,63.07492105414698,63.66525650024414,21603600,64.87223650673593,0.7268323468356499,0.6485483448458411,0.07828400198980878,4.881140357026462,0.8969182733716105,62.47214335718699,61.14702715654134,1,0.9516300115233762,0.003722492446129655,0.01933936263289926,0.020581489592853774,0.1550257251860633,0.11693976361026003,1.04,244.163,2.21,2.0,0.0
2017-06-02,63.97408755913652,65.26373951889457,63.79244204638114,65.17292022705078,34770300,72.80690110884225,0.8540772431319112,0.6896541245030552,0.16442311862885606,6.135004422604222,1.1680416398505493,62.72936020193592,61.30490531616916,1,1.4889183168131341,0.02368110661426237,0.030738525940542605,0.04884984789712998,0.1728055828269193,0.12434133752051409,1.04,244.163,2.15,1.0,0.0
2017-06-05,65.3636302896708,66.19917870098328,65.2183139073209,65.64517211914062,33316800,74.73220513910579,0.9817099795634192,0.748065295515128,0.2336446840482912,7.407289799672245,1.1175176665933033,63.007056575003034,61.47511185746216,1,1.3846158641433373,0.007246136745823417,0.03316182500867537,0.05354092790642895,0.1736571764690042,0.12425068398499974,1.04,244.163,2.18,1.0,0.0
2017-06-06,65.66333666990532,65.95396249021776,65.6360846528515,65.8631362915039,31511100,75.59118580522163,1.0879070149667882,0.8160336394054601,0.27187337556132807,8.482999079442868,1.0446982775285245,63.279064167050734,61.647191247032424,1,1.2752690021499937,0.003320338195895056,0.029967231347426848,0.05795891126034958,0.1731803163974964,0.12426065472617386,1.04,244.163,2.14,1.0,0.0
2017-06-07,65.97210773649442,66.09017206578957,65.34544314693794,65.74505615234375,22301800,74.12112773099385,1.1492925214613123,0.8826854158166306,0.2666071056446817,9.236161979254423,0.949523863298443,63.51392054660245,61.807891831554436,1,0.903582008338619,-0.0017928107558915496,0.03651183164538363,0.05453225602364453,0.17390140684149136,0.1240104669639259,1.04,244.163,2.18,1.0,0.0
2017-06-08,65.85405936790316,65.86313644454273,64.93676880547747,65.345458984375,24588300,69.21547537495513,1.152412531424332,0.936630838938171,0.21578169248616108,9.667788257904283,0.840648523911678,63.68835277877126,61.94661995519446,1,0.9830573798969857,-0.006077980480278411,0.026391199478233762,0.04404017275684824,0.1765517492871819,0.1243756381602268,1.04,244.163,2.19,1.0,0.0
2017-06-09,65.42717465181471,65.46350373084275,62.293859144014014,63.86505889892578,49187400,54.756650243600056,1.023629483622507,0.9540305678750383,0.06959891574746879,9.451900936415976,0.583624960093749,63.70518193307169,62.02185285494863,1,1.8894997189993687,-0.02265498029179358,-0.020067557561770255,0.033056388676726334,0.1914320485435979,0.13418029907148726,1.04,244.163,2.21,2.0,0.0
2017-06-12,62.89331206421812,63.51997688548073,61.87611809665761,63.37466049194336,47761700,50.95907841358101,0.8719456902450062,0.9376135923490319,-0.06566790210402562,9.146782838497062,0.48779451894486675,63.67370370058328,62.074904134830774,1,1.7377780445962885,-0.007678665226920622,-0.034587640703820144,0.02632354252126512,0.19408720893413348,0.13534657649212495,1.04,244.163,2.21,2.0,0.0
2017-06-13,63.59261279246888,64.31918072652012,63.5381226225879,64.16478729248047,25258600,56.22665962391312,0.8061984665277677,0.9113305671847791,-0.1051321006570114,8.855630897916193,0.6067286484895125,63.720473566478255,62.15686033709155,1,0.9296241751014371,0.012467550822423012,-0.025786032895650624,0.03835971846205055,0.19800761945345835,0.13715506136895483,1.04,244.163,2.21,2.0,0.0
2017-06-14,64.4009225024631,64.57347701568159,63.05677391170233,63.81966400146485,25510700,53.52238831216178,0.7179684593004438,0.8726581456079121,-0.15468968630746827,8.823207956820386,0.5385970375871175,63.729920274572216,62.22206832392972,1,0.9555106092102552,-0.00537870233158344,-0.02928573285293723,0.012389744898079647,0.18751223872869377,0.1378809969263208,1.04,244.163,2.15,2.0,0.0
2017-06-15,62.911471767169175,63.76518823778371,62.484620460928774,63.483646392822266,26068700,50.95288485305644,0.613855585036319,0.8208976334935936,-0.20704204845727459,8.157832061368307,0.4558814100914502,63.70646561916746,62.27154197369021,1,0.9846722288753761,-0.005265110901161663,-0.02849184351123646,0.03586248741962761,0.15575775626455352,0.13610951995736864,1.04,244.163,2.16,2.0,0.0
2017-06-16,63.32923495404455,63.60169271502777,62.86604775258872,63.57444763183594,48345100,51.628681555667264,0.5325335677417371,0.7632248203432224,-0.23069125260148526,7.50201237452921,0.4493481770350656,63.69389247751684,62.32263631322534,1,1.7496254752469855,0.0014303091295639891,-0.004550395350762515,0.03382050311473783,0.1556395026568425,0.13410066952725927,1.04,244.163,2.16,2.0,0.0
2017-06-19,64.0285546254185,64.42816768009789,63.8923222723173,64.36459350585938,23798300,57.16026605118264,0.5257825576154715,0.7157363677976722,-0.1899538101822007,6.714585027671928,0.5938921486729747,63.757768765930415,62.402713065877656,1,0.8662260367200519,0.012428670691709831,0.015620328475635104,0.04697899122302718,0.15994396193587085,0.1357413099535579,1.04,244.163,2.19,1.0,0.0
2017-06-20,64.31917816444607,64.3645912569148,63.456384840060686,63.492713928222656,21512200,50.3218969025204,0.4449498334302433,0.6615790609241865,-0.2166292274939432,6.242146028564769,0.36615538130165864,63.73252544805349,62.445458197734325,1,0.7755700587025942,-0.01354595019010485,-0.010474177389450667,0.02132955799338676,0.1658254301385595,0.13927230566819712,1.04,244.163,2.16,2.0,0.0
2017-06-21,63.76517383192904,64.13754180126453,63.5199611399526,63.81966400146485,19891100,52.61140281596497,0.40263018547047835,0.6097892858334449,-0.2071591003629666,5.783081515486808,0.42441527184653066,63.74082435790219,62.499348621410036,1,0.711398993009434,0.005149410901096552,0.0,0.023150683892678048,0.16627304740217833,0.13948905275974927,1.04,244.163,2.16,1.0,0.0
2017-06-22,64.06488937077164,64.11029553977048,63.31107628891851,63.81059265136719,22965700,52.53905354107418,0.364161747483152,0.5606637781633864,-0.19650203068023442,5.302513497120623,0.3951000905944072,63.74746895727981,62.55076995591816,1,0.809246090348788,-0.00014214036127568885,0.005150086315487412,0.02166632819931813,0.16633375240193413,0.1394850736622852,1.04,244.163,2.15,2.0,0.0
2017-06-23,63.65619933009729,64.70972234617652,63.50180586607189,64.67339324951172,27617300,58.39885353304292,0.39870006461022456,0.5282710354527541,-0.12957097084252955,5.161511717930152,0.6307934394143925,63.83565222320666,62.6340100850787,1,0.9633732382795862,0.013521275423008294,0.017285964072230042,0.022838286106231065,0.16740508025028797,0.14165390522772286,1.04,244.163,2.15,1.0,0.0
2017-06-26,64.84595896408585,65.12750082030347,63.97408137435343,64.05581665039062,19607000,53.32388601327557,0.371951039470936,0.49700703625639053,-0.12505599678545454,5.07009472691983,0.435616113237484,63.856620263890846,62.68976720528701,1,0.6842138598410225,-0.009549160297472992,-0.004797309182736353,0.008147626040607259,0.17095390320120554,0.14338318528033234,1.04,244.163,2.14,2.0,0.0
2017-06-27,63.674355121429016,63.73792929612344,62.82972284102283,62.85696792602539,25215100,45.125805962224,0.2511204116834378,0.4478297113418,-0.1967092996583622,5.411760094495047,0.1103140780737904,63.76141527933223,62.696324096296365,1,0.8675906708653095,-0.01871568870799689,-0.010012896958790707,-0.01704320700540829,0.18237856827297602,0.14919724502770196,1.04,244.163,2.21,2.0,0.0
2017-06-28,62.85699569079782,63.42916351578182,62.47555047414181,63.39284133911133,25806200,48.90704305312776,0.19633850649286444,0.3975314703720129,-0.20119296387914848,5.422305118386915,0.26549704058490164,63.7263129993112,62.72363849797539,1,0.8950587631386817,0.008525282570368109,-0.006687949067605947,-0.0005723025416403127,0.183131580052062,0.14951949618586435,1.04,244.163,2.22,1.0,0.0
2017-06-29,63.01137495939892,63.111278245346135,61.83978754798176,62.20307159423828,28918700,41.988953230067665,0.05627032754750161,0.32927924180711066,-0.27300891425960905,6.042579086147989,0.0011942323427198242,63.58124238930425,62.70322410959354,1,0.9904476754172131,-0.018768203471248968,-0.025192072198916726,-0.02296676376384743,0.1943126059098255,0.1550333712020284,1.04,244.163,2.27,2.0,0.0
2017-06-30,62.46645163907691,63.01137423768688,62.43012254196067,62.602684020996094,24161100,44.81263157746451,-0.022233041600493664,0.2589767851255898,-0.28120982672608347,6.205457051796603,0.14627430568885874,63.488046354227286,62.69928136102109,1,0.8428150065170424,0.006424319836881187,-0.03201794624455179,-0.039437180305876174,0.1741268863455558,0.15529360325475422,1.04,244.163,2.31,2.0,0.0
2017-07-03,62.965975857334755,63.211188631889534,61.77622029897119,61.912452697753906,16165500,41.09211394143071,-0.13854635043262675,0.1794721580139465,-0.31801850844657326,6.381274243460022,0.03135959993714719,63.337989815515535,62.66842533501062,1,0.5812924898542157,-0.011025586746579275,-0.0334608793505039,-0.05686205551585943,0.17337778000911164,0.15718738765512966,1.15,244.243,2.35,2.0,0.0
2017-07-05,61.99418157482439,63.065865590178205,61.95785248102489,62.73891067504883,21176300,46.788734612739844,-0.16216786371709446,0.11114415366773832,-0.2733120173848328,5.8341966869191175,0.2507186584486502,63.28093465928061,62.67118946599251,1,0.7758921387440809,0.013348816615771142,-0.0018781887652535856,-0.047435117614617606,0.18152952897632657,0.1592428292918828,1.15,244.243,2.33,2.0,0.0
2017-07-06,62.00324637455633,62.46643356745418,61.867020961114115,62.27571105957031,21117600,44.20837344708323,-0.21577707719789174,0.04575990749461231,-0.2615369846925041,5.317082065969816,0.13990335204081694,63.18519907835582,62.655680508877914,1,0.7754236214562656,-0.007382971914791758,-0.017622341197250924,-0.052769672669140455,0.1823614490626633,0.16003006542675868,1.15,244.243,2.37,2.0,0.0
2017-07-07,62.39377987036977,63.42913466119557,62.39377987036977,63.08401870727539,16878300,49.44767628145455,-0.1908392175474205,-0.0015599175137942492,-0.18927930003362625,4.620270084261898,0.39950778241676227,63.17556285253864,62.67247808528566,1,0.6286583087909661,0.01297950089934563,0.01416243748835555,-0.034607458762212495,0.189986593296533,0.1618791998088334,1.15,244.243,2.39,2.0,0.0
2017-07-10,63.08400708507173,63.80149087443563,62.84787151322771,63.556278228759766,15014500,52.26802372380156,-0.13145307830060915,-0.027538549671157233,-0.10391452862945191,4.575891634193397,0.5667142909039803,63.2118214597978,62.70713691444151,1,0.5972477160928317,0.007486199059000498,0.015232481205499804,-0.004834892122384193,0.17514270375894456,0.16207073946921485,1.15,244.243,2.38,2.0,0.0
2017-07-11,63.57447554860188,64.19205644537959,63.34742385021402,63.565391540527344,17460000,52.32330115528887,-0.08270044771494867,-0.03857092927991552,-0.04412951843503315,4.5836996981361,0.5664449207556972,63.24549480081966,62.74079395860174,1,0.7390663889876569,0.00014338963862514653,0.026698002917810548,0.003009579019491948,0.1729067949160351,0.1616739383320703,1.15,244.243,2.37,2.0,0.0
2017-07-12,64.20111472883207,64.73695319637072,64.07396638300713,64.61888885498047,17750900,58.33082168830943,0.04047818478250065,-0.022761106467432287,0.06323929124993294,4.7767931255629374,0.9041279754814138,63.376294234549256,62.81444473885189,1,0.7635119165263561,0.016573441756925877,0.029965107135328406,0.007077114748780922,0.17724895653198158,0.16404356664642228,1.15,244.243,2.33,1.0,0.0
2017-07-13,64.93674081434993,65.42717297506478,64.76417942565496,65.18195343017578,20269800,61.14859028009954,0.18144120274016018,0.018079355374086205,0.16336184736607398,5.344948942729437,1.006696093490307,63.548261776989875,62.90728821694302,1,0.8817952083288925,0.008713622056531367,0.0466673494554799,0.021345919788604117,0.17823265486255183,0.16458887013574144,1.15,244.243,2.35,1.0,0.0
2017-07-14,65.60883372492306,66.54428528425449,65.35453702091826,66.0992660522461,25868100,65.26909431653743,0.36299054332523895,0.08706159296431676,0.2759289503609222,6.44355464506901,1.1113857025983973,63.79121456510951,63.03246381832746,1,1.1258287657103165,0.014073107260477391,0.04779732500813161,0.0412014716867235,0.1822151131549806,0.1658369618587771,1.15,244.243,2.33,1.0,0.0
2017-07-17,66.11744152922198,66.70777026059034,66.04478334013882,66.61695098876953,21803900,67.37221409763606,0.542390214864426,0.17812731734433862,0.36426289752008734,7.642007873712366,1.0893160606928782,64.06033231974381,63.17303194265852,1,1.0071141271914672,0.007831931690652105,0.048156890952509857,0.0478573305827672,0.1833420846027777,0.16594268488876984,1.15,244.243,2.31,1.0,0.0
2017-07-18,66.38082658039862,66.65329137106933,65.99030433834072,66.5715560913086,26435300,66.98914376304823,0.6731431826277117,0.27713049040101323,0.39601269222669844,8.522477733555352,0.9989018640660294,64.29949648846426,63.306307399468324,1,1.2136455644248643,-0.0006814316294450062,0.04729247280518378,0.03428845682445436,0.17970068130098849,0.16422994538102897,1.15,244.243,2.27,1.0,0.0
2017-07-19,66.75316904965594,67.2436013272228,66.70775595894861,67.08012390136719,22416200,69.10831390293973,0.8084833310209518,0.38340105852500095,0.4250822724959509,9.538711763429637,0.9983957206169122,64.56431814683596,63.454300203464356,1,1.0269973835074377,0.007639415989631582,0.038088476759640555,0.056501128258590994,0.17130050304652547,0.16166142140533682,1.15,244.243,2.27,1.0,0.0
2017-07-20,67.37074489043184,67.47973214296445,66.55335781909805,67.40707397460938,42361000,70.42287926662102,0.9313870618894526,0.4929982591978913,0.43838880269156133,10.544654439506875,0.971385204105745,64.8350567971001,63.609310939587694,1,1.8457610262119328,0.004874023096959723,0.03413706443789222,0.05621167126580584,0.1712525927109036,0.16157309003687398,1.15,244.243,2.27,1.0,0.0
2017-07-21,66.70776957960936,67.47066669906197,66.45347284948058,67.01656341552734,46717100,66.7682239620167,0.9859132216814146,0.591581251694596,0.39433196998681863,11.156960789175194,0.867716434210055,65.0428193321884,63.74292868374219,1,1.935417585429113,-0.00579331717067455,0.013877572597496002,0.05024198382980338,0.1736799962150799,0.16217703411703843,1.15,244.243,2.24,1.0,0.0
2017-07-24,66.78041996552062,66.98022649558163,66.41713599532473,66.843994140625,21394800,65.15897851800835,1.003631459170876,0.673991293189852,0.32964016598102397,11.625768871323986,0.8147982837545804,65.21435979013475,63.86453909381603,1,0.8979274239545522,-0.0025750242344172447,0.003408188884143737,0.033562502012830064,0.1695032691540144,0.16205307059829419,1.15,244.243,2.26,1.0,0.0
2017-07-25,67.0256370839296,67.48881737277064,66.75317238420475,67.37983703613281,22018700,67.75757501272784,1.0488211758293886,0.7489572697177593,0.2998639061116293,12.210923650562092,0.8457658299505498,65.42059571832505,64.00239391508336,1,0.9194588736047317,0.008016320724050674,0.012141535999482977,0.05189256119993457,0.16547259989049934,0.16259956999723338,1.15,244.243,2.33,1.0,0.0
2017-07-26,67.51606696008743,67.55239605107815,67.03471863032522,67.25269317626953,16252200,66.49036302921033,1.0621313162897934,0.8115920790321662,0.25053923725762717,12.370270081214823,0.7969221359897098,65.59508119051023,64.12985663120831,1,0.6916032853730599,-0.001886971911123747,0.002572584319553206,0.0699321872384513,0.1461558069168062,0.16067745191146537,1.15,244.243,2.29,1.0,0.0
2017-07-27,66.98929646103156,67.58870899652717,65.68147721403903,66.44437408447266,36844200,58.942991665817125,0.9959741333585725,0.8484684898974475,0.14750564346112505,12.328279326563782,0.6773646298654202,65.67596622803046,64.2206220215324,1,1.531906294943165,-0.012019133414899352,-0.014281882202739515,0.048136866575163806,0.15462608455047708,0.1628756803559125,1.15,244.243,2.32,1.0,0.0
2017-07-28,65.99937213442038,66.58062380563976,65.88130777057054,66.33541107177734,18306700,57.987444920050585,0.9240992439141564,0.8635946407007894,0.060504603213367036,11.735130503612076,0.6445124843176567,65.7387704988635,64.30355492546359,1,0.7783259022618886,-0.001639913298856377,-0.010163940211714628,0.06643304537266337,0.13381392749245627,0.1627376157776376,1.15,244.243,2.3,1.0,0.0
2017-07-31,66.57155616889052,66.6987045569337,65.76325273244423,66.02662658691406,23600100,55.25379481984321,0.832623582520867,0.857400429064805,-0.02477684654393797,11.143751950409415,0.5859244993435195,65.76618536439213,64.37112636316753,1,1.0045776194676102,-0.004654896681489884,-0.012227987932489137,0.0546932231335262,0.13606637223608106,0.16284197876461395,1.15,244.243,2.3,2.0,0.0
2017-08-01,66.38989741381332,66.68052323262715,65.83589086403288,65.91763305664062,22132300,54.28107596950797,0.7427713886151821,0.8344746209748805,-0.09170323235969835,9.990823019070612,0.5483625301355544,65.78060895413009,64.4317736844802,1,0.930284268354707,-0.001650751157640351,-0.021700912970568198,0.06469103038833457,0.12725807066911674,0.16289082745023528,1.16,245.183,2.26,2.0,0.0
2017-08-02,65.8904025789178,65.89947965750217,64.8822925306421,65.62702178955078,26499200,51.66919529956762,0.6407270742076747,0.7957251116214393,-0.1549980374137646,9.13512042859996,0.4803448703159739,65.76598160512253,64.47864615918886,1,1.1015151694649115,-0.0044087030072837985,-0.02417258417380941,0.046033810332804403,0.12403183815286654,0.1632210832044386,1.16,245.183,2.27,2.0,0.0
2017-08-03,65.56345923494375,65.79051096308353,65.25466528155785,65.52713012695312,18214400,50.7649826004659,0.5455075263112832,0.7456815945594082,-0.200174068248125,7.745045872963477,0.4254572527062129,65.74323384529687,64.51976317753255,1,0.7617299932648556,-0.001522111774597712,-0.01380468956413694,0.05221006732902089,0.1196325710232827,0.1632903985279608,1.16,245.183,2.24,2.0,0.0
2017-08-04,65.75413383978524,66.33538528505326,65.60881751393634,66.00843048095703,22579000,54.86360056517911,0.5030830366684285,0.6971618829812123,-0.19407884631278383,6.6585598959144505,0.489670990306628,65.76849066774069,64.57814228747077,1,0.933135291599096,0.007345054683020935,-0.0049292012446641165,0.04635741085633116,0.11477105159540046,0.16371441383603397,1.16,245.183,2.27,2.0,0.0
2017-08-07,66.11743436762492,66.2082536296085,65.62700203803486,65.754150390625,18705700,52.382576053019065,0.4438268847375042,0.6464948833324707,-0.20266799859496654,5.701967833491303,0.39142787029157566,65.76712492706301,64.62426025230035,1,0.7672093736721479,-0.0038522365776503253,-0.004126762343830914,0.034581511427626,0.11501077955848305,0.16169839641402592,1.16,245.183,2.26,2.0,0.0
2017-08-08,65.47261150303757,66.41714721345673,65.16382458010817,66.10836029052734,22044600,55.40767697603598,0.42059932883239526,0.6013157724324557,-0.18071644360006045,4.417461650009827,0.43766452526143046,65.79962353310724,64.68246025379945,1,0.8957319801013461,0.005386882771628798,0.0028934175127743877,0.04000555472672085,0.11556862161256638,0.16187439525229513,1.16,245.183,2.29,2.0,0.0
2017-08-09,65.61791199045605,65.85404759312043,65.43627348321569,65.81771850585938,22213400,52.46254111662588,0.37442284689525707,0.555937187325016,-0.1815143404297589,3.8307786971372724,0.29025313667215674,65.80134686384554,64.72698018525278,1,0.8944812591369798,-0.004396445221008127,0.0029057652032438153,0.01855230989145218,0.10404934025771966,0.16227129023944764,1.16,245.183,2.24,1.0,0.0
2017-08-10,65.30003010421555,65.5634107455549,64.80051390011272,64.85501098632812,24734500,44.100700666461506,0.2571805834560337,0.49618586655121955,-0.23900528309518587,4.0319110257091495,-0.053172122055665745,65.71121963741531,64.73200100098123,1,0.9871265874262234,-0.014626874668187462,-0.010257112425385184,-0.005015842984789964,0.11364381500897275,0.1605853188311469,1.16,245.183,2.2,2.0,0.0
2017-08-11,65.03668255063802,66.02662453087176,64.7369726756973,65.84498596191406,21443700,52.487150728716365,0.24136563911640962,0.44522182106425756,-0.20385618194784794,4.073307702101385,0.3235061784906996,65.72395928736758,64.77564747003741,1,0.8634171973175873,0.015264433087439189,-0.002476115821146818,-0.003846942719924362,0.1156519035742393,0.15186246058996114,1.16,245.183,2.19,1.0,0.0
2017-08-14,66.3535668092839,66.95298644453676,66.25366353674177,66.83491516113281,20096600,59.09568997546983,0.3051931186841159,0.41721608058822923,-0.11202296190411332,4.111251891362279,0.6841641267134808,65.82976460867856,64.85640306576664,1,0.8119679270931458,0.015034238139124856,0.016436449472578163,0.0032719025582546024,0.12459657122914651,0.15439144211362235,1.16,245.183,2.22,1.0,0.0
2017-08-15,67.19098690837609,67.19098690837609,66.68881627292723,66.85316467285156,19181400,59.20833127914611,0.35317822049184144,0.4044085085689517,-0.051230288077110275,4.156518882785976,0.683631598465254,65.92723128145694,64.93470744251508,1,0.786516531428227,0.00027305356301798867,0.01126641742513379,0.0042301637227275535,0.12455677693138752,0.15436935415148564,1.16,245.183,2.27,1.0,0.0
2017-08-16,66.96273979083148,67.65665617793367,66.80752375973766,67.24578857421875,18150400,61.654853511020086,0.41806898788054525,0.4071406044312704,0.010928383449274826,4.214403712991994,0.8185246316488706,66.05280816648188,65.0253380751309,1,0.7508076692382469,0.0058729291767787295,0.021697349904832075,0.002469653650239989,0.12332391974441535,0.153314338127472,1.16,245.183,2.23,1.0,0.0
2017-08-17,67.1818783468911,67.44666233360775,66.10448455810547,66.10448455810547,22977500,51.9088153608376,0.3731008187329792,0.4003326472916122,-0.027231828558633042,3.96750203067118,0.4294956812408143,66.05772972758889,65.06765754505147,1,0.9901822103331887,-0.01697212628942002,0.01926564428523103,-0.019324224294241854,0.13613640166657295,0.1578221434760459,1.16,245.183,2.19,1.0,0.0
2017-08-18,65.98575923401285,66.50619460654914,65.67532727698232,66.18663024902344,18761500,52.49092598706714,0.34017041860529673,0.38830020155434913,-0.0481297829490524,3.841223165206071,0.47571949849475115,66.07000596772552,65.11153882756018,1,0.8603215079918441,0.0012426644193217484,0.005188615080075953,-0.012384000673953066,0.1351124407845279,0.1578215773131529,1.16,245.183,2.19,1.0,0.0
2017-08-21,66.16842557747327,66.17755798530594,65.46537646006671,65.87625122070312,17734800,50.026950688189245,0.2857340809913467,0.36778697744174865,-0.08205289645040198,3.7810610132614304,0.37064664132527514,66.05155313467577,65.14152754885991,1,0.8201236141615927,-0.004689452041183095,-0.014343759367666409,-0.014477634563337949,0.13572834191330896,0.15645188278447006,1.16,245.183,2.18,1.0,0.0
2017-08-22,66.05882941153551,66.87143921246296,66.05882941153551,66.79840087890625,14343700,56.55241581109791,0.31339009598247003,0.35690760114989295,-0.04351750516742292,3.519815853173289,0.7693928513149235,66.12268149126915,65.20650297356761,1,0.6752901668699312,0.013998210904771602,-0.0008191653186996328,-0.008629230683873002,0.142235296557556,0.15856439744324538,1.16,245.183,2.22,1.0,0.0
2017-08-23,66.61578113294426,66.7892619609359,66.22317139368805,66.39665222167969,13766500,53.287735961486874,0.29943819095763047,0.3454137191114405,-0.04597552815381001,3.207895053031891,0.6265697492441805,66.14877394178444,65.25317549310142,1,0.6519306457364403,-0.006014345432533097,-0.012627353631252003,-0.01272872377536105,0.14355210720100525,0.15874553576153283,1.16,245.183,2.17,2.0,0.0
2017-08-24,66.4149031444365,66.52447107164812,65.80316455763051,66.36925506591797,17098300,53.062770892131475,0.28290928210581967,0.3329128317103163,-0.050003549604496655,3.1960359143835366,0.6158600611876115,66.16977214408287,65.29694331948639,1,0.8494270640956441,-0.00041262857154678034,0.004005333519842669,-0.0011305549881346355,0.13703346973718394,0.15771216865402427,1.16,245.183,2.19,2.0,0.0
2017-08-25,66.52446056388109,66.97185067219371,66.17750596481957,66.4879379272461,12794300,53.969342701735506,0.2762028235716656,0.3215708300825862,-0.0453680065109206,3.2203204308126057,0.6671205538412169,66.20007364724127,65.34364899037892,1,0.6444324063223814,0.0017882204826655812,0.004552394903457158,0.0022993278100547077,0.13704791610519648,0.15760702594893083,1.16,245.183,2.17,2.0,0.0
2017-08-28,66.7070667656268,66.73445700160154,66.24141882209486,66.4970703125,14569700,54.0428987331428,0.26852937455721815,0.3109625389775126,-0.042433164420294434,3.250559619867593,0.658815396230825,66.22835904393257,65.38888119908955,1,0.7509351448234274,0.00013735401545922343,0.009424019738417888,0.007125060750554413,0.1358812761048986,0.15035120008318645,1.16,245.183,2.16,2.0,0.0
2017-08-29,65.96750580429273,66.79838015532563,65.78489957807808,66.69794464111328,11478400,55.71904899798495,0.27548141223235234,0.30386631362848054,-0.028384901396128204,3.3063396975268997,0.7299988519392503,66.2730814817593,65.44021702034539,1,0.6083082750996588,0.003020799678381092,-0.0015038718962011588,0.011837676025201915,0.1359771003802511,0.14977473418196166,1.16,245.183,2.13,2.0,0.0
2017-08-30,66.66143293661932,67.75708440558014,66.49708451967697,67.57447814941406,16897800,62.19798946231833,0.3477116770305173,0.31263538630888793,0.03507629072162938,3.6653201246571503,1.0278351844063287,66.39702402153596,65.52391353521082,1,0.9188925522491056,0.01314183687394288,0.017739236668167235,0.029674611261627515,0.1414796491260464,0.15193684912571803,1.16,245.183,2.15,2.0,0.0
2017-08-31,67.59272023253487,68.44185236113755,67.382723783493,68.26837158203125,27652800,66.3903616098724,0.4556931363600114,0.3412469363191126,0.11444620004089878,4.326585998554695,1.1399799894898195,66.57524759872598,65.63153934096849,1,1.4661185935381733,0.010268572567929013,0.028614401566313674,0.04183368705095436,0.1443027788463438,0.15317541613248764,1.16,245.183,2.12,2.0,0.0
2017-09-01,68.21359305763647,68.24098329386,67.23663515844004,67.51055145263672,21736200,58.729786213301985,0.4746480228190535,0.36792715361910083,0.10672086919995266,4.50210438954627,0.8361446164458601,66.66432415624129,65.70522609044568,1,1.155008026424232,-0.011100603571361556,0.015380436771999406,0.022756501870061063,0.15014549004676095,0.15447170832288776,1.15,246.435,2.16,2.0,0.0
2017-09-05,66.96274052487995,67.46491823802121,66.63405061789464,67.20926666259766,21556000,55.96495714618619,0.46005550875601386,0.38635282464648346,0.0737026841095304,4.462728537728445,0.712848847896936,66.71622344256095,65.76420807366732,1,1.1368235969476213,-0.004462780758803797,0.010710191392654167,0.02212964905375947,0.15043095347957902,0.14694985314792097,1.15,246.435,2.07,2.0,0.0
2017-09-06,67.32797976392395,67.60189622694286,66.97189254159039,67.01754760742188,16535800,54.215879341402115,0.42808600178369716,0.3946994600739262,0.033386541709770956,4.446200472108855,0.6334249418182362,66.7449209820715,65.81335864361849,1,0.884922080052274,-0.0028525687705870384,0.004791796329381759,0.013752985445394605,0.15016284584011735,0.14607668862941395,1.15,246.435,2.1,2.0,0.0
2017-09-07,67.27317197635516,68.11317190552239,67.2001266870409,67.87577819824219,17471200,60.210777383034824,0.46662303346018064,0.4090841747511771,0.05753885870900355,4.581168126122812,0.8763922683674142,66.85262166932586,65.89423784183903,1,0.946997014210213,0.012806057837981388,0.004458784693267104,0.031269082841265616,0.1547061195786515,0.14619025323606488,1.15,246.435,2.05,2.0,0.0
2017-09-08,67.86667605418074,67.9671116199629,67.41927872806578,67.54711151123047,14703800,57.12591042833029,0.46527979796405816,0.42032329939375335,0.044956498570304815,3.899170528418503,0.763631676319066,66.91876355903106,65.95905641710928,1,0.8192663944656421,-0.004842179283039538,-0.010565069212675082,0.041509522301520496,0.14456331402831377,0.14609465996353677,1.15,246.435,2.06,2.0,0.0
2017-09-11,67.8484027263993,68.42362579749354,67.8484027263993,68.25927734375,17910400,61.70439042214153,0.5157360212041056,0.4394058437558238,0.07633017744828174,4.0354492128656,0.9730853158704487,67.04643153852811,66.04926115933048,1,1.0078524640485784,0.010543246285240837,0.011090501780874451,0.0366662904785553,0.13982374266274908,0.1467968885669877,1.15,246.435,2.14,2.0,0.0
2017-09-12,68.25927118974352,68.69752904955875,67.90318406639997,68.18622589111328,14394900,60.984971852618315,0.5435624503561485,0.46023716507588874,0.08332528528025973,4.317261029464347,0.8931803983097455,67.15498338163147,66.13306369783177,1,0.8232351220449543,-0.0010702054794520244,0.014536079279366731,0.020218634627164223,0.13117436942384292,0.1468702492529087,1.15,246.435,2.17,2.0,0.0
2017-09-13,68.41449153212321,68.68840793624042,68.06753679076046,68.6701431274414,13380800,63.980861528927164,0.5977724242381441,0.48774421690833986,0.11002820732980428,4.785114473020751,0.9766072776281584,67.29928430980384,66.23255700879686,1,0.7781462152835528,0.007096994004344603,0.024659146432814527,0.02717864537125947,0.1328829876860054,0.14554542986864893,1.15,246.435,2.2,2.0,0.0
2017-09-14,68.47837499705365,68.92576509655986,68.04011033204107,68.26837158203125,15733900,59.87032709708143,0.6013822528680777,0.5104718241002875,0.09091042876779021,5.001001051130138,0.8209009758900988,67.39157833573026,66.3123928744139,1,0.9214628594051566,-0.005850745711488137,0.005783998271702062,0.015206647575912946,0.13411041118562234,0.14303889231480604,1.15,246.435,2.2,2.0,0.0
2017-09-15,68.32318621829477,68.83448939270832,67.62926979160257,68.76144409179688,38578400,63.01109590253253,0.6366905267575333,0.5357155646317366,0.10097496212579671,5.154264322539046,0.9145555499548197,67.52204174106994,66.408434098625,1,2.16065451840833,0.007222561463519739,0.01797756489357072,0.04019333259237423,0.11792964836557993,0.1433425336351907,1.15,246.435,2.2,2.0,1.0
2017-09-18,68.68837881411493,69.36403016756596,68.51489803399323,68.62446594238281,23307000,61.56944283491709,0.6461709399454918,0.5578066396944877,0.08836430025100406,5.162973030520865,0.8387665320581211,67.62703452214735,66.49533730818412,1,1.2889446464997274,-0.0019920778457066524,0.00535002145999508,0.03683275133039943,0.11875129241306481,0.14346915841109853,1.15,246.435,2.23,2.0,1.0
2017-09-19,68.67013872010467,69.12666138701083,68.48753243973545,68.88014221191406,16093300,63.25916968101251,0.6666306704691038,0.579571445849411,0.08705922461969284,5.004710466773317,0.8798832498062751,67.74637811164895,66.5888590691147,1,0.8940642749842224,0.0037257305542590657,0.010176781479428021,0.04559899714309945,0.11636725270252549,0.14130062898579526,1.15,246.435,2.24,2.0,1.0
2017-09-20,68.79795943891446,68.98057267180754,67.84839152581812,68.42361450195312,21587900,58.32770300721055,0.6386452782560212,0.5913862123307331,0.04725906592528817,4.984685989138887,0.7215334339240607,67.81087681548745,66.66081026255935,1,1.1756597868357952,-0.006627856669581211,-0.0035900409444430403,0.024330127692623993,0.11180416746396177,0.1404794574693978,1.15,246.435,2.28,2.0,1.0
2017-09-21,68.57882983227638,68.69752320797029,67.6657845749871,67.75708770751953,19186100,51.95903193173081,0.5562711636812026,0.584363202600827,-0.028092038919624418,4.668286593774659,0.5040421941443438,67.80575404330003,66.70380153491074,1,1.0296645530728505,-0.009741180720795883,-0.007489322839601686,0.020489519280245228,0.11575335494783948,0.13611674833328316,1.15,246.435,2.27,2.0,1.0
2017-09-22,67.55622815680978,68.03101567251653,67.42840235626959,67.93971252441406,14111400,53.458513259180265,0.49996212866766143,0.5674829878141939,-0.0675208591465325,4.2785609347923845,0.5402797315532936,67.81851199388231,66.75226863253832,1,0.763438443129614,0.0026952872839347553,-0.01195046989248505,0.02366242406873953,0.11577033598205676,0.13531620976781958,1.15,246.435,2.26,2.0,1.0
2017-09-25,67.64753187770886,67.79362248869677,66.57927040729882,66.88970947265625,24149200,44.80034333040107,0.36638686202202564,0.5272637626557602,-0.1608769006337346,4.0862452882330675,0.15615877511076004,67.7300546109084,66.75765846940568,1,1.267558098337423,-0.015454923383440788,-0.02527897952871594,0.006042773440346316,0.1300642352086613,0.1333393113755258,1.15,246.435,2.22,2.0,0.0
2017-09-26,67.26405447284121,67.39188027446376,66.6431833081101,66.88970947265625,18019600,44.80034333040107,0.25755852647890265,0.47332271542038873,-0.21576418894148608,3.886676893301465,0.13116508815885172,67.65002174059867,66.76283694012139,1,0.9373372010188177,0.0,-0.028897047470287207,0.005904608403213274,0.13006744417346972,0.132919249674799,1.15,246.435,2.24,2.0,1.0
2017-09-27,67.15449630357763,67.72058002999304,66.80753457088788,67.42840576171875,19565100,49.65224640151563,0.21233194446601544,0.4211245612295141,-0.20879261676349864,3.607943090253416,0.30787301185527977,67.62891545689583,66.78893767822325,1,0.9967659402768819,0.008053500206675501,-0.014544813913710541,0.010951778567329429,0.13264440680332953,0.13119125580395968,1.15,246.435,2.31,2.0,1.0
2017-09-28,67.14534107312824,67.5379507657191,66.93533762388964,67.44664764404297,10883800,49.813116865203966,0.17593346832262569,0.37208634264813645,-0.19615287432551076,3.631896873897759,0.31911225544091393,67.61155661757651,66.81473022590245,1,0.5631140093998928,0.00027053705509039183,-0.004581661844980878,-0.001891698003030795,0.12414065552844392,0.12886518354374135,1.15,246.435,2.31,2.0,1.0
2017-09-29,67.51057036348111,68.05839613934896,67.45578290970646,68.01274108886719,17079100,54.65514584493107,0.19056965533789594,0.3357830051860884,-0.14521334984819245,3.601379952233448,0.5543412792048337,67.64976466246134,66.86171104405793,1,0.9085016672256445,0.008393203585326248,0.0010749024648415428,-0.003744493785923897,0.12225469788710669,0.12841313419024392,1.15,246.435,2.33,2.0,1.0
2017-10-02,68.21359467651358,68.48751097721097,67.83924982927343,68.1222915649414,15304800,55.54892506678015,0.20860408877928194,0.31034722190472713,-0.1017431331254452,3.576462137353907,0.5872066451742978,67.6947672246023,66.91114557428865,1,0.8282882675668545,0.0016107346111970955,0.018427080966602505,0.009061400020319299,0.11525310416927788,0.12618719403166703,1.15,246.626,2.34,2.0,1.0
2017-10-03,68.17709460493536,68.36883329249564,67.73883673793564,67.80274963378906,12190400,52.31011002234302,0.19486585165390125,0.28725094785456196,-0.09238509620066071,3.452144426111101,0.44141312565991075,67.70505126357247,66.9461104393671,1,0.6768930241494069,-0.0046907102478741525,0.013649934621199789,0.008830374153177445,0.11538563795253456,0.12610525942631587,1.15,246.626,2.33,2.0,1.0
2017-10-04,67.64750279845642,68.22272562447381,67.30054819547917,68.1953353881836,13317700,55.7256111131213,0.21319896420932594,0.2724405511255148,-0.05924158691618886,3.227475804093025,0.5894388181043366,67.7517449897259,66.99509965304618,1,0.7461548460257591,0.005790115541256524,0.011373984269701598,0.01757431930605713,0.11617953149908541,0.1264544112486885,1.15,246.626,2.33,2.0,1.0
2017-10-05,68.67927540519541,69.50101765004824,68.44188165313048,69.36405944824219,21195300,63.993136417969446,0.31836444505702843,0.28162532991181755,0.03673911514521089,3.6596561972343573,1.0180510697109444,67.90529874767984,67.08800003717151,1,1.1752546279674483,0.017137888587334338,0.028428570895303373,0.021926544188609176,0.12275659584911598,0.12674541231815903,1.15,246.626,2.35,2.0,1.0
2017-10-06,69.09012713442912,69.41882395667734,68.97143376872133,69.39143371582031,13959800,64.16194038616459,0.3993146699717869,0.3051631979238114,0.09415147204797547,3.946865073567127,0.9556021260573078,68.04683541131226,67.17833076966754,1,0.7756545442978156,0.0003946462735293643,0.02027109339927491,0.027304234975069175,0.12078701772754057,0.1257864678501277,1.15,246.626,2.37,2.0,1.0
2017-10-09,69.36404529564129,69.8936131860505,69.26360976587465,69.65621948242188,11386500,65.83061380240508,0.4793091276256689,0.3399923838641829,0.139316743761486,4.379551786663197,0.9754012621122148,68.20011008475127,67.27550287605007,1,0.6443517012095918,0.0038158278684072844,0.022517268316174732,0.0204652348081118,0.11632717220012645,0.12301726609074717,1.15,246.626,2.37,2.0,1.0
2017-10-10,69.6927421265172,69.96665150825908,69.51926130855989,69.65621948242188,13944500,65.83061380240508,0.5365206357291328,0.3792980342371729,0.15722260149195988,4.733949892431585,0.9166088476901474,68.3387871702437,67.36886431159407,1,0.7901135095839757,0.0,0.027336204779948137,0.0215585123255837,0.11613471668485814,0.12217683367062582,1.15,246.626,2.35,2.0,1.0
2017-10-11,69.7201523624662,69.81145551589745,69.34580037761879,69.77493286132812,15388900,66.63831228942317,0.5847002847174849,0.4203784843332353,0.1643218003842496,5.071950384011378,0.9068372664164098,68.47556295034698,67.4632199409954,1,0.8670225337741811,0.0017042753653349063,0.02316283751891679,0.016088356359420963,0.11399641864702492,0.12215575531803693,1.15,246.626,2.35,2.0,1.0
2017-10-12,69.83885458416667,70.56929383582036,69.7292935726081,70.41407775878906,16876500,70.65957816611466,0.666770539594495,0.46965689538548727,0.19711364420900768,5.6925640217506785,0.9983668581252996,68.66018340829385,67.57893985541868,1,0.9477843893708198,0.009160093335111918,0.015137786324780578,0.03143045786846588,0.11478279589396492,0.12255417702478845,1.15,246.626,2.33,2.0,1.0
2017-10-13,70.84314940894232,71.098807828618,70.56924012254503,70.75184631347656,15335700,72.54310077784899,0.7504165722556024,0.5258088307595103,0.22460774149609208,6.377944469429425,0.9986426719999867,68.85938939926363,67.70336755965624,1,0.9213879007193527,0.004796889562972861,0.01960490690000105,0.02894648662443,0.11352100193079477,0.12254343259424623,1.15,246.626,2.28,2.0,1.0
2017-10-16,70.68796100671932,71.04404809403691,70.62404811837982,70.89796447753906,12380100,73.34041149391288,0.8190556072599691,0.5844581860596021,0.23459742120036697,7.02013113341558,0.9590066351563489,69.05353940671844,67.82864587016145,1,0.769056115484211,0.002065220509088972,0.017826764133108686,0.03312956252461152,0.112810748908574,0.12178746879837352,1.15,246.626,2.3,2.0,1.0
2017-10-17,70.733639676129,70.87059790144465,70.5327685411307,70.84320068359375,16824000,72.49077557915875,0.8591300402135147,0.6393925568903847,0.21973748332313003,7.525244655298113,0.8980429584448469,69.22398333784942,67.94686370598232,1,1.0427461461034615,-0.0007724311177179644,0.017040563068046133,0.028499628610524796,0.11283414159783454,0.12162087814177226,1.15,246.626,2.3,2.0,1.0
2017-10-18,70.91623068721684,71.08057912891307,70.64232126171193,70.8614501953125,13300700,72.60467156965544,0.882192533744842,0.6879525522612762,0.1942399814835658,7.936663626216224,0.8577899052455702,69.37993256236972,68.06116121536782,1,0.8461026618388342,0.00025760428019427906,0.015571743166614471,0.03562857225687477,0.10888901685787826,0.12074479839812059,1.15,246.626,2.34,2.0,1.0
2017-10-19,70.82492170196748,71.1536185582408,70.6240506269135,71.13536071777344,15092800,74.32303836593695,0.9120583748133413,0.7327737167716892,0.17928465804165206,8.237718262074667,0.8623237539038684,69.54711619621769,68.18171805859942,1,0.9727691287854985,0.0038654377197471224,0.010243448212944095,0.04985859228242773,0.10013063168610264,0.12076452486479877,1.15,246.626,2.33,2.0,1.0
2017-10-20,71.50971723723514,72.10319815526996,71.4184140881491,71.95710754394531,22866400,78.6497365533431,0.990616163780274,0.7843422061734062,0.20627395760686773,8.822572651970127,0.9389107314735663,69.77663918171555,68.32977254822083,1,1.4333564532664453,0.011551875436917047,0.01703504987175397,0.05913176359242911,0.10517104498127544,0.11956183614952778,1.15,246.626,2.39,2.0,1.0
2017-10-23,72.12144066995626,72.44100510682881,71.91144416828955,71.97535705566406,20627200,78.73543390321007,1.0423310174523834,0.8359399684292017,0.20639104902318173,8.819763837767484,0.8989545813039378,69.98604088399637,68.47273664655194,1,1.3074267546727203,0.00025361652714583904,0.015196382379445206,0.07603034342803916,0.08044802624419248,0.11942379958082545,1.15,246.626,2.38,2.0,1.0
2017-10-24,72.03926159347225,72.31317095076655,71.63751951026285,72.00273895263672,17517200,78.8724621209164,1.0731542476667926,0.88338282427672,0.18977142339007258,8.583932135226759,0.8703067845195022,70.17810736672402,68.61116810953565,1,1.1120743151983976,0.00038043433326051534,0.016367671955164864,0.07643970231430908,0.08022929768792673,0.11878233974402555,1.15,246.626,2.42,2.0,1.0
2017-10-25,71.74709941337778,72.22187989155746,71.22666388503467,71.7927474975586,20410800,74.88696510391831,1.0683223689662356,0.9203707332146231,0.1479516357516124,8.318171306102965,0.8074085293293392,70.33188261727969,68.73593592867381,1,1.292304536311321,-0.0029164370429888287,0.013142509780412315,0.06472556612509472,0.08176858880717795,0.11895190667150553,1.15,246.626,2.44,2.0,1.0
2017-10-26,72.31316544553037,72.51403647184266,71.90229795787772,71.91143035888672,32120700,75.63629237400113,1.0618296738057609,0.9486625213328508,0.11316715247291009,7.902359644698448,0.8037146885998889,70.48231573552798,68.8604651220155,1,1.9055995344078696,0.001653131624920201,0.010909758990220064,0.06619725176567903,0.08127210670246234,0.11832757514278287,1.15,246.626,2.46,2.0,1.0
2017-10-27,77.03365674933754,78.70452483745879,76.3397401701596,76.52234649658203,71066700,89.16401419477789,1.4124645512733167,1.041422927320944,0.3710416239523726,10.563220260989086,1.2866608391737233,71.05755676039027,69.16093105827301,1,3.6341336008818055,0.06411937733241735,0.06344389190252908,0.125117812802104,0.22452969826741992,0.17137864304907988,1.15,246.626,2.42,1.0,0.0
2017-10-30,76.42187898845779,76.99710191165822,75.88318567445693,76.5953598022461,31756700,89.26565226630665,1.676906447732236,1.1685196314032025,0.5083868163290335,12.263394915470235,1.133332227024423,71.58496657390035,69.45247728352686,1,1.5583869411662519,0.0009541435803634979,0.06418867422927854,0.12438025854176171,0.22470767371143976,0.1711240786902038,1.15,246.626,2.37,1.0,0.0
2017-10-31,77.02452231173866,77.02452231173866,75.88321538673777,75.94712829589844,27086600,81.91906280935848,1.8132694493206714,1.2974695949866963,0.515799854333975,12.801859206288983,0.9879008355784408,72.00041054742397,69.70716948009046,1,1.2823431051085228,-0.008463064969226108,0.054781101394716814,0.12011870766448496,0.22746266869995507,0.17211935408975185,1.15,246.626,2.38,2.0,0.0
2017-11-01,76.40365106589879,76.47669638093517,75.67321184750436,75.94712829589844,22307400,81.91906280935848,1.8994425195187716,1.4178641798931115,0.4815783396256601,13.100089249863897,0.9330550611321525,72.37628842823106,69.95187374737705,1,1.0340797020242465,0.0,0.057866301864002656,0.1136704272160236,0.22834990825474363,0.17207547716612473,1.16,247.284,2.37,1.0,0.0
2017-11-02,76.10232679747416,77.11580767018945,75.89233027270356,76.74146270751953,23992900,83.81239412776858,2.008676672657799,1.5360266784460492,0.4726499942117499,13.872562047879756,0.9493085810014832,72.79201931197282,70.21813213797087,1,1.1050471614797368,0.010459044725513289,0.06716640629351533,0.10635772066919169,0.2250815467031633,0.17228251195329158,1.16,247.284,2.35,2.0,0.0
2017-11-03,76.76885079752033,77.1888508012529,76.14797971244113,76.8236312866211,17633500,83.9990486724502,2.0779228425650444,1.6444059112698484,0.4335169312951961,14.348764600571965,0.9043929171231035,73.17598235717742,70.47717132027088,1,0.8053374644166755,0.0010707194807417775,0.003937213164947995,0.10710540441112615,0.2249087805704799,0.16850963673922897,1.16,247.284,2.34,2.0,0.0
2017-11-06,76.87842043355602,77.33494313676238,76.76885944301603,77.12494659423828,19860900,84.69593639082495,2.13253205614771,1.7420311402454207,0.3905009159022892,14.734307952193188,0.8850897567442273,73.55207418927846,70.73786838983824,1,0.8898448039405883,0.003922169553441268,0.0069140845262620765,0.10722268833009485,0.22490110570698807,0.1665611985569867,1.16,247.284,2.32,1.0,1.0
2017-11-07,77.39883673732255,77.51753706878803,76.63188213084666,76.94231414794922,17939700,82.35469185211802,2.136445722855811,1.8209140567674988,0.31553166608831207,14.759299127216325,0.8320060321302193,73.87495418534233,70.98117998819554,1,0.7966377240470051,-0.0023680074263118245,0.013103666647847678,0.10460077678154822,0.22576892243981295,0.164874411869968,1.16,247.284,2.32,1.0,1.0
2017-11-08,76.82362260222921,77.25275496096233,76.54058081922737,77.20709991455078,18034200,83.08476056349313,2.1362875374374255,1.8839887529014843,0.25229878453594123,14.652893183397445,0.8228421647454578,74.1923013976479,71.2253337107977,1,0.7961579645706129,0.0034413543384257395,0.016590115346341472,0.10651629100085946,0.2255195749085075,0.16483186318550047,1.16,247.284,2.32,1.0,1.0
2017-11-09,76.79624179694778,76.94232542464674,75.69145780466458,76.7779769897461,21178400,77.48915398595061,2.0775864176814878,1.922708285857485,0.15487813182400267,14.408766823040503,0.7568484464616494,74.43855621594297,71.44308442761921,1,0.9261705813230896,-0.005558075944824048,0.00047580904687372083,0.09037822312687593,0.22802962617731326,0.1654713819967249,1.16,247.284,2.33,1.0,0.0
2017-11-10,76.5040573740322,76.7870991540696,75.99275429629186,76.57710266113281,19397800,74.94470267039648,1.9918951504314037,1.936545658772269,0.05534949165913483,14.043918635478317,0.7153432109718554,74.64222730596104,71.6444184759923,1,0.840833238873355,-0.0026163013990341266,-0.003209020731765544,0.08233363016205386,0.22934307937943757,0.1608414133100842,1.16,247.284,2.4,1.0,0.0
2017-11-13,76.38537779168168,76.64102937668737,76.20276454097528,76.63189697265625,14196900,75.1840779847626,1.9064295140415481,1.9305224298261248,-0.02409291578457662,13.566826000251897,0.6991510466523214,74.8317196551701,71.84000586801834,1,0.6129770094222617,0.0007155443287780727,-0.006392868239844751,0.0808758408985597,0.2295404357717785,0.1608619413390681,1.16,247.284,2.4,1.0,1.0
2017-11-14,76.2392849900541,76.78711079439081,75.76450448389109,76.74146270751953,18801300,75.68433130864662,1.8264838516848272,1.9097147141978654,-0.08323086251303824,12.895061046769088,0.6895133895378711,75.01359994587006,72.03221986172427,1,0.8083298652074169,0.001429766705401736,-0.0026104159025355234,0.08325798336341594,0.22908005288010705,0.160188536532756,1.16,247.284,2.38,1.0,1.0
2017-11-15,76.59463371443829,76.79651358349363,75.87888290667222,76.1449966430664,19383100,67.68509910677568,1.6954523919710738,1.8668622497525071,-0.17140985778143336,11.919910664782323,0.6082512606773999,75.12135201226971,72.19350522569847,1,0.8225879281398906,-0.007772409378309697,-0.01375654923782732,0.07456164717474856,0.23258582906880343,0.1597912579338159,1.16,247.284,2.33,2.0,0.0
2017-11-16,76.2551239942287,76.54876559296514,76.10830669534447,76.34688568115234,20962800,68.88387902521261,1.5895761300828752,1.8114050258185808,-0.22182889573570552,10.871275583962063,0.6111268232983927,75.23806950454424,72.35638289061824,1,0.8786832912353827,0.002651376281915141,-0.005614778162901124,0.07326208668647105,0.23260738996164795,0.15887274179721,1.16,247.284,2.37,2.0,0.0
2017-11-17,76.27348068810495,76.27348068810495,75.46596103920315,75.61278533935547,22079000,60.1466196939984,1.4299491041287382,1.7351138414806124,-0.3051647373518742,9.989745858771474,0.49926469130553,75.27375672690722,72.48408494743146,1,0.9270000575202717,-0.009615327923953587,-0.012592763218590486,0.05080356785016105,0.2351194681267269,0.16067462334310142,1.16,247.284,2.35,2.0,0.0
2017-11-20,75.612773818485,75.78711889714153,75.47512780830685,75.73206329345703,16315000,61.011943508309,1.2981045290886897,1.6477119790022279,-0.3496074499135382,8.936514314092356,0.4890600475977554,75.31740497134054,72.6114566472756,1,0.6912526353609513,0.0015774839343138947,-0.01174228636830299,0.05219433972224152,0.23500036462297424,0.16067736370685376,1.16,247.284,2.37,2.0,0.0
2017-11-21,75.92475456800149,76.93414683690546,75.92475456800149,76.82403564453125,21237500,67.88640342249647,1.2671231888542565,1.5715942209726337,-0.3044710321183772,7.692197030055062,0.632792298352795,75.46089360688251,72.77665582363858,1,0.8927785095864129,0.014418890805112383,0.0010759885738225172,0.06695990683168285,0.23847918666298193,0.16252813908069272,1.16,247.284,2.36,2.0,0.0
2017-11-22,76.92496970488958,76.9892035625311,76.20004073952644,76.26427459716797,20553100,61.86462088601993,1.1837566058170381,1.4940266979415147,-0.31027009212447654,5.711473147867154,0.4984982683155914,75.53740608214778,72.9134251873064,1,0.8637494689057167,-0.007286274961567085,0.0015664581963366064,0.0622838274821762,0.24048547266305628,0.1637365490815593,1.16,247.284,2.32,2.0,0.0
2017-11-24,76.17253170102624,76.55793494178097,75.96147354482221,76.40193939208984,7425600,62.73998786756873,1.1159326100885778,1.4184078803709275,-0.30247527028234966,2.2567483706850036,0.4458946407303041,75.61974258785655,73.05022966592536,1,0.3291422978836198,0.00180510200416939,0.000721099628967492,0.062444996724337676,0.24047461857702174,0.16217637181819844,1.16,247.284,2.34,2.0,0.0
2017-11-27,76.44782241261295,77.06264039110204,76.43865114498497,76.96170043945312,18265200,66.14308212264532,1.0947302740785858,1.353672359112459,-0.2589420850338733,2.3179687201774555,0.7505519946381501,75.74754809753242,73.20362067665194,1,0.9169102195841645,0.007326529297778883,0.017839775297836535,0.005741511636613517,0.09858830194975753,0.16165816364481136,1.16,247.284,2.32,2.0,0.0
2017-11-28,77.14520261035865,78.05365492463915,77.09931828095465,77.88848114013672,21926000,70.88455630348847,1.1395744225688418,1.3108527718037357,-0.17127834923489393,2.793950367344123,1.1106176749482553,75.95144648254235,73.38734069482781,1,1.1285282269738628,0.012042102700325685,0.028474304711911813,0.016882502298170676,0.10697601778505712,0.16056241935367754,1.16,247.284,2.34,2.0,0.0
2017-11-29,77.73251392890556,77.92521558083865,76.3285397498443,76.47535705566406,27381100,57.63155333237518,1.0489942766409541,1.2584810727711795,-0.20948679613022536,2.6921897054345187,0.4355036576630257,76.00134272760157,73.50843937564493,1,1.4082341874460298,-0.018142914893027218,-0.004538665353126525,0.006955217025554683,0.12282566343250483,0.16551366842852014,1.16,247.284,2.37,2.0,0.0
2017-11-30,76.63135155369315,77.55815363896176,76.47534899393396,77.23698425292969,33054600,61.779264787002084,1.0268291606486457,1.2121506903466728,-0.18532152969802707,2.6580441925774445,0.7767981951640641,76.11902287287091,73.65465682181296,1,1.6543073820888217,0.009959119206351064,0.012754460209575491,0.01698360406736943,0.12740655038205562,0.16593074860073972,1.16,247.284,2.42,2.0,0.0
2017-12-01,76.71393276590223,77.82426518345332,76.3652355854955,77.31957244873047,29532100,62.21126952899095,1.0043498043578865,1.1705905131489156,-0.16624070879102915,2.756711882249032,0.7921790433615191,76.23336092771468,73.7983790032607,1,1.4578073037221546,0.0010692830202991832,0.012010598997119537,0.007533212435815173,0.12232114290592681,0.1645361833113399,1.3,247.805,2.37,2.0,1.0
2017-12-04,77.46637204077666,77.47555030686573,74.05278515608589,74.4014892578125,39094900,43.501811930708584,0.7425106261724324,1.084974535753619,-0.34246390958118655,3.7975106306262747,-0.24933282096025128,76.05889695915258,73.82203038579215,1,1.832777333978405,-0.037740550012131946,-0.03326604229144836,-0.031528606344730425,0.18421153132090315,0.18394577099973727,1.3,247.805,2.37,2.0,0.0
2017-12-05,74.64007627736471,75.86970503115339,74.30973567289345,74.8694839477539,26152300,46.29154550038911,0.5662372210803284,0.9812270728189608,-0.41498985173863245,4.209096592225272,0.003384260160942214,75.94561952949556,73.86310699606516,1,1.2082078840296357,0.006290125300042471,-0.03876050923307961,-0.029244268503038073,0.18533364549163947,0.18327827164379282,1.3,247.805,2.36,2.0,0.0
2017-12-06,74.832789667653,76.291819184184,74.72267145847508,75.96147155761719,26162100,52.21993116267876,0.5087885538196986,0.8867393690191084,-0.3779508151994099,4.209079238212103,0.3578028408056955,75.94712924645953,73.94539580240053,1,1.1861320735469802,0.014585216196031148,-0.006719622082612009,-0.012747765663065569,0.19372633056816654,0.1850937414748703,1.3,247.805,2.33,2.0,0.0
2017-12-07,75.74122734601494,75.97981325214832,75.2457060029528,75.69534301757812,23184500,50.74969976119453,0.4367511269449267,0.7967417206042722,-0.3599905936593455,4.17854822405252,0.29689216941031915,75.92314960561367,74.01402118338788,1,1.0390037001160473,-0.003503467410280514,-0.019959883859565486,-0.019580542445523763,0.19335603877614688,0.1850767443331846,1.3,247.805,2.37,2.0,0.0
2017-12-08,76.74146350183275,77.61321698761087,76.46617845445618,77.22781372070312,24489100,58.07044171915785,0.4975827018428163,0.736909916851981,-0.23932721500916476,4.272025621791102,0.7642429066569061,76.04740333086029,74.1400522632826,1,1.0893873138876409,0.02024524418588247,-0.0011867464488140023,0.005858929195504903,0.20625069654944148,0.18818888585748325,1.3,247.805,2.38,2.0,0.0
2017-12-11,77.34710343018043,78.33814640590761,77.19110786945512,78.20967864990234,22857900,61.970825693650355,0.6178977169628439,0.7131074768741537,-0.09520975991130975,4.756251805325672,0.9846749837488837,76.2533343136262,74.29964545491475,1,1.009058300101467,0.012713877059244094,0.05118431673986912,0.021319375270620666,0.2104585297915934,0.1891507746962163,1.3,247.805,2.39,2.0,0.0
2017-12-12,78.2830890105632,78.96214091007685,78.07203782633802,78.53085327148438,23924100,63.17745813442115,0.7307408158074367,0.7166341446608103,0.014106671146626337,5.310414236578655,0.9892150318143822,76.47024088104126,74.4655751732116,1,1.033926824614564,0.004106584084301534,0.04890335996285855,0.024780233477786906,0.21072855309507846,0.18899325558893898,1.3,247.805,2.4,2.0,0.0
2017-12-13,78.67766151772302,78.91624748200924,78.15461225049724,78.31978607177734,22062700,61.78993557114401,0.7939858509277542,0.7321044859141991,0.06188136501355512,5.676602865855086,0.8905144327665616,76.64638804206375,74.61672069864555,1,0.9468102386326404,-0.0026876977762786414,0.031046193100292552,0.020566761546795043,0.2111824338145759,0.18923650571974063,1.3,247.805,2.36,2.0,0.0
2017-12-14,78.3932019572983,78.79696176214024,77.56733281147054,77.71415710449219,19306000,57.86303682768936,0.7861762502736127,0.7429188387860819,0.04325741148753082,5.771167526843344,0.7291780186951843,76.74808033372359,74.73818879299247,1,0.8286448613374034,-0.007732770959436919,0.02667025481931229,0.020607532084889302,0.21116034995884247,0.1894709123582568,1.3,247.805,2.35,2.0,0.0
2017-12-15,78.23719851745918,79.91645744372941,77.88849435713438,79.69622802734375,53936700,65.5741034364454,0.9292122635467166,0.7801775237382089,0.14903473980850768,6.662647051639661,1.0523996238691744,77.02885630454456,74.9326217041435,1,2.1620537159314908,0.025504631288563395,0.0319627629958259,0.043870058566360726,0.22795096538188955,0.19359240120051557,1.3,247.805,2.35,2.0,0.0
2017-12-18,79.94399012183077,80.2926872719208,79.12729934851372,79.26493835449219,22283800,62.877714589225825,0.996283328378837,0.8233986846663346,0.17288464371250245,6.993504040489035,0.9110910559883988,77.24181649977767,75.10251647474541,1,0.892880074960287,-0.005411669830893251,0.013492699660787588,0.04830073378127264,0.22552374494974786,0.19430832424310823,1.3,247.805,2.39,2.0,0.0
2017-12-19,79.23741117021831,79.23741117021831,78.24636831365687,78.76024627685547,23524800,59.77995400865211,0.9972178906053131,0.8581625258541303,0.13905536475118274,7.049708413800124,0.7864614307409367,77.38642885949936,75.24595685914188,1,0.9291837471050397,-0.006367154105130446,0.002921055812014073,0.039985481072454254,0.22765176307201784,0.1915361918884765,1.3,247.805,2.46,2.0,0.0
2017-12-20,79.09977353665953,79.19154221903105,77.73250558112765,78.47578430175781,23674900,58.04418381390445,0.9638936676626457,0.8793087542158334,0.0845849134468123,7.16902874005937,0.7151441106890966,77.49017699685731,75.37261675885232,1,0.9306326854910115,-0.0036117456273273563,0.0019918112370416186,0.021500415115775606,0.22360686759269466,0.19189907489178076,1.3,247.805,2.49,1.0,1.0
2017-12-21,78.96214304097292,79.00802038614475,78.36568154599273,78.45744323730469,17990700,57.92739381906253,0.9253372979060259,0.8885144629538719,0.03682283495215399,7.167969565860935,0.6917978121365213,77.58229759118564,75.49359034624261,1,0.7107730472230853,-0.0002337162299977935,0.009564359448859472,0.02875748378544407,0.22149150019507155,0.19166004734034928,1.3,247.805,2.48,2.0,1.0
2017-12-22,78.36568143833081,78.57673262796155,77.92521551928293,78.46662139892578,14145800,57.972965130652845,0.8853163225518728,0.8878748348734722,-0.0025585123215994265,7.154280360559749,0.6749444692000507,77.66651890620851,75.61017979928901,1,0.5515476870716073,0.00011698267547832764,-0.015428667815948427,0.027023947602169196,0.22153342700100265,0.1916680182425779,1.3,247.805,2.48,2.0,1.0
2017-12-26,78.28307884058808,78.48495873038058,78.02614334484022,78.36566925048828,9891200,57.23857726628505,0.835818619791624,0.8774635918571025,-0.04164497206547857,7.182174945203614,0.6433855338873108,77.73310465328278,75.71823820913997,1,0.39206041199400765,-0.0012865616823777293,-0.011345105700860558,0.018242434912670413,0.22056083258029152,0.19143283224235524,1.3,247.805,2.47,1.0,2.0
2017-12-27,78.59506037244934,78.89788014329226,78.20047894403861,78.65011596679688,14678000,58.82143270320095,0.8102042759694257,0.8640117286795672,-0.053807452710141535,7.27432539078203,0.685140882582907,77.82043906409365,75.83321380747945,1,0.5902752573606959,0.0036297363249637726,-0.0013982981931197624,0.009778529706977235,0.21696707637646737,0.19144352545562718,1.3,247.805,2.42,1.0,2.0
2017-12-28,78.82449084845268,78.85201865359991,78.50332145345543,78.65931701660156,10594300,58.874462728089696,0.7816369475920624,0.8475367724620663,-0.0658998248700039,7.227286893577769,0.6682802809325812,77.90033220242773,75.94404138430777,1,0.44093265812142785,0.00011698711046492782,0.0023387178156515365,0.02855769551161247,0.2053426124103158,0.1909345932443578,1.3,247.805,2.43,2.0,2.0
2017-12-29,78.5767164003272,78.96212662526243,78.45742692651798,78.49413299560547,18717400,57.4442118941333,0.7371705211475188,0.8254635221991569,-0.08829300105163806,7.249015604531821,0.6271935313298977,77.95688465892086,76.04404497690768,1,0.8029715791372563,-0.002099993074707651,0.00046763897454327186,0.01627651253910911,0.20316152015945613,0.1910357184671622,1.3,247.805,2.4,2.0,2.0
2018-01-02,79.03552750023324,79.20070130173602,78.45742269545676,78.87035369873047,22483800,59.8373457961217,0.723943257132305,0.8051594691857865,-0.0812162120534815,7.320278556193056,0.6782377789722653,78.04388171033129,76.1548806130576,1,0.9793555553135651,0.004792978643971546,0.0051452744186870625,0.020056774771074926,0.20365176840919294,0.18866078777176662,1.41,248.859,2.46,2.0,2.0
2018-01-03,78.97129014557262,79.38422813157698,78.88870674895144,79.2374038696289,26061400,62.07796190891036,0.7346103059996807,0.7910496365485654,-0.056439330548884725,6.212065880793636,0.7352027603756879,78.15755048740725,76.27576387802118,1,1.1683543608635765,0.004653842079883397,0.011123935104212723,0.06499755125948115,0.14057677442648756,0.1886937560144089,1.41,248.859,2.44,2.0,2.0
2018-01-04,79.45764254699763,80.43951416134298,79.43929301259287,79.934814453125,21912000,65.9633920706307,0.7902299457501556,0.7908856983888835,-0.0006557526387278578,5.2444042475843915,0.8857915154231208,78.32681372223752,76.41925605743702,1,0.9917597761570305,0.008801532476298224,0.01633434954972568,0.06765547507854897,0.141585754234464,0.18914551382827158,1.41,248.859,2.46,2.0,2.0
2018-01-05,80.43952195338234,81.1277450761828,80.22846378196444,80.92586517333984,23407100,70.57686900385671,0.903859294224219,0.8134804175559506,0.09037887666826838,5.190756625478475,1.0706221722755964,78.57434243186631,76.59598582668812,1,1.066076221368709,0.012398236325374956,0.028814744936825676,0.0653541000974045,0.13951245954700411,0.19019005123386268,1.41,248.859,2.47,2.0,2.0
2018-01-08,80.93504121814318,81.283745434897,80.38446408759849,81.00845336914062,22113000,70.93048077320479,0.9891729783720535,0.8486189297191712,0.14055404865288235,4.646044701824936,1.0854122295717024,78.80616252113053,76.7690237695294,1,1.0095999426555633,0.0010205414007484759,0.03203195293176786,0.07019071636056506,0.13755078551213654,0.1902074123389747,1.41,248.859,2.49,2.0,2.0
2018-01-09,81.34794289496621,81.42135501309494,80.62301398061612,80.95336151123047,19484300,70.3233371734851,1.040346765282834,0.8869644968319038,0.15338226845093017,4.770957011624414,1.0047422989071761,79.01065766304481,76.93311544567455,1,0.8998639648687138,-0.0006800754195258607,0.026410529619997458,0.04824101073223308,0.12319896305505426,0.18980813313074466,1.41,248.859,2.55,2.0,2.0
2018-01-10,80.62306319817135,80.92588311958961,80.21013203330588,80.58635711669922,18652200,66.2547461089828,1.0393076806459618,0.9174331335947155,0.12187454705124634,4.944308094708316,0.8621970146862766,79.16072427767857,77.07637982493041,1,0.8698823488810156,-0.0045335287834876725,0.017024197931696294,0.03038854663290258,0.11921651437397696,0.19025395456867622,1.41,248.859,2.55,2.0,2.0
2018-01-11,80.87079799264367,80.87079799264367,80.0541071598178,80.82492065429688,17808900,67.56825312202726,1.0456803303753333,0.9430825729508391,0.10259775742449417,5.197549853307017,0.8741084960063954,79.31921917068983,77.22338142608204,1,0.8425681701515628,0.0029603464672336433,0.011135400854578092,0.02921230684813536,0.11895460477284656,0.1902606277283529,1.41,248.859,2.54,2.0,2.0
2018-01-12,81.36633710269683,82.38490804789953,81.16445716747197,82.21973419189453,24271500,73.9521793514038,1.150023738941755,0.9844708061490223,0.16555293279273264,5.971897621230913,1.0775872186999207,79.59545869651885,77.41931682866293,1,1.1423554223700505,0.017257221241992138,0.015988324817822752,0.04979518351266976,0.13007969394230937,0.19258907485292712,1.41,248.859,2.55,2.0,2.0
2018-01-16,82.67855481091492,83.31172246505042,80.76070930921347,81.07270050048828,36599700,62.974146799717154,1.1271673259520725,1.0130101101096323,0.11415721584244021,5.838077471750359,0.8067819938026535,79.73614839213498,77.56258677657765,1,1.6552280875514296,-0.013950831910124695,0.0007930916919853814,0.04321662257084369,0.13826878574955456,0.19550466111042586,1.41,248.859,2.54,2.0,2.0
2018-01-17,81.74255406228086,82.84370823156674,81.43973421538863,82.71524047851562,25621200,69.87141004086484,1.227443498341799,1.0558967877560657,0.17154671058573334,6.723997391748152,1.0438513136104448,80.01987144798075,77.76465162763404,1,1.237990316875888,0.020260087154953643,0.021764123618767117,0.037881497354379734,0.12771807144932423,0.19886593609806866,1.41,248.859,2.57,2.0,2.0
2018-01-18,82.40326562405784,83.20160010397889,82.27479784565746,82.67855072021484,24159700,69.55970555880896,1.2890926726477403,1.1025359647344006,0.18655670791333967,7.37036975303218,0.9599135041656716,80.27307899771733,77.95735355283328,1,1.1621053704990405,-0.0004435670873774722,0.025962131536556132,0.04306585530232976,0.12514708446920972,0.19806834051247837,1.41,248.859,2.62,2.0,2.0
2018-01-19,82.71524449268408,83.14653211355778,82.27478560398126,82.58677673339844,36875000,68.73371931272227,1.3153817912023982,1.1451051300280002,0.170276661174398,7.737931961263153,0.8913796301696524,80.49343116302029,78.13889955991426,1,1.7185449761279539,-0.001110009621805963,0.02179842633730944,0.04858454153497793,0.12175157386964648,0.19814869408515415,1.41,248.859,2.64,2.0,2.0
2018-01-22,82.58676198038127,84.0733262163761,82.3481760410562,84.06414794921875,23601600,74.07136205388258,1.4388415475576437,1.203852413533929,0.23498913402371469,8.536955424965257,1.0279663693666365,80.83349942837252,78.37126224184777,1,1.100131261000567,0.017888713838408732,0.02243273802150103,0.07121131310994433,0.1310489654814425,0.2006088008516655,1.41,248.859,2.66,1.0,2.0
2018-01-23,84.33027648925781,84.69733022933848,83.99992882328199,84.33027648925781,23412800,74.90253173927381,1.5404018493483989,1.2711623006968231,0.26923954865157573,9.165460074447974,0.9862551404742795,81.1665258151235,78.60494907507955,1,1.0777118692244188,0.003165779307009897,0.040180923648274414,0.07485374248291499,0.13033903440536354,0.20028329155004507,1.41,248.859,2.63,1.0,2.0
2018-01-24,84.92672469250311,85.7342371939278,84.03662178698536,84.25685119628906,33277500,74.19584249377536,1.5965601610063516,1.3362418727587289,0.2603182882476227,9.499863677708657,0.9203088893042891,81.46084251809165,78.82659229551913,1,1.467188804085158,-0.0008706872077919314,0.01863756556657603,0.0737922659869048,0.1307367326829735,0.20040545043915667,1.41,248.859,2.65,2.0,2.0
2018-01-25,84.85331362669292,85.55988619923644,84.35779219878054,84.72484588623047,26383200,75.76529997341834,1.6596973301809044,1.400932964243164,0.2587643659377403,9.75444075994005,0.9266492417877183,81.77169998172393,79.05789635789998,1,1.1224156833248744,0.005554381433637179,0.02475001252671105,0.0811474807343977,0.1296206756090688,0.1576244892030205,1.41,248.859,2.63,2.0,2.0
2018-01-26,85.44977925470117,86.31234741210938,84.95425780207921,86.31234741210938,29172200,80.1710304485217,1.8168881419384206,1.4841239997822155,0.3327641421562051,10.568683737074283,1.031377871432428,82.20414259414159,79.34238463453565,1,1.2039484219023675,0.018737142679617458,0.04511098296931482,0.09742174377145485,0.1396565099628466,0.16135714649158608,1.41,248.859,2.66,2.0,2.0
2018-01-29,87.30340209958543,87.5878654344753,86.00036791922578,86.18389129638672,31569900,78.9207801581088,1.9090908468538856,1.5691173691965496,0.339973477657336,10.945187795765797,0.9545835285503124,82.58316628006969,79.61067901343178,1,1.248847867932634,-0.0014882704453550444,0.02521578340921815,0.09566030529094283,0.14046185112549836,0.1600449399025469,1.41,248.859,2.7,1.0,2.0
2018-01-30,85.6149675528964,85.94531524385171,84.51380624938925,85.10108947753906,38635100,69.13379814691498,1.8731960592088797,1.6299331071990157,0.24326295200986392,10.56310628098179,0.8068402595376364,82.82296848935249,79.8259892277105,1,1.4704070640250533,-0.012563853900770083,0.009140406273652424,0.08417134159954975,0.1516400400695377,0.16282934090724,1.41,248.859,2.73,1.0,2.0
2018-01-31,86.0278655578817,87.54195739189355,85.80763618232389,87.18408203125,48756300,75.4427888676017,1.9898910468575792,1.7019246951307285,0.2879663517268507,10.863724898232446,0.9821073918620371,83.23831263619988,80.11454188667282,1,1.7672542375093019,0.024476684922590808,0.03474175444963534,0.1054100551428534,0.1676849135930684,0.1682614361159152,1.41,248.859,2.72,1.0,2.0
2018-02-01,86.98221565265072,88.15678183875245,85.87188333607122,86.4958724975586,47227900,70.32805595908181,2.00374201686499,1.762288159477581,0.2414538573874092,10.691629201310016,0.8695768552421087,83.54855643251976,80.36479014592325,1,1.6486127457080666,-0.007893752135220367,0.020903273329128114,0.09160406920792363,0.1738709465376248,0.1695078376208545,1.42,249.529,2.78,1.0,2.0
2018-02-02,85.92693987478319,86.22975969195994,83.9632106983099,84.22014617919922,47867800,56.65089312905874,1.8102198281769972,1.7718744932174644,0.03834533495953285,10.076238879657947,0.5949187466745548,83.61251736077494,80.51598057860075,1,1.5985322348470998,-0.026310230218483666,-0.02423988334972138,0.053610329308854565,0.20476139707088237,0.1793139374685305,1.42,249.529,2.84,1.0,2.0
2018-02-05,83.10061182884965,85.55986173019284,80.75148010253906,80.75148010253906,51031500,42.94261191227427,1.361267887013497,1.689753171976671,-0.32848528496317386,10.128480705775823,0.1849064320361072,83.34003762189533,80.5252158540493,1,1.6290427795511502,-0.04118570477519368,-0.06303279083982849,-0.0021548743461345943,0.25530309032525605,0.2001743734116065,1.42,249.529,2.77,2.0,2.0
2018-02-06,79.73294483140248,83.94487411751392,78.22803078172014,83.8072280883789,67998600,53.59567359223148,1.2377752609038026,1.5993575897620973,-0.36158232885829467,9.76436700845593,0.5311005698090927,83.38453195203662,80.65392221617988,1,2.0225431951992165,0.0378413867084495,-0.015203816979354245,0.03454916867113589,0.28757910179666785,0.21353951814799405,1.42,249.529,2.79,1.0,1.0
2018-02-07,83.03640197942907,84.2109681821036,81.85265750927424,82.22888946533203,41107600,48.55315673178368,1.001008723385027,1.4796878164866833,-0.47867909310165624,9.453912246777682,0.32436890745122327,83.27447076282667,80.71568563771525,1,1.184605511402818,-0.018832965354520947,-0.05683597797292683,0.015756330932899187,0.2968045192952469,0.2171508035967102,1.42,249.529,2.84,1.0,2.0
2018-02-08,82.32065120341022,82.47664674586684,77.77838193139192,78.0077896118164,55628700,38.201531795692155,0.4673744538418987,1.2772251439577265,-0.8098506901158278,10.716450532816415,-0.11255855702452694,82.77288208177806,80.60949363669961,1,1.5219751063841138,-0.051333538382459354,-0.09813280842946315,-0.031997568783866503,0.35229626769888334,0.24350992592135726,1.42,249.529,2.85,2.0,1.0
2018-02-09,79.1915659688413,81.60493321828403,76.92501605348245,80.91670989990234,63499100,46.643928923572524,0.2760093430916868,1.0769819837845185,-0.8009726406928317,10.690077489051259,0.21136245681218652,82.59610377874228,80.6215413332958,1,1.6351063072351648,0.037290125801043184,-0.039223825048557814,0.0011356552516528229,0.37745912312947494,0.25462468050732734,1.42,249.529,2.83,2.0,2.0
2018-02-12,81.43055381455956,82.38489067006692,80.68727511980471,81.7884292602539,35720300,48.89694596464629,0.1924728737502761,0.90008016177767,-0.7076072880273939,10.761075904490212,0.3126408551301503,82.5191823960291,80.6673016441569,1,0.9064389997940736,0.01077304504137544,0.012841240264551468,-0.005245759255728011,0.37429662039323136,0.25541604077546526,1.42,249.529,2.86,1.0,2.0
2018-02-13,81.6049169155497,82.5867817069154,80.56799651002255,82.4307861328125,26407700,50.55385047022377,0.1760727936014348,0.755278688142423,-0.5792058945409883,10.495361067937775,0.3735723940103488,82.51076370429418,80.73645789861398,1,0.678901585017206,0.007853884447573733,-0.016423905037342146,0.01675145423725022,0.37165467053798773,0.2551071061904207,1.42,249.529,2.83,1.0,2.0
2018-02-14,81.60101326629272,83.8874233824261,81.50882055793865,83.72147369384766,34960900,53.79548794776467,0.264178031475069,0.6570585568089523,-0.3928805253338833,10.450963598722183,0.5150974979479941,82.62606941758499,80.85351734156433,1,0.8881288729208197,0.01565783394271647,0.018151579550942376,0.012165027986509758,0.36888874152870094,0.256755343133597,1.42,249.529,2.91,1.0,2.0
2018-02-15,84.09028176546354,85.48241537336409,83.54633966709925,85.4271011352539,27823900,57.738470962271236,0.46625722420647264,0.6188982902884564,-0.1526410660819838,10.55174686421243,0.6924341151117446,82.89283434307727,81.03287356876784,1,0.7035497225135708,0.020372639970999362,0.0951098801844994,0.03324381464232706,0.3753114897439508,0.258470342323478,1.42,249.529,2.9,0.0,2.0
2018-02-16,85.23348197294779,86.20152328325355,84.63422567346362,84.81861114501953,30596900,55.905526905050635,0.5707273933738435,0.6092641109055339,-0.03853671753169041,10.518372805552314,0.6111315419622215,83.07624165754797,81.18133386587576,1,0.7798572538214646,-0.007122915118833006,0.04822120486539827,0.0270241133011615,0.37650738291533536,0.2591538797816297,1.42,249.529,2.87,1.0,2.0
2018-02-20,84.33917868254451,85.79584033975138,83.905865220812,85.48238372802734,30911700,57.490846906939495,0.6990237445754133,0.6272160376395098,0.07180770693590344,10.64646884923435,0.6760661606651002,83.30539804521267,81.35000248792092,1,0.7806087352662207,0.007825789340890399,0.04516475620309479,0.016870875556429965,0.3723977712448554,0.2581609730273129,1.42,249.529,2.88,1.0,2.0
2018-02-21,85.72209371916226,86.07242883418127,84.34839630126953,84.34839630126953,26922500,53.92396899293316,0.7011142108230359,0.6419956722762151,0.05911853854682081,10.647184178686894,0.5490229818269862,83.40473121245618,81.46758655903263,1,0.676870488760958,-0.013265744090217857,0.02326327648225246,0.00021486721929608876,0.3756309012894296,0.25936396315164895,1.42,249.529,2.94,1.0,2.0
2018-02-22,84.8646695733602,85.49158971779603,84.22852804969477,84.56964874267578,24392800,54.51689993150238,0.7124119023733897,0.6560789182956501,0.05633298407773957,10.661707608804834,0.5719258105603914,83.51567573914376,81.5892360564304,1,0.6201969808340705,0.002623078222091957,0.010130913986652113,0.0037124286268188644,0.37572656822477335,0.25937102705806225,1.42,249.529,2.92,1.0,2.0
2018-02-23,86.2936889880762,86.72700244774025,85.15048394805056,86.71778106689453,26329200,59.91092245235713,0.8845056990827374,0.7017642744530677,0.1827414246296697,11.01297211173475,0.7909178118666527,83.8206381513105,81.79035546860545,1,0.6694767065627238,0.025400747858785433,0.015108553544350478,0.023522440906416087,0.3856930177392079,0.26354015178096213,1.42,249.529,2.88,0.0,2.0
2018-02-26,87.03125691473474,87.99929102369545,86.89296431806788,87.97163391113281,30199800,62.692129853683426,1.109279633377355,0.7832673462379252,0.32601228713942976,11.514583553214072,0.8988701257050729,84.2159710808174,82.03275854478301,1,0.766893155585622,0.014459005163785843,0.03717371368793532,0.019224207761387335,0.38345760433780873,0.2639709864877996,1.42,249.529,2.86,1.0,2.0
2018-02-27,88.26664540556393,88.35883811554189,86.84685516357422,86.84685516357422,25869100,58.75434046298642,1.1830172643342536,0.8632173298571909,0.3197999344770627,11.664570836674827,0.775608337240333,84.46653146965139,82.22154664748071,1,0.6617090900812572,-0.012785698043244476,0.0159620190270795,0.007692433669623577,0.3865333854017609,0.2624112424388103,1.42,249.529,2.9,1.0,2.0
2018-02-28,87.43692415735424,88.23901575485456,86.32137584161444,86.45044708251953,31167300,57.38627285592934,1.195684937229629,0.9297108513316786,0.26597408589795035,11.862388239969656,0.7243575570556297,84.65547581373407,82.38738588022733,1,0.8049202267091381,-0.004564449458855591,0.02492105212933793,0.01585593807628749,0.3839795164181328,0.26225357390156173,1.42,249.529,2.87,1.0,2.0
2018-03-01,86.65325395213509,87.1879815518945,84.67107890740857,85.60224151611328,37135600,54.46400206517727,1.1243205908989466,0.9686327992451323,0.1556877916538143,11.533878234905739,0.6517030125329403,84.74564397586542,82.51345865026207,1,0.973666847186067,-0.009811465354211624,0.012209968810198424,-0.018143684928284554,0.3753873054548198,0.26335173428188063,1.51,249.577,2.81,1.0,2.0
2018-03-02,84.43138909490987,85.87883670860542,83.76759020870608,85.7866439819336,32830400,55.000502882473086,1.0703057516922172,0.9889673897345493,0.08133836195766786,11.396804316865582,0.6765327999941154,84.8447868335862,82.64181885934723,1,0.8773473700075922,0.0021541780046214765,-0.01073755662916065,-0.008199564847964469,0.37459499286104925,0.24969258481067763,1.51,249.577,2.86,1.0,2.0
2018-03-05,85.1320250829249,86.91137142152613,85.05827515166757,86.33055114746094,23901600,56.62384234947463,1.0591778224789579,1.0030094762834312,0.056168346195526686,11.616088276230919,0.7178045099294402,84.98628819681237,82.78647502750854,1,0.6598685431077893,0.0063402313026943435,-0.018654680954654834,0.025058196453035197,0.362023891115505,0.2496959250630067,1.51,249.577,2.88,1.0,2.0
2018-03-06,86.97592220003699,87.11421477530912,85.68521025443725,86.0355453491211,22175800,55.45532438839323,1.0148557308063744,1.00537872718802,0.009477003618354463,11.088951264437725,0.6677397719937496,85.0862174494132,82.91388954992472,1,0.63762086145437,-0.0034171657011194956,-0.009341844479285322,0.06543614110691554,0.3248044116108011,0.24868215600641247,1.51,249.577,2.88,2.0,2.0
2018-03-07,85.88803789109012,86.60715083739522,85.21501778035308,86.53339385986328,26716100,57.065573491420224,1.0082795489476695,1.0059588915399498,0.002320657407719695,11.245232295487874,0.7031447481306418,85.22404377421798,83.05583089541251,1,0.8166352589114729,0.005786544488350476,0.0009594719303716026,0.03252900535750336,0.2993765748175813,0.24851909471513473,1.51,249.577,2.89,1.0,2.0
2018-03-08,86.91140782196537,87.67662082929051,86.45043714774843,87.05892181396484,25887800,58.760286630768356,1.0335593623605206,1.011478985704064,0.02208037665645657,11.176007106235403,0.7337755508587677,85.39879406371767,83.2128148530028,1,0.8101619021927241,0.006073123110745371,0.017016847597119966,0.05873887364937813,0.2895466083490212,0.2458760978807159,1.51,249.577,2.86,1.0,2.0
2018-03-09,87.85177730280473,89.00420379638672,87.58441351223134,89.00420379638672,36937300,64.36706681084651,1.1967662191892998,1.0485364324011113,0.14822978678818854,9.188253224427704,0.9603743128796692,85.74216641920997,83.43992814490021,1,1.1907848309874276,0.02234442997788011,0.037506535575989375,0.14096559124788488,0.21002119707248035,0.24837729319264648,1.51,249.577,2.9,1.0,2.0
2018-03-12,88.96731891934594,89.62189627665913,88.54322684420723,89.21623992919922,26073700,64.9268053508992,1.3279110410408919,1.1044113541290674,0.22349968691182442,8.602015221006862,0.9618767555374851,86.07303056301846,83.66645017565703,1,0.8945273126613746,0.0023823159330493837,0.0334260437745757,0.10256880240884447,0.17780954653600828,0.24834483009265662,1.51,249.577,2.87,0.0,2.0
2018-03-13,89.42829832103224,89.64956224430638,86.63481755044127,87.04047393798828,35387800,55.323320259953064,1.2419615655170162,1.1319213964066572,0.11004016911035897,7.500484788455894,0.6503812057281468,86.1651680273013,83.79876483300336,1,1.2147650327078399,-0.024387555370385394,0.011680388434679223,0.0642150084704789,0.2047737846351991,0.25419085305315875,1.51,249.577,2.84,1.0,2.0
2018-03-14,87.69506224348015,87.96242607446733,86.20151474985138,86.5241928100586,32132000,53.30839389514195,1.119284005365543,1.1293939181984345,-0.010109912832891421,6.409396928053362,0.5451846210827509,86.19936086375438,83.90564436151533,1,1.0922709220769464,-0.005931506396639197,-0.00010632946882438432,0.04965871210606676,0.20640023362953613,0.25392769758763806,1.51,249.577,2.81,1.0,2.0
2018-03-15,86.22915178253889,87.19719277156749,85.58379581242153,86.82841491699219,27611000,54.36315892201498,1.034682164713189,1.1104515675013855,-0.07576940278819655,5.810791389815426,0.5793928932638396,86.25927077358655,84.02026281467128,1,0.9504609534247971,0.003516035192624445,-0.0026477113680000164,0.037110445935363945,0.2005993428605348,0.24924030607180436,1.51,249.577,2.82,1.0,2.0
2018-03-16,87.28938655623442,87.93474253433274,86.5887093272615,87.21562957763672,49081300,55.73383401797406,0.9874963403821226,1.085860522077533,-0.09836418169541039,5.754173154817216,0.6399065511335691,86.35035256444847,84.14557131517974,1,1.62990484005488,0.00445953851644898,-0.02009539035753516,0.020936311997185708,0.1889544659544024,0.24890172557805954,1.51,249.577,2.85,1.0,2.0
2018-03-19,86.42277836292885,86.5702923520782,84.9200165262042,85.63912963867188,33344100,49.248414826336266,0.8135131912550975,1.031391055913046,-0.21787786465794845,5.54819680091479,0.3082245391392558,86.28261704770784,84.20414222982649,1,1.1022717261571728,-0.018075887849453576,-0.040094833556828746,0.009673802513100016,0.19915451103277218,0.25169491079357115,1.51,249.577,2.85,1.0,2.0
2018-03-20,85.78664737492531,86.45043925352891,85.740547492839,85.86039733886719,23075200,50.12562834667716,0.6855817862138309,0.9622292019732029,-0.276647415759372,5.481270327808246,0.3485681367563078,86.24240564686588,84.26909341057319,1,0.7728179427513487,0.0025837219636499764,-0.01355779151618397,0.004422122949244711,0.1974675182603204,0.2514880053101151,1.51,249.577,2.89,1.0,2.0
2018-03-21,85.67599437583337,86.70857103247776,85.01219559898006,85.26112365722656,24457100,47.71989730400742,0.529732422632236,0.8757298461050096,-0.3459974234727736,5.149295784403361,0.1943097720263016,86.14895021928118,84.30799655750077,1,0.8224951866891989,-0.006979628562344686,-0.014597872708327575,0.010820921273915207,0.19291131457408417,0.2520693182449686,1.51,249.577,2.89,1.0,2.0
2018-03-22,84.1455818971447,84.58811682940414,82.66126283046661,82.78111267089844,38604700,39.311392873582925,0.20375574943378183,0.7413350267707641,-0.5375792773369823,6.137578544785435,-0.20683764279583677,85.82820378610187,84.24811875802617,1,1.2679792595672743,-0.029087242578440087,-0.0466126469078465,-0.021148675658088756,0.22012369692673503,0.25990181543751384,1.51,249.577,2.83,2.0,2.0
2018-03-23,82.51374323665729,83.39880600720033,80.28264706296417,80.37483978271484,44068900,33.19889355969518,-0.24591447562733038,0.5438851262911453,-0.7897996019184756,8.751524481646417,-0.2744137206446201,85.3088357857793,84.09622546487671,1,1.4064768487238466,-0.029067897380769536,-0.078435365634005,-0.07314464468696114,0.2193801113145953,0.26723939109077127,1.51,249.577,2.82,2.0,2.0
2018-03-26,83.53711084040923,86.66249162458757,83.34350399041685,86.45966339111328,56396800,53.070536641740695,-0.11001872905792709,0.4131043552213308,-0.5231230842792579,8.564365110513759,0.5429901479335842,85.41843841485873,84.18890930512129,1,1.7277012794292625,0.07570557683036294,0.009581294857892608,-0.01718702328010524,0.3459127669296842,0.3058024560997403,1.51,249.577,2.85,1.0,2.0
2018-03-27,87.52911179553234,87.713497247305,81.60102878432338,82.48609161376953,56569000,43.888856827230235,-0.31927401265566857,0.26662868164593095,-0.5859026943015995,9.308050917642351,0.07009034985735191,85.13916729094547,84.12213214075456,1,1.6551447692097254,-0.04595867739351123,-0.03929990810291972,-0.05021210660525677,0.38112633707566895,0.3216315936082527,1.51,249.577,2.78,2.0,1.0
2018-03-28,82.80875799392304,84.10869845732618,81.93291667072955,82.41232299804688,52501100,43.73757088342413,-0.48546668553029804,0.11620960821068517,-0.6016762937409832,9.964366468585109,0.11246239842403455,84.87946783447893,84.05508080182484,1,1.4896310374722315,-0.0008943158086344161,-0.033412656753535885,-0.0467102741599259,0.3810941924301202,0.3215947067930092,1.51,249.577,2.77,2.0,1.0
2018-03-29,83.14065633240378,85.08595279517539,81.49960214876207,84.14556884765625,45867500,48.25112296687636,-0.4718776100583284,-0.0014078354431175447,-0.47046977461521083,10.101390003513966,0.32614577067470324,84.80957269287677,84.05862935264176,1,1.2854895159771487,0.021031391745266692,0.016482699165717873,-0.017016758471013138,0.38860138981118403,0.3241084262187985,1.51,249.577,2.74,2.0,1.0
2018-04-02,83.40802679627886,83.7860190547251,80.67908151471123,81.61023712158203,48515400,42.837550945665384,-0.6581020605855343,-0.1327466804716009,-0.5253553801139335,10.928996182150845,0.08976931903134132,84.50487406703918,83.96261397103157,1,1.3304571672561327,-0.030130305859175865,0.015370448540948267,-0.04868364895159094,0.4023766797322366,0.3304365122026893,1.69,250.227,2.73,2.0,1.0
2018-04-03,82.587517086601,83.02083069513104,81.02943377946659,82.70736694335938,37213800,45.67783314001962,-0.7089843416193702,-0.24799421270115476,-0.46099012891821545,11.250825780097509,0.23391749190392377,84.333682912403,83.91338859739737,1,1.002234801170564,0.013443531846903722,-0.043399387651786636,-0.04196873709184146,0.4051853653361274,0.3310607035614574,1.69,250.227,2.79,2.0,1.0
2018-04-04,80.99254081270955,85.51927591687797,80.88191235972218,85.12284088134766,35560000,51.40301173002721,-0.5480824033121223,-0.3080118508233483,-0.240070552488774,11.226235842654603,0.4904595251820058,84.40884081420725,83.96081809872875,1,0.9407399941216978,0.0292050639170085,0.031965986216492936,-0.010608457981753916,0.4197073374624493,0.3352504857298406,1.69,250.227,2.79,2.0,1.0
2018-04-05,85.22425131167347,85.80507176637856,84.26543156861413,85.16893005371094,29771900,51.50802955561934,-0.41209704868558106,-0.3288288903957949,-0.08326815828978618,11.144923943167461,0.5024284844641035,84.48123026558855,84.00819503813982,1,0.7844450030327127,0.0005414430708148288,0.033448966797470225,-0.015768060690674268,0.4190757657478775,0.3352508397836724,1.69,250.227,2.83,2.0,1.0
2018-04-06,84.34838535769426,85.24266930863641,82.49528889700908,83.1867446899414,38026000,46.821719054317676,-0.4589826027269197,-0.3548596328620199,-0.10412296986489983,11.141947077507728,0.31347400340229825,84.35794592505073,83.97598129899478,1,0.9861583574366314,-0.023273573620327115,-0.011394826499429467,-0.0444776599955814,0.4257793037346151,0.3389476784984653,1.69,250.227,2.77,2.0,1.0
2018-04-09,83.93354420078613,85.8972768108417,83.54633050875059,83.68461608886719,31533900,48.09900864806581,-0.4507694909905524,-0.3740416044877264,-0.07672788650282603,10.335574293292362,0.3855590183127303,84.29381927398563,83.96455521232312,1,0.8235639166394182,0.005984984756663758,0.02541812204509064,-0.059767825345520276,0.41729765997957846,0.3389702585987867,1.69,250.227,2.78,2.0,1.0
2018-04-10,85.17816402078361,85.9986912909501,84.48670798184412,85.62991333007812,26812000,52.86299531906187,-0.28401733587554645,-0.3560367507652904,0.07201941488974395,9.196061922348628,0.6444971569082886,84.42106632694683,84.0298633738037,1,0.6995686402154124,0.02324557764769053,0.035335986318125734,-0.040198136594493894,0.4271631566547418,0.34202757109205056,1.69,250.227,2.8,2.0,1.0
2018-04-11,84.82780673870577,86.00789027913665,84.33917905716982,84.68951416015625,24872100,50.45206435339197,-0.22515199330483426,-0.3298597992731992,0.10470780596836493,8.793179203981703,0.5404394673010099,84.44663278725248,84.05573203209204,1,0.657980052745069,-0.010982133851950904,-0.0050906045510795694,-0.027009960670790534,0.42026156361974226,0.34121600280564224,1.69,250.227,2.79,2.0,1.0
2018-04-12,85.21504972403666,86.8100115502522,85.21504972403666,86.27528381347656,26758900,54.24184490200118,-0.049966444948324806,-0.2738811284082243,0.2239146834598995,8.730108304465825,0.7577035826589488,84.62079002784526,84.14277327842085,1,0.7129616073309107,0.018724509982681825,0.0129901098800691,-0.0028767560666927983,0.425683703521406,0.3418219525202578,1.69,250.227,2.83,2.0,0.0
2018-04-13,86.70857704218815,86.82842687203943,85.22425107269495,85.81429290771484,23346100,52.97336669166511,0.05108240467134806,-0.20888842179230985,0.2599708264636579,8.474190189055827,0.7082309401284336,84.73445696878522,84.20832306780493,1,0.6255856634151321,-0.005343255743537889,0.031586140647370975,-0.011679609840244631,0.4258378777790429,0.3397434223544165,1.69,250.227,2.82,2.0,0.0
2018-04-16,86.72703638300347,87.27098552409899,86.12777300289515,86.81922912597656,20288100,55.420804205474205,0.20983544779970487,-0.12514364787390692,0.3349790956736118,8.332790335055455,0.8576853143082637,84.93300669804154,84.3107115406744,1,0.5654568547230661,0.01171059253896578,0.0374574585343217,-0.00454506209013017,0.4277275737110766,0.3404849730066925,1.69,250.227,2.83,2.0,0.0
2018-04-17,87.58443814754456,89.00422883105159,87.47380264085457,88.57091522216797,26771000,59.388340665064035,0.47155896849046997,-0.005803124601031534,0.4773620930915015,9.333722609240388,1.0223984430608006,85.27947417652977,84.47777835171337,1,0.7530419776388361,0.020176245675363802,0.034345496541064335,0.034234182386788214,0.42789277124947717,0.3427107625429759,1.69,250.227,2.82,2.0,0.0
2018-04-18,88.70921245457698,89.17018320561189,88.06384918281482,88.91204071044922,21043300,60.13247365308032,0.6984514072023558,0.13504778175964594,0.5634036254427098,10.309777768521796,0.9937039760552266,85.62543289404591,84.65167099323243,1,0.5936238324031676,0.0038514391256496694,0.04985890629042644,0.03554191997898681,0.42795142483060455,0.3410214175980513,1.69,250.227,2.87,1.0,0.0
2018-04-19,88.91203043458353,89.49285098157216,87.89788927243008,88.6077880859375,23552500,59.09246541600464,0.84398571355743,0.2768353681192028,0.5671503454382272,11.072537532069765,0.9085457766183062,85.90946672184512,84.80681284000518,1,0.6652562659499798,-0.003421950751333558,0.027035602427037064,0.03925193904510871,0.42716913160747055,0.3411050061656146,1.69,250.227,2.92,2.0,0.0
2018-04-20,88.42338916903215,88.60777460654438,86.70857787152482,87.58441925048828,31154400,55.60866915762652,0.8667539870640866,0.3948190919081796,0.471934895155907,11.179899759335193,0.7705371140407115,86.06898601028733,84.91573858159275,1,0.889334587646104,-0.011549423110039592,0.020627406959782713,0.058024184800290035,0.41422181961731996,0.34204274840864013,1.69,250.227,2.96,2.0,0.0
2018-04-23,88.26664572732015,88.77371618482664,87.24329046497283,87.90708923339844,22331800,56.479877076289036,0.9004548952907498,0.49594625258469366,0.4045086427060562,10.313197057623398,0.7858537239933856,86.24404346010743,85.03304645029101,1,0.6578958222121666,0.003684102556955171,0.012530174690256413,0.09371402134108453,0.39623987498643004,0.3419502549208897,1.69,250.227,2.98,2.0,0.0
2018-04-24,88.72760200006783,88.93965153005193,85.19657323104704,85.85115051269531,34524800,49.77662734491304,0.7525906388847119,0.5472751298446974,0.2053155090400145,10.266178667046901,0.5561251707836388,86.20662508416342,85.06512896254216,1,1.050961502166774,-0.023387632768097744,-0.030707198888602405,-0.007038112971424204,0.31478257980769525,0.3434310704282229,1.69,250.227,3.0,2.0,0.0
2018-04-25,86.01711989082281,86.01711989082281,83.23285342696254,85.1043930053711,33729300,47.56830023297081,0.5685956438070008,0.5515392326371581,0.01705641116984269,9.784241843940965,0.4538721307372408,86.10165060046891,85.06666872892761,1,1.0637240037787743,-0.008698281885154091,-0.04282488259917583,0.03174233789450742,0.2648156293571859,0.34387810491167764,1.69,250.227,3.03,2.0,0.0
2018-04-26,86.24758337848006,87.72268757196524,85.83270570809722,86.90216064453125,42529000,52.97693343148784,0.5613719619690727,0.553505778503541,0.007866183465531695,9.272986824792726,0.6493946696220828,86.17788965228438,85.13864880404932,1,1.3626682909277097,0.021124263691613354,-0.019249182021697897,0.054480173390947684,0.27330188897964736,0.3455660771964327,1.69,250.227,3.0,2.0,0.0
2018-04-27,89.98148590157744,90.25807115561648,86.57952666648622,88.3404312133789,48272800,56.815046519470734,0.6640488154574626,0.5756143858943253,0.0884344295631373,9.45611414512051,0.7973451007307218,86.38384599143623,85.26420889853284,1,1.5407677314859662,0.016550458103462118,0.008631808823535758,0.049852445270378576,0.2698496418094252,0.34363936634133574,1.69,250.227,2.96,2.0,0.0
2018-04-30,88.81059980836658,88.8751354127014,85.87882643428568,86.21994018554688,41523600,50.296840901599964,0.5677701563924558,0.5740455399939515,-0.00627538360149571,8.235839332515942,0.5091588214780715,86.36823591468486,85.30168855684713,1,1.340302603889865,-0.02400363003334416,-0.019192411699266776,0.056484372874659794,0.26038779281876606,0.3469189165612533,1.69,250.227,2.95,2.0,0.0
2018-05-01,85.93414355949561,87.85178305857852,85.54692992040778,87.58441925048828,31408900,53.95733931479224,0.5947151761927785,0.5781794672337169,0.016535708959061535,7.4581457308092,0.6839943894441243,86.48406289904709,85.39120740757815,1,1.0234072280300237,0.01582556264832724,0.020189231331694923,0.05896756827561522,0.2617857486117165,0.34389086103896355,1.7,250.792,2.97,2.0,0.0
2018-05-02,87.57522391925592,87.74117367592305,85.91573338644032,86.21075439453125,27471000,49.96761026124603,0.4994684632968216,0.5624372664463378,-0.06296880314951625,7.333883250362418,0.461761437027434,86.45803351766463,85.42334650510573,1,0.9070506671879184,-0.015683895237443957,0.013000050292237386,0.01278051227989474,0.25084923433501294,0.3340324917065563,1.7,250.792,2.97,2.0,0.0
2018-05-03,85.70367236837644,87.5198980659587,85.23348028122992,86.7270278930664,31142500,51.42146500891761,0.460337232696844,0.5420172596964391,-0.08168002699959509,7.202586069794216,0.5314356065129877,86.48365202960765,85.47447126541792,1,1.0259565271820417,0.005988504591579291,-0.002015286503418645,0.018294204686766236,0.25156165660783336,0.3256663935586059,1.7,250.792,2.94,2.0,0.0
2018-05-04,86.03558046499232,87.92556335279521,85.66680245836548,87.7319564819336,22531300,54.210631740199766,0.5045980963506906,0.5345334270272895,-0.029935330676598815,6.3366422647961285,0.6770946396249623,86.60253816792441,85.56300009743815,1,0.7617107109853274,0.01158725962690954,-0.006887839725115086,0.05463865437857174,0.23670624840602347,0.32383069347686977,1.7,250.792,2.95,2.0,0.0
2018-05-07,87.74114921895001,89.16093962271505,87.67661361122677,88.70919036865234,24242000,56.80770580714049,0.6114809850900826,0.5499229386398481,0.06155804645023455,5.7118643287076685,0.841979742522179,86.80317171085088,85.686380108074,1,0.8297715543960401,0.011138858927875361,0.028870933774119534,0.06004179160539391,0.23834257557323052,0.30438670789457134,1.7,250.792,2.95,2.0,0.0
2018-05-08,88.36804761422083,88.65385412073007,87.6397133457811,88.33116912841797,23484600,55.49645050109259,0.6580971552792931,0.5715577819677371,0.08653937331155603,5.65461348364856,0.7407842179224992,86.94869527442869,85.79009732455809,1,0.8084505781630286,-0.004261353740953044,0.008526058451035823,0.031545702819145705,0.22728900554819947,0.29602918698438285,1.7,250.792,2.97,2.0,0.0
2018-05-09,88.51558020736748,89.40064295156017,87.63051746317478,89.37298583984375,27327400,58.34981186142312,0.7702279988714196,0.6112918253484736,0.15893617352294598,5.435188022260378,0.9198922722583293,87.1795800901825,85.93060275653008,1,0.9367788914345478,0.011794440419000463,0.03668024328891728,0.05530167135958042,0.22491049134066313,0.2961712467124952,1.7,250.792,3.0,2.0,0.0
2018-05-10,89.85238756387139,90.30413677764604,89.47439533344654,90.26726531982422,22388100,60.68025974343662,0.920640806369434,0.6731616215526657,0.24747918481676834,6.00062470856064,1.0116469936570087,87.47364535014837,86.10066795509063,1,0.7732533189422558,0.010006149750697801,0.04082046292561636,0.0462702796200376,0.2188596953590729,0.29639862696202113,1.7,250.792,2.97,1.0,0.0
2018-05-11,90.16586156088084,90.23039717024562,89.46518420645309,90.07366180419922,16778300,59.89887353868025,1.0125498103551251,0.7410392593131576,0.27151055104196753,6.174438944876911,0.921032971412716,87.72126596481988,86.25647163544782,1,0.5861469110543731,-0.0021447810004994183,0.02669158897360102,0.04963472578006245,0.2176707821992642,0.2950376694303832,1.7,250.792,2.97,1.0,0.0
2018-05-14,90.27646982854274,90.98636840667318,89.71408520103506,90.3778839111328,19454100,60.75408783029051,1.0972876902661852,0.8122889455037632,0.28499874476242204,6.576767870842755,0.9163055306620544,87.97427719780207,86.418095646259,1,0.6806170163525322,0.0033774812840949853,0.018810830484933927,0.040989246518102096,0.21498739377245057,0.29242658188167175,1.7,250.792,3.0,1.0,0.0
2018-05-15,89.64957064409887,90.21195540358096,88.8198220617602,89.72332763671875,24594000,57.893287839171414,1.0989577487587354,0.8696227061547577,0.22933504260397775,6.777265813125053,0.7843489628911057,88.14085343007984,86.54771258706135,1,0.8637297257147132,-0.007242438593247691,0.01576067114289903,0.013011183317459318,0.2063673108018723,0.29244090632181907,1.7,250.792,3.08,1.0,0.0
2018-05-16,90.14926472949304,90.18630307276226,89.4640730398668,89.95481872558594,17384700,58.635136903422676,1.1062089897236973,0.9169399628685456,0.18926902685515168,6.988971212394548,0.8047077988708314,88.31361202965185,86.6813245924937,1,0.6144902373542637,0.002580054652057351,0.006510165015464864,0.011728197967389331,0.20615578331130194,0.29211354582293136,1.7,250.792,3.09,1.0,0.0
2018-05-17,89.59370892534177,90.31593900028594,88.73258682113712,89.0566635131836,17246700,54.61467996358931,1.027636081915162,0.9390791866778689,0.08855689523729304,7.036143870012955,0.6540789935082268,88.38437883760726,86.7744751384031,1,0.6164827558227214,-0.009984514727801708,-0.013411304777555477,0.005065868779059679,0.20917248153754506,0.2915026337999096,1.7,250.792,3.11,1.0,0.0
2018-05-18,88.89923575909921,89.75109631840802,88.89923575909921,89.22331237792969,17865800,55.22810095782926,0.9676590854418947,0.9447951664306742,0.022863919011220535,7.092014566279774,0.6662671503127617,88.46427727001891,86.87050797132572,1,0.6541485127071767,0.0018712677768510932,-0.009440600162542556,0.01871215384501479,0.20444723849950905,0.29148784441928527,1.7,250.792,3.06,2.0,0.0
2018-05-21,89.81592185873942,90.75112054889236,89.63073721672593,90.3714828491211,19422500,59.308781743218056,1.0012330535941487,0.9560827438633691,0.0451503097307796,7.394446001990451,0.8162096648709354,88.64591589660007,87.00780110378828,1,0.714954352985176,0.01286850309174814,-7.082553534887293e-05,0.028034071395306226,0.20858747335645034,0.28819981336492007,1.7,250.792,3.06,1.0,0.0
2018-05-22,90.44554623735124,90.89925348863412,90.00109327176992,90.27887725830078,15441200,58.842941505551025,1.0087400407295348,0.9666142032366023,0.04212583749293253,7.156774048099179,0.7763350450236837,88.80143602628586,87.13607860004367,1,0.5890914390377802,-0.0010247213822409673,0.006191808041621005,0.051574460204242945,0.18688082204035017,0.2868047246344446,1.7,250.792,3.06,1.0,0.0
2018-05-23,89.54738455438522,91.4177816291444,89.18626961641154,91.35296630859376,21251200,62.52003704545707,1.0888082877595053,0.9910530201411829,0.09775526761832243,6.714788445988729,0.9211669613905649,89.04443891031518,87.30144674547701,1,0.8305147904377778,0.011897456890384905,0.015542775838090161,0.07342245309038642,0.18470372718659184,0.2863786282966472,1.7,250.792,3.01,1.0,0.0
2018-05-24,91.41781453289283,91.6122605645312,89.64000912413424,91.02891540527344,26649300,60.75639590928569,1.1132815341675837,1.0154987229464632,0.09778281122112054,6.712797690586592,0.8315853262008038,89.23343667173978,87.44762198703765,1,1.074828587561507,-0.0035472400778500113,0.022146033932630704,0.04748736659865638,0.17432378670477697,0.2863037363614045,1.7,250.792,2.98,2.0,0.0
2018-05-25,91.01966420814064,91.64930202621824,90.61224942457778,91.0752182006836,18363900,60.92600824390306,1.1234624313101307,1.0370914646191967,0.08637096669093403,6.94144976330361,0.8055626110865483,89.4088444364011,87.58988066208259,1,0.7881990964675706,0.0005086602999058165,0.02075585150783965,0.030957365158191807,0.16622099674229596,0.2854327687574471,1.7,250.792,2.93,2.0,0.0
2018-05-29,90.5937220351446,91.55669788739422,90.02890665668357,90.75113677978516,28671000,59.003801287912694,1.092783278044621,1.0482298273042816,0.04455345074033934,6.370389825918169,0.7354350477408318,89.53668180243767,87.7138514902278,1,1.2654967740226895,-0.003558393021736439,0.004201036861350538,0.05255392876041287,0.1372776992744848,0.28557744497852694,1.7,250.792,2.77,2.0,0.0
2018-05-30,91.0288684478866,91.89925152900165,90.65849928211246,91.62146759033205,22158500,62.43174259821335,1.1257216325606123,1.0637281883555478,0.061993444205064474,6.413905314707638,0.8496160709913826,89.73523282985619,87.86709133729072,1,0.9984272354782874,0.009590302021877939,0.014871588712716433,0.04609322496388257,0.13105968654286873,0.28591327517758386,1.7,250.792,2.84,2.0,0.0
2018-05-31,91.93630641517213,92.5844596363412,91.3066688298906,91.5196304321289,34140900,61.78078929148689,1.130575537210106,1.0770976581264595,0.05347787908364654,5.6255664629428,0.8247913382030082,89.90517545864407,88.01032816453927,1,1.5155613954871732,-0.001111498875552619,0.0018243975020160175,0.061580206261765635,0.11338884884876267,0.2858000831394965,1.7,250.792,2.83,2.0,0.0
2018-06-01,91.92705846141509,93.39004116164044,91.82520478833982,93.32522583007812,28655600,68.12641125768114,1.265530502373494,1.1147842269758665,0.15074627539762742,5.586124019788865,1.118735728461385,90.23089454163778,88.21875552397218,1,1.2791219572946033,0.01972905036246031,0.02522616483543927,0.07608006520351696,0.12747301019408822,0.28815822763916904,1.82,251.018,2.89,2.0,0.0
2018-06-04,93.76040694151176,94.31596787288716,93.38076928206192,94.1400375366211,27281600,70.50623200219614,1.4218416738653445,1.1761957163537622,0.24564595751158236,6.172185996938616,1.146487453596763,90.60319387449333,88.45096266172312,1,1.205013942094702,0.008730883845130322,0.033651517904510486,0.0730415838384626,0.12554272918386458,0.2883963777357128,1.82,251.018,2.94,2.0,0.0
2018-06-05,94.44560590486304,94.75116691352652,94.01041423755586,94.6215362548828,23514400,71.84407644012467,1.5665145216605794,1.2542594774151257,0.3122550442454537,7.014210655325978,1.096206169266252,90.98589314881613,88.69294593988626,1,1.0402903242789119,0.0051147070987134224,0.042648495792283914,0.06664862864445364,0.12253063303324853,0.2852481460173232,1.82,251.018,2.92,1.0,0.0
2018-06-06,94.89008347935746,95.00119146446728,94.35303800351696,94.89933776855467,21122900,72.61586535229021,1.6841709816032022,1.3402417782527412,0.34392920335046107,7.535533460766652,1.0455923430129974,91.3586021602198,88.936333854736,1,0.939396560599548,0.0029359226732861288,0.03577622433291516,0.07435844792892699,0.11931112136503304,0.28526162936405636,1.82,251.018,2.97,1.0,0.0
2018-06-07,95.0474670856968,95.08450542613,92.94558541824524,93.40855407714844,28232200,62.685592111108285,1.6382362214847745,1.3998406668991479,0.23839555458562667,7.589606391051159,0.7963906867075716,91.55383567611777,89.11171503992865,1,1.2530466567055074,-0.015709105315803495,0.020639546249264562,0.04515422864506746,0.13362197357311578,0.28241442734943206,1.82,251.018,2.93,2.0,0.0
2018-06-08,93.60302782552364,94.399334720141,93.0937663883058,94.10303497314452,22165100,65.0812186416607,1.638978276098399,1.4476681887389982,0.19131008735940092,7.92140238538553,0.8527019891061861,91.79661656154889,89.30745307652536,1,0.9842540052163229,0.007434874705612993,0.008334393366297155,0.04249347357239475,0.13195754458100778,0.2823014794978405,1.82,251.018,2.93,2.0,0.0
2018-06-11,93.52895591217872,94.06599433381176,93.21413346495918,93.56599426269533,23490900,61.778211741660805,1.5780409884111606,1.4737427486734307,0.10429823973772989,7.984553739365663,0.752070830480611,91.96512872356284,89.47445469166928,1,1.0278086179041428,-0.005706943570974676,-0.006097759135717973,0.038771960510362025,0.13407090492774265,0.2826406273780158,1.82,251.018,2.96,2.0,0.0
2018-06-12,93.612286137369,93.9363628713113,93.28820940342668,93.80673217773438,18325200,62.692271483930845,1.5315188902728636,1.4852979769933174,0.04622091327954614,8.085641433846485,0.7577814333007372,92.14051952872204,89.64434792641693,1,0.8037763258546033,0.002572921037563569,-0.008611190532286206,0.03793901912964803,0.13398447424907814,0.2825758523174803,1.82,251.018,2.96,2.0,0.0
2018-06-13,94.18633575198808,94.4548583952289,93.1122451790248,93.38076782226562,29492900,59.959910935157026,1.4436366837137484,1.4769657183374036,-0.03332903462365522,7.8831752535389406,0.6799964734359651,92.25863841382143,89.79087419684237,1,1.2798613077473033,-0.004540871913773503,-0.01600190245787192,0.04076353699625934,0.1318585955682469,0.2799304132855915,1.82,251.018,2.98,2.0,0.0
2018-06-14,94.121515105984,94.47336868877716,93.51965453029725,93.9085464477539,25691800,62.16046964654818,1.4004334015913997,1.4616592549882028,-0.06122585339680309,7.7514204602528824,0.7288151087594656,92.41577251229118,89.95235154001537,1,1.095170419426425,0.00565189854181547,0.005352747139116598,0.04395237273757524,0.13248244976034595,0.28005348515805834,1.82,251.018,2.94,2.0,1.0
2018-06-15,93.99191722353984,94.0104328651544,92.65856496833342,92.71411895751952,65738600,54.81782663073831,1.2553433562450493,1.4203960752395721,-0.16505271899452278,7.051843309842913,0.5397673937955345,92.44418645945579,90.06065614462338,1,2.539760911999892,-0.012719049920540626,-0.014759524132472168,0.04106885773678792,0.136169149485321,0.2810548564666473,1.82,251.018,2.93,2.0,1.0
2018-06-18,92.60298467186178,93.62151421553034,92.0566780308078,93.39002990722656,23586000,57.8519288411572,1.1812817342979542,1.3725732070512486,-0.1912914727532944,6.307268817688925,0.6243643406383202,92.53426678781491,90.19121982158822,1,0.901268390244704,0.0072902698888477335,-0.001880644318006497,0.04669987493456418,0.13743447251757027,0.2737888229699761,1.82,251.018,2.92,2.0,1.0
2018-06-19,92.26964670275709,93.51966055472944,92.13075470490672,93.39002990722656,28653100,57.8519288411572,1.1097943469115137,1.3200174350233018,-0.21022308811178814,5.902765280425119,0.6051221341515387,92.61576803728269,90.31666335435835,1,1.0759175804874825,0.0,-0.004442136090171966,0.033401543970956515,0.1318538139329791,0.2658481876471206,1.82,251.018,2.89,2.0,1.0
2018-06-20,93.86227241042552,94.92709471936824,93.6307880712047,94.3252410888672,26180800,61.95194122461864,1.1157422220312299,1.2791623924248876,-0.16342017039365775,5.486593174789083,0.7564577671365209,92.77857499457646,90.47386248120183,1,0.963652669407484,0.010014036643629654,0.010114216113527918,0.044820715027161784,0.13464528044625615,0.22229806657793577,1.82,251.018,2.93,2.0,1.0
2018-06-21,94.5196752593406,94.87152886776776,93.40854633150548,93.6492919921875,23198200,57.591272238839046,1.0537653618111875,1.2340829863021476,-0.18031762449096012,5.2538091218944505,0.6058770114405595,92.86150042292037,90.59838912869147,1,0.8508216108586465,-0.007166152865094366,-0.002760712047764957,0.02513684860365295,0.13351484419438722,0.19893652775878265,1.82,251.018,2.9,2.0,1.0
2018-06-22,92.9733657836914,93.30669670568508,92.2511287704061,92.9733657836914,38923100,53.53344657744299,0.9392792311968066,1.1751222352810795,-0.23584300408427294,4.829678252952818,0.44334448343654814,92.87215426680334,90.69152546810324,1,1.3961272749152733,-0.007217632873855351,0.0027961957583901853,0.021360799145645037,0.13589394340273345,0.1997706396100436,1.82,251.018,2.9,2.0,1.0
2018-06-25,92.59373361432624,92.6955872864493,90.09370563247592,91.10297393798828,35433300,44.24365966607378,0.6896730359733567,1.078032395419535,-0.3883593594461783,4.818273033836984,0.0265257926905137,92.70366090215428,90.70766070221637,1,1.2332001696318895,-0.020117501716079733,-0.024489294751380175,0.0003047561988105407,0.1556846816026864,0.20101696716492232,1.82,251.018,2.87,2.0,0.0
2018-06-26,91.5011137861128,92.6677966356778,91.43629846471144,91.74185943603516,26897200,47.58927371062192,0.5372183297481996,0.969869582285268,-0.4326512525370684,4.419582138986271,0.12704492624486055,92.6120607625239,90.7482175153073,1,0.939013127129255,0.007012784220213897,-0.01764824867096304,0.01091691731260691,0.15696747210014217,0.18998188844847327,1.82,251.018,2.88,2.0,0.0
2018-06-27,92.20485412641796,92.61226180579068,90.18631017745015,90.3159408569336,31298400,41.59086671177073,0.29790312249532747,0.8354762903272799,-0.5375731678319524,5.003658320508072,-0.12137644204318822,92.3933826762772,90.73126548948873,1,1.0755053673210404,-0.015542725947207847,-0.04250506211965366,-0.014249135794635714,0.16317688159508306,0.1918412569747875,1.82,251.018,2.83,2.0,0.0
2018-06-28,90.1677811954044,91.7696560008571,90.05667322892003,91.32520294189452,26650700,46.71075337711305,0.18752148116880107,0.7058853284955842,-0.5183638473267831,5.067710142555704,0.10214746793926302,92.29165127300266,90.75455715428896,1,0.9277359659688234,0.011174794564335677,-0.02481694202756879,-0.0021244348268929514,0.16846902245698167,0.18436463883466922,1.82,251.018,2.84,2.0,0.0
2018-06-29,91.6029784288188,92.51040010160192,91.04741745527492,91.30667877197266,28053200,46.62996216392596,0.09742542975203605,0.5841933487468746,-0.4867679189948385,5.372111186421777,0.14075951358447306,92.19784436814265,90.77620898243342,1,0.9775833133541117,-0.00020283743506865903,-0.01792649967729909,-0.021629168749944805,0.15167670282763238,0.18438182221038246,1.82,251.018,2.85,2.0,0.0
2018-07-02,90.8344381203482,92.64927418888736,90.74184581299887,92.6029815673828,19564500,52.784359457678114,0.12913586397672816,0.4931818517928453,-0.36404598781611713,5.294935885978034,0.4139960959226597,92.23642886330838,90.84784712301968,1,0.6910656334856613,0.014197239597855793,0.01646496886496296,-0.016327335419219158,0.15740646996750682,0.1788940837260065,1.91,251.214,2.87,2.0,0.0
2018-07-03,93.0381790044768,93.17706394202123,91.61223477618172,91.7140884399414,14670300,48.642180773738815,0.08159973402665344,0.4108654282396069,-0.3292656942129535,5.193344339842141,0.25803552916674155,92.18668215632104,90.8818173707421,1,0.5264130510448745,-0.00959896876316646,-0.00030270801425291705,-0.030727125451753157,0.15874286032351834,0.18019260492798292,1.91,251.214,2.83,2.0,0.0
2018-07-05,92.13076767415818,92.51965967141116,91.69557598299065,92.37151336669922,18977400,51.663391713389814,0.09587056957322204,0.34786645650632997,-0.2519958869331079,4.816828064379131,0.41420152939378085,92.20428512873801,90.94023682156394,1,0.6835957234472858,0.007168199978221823,0.02275979733214295,-0.02663690244098904,0.16101087818829765,0.17498734685924552,1.91,251.214,2.84,2.0,0.0
2018-07-06,92.49188695875674,93.9178314123123,92.28817959905712,93.66783142089844,19234600,57.030988931595445,0.20936886876009453,0.3201669389570829,-0.1107980701969884,4.854877294202561,0.6998373665479938,92.34367048989614,91.0472013156555,1,0.7042734930073726,0.014033742730326981,0.02565150039134778,0.0027757344743379875,0.16016715584695876,0.17497236252096643,1.91,251.214,2.82,2.0,0.0
2018-07-09,94.12153989059853,94.67710092816436,93.751163510774,94.30672454833984,18212000,59.42259343467764,0.3468719011524115,0.32550793139614864,0.02136396975626287,4.909870481189162,0.835594971156432,92.53062801927173,91.17502575615293,1,0.6716921870602992,0.006820838250973571,0.03285680540258662,0.002164537788323706,0.1598144069928677,0.1717601047642837,1.91,251.214,2.86,2.0,0.0
2018-07-10,94.44561714381386,94.91784720754868,94.31598646974422,94.55673217773438,19293100,60.35254231784457,0.4705928696034931,0.35452491903761757,0.11606795056587554,5.137746031503603,0.8625731896947734,92.72359032007769,91.30764169425417,1,0.7171164433766036,0.002651005329597389,0.021098139360987256,0.010588653739492804,0.15852030707501086,0.17118080022781457,1.91,251.214,2.87,2.0,0.0
2018-07-11,93.65854111253851,94.76040148172488,93.61224143079691,94.42707061767578,19644600,59.589779987922626,0.5518189982758201,0.3939837348852581,0.15783526339056203,5.276847189254194,0.820106105062465,92.88582653889655,91.42997224027071,1,0.7283954691359078,-0.001371256779632346,0.029580866188415156,0.006612941582551546,0.15846403041027948,0.16999899462681928,1.91,251.214,2.85,2.0,0.0
2018-07-12,95.1585601469045,96.67710360959396,95.12152887660916,96.47339630126952,24335900,66.73518670018953,0.7724088231544926,0.46966875253910506,0.3027400706153875,6.256308214982767,1.0946213506018536,93.22749984959874,91.62775357599617,1,0.9110529263427753,0.02167096437714422,0.04440636279592525,0.033118473440807206,0.17394645660359026,0.17070729110231272,1.91,251.214,2.85,2.0,0.0
2018-07-13,96.64009063108251,97.7789896964954,96.38082222060902,97.62158203125,24635200,69.94630086490892,1.0280263929222144,0.581340280615727,0.44668611230648747,7.561242681651098,1.1276082952628346,93.64598386689886,91.86280567228063,1,0.9240853279998019,0.011901578818629854,0.04221033571905064,0.03953884629192772,0.17719896476002572,0.17197097867854105,1.91,251.214,2.83,2.0,0.0
2018-07-16,97.59378293657105,97.9826748676944,96.7789536740189,97.14007568359376,21786900,67.02431832315824,1.1781704054010191,0.7007063055727855,0.4774640998282337,8.368244677652473,0.9758408207440785,93.9787545161079,92.06975743743017,1,0.8906635651847756,-0.004932375993477511,0.030043998970631147,0.04773767766808157,0.17060340392051443,0.172186740446168,1.91,251.214,2.85,2.0,0.0
2018-07-17,96.86231275566,98.61233389054198,96.59379005978631,98.10306549072266,25901700,69.74636049735128,1.359197859559643,0.832404616370157,0.5267932431894861,9.41610443236957,1.00429994496179,94.37154603749978,92.30635775324556,1,1.0538909827437695,0.00991341421501013,0.03750482098220553,0.05046615348745487,0.17184589871935183,0.17080254195690603,1.91,251.214,2.86,2.0,0.0
2018-07-18,98.093794322869,98.19564798530575,96.964149749909,97.33452606201172,29493900,65.12591301072405,1.4242310631251058,0.9507699057211468,0.473461157403959,9.990557179893568,0.8713050530688164,94.65373461126282,92.50354082417758,1,1.198001563816932,-0.007834000139206876,0.03079048651321492,0.04223680149480202,0.17556756436903337,0.17192102582559896,1.91,251.214,2.88,2.0,0.0
2018-07-19,97.15859994157478,97.51045356795768,96.19562431404484,96.66785430908205,40171600,61.33041328618668,1.4057706575580653,1.0417700560885306,0.3640006014695347,10.309714549986845,0.7784580690374129,94.84555553486464,92.6668472353503,1,1.586631904605236,-0.00684928339307822,0.002015664579748666,0.02483548616650544,0.17569705344605738,0.16462947222642027,1.91,251.214,2.84,2.0,0.0
2018-07-20,100.0752810535528,100.1863889817,98.22340689814736,98.39933013916016,56004000,66.75031850144704,1.5134106264498541,1.1360981701607953,0.37731245628905885,11.060230856470096,0.902289676313937,95.18401025908327,92.8916504864801,1,2.077370592765035,0.017911598870726575,0.007966968898959204,0.050721559618079226,0.18204203814712516,0.1662093381232091,1.91,251.214,2.89,2.0,0.0
2018-07-23,98.42713613783334,100.13085734990608,98.26972143061766,99.97344970703124,29707000,70.76240083140516,1.7060678824038007,1.2500921126093965,0.45597576979440424,12.149682197482473,0.971412966572602,95.64014734936403,93.1693681029723,1,1.1210918446578126,0.01599725898179294,0.029167920690801097,0.07529128223265547,0.1841545739565434,0.164125341179341,1.91,251.214,2.96,2.0,0.0
2018-07-24,100.52900053748353,100.76048483521784,99.31602507794456,99.6864013671875,26316600,69.12439407258299,1.8146693648599097,1.363007563059499,0.4516618018004106,12.480326539812648,0.8964334899847208,96.02550487487103,93.42493803490231,1,1.0105274313773978,-0.002871245722588567,0.016139514790336262,0.09421676437304627,0.16328835458267663,0.16180205638574213,1.91,251.214,2.95,1.0,0.0
2018-07-25,99.96417790713834,102.9179197956264,99.6308399545166,102.62162017822266,30702100,75.39611752309881,2.1132245127943037,1.5130509530064602,0.6001735597878435,13.808279626073322,1.0375430696129715,96.65370633233309,93.78559223660115,1,1.1703758117020808,0.02944452574051204,0.05431879447219523,0.11859102059919713,0.18501825389352342,0.16166593117994316,1.91,251.214,2.94,1.0,0.0
2018-07-26,102.53831190913138,102.77905762572998,101.39015144159848,101.5012664794922,31372100,69.5859046778089,2.233679965974744,1.6571767556001171,0.576503210374627,13.797039878639342,0.9081585605428154,97.11537872730062,94.08816769710668,1,1.1957484972196992,-0.01091732616172636,0.05000020125569349,0.12384663788507622,0.17850518787274883,0.16188990875813802,1.91,251.214,2.98,1.0,0.0
2018-07-27,102.019753099544,102.019753099544,98.27896625272577,99.70491027832033,37005300,61.41384820240956,2.159299784002968,1.7576013612806873,0.40169842272228085,13.319762177519015,0.748612280959015,97.3620007797787,94.30843211205624,1,1.383163702012028,-0.017697869824459977,0.013268181168649917,0.09175678855876601,0.19592005782082428,0.16292803934558228,1.91,251.214,2.96,1.0,0.0
2018-07-30,99.25123829922144,99.56605364378952,97.00120999562084,97.56603240966795,34668300,53.37608817117718,1.905794571750775,1.787240003374705,0.11855456837607004,12.347313821659942,0.5622346150547489,97.38143236357767,94.43618114333513,1,1.2799883920368043,-0.02145208157433598,-0.024080566434569683,0.0685530754363246,0.21637134610684028,0.17005881892217165,1.91,251.214,2.98,2.0,0.0
2018-07-31,98.60306508312418,98.8160337790394,97.57527407344814,98.2234344482422,27655200,55.31201629060871,1.7379032481716479,1.7773726523340936,-0.03946940416244571,11.69609369279106,0.5986495743081981,97.46162303830764,94.58470088078248,1,1.0060317817165096,0.006738021648906356,-0.014675691958791481,0.06069408118106501,0.21305365009477448,0.16918820165300028,1.91,251.214,2.96,2.0,0.0
2018-08-01,98.17714601020414,98.5660380410566,97.61232360448614,98.40863037109376,23628700,55.86794579090622,1.6013327606015508,1.7421646739875851,-0.1408319133860343,10.53270321705792,0.5945994302439686,97.5518142128587,94.73465890001037,1,0.845775774403477,0.0018854555828951014,-0.04105362787892264,0.072993604854245,0.20788425243083877,0.16809978887479188,1.91,251.663,3.0,2.0,0.0
2018-08-02,97.59380586503892,100.08457273089115,97.07527610404529,99.60308837890624,26104300,59.378004365966355,1.5713686839478953,1.7080054759796472,-0.13663679203175194,9.507130776766463,0.6939937932527073,97.74717365724418,94.92557770310434,1,0.9226202835936185,0.012137736327680226,-0.018701028730212732,0.07828793476078388,0.20974688466694544,0.168940890090077,1.91,251.663,2.98,2.0,0.0
2018-08-03,99.81604606386784,100.04753039419744,98.90862438066564,100.03826904296876,18659600,60.60730828410557,1.5647004867348073,1.6793444781306794,-0.11464399139587211,8.83711056772036,0.721478915547585,97.96537321778938,95.12607540270686,1,0.6601685022468676,0.004369148297962644,0.003343453835100929,0.06801094383667983,0.20631641002463724,0.1678006639177285,1.91,251.663,2.95,2.0,0.0
2018-08-06,100.11233537471364,100.39011230378853,99.59380572462784,100.12158966064452,20265900,60.851583711664276,1.5482914300806243,1.6531338685206685,-0.10484243844004415,8.219187232495791,0.7117817931504852,98.17072716472796,95.32197792262599,1,0.7144030513684626,0.0008328874387057983,0.026193104176319038,0.06165907192889608,0.20605765701143366,0.16696447074531773,1.91,251.663,2.94,2.0,0.0
2018-08-07,100.51975563085574,101.0197626434752,100.15864063246524,100.81605529785156,16080200,62.91571356714553,1.5731899529911004,1.637145085414755,-0.06395513242365447,7.622193536182522,0.7783445117351728,98.4226631774064,95.53743193734073,1,0.5700792588210957,0.006936222642497825,0.02639513537856919,0.06619648306322379,0.20651876064606087,0.16709889284692994,1.91,251.663,2.98,1.0,0.0
2018-08-08,101.23272071861165,101.62161266617488,100.70493677139284,101.38086700439452,15487500,64.55269463193403,1.6198254566139383,1.6336811596545917,-0.013855703040653422,6.815531696855704,0.8423520943981186,98.7043968752148,95.76658625369578,1,0.553142779589344,0.0056023983965081126,0.03020300782657581,0.07364197937341355,0.20594968266220398,0.16724506879481074,1.91,251.663,2.96,2.0,0.0
2018-08-09,101.58458472804128,102.00126076966394,101.4827310554896,101.54754638671876,13677200,65.04309365493512,1.6512000559726374,1.637184938918201,0.014015117054436477,6.684802593583383,0.8350480504858034,98.97517301916756,95.99329057263786,1,0.4979654058001909,0.0016440911115607193,0.019522065424472546,0.05259636625213826,0.1948344090430736,0.1661485932540457,1.91,251.663,2.93,2.0,0.0
2018-08-10,101.31606944495226,101.56607650103764,100.35309369331962,100.92717742919922,18183700,61.62580373686827,1.6074760781640975,1.6312431667673803,-0.023767088603282804,6.620948027842891,0.7184459564619544,99.16107820107534,96.1867763317187,1,0.6699077019657311,-0.006109147680998794,0.008885683396307575,0.03386131764276312,0.1939304318528228,0.16698925306576687,1.91,251.663,2.87,2.0,0.0
2018-08-13,101.1493776367867,101.46419995789128,100.0938097951152,100.19566345214844,18472500,57.77145343016136,1.4965461933566218,1.6043037720852287,-0.10775757872860692,6.2679085238799805,0.5888051594993992,99.25961012974896,96.3439875913434,1,0.68472788993349,-0.0072479385204637925,0.0007398383481025395,0.0314554806247771,0.19515602559911782,0.16623947586210347,1.91,251.663,2.88,2.0,0.0
2018-08-14,100.51975661822678,101.62162432710076,100.0382723037571,101.44569396972656,16788300,62.13022385457102,1.492298191637829,1.5819026559957488,-0.08960446435791969,6.278729659115134,0.7613061931385604,99.4678085906992,96.54405450814275,1,0.6329904759032056,0.012475894410092003,0.006245420632802867,0.03407262007852352,0.1967887165059584,0.1676086978296373,1.91,251.663,2.89,2.0,0.0
2018-08-15,100.84151026080478,101.30626052463754,99.28924608156966,100.07003021240234,29982800,55.35823187492817,1.3622241789760068,1.5379669605918005,-0.1757427816157937,5.845456432239837,0.5214104048811226,99.5251630308614,96.68232806517254,1,1.1294383904256076,-0.013560592899435897,-0.012929824243220867,0.02810415030580038,0.20152631279789962,0.1691865384321512,1.91,251.663,2.86,2.0,0.0
2018-08-16,100.66493416568092,101.1854523169301,99.73543341471998,100.05146026611328,21384300,55.27065465381208,1.2433090544916752,1.4790353793717754,-0.23572632488010026,5.003422561976359,0.48748973906786536,99.57528657707587,96.81445089658199,1,0.83508674095804,-0.0001855695081699471,-0.014732863312206579,0.035002390207323986,0.199277012018496,0.16913753443909807,1.91,251.663,2.87,2.0,0.0
2018-08-17,99.79117525719266,100.29310638325524,99.16841161785663,99.99566650390624,18061500,54.98917575516403,1.1315223855658871,1.409532780610598,-0.2780103950447108,4.749809642655022,0.4583367849325383,99.61532276058352,96.93920444981039,1,0.7617622069530967,-0.0005576506535601711,-0.009229535086785146,0.01622304097485694,0.19012749001584642,0.1678740000463634,1.91,251.663,2.87,2.0,0.0
2018-08-20,99.93061132201582,100.2931159880784,98.97322684028508,99.33573150634766,17914200,51.63927770443902,0.9784010082767196,1.3233064261438223,-0.3449054178671027,4.807014795803316,0.32837825306714147,99.58869502208486,97.03318590300793,1,0.7748183809919459,-0.006599635970552797,-0.008582526590199868,-0.006378875617000235,0.18312256296620555,0.16838594581439398,1.91,251.663,2.82,2.0,0.0
2018-08-21,99.38220969215013,99.7818952629368,98.38764426133584,98.50848388671876,22881900,47.71526195589411,0.7812929850937138,1.2149037379338008,-0.433610752840087,5.008144897406754,0.18191144286896638,99.48581777109762,97.09104072589855,1,0.997085683857704,-0.008327795115456782,-0.0289535215155049,-0.011816230341488265,0.18516269252078257,0.16957629197246193,1.91,251.663,2.85,2.0,0.0
2018-08-22,98.38764180209444,99.77259577677287,98.32257704064048,99.51233673095705,18000600,52.43835657830163,0.698039427609288,1.1115308758688984,-0.4134914482596104,4.46907381227488,0.40253287370558055,99.48834338632233,97.18599351041065,1,0.8067060131878592,0.01019052171580137,-0.005573032008300283,-0.030298522298378483,0.15474296400770216,0.17021889902321052,1.91,251.663,2.82,2.0,0.0
2018-08-23,99.59598214379854,100.55336654482636,99.33572313282316,99.9770736694336,18167700,54.48809547150165,0.6619304482893256,1.0216107903529839,-0.3596803420636583,4.2396703067242925,0.5249364888291227,99.53488912757102,97.29544763429391,1,0.839019677432986,0.004670143961477136,-0.0007434833682770092,-0.01501649056139176,0.1520230438959942,0.1695302194691101,1.91,251.663,2.82,2.0,0.0
2018-08-24,100.07933492922648,100.9065899540076,99.977089288723,100.75787353515624,17234000,57.78021030455875,0.6883825996684863,0.9549651522160844,-0.2665825525475981,4.30333813407804,0.693889323844937,99.65136383305533,97.43122904217087,1,0.8339737100361385,0.007809789155304614,0.007622400628933601,0.010560796393042526,0.14058225205616967,0.16993408396685775,1.91,251.663,2.82,1.0,0.0
2018-08-27,101.56652360965352,101.91044137162726,100.86010828620566,101.87326049804688,19662300,62.00799355134431,0.7902391415247081,0.9220199500778091,-0.13178080855310104,4.036558556309762,0.9289170313127433,99.862973039245,97.60542635416601,1,0.9873299113917313,0.011069973231436547,0.025544977151923165,0.04414679968017343,0.11819177957517553,0.16696277492209124,1.91,251.663,2.85,1.0,0.0
2018-08-28,102.18929259099411,102.70981062896558,102.04986609038708,102.48673248291016,19151500,64.13524288373995,0.9099736373097045,0.9196106875241883,-0.0096370502144838,4.1186150173780955,1.0163316699569924,100.11285489102264,97.79685012392069,1,0.9826606056050368,0.006021913717731975,0.040384832242126745,0.04340408232125559,0.11785453621773949,0.16655570210420065,1.91,251.663,2.88,0.0,1.0
2018-08-29,102.66334206590533,104.13195476783535,102.49603166832432,104.1226577758789,20818000,69.10335023213673,1.1239138082349456,0.9604713116663398,0.16344249656860577,4.880436690499349,1.209402406467677,100.49474088005657,98.04492101223278,1,1.0759267968721735,0.015962312909542087,0.04632914065103688,0.05806429154879855,0.12748915951784037,0.16900520820107398,1.91,251.663,2.89,0.0,1.0
2018-08-30,103.79732003291517,104.6710527797784,103.58353888731637,104.05757904052734,22798700,68.69567643100848,1.2735311506328344,1.0230832794596387,0.25044787117319567,5.593240424084293,1.0666128724628599,100.8340588001014,98.2807115231463,1,1.1884461848180896,-0.0006250199211360608,0.04081441095771243,0.04472241507889296,0.12317180738072024,0.16904222977523176,1.91,251.663,2.86,1.0,1.0
2018-08-31,103.81592492816208,104.82907718452262,103.65790443562014,104.41080474853516,23222700,69.73917613477911,1.4044170890405496,1.099350041375821,0.3050670476647286,6.303706716671675,1.022788990785774,101.17470127138081,98.52110733590665,1,1.1963202746786423,0.0033945216798696443,0.03625454850537668,0.04370863018119886,0.12299281486129994,0.16515163466516627,1.91,251.663,2.86,0.0,1.0
2018-09-04,103.03513215210322,104.06687830592196,102.44954937217618,103.83450317382812,22634600,65.8805944312505,1.4449855238387244,1.1684771378684018,0.27650838597032257,6.6526366218856365,0.8813586620783144,101.42801573828055,98.72947580013887,1,1.1589532319416944,-0.005519558786037604,0.019251790569899896,0.037084044767649926,0.12593153196396312,0.16542310702694998,1.95,252.182,2.9,1.0,2.0
2018-09-05,103.1838521822623,103.56494369852987,100.47900233141324,100.8415069580078,32872400,50.31161372766812,1.2215453056939225,1.179090771433506,0.042454534260416565,6.651247983808586,0.43688281068935975,101.37215775920696,98.81230055142785,1,1.6137796013906849,-0.028824678929794567,-0.016053058625678185,0.000252456417591862,0.16568162985503573,0.17654726077122862,1.95,252.182,2.9,1.0,1.0
2018-09-06,100.61842979423858,101.3062581831862,99.93060140529094,101.07388305664062,23477600,51.27439988970085,1.0511016861757696,1.1534929543819588,-0.10239126820618916,6.653393513631895,0.47366639136556726,101.34375064467683,98.9009900614362,1,1.130397834306122,0.0023043695561748567,-0.02928060793262388,-0.0030280264592783546,0.16462273268876348,0.1765395489168488,1.95,252.182,2.88,1.0,1.0
2018-09-07,100.5998394030944,101.05529264964476,99.67033892926251,100.58124542236328,22498600,49.102214732696616,0.866286142381,1.096051591981767,-0.22976544960076706,6.674995929248071,0.40796510221774296,101.27113109969459,98.96688242853139,1,1.0607346067812504,-0.004874034907724645,-0.03340778874751771,-0.009515749013526809,0.16530865412712498,0.17658780523086012,1.95,252.182,2.94,1.0,1.0
2018-09-10,101.16685386088896,101.91045726541492,100.7206974913955,101.66878509521484,20727900,53.759384485005064,0.7983707341951174,1.0365154204244371,-0.23814468622931972,6.679181828617891,0.5634037350823156,101.30900290879175,99.07283939585231,1,0.9714257996621458,0.010812549280780237,-0.026261838129916115,0.007347948143460847,0.16848738248802536,0.17744178996562146,1.95,252.182,2.94,1.0,1.0
2018-09-11,101.22262352685642,103.72297548581166,101.21332653460723,103.39765167236328,24301800,60.02186972100051,0.8739776970790558,1.004007875755361,-0.13003017867630517,6.844358837434092,0.7878168558141262,101.5079218386557,99.24243987728411,1,1.1235711937683868,0.017004890690188956,-0.004207190173901254,0.0319573533413855,0.17560328591854438,0.1777700320281064,1.95,252.182,2.98,1.0,1.0
2018-09-12,103.5742441605272,103.96463268047856,102.7191053763882,103.83450317382812,18891100,61.442840598048875,0.9581026145883982,0.9948268235219685,-0.03672420893357031,7.149265873203787,0.818950800523478,101.72950101343403,99.42252079087407,1,0.8691873318606933,0.004224965406846026,0.029680201199954848,0.023547664869978835,0.17126104974021658,0.17748072236376136,1.95,252.182,2.97,0.0,2.0
2018-09-13,104.21561429779784,105.7121108953484,104.21561429779784,104.94992065429688,26055600,64.87571912818046,1.1020730741606002,1.016276073649695,0.08579700051090522,7.577233215826068,0.9132270594750687,102.03620764589716,99.63928156983184,1,1.2097586342183644,0.010742262411574721,0.03834855731706832,0.04876475435789107,0.1650090793088887,0.17837500331009043,1.95,252.182,2.97,0.0,2.0
2018-09-14,105.36818256212644,105.71210031742312,104.5130437609592,105.37747955322266,19122300,66.12088898468812,1.2364184680512977,1.0603045525300157,0.17611391552128208,7.988058540692987,0.9107375007813563,102.35442401802341,99.86430894172952,1,0.892533168415034,0.004073932560026972,0.047685173420938476,0.05323279913100132,0.16482209380136004,0.17765050143802635,1.95,252.182,2.99,0.0,2.0
2018-09-17,105.67492059449008,105.68421049416102,103.9739328732158,104.23419189453124,20736500,59.99613460460212,1.2363821575224563,1.0955200735285038,0.1408620839939525,7.962984506047264,0.7447192518244973,102.53344953007178,100.03567690066292,1,0.9618711876985876,-0.010849449650330523,0.025232983721737545,0.04238709074917191,0.17141029766305152,0.17861886466347968,1.95,252.182,2.99,0.0,2.0
2018-09-18,104.28064961273768,105.68419007675324,103.84378330070334,105.2287368774414,22170900,63.19035731749872,1.3016008056591062,1.1367362199546243,0.16486458570448193,7.8794999405297865,0.8332289027729128,102.7901435631546,100.23932631151698,1,1.0183528019756254,0.009541446667677977,0.017709156595551168,0.059324125183667586,0.17010674975419848,0.17829913796415822,1.95,252.182,3.05,0.0,2.0
2018-09-19,105.08003428925127,105.330996303807,103.21173629991053,103.82520294189452,21728400,56.351944521716405,1.225902158421576,1.1545694076480146,0.07133275077356127,7.047799800933253,0.6411820749827039,102.88872064684412,100.37994892447296,1,1.0006788353506502,-0.013337933887599185,-8.956783775460053e-05,0.053972194529861905,0.17541460381168017,0.17513342463475723,1.95,252.182,3.08,0.0,2.0
2018-09-20,104.3643132748752,105.77715798270316,104.03898952357464,105.56336975097656,23714500,61.85712038916332,1.2912808878526079,1.1819117036889333,0.10936918416367458,6.752355464821759,0.8531340976903518,103.14344913295197,100.58322032943389,1,1.077963422109421,0.016741280150011306,0.005845160175969699,0.060806862935790296,0.18051171725500814,0.17735547747472452,1.95,252.182,3.07,0.0,2.0
2018-09-21,105.96306267367872,107.16211923386406,105.50760938991928,106.2047348022461,71229700,63.67757419773736,1.3789511114357111,1.221319585238289,0.15763152619742216,6.613598853696977,0.9077037076405732,103.43500014907522,100.8036718773873,1,2.8893552386567585,0.006075640184493025,0.007850398894819088,0.062290892344016635,0.18075518084335437,0.17348199967545894,1.95,252.182,3.07,0.0,2.0
2018-09-24,105.06145029198666,106.79961894391708,104.30855708524608,106.58583068847656,27334500,64.75401341397676,1.4623248774017128,1.2695206436709738,0.19280423373073896,6.66687709809629,0.9162824166445045,103.73507924806583,101.03042320331237,1,1.0865356943541244,0.0035883135242518183,0.02256110736028738,0.0578412083229094,0.17990178190187767,0.17260663953271121,1.95,252.182,3.08,0.0,2.0
2018-09-25,106.70668621306324,106.9855321760293,105.73070761386263,106.38135528564452,22668000,63.663831597146576,1.494670104899555,1.3145505359166902,0.18011956898286474,6.804738559187657,0.846181140078272,103.98710553735904,101.24026367712932,1,0.8956934758956392,-0.0019184107447609566,0.010953456654578586,0.04425199277571057,0.17793101810011844,0.17276052335709297,1.95,252.182,3.1,0.0,2.0
2018-09-26,106.39993420173644,106.94833614863424,105.72139564738606,105.9444808959961,19352000,61.28962027794032,1.4681281511450095,1.3452660589623542,0.12286209218265531,6.866728706459852,0.7571890184997823,104.17352223818162,101.42474278375155,1,0.7643637142104426,-0.0041066819319548475,0.020411979885920584,0.03373849794325845,0.17865944998930444,0.1715875777407597,1.95,252.182,3.06,1.0,2.0
2018-09-27,106.68808030842284,106.80891992791662,106.14896824544418,106.34416961669922,19091300,62.66155307230285,1.4624863685028657,1.3687101208704566,0.0937762476324091,7.110525587823091,0.787053286888673,104.3802505599452,101.61766148308284,1,0.7566468124806912,0.0037726242775733,0.007396503802072241,0.021335527619762207,0.17092582267835124,0.1698108088765074,1.95,252.182,3.06,1.0,2.0
2018-09-28,106.13968879437223,106.49289651272038,105.66564144463383,106.30699920654295,21647800,62.43992339619935,1.438434496181003,1.382654995932566,0.05577950024843692,7.311393504270708,0.7592484956350745,104.56375043104974,101.80155708008128,1,0.859929983065801,-0.0003495293657399534,0.0009628987303369474,0.02161707188228479,0.170892672247042,0.16962372486474733,1.95,252.182,3.05,0.0,2.0
2018-10-01,106.66018555840952,107.52462133287074,106.6415986681262,107.45955657958984,18883100,66.4074480807286,1.49513991946327,1.405151980638707,0.08998793882456302,7.754683694092495,0.8675095707725232,104.83954149281547,102.02343941339535,1,0.7566275178878171,0.01084178258862889,0.008197392518964008,0.029199581771229166,0.1742074919282597,0.16882445879757382,2.19,252.772,3.09,0.0,2.0
2018-10-02,107.17143183113232,107.67335596055383,106.37206067460556,107.0320053100586,20787200,63.71857945597619,1.4884219598561401,1.4218059764821938,0.06661598337394636,8.001431553459442,0.7854735922850468,105.04834757064815,102.2198537622841,1,0.8360172068196662,-0.003978717976698354,0.006116203564684897,0.030794216166061483,0.17347059478414334,0.16904093945604445,2.19,252.772,3.05,0.0,2.0
2018-10-03,107.2829656827522,107.98938817793096,106.8275123398535,107.05059051513672,16648000,63.787219650136045,1.4676791080350426,1.4309806027927636,0.03669850524227902,7.481296826346274,0.767245602151112,105.23903737488516,102.40929441925871,1,0.6921284112726133,0.00017364156659760432,0.010440464758390444,0.061572697041452296,0.130340801350016,0.1690833401599858,2.19,252.772,3.15,0.0,2.0
2018-10-04,106.53006980142202,106.66949631688402,103.7601547509728,104.83837890625,34821700,51.33719182669981,1.2582291771753091,1.3964303176692727,-0.1382011404939636,6.661889933377233,0.45687238722219364,105.20087942549134,102.50455263443484,1,1.4143350604139755,-0.020665104211395446,-0.014159598178974941,0.03724499084990929,0.15550751756631553,0.17538859943810967,2.19,252.772,3.19,0.0,2.0
2018-10-05,104.68964192664627,105.19157306280196,102.83993786136008,104.22489166259766,29068900,48.50953122746611,1.030852281114349,1.323314710358288,-0.29246242924393906,5.4187021518743705,0.30765253885031046,105.10792820997766,102.57201691004907,1,1.1651300690286528,-0.005851742940444993,-0.01958579923698145,0.03622590101100731,0.1561084191825438,0.17116829715905746,2.19,252.772,3.23,0.0,2.0
2018-10-08,103.78805667631048,104.13196741366652,101.63160813826356,103.03515625,29640600,43.50499507858359,0.7460527167441029,1.207862311635451,-0.4618095948913481,4.8383878951578865,0.03800729121815519,104.91052135664646,102.59017923710597,1,1.167196534551803,-0.011415079388608307,-0.04117270227439396,0.013439436239014002,0.15907727394428678,0.17170176781339927,2.19,252.772,3.23,0.0,2.0
2018-10-09,103.30469047448712,105.10792380928852,102.9886636916804,104.34573364257812,26198600,49.665287297199974,0.6189646139617508,1.090082772100711,-0.4711181581389601,4.613414609408272,0.27537800567963866,104.85673205054471,102.6590245079088,1,1.0278178868308112,0.012719710827614916,-0.025097835546467384,0.009169279523088658,0.15400116123399388,0.1729227976560946,2.19,252.772,3.21,0.0,2.0
2018-10-10,103.3976466229854,103.63931876897108,98.33187109824289,98.67578887939452,61376300,32.9338153797256,0.06003714931749471,0.8840736475440677,-0.824036498226573,7.18585373142918,-0.36061704598888983,104.26807079614944,102.50281918914354,1,2.2226680541374337,-0.05433806026612664,-0.07823218531950105,-0.04968208193568824,0.2514246209351286,0.20780069517784644,2.19,252.772,3.22,1.0,2.0
2018-10-11,97.92289520718413,101.25050934312556,96.8539680070152,98.44342041015624,63904300,32.45131621540149,-0.397089684053185,0.6278409812246172,-1.024930665277802,9.132563477008535,-0.16956044177013296,103.71334218795961,102.34362708016364,1,2.16579007213053,-0.0023548681178753306,-0.06099825810748516,-0.06199623785874919,0.24653498832859244,0.2072050901497995,2.19,252.772,3.14,1.0,2.0
2018-10-12,101.32486461231034,103.3976470244834,99.56810900713062,101.84538269042967,47742100,45.12649753012244,-0.47933064300779904,0.40640665637813395,-0.8857372993859329,9.468060832035151,0.2141449597245055,103.53544128343295,102.3240880844878,1,1.5431929565746372,0.034557538392098186,-0.022830524783571393,-0.03351851721798904,0.2789524676060443,0.21789318726256507,2.19,252.772,3.15,1.0,2.0
2018-10-15,101.231902178032,101.76171717580732,99.41007496974296,100.01425170898438,32068100,40.69957645561156,-0.6843751120133703,0.1882503026998331,-0.8726254147132034,10.254593254667913,0.08430247364718423,103.20008989539022,102.2335062658406,1,1.0179121248865217,-0.01797951888512439,-0.029319163001857662,-0.04048518157858205,0.28326699737240296,0.21843113873297162,2.19,252.772,3.16,1.0,2.0
2018-10-16,101.81752824669584,103.55569746232642,101.26911903451185,103.17459869384766,31610200,49.84465455041271,-0.5851158896552846,0.033577064228809544,-0.6186929538840942,10.296161605259291,0.3892384065492887,103.19766216190997,102.27041185125265,1,0.98856743536863,0.03159896645589155,-0.011223601654304582,-0.01952069600518136,0.3045580001704312,0.22520720296509428,2.19,252.772,3.16,1.0,2.0
2018-10-17,103.80664617755347,103.9274787245873,101.82681209230525,102.905029296875,26548200,49.148413494278905,-0.5221848167440015,-0.07757531196575268,-0.44460950477824884,10.364642507906547,0.3692451225132445,103.16979236523997,102.29529880990451,1,0.8240494736356905,-0.00261274965335756,0.04285996053854335,-0.00886271944524386,0.30109822199313185,0.225191111147616,2.19,252.772,3.19,1.0,2.0
2018-10-18,102.33800661499014,102.73769212530256,100.22804353875324,100.8508071899414,32506200,44.09388239297952,-0.630798590751283,-0.18821996772285873,-0.4425786230284242,10.715889926511162,0.2101923809194005,102.94893663425916,102.23865207970988,1,0.9954024241540846,-0.019962310112242254,0.02445452189445474,-0.04464202471133749,0.30177200531018983,0.22113601586018863,2.19,252.772,3.17,1.0,2.0
2018-10-19,101.25049663874006,103.04443300947815,100.58125509855412,100.9995346069336,32785500,44.53860629219373,-0.6968419691365142,-0.2899443680055898,-0.4068976011309244,10.868202678436026,0.2497835151171744,102.76327929832338,102.19005923764023,1,1.0667456667880302,0.001474727085843508,-0.008305217783580066,-0.04901099941546505,0.3005277777227339,0.2200353265259519,2.19,252.772,3.2,2.0,2.0
2018-10-22,101.61301824046474,102.74701025143035,100.60915576273834,101.90116119384766,26545600,47.27673458618822,-0.668719509722834,-0.3656993963490387,-0.3030201133737953,10.7189831921861,0.3480226594314519,102.68117281218284,102.17872990258954,1,0.864827249408163,0.008927037044506925,0.018866406063344776,-0.043952085041406797,0.3025381639121533,0.2176212287747296,2.19,252.772,3.2,1.0,2.0
2018-10-23,100.172251823185,101.2876565228634,97.69978452488591,100.47898864746094,43770400,43.61871407272532,-0.7525151704669355,-0.44306255117261806,-0.30945261929431744,10.754108566115702,0.24662571052822146,102.47144098697123,102.11207338278058,1,1.3786037426056632,-0.013956391955939562,-0.02612668312270794,-0.05548309308840016,0.3054166562871159,0.2148634761664664,2.19,252.772,3.17,1.0,2.0
2018-10-24,100.76717708458008,100.84153175308052,94.427975326967,95.10651397705078,63897800,33.17570611589126,-1.238164847943409,-0.6020830105267763,-0.6360818374166328,12.565323385738683,-0.09213759329168798,101.7700193669788,101.83734556294804,-1,1.8806139842149543,-0.0534686379981385,-0.07578361692435809,-0.10229855134770782,0.35713032317170107,0.2426081004840277,2.19,252.772,3.1,1.0,2.0
2018-10-25,99.03828344939666,101.56651891219347,98.66648182231512,100.66490936279295,61646800,47.24765538777505,-1.1611447086655602,-0.7138953501545331,-0.4472493585110271,12.2889807217652,0.3568343340129717,101.66477079515158,101.79136767274589,-1,1.7074372515397507,0.0584438978289481,-0.0018432953818439124,-0.05340452865800038,0.4193680760943461,0.26955659946578725,2.19,252.772,3.14,1.0,2.0
2018-10-26,98.2389326611206,101.0832025746211,97.37449671406274,99.41939544677734,55523100,44.96280828944123,-1.186926111834694,-0.8085015024905653,-0.3784246093441288,12.084724604422583,0.2809059912549227,101.45092552387784,101.69834915408046,-1,1.468918123630655,-0.01237287078386795,-0.01564501426967735,-0.06478974866352638,0.42064934985172636,0.26969881581471306,2.19,252.772,3.08,1.0,2.0
2018-10-29,100.48831548786885,101.03671746552052,94.46514817663268,96.52864074707033,55162000,40.11414764993941,-1.4242005078915838,-0.931641303570769,-0.4925592043208148,12.048831462316164,0.08753202458954945,100.98213649751523,101.49561549106046,-1,1.3925374211929644,-0.029076365700237417,-0.05272285795210052,-0.10172120731229284,0.42696094449740013,0.27619667179226115,2.19,252.772,3.08,2.0,2.0
2018-10-30,96.35204186584778,97.02127638448658,93.05231168465076,96.41710662841795,65350900,39.935208447000676,-1.6027663546333173,-1.0658663137832787,-0.5369000408500386,11.82500444568594,0.11260144790289442,100.5473717480774,101.29645828076076,-1,1.5618954385752746,-0.0011554510432257858,-0.040425188128579204,-0.09917499584251066,0.42720018150732736,0.27618283248402375,2.19,252.772,3.12,2.0,2.0
2018-10-31,98.0065643630332,100.51621362859484,97.96008648749282,99.27997589111328,51062400,46.52858752240787,-1.496026192467994,-1.1518982895202219,-0.3441279029477722,10.607671336260326,0.3709886802999506,100.42666738074747,101.21738053999027,-1,1.172191443886727,0.02969254484817241,0.04388197758010093,-0.0725882462360139,0.44421078324483043,0.28251392230527395,2.19,252.772,3.15,1.0,2.0
2018-11-01,99.50305334836104,99.75401541854356,98.09020830491632,98.45271301269533,33384200,44.99168256816626,-1.4613416090787297,-1.2137869534319234,-0.24755465564680623,10.079319725574445,0.31356561634535324,100.23867172664727,101.10896220558655,-1,0.7676362239164711,-0.00833262569810922,-0.02197584405629316,-0.06090962069591854,0.44001757017842963,0.28272864947045667,2.2,252.594,3.14,1.0,2.0
2018-11-02,98.97322879309732,99.75400590724452,97.5789778679542,98.67578887939452,37680200,45.51432326803354,-1.3997183864692175,-1.2509732400393823,-0.14874514642983527,9.54276913457731,0.3549566504162042,100.08982574119463,101.0135436437751,-1,0.8579246325862773,0.0022658173642247093,-0.007479491944616612,-0.05324162678112432,0.4402959503848233,0.2827514866176102,2.2,252.594,3.22,1.0,2.0
2018-11-05,98.87098809740831,100.14439946741328,98.43412165106052,99.9306182861328,27922100,48.479636440138805,-1.2353865256368408,-1.247855897158874,0.012469371522033201,9.158813645032888,0.5027431570550891,100.07466312642684,100.97107598269109,-1,0.6369927625087688,0.012716689889066712,0.0352431932401962,-0.030130860929976966,0.4422607388634221,0.2837633169992848,2.2,252.594,3.2,0.0,2.0
2018-11-06,99.809759604291,101.1668294624676,98.78731048829776,100.12579345703124,24340200,48.945062323481416,-1.0769884839940858,-1.2136824145259164,0.13669393053183065,8.2275428747763,0.5525787586050674,100.0795326817225,100.93792764835149,-1,0.5564577025892903,0.0019531068079614577,0.0384650292702331,-0.04044190440983153,0.4393366746118547,0.2834057912603251,2.2,252.594,3.22,0.0,2.0
2018-11-07,101.7245559548158,104.32715358512851,101.6873750769007,104.06689453125,37901700,57.32793646322411,-0.6262242518976109,-1.0961907820002554,0.46996653010264455,8.979908416630865,0.9570528478101448,100.45928142929655,101.06063223199457,-1,0.8903884644659318,0.03936149655493204,0.04821635578746353,0.0546345330813085,0.4130836966579286,0.2932269020839806,2.2,252.594,3.22,0.0,2.0
2018-11-08,103.91818197356577,104.29927357618742,103.09092691090684,103.8717041015625,25644100,56.83024481518353,-0.28149567980966594,-0.9332517615621376,0.6517560817524717,9.452333380664722,0.8837857511705592,100.78427406475045,101.17087034452665,-1,0.6307799439128522,-0.001875624621707983,0.0550415618122011,0.055141152844850216,0.41300983996549895,0.29180167310411026,2.2,252.594,3.24,0.0,2.0
2018-11-09,103.03514234986072,103.59284130377816,101.0924894572175,101.84538269042967,32039200,51.802436340844324,-0.16984513698429282,-0.7805704366465687,0.6107252996622758,9.452333380664722,0.6699167785386818,100.88533202910085,101.19732180907187,-1,0.8036028592823401,-0.019507924979757285,0.03212129182883117,0.0,0.4028978880032538,0.29475800417863207,2.2,252.594,3.19,0.0,2.0
2018-11-12,101.7059537774086,102.20788495153992,98.62001207430744,99.33573150634766,33621800,46.33483847608574,-0.2806341778087358,-0.6805831848790022,0.39994900707026637,9.486560311228699,0.4089141720133728,100.73775102693388,101.12431826778857,-1,0.8416574607487447,-0.024641776757915235,-0.005952998089952755,-0.006784235156915841,0.40766011245926054,0.2992644923218237,2.2,252.594,3.19,0.0,2.0
2018-11-13,99.9677985808728,101.07389954139272,99.12194957835972,99.40080261230467,35374600,46.492534327906185,-0.3590457406255325,-0.6162756960283082,0.2572299554027757,9.121881827498285,0.4329093260750798,100.610422606493,101.05672941855391,-1,0.8813826215543156,0.0006550624329257904,-0.007240799994635672,-0.036576794378828215,0.3904688089452004,0.2989596812002615,2.2,252.594,3.14,0.0,2.0
2018-11-14,100.91307522100062,101.06244119526514,97.52441480419324,97.99117279052734,39495100,43.509787676887264,-0.5288367144770376,-0.5987878997180541,0.06995118524101651,8.90005037143477,0.2999838838114885,100.3609702430677,100.93651151157248,-1,0.9684279079643952,-0.014181272029314962,-0.05838284853304809,-0.04775137366873938,0.39295537006353276,0.29991258672070104,2.2,252.594,3.12,0.0,2.0
2018-11-15,98.00985317601788,100.63303825557124,97.00166120259762,100.1476058959961,38505200,48.90970546178772,-0.48381404780505477,-0.5757931293354543,0.09197908153039958,8.855440246231103,0.5470559157933153,100.34064982906088,100.90557403645184,-1,0.937261950879745,0.022006401638630102,-0.035852865203069184,-0.006972688801795246,0.39605666911444637,0.3025415976901216,2.2,252.594,3.11,0.0,2.0
2018-11-16,99.9608929894261,101.64121748251114,99.69950965420142,101.09044647216795,33502100,51.110194490723316,-0.36781397470296895,-0.5341972984089574,0.1663833237059884,8.865852190535534,0.6531105095292743,100.41205903316632,100.9128239358917,-1,0.8147700030217561,0.009414509390778703,-0.007412571864513828,0.0009001216251953714,0.39752810529624727,0.30299815520345713,2.2,252.594,3.08,0.0,2.0
2018-11-19,101.07176368870992,101.34248415525173,96.66557460896252,97.66443634033205,44773900,43.73831959230941,-0.5460390678355225,-0.5365656522942704,-0.009473415541252028,8.825930130349443,0.28821740938889195,100.15038068146781,100.78543618704622,-1,1.065287108769497,-0.033890543086869784,-0.016824712927279495,-0.04157680642574857,0.41418847679662396,0.31075109278631075,2.2,252.594,3.06,1.0,2.0
2018-11-20,95.0319342693762,96.12414631017516,92.74481573301163,94.94791412353516,64052500,38.94209967108093,-0.8961540718538146,-0.6084833362061793,-0.28767073564763523,9.662428817066097,0.05157874301314833,99.65490767595041,100.55651375318304,-1,1.4880705194766424,-0.027814855832788532,-0.044797309194144264,-0.055047075994484995,0.4225591383280625,0.31490277275612605,2.2,252.594,3.06,1.0,2.0
2018-11-21,96.71228088698892,97.48710107428582,95.44269823281878,96.2548599243164,28130600,42.22462987725455,-1.0559903322405404,-0.6979847354130516,-0.3580055968274888,9.303460670981814,0.16979305663123073,99.33109360436622,100.38782144616866,-1,0.6818607930771154,0.013764871117450728,-0.01771907424684671,0.012074314358138771,0.37817411610116186,0.316039125301184,2.2,252.594,3.06,1.0,2.0
2018-11-23,95.37733291169216,96.90829866058864,95.21863689285637,96.21749877929688,13823100,42.154860987749615,-1.1721644699554474,-0.7928206823215308,-0.37934378763391663,9.612630398047633,0.19912078460948454,99.03456076388342,100.22427938080114,-1,0.35567465897497585,-0.00038814814180709867,-0.03924314596976641,-0.044180346574075435,0.3145939044616804,0.3140805076341744,2.2,252.594,3.05,1.0,2.0
2018-11-26,97.82314932954016,99.5408154709154,97.6271118105025,99.3914566040039,32336200,49.750941286622265,-0.9966328770779,-0.8335831212728047,-0.1630497558050954,9.61200112532831,0.5325113069153387,99.0685508438949,100.19161966406399,-1,0.8576080082524634,0.03298732418712569,-0.016806631362853985,-0.00028102004289887184,0.33501914330525334,0.3216174773388431,2.2,252.594,3.07,1.0,2.0
2018-11-27,99.20476793171564,100.19429999158751,98.35527185477991,100.01692962646484,29124500,51.11334285158788,-0.7978552013555458,-0.8264375372893529,0.0285823359338071,9.326773404468799,0.5821707638145099,99.15887263271108,100.18476907435422,-1,0.8000526326922089,0.006293026018855397,0.024087512039029813,0.036137345894414086,0.3168217314331748,0.32183084254453176,2.2,252.594,3.06,0.0,2.0
2018-11-28,100.71706223355837,103.92836024018294,100.68905788710858,103.7323226928711,46788500,58.339147592053415,-0.3366407070864881,-0.72847817124878,0.3918374641622919,9.687459712049735,0.9259027927010963,99.59443930510727,100.32388882409998,-1,1.3189106390367782,0.03714764170708107,0.09251818378976373,0.07587052049430665,0.3395473396322697,0.33054203531585297,2.2,252.594,3.06,0.0,2.0
2018-11-29,102.99484269748052,103.73232134041751,101.78126880461438,102.86415100097656,28123200,56.247053583350684,-0.040709819965996985,-0.5909245009922235,0.5502146810262265,10.066928000136944,0.8048636828288668,99.90584041899959,100.42350694868338,-1,0.819246012383423,-0.008369345921858895,0.0686644921810382,0.036101691984638196,0.3280035176873619,0.32538884302704374,2.2,252.594,3.03,0.0,2.0
2018-11-30,103.3402230566209,103.59227637650852,102.08931497829984,103.51759338378906,33665600,57.482918280307345,0.2437352511358455,-0.4239925505666097,0.6677278017024553,10.458951787622901,0.8309369272575196,100.24981689183669,100.54484367162871,-1,0.9802977209976524,0.006352479230653518,0.07587075840785573,0.05144480244481042,0.3261207781498697,0.3255978943745113,2.2,252.594,3.01,0.0,2.0
2018-12-03,105.4872973878052,105.879372359043,103.36821941473914,104.6377944946289,34732800,59.59020509966109,0.5531742387483263,-0.22855919270362254,0.7817334314519488,11.06827506987274,0.8858039517419133,100.66771952067404,100.7053515470405,-1,1.0157319011488573,0.010821359676385978,0.0527845960797968,0.06042014645073057,0.3274291738046291,0.32609227063081403,2.27,252.767,2.98,0.0,2.0
2018-12-04,104.49777514683502,105.15123344686651,101.01575760539528,101.30514526367188,45197000,51.424258573510606,0.5234558517729511,-0.07815618380830783,0.6016120355812589,11.083446182106488,0.5794117190190615,100.72842673429288,100.72887286926134,-1,1.2891845779900764,-0.03184938336145926,0.012879975840271785,0.013754813100459007,0.34806013389133045,0.33230603314847135,2.27,252.767,2.91,1.0,2.0
2018-12-06,98.78467407364067,101.97729744753995,98.01919115143974,101.93062591552734,49107400,52.73342465954585,0.5441027988573666,0.046295612724827045,0.4978071861325395,11.145769299634269,0.6266741075491062,100.84292189441045,100.77600043970314,1,1.3529344265930847,0.006174223927397859,-0.017368711415806093,0.018025649497306118,0.348582801505918,0.33069789343083705,2.27,252.767,2.87,0.0,2.0
2018-12-07,101.1744810955278,102.17334312394328,97.36574049129504,97.85116577148438,45044900,44.33991389999812,0.22865156016672472,0.08276680221320659,0.14588475795351813,10.909997708970444,0.28507197888542174,100.55799273984607,100.66130104094947,-1,1.2289179536867825,-0.040021927731746954,-0.048734035917378016,-0.059728204514636674,0.34866169036237327,0.34084392328704766,2.27,252.767,2.85,1.0,2.0
2018-12-10,97.83250760207991,100.80108961516515,96.98300438071772,100.43701171875,40801500,49.794860347072756,0.18517574718337926,0.10324859120724113,0.08192715597613813,10.40363311384664,0.5392065959847263,100.54647073783693,100.65250538125537,-1,1.090599710226549,0.026426317222468798,-0.029759015490418927,-0.03306667982893752,0.36374032610583024,0.34453737705792137,2.27,252.767,2.85,1.0,2.0
2018-12-11,102.50005928067148,103.57359697908568,100.29696095881232,101.37049865722656,42381900,51.63752136914124,0.22346943014116505,0.12729275899402592,0.09617667114713913,10.347868915378026,0.6319275211804365,100.62494958730261,100.68066198031306,-1,1.1173973980941292,0.00929425241255255,-0.031224815595382704,-0.004662793939776089,0.35920724780093466,0.3450094163390225,2.27,252.767,2.89,1.0,2.0
2018-12-12,103.51759606677476,103.87232960814296,101.79059276780916,101.82793426513672,36183000,52.55644807115868,0.287415533030952,0.15931731380141115,0.12809821922954087,10.433474433585596,0.6625406349365757,100.73951955662014,100.72565305030615,1,0.9507535765918547,0.004512512160534277,0.005160537503837048,0.025088683809912027,0.34734615724205886,0.34449667445056664,2.27,252.767,2.91,0.0,2.0
2018-12-13,102.29468622461007,103.49892273381164,101.4078417406036,102.17332458496094,31333400,53.278312624213214,0.36179286954845224,0.19981242495081938,0.16198044459763286,10.542794411360996,0.6801922173510334,100.87607241646212,100.78242448303772,1,0.8277189452840197,0.003391901469049774,0.0023810181410512943,0.02789234995888301,0.3474205380457482,0.34397498485638867,2.27,252.767,2.91,0.0,2.0
2018-12-14,101.05311202380504,101.99596522488385,98.48594289617952,98.98070526123048,47043100,46.270193207091665,0.16126083251046452,0.19210210646274842,-0.030841273952283893,10.401808100545466,0.37184659393191427,100.69556125882102,100.71176882728057,-1,1.2304472736821952,-0.031247092494046003,0.011543444381479917,0.01009817968827087,0.36303827236838043,0.34893037521048437,2.27,252.767,2.89,1.0,2.0
2018-12-17,98.40194913893302,98.76601989854912,94.94793481758352,96.04948425292967,56957300,40.944971269529056,-0.23151848870865877,0.10737798742846699,-0.33889647613712576,11.067547850172916,0.13325287030073713,100.25307773445041,100.52893413809034,-1,1.4546575959085817,-0.02961406468629124,-0.0436843688470796,-0.040920814895189284,0.36933355056057077,0.3520829552287441,2.27,252.767,2.86,1.0,2.0
2018-12-18,96.85229591058,97.56177014470885,95.7040679674789,97.05767059326172,49319200,43.35954280986253,-0.45618806663208034,-0.005335223383642471,-0.4508528432484379,11.360011634503039,0.2485666755440677,99.9487532448134,100.39280615594019,-1,1.2346473913019533,0.010496530493356637,-0.04254519925514233,-0.039892749707229114,0.36979373183833053,0.3526031488916147,2.27,252.767,2.82,1.0,2.0
2018-12-19,96.75895366408557,99.77420694276609,94.61186359716716,96.79629516601562,68198200,42.87016198689648,-0.6478629772454951,-0.133840774156013,-0.5140222030894821,11.526740895209588,0.2331610545929547,99.64851914207075,100.2517665092765,-1,1.658629680356357,-0.0026929909367126026,-0.04941315107129496,-0.008889020475080667,0.34946183664595604,0.3524513126099466,2.27,252.767,2.77,1.0,2.0
2018-12-20,96.19883851128948,97.37506368837504,92.2127207113446,94.76122283935548,70334200,39.16380763999568,-0.9529945261235326,-0.29767152454951695,-0.6553230015740157,11.592712723601643,0.05966515192129281,99.18306235133596,100.03645107124038,-1,1.697611080323852,-0.021024279112850208,-0.0725443923422695,-0.0019662494526923036,0.34294022842244903,0.3547434199575789,2.27,252.767,2.79,2.0,2.0
2018-12-21,94.87323637990458,96.15215596989034,90.98047604655908,91.69928741455078,111242100,34.35164580468198,-1.4254543259283565,-0.5232280848252849,-0.9022262411030716,13.31760822807882,-0.09778016827663072,98.47032188116594,99.70950347686039,-1,2.4402231739829388,-0.03231211389067301,-0.07356401257661827,-0.04732823374682171,0.3576053706878642,0.3603423111999378,2.27,252.767,2.79,2.0,2.0
2018-12-24,91.1858491865592,91.4565696990963,87.73184260733048,87.87186431884766,43935200,29.476126729323042,-2.084692144510413,-0.8355208967623106,-1.2491712477481025,16.70133369136394,-0.18447561483615205,97.46094497046896,99.24528233340891,-1,0.9329561462705495,-0.041738853197410886,-0.08513965481113539,-0.08673717947701365,0.3848223365088565,0.36938153621826186,2.27,252.767,2.74,2.0,2.0
2018-12-26,88.81471896348042,93.99573603779795,87.71316970813734,93.87437438964844,51634800,43.11256043489541,-2.0985991232842167,-1.088136542066692,-1.0104625812175247,17.393127731394177,0.20575976172061466,97.11936681991462,99.03465849247713,-1,1.0744403722299525,0.06830980675475784,-0.03279798684797908,-0.05550861616141378,0.44195572130438626,0.39570410511998105,2.27,252.767,2.81,2.0,2.0
2018-12-27,92.69814039588393,94.46248504226271,89.99094260804416,94.4531478881836,49498500,44.232276700431655,-2.0394092791550804,-1.2783910894843697,-0.7610181896707107,17.847400375567855,0.26110901910683837,96.8654412073688,98.85499140995582,-1,1.0086072464208131,0.0061654045877612695,-0.02420699339590726,-0.055628399702534526,0.44192120317832834,0.39517438891423445,2.27,252.767,2.77,2.0,2.0
2018-12-28,95.3026497844539,95.60138175665948,92.90351382943496,93.7156753540039,38196300,43.06901237453767,-2.028624056092113,-1.4284376828059184,-0.6001863732861945,17.791898094502667,0.24559117049508294,96.56546350704834,98.65344960384006,-1,0.7851811682983023,-0.007807813192766577,-0.0110334950734442,-0.09656245111298922,0.41689113454332943,0.39532965598262937,2.27,252.767,2.72,2.0,2.0
2018-12-31,94.55583924715197,95.59204260708847,93.76235204848614,94.81722259521484,33173800,45.37966895721721,-1.909183157742845,-1.5245867777933038,-0.3845963799495413,17.528967375370616,0.3284761232278765,96.398964372588,98.50300932899201,-1,0.6784145527690643,0.011754140777942679,0.0340017383839486,-0.0782286960759081,0.42084517819046985,0.3963293816774455,2.27,252.767,2.69,2.0,2.0
2019-01-02,92.93152066752192,94.98525301906948,92.36207533763464,94.39714050292967,35329300,44.63564954013586,-1.8273578554834842,-1.5851409933313398,-0.24221686215214433,16.974267682315283,0.3242168603838367,96.20831448023958,98.34199486522486,-1,0.7212682077640661,-0.004430440807980052,0.07425899330421304,-0.08810534115728064,0.4190459287172277,0.394415501879555,2.4,252.561,2.66,2.0,2.0
2019-01-03,93.44495959946669,93.52897975146426,90.73776150201412,90.92446899414062,42579100,38.95040507731217,-2.0194473503633645,-1.6720022647377448,-0.3474450856256197,16.518801334466776,0.14345930034433446,95.70509110061111,98.05111149773137,-1,0.8623700771916522,-0.036787888809844516,-0.03142396862495733,-0.13105518485667422,0.4304077590061603,0.4010905479067277,2.4,252.561,2.56,2.0,1.0
2019-01-04,93.09023513883162,95.69474615051092,92.35275649777576,95.15330505371094,44060600,47.68831946897718,-1.8095881253563704,-1.6995194368614701,-0.11006868849490026,15.995338338143238,0.42509948416634846,95.65254004852538,97.93747202933841,-1,0.8934035637111146,0.04650932918665518,0.007412745696482315,-0.06072584165344452,0.45743761983588815,0.4123270089067511,2.4,252.561,2.67,2.0,1.0
2019-01-07,94.88256032634231,96.40418875666435,94.26644350456684,95.2746353149414,35656100,47.91864402815094,-1.6148676504481045,-1.682589079578797,0.06772142913069246,15.138176373246742,0.4518412905990145,95.61654912151738,97.83304706014637,-1,0.7329840348853045,0.0012751029631812294,0.016634996814019143,-0.06529922229754515,0.4564502716197383,0.41133949731657377,2.4,252.561,2.7,2.0,1.0
2019-01-08,96.1894959624217,97.05766618568376,94.9479178896194,95.9654541015625,31514400,49.28774104211748,-1.388797772308621,-1.6238308181247618,0.23503304581614093,15.046436063122648,0.5059208935252838,95.64977816723597,97.75980812059406,-1,0.656979774269001,0.007250815333351923,0.01210994664175713,-0.019271223342659516,0.435528614112769,0.3957578935244223,2.4,252.561,2.73,2.0,1.0
2019-01-09,96.95496967354111,97.90715283370336,96.3761872054195,97.33770751953124,32280800,51.98771267811551,-1.0863832330473286,-1.5163413011092752,0.4299580680619466,14.506371875362609,0.6161320251904242,95.81053334364503,97.7432551558465,-1,0.6789873453399076,0.014299452139479696,0.031151017932691483,-0.030858188094022854,0.4277091359816914,0.396872431225959,2.4,252.561,2.74,2.0,1.0
2019-01-10,96.3575314662056,96.85229385187884,95.57337425101286,96.71226501464844,30067600,50.66373339484296,-0.8869611786532374,-1.3904652766180678,0.5035040979648304,13.542711394251276,0.5943461395322283,95.89641255040726,97.70282416991716,-1,0.6407333967653912,-0.006425490396486877,0.06365498841550332,-0.045952557245766745,0.4260693466645477,0.3906072319055036,2.4,252.561,2.74,2.0,1.0
2019-01-11,96.3295247962696,96.56290381196196,94.88257205011205,95.9654541015625,28314200,49.05719489505899,-0.780185668378067,-1.2684093549700677,0.48822368659200066,12.156590579649402,0.5662249796342453,95.90298793623157,97.63469201037385,-1,0.608470344210751,-0.007721987619386472,0.008535163832650072,-0.057572415721501846,0.4256748601323789,0.3892217136010502,2.4,252.561,2.71,2.0,1.0
2019-01-14,95.12531384084032,96.03082580515516,94.52786396952908,95.26534271240234,28437100,47.53541307814113,-0.7434879786267885,-1.1634250797014118,0.41993710107462334,10.173184969749318,0.5426655004422066,95.8422598196764,97.54177635162988,-1,0.6130192130199243,-0.007295452261594226,-9.753490536434928e-05,-0.06761042474265722,0.4252527489584899,0.3837414375124286,2.4,252.561,2.71,2.0,1.0
2019-01-15,95.6947435360292,98.06587543659872,95.10662379716636,98.02853393554688,31587600,53.64702505222742,-0.4858379192417317,-1.027907647609476,0.5420697283677443,9.867572616890854,0.8444669013843573,96.05047640214025,97.5608648843325,-1,0.6924702877203567,0.029005209496661966,0.021498151113847452,-0.00961976703611711,0.4260333585767648,0.3885937925703056,2.4,252.561,2.72,2.0,1.0
2019-01-16,98.26192212273992,99.1954383694484,97.98186439986188,98.37393951416016,29853900,54.36269469974751,-0.2508850012672923,-0.8725031183410392,0.6216181170737469,10.335410387973852,0.851832476779582,96.27175860328501,97.59275016393359,-1,0.6745020689935642,0.003523520803038638,0.010645740700447437,0.02420060117251044,0.41154041324259466,0.3865812824884202,2.4,252.561,2.73,2.0,1.0
2019-01-17,98.01920986880708,99.54083884850569,97.79516795474144,99.06475067138672,28393000,55.83149373048317,-0.008838548702087223,-0.6997702044132489,0.6909316557111617,10.843461588989388,0.8922989570719796,96.53775784786612,97.65047567402979,-1,0.6570272738169783,0.007022298391609283,0.024324584440060137,0.020679252508913448,0.41069483718206923,0.3868621864279725,2.4,252.561,2.75,2.0,1.0
2019-01-18,100.3156550568816,100.72640448469052,98.86870914720116,100.54903411865234,37427600,58.8927716828341,0.2993040871203476,-0.49995534610652964,0.7992594332268772,11.86057191902736,0.972774200597273,96.91978415936957,97.76414463264244,-1,0.8980653285443042,0.01498296252911624,0.04776281277467764,0.03876944821287198,0.41331054704939296,0.38766426182062097,2.4,252.561,2.79,2.0,1.0
2019-01-22,99.65284603559896,99.97957525390608,97.8885011345778,98.65398406982422,32371300,53.768776322519535,0.3861434236887362,-0.3227355921474765,0.7088790158362127,12.234379619750788,0.7783627807297157,97.08494605560334,97.79904029684565,-1,0.8138059385838762,-0.018847023896737647,0.03557055757046812,0.04107968548556995,0.41173239022548974,0.3885549166439356,2.4,252.561,2.74,2.0,1.0
2019-01-23,99.06473032771795,99.92356342373856,98.33658179274823,99.6155014038086,25874300,55.866905535231616,0.5264816835551613,-0.15289213700694892,0.6793738205621103,12.214721122687683,0.8260024544763672,97.32595132686099,97.87027406574616,-1,0.7286631450515394,0.009746360910309004,0.016188832011964305,0.08632797715723228,0.3911399021112107,0.37195497504622466,2.4,252.561,2.76,2.0,1.0
2019-01-24,99.75550529446596,99.88619694499494,98.3365571999214,99.1393814086914,23164800,54.546795686880245,0.5924524381584746,-0.0038232219738642227,0.5962756601323388,9.870892073192191,0.7917701360097343,97.49865895370198,97.92004298115577,-1,0.6720131311310124,-0.0047795773590212365,0.007780941764775617,0.12822667616290673,0.3522499525705715,0.3532773705015321,2.4,252.561,2.72,2.0,1.0
2019-01-25,100.11026771916922,100.7077174721914,99.13941008996744,100.044921875,31225600,56.64510597049897,0.7096241783861643,0.13886625809814152,0.5707579202880229,10.07351801883158,0.8462943014323769,97.74116018430179,98.0033715652281,-1,0.9334925147894809,0.009134013682974285,0.009894247923407873,0.06573196919256374,0.27245377345187904,0.35285941675318416,2.4,252.561,2.76,2.0,1.0
2019-01-28,99.19542133717438,99.40079601573274,97.7017970233352,98.0938720703125,29476700,51.1646078811094,0.6376992134796637,0.23863284917444597,0.3990663643052178,9.902086810828333,0.629213890949685,97.77475179249329,98.00692060464317,-1,0.9083951363369303,-0.01950173750073214,-0.024417559749431716,0.03854529217426306,0.2839250474306479,0.34990274847093994,2.4,252.561,2.75,2.0,1.0
2019-01-29,97.90717749209948,97.99119765448268,95.37734941891804,96.09616088867188,31490500,46.23227961217945,0.41471894200061854,0.2738500677396805,0.14086887426093803,9.469796254812293,0.40444592362016746,97.61488599212935,97.93198885107567,-1,0.9805873871186369,-0.020365300497147132,-0.025927216272806586,0.025401145813396253,0.29316353095551456,0.3524940692497863,2.4,252.561,2.72,2.0,1.0
2019-01-30,97.66443596810448,99.3074188232422,97.39371550259447,99.3074188232422,49471900,53.92188723398085,0.49146188144003133,0.3173724304797507,0.1740894509602806,9.43842521215857,0.7299172379823673,97.77607959509247,97.98592728135671,-1,1.5023890925942684,0.03341713035019778,-0.003092717260113176,0.04735633574921816,0.3121891673608601,0.3538517039003889,2.4,252.561,2.7,2.0,0.0
2019-01-31,96.89896329180942,98.22455429760602,96.32018080996389,97.48707580566406,55636400,49.59218046394537,0.4007748624311631,0.33405291687003325,0.06672194556112987,9.046891986740818,0.5152616649580611,97.74855542467071,97.96636447838837,-1,1.6390558910328503,-0.01833038295777456,-0.01666649094990713,0.03273335703043356,0.3201122666963865,0.3554813007713913,2.4,252.561,2.63,2.0,0.0
2019-02-01,96.88030108632502,97.17902595765626,95.5453727595904,95.94678497314452,35535700,46.21096664125195,0.202284341098661,0.3076992017157588,-0.10541486061709782,6.879385354359284,0.253223418948004,97.57695823881107,97.8871652821043,-1,1.0578618334928207,-0.015799949068018404,-0.04096296768541485,0.05523613208373579,0.2932131013557494,0.35690243172883845,2.4,253.319,2.7,2.0,0.0
2019-02-04,96.03078993352754,98.76599199728813,95.93743263924966,98.70997619628906,31315100,52.47143758252703,0.26489210040696776,0.2991377814540006,-0.03424568104703285,6.528730057365103,0.6454231514389636,97.68486471095183,97.91943237677822,-1,0.9502459889672894,0.02879920597566632,0.006280760591598877,0.03737832480511849,0.26510290619498483,0.3608124976069302,2.4,253.319,2.73,2.0,0.0
2019-02-05,99.00871640388743,100.13827004297114,98.91536621726684,100.0915985107422,27325400,55.27449260046389,0.4211399357711798,0.32353821231743646,0.09760172345374335,6.376450742568827,0.831043763254596,97.914077453789,98.00461536242386,-1,0.8397945860242094,0.013996785002821976,0.041577494721137365,0.050558715652678776,0.26851496087339327,0.3619466062950697,2.4,253.319,2.71,2.0,0.0
2019-02-06,99.88621696579344,99.88621696579344,98.51394723802584,98.98070526123048,20609800,52.588908407449786,0.45013875057388475,0.3488583199687261,0.10128043060515862,6.116129175974795,0.6344821607332974,98.01566105449771,98.04289339767118,-1,0.6441978728761151,-0.011098766190575815,-0.0032899209936494422,0.031420172893433795,0.2721004743020628,0.3535428974385913,2.4,253.319,2.7,2.0,0.0
2019-02-07,98.19655673294592,98.56995745960565,97.35639085363684,98.27123260498048,29760700,50.88839227847122,0.41113272405948464,0.36131320078687784,0.0498195232726068,6.063368034019001,0.5086200113272888,98.04000120216274,98.05184787638919,-1,0.933904583305091,-0.007167787442790563,0.008043700078558036,0.009590580148622685,0.26949134914675393,0.3537776313187289,2.4,253.319,2.65,2.0,0.0
2019-02-08,97.44974620897916,98.74733303284984,97.3283916785882,98.64464569091795,21461100,51.77232953427592,0.4056751121465254,0.3701855830588074,0.03548952908771802,5.899646762976745,0.5565709401053607,98.097586391568,98.07509484950796,1,0.6826780283576789,0.003799820924588193,0.028118302437424747,0.019980719880532627,0.2684512791567656,0.3517220782173422,2.4,253.319,2.63,2.0,0.0
2019-02-11,99.13940086810364,99.49414152244988,97.9911801241993,98.2525634765625,18914100,50.739669863023636,0.3654989134952302,0.36924824914609194,-0.003749335650861718,5.4725059257311175,0.4668981255609416,98.11234611394843,98.0820544035101,1,0.6107897436692337,-0.003974693320750178,-0.004633905683625872,0.023832632236382656,0.26715372100003276,0.34811100272011786,2.4,253.319,2.65,2.0,0.0
2019-02-12,99.08341687081304,100.01693314592691,98.46729983276316,99.78355407714844,25056600,54.55170723178673,0.4519869093166591,0.3857959811802054,0.06619092813645366,4.715937550456271,0.7421816174024165,98.27150877711034,98.14877988090768,1,0.813589238513839,0.015582194971952568,-0.003077625277017715,0.04742765035114793,0.2697682078302913,0.3495827182235556,2.4,253.319,2.68,2.0,0.0
2019-02-13,100.35299075701082,100.61437415152945,99.61551210981132,99.7088623046875,18394900,54.33080966461188,0.5086389936036113,0.4103645836648866,0.09827440993872472,4.761382506309237,0.7059085674616475,98.40839958926055,98.20995958380101,1,0.6103563046880729,-0.0007485379043844498,0.007356555416889288,0.017141216966943817,0.2513396100194527,0.34830836035648827,2.4,253.319,2.71,2.0,0.0
2019-02-14,99.24208379432297,100.15693260911968,98.63530409135902,99.79286193847656,21784700,54.55368937220019,0.5539288994457507,0.4390774468210594,0.11485145262469132,4.832427918426911,0.705469388841112,98.54025314632875,98.27203418594515,1,0.7326402890109842,0.000842449024564873,0.015483975250545123,0.014423763359727726,0.2511423448510047,0.34542510588637215,2.4,253.319,2.66,2.0,0.0
2019-02-15,100.73574346284995,101.09981423602228,100.22230666880492,101.02513122558594,26606900,57.80682617593405,0.6814005477302771,0.487542067002903,0.19385848072737416,5.206031528405673,0.9108090013499396,98.7769082014961,98.37999877573499,1,0.8975110814716917,0.012348270839943165,0.024131928479186993,0.019788880917917195,0.25357844360909104,0.34581447847267915,2.4,253.319,2.66,2.0,0.0
2019-02-19,100.62370576121305,101.43586736841188,100.6143686055911,100.97843933105467,18038500,57.63846704660746,0.7697815392984921,0.5439899614620208,0.2257915778364713,5.327748619931196,0.8884045775562808,98.98657783288263,98.48189840535537,1,0.6290506787093625,-0.00046218098372974303,0.027743559638954585,0.004270605045251896,0.24822174440313438,0.3382779748635104,2.4,253.319,2.65,2.0,0.0
2019-02-20,101.11906401010476,101.19406595920144,99.64718473383542,100.45343780517578,21607700,55.67500913729852,0.7883730031146143,0.5928665697925396,0.19550643332207474,5.4798766687752165,0.7639454809984938,99.12627878262484,98.55921367593656,1,0.7679305640110358,-0.0051991447813695135,0.006713368091794125,0.018240051350363773,0.2386801851884252,0.3331701620363353,2.4,253.319,2.65,2.0,0.0
2019-02-21,100.21907010468756,102.637829512414,100.19094615966888,102.57220458984376,29063200,61.39115448320704,0.9629730900310847,0.6668878738402486,0.29608521619083605,6.289208559943299,1.045645599820417,99.45446219283616,98.7165858686388,1,1.0270765308637677,0.021092028615060654,0.02871702894780359,0.02968115548653083,0.24728158920188134,0.33466912669415383,2.4,253.319,2.69,2.0,0.0
2019-02-22,103.17219753056224,104.25032014897984,102.956568715331,104.03469848632812,27763200,64.76854143522108,1.2054601573913857,0.7746023305504761,0.43085782684090956,7.5863499863765105,1.1126975746047794,99.89067517316873,98.92513930462663,1,0.9732275829842919,0.014258189168619761,0.04250641243726139,0.04937812812706888,0.2500578951798762,0.33572633232321697,2.4,253.319,2.65,2.0,0.0
2019-02-25,104.7753171947006,105.16906666258984,104.30656578457186,104.61593627929688,23750600,66.04001112359725,1.4280720123704356,0.9052962669144681,0.5227757454559675,8.827892479794542,1.0654157798083714,100.34070004041904,99.14830781343723,1,0.8436203576966513,0.005586960902713933,0.035543681162786944,0.04568961940924976,0.24912043503787867,0.32953504488588736,2.4,253.319,2.67,2.0,0.0
2019-02-26,104.3065626898836,106.16281421347584,104.22218371922284,105.33781433105467,21536700,67.6037519656293,1.6437943984643795,1.0529958932244505,0.5907985052399289,9.964915758646917,1.0351792633668393,100.81661568714624,99.39103355922614,1,0.7759243570397012,0.006900268519612229,0.043171344584836735,0.07384704169440681,0.23558676188400834,0.32957973615579794,2.4,253.319,2.64,2.0,0.0
2019-02-27,104.709701100158,105.33782632600104,103.95031888805424,105.15969848632812,21487100,66.7865867172746,1.779866292850798,1.1983699731497202,0.5814963197010778,10.20330353857613,0.9587281089058913,101.23024262040165,99.61725571323015,1,0.7883434170402387,-0.0016909012765992104,0.04685017042701811,0.09431737453233358,0.218868109303548,0.32113971691519133,2.4,253.319,2.69,2.0,0.0
2019-02-28,105.03783467411832,105.82533374360462,104.74721103931935,105.02845764160156,29083900,66.15208359626679,1.8557225952226446,1.3298404975643052,0.5258820976583394,10.846724621808914,0.8921036449445712,101.59197738432546,99.82945971042119,1,1.108523336566093,-0.0012480146540513326,0.023946575600862108,0.05760937990486159,0.19209332730888257,0.3206526279170388,2.4,253.319,2.73,2.0,0.0
2019-03-01,105.83470162783632,105.95657442969932,104.69094694737922,105.49720001220705,23501200,67.34535533493437,1.931398889092506,1.4501521758699454,0.48124671322256063,11.117016838574413,0.8871239484565018,101.96390334888561,100.05172403598142,1,0.9541753290874022,0.004463003467165327,0.014057824429328347,0.08216601165174753,0.174839163773455,0.3205259019403522,2.41,254.277,2.76,2.0,0.0
2019-03-04,105.9565843387958,106.17221317272777,103.87533371788184,105.24408721923828,26608000,65.99245358590684,1.948487855060364,1.5498193117080292,0.3986685433523347,10.545275635029482,0.8392387915605645,102.27630181272872,100.25534612159935,1,1.1002556705055146,-0.0023992370692252907,0.006004352322235285,0.09690061265415073,0.16044782584096892,0.3198278640445878,2.41,254.277,2.72,2.0,0.0
2019-03-05,105.2346845535561,105.36593436743,104.27843488782086,104.71905517578124,19538300,63.15816223727241,1.897788758206005,1.6194132010076245,0.27837555719838036,10.494414878814743,0.7626922838064968,102.50894499016229,100.43039353548883,1,0.8280824916517021,-0.004988708224181071,-0.005874045889435409,0.060876106053787904,0.13689540484213755,0.31280362828686603,2.41,254.277,2.72,2.0,0.0
2019-03-06,104.87844835358966,105.61907647716367,104.46594480309798,104.76594543457033,17687000,63.30972158446818,1.8401805547254355,1.6635666717511868,0.17661388297424874,10.607223566591898,0.7420602407012508,102.72389741343925,100.60041517859007,1,0.7652499425640698,0.00044777198104384297,-0.0037443341643755845,0.046700692099811425,0.13082387047173497,0.312585599902592,2.41,254.277,2.69,2.0,0.0
2019-03-07,104.43783153366452,104.5784584086641,103.00345314434466,103.49095153808594,25339000,56.50320814071471,1.67236628897723,1.6653265951963956,0.007039693780834355,10.246573150291791,0.6069769073206741,102.79695018721512,100.71376954562912,1,1.0852205881408203,-0.01216992688984675,-0.014638947748449316,0.045566924027788946,0.13234858736041716,0.30175249147996624,2.41,254.277,2.64,2.0,0.0
2019-03-08,102.33781194613977,103.79093703527212,102.00031035648524,103.60343933105467,22818400,56.94303293813883,1.5308029555483387,1.6384218672667843,-0.10761891171844562,9.579880018449751,0.5984494884369195,102.8737586771046,100.8270899293713,1,0.9920157133786525,0.001086933604309781,-0.017950814627622824,0.05426009814599553,0.12771317376701422,0.2971678459650064,2.41,254.277,2.62,2.0,0.0
2019-03-11,104.05344102065204,105.89094577839636,104.04407114185577,105.77845001220705,26491600,64.43200984776001,1.5759515896142204,1.6259278117362717,-0.04997622212205122,9.201034844908182,0.7940280532427072,103.15039594711436,101.02126091301191,1,1.139248236185568,0.020993614644416736,0.0050773664068710644,0.07231821120470494,0.14305051190136076,0.29954375080904966,2.41,254.277,2.64,2.0,0.0
2019-03-12,105.7690759414306,106.86595260795472,105.60970216648184,106.51908111572266,26132700,66.56461577102212,1.652446572258384,1.6312315638406942,0.021215008417689862,8.598102708945115,0.8502022244316854,103.47122310602944,101.23686170527509,1,1.1066374021734942,0.0070017201370424775,0.01718909645355282,0.08413538890648975,0.14072719251139887,0.2997204966844432,2.41,254.277,2.61,2.0,0.0
2019-03-13,106.99719942891696,107.81282949655858,106.6690748566172,107.34407806396484,35513800,68.80812493291319,1.7593589611156233,1.6568570432956802,0.10250191781994311,8.54666198854658,0.9014179059292582,103.84006643535662,101.47636038600803,1,1.4713201976851662,0.007745062570957639,0.02460849867483561,0.07576923929739898,0.13495542101888863,0.30001424868693316,2.41,254.277,2.61,2.0,0.0
2019-03-14,107.38158068565444,108.00032886683742,107.18470593925169,107.42845153808594,30763400,69.0369499675165,1.8298032014765084,1.691446274931846,0.13835692654466247,8.237906879109394,0.8797733039768664,104.18181739752131,101.7097757253052,1,1.242674694955262,0.0007860095837872727,0.03804680449334685,0.07742129490765959,0.13440054976593463,0.29223746945193685,2.41,254.277,2.63,2.0,0.0
2019-03-15,108.13157871133323,109.92221264479788,107.4284515515584,108.66596221923828,54681100,72.25222365870047,1.9628609005238076,1.7457292000502385,0.2171317004735691,8.073949418846947,0.9798293956960099,104.6088788091134,101.98256735251827,1,2.0712055382043184,0.011519394196179089,0.048864428834324736,0.08891517998784404,0.13663756836140126,0.2854758443664896,2.41,254.277,2.59,2.0,0.0
2019-03-18,108.90970827748548,110.25971471877288,108.79721250909778,110.2222137451172,31207600,75.67337019270187,2.16888502120905,1.8303603642820008,0.33852465692704925,8.661636974536984,1.0657851820154411,105.14348213635186,102.30569074046333,1,1.171867753885091,0.014321425900956086,0.042010104443743757,0.09103757063175166,0.13831671272353083,0.2860542155292048,2.41,254.277,2.6,2.0,0.0
2019-03-19,110.70969942179,111.03783111556304,109.6784477983593,110.29720306396484,37588700,75.82802376335766,2.3115653460846772,1.9266013606425363,0.38496398544214094,8.877242789651618,1.0078783410290713,105.63431270088644,102.61908338060066,1,1.3615068878186738,0.0006803466950959791,0.035468968645510746,0.09228468764860676,0.1378474920270933,0.28589503356306817,2.41,254.277,2.61,2.0,0.0
2019-03-20,110.05346594184644,111.32847047060032,109.4159636774695,110.1753387451172,28113300,74.99364297467041,2.3872879302120964,2.0187386745564484,0.368549255655648,8.46253132652951,0.9625658026947416,106.06679137176556,102.91540712038562,1,1.006438877560372,-0.0011048722493621765,0.02637556474671343,0.09678017151385632,0.13478020979135386,0.2817967946999265,2.41,254.277,2.54,2.0,0.0
2019-03-21,109.8190709453388,113.26908133204434,109.77219294707103,112.70658111572266,29854400,79.93289449440691,2.621331648990278,2.1392572694432146,0.48207437954706345,9.506865280833399,1.109691315826884,106.69915229976148,103.2993747280459,1,1.0672577127944805,0.02297467291170574,0.049131580154680776,0.09880236625900074,0.1378501554883657,0.27494242672520997,2.41,254.277,2.54,2.0,0.0
2019-03-22,112.03159758800332,112.11596941654687,109.72534129094475,109.7347183227539,33624500,63.95955109976965,2.5377548337906006,2.218956782312692,0.31879805147790874,9.569806702456159,0.7854569495903784,106.98825382576076,103.55174114352465,1,1.1895713110402881,-0.026368138963574483,0.009835242625095164,0.05478960307819669,0.17267131786080817,0.26531866776469437,2.41,254.277,2.44,2.0,0.0
2019-03-25,109.27534349275352,110.63472708580538,109.05034478350288,110.30660247802734,27067100,65.39273385558575,2.4889745284703224,2.272960331544218,0.21601419692610424,9.751005144826221,0.8069230950621291,107.30428703073854,103.81663766644633,1,0.9519979150172571,0.005211515225212571,0.0007656236437536545,0.05439578711543436,0.17259308061569964,0.2313486949991443,2.41,254.277,2.43,2.0,0.0
2019-03-26,111.20659604617036,111.29096787353257,109.54721191558592,110.5409698486328,26097700,65.9896269371234,2.441087931034417,2.306585851442258,0.13450207959215899,9.986778953948315,0.796545511788106,107.61254253720466,104.08033696770855,1,0.9105985567311027,0.0021246903208005374,0.0022100903549349127,0.049394944736803614,0.17187187139495028,0.23123874964061672,2.41,254.277,2.41,2.0,0.0
2019-03-27,110.51284256730558,110.8222202501356,108.30033508522752,109.4722137451172,22733400,60.836622778323644,2.2904943785630394,2.3033675568664145,-0.012873178303375088,9.920808169117839,0.6775742759276602,107.78965408081538,104.29178311584222,1,0.7914907795366346,-0.0096684161988001,-0.006381872822071588,0.04100920144184084,0.1767037925108161,0.23163305075413426,2.41,254.277,2.39,2.0,0.0
2019-03-28,110.100343756591,110.23159359144768,108.87221008388956,109.6222152709961,18334800,61.29346981606928,2.158371410701875,2.2743683276335065,-0.1159969169316315,9.781889395731884,0.6721560094135322,107.96418371797544,104.5008196709463,1,0.6505208481167154,0.0013702246510529648,-0.027366333129736797,0.04373821850331505,0.1763074324772497,0.23086643701651963,2.41,254.277,2.39,2.0,0.0
2019-03-29,110.69095695836712,110.92533266185758,109.6503282626632,110.56908416748048,25399800,64.13735374531214,2.1057931408925725,2.24065329028532,-0.13486014939274726,9.794335400800769,0.7370371801719148,108.21226947507117,104.73879082767313,1,0.8981627476641396,0.008637563965877115,0.007603480990150402,0.04807600727494732,0.17763858776275845,0.23075863294511495,2.41,254.277,2.41,2.0,1.0
2019-04-01,111.51597145504849,111.66597535815288,110.71909538940078,111.58159637451172,22789100,66.93499081647667,2.121371901678188,2.2167970125638936,-0.0954251108857056,9.851106258510825,0.8001388719446323,108.53315775120836,105.00713614323543,1,0.8113238077047477,0.009157281302046183,0.011558636272369638,0.06021724661900962,0.17825753392123572,0.21540741874071573,2.42,255.233,2.49,2.0,1.0
2019-04-02,111.61909446999734,112.01285112919574,111.11284203895332,111.74097442626952,18142300,67.36653489491394,2.1221162237822995,2.197860854807575,-0.0757446310252754,9.661850561204842,0.7867799366297031,108.83866410121419,105.27120823276618,1,0.6475002574147494,0.0014283542890249912,0.010855744972021908,0.0670548377150777,0.17591208962524274,0.1967931220271548,2.42,255.233,2.48,2.0,1.0
2019-04-03,112.36909548576531,112.90347183991516,111.70346930095263,112.47222137451172,22860700,69.34350135672294,2.156848811344375,2.189658446114935,-0.03280963477055998,9.463977605479556,0.8252416455099972,109.18471717486158,105.5536009049915,1,0.8084364800918887,0.00654412539354321,0.027404283943498253,0.07355706959905417,0.17595250371723267,0.19692710413741257,2.42,255.233,2.52,2.0,1.0
2019-04-04,112.59407962694294,112.71595956294009,110.9815737413245,111.90032958984376,20112800,65.97711537798313,2.113860481895628,2.1744988532710736,-0.06063837137544548,8.403615314521387,0.7570655947963199,109.4433469286694,105.8024922259661,1,0.7178948300207451,-0.005084738059575211,0.020781502300568855,0.08125713337038043,0.1691411685447163,0.19735414040830335,2.42,255.233,2.51,2.0,1.0
2019-04-05,111.92848056418076,112.71598678921438,111.90973365165668,112.39723205566406,15826200,67.45546837352872,2.0957295318015525,2.1587449889771695,-0.06301545717561696,7.046727707479733,0.8127220805525193,109.7246693217165,106.06110947418956,1,0.572029602320475,0.004440580895888502,0.016533987795489535,0.08487935131680024,0.16881795506207992,0.1959038569344076,2.42,255.233,2.5,2.0,1.0
2019-04-08,112.32221997764483,112.51909472801536,111.2253433030464,112.43472290039062,15116200,67.56996513060979,2.060632136500317,2.139122418481799,-0.07849028198148211,6.34903885446349,0.8038711043802683,109.98276966254261,106.31105509874646,1,0.5578349382500097,0.00033355665474044116,0.007645763760320001,0.06292654966503508,0.15718668524809828,0.19508763769839182,2.42,255.233,2.52,2.0,1.0
2019-04-09,111.21594680434562,112.06907772586725,111.16907595917364,111.82532501220705,17612000,63.65006999892486,1.9610382529590566,2.1035055853772504,-0.14246733241819376,5.596300312665268,0.7025592013232903,110.15825112441541,106.5273009777057,1,0.6603192980489424,-0.005420015031508241,0.0007548760548279354,0.04981496123421936,0.1592362280793864,0.19462424836248227,2.42,255.233,2.51,2.0,1.0
2019-04-10,112.27534029612453,112.82846352949576,112.06908853026442,112.678466796875,16477200,66.57364801418427,1.9287177372468562,2.0685480157511718,-0.1398302785043155,5.1328948593887915,0.823390985070503,110.39827166464966,106.76852316669275,1,0.6406347716563475,0.007629235904969001,0.001833745433697187,0.04969429920234125,0.15918614949696633,0.19379246681417617,2.42,255.233,2.48,2.0,1.0
2019-04-11,113.00659000353195,113.297213586907,112.42533568420306,112.8097152709961,14209100,67.01319878420881,1.8918856703110976,2.033215546663157,-0.14132987635205962,4.50137894830184,0.8403124048416849,110.62793296049217,107.00543266097915,1,0.5708208127781974,0.0011648052893522554,0.008126747119383548,0.05009160660760692,0.15914012502283711,0.18620277253691028,2.42,255.233,2.51,2.0,1.0
2019-04-12,113.10035233413568,113.41910704807393,112.8472296914439,113.39097595214844,19745100,68.95992210861392,1.887837060578022,2.00413984944613,-0.1163027888681083,4.355815406010917,0.9220758425023614,110.89107991207848,107.25584612337795,1,0.8530822272915802,0.005152576440389245,0.008841355594880085,0.043482003346891895,0.15594510692809319,0.18627620696563457,2.42,255.233,2.56,2.0,1.0
2019-04-15,113.38159244116478,113.98159366900391,113.03471382558511,113.4847183227539,15792600,69.2748475482566,1.8706292841052203,1.9774377363779483,-0.10680845227272795,4.551303855381948,0.8896843916419933,111.13809309404756,107.5001156213927,1,0.705819256888873,0.000826718085970235,0.0093387113453689,0.029599338162278777,0.14927558995850723,0.1860502652770389,2.42,255.233,2.55,2.0,1.0
2019-04-16,114.03784378296072,114.04722081399224,112.5940885650084,113.2222137451172,14071800,67.2182111159837,1.8148891592041707,1.944928020943193,-0.13003886173902224,4.6188830650094115,0.8042198249291062,111.33658077510181,107.72451162624463,1,0.6637953054872151,-0.0023131271021895605,0.012491702865676135,0.02651935497816793,0.14986043985037859,0.18440297006863113,2.42,255.233,2.6,2.0,1.0
2019-04-17,113.6628384014548,114.2347156863512,113.00658929710424,114.1597137451172,19300900,70.57773079615654,1.8253219484218022,1.921006806438915,-0.0956848580171128,4.834334162671466,0.926677553031273,111.60545058176994,107.9768724936514,1,0.9297881313984686,0.008280177263716881,0.013145785440198177,0.03616394599173933,0.15152946265794226,0.17954035928723244,2.42,255.233,2.59,1.0,1.0
2019-04-18,114.55346024363898,115.8003334317888,113.71908339068946,115.6597137451172,27991000,74.99346327913004,1.9323525160604476,1.9232759483632216,0.009076567697225979,5.640030222027735,1.0793284409567963,111.9915708830411,108.27816038586575,1,1.3544983683934573,0.013139486345848939,0.025263767994402997,0.026201953782649,0.13700854208534827,0.18025048845848032,2.42,255.233,2.57,1.0,1.0
2019-04-22,114.9565922627562,116.2503435107704,114.9097142632124,116.0253448486328,15648700,75.94130372542169,2.0233544161596626,1.94329164192251,0.08006277423715269,6.115340149419329,1.0402441284797799,112.37573983214507,108.58197154126837,1,0.7916808426409935,0.003161265852009265,0.02323261506802865,0.0573257636418838,0.08840660778973164,0.17961425916635135,2.42,255.233,2.59,1.0,1.0
2019-04-23,116.34409954656245,117.73160687940288,116.09097693008871,117.60035705566406,24025500,79.53906708428269,2.1972360305742455,1.994080519652857,0.2031555109213885,7.109306486781717,1.1142954970197225,112.87332242486117,108.9356337183035,1,1.2248943311642575,0.01357472549714056,0.03626601707910271,0.06612255670815004,0.09597164704313384,0.18051310351303607,2.42,255.233,2.57,1.0,1.0
2019-04-24,117.92847084340762,117.98471871913544,116.73783835492796,117.1972198486328,31257000,76.39021765411321,2.276269244377204,2.0505182645977267,0.22575097977947722,7.666671580948939,0.9830181240638819,113.28512217950609,109.25961748812034,1,1.5728921298027254,-0.0034280270666222634,0.03510800550556281,0.060215230688807964,0.09878556380734098,0.17488733263759362,2.42,255.233,2.53,1.0,1.0
2019-04-25,121.93160689853772,123.15973322754628,120.7784825070844,121.07847595214844,38033900,83.26098677499915,2.6218653347382883,2.164787678625839,0.4570776561124492,9.304476048574221,1.2082799395692863,114.02734634832917,109.7231021337685,1,1.8429656736201647,0.033117305244343864,0.060605987699642094,0.1060201653915025,0.1346070087491263,0.17822317866477558,2.42,255.233,2.54,1.0,1.0
2019-04-26,121.5941423348809,122.36290169989836,120.95664712939822,121.77227020263672,23654900,84.14898776956352,2.9180981054619934,2.3154497639930702,0.6026483414689232,10.606604192583246,1.1251461820099558,114.76495814397751,110.19561852862608,1,1.1316325525011792,0.005730120444879638,0.052849486304193505,0.11083569969467022,0.13391797861437643,0.16771682321206846,2.42,255.233,2.51,1.0,1.0
2019-04-29,121.78163281220324,122.04413250527764,121.26601761126727,121.6597671508789,16324200,83.37658117511009,3.107960025911993,2.473951816376855,0.6340082095351378,11.553187634903903,1.0208401053639777,115.42160662082526,110.64519298440071,1,0.7982665641705738,-0.0009238807125021564,0.04856199573978248,0.10030546121372597,0.13502598351608508,0.16167371367181485,2.42,255.233,2.54,1.0,1.0
2019-04-30,121.6972310194508,122.53160790386856,121.3034815767639,122.4378662109375,24166500,84.44036126305626,3.2833644752047064,2.6358343481424256,0.6475301270622809,12.575500461045575,0.9924736412120911,116.08982181988357,111.10765075799038,1,1.177794792291613,0.006395697429649072,0.04113515703854276,0.09729444809149235,0.13420668387706608,0.15649256929986854,2.42,255.233,2.51,1.0,1.0
2019-05-01,122.3722549561349,122.48475072884068,119.71911997693591,119.88787078857422,26821700,68.88309292973899,3.179953916311561,2.744658261776253,0.43529565453530816,12.652384572169876,0.7857455078059947,116.45154076928267,111.45197311213093,1,1.2801254271587026,-0.020826852846080435,0.022958317129165406,0.07290876425711046,0.162148660561253,0.15646389450718892,2.39,255.296,2.52,2.0,1.0
2019-05-02,119.98163464792076,120.00038156040434,117.67537102053625,118.32225036621094,27350200,61.403036587262,2.937802659368444,2.783287141294691,0.15451551807375274,12.494803936261862,0.6604169215448586,116.62970358803774,111.72139574954583,1,1.291512557919901,-0.013059039351230983,-0.022763960020662943,0.05201310083686983,0.17204324107639637,0.1583986182087659,2.39,255.296,2.55,2.0,1.0
2019-05-03,119.40036052338766,121.34098393504276,119.29723464029384,120.84410858154295,24911100,67.52108150089776,2.915777655757239,2.809785244187201,0.10599241157003814,12.510839611651758,0.8020071081511446,117.0310754921811,112.07914919393788,1,1.1631575039956967,0.02131347407209372,-0.007622109857599257,0.07992629712961041,0.18148644613341647,0.16004825268429101,2.39,255.296,2.54,2.0,1.0
2019-05-06,118.49098372808857,120.52536318032504,118.22848407651986,120.14098358154295,24239800,64.45345633846122,2.809203619813914,2.8096689193125437,-0.0004652994986296122,12.334374440284723,0.7296514093041235,117.32725721497746,112.39529956207926,1,1.1100095386507687,-0.005818446660356247,-0.01248386056380002,0.06889628315796825,0.18467726101971188,0.1596907633961785,2.39,255.296,2.51,2.0,1.0
2019-05-07,118.556639713501,119.23164308163454,116.45663479798188,117.67538452148438,36017700,55.014672635575344,2.497005762134961,2.7471362878770273,-0.2501305257420663,11.823312621328661,0.5420205767808401,117.36041219654955,112.60236171735005,1,1.5740250920516052,-0.020522547648239575,-0.038897130739343866,0.04661070429049419,0.20340758223310268,0.1671380387211634,2.39,255.296,2.45,2.0,1.0
2019-05-08,117.6003449435224,118.47222277003422,116.953465769878,117.6659698486328,28419000,54.98156300270609,2.22319936683553,2.642348903668728,-0.4191495368331979,11.053595583426072,0.521602561720602,117.38951292531938,112.8009345852435,1,1.2133000638904798,-8.000545645003854e-05,-0.018533158736798394,0.05223007253310619,0.20159468268367273,0.16663824714215703,2.39,255.296,2.49,2.0,1.0
2019-05-09,116.5222234267758,117.928477621423,115.84722026893256,117.65660095214844,27235800,54.946124057680585,1.982595705079845,2.5103982639509517,-0.5278025588711066,10.401040999517393,0.5018001242914427,117.41494988025548,112.99135287414173,1,1.136680393934683,-7.962282124907016e-05,-0.005625733215876894,0.04417999549326046,0.200882643565135,0.1647087617074187,2.39,255.296,2.45,2.0,1.0
2019-05-10,117.10347278840226,119.93472796688296,116.08159106412089,119.18472290039062,30915100,59.5282776890517,1.8933963453865346,2.3869978802380682,-0.4936015348515337,9.717272992940895,0.6074343875953664,117.58349969169691,113.23423013007306,1,1.2467714209377474,0.01298798312951166,-0.01373162250630211,0.056511157873949225,0.20440131489245103,0.16584414227778038,2.39,255.296,2.47,2.0,1.0
2019-05-13,116.3534878024182,117.70349429405978,115.35035996559554,115.64098358154295,33944900,47.47088837796648,1.51924218520152,2.213446741230759,-0.6942045560292387,9.231630491013416,0.2775250909906921,117.39849815739653,113.328612618366,1,1.3308534051540188,-0.029733167411140182,-0.03745599433140756,0.01984291616242939,0.23507747477586546,0.1791989578693411,2.39,255.296,2.4,2.0,1.0
2019-05-14,116.12848510472882,118.01286075639663,115.96910417809224,116.93473815917967,25266300,51.345496850868884,1.311993653526713,2.03315612368995,-0.7211624701632369,8.564860778920504,0.3712751749873664,117.35433053851874,113.47002930624105,1,0.9725363551682461,0.011187682234857776,-0.006293978688206248,0.030400743707305278,0.23781359950823663,0.17894581958095698,2.39,255.296,2.42,2.0,1.0
2019-05-15,116.92534358658963,119.23072528652916,116.39839365990272,118.58145141601562,24722700,55.81307644927144,1.266029694457572,1.8797308378434743,-0.6137011433859023,7.611919674141079,0.5083322299343157,117.47119919351844,113.67047723211456,1,0.932497672310767,0.014082327311447207,0.007780342681580121,0.04733380044098934,0.24135912038987312,0.180389279340844,2.39,255.296,2.37,2.0,1.0
2019-05-16,119.2683493813166,121.7431134147513,118.99546630033817,121.31966400146484,30112200,62.05276925588364,1.434023269587854,1.7905893241923503,-0.3565660546044962,7.065809962236481,0.7923511508511732,117.8377196514181,113.97044534071654,1,1.1130854314748395,0.02309140723740022,0.031133510739496773,0.0627187124201587,0.25145379589685696,0.18426249651314824,2.39,255.296,2.4,2.0,1.0
2019-05-17,120.73627666366038,122.75937778703118,120.36929766667495,120.5104522705078,25770500,59.383955563201155,1.484747519205186,1.7294209631949176,-0.24467344398973156,6.692996524990715,0.6760738367773795,118.09226561514093,114.22691620070836,1,0.9565217875438189,-0.006670078899553178,0.011123316293021546,0.04193974175035842,0.25079376045395674,0.18157574181654268,2.39,255.296,2.39,2.0,1.0
2019-05-20,119.05191806563252,120.05875903447829,118.33678365084576,118.7696304321289,23706900,54.00308551825397,1.368699562206146,1.6572766829971632,-0.28857712079101727,6.261221523727334,0.43645868165939283,118.15677655009216,114.40506185684251,1,0.8669620671868266,-0.0144454012542522,0.027054827394993763,0.023652466511315362,0.25754699477858634,0.1833522435818547,2.39,255.296,2.41,2.0,1.0
2019-05-21,119.90819178400066,120.00228764984313,119.10836615575823,119.40947723388672,15293300,55.595714547020414,1.3132229924786714,1.588465944893465,-0.2752429524147937,6.1277405725217235,0.5102540512092628,118.2760813771202,114.601313440256,1,0.5683512284459171,0.005387293026254403,0.021163420841959324,0.015383628277304773,0.25398799192151994,0.18333713443279662,2.39,255.296,2.43,2.0,1.0
2019-05-22,119.14605359497445,120.67043307595245,119.05195051243744,120.13407135009766,15396500,57.394800902334865,1.3125953189998683,1.5332918197147458,-0.22069650071487756,5.917240783738976,0.5923245435188101,118.45303280311806,114.81828433868117,1,0.5895617717831328,0.0060681457870523925,0.013093278211235848,0.025059054346664444,0.25414024546653824,0.18325495439530515,2.39,255.296,2.39,2.0,1.0
2019-05-23,118.75079567227512,118.83548697962244,117.37697588499712,118.7319793701172,23603800,52.926269700458334,1.1852974075408156,1.4636929372799599,-0.2783955297391443,5.8147260922980735,0.40893805325096627,118.47959914283227,114.97176257520807,1,0.929515660506532,-0.011671060209842099,-0.02132947410171193,-0.01937996463515612,0.2291037841292914,0.1853095583155123,2.39,255.296,2.31,2.0,1.0
2019-05-24,119.41890196478388,119.89879308650008,118.53438493572584,118.78844451904295,14123400,53.08468442233912,1.0765592562260622,1.3862662010691804,-0.3097069448431182,5.5287405456016865,0.43531007615324024,118.50901298818567,115.1214363769271,1,0.5668160153597452,0.00047556815969307387,-0.014289281294866285,-0.024503326402870673,0.22782531499436562,0.1852131912447904,2.39,255.296,2.32,2.0,1.0
2019-05-28,119.48479362499316,120.44458323889316,118.6096881627358,118.71319580078124,23128400,52.82953357608682,0.9730943196226747,1.3036318247798793,-0.3305375051572046,5.2121479801060095,0.4429104118791633,118.52845897033764,115.26228968766648,1,0.915711859823441,-0.0006334683357998028,-0.00047516045256978945,-0.02421976812139892,0.22783299942134416,0.18522489650611013,2.39,255.296,2.26,2.0,1.0
2019-05-29,117.97921649994422,117.98862824202146,116.71831586570993,117.56519317626952,22763100,48.962979665986204,0.7893640964581436,1.2007782791155321,-0.4114141826573885,4.6311767039005876,0.2712741167225774,118.43671937090258,115.35259962839602,1,0.9037595405905876,-0.00967038766640771,-0.015445039207439226,-0.0397971084065879,0.22787313427992067,0.1865638096920399,2.39,255.296,2.25,2.0,1.0
2019-05-30,117.86629708025303,118.3367836484716,117.41462681597886,118.30855560302734,16829600,51.44129626989288,0.6957198804841767,1.0997665993892611,-0.4040467189050845,4.573172761759205,0.41964928010877955,118.42451329777161,115.46851947053842,1,0.6817049022552493,0.006322980524033905,-0.015195653710514345,-0.013173269115205555,0.2180711566156692,0.18623006332646744,2.39,255.296,2.22,2.0,1.0
2019-05-31,116.8970928316203,117.2640717708788,116.04080385398036,116.37955474853516,26646800,45.294691622951,0.4605430632746135,0.9719218921663316,-0.5113788288917182,4.890695840348671,0.10911248648907312,118.22975534070147,115.50424634418536,1,1.0809032568706953,-0.016304829728162384,-0.01981289821042187,-0.016418683820355717,0.2208675170009059,0.19002134628078624,2.39,255.296,2.14,2.0,1.0
2019-06-03,116.53952447599198,117.02883453965536,111.98521782574863,112.76622009277344,37983600,36.49745281075038,-0.017203852244080053,0.7740967432842494,-0.7913005955283294,6.264882153323119,-0.23943882925270973,117.7094186504226,115.39687276569862,1,1.500973880866847,-0.03104784739526767,-0.05069705601965435,-0.06684553002696636,0.23040145653152272,0.19994724269691072,2.38,255.213,2.07,2.0,0.0
2019-06-04,114.12121712611692,116.00316333777204,113.5284066539054,115.89025115966795,29382600,46.22249633973546,-0.14210048040821732,0.5908572985457561,-0.7329577789539734,6.323425439744012,0.21313182510386489,117.53616460368407,115.41622093801115,1,1.149414136229903,0.027703607200138203,-0.023779535392599582,-0.03538120211068452,0.2546589824382746,0.20686639429008383,2.38,255.213,2.12,2.0,0.0
2019-06-05,117.57458798899036,118.44028871191313,116.8782698931886,118.40264892578124,24926100,52.52000547405998,-0.037915390300909735,0.46510276077642293,-0.5030181510773326,6.32078515432932,0.5448837463831516,117.61868692007428,115.53333576106095,1,0.9967039246209194,0.021679112271935752,0.007123330697514252,0.006180259425148327,0.25706917279766117,0.20713282545795755,2.38,255.213,2.12,2.0,0.0
2019-06-06,118.97665184945735,120.41633967435168,118.18623064067764,120.2751922607422,21459000,56.599368696907995,0.19351986531054877,0.4107861816832481,-0.21726631637269933,6.509014941505191,0.7699722263667291,117.87168742870932,115.7192909179112,1,0.8701759451236449,0.015815045963496477,0.016622945379484833,0.022174826039048856,0.2627855696943188,0.2088119501474429,2.38,255.213,2.12,2.0,0.0
2019-06-07,121.56428734403146,124.4436620282578,120.68917510892167,123.64382934570312,33885600,62.7926094227902,0.6413616151989032,0.4569012683863791,0.1844603468125241,7.606635415153649,1.0709455052609398,118.42141523032778,116.03005713076578,1,1.3558025400691873,0.02800774641588699,0.06241882101082186,0.05088731397220725,0.2790365145633172,0.21502256675734094,2.38,255.213,2.09,2.0,0.0
2019-06-10,124.58484227991391,126.1656846757307,124.20845875420623,124.7730484008789,26477100,64.61543227536967,1.0750059693397134,0.5805222085770461,0.4944837607626673,8.875119443991911,1.0688057348268287,119.02633267514217,116.37291953351532,1,1.0688697160241443,0.009132837935798,0.10647539926608673,0.04688793466557595,0.27747139941308363,0.21543680929048062,2.38,255.213,2.15,2.0,0.0
2019-06-11,125.9775286188141,126.31627963120802,123.5309919339564,124.30259704589844,23913700,63.225703247084525,1.3649761561542704,0.737412998092491,0.6275631580617794,9.36680564407862,0.9560728804393887,119.52883404378562,116.68388727909897,1,0.985337187818815,-0.0037704565289530256,0.07258890029188358,0.07490089755460994,0.251054842120299,0.21499234111312512,2.38,255.213,2.15,2.0,0.0
2019-06-12,123.64389340462264,124.18025511017248,122.99463384890846,123.72859191894533,17092500,61.48802194423555,1.5308159088457245,0.8960935802431377,0.6347223286025868,9.7199964551671,0.8596220213801649,119.92881098427702,116.96015020615177,1,0.716340183740157,-0.004617804781191781,0.04498162027187891,0.05809953369474674,0.25102907354727494,0.21397438524884907,2.38,255.213,2.13,2.0,0.0
2019-06-13,124.18966354410156,125.1494604187126,123.7944564447004,124.50960540771484,17200800,62.978936637970754,1.705605213803878,1.0579959069552858,0.6476093068485922,10.305961177702207,0.8775714035361162,120.36507711984252,117.25620727287973,1,0.7324234530669338,0.006312312107141338,0.035206039311855175,0.049992253602139325,0.2479596138259131,0.21414381779757116,2.38,255.213,2.1,2.0,0.0
2019-06-14,124.45310976806952,125.89279760969426,123.86971098098569,124.63189697265624,17821700,63.21904243876258,1.8328667574695032,1.2129700770581293,0.6198966804113739,10.82270568776021,0.8557123361585726,120.77144091534859,117.5454500062043,1,0.7792525223816967,0.0009821857883247631,0.007991240906899622,0.027301699180038996,0.23596948537361784,0.21405640425122546,2.38,255.213,2.09,2.0,0.0
2019-06-17,124.8012626693483,125.83632442982923,124.70715961925478,125.0082778930664,14517800,63.99306862779795,1.9417104134514318,1.35871814433679,0.5829922691146419,11.393464926655625,0.8483191682984602,121.17494919894077,117.83810992333616,1,0.6508001863937494,0.003019940557373868,0.0018852588375635193,0.03732311627594265,0.23409153434165814,0.20969832699252955,2.38,255.213,2.09,2.0,0.0
2019-06-18,126.2691930401714,127.25721774859234,125.6857942644668,127.18193817138672,25934500,68.16032315807153,2.178256429218351,1.5226258013131022,0.6556306279052486,12.340505297317875,0.9382025552772547,121.74704338679275,118.20453456051462,1,1.1568092146860285,0.017388130729868,0.02316396595016501,0.07082877759786443,0.23176927580239093,0.20348666617189767,2.38,255.213,2.06,1.0,0.0
2019-06-19,127.03135985282113,127.90645788435933,125.91159964274696,127.68063354492188,23744400,69.04547229846882,2.3785430362782307,1.693809248306128,0.6847337879721027,13.24593732529047,0.9121633442720567,122.31214721137648,118.57614628539334,1,1.0395266520879713,0.003921117893824988,0.03194121556451179,0.0692671679219774,0.23166419267552343,0.20342984302870645,2.38,255.213,2.03,1.0,0.0
2019-06-20,129.33674324028374,129.53435389894676,127.70886387915311,128.8662567138672,33042600,71.10234062246568,2.6029364651295737,1.8756346916708173,0.7273017734587564,14.303258288732376,0.9234215092780037,122.9363481163756,118.97968002768643,1,1.392800621989976,0.009285849670601642,0.03499048360073265,0.0726870009950964,0.23243401113160553,0.2039055382037685,2.38,255.213,2.01,1.0,0.0
2019-06-21,128.51810712659196,129.6002204433433,128.40519494970937,128.8850860595703,36727900,71.135144481047,2.7505822450534794,2.05062420234735,0.6999580427061294,15.007463971413252,0.8751787617087234,123.50289458715605,119.36812732305442,1,1.5064729126999687,0.00014611540820141933,0.03412600778954045,0.08551282260530124,0.2258275868552367,0.20236629649741164,2.38,255.213,2.07,0.0,1.0
2019-06-24,128.91331993288702,130.2306765831175,128.91331993288702,129.64727783203125,20628800,72.4961786025128,2.895715094420325,2.219642380761945,0.67607271365838,15.670757280974549,0.8691227648797337,124.08807394381083,119.77123126458292,1,0.8349939061732833,0.005913731338229811,0.03710954200115535,0.09141321242949285,0.22549232442864292,0.20244981096785586,2.38,255.213,2.02,1.0,1.0
2019-06-25,129.1485397396388,129.4684671025197,124.89533790790652,125.55401611328124,33327400,56.96237936768068,2.649895564714342,2.3056930175524246,0.3442025471619172,15.488481565701129,0.6394238969751825,124.22768748376039,119.99800714100246,1,1.3217144525065754,-0.03157229204652623,-0.012799946922586902,0.05762476754462864,0.2597783754073352,0.21428936668444862,2.38,255.213,2.0,1.0,0.0
2019-06-26,126.4197651726372,127.72771744987098,125.71403521676044,126.02454376220705,23657700,58.07447316769912,2.4646386451756683,2.3374821430770734,0.12715650209859497,15.051004323549366,0.6455466671601744,124.39881665313627,120.23434191046147,1,0.9365673251910827,0.0037476112950562968,-0.012970563637845434,0.07195455012993635,0.25553436687701886,0.2138223286996365,2.38,255.213,2.05,2.0,1.0
2019-06-27,126.22213993188748,126.7585015284814,125.62932224262283,126.2315444946289,16557500,58.58153230305399,2.307920163847953,2.3315697472312493,-0.023649583383296147,14.653441280667554,0.6385833901876805,124.57336216184984,120.46952632552686,1,0.6558359497124442,0.0016425430018809362,-0.02044532282091782,0.06696885826403265,0.2553856343477264,0.21382020898091736,2.38,255.213,2.01,1.0,1.0
2019-06-28,126.62672841091754,126.65495644890473,125.29995319309238,126.052734375,30043000,57.92977364449483,2.144569889289187,2.294169775642837,-0.1495998863536503,13.620412330923173,0.6093534303999202,124.71425475357843,120.68847566080032,1,1.1820406775753196,-0.0014165248499872218,-0.021975790769625636,0.08311751705328296,0.24540377793478318,0.21372715153783342,2.38,255.213,2.0,1.0,1.0
2019-07-01,128.56517013807078,128.6310307944325,127.00315121380916,127.67123413085938,22613500,62.04591119658799,2.121260453685892,2.2595879112514483,-0.13832745756555642,10.805491843078412,0.7016978730916524,124.995871837129,120.96230932629284,1,0.9174686005312461,0.01283986233130352,-0.015241690641063843,0.1321762317281141,0.20783550823993327,0.21436191664405208,2.4,255.802,2.03,1.0,1.0
2019-07-02,128.08527343141864,128.52753200492972,127.35131544944544,128.51812744140625,15237800,64.02911307290199,2.1463826077875012,2.236946850558659,-0.09056424277115793,8.740061666891322,0.7677430673583541,125.33132475182207,121.25861591904238,1,0.636487086510833,0.006633391744915951,0.023608255792077815,0.10896409452370781,0.1923467065500339,0.2145054950286299,2.4,255.802,1.98,1.0,1.0
2019-07-03,128.7251456050103,129.60966277196758,128.24524005036486,129.34619140625,13629300,65.90505019381142,2.2076613911562077,2.231089758678169,-0.023428367521961313,7.34498843941013,0.8475350756746374,125.71369300462473,121.57577574207014,1,0.5830559433050575,0.006443168612313199,0.02635714873374595,0.09242650041831868,0.1826327709419516,0.2146380227686577,2.4,255.802,1.96,1.0,1.0
2019-07-05,127.91591731699678,129.22386967688865,127.70890203487458,128.9698028564453,18141100,64.26447811147212,2.2004880021739837,2.224969407377332,-0.024481405203348405,6.2151202889457045,0.8061860243209098,126.02379870479812,121.8657375896927,1,0.7816159900145349,-0.0029099314460874215,0.021692346178438182,0.07228930947667278,0.1793143895534247,0.21431019866383202,2.4,255.802,2.04,1.0,1.0
2019-07-08,128.34874482648078,129.00743758422283,127.37954353314429,128.87570190429688,16779700,63.83663073151458,2.1622844106099848,2.212432408023863,-0.0501479974138781,6.0181501398924455,0.7689517968982847,126.29540853332182,122.14063815104973,1,0.7506204583966317,-0.0007296355430826962,0.02239513123847603,0.0423140611729651,0.15534572092300186,0.21412296756298566,2.4,255.802,2.05,1.0,1.0
2019-07-09,127.97232798724104,128.88507294579873,127.7841362588815,128.40518188476562,19953100,61.62730456187457,2.07017704346066,2.1839813351112225,-0.11380429165056238,5.911429033381591,0.6865556847940331,126.49633932869742,122.38630653276408,1,0.905796377740573,-0.003650959898403916,0.005748732350734365,0.029109920214637652,0.15429346931886087,0.2144540642295193,2.4,255.802,2.07,1.0,1.0
2019-07-10,129.03566341007993,130.40007171969037,128.93215578062745,129.71316528320312,24204400,65.22981832282204,2.078761946641123,2.1629374574172027,-0.08417551077607976,5.838789877022647,0.828080772109676,126.80270370531701,122.67363432689895,1,1.0980650122318991,0.010186375496989752,0.009298593634907482,0.043527394969123945,0.15595416421664945,0.21499436023405707,2.4,255.802,2.07,1.0,1.0
2019-07-11,130.04249060866292,131.0022872725657,129.73196773627933,130.23068237304688,22327900,66.56722330550056,2.103081830127408,2.150966331959244,-0.0478845018318359,5.567002788389016,0.87030830835705,127.12917786414843,122.96998915223809,1,1.001047096006666,0.003989703656632315,0.006838167843836063,0.05255123616343327,0.15398738539395093,0.21500290925423715,2.4,255.802,2.13,1.0,1.0
2019-07-12,130.65410419484414,130.91757548095563,129.8636759784014,130.70114135742188,18936800,67.78049104047307,2.1356986170240333,2.147912788972202,-0.012214171948168762,5.471362176718348,0.8988578658666523,127.4693648635078,123.27317159165706,1,0.845719629615818,0.0036125049473929582,0.013424371152243264,0.049727375887446135,0.15341814350218805,0.21480303398436823,2.4,255.802,2.12,0.0,1.0
2019-07-15,131.20927480785707,131.30336349112076,130.2871253064668,130.70114135742188,16651500,67.78049104047307,2.1369146339142873,2.1457131579606195,-0.00879852404633219,5.240322313715699,0.8702911727822064,127.77715310102343,123.56446452364784,1,0.7456061892724323,0.0,0.01416434150233048,0.04869736024396065,0.15358025413426513,0.2145078422898646,2.4,255.802,2.09,1.0,1.0
2019-07-16,130.75763580884046,130.84231994676125,128.46165901558197,128.9886016845703,22726100,58.77576089995244,1.9769021987841313,2.1119509661253217,-0.13504876734119042,4.7222806997432425,0.5950449854745921,127.89252915659932,123.77717578486049,1,0.9992459301111318,-0.013102713986011483,0.0045435845441834655,0.03184048175520604,0.16316045606121732,0.21560460318710578,2.4,255.802,2.13,1.0,1.0
2019-07-17,129.5720254073568,129.7884452542176,128.1793888912968,128.2264404296875,20211000,55.25734697790701,1.7682083423948285,2.0432024413792234,-0.27499409898439486,4.6409417127026815,0.4600744111086946,127.92433023022677,123.9516567513243,1,0.8999836354467357,-0.005908748873381886,-0.011461634216308414,0.008212661902456952,0.15411962628929107,0.21616653612634157,2.4,255.802,2.06,1.0,1.0
2019-07-18,127.5489268372836,128.5557607479981,126.72086578315404,128.36756896972656,30381800,55.78514714013561,1.5958093544873009,1.953723824000839,-0.3579144695135381,4.606763167077696,0.4778275145934663,127.96654344351246,124.12482977949693,1,1.3331815053307645,0.001100619650410195,-0.014306255402881218,0.005380106643682936,0.1535937915363553,0.21476032662639086,2.4,255.802,2.04,1.0,1.0
2019-07-19,131.94324926045456,132.3666842839282,128.39577665238238,128.5557403564453,48992400,56.52159967982729,1.4575638836485751,1.8544918359303864,-0.3969279522818112,4.600130739901019,0.5122570651194732,128.02265743522037,124.29859097859296,1,2.077143069734786,0.0014658794914401696,-0.016414554446082752,-0.0024096017478907328,0.15000543875934308,0.21451803892048488,2.4,255.802,2.05,1.0,1.0
2019-07-22,129.2991288217673,130.97405994274186,129.2238492439794,130.2589111328125,25074900,62.59456239345865,1.4685069654805858,1.7772948618404263,-0.3087878963598405,4.747738912750677,0.7796716718599273,128.23563397784818,124.53232902385648,1,1.0900336618517343,0.013248500390918627,-0.0033835222861599012,0.010659302136844628,0.1572519286169361,0.2060409926199522,2.4,255.802,2.05,1.0,1.0
2019-07-23,131.5103583570421,131.72679244710346,129.8824793714452,131.06809997558594,18034600,65.08949898215158,1.5248961598952064,1.7268151214513825,-0.20191896155617606,4.994853283501154,0.8805836092748939,128.5053926442994,124.78863376706155,1,0.7884296960642124,0.0062121572776574485,0.01612156627684702,0.01095913595189768,0.15738964722724183,0.20608798399662936,2.4,255.802,2.08,1.0,1.0
2019-07-24,130.70116405025243,132.4325655485939,130.6541268795079,132.4137420654297,20738300,68.81461836388534,1.659042662288556,1.7132606296188173,-0.05421796733026141,5.105447843611151,1.023629097285376,128.87761639869277,125.08765762189952,1,0.9322838511064698,0.010266739886321652,0.03265552425623386,0.05463565534979975,0.10347375874343578,0.2068544012345837,2.4,255.802,2.05,1.0,1.0
2019-07-25,132.1408634479117,132.31024609508248,131.09639694915856,131.9150390625,18356900,66.00369213688163,1.7054541535335375,1.7116993344017615,-0.0062451808682240095,5.013738813299113,0.909595301971346,129.1668947476268,125.35539807055052,1,0.8351797441079402,-0.0037662480883838834,0.027635251810447903,0.04674085796658467,0.1058431866500127,0.20685988280684384,2.4,255.802,2.08,1.0,1.0
2019-07-26,132.0844317759058,133.31710463459063,132.01857110401946,132.99717712402344,19037600,68.96601045453069,1.808705461798212,1.7311005598810516,0.0776049019171603,5.118280284160137,1.0123228646811102,129.53168354537885,125.65507568049064,1,0.8612901481818447,0.008203295615223372,0.03454872380854712,0.05359700427084935,0.10783551225317146,0.20202280551057586,2.4,255.802,2.08,1.0,1.0
2019-07-29,133.1477334915005,133.15713805639498,131.14345559416967,132.70547485351562,16605900,67.26452641436592,1.8457186365884297,1.7540241752225274,0.09169446136590231,4.8609507408861505,0.9392113132528026,129.83394938424902,125.93156192257005,1,0.7748277903836974,-0.0021932967061082387,0.018782313620053115,0.05277743883543273,0.10825560015785081,0.1998135994523299,2.4,255.802,2.06,0.0,1.0
2019-07-30,131.8679411319942,132.8841935831162,131.54801379315217,132.0655517578125,16846500,63.55986597682659,1.8026357358512826,1.7637464873482784,0.038889248503004126,4.778220210798135,0.8078317074424938,130.04648294363602,126.17211054355995,1,0.7967742149079287,-0.004822130333428154,0.007610179612066892,0.03441901111764212,0.10423594928608086,0.19621711370257278,2.4,255.802,2.06,1.0,1.0
2019-07-31,132.0467898739482,132.19734905355295,127.10667986331173,128.2264404296875,38598800,46.878726075532384,1.4420845739321635,1.6994141046650555,-0.257329530732892,4.829566484410696,0.19607966332393675,129.87314556135522,126.25267249987868,1,1.7300011698039974,-0.029069740572207126,-0.03162286308375084,-0.002269617660370371,0.15028015080084264,0.2057478727781278,2.4,255.802,2.02,1.0,1.0
2019-08-01,128.91333723847524,132.62077419796006,128.8474622180652,129.9107666015625,40557500,52.73909503668523,1.2775296593709413,1.6150372156062327,-0.3375075562352914,4.799600925784959,0.4593347147013059,129.87672851756543,126.39612717053295,1,1.7143365581980434,0.013135560546099656,-0.015193661580829243,0.0043648381848313544,0.155841728825025,0.20206059487412575,2.13,256.036,1.9,1.0,1.0
2019-08-02,129.93895878136018,130.1553929102932,127.2760034549164,128.81919860839844,30791600,48.96872033863685,1.0469694771760487,1.501423667920196,-0.4544541907441473,4.818608560034473,0.28664879271351495,129.77601138335905,126.49114957986102,1,1.267646657429808,-0.008402444398714959,-0.03141403904933204,-0.0011677481450018679,0.15852446056113995,0.20308937550952383,2.13,256.036,1.86,1.0,1.0
2019-08-05,125.43173187780448,126.0245352371234,123.0604753661935,124.40607452392578,42749600,37.34460851293133,0.5023557951887483,1.3016100933739065,-0.7992542981851583,6.141723548596413,-0.192683094563722,129.2645888253178,126.40938193060866,1,1.6706332364943182,-0.03425827929490732,-0.0625399994894783,-0.03468169184979675,0.20103282966796712,0.2163276829600163,2.13,256.036,1.75,2.0,1.0
2019-08-06,125.9022118897261,127.67123166996276,125.34704117034627,126.73967742919922,32696700,44.80567563617049,0.2560956687511293,1.0925072084493512,-0.8364115396982219,6.4370317333661875,0.12782234612642807,129.0241210733065,126.42233469525928,1,1.2467265359162116,0.018757949836482046,-0.04032750598263579,-0.01297069503831294,0.2133791983288864,0.21797743506268846,2.13,256.036,1.73,2.0,1.0
2019-08-07,125.89277533894912,127.64298574869558,124.04847624108838,127.29483032226562,33414500,46.43969016530745,0.10452405496340589,0.8949105777521622,-0.7903865227887563,6.668543560341189,0.21855700609757736,128.85942671606452,126.45655021004384,1,1.2521103799686322,0.0043802612120149576,-0.007265351079699611,-0.018643712499479492,0.2104753610776045,0.20812732029744643,2.13,256.036,1.71,2.0,1.0
2019-08-08,128.5369050417165,130.78582971866123,127.9064405579001,130.6917266845703,27496500,55.18270989564061,0.255557696368129,0.7670400014753556,-0.5114823051072266,6.690977097936912,0.608165123175075,129.03393147496982,126.62263556198606,1,1.0204685660313286,0.026685265644370126,0.006011511620149346,0.003540212668184939,0.23133291352563895,0.21336873169707354,2.13,256.036,1.72,1.0,1.0
2019-08-09,130.4282910038808,131.15284436136244,128.40520444192683,129.5814208984375,23466700,52.18422016951145,0.2824051567359618,0.6701130325274769,-0.3877078757915151,6.660639961110207,0.4866575685509221,129.08607332482387,126.73866635949396,1,0.8636522057879091,-0.00849560882160949,0.0059169929503766205,-0.008567028928403442,0.23295302772644086,0.2128904423769841,2.13,256.036,1.74,1.0,1.0
2019-08-12,128.97919330814278,129.7225557603184,127.2572107641165,127.77473449707033,20484300,47.647285163345764,0.15609806766454426,0.5673100395548903,-0.4112119718903461,6.748340964758719,0.2968971851822429,128.96118391265688,126.77929648253618,1,0.7486100812371108,-0.01394248024786826,0.02707793800291225,-0.02239006354465456,0.23788827039309127,0.21049296203918746,2.13,256.036,1.65,1.0,1.0
2019-08-13,128.01939987425007,130.60707603564092,127.0313751955514,130.41888427734375,25154600,53.95655536666258,0.26628995393903665,0.5071060224317196,-0.240816068492683,6.756484128122351,0.591004803552979,129.10001251881752,126.9220254156659,1,0.9152274178915525,0.02069383897122523,0.02902963714894935,0.011088441723487108,0.24516811797394705,0.21366977883639898,2.13,256.036,1.68,1.0,1.0
2019-08-14,128.7383722864092,129.2670696599427,126.19872331161432,126.49139404296876,32527300,45.23610579153913,0.0362839207402601,0.4129416020934278,-0.3766576813531677,7.027335941843549,0.16562971586133585,128.8515726639748,126.90513791085425,1,1.157540742375095,-0.030114429027186973,-0.006311617504519584,-0.013531112467168094,0.26832765682080095,0.22114672233434796,2.13,256.036,1.59,2.0,1.0
2019-08-15,126.87846706937567,127.05784960241051,124.8580798134702,126.20814514160156,28074400,44.67531600457438,-0.1669290822537448,0.29696746522399325,-0.46389654747773806,7.347765327136495,0.1615136477398406,128.599817661844,126.87780486107964,1,1.003195285470992,-0.002239274090622967,-0.0343065445434817,-0.01682219150410391,0.26829563703520215,0.22106152888121836,2.13,256.036,1.52,2.0,1.0
2019-08-16,127.34109182743995,128.83278185540715,127.19003132705592,128.52122497558594,24449100,50.114076932700954,-0.13972003422748003,0.2096299653336986,-0.3493499995611786,7.3498547169546224,0.404946852205054,128.59233264410514,126.94225270870734,1,0.9137181044117392,0.01832750042708553,-0.008181697001783284,-0.0002684857227197579,0.2766218925227798,0.2236398105318794,2.13,256.036,1.55,1.0,1.0
2019-08-19,130.14508502075694,130.80595668060178,129.23873645445423,130.6737823486328,24355700,54.58811198137513,0.05490382557150042,0.17868473738125898,-0.12378091180975856,7.376401559464718,0.6285664786206178,128.79056594929824,127.0885872043907,1,0.9114524422050789,0.0167486527883296,0.02268874095472251,0.003184973774249533,0.27906034112622546,0.22422061859550008,2.13,256.036,1.6,1.0,1.0
2019-08-20,130.48500193805964,130.95705531914442,129.5692172262811,129.5880889892578,21170800,52.052403706611635,0.12015320471661539,0.16697843084833028,-0.04682522613171489,7.292012331638252,0.5228878572782669,128.8665205245325,127.18660688222863,1,0.7876432851110723,-0.008308425300481592,-0.006370206988730254,-0.011291923714495056,0.27966122685168215,0.2251355510558078,2.13,256.036,1.55,1.0,1.0
2019-08-21,130.80595540335926,131.69341779759466,130.2866939592937,131.03253173828125,14970300,55.04441160291164,0.2851314480747362,0.19060903429361148,0.09452241378112475,7.076519977295921,0.6890047244254436,129.0728073067943,127.33742746481893,1,0.5629992781192665,0.011146416003890325,0.03590076407703968,-0.010431019512052941,0.28012297195205615,0.22595166856980087,2.13,256.036,1.59,1.0,1.0
2019-08-22,130.9097823832806,131.4195934442145,128.67224066706046,130.07896423339844,18697000,52.70615059694866,0.33507048224697655,0.2195013238842845,0.11556915836269205,6.8619973701077575,0.5978584647054652,129.1686317759947,127.44493871064559,1,0.7027026823871821,-0.007277334050046602,0.030670121072248868,-0.01391861642273895,0.2809452349993964,0.22548691549564492,2.13,256.036,1.62,1.0,1.0
2019-08-23,129.5219875610384,130.61715468124206,125.3773601376089,125.93437957763672,38508600,43.964454612332666,0.03975590135539164,0.18355223937850595,-0.1437963380231143,6.664224872138111,0.15952607898814025,128.86060775710345,127.38570109758642,1,1.3962093947895675,-0.03186206686213433,-0.02012776798883309,-0.05310486808152681,0.30017864018924045,0.23580414712033934,2.13,256.036,1.52,1.0,0.0
2019-08-26,127.4449533513094,127.9830866147604,126.4158662230904,127.87923431396484,20312600,48.29790085729831,-0.03692387281390097,0.13945701694002458,-0.17638088975392555,6.10906221344953,0.40612299380347816,128.76714361966168,127.40505534136597,1,0.7315596992093432,0.015443397925577251,-0.021385682609325718,-0.03636805900342943,0.3069573549309158,0.2347299685309705,2.13,256.036,1.54,1.0,0.0
2019-08-27,128.76670923261,129.0782661650523,127.1334087133742,128.15304565429688,23102100,48.897090616397655,-0.07473733399908156,0.09661814675220336,-0.17135548075128493,5.603405411952715,0.4627316528132711,128.70865809915074,127.43438829481424,1,0.8227555639129476,0.00214117125271307,-0.011073882994600659,-0.029625485612558178,0.3070569174457931,0.2243574353600803,2.13,256.036,1.49,1.0,0.0
2019-08-28,127.34113043750234,128.17193462967137,126.0854666584448,127.98311614990234,17393300,48.52126157764178,-0.11706718759731416,0.05388107988229986,-0.170948267479614,5.610470801253506,0.4408767299686069,128.639558865889,127.45590703422947,1,0.6437513925561075,-0.0013259888091378125,-0.02327220231438154,-0.0018976139318050977,0.28872461810757577,0.21821459245489927,2.13,256.036,1.47,1.0,0.0
2019-08-29,129.57859547106045,130.7020843232612,129.25760277212294,130.39996337890625,20168700,53.943329398944606,0.04389942614338338,0.051884749134516565,-0.007985322991133185,5.682273518458914,0.7694515748667359,128.8072164385573,127.5713602242168,1,0.7757425030443221,0.018884109886597278,0.0024677252574969444,0.003765636907094194,0.2928107572559194,0.21722324800192983,2.13,256.036,1.5,1.0,0.0
2019-08-30,131.37237062744083,131.40069266067852,128.6533545952026,130.15447998046875,23940100,53.32892056020525,0.1499298703538443,0.07149377337838211,0.0784360969754622,5.794336558949584,0.7221666680605059,128.9355272520727,127.67265903818748,1,0.9330955002105692,-0.0018825419277472832,0.033510312410205634,0.010365546335445508,0.29116963674268087,0.21533459410836012,2.13,256.036,1.5,1.0,0.0
2019-09-03,128.97438110515063,129.5314004462953,128.1152407889249,128.4362335205078,18869300,49.11235836560315,0.09422545952065775,0.07604011060683724,0.01818534891382051,4.998321268425585,0.4587187448229995,128.88797546811412,127.70260313553338,1,0.7713520582210498,-0.013201592908817172,0.0043556657930516884,0.03239519462377172,0.26533385962549566,0.21024986750725067,2.04,256.43,1.47,2.0,0.0
2019-09-04,129.62585151063243,129.99405254375804,128.8516771094364,129.93740844726562,17995900,52.63587075236618,0.16926045419876345,0.0946841793252225,0.07457627487354096,4.853422296894197,0.6720010126907495,128.98792146612854,127.79024255952288,1,0.75843775115804,0.011688095217445849,0.013923686197690577,0.02523070188381027,0.2605275173188005,0.21074766406076112,2.04,256.43,1.47,1.0,0.0
2019-09-05,131.33467490705382,132.53369437022974,131.00423182158892,132.22213745117188,26101800,57.463294326506904,0.4083772457345276,0.15742279260708353,0.2509544531274441,5.208147928787675,0.9631214668315249,129.29594203613266,127.96404235919539,1,1.1172780702642395,0.01758330438638467,0.03312172283963233,0.03870783374652409,0.2666573664249321,0.2132998678174979,2.04,256.43,1.57,1.0,0.0
2019-09-06,132.20325336060617,132.34486359607237,130.4755364582972,131.3252410888672,20824500,55.08958465964178,0.5195183014179179,0.2298418943692504,0.2896764070486675,5.3157266970655765,0.8183701989981382,129.48920861258355,128.09585407408449,1,0.9042982010655993,-0.006783254147860851,0.0070956899525527195,0.004847394860930221,0.2519182849835172,0.2135931064108093,2.04,256.43,1.55,1.0,0.0
2019-09-09,131.78785050247885,131.93891103156488,128.83280633407995,129.83355712890625,25773900,51.29445401805148,0.4816794587636366,0.28020940724812765,0.20147005151550895,5.327966398512399,0.5989987958940421,129.52200370937618,128.16399929192065,1,1.1136457565261237,-0.011358699573614461,-0.00246570730112905,0.0019457745463862253,0.2534584953889664,0.2147981453666125,2.04,256.43,1.63,1.0,0.0
2019-09-10,129.1538027939247,129.23876894170837,126.99179032748243,128.4740447998047,28903400,48.04579850003603,0.3380932912997707,0.2917861840584563,0.04630710724131443,5.260321796002874,0.3950437053317518,129.4221980989408,128.17615793928866,1,1.2265565356951742,-0.010471193728072592,0.00029439729164004724,0.005472993588966579,0.2511551524199087,0.21602446847837592,2.04,256.43,1.72,1.0,0.0
2019-09-11,128.31358641672253,128.65346551452066,127.53941175832084,128.5118408203125,24726100,48.144126863383995,0.22475915841218352,0.27838077892920177,-0.05362162051701824,5.20724936336006,0.41370308671619216,129.33549740573812,128.18932197383862,1,1.0502417997179234,0.0002941918779524322,-0.010971187158405504,-0.014622448793349618,0.23956526880870047,0.21596143316564181,2.04,256.43,1.75,1.0,0.0
2019-09-12,130.14511406792434,130.68324739464651,129.21987913171608,129.83355712890625,27010000,51.59423035017174,0.23883931072808195,0.2704724852889778,-0.03163317456089587,4.87884760946655,0.5910999392676104,129.38293166508748,128.25380178384128,1,1.160852661537311,0.010284782321667851,-0.018064904775478285,0.026422059075435378,0.2146449453405915,0.21410588353443533,2.04,256.43,1.79,1.0,0.0
2019-09-13,130.0790105976375,130.34335930210972,128.9366496402951,129.6447296142578,23363100,51.071444262120245,0.23208579002667307,0.2627951462365169,-0.03070935620984383,4.368528648911174,0.5378215489587387,129.4078648031037,128.30834797326938,1,1.0143837991057152,-0.0014543814313040526,-0.012796561123174954,0.027229498292685506,0.21449075434094783,0.21400627159776292,2.04,256.43,1.9,1.0,0.0
2019-09-16,128.23799919762993,129.05936731686623,128.07750280685522,128.71005249023438,16731400,48.45425102989796,0.14958857969719475,0.24015383292865247,-0.09056525323145773,4.351253007462181,0.3703424726695092,129.34140648759234,128.32410109158172,1,0.7388259170632427,-0.007209526579325276,-0.008653422609043893,0.0014692321418841026,0.2068891381942649,0.21371449260552716,2.04,256.43,1.84,2.0,1.0
2019-09-17,129.30482605244111,129.83352336080964,128.8044363792482,129.71078491210938,17814200,51.33005666136447,0.16307980662909927,0.22473902766874185,-0.06165922103964258,4.270047794966226,0.5576668132033608,129.37658538516538,128.37848084924948,1,0.7981681855991268,0.007775091397394407,0.009626381065777512,-0.007369477022974635,0.199761565221254,0.21430633081955452,2.04,256.43,1.81,2.0,1.0
2019-09-18,129.6824818235801,130.919259151961,128.89887162489774,130.77764892578125,23982100,54.25986934931709,0.25689735808944647,0.2311706937528828,0.025726664336563676,4.368161456450316,0.7344972231166939,129.51002000808117,128.47256587185856,1,1.0677969422184543,0.008224944551794788,0.017631123256858894,0.009179546868864241,0.19963040393801848,0.21462253698409364,2.04,256.43,1.8,2.0,1.0
2019-09-19,132.45816871794025,134.412462034287,132.24102821744046,133.1851348876953,35772100,60.09728762096604,0.5195236947071749,0.28884129394374125,0.2306824007634336,4.938713135073918,1.06666758739445,129.8600309489968,128.6573724999306,1,1.5222487617826925,0.018409001703955985,0.025814418343798717,0.016428005479689478,0.20619244661232644,0.2069918880319754,2.04,256.43,1.79,1.0,1.0
2019-09-20,133.12844939752347,133.73267696775522,130.52272070200934,131.64620971679688,39167300,55.24388779805781,0.5966013101085821,0.3503932971767094,0.24620801293187267,5.123241259781753,0.8024203325203736,130.0301432125968,128.7745818025528,1,1.59716429763457,-0.011554781786992208,0.015438191035564763,0.012048416072766077,0.20899810541262234,0.2085067187282637,2.04,256.43,1.74,2.0,1.0
2019-09-23,131.4479422006594,131.82559343915412,130.7021044142552,131.36297607421875,17139300,54.373543963866055,0.6275967431648724,0.40583398637434204,0.2217627567905303,4.511059836393781,0.7480951889619517,130.15707967560843,128.87608746026518,1,0.7307448956620802,-0.002151475862369523,0.020611626929339266,0.04310654894071542,0.1695556872868603,0.20858071555107535,2.04,256.43,1.72,2.0,1.0
2019-09-24,132.51480389358508,132.8263608025091,129.22931693590448,129.7013702392578,29773200,49.451412821800204,0.5121790615093857,0.4271030014013508,0.08507606010803492,4.279320549112592,0.4462880269043528,130.11367877690836,128.90845149081392,1,1.2443041693710064,-0.012648966128950612,-7.25820359342988e-05,0.014248880477492731,0.16979895975916298,0.21034380646448367,2.04,256.43,1.64,2.0,0.0
2019-09-25,129.81465514928834,132.1371636818382,128.42681731994574,131.57069396972656,21382000,54.44738537499558,0.5650351462724075,0.4546894303755622,0.11034571589684528,4.188373054186171,0.7567172065855143,130.25244212860534,129.01285315665362,1,0.8968363470801123,0.014412521062965089,0.0060640717313658055,0.0266684907719561,0.17652262252780962,0.21075439695592776,2.04,256.43,1.73,2.0,0.0
2019-09-26,131.64624433314893,132.34487409141798,130.70213760603906,131.7406463623047,17456600,54.88397090469744,0.6135649175457161,0.486464527809593,0.1271003897361231,4.008212970413013,0.76443903427514,130.39417586514813,129.11982543922818,1,0.7320940668281278,0.0012917192077532835,-0.010845718830473472,0.029359577461774533,0.17624716598192555,0.21037729740353636,2.04,256.43,1.7,2.0,0.0
2019-09-27,132.3165355831006,132.51480430973805,129.01216244925013,130.03179931640625,22477700,49.72361866370615,0.5082763424597374,0.4908268907396219,0.017449451720115527,4.014563556240357,0.4409991529898143,130.359663812887,129.15558912068616,1,0.9381265598784652,-0.0129712969617507,-0.01226325014494234,-0.002823344830475305,0.17097356760420404,0.21178332789189191,2.04,256.43,1.69,2.0,0.0
2019-09-30,130.3339044250626,131.4385072947318,130.0789916379322,131.25912475585938,17280900,53.13202408487164,0.5178992734745691,0.49624136728661133,0.021657906187957765,4.056488504740008,0.6632227940439102,130.44532675983675,129.23808071422238,1,0.731397319365275,0.009438656128003542,-0.0007905676429004194,0.008487182120480163,0.17410725724523196,0.21253895650303634,2.04,256.43,1.68,2.0,0.0
2019-10-01,131.85392390733696,132.41094331305064,129.34259703306907,129.40869140625,21466600,47.86348783429268,0.3719237040902783,0.4713778346473448,-0.09945413055706648,3.882448813560238,0.2954972690184963,130.34659958330468,129.244771329596,1,0.9035865270621147,-0.014097559716714225,-0.0022565592982395355,0.007571522919090468,0.17508322104357682,0.21459809571091287,1.83,257.155,1.65,2.0,0.0
2019-10-02,128.6345388967119,128.7478270917157,126.11377571640108,127.12396240234376,30521700,42.287843284603895,0.07105934937115421,0.3913141375921067,-0.3202547882209525,4.471366547326217,-0.045752352877220834,130.03968175654649,129.16160235205672,1,1.2517411951863142,-0.01765514339940144,-0.03379727987454373,-0.02165231767003939,0.18108428204871527,0.21758789766853373,1.83,257.155,1.6,2.0,0.0
2019-10-03,127.40719344394148,129.1065883472474,125.77389292300631,128.66285705566406,24132900,46.784481183995624,-0.04270955277206667,0.30450939951927203,-0.3472189522913387,4.391105132373578,0.24397973913678558,129.9085555945577,129.1420437129825,1,0.9937389206072074,0.012105464809614164,-0.023362488280012528,-0.026918944619407692,0.17466018085979704,0.21800607092179985,1.83,257.155,1.54,2.0,0.0
2019-10-04,129.10654229994546,130.52270181329038,128.79498547829925,130.39996337890625,22897700,51.38873957208857,0.007214570226466321,0.2450504336607109,-0.23783586343424457,4.316316031286709,0.5570795316066072,129.95535633592422,129.1913738959599,1,0.9388685948071661,0.013501226095816055,0.002831338675889139,-0.007045695879094649,0.1809359060736934,0.21961715982135177,1.83,257.155,1.52,2.0,0.0
2019-10-07,129.47477300567047,130.456637489036,129.36148482841523,129.4558868408203,15303700,48.911880837363185,-0.029064254624586283,0.19022749600365146,-0.21929175062823775,4.334504429574334,0.3927336939369468,129.907787812581,129.2017469526211,1,0.6412585742360183,-0.007239852785408507,-0.013738000450582488,-0.0029088803883803305,0.17814245573673107,0.21998923126675785,1.83,257.155,1.56,2.0,0.0
2019-10-08,129.41812296652273,130.06010848268178,128.03972111429567,128.08692932128906,25550500,45.48815452998459,-0.166361207224071,0.11890975535810698,-0.285270962582178,4.409305411795399,0.15916595078115345,129.73437271817224,129.1580286141375,1,1.0781959497338427,-0.010574702726454777,-0.010213858672069809,-0.0030131804374872173,0.1782236743110206,0.22103268897356645,1.83,257.155,1.54,2.0,0.0
2019-10-09,129.77694916351777,130.94763257505517,129.3143315666151,130.5133514404297,19749900,51.913140182674155,-0.07847345166860009,0.07943311395276557,-0.15790656562136568,4.279941971273446,0.5667925920431376,129.80856116791105,129.21117852889407,1,0.8422618876271956,0.018943557566707403,0.026662078289839686,0.01557452299602291,0.1904761168814758,0.22279111737913984,1.83,257.155,1.59,2.0,0.0
2019-10-10,130.7493354547642,131.86337438956303,130.522744672094,131.3252410888672,17654600,53.87225042720804,0.05604488662396534,0.07475546848700554,-0.0187105818630402,4.342932363495836,0.6961629330261984,129.95300687466877,129.29408294301066,1,0.7682301043802727,0.006220740173146666,0.02069271656272398,0.01148920196709935,0.18834658449375782,0.2227540707126892,1.83,257.155,1.67,2.0,0.0
2019-10-11,132.28821194257057,133.14735240443656,131.70287046152598,131.872802734375,25446000,55.197967573227054,0.20447819020850488,0.10070001283130542,0.10377817737719947,4.455480111751375,0.7661571026573383,130.13584457559318,129.39520920933867,1,1.1022732490593468,0.0041695080166446186,0.01129478350533808,0.01718599072053717,0.1885999671549417,0.22288355716875,1.83,257.155,1.76,2.0,0.0
2019-10-14,131.8823117354707,132.44876730308258,131.72181527101748,131.75013732910156,13304300,54.817879189548286,0.30865657874770136,0.1422913260145846,0.16636525273311675,4.394336431484409,0.7216416532841458,130.28958674259397,129.48755933168232,1,0.5806273243499022,-0.0009301797090073283,0.017722256934536107,0.023619637938519622,0.1863281759449399,0.22289099087393513,1.83,257.155,1.76,2.0,0.0
2019-10-15,132.2315856696135,133.86488627108216,131.99555898823667,133.65719604492188,19695700,59.488421639739634,0.5388904094492943,0.22161114270152657,0.31727926674776774,4.83131449254803,0.9721014577109726,130.61031143805377,129.6510744969074,1,0.8560467042829935,0.014474813874816972,0.04348817442301667,0.03042469549071458,0.19085994936763553,0.2232001381797695,1.83,257.155,1.77,2.0,0.0
2019-10-16,132.9207318320575,133.10956463411543,131.7311629710616,132.56198120117188,20751600,55.91372588712829,0.6257642732103648,0.3024417688032942,0.32332250440707055,4.98933688537095,0.775296970144125,130.79618474882693,129.7652277009962,1,0.908316760566247,-0.008194207840346301,0.015696706414571215,0.013644015548889943,0.19211820607052232,0.22356592023964816,1.83,257.155,1.75,2.0,0.0
2019-10-17,133.0718016101363,133.51553279532317,131.24968307149675,131.88223266601562,21460600,53.75470538501316,0.6324716705239837,0.3684477491474321,0.26402392137655156,4.766677897276867,0.6896492040613886,130.89961788379728,129.848247503546,1,0.969723424175713,-0.00512777893779881,0.004241313950998471,-0.009782639952861993,0.18139527273877643,0.2228384365900588,1.83,257.155,1.76,2.0,0.0
2019-10-18,131.9483634438135,132.1749542658314,128.9272245132084,129.72972106933594,32273500,47.49991106904863,0.4588087727237564,0.386519953862697,0.07228881886105942,4.7635426760353194,0.35933158499460494,130.78819913956286,129.8435994080868,1,1.481390529217225,-0.016321467669802026,-0.01625112699967235,-0.014557871826190616,0.1860805011480795,0.22524230695415584,1.83,257.155,1.76,2.0,0.0
2019-10-21,130.71154363459112,130.75875184135003,129.35202795309812,130.69265747070312,20078200,50.28671124551162,0.3943349472317834,0.3880829525365143,0.006251994695269103,4.735650482135871,0.519616246778528,130.7790999330048,129.8768958026992,1,0.9154377477300648,0.007422635256053134,-0.008026404221173067,-0.0051027970250682175,0.18818884715641818,0.22512377690578317,1.83,257.155,1.8,2.0,0.0
2019-10-22,131.2024854718492,132.18434992328545,128.64395043996058,128.747802734375,27431000,45.0817144985644,0.1841823135667937,0.3473028247425702,-0.16312051117577647,4.860816439714455,0.2200919655643162,130.58564305694483,129.83261764315708,1,1.2573922964495663,-0.01488113237550548,-0.03673123075914919,-0.007352023368170979,0.19033782426558113,0.22710511564936378,1.83,257.155,1.78,2.0,0.0
2019-10-23,129.22928920909175,129.76742236837504,128.03027004217142,129.5691680908203,29844600,47.55082097794281,0.08295589324865205,0.29443343844378655,-0.2114775451951345,4.8458785505053354,0.3648074980456247,130.48883591731393,129.8222862881635,1,1.3419989239582957,0.006379645625020247,-0.02257670776517562,-0.015212550899570298,0.18419908272643767,0.2273521485297825,1.83,257.155,1.77,2.0,0.0
2019-10-24,131.5990093983485,132.57143797737498,130.91925154035994,132.11827087402344,37029300,54.40253456881424,0.20604930854554482,0.27675661246413824,-0.07070730391859342,4.899704691022295,0.7621974975637518,130.6440201989053,129.9123248993737,1,1.5948840424592603,0.019673683336581593,0.0017897650292708622,0.002866423705560228,0.19771685173914366,0.2226103201022349,1.83,257.155,1.77,2.0,0.0
2019-10-25,131.5518279670536,133.25122295792764,131.41965360142592,132.8641357421875,25959700,56.20530130654811,0.35964107003005097,0.2933335039773208,0.0663075660527302,5.141887988610723,0.839568692157433,130.855459774456,130.0280821873272,1,1.1097849018773793,0.005645433165525349,0.024161114716159116,0.021781875207996793,0.19222102883391085,0.22133907785990167,1.83,257.155,1.8,2.0,0.0
2019-10-28,136.3289610676768,137.52798025281768,135.488706931457,136.13070678710938,35280100,63.088324499778665,0.7364591879386637,0.3819586407695894,0.3545005471690743,6.320805336132289,1.1412854077148895,131.35786425185157,130.26740079908336,1,1.4523574188783699,0.024585799822311794,0.041609447857660076,0.03711423522220714,0.20743655248846551,0.22588845809551356,1.83,257.155,1.85,2.0,0.0
2019-10-29,136.0268893064885,136.42341237499207,134.6768092915584,134.8467559814453,20589500,59.153043538882216,0.9208709347036859,0.4897410995564087,0.43112983514727715,6.758710937357572,0.9229002691648093,131.69013965467002,130.44698335525442,1,0.8491301565856303,-0.009431750087597779,0.0473713191024574,0.04202240603858454,0.203234950702452,0.21441482341632878,1.83,257.155,1.84,2.0,0.0
2019-10-30,135.49817948936715,136.89545318476704,134.8089713183103,136.52725219726562,18496600,62.454170954108825,1.1889154950014813,0.6295759786454233,0.559339516356058,7.0442310260855665,1.034900553810783,132.1508170396791,130.6854252706274,1,0.7822130124965639,0.012462266545377965,0.05370169623662413,0.07396945168496805,0.19203419287570797,0.21265496134742132,1.83,257.155,1.78,2.0,0.0
2019-10-31,136.80098773521945,136.82930976980555,134.99775577425956,135.35650634765625,24605100,58.8838399610719,1.291980191049447,0.7620568211262281,0.529923369923219,7.144761706668749,0.8662963749698018,132.45612078329597,130.86860492070696,1,1.039500872619519,-0.008575180638058844,0.02451012605758751,0.05202472139334113,0.19393777669643342,0.2135013663258168,1.83,257.155,1.69,2.0,0.0
2019-11-01,136.19680766564963,136.34786817323254,134.97891653732933,135.68699645996094,33128400,59.58619595137206,1.384369347156337,0.88651932633225,0.497850020824087,7.464545385040343,0.8566066789613591,132.76382322869264,131.0575614516581,1,1.3699812399032407,0.002441627087033771,0.021246220449218756,0.04054474360312543,0.18964059189777965,0.20691592823264715,1.55,257.879,1.73,2.0,0.0
2019-11-04,136.73497555548116,136.89547196631688,136.10242579303747,136.4706268310547,16912000,61.27535170694165,1.5034895492401006,1.0099133709138202,0.4935761783262804,7.705945196782617,0.886912350004538,133.11685214320332,131.26983852535994,1,0.6970554025503193,0.00577527980969772,0.0024970122609948575,0.05418633452227439,0.1868262278662186,0.20628639194226,1.55,257.879,1.79,2.0,0.0
2019-11-05,136.8671551444492,136.9143633625978,135.86640430577106,136.3856658935547,18250200,60.97777136852508,1.572906048174758,1.1225119063660078,0.45039414180875026,7.438044836853136,0.8490393921728362,133.42816773847488,131.47045920646562,1,0.763701118694801,-0.0006225584176818844,0.011412287236046925,0.06478987837587513,0.18067460243177763,0.20396555212350573,1.55,257.879,1.86,2.0,0.0
2019-11-06,136.30065105729517,136.44227567612077,135.19604817888097,136.0079803466797,16575800,59.592278905375736,1.5792385772398063,1.2138572405407677,0.3653813366990386,7.485461124146334,0.7806837825021034,133.67386417735153,131.64840121196423,1,0.6982712354781336,-0.002769246638937628,-0.0038034300275497923,0.04210012880374103,0.1719305051887996,0.2000507480941234,1.55,257.879,1.81,2.0,0.0
2019-11-07,135.80028483279548,136.78216372757217,135.73420486433483,136.19680786132812,17786700,60.080634141207206,1.58126610314892,1.2873390130623983,0.2939270900865216,7.596702455207506,0.7706682734176429,133.91414452820644,131.82677010017457,1,0.7490731185100661,0.0013883561403318367,0.006208061484045624,0.037095433688671964,0.17124101717251844,0.18913333607120045,1.55,257.879,1.92,2.0,0.0
2019-11-08,135.93246217689625,137.83012563396463,135.72475757556614,137.8018035888672,16732700,64.05694034815838,1.6928683412785404,1.3684448787056267,0.32442346257291366,8.000653036630851,0.8787173974699137,134.28439777207888,132.06108513894682,1,0.7178557209832307,0.01178438579245733,0.015585923368347965,0.04495999729705202,0.1746752987634931,0.19019835830364504,1.55,257.879,1.94,2.0,0.0
2019-11-11,137.21646944911558,138.23610645193605,136.6405637643538,137.9434356689453,14362600,64.39398850100685,1.772312330915895,1.4492183691476803,0.3230939617682147,8.301392385418563,0.8490552891702402,134.63287757178043,132.29176555188795,1,0.6147795615951327,0.0010277955468616096,0.010792130673759504,0.047007908040151536,0.17434800145800286,0.1869882155268954,1.55,257.879,1.94,2.0,0.0
2019-11-12,138.10390969561473,139.32181525400387,137.89620509505104,138.84976196289062,18641600,66.55527418731876,1.8866570148392157,1.5367060982859875,0.3499509165532282,8.840547964462605,0.881595123505013,135.03448560902902,132.5489418817312,1,0.7997429373186629,0.006570274906885887,0.01806711910076464,0.03884987918064309,0.1693010306256764,0.18456307725216542,1.55,257.879,1.92,2.0,0.0
2019-11-13,138.53816085623507,139.21791853100973,138.10386562838292,139.0762939453125,16919200,67.09293407863245,1.9728138681935263,1.6239276522674952,0.3488862159260311,9.24493395181492,0.8560529155501745,135.41941973629412,132.80491647245987,1,0.7318667333971512,0.0016314898867628713,0.022559805614433603,0.04914163687893813,0.1650375307553968,0.183532879363323,1.55,257.879,1.88,2.0,0.0
2019-11-14,138.80255928210093,140.11486690743746,138.78367311604555,139.784423828125,19729800,68.78239319233006,2.0743224605537023,1.7140066139247367,0.36031584662896554,9.583536694499667,0.866655240927205,135.83513441170658,133.07862264327028,1,0.8566504843619539,0.005091664889279812,0.026341410075114924,0.05991854249329576,0.16281721565687668,0.1825583023634948,1.55,257.879,1.82,2.0,0.0
2019-11-15,140.60576770194822,141.6065326471697,139.9826683889357,141.587646484375,23485700,72.63515868658266,2.2740598036643007,1.8260172518726496,0.4480425517916511,9.71458374083435,0.9519856668999039,136.38299270434166,133.41230985272537,1,1.0395610115820066,0.012900025674299709,0.0274731011997702,0.09140484784285796,0.1492281989523896,0.18326849475208465,1.55,257.879,1.84,2.0,0.0
2019-11-18,141.68211325705687,142.13528048377106,140.65302590478782,141.93701171875,21534000,73.3221308219162,2.432503554955673,1.9473145124892544,0.4851890424664187,9.873688686652736,0.9270380970151528,136.91194689619007,133.74661188668713,1,0.950110590331321,0.0024674838734151106,0.028950823433084416,0.08603661801404172,0.14892997811013953,0.16919776974375378,1.55,257.879,1.81,2.0,0.0
2019-11-19,142.44683993459705,142.87168511741035,141.8048398134728,141.98422241210938,23935700,73.4192397058898,2.5326856540991685,2.0643887408112374,0.4682969132879311,9.134545402167351,0.9101965727943153,137.39502075484904,134.0696554367037,1,1.0642835593563618,0.000332617213704145,0.02257447477696406,0.1028088976791548,0.1317831153648932,0.16692674643627806,1.55,257.879,1.79,2.0,0.0
2019-11-20,142.39152170904367,142.89359964074345,140.63899016884636,141.7378692626953,25696800,71.94751677406312,2.5626612850520587,2.1640432496594015,0.39861803539265717,8.196092999304621,0.8792722926170206,137.80862537464392,134.37036970438965,1,1.153223987802128,-0.0017350741175947704,0.019137519715828777,0.09391664198496241,0.13370767474676956,0.16707645200223464,1.55,257.879,1.73,2.0,0.0
2019-11-21,141.52943736305804,141.90837359464282,140.67685613813595,141.605224609375,18576100,71.12085198759304,2.546361008923469,2.240506801512215,0.305854207411254,7.746771148631296,0.8430871169013281,138.17020625414213,134.65408950458516,1,0.8696710637659373,-0.0009358448381531215,0.013025777346185707,0.07180652359882544,0.12251337222851334,0.1670483510853774,1.55,257.879,1.77,2.0,0.0
2019-11-22,142.16422688567908,142.38210629659935,140.98007765575883,141.70950317382812,15901800,71.39906906025855,2.5128902961988047,2.294983500449533,0.21790679574927152,7.29209988481776,0.8298196341884846,138.50728215125508,134.93077239357507,1,0.762419559457679,0.0007364033688783689,0.0008606449254495718,0.06657453030669136,0.12259921448983192,0.16324338054018717,1.55,257.879,1.77,2.0,0.0
2019-11-25,142.09784795876988,143.37673437237504,142.02206070526566,143.26304626464844,22420900,75.22796855115871,2.5819592402412184,2.3523786484078704,0.229580591833348,7.7229601306616855,0.9223277076792996,138.96021206681635,135.25752823165638,1,1.109173515859753,0.010962871621352344,0.009342415553499128,0.052393318494210916,0.09903732281626687,0.1642495970026584,1.55,257.879,1.76,2.0,0.0
2019-11-26,143.38620255386104,144.39035836801426,143.3483161545276,144.02090454101562,24620100,76.85571565221112,2.667104979241145,2.4153239145745253,0.25178106466661987,7.923763711250165,0.9373911505274642,139.44218277864485,135.60119004770968,1,1.2059460441750642,0.005289977395616763,0.014344425699601926,0.06803388403969213,0.0885605612238624,0.1614444321836308,1.55,257.879,1.74,2.0,0.0
2019-11-27,144.3050917646495,144.466134245281,143.53776575784192,144.29562377929688,15184400,77.43455100277585,2.7253351700670407,2.4773261656730283,0.2480090043940124,8.303472815807636,0.9064184769931174,139.90441525489743,135.94214823326212,1,0.7498476541705227,0.0019074955761231305,0.018045667893179962,0.05689978709017662,0.0818453126030713,0.1601710113121574,1.55,257.879,1.77,2.0,0.0
2019-11-29,144.08722218703866,144.27668309145497,143.3104136875091,143.4051513671875,11977300,71.21710944861562,2.6688643274966353,2.51563379803775,0.15323052945888538,8.117103357402893,0.8007720146481556,140.23781869416314,136.23481502282783,1,0.6105076868419188,-0.006171167141363676,0.01271087816694405,0.05946256472414202,0.0777272493439312,0.15758648025464173,1.55,257.879,1.78,2.0,0.0
2019-12-02,143.81249022948293,143.83144065622756,140.5063562820904,141.6715545654297,27418400,60.95576988589383,2.4559137592172533,2.5036897902736506,-0.04777603105639727,7.649419702989582,0.6290477212139965,140.37436496761708,136.44802049508672,1,1.4182109533447576,-0.01208880423910963,-0.0002677915563071842,0.04410561263499324,0.09434949041811952,0.15914558706576767,1.55,258.63,1.83,2.0,0.0
2019-12-03,139.72007045960382,141.5578569925941,138.92431159389267,141.44418334960938,24066000,59.73998457160146,2.2429466499390003,2.4515411622067207,-0.2085945122677204,7.242214817600933,0.5892895158466076,140.47625243256874,136.64394845016605,1,1.2221957575089675,-0.0016049179139577818,-0.012695967051259638,0.03644415383767341,0.09424349804995347,0.15706076793015677,1.55,258.63,1.72,2.0,0.0
2019-12-04,142.2304962218862,142.26838262760975,141.34001391048014,141.95578002929688,17574700,61.59605653426626,2.091342562702465,2.3795014423058696,-0.28815887960340447,6.744092900672337,0.6202394610434301,140.61715982273333,136.85225557091627,1,0.8940675885936904,0.003616950994888013,-0.014339060834954176,0.040840905818427586,0.0940038331381933,0.15512534550764237,1.55,258.63,1.77,2.0,0.0
2019-12-05,142.14525857571,142.4010388245932,141.60527965639483,142.0315704345703,17869100,61.87646122584751,1.9547774262545943,2.2945566390956147,-0.3397792128410204,5.989719787138897,0.608428334217425,140.75186559528922,137.05536595772622,1,0.9060637836127551,0.000533901509736312,-0.015690381214814142,0.04428850478138635,0.09249697119647929,0.1551170907259629,1.55,258.63,1.8,2.0,0.0
2019-12-06,143.03568857832454,143.86931939648937,142.35361780122818,143.75564575195312,16403500,67.66093212175042,1.9630383569056846,2.228252982657629,-0.2652146257519443,5.259653918292825,0.8040311185939716,141.03793989592387,137.31812202808806,1,0.8346766725081567,0.012138676718899122,0.0024440850375604395,0.05549937630198509,0.09885153005715093,0.15559423995715793,1.55,258.63,1.84,2.0,0.0
2019-12-09,143.1114685803498,144.19141151358306,142.9598940920163,143.3861846923828,16687400,65.37186550111818,1.9176671114169892,2.1661358084095013,-0.24846869699251206,4.789350044600078,0.7376936776917419,141.2615822574914,137.5560852698251,1,0.8492205317437357,-0.002570062953964336,0.012102853901848398,0.04052473159332992,0.0944844055993419,0.15570782991349097,1.55,258.63,1.83,2.0,0.0
2019-12-10,143.31987975068387,143.88827691124754,142.8178018559934,143.16831970214844,16476100,63.99692773685286,1.8428865396744527,2.1014859546624916,-0.25859941498803884,4.1559209298681505,0.6922517531454333,141.44317629983968,137.7761728946221,1,0.8339825055059418,-0.0015194280446318986,0.01218951753058306,0.03787700377234682,0.0952570719703059,0.15474783054659555,1.55,258.63,1.85,2.0,0.0
2019-12-11,143.55673845422552,143.86935551011177,142.4104903709191,143.70831298828125,18856600,65.91072330717468,1.8063726041297912,2.0424632845559514,-0.23609068042616022,3.7214213722111484,0.7704379713561268,141.6589036035008,138.00880583947148,1,0.9539588843447661,0.0037717372618204514,0.01234562593099553,0.03499142495245433,0.09394260542403231,0.1543062477598634,1.55,258.63,1.79,2.0,0.0
2019-12-12,143.6609572303962,145.35666676790927,143.06415593745186,145.16720581054688,24612100,70.47676285432061,1.8735582916857538,2.0086822859819122,-0.1351239942961584,3.5097636496068634,1.0168075082059655,141.99302762321946,138.28952740696462,1,1.2213638557266084,0.010151763610116271,0.02207703094729241,0.043795471481498094,0.09853491368684635,0.1546979962021337,1.55,258.63,1.9,2.0,0.0
2019-12-13,144.9397938913102,146.73022606118172,144.77875141046812,146.38919067382812,23845400,73.65931853633408,2.002325833232817,2.0074109954320933,-0.005085162199276461,3.7449339334104756,1.1498558265038346,142.41170981851553,138.60716126056712,1,1.1713551607657375,0.008417774913130227,0.01831959300171837,0.047249662479019516,0.10051828272223164,0.15149236098087612,1.55,258.63,1.82,2.0,0.0
2019-12-16,146.93869075639589,147.6870666103958,146.66397453162102,147.33656311035156,24144200,75.83427912913712,2.1559674252987975,2.037122281405434,0.11884514389336331,4.503378111406644,1.1416580722367788,142.88074346535706,138.9494907448724,1,1.1841179242992776,0.006471601025749951,0.027550620908449508,0.04060323600767668,0.09402028768620746,0.1492791659534912,1.55,258.63,1.89,2.0,0.0
2019-12-17,147.26075935401926,147.50707158481424,146.31344020159077,146.54080200195312,25425600,70.56376728751076,2.188292944050346,2.0673564139344167,0.12093653011592931,4.8505716020570135,0.9473057309105279,143.2293204688424,139.24718922554223,1,1.2351752109950103,-0.005400975098098559,0.02355606538388444,0.03243544602957815,0.0975861097601949,0.14980406955187162,1.55,258.63,1.89,2.0,0.0
2019-12-18,146.1713508143225,147.289180496491,146.05766268456694,146.23765563964844,24129200,68.60756583798828,2.1644987780559006,2.0867848867587138,0.07771389129718687,5.03562291211781,0.8589178916395243,143.51582858034772,139.52132516335033,1,1.1716454346436402,-0.0020686822930083837,0.01760053123421912,0.02995708364830474,0.09836858966473966,0.14694707397806298,1.55,258.63,1.92,2.0,0.0
2019-12-19,145.8871427828067,147.56390165308392,145.6503130055619,147.50706481933594,24958900,72.09601218432913,2.222453382815303,2.1139185859700316,0.10853479684527123,5.383705750821987,0.9616335442770372,143.89594631739422,139.83449142436936,1,1.2141084057849756,0.008680453568098212,0.01611837188519516,0.04070327560765041,0.10074403873538554,0.14537000488406362,1.55,258.63,1.92,2.0,1.0
2019-12-20,149.06068635245342,150.14062969449932,148.05651582831925,149.11752319335938,53477500,75.77408113762652,2.371001921989773,2.16533525317398,0.20566666881579332,6.0009677126793015,1.0556677733568034,144.3932393532004,140.19853188589838,1,2.397829656459422,0.010917838925178946,0.018637527176513347,0.05305099868106855,0.1048103346393316,0.14651512197693164,1.55,258.63,1.92,2.0,1.0
2019-12-23,149.79011175067217,149.79011175067217,148.9848990795974,149.11752319335938,17718200,75.77408113762652,2.460366140180696,2.2243414305753233,0.2360247096053727,6.407232522405572,0.9791438678747824,144.84317114750127,140.54829625089684,1,0.7912284399605596,0.0,0.01208769938303722,0.052276099016762334,0.10501489679222732,0.1431647862215048,1.55,258.63,1.93,2.0,1.0
2019-12-24,149.18378877670062,149.40168254944408,148.84275336603747,149.0890655517578,8989200,75.56994426206944,2.500072355214712,2.2794876155032013,0.22058473971151082,6.84802500671276,0.9151918734539437,145.24754204314473,140.88322838034236,1,0.413835108171807,-0.0001908403586120544,0.017389447273331582,0.04066658806310053,0.10059839912910996,0.14247708634616943,1.55,258.63,1.9,2.0,1.0
2019-12-26,149.25961703393423,150.3679788093413,149.1080424864569,150.31114196777344,14520600,78.2764875235539,2.600177937442453,2.3436256798910517,0.2565522575514012,7.511791853058902,0.9608463255996869,145.72978965501414,141.25295048181025,1,0.6843941947671459,0.00819695536686682,0.027855249116976344,0.04367586390881484,0.1023550256321821,0.13886065939650255,1.55,258.63,1.9,2.0,1.0
2019-12-27,151.05003834690453,151.14477604561935,149.88483981841782,150.5858612060547,18412800,78.84390335860489,2.670891504492971,2.4090788448114355,0.26181265968153555,8.104748898090001,0.9228351680442014,146.19227265987516,141.61894698080022,1,0.8612910197051755,0.001827670488593336,0.020872196124908315,0.04359271100542084,0.10235780922994323,0.13226932428352023,1.55,258.63,1.88,2.0,1.0
2019-12-30,150.6142496279154,150.64266804088126,148.47329948488263,149.28799438476562,16348400,69.59528306810671,2.5923228262161047,2.4457276410923696,0.14659518512373504,8.25165758894957,0.7822254285939988,146.48710330034092,141.91969393781847,1,0.7569861962675307,-0.008618782738926134,0.0011432002608118275,0.04102253623034202,0.10534795093539755,0.1329105397553197,1.55,258.63,1.9,2.0,1.0
2019-12-31,148.51121213227788,149.4585311862097,148.2080630966477,149.3922119140625,18369400,69.9006077305782,2.509537678037532,2.458489648481402,0.05104802955612975,8.034079657313201,0.7651233763678755,146.76378031117156,142.2127338584555,1,0.8687659455326969,0.0006980971894381405,0.0018420955151390306,0.05449687745938503,0.09136337739310461,0.13098365282884278,1.55,258.63,1.92,2.0,1.0
2020-01-02,150.41535275784207,152.2626224460996,149.98906197669726,152.15841674804688,22622100,76.61355669173915,2.6367447119130247,2.4941406611677266,0.14260405074529814,8.131415553519009,0.9478350872622892,147.2775552099216,142.60276063843946,1,1.073559525532637,0.01851639251165005,0.020587366249361194,0.07574884413560512,0.10540064729759786,0.1335156279396302,1.55,259.127,1.88,2.0,1.0
2020-01-03,149.9795640082844,151.5236842826628,149.7332517957889,150.2637481689453,21116200,65.7904470906226,2.5552183166231828,2.506356192258818,0.04886212436436477,7.756670429190786,0.7658632907321199,147.56195453935243,142.9031915219887,1,0.9937444483008124,-0.012451947250731954,-0.0003153046288364436,0.058525043065762006,0.12003800382446117,0.134379036544746,1.55,259.127,1.8,2.0,1.0
2020-01-06,148.80492136856677,150.71851045326142,148.2649424147143,150.65219116210938,20813700,66.82519263299079,2.493211968581562,2.503727347523367,-0.010515378941804876,7.269703502859191,0.778876831084302,147.8562627891388,143.20707386081696,1,0.9727684925773572,0.002585074563209444,0.0004404793087706693,0.0606951025125102,0.11973501771147638,0.13012027684043942,1.55,259.127,1.81,2.0,1.0
2020-01-07,150.92688967276914,151.25844269298102,149.03225142604057,149.27854919433594,21634100,59.92266394191911,2.3066405478310514,2.464309987584904,-0.15766943975385272,6.890910886554648,0.6318192880073834,147.99171863725283,143.44517093271966,1,0.9989017856545087,-0.009117968727685666,-6.326825186853124e-05,0.038418688973874904,0.12197744585140781,0.13199401948709097,1.55,259.127,1.83,2.0,1.0
2020-01-08,150.55741741152548,152.32891395537885,149.62904874222338,151.65631103515625,27746500,66.39362961678606,2.323858863059712,2.436219762679866,-0.11236089962015372,6.594752310487202,0.838133515068915,148.34072743705315,143.76717642693288,1,1.2492323568131598,0.01592835577283691,0.015155402628325598,0.05767728850946119,0.1302309578996151,0.1348817298804623,1.55,259.127,1.87,2.0,1.0
2020-01-09,153.31411932222434,153.674105204978,152.5467931657798,153.5509490966797,21385000,70.48323658498008,2.4620054925705404,2.441376908658001,0.020628583912539522,6.428635866089132,0.9893902344362332,148.83693902368424,144.1508537865308,1,0.9522946471333081,0.012492972093223642,0.009151858821839998,0.07252043899189142,0.1334489741747804,0.1362699234016347,1.55,259.127,1.85,2.0,2.0
2020-01-10,154.24251212062987,154.6214340015497,152.68889482600636,152.84046936035156,20725900,67.18166406463317,2.485506542507892,2.4502028354279792,0.035303707079912705,5.974355482331502,0.894169841401622,149.21822762717636,144.49162302471984,1,0.9191188372376634,-0.00462699671026312,0.01714798960364794,0.06354647258864565,0.1365259341241594,0.13478846093004582,1.55,259.127,1.83,2.0,2.0
2020-01-13,153.23832417187603,154.70667158890456,152.76466464734693,154.67825317382812,21626500,70.96969880940853,2.622198022109245,2.4846018727642325,0.13759614934501263,6.157461039512865,1.0289199921913865,149.73823006019083,144.89109871684175,1,0.9654484928218025,0.01202419634778562,0.026724218085792728,0.06551787857440616,0.13793984210421953,0.13444193800490822,1.55,259.127,1.85,2.0,2.0
2020-01-14,154.78249955826826,154.98144297107078,153.20047806483123,153.58888244628906,23477400,66.09934495770123,2.612508519063198,2.5101832020240256,0.10232531703917225,6.146636317697196,0.8715505974421903,150.10495885886687,145.2321882748593,1,1.0489378328277947,-0.007042817624238529,0.028874431559096747,0.049181853792078734,0.14106773448394208,0.13497099454902303,1.55,259.127,1.82,1.0,2.0
2020-01-15,154.0530454248941,155.3035137214435,154.00569102831227,154.5835418701172,21417900,68.24233198424216,2.6544909021209833,2.5390447420434175,0.11544616007756581,6.385058073165652,0.9226065529162936,150.53149057422405,145.59890802369296,1,0.9627859337657904,0.0064761160312236665,0.019301740989086547,0.049186560394637535,0.14106944362952029,0.1292443501769668,1.55,259.127,1.79,1.0,2.0
2020-01-16,155.69185707705324,157.48228910577814,155.38870810999757,157.4159698486328,23865400,73.39909348913213,2.883081144659002,2.6078520225665347,0.2752291220924672,7.036209638587562,1.097434023191873,151.18715526702488,146.06232221290628,1,1.0765822143840071,0.01832295950946361,0.02517093365225387,0.07421255853734676,0.14837289698624592,0.13267189244098918,1.55,259.127,1.81,2.0,2.0
2020-01-17,158.60016218369577,158.64753102974288,156.7149919685834,158.29702758789062,34371700,74.77140193924085,3.0996042467061216,2.7062024673944522,0.3934017793116693,7.527688415145444,1.080564965036814,151.8642859642502,146.54211458055272,1,1.5155157414923455,0.005597003532138434,0.03570100412786714,0.08246420455452519,0.14698781342423559,0.1272779377263677,1.55,259.127,1.84,1.0,2.0
2020-01-21,157.89913292781256,159.32959395002115,157.66230316439436,157.72862243652344,29517200,72.184168722646,3.1885788673267825,2.8026777473809186,0.38590111994586396,7.8220693405432185,0.9661538127308811,152.42279419970478,146.9808011631398,1,1.288522657253855,-0.003590750628918782,0.0197207377256019,0.06929537666352914,0.14823401726238772,0.1279376484899758,1.55,259.127,1.78,1.0,2.0
2020-01-22,158.58121907428676,158.66648878308445,156.95182898866327,156.9707794189453,24138800,68.76760229806023,3.161496533164893,2.874441504537714,0.28705502862717935,8.029729784962143,0.8590196934980071,152.85593564915627,147.37256501630864,1,1.125832231464704,-0.004804727295980249,0.02201915215991579,0.052664878395295656,0.14814554800454843,0.12443556252780073,1.55,259.127,1.77,1.0,2.0
2020-01-23,157.43496426740944,158.0128294992705,156.5634324259856,157.93704223632812,19680800,70.6735381381369,3.1813305242177137,2.935819308473714,0.2455112157439996,8.278396970530027,0.8887005866230252,153.33985056222025,147.78685824062313,1,0.9137294337986293,0.006155685924218446,0.021693773642659675,0.05914475277015274,0.14833702861971057,0.12448789475231024,1.55,259.127,1.74,1.0,2.0
2020-01-24,158.6854145724222,158.7043650014878,155.7866204878923,156.3455352783203,24918100,63.770780283983946,3.0336576769767873,2.955386982174329,0.07827069480245852,8.114893466778192,0.7385734879198202,153.62610624946788,148.12249263425832,1,1.1156313345279976,-0.010076844136579277,-0.0068000379589301385,0.04867204512757062,0.15509904274818218,0.11907307316981378,1.55,259.127,1.7,0.0,2.0
2020-01-27,152.66051202580311,154.7730446469008,151.76056150743847,153.73098754882812,32078100,54.37490890027181,2.6748200697832374,2.8992735996961105,-0.22445352991287315,7.896930581276451,0.5151597990063284,153.63609494464504,148.34243361130027,1,1.381884523096673,-0.016722880668372575,-0.02884476170297834,0.022751776989279326,0.1676486876195617,0.12309066362825015,1.55,259.127,1.61,1.0,2.0
2020-01-28,155.15191986936853,157.0276076258131,154.4793314082179,156.74342346191406,24899900,61.426818254940464,2.6035054923161454,2.840119978220118,-0.2366144859039725,7.8714938904168665,0.7384982214791623,153.93203099390877,148.67188419367727,1,1.057875136669307,0.0195955022544112,-0.006246164832929169,0.040890706514827846,0.17979754819841737,0.12637291555163568,1.55,259.127,1.65,0.0,2.0
2020-01-29,158.9980543059086,159.8601182647004,156.96132376629157,159.18751525878906,34754500,66.01624759631872,2.7129329553924606,2.8146825736545864,-0.10174961826212581,7.903333018959216,0.8965550219829064,154.43255330484976,149.0842618825052,1,1.4209893220857341,0.01559294637627251,0.014121964916332663,0.06631156721490283,0.18121797404009268,0.1271261614056347,1.55,259.127,1.6,0.0,2.0
2020-01-30,164.88089473268496,164.88089473268496,161.7926251689453,163.67779541015625,51597500,72.49179013967523,3.1259490943175194,2.876935877787173,0.24901321653034625,8.903026587607336,1.1239214329001548,155.3130525529742,149.6565573149621,1,1.97545001572588,0.028207489413145215,0.0363483644656204,0.09562468694359705,0.20074666959469295,0.13714531339887703,1.55,259.127,1.57,0.0,2.0
2020-01-31,163.13781757767464,163.31779605239475,160.6463638869867,161.26211547851562,36142700,65.28459649008302,3.2212100736371383,2.945790716957166,0.2754193566799721,9.345723895949263,0.8951055031145972,155.87962997445433,150.1116772429446,1,1.3488399779141154,-0.014758751641218204,0.031446885844504724,0.05983039864001216,0.20508167038654163,0.14188717038133697,1.55,259.127,1.51,0.0,2.0
2020-02-03,161.45160480639652,165.3072009004418,161.423186386706,165.1935272216797,30107000,70.43608902780024,3.5727526885286807,3.0711831112714694,0.5015695772572113,10.221037960521006,1.0589500528131055,156.76666780752342,150.70312234014992,1,1.1050494339590093,0.024379016308314627,0.07456232380742911,0.09935715856061611,0.20966568528890048,0.14824849818040212,1.58,259.25,1.54,0.0,2.0
2020-02-04,167.80812679253964,171.1237440771596,167.02185010187932,170.63113403320312,36433300,75.78776380235053,4.241231888140419,3.3051928666452595,0.9360390214951595,12.37927772121297,1.1865642590942622,158.08709316235004,151.48461299477947,1,1.299986102148672,0.032916585189360914,0.08860155191559627,0.1326163444220696,0.23119068386402972,0.15930310622021612,1.58,259.25,1.61,0.0,2.0
2020-02-05,174.33513145257945,174.4961739637263,169.01120277781624,170.42269897460938,39186300,75.22562793037284,4.700008727741675,3.584156038864543,1.1158526888771325,13.377994076680874,1.071311813609859,159.26191276351759,152.22728303320417,1,1.355761970209516,-0.001221553497693928,0.0705782969069868,0.14164225131065056,0.22583922559454356,0.15956007822334065,1.58,259.25,1.66,0.0,2.0
2020-02-06,171.4363200158027,174.13618493879304,170.5742562594861,173.95619201660156,27751400,78.1802991049431,5.287762007386021,3.924877232568839,1.3628847748171826,15.218095475139796,1.0983964558831574,160.66136793047798,153.07939711098447,1,0.9601308064657309,0.02073369957906035,0.06279652399208402,0.14704222217482177,0.22898242725670648,0.1624357151907611,1.58,259.25,1.65,0.0,2.0
2020-02-07,173.21732428358098,175.85087054547617,172.86680634459037,174.20252990722656,33529100,78.37393932958834,5.707643958412092,4.281430577737489,1.4262133806746027,16.70218177945031,1.0123818300145286,161.95100240445404,153.9077552598567,1,1.1361569721095288,0.0014160915329848311,0.08024460295781588,0.1344933452514454,0.228771417051543,0.1624085344742937,1.58,259.25,1.59,0.0,2.0
2020-02-10,173.90885522377374,178.89174886166035,173.5962381626121,178.75912475585938,35844300,81.62272956464149,6.335055971119317,4.692155656413855,1.6429003147054617,18.673805897542522,1.0625530312944484,163.55177596173075,154.88231876950388,1,1.184274105421121,0.02615688102267799,0.08211942539355954,0.16957979456605488,0.23490613851943343,0.16844645548338877,1.58,259.25,1.56,0.0,2.0
2020-02-11,180.6063691429456,180.65373798592051,173.83304379083776,174.72352600097656,53159900,71.39324762108333,6.432495613493359,5.040223647829756,1.3922719656636025,19.33641264181262,0.8798636275718116,164.61575215594465,155.66040532760084,1,1.6694079321834725,-0.02257562382001166,0.02398385260088065,0.1295933488764025,0.25812094577543926,0.17727738550736144,1.58,259.25,1.59,0.0,2.0
2020-02-12,175.80351802661943,176.05929828587423,172.27002107298435,174.97935485839844,47062900,71.63592948266101,6.4559404203500605,5.323367002333818,1.1325734180162428,19.533175097317308,0.84815655850221,165.60276193713074,156.4180111915537,1,1.4251620999284131,0.0014641923917013688,0.026737376600683538,0.13927096851941578,0.2540969272231914,0.17732110802828774,1.58,259.25,1.62,0.0,2.0
2020-02-13,173.4351972303975,176.41924686578838,173.23625384239782,174.03201293945312,35295800,69.29174301784771,6.325165453038721,5.523726692474798,0.801438760563923,19.41324589826126,0.7882382973063938,166.40554774687573,157.10875635813798,1,1.0468332713710269,-0.005414021098157251,0.00043586216720781223,0.12581204204569696,0.25761398464794316,0.1772755366027568,1.58,259.25,1.61,0.0,2.0
2020-02-14,173.59622590515036,175.64243864012167,173.0278286604553,175.58560180664062,23149500,70.96950271638543,6.274557790527268,5.673892912085293,0.6006648784419752,19.642933190414567,0.8031240035920881,167.27983860971048,157.83333853258907,1,0.6873175154850191,0.008927029234144346,0.007939447837816305,0.11542432432668215,0.25385022917807676,0.17761315215458617,1.58,259.25,1.59,0.0,2.0
2020-02-18,175.8319246061661,177.81181834735847,175.7277189116326,177.3665771484375,27792200,72.80387749251487,6.305475087443369,5.800209347156908,0.5052657402864611,19.985488676661586,0.8210662340393531,168.24048037530352,158.59934789007332,1,0.8333002268382088,0.010143060270728421,-0.007790078460742866,0.12046688337188738,0.25438279205485514,0.177984798780574,1.58,259.25,1.55,0.0,2.0
2020-02-19,178.63939384413166,178.75337797301026,177.12904615880493,177.89846801757812,29997500,73.34556936127635,6.300270815757017,5.90022164087693,0.4000491748800865,20.048608777426345,0.8039533170816948,169.1602887221868,159.35617613036763,1,0.8987751071279405,0.0029988224258028495,0.018171233658504704,0.1278768892384885,0.2522591297249241,0.17763035402601007,1.58,259.25,1.56,0.0,2.0
2020-02-20,177.5850405545757,177.87001544081576,172.02809549780588,175.18177795410156,36862400,66.10335954960235,6.007679420446124,5.921713196790769,0.08596622365535467,19.403759665056537,0.7014776522881117,169.73376388713106,159.9767879665925,1,1.0838006171910282,-0.015271014381125103,0.0011568398790071655,0.11601521380327884,0.26092379564005946,0.18169474488734214,1.58,259.25,1.52,0.0,2.0
2020-02-21,173.99445060008463,174.3079216262645,168.3710033147432,169.6438751220703,48572600,54.3271826210382,5.268207538140871,5.79101206506079,-0.5228045269199191,18.454623903799693,0.5149799499920564,169.72520305236338,160.35588942367005,1,1.3699112298786549,-0.031612322335729526,-0.02521454382596533,0.07412341474791417,0.2930304039141588,0.19579724978067267,1.58,259.25,1.46,0.0,2.0
2020-02-24,159.36584000819616,165.80620582569023,155.05325577394382,162.3295440673828,68311100,43.34409003067505,4.045333272278327,5.441876306504298,-1.3965430342259708,17.495026824733138,0.25899151026171735,169.02085457760333,160.43328764499213,1,1.8155098547828121,-0.04311579801760801,-0.07549626850301616,0.03827425438411147,0.3357441140495911,0.2175278391915564,1.58,259.25,1.38,0.0,2.0
2020-02-25,165.47376741908042,166.0817072124577,159.25187476369263,159.65084838867188,68073300,40.14332188242994,2.827455109300473,4.918992067063534,-2.0915369577630605,16.202163751853508,0.1320693937257815,168.12847303580034,160.40260375258742,1,1.7266023371284447,-0.016501590601394223,-0.09988200169719341,0.03850792175496487,0.3355784144446172,0.22076609269419945,1.58,259.25,1.33,1.0,2.0
2020-02-26,161.20865045967483,164.58080718946448,159.78379060390208,161.64559936523438,56206100,43.48989584110858,2.0001807847638133,4.33522981060359,-2.3350490258397762,15.255197810528859,0.17725254615123495,167.51105649574643,160.4513486785736,1,1.3711657571685036,0.012494458981553658,-0.09136036320862417,0.0312751616306981,0.3316336573629363,0.22185275897227033,1.58,259.25,1.33,1.0,2.0
2020-02-27,155.13872812835805,158.66287293546242,150.06621667754132,150.25619506835938,93174900,32.36377073696519,0.4206808340540533,3.5523200152936827,-3.1316391812396294,17.57412516576771,-0.14810236991309403,165.8677363598048,160.051538733075,1,2.121831396944241,-0.0704591052376311,-0.1422841072675538,-0.05610565738092055,0.4195567673243742,0.26947920024518746,1.58,259.25,1.3,2.0,2.0
2020-02-28,144.77528307354186,155.50923164149168,144.3858178493649,153.89437866210938,97012700,37.834824936869666,-0.5313877390411221,2.735578464426722,-3.266966203467844,19.192368382279472,0.03201559074070331,164.7274165790719,159.8100814753901,1,2.100603573806521,0.024213201938827256,-0.09283857992885447,-0.05977241276699041,0.41599116231821104,0.2722122995433344,1.58,259.25,1.13,1.0,2.0
2020-03-02,157.02907098692916,164.25786140312832,154.17935094628967,164.13436889648438,71030800,50.075490922707274,-0.45438939169784476,2.0975848932018084,-2.551974284899653,18.904080964220675,0.3408893925578968,164.6709358473969,159.97966137425655,1,1.4820420485834327,0.066539079096956,0.011118276956118223,0.01781108606597326,0.47693630821538385,0.30120562120511923,0.65,258.076,1.1,1.0,2.0
2020-03-03,165.09375911275336,166.2336440588436,154.13182955336734,156.2691192626953,71677000,43.06178480112142,-1.0163121457146644,1.474805485418514,-2.4911176311331786,20.017758029707572,0.12975271271140087,163.87076283933007,159.8341499189012,1,1.4333635529466322,-0.04791957764037513,-0.021182030412664643,-0.05402395668329285,0.49991709707584675,0.3191980762492314,0.65,258.076,1.02,2.0,2.0
2020-03-04,160.04977122484704,162.14905673296266,157.32352937599967,162.00657653808594,49814400,48.70573059786419,-0.9872942114150192,0.9823855460518074,-1.9696797574668266,20.33938969294572,0.314830440886024,163.69322128683064,159.91934311965355,1,0.9830131932359037,0.03671523396599996,0.002233139499430159,-0.05054504000095861,0.5034986486051456,0.32689998414754606,0.65,258.076,1.02,2.0,2.0
2020-03-05,157.7319983863141,162.31054079350352,157.39003142065653,157.94097900390625,47817300,45.28057341908803,-1.277629317338011,0.5303825733738436,-1.8080118907118548,21.074360045164365,0.22325832197420792,163.14538868845688,159.84176021315366,1,0.9356355206238861,-0.025095262310069977,0.05114453971132882,-0.07323977407823312,0.5099077669812145,0.33106337454132845,0.65,258.076,0.92,2.0,2.0
2020-03-06,154.46432171432747,154.93927504171984,148.18543814642317,153.47642517089844,72821100,41.80396127088097,-1.8466867081747296,0.05496871706412903,-1.9016554252388587,22.154198587744805,0.14196763972776277,162.22453502011797,159.59213923110445,1,1.3647070023760197,-0.02826722906977419,-0.0027158463801241206,-0.11772945020404124,0.5086822662812809,0.3367309809553472,0.65,258.076,0.74,2.0,2.0
2020-03-09,143.435889783358,149.84775902864055,142.48598322850134,143.07492065429688,70419300,35.05160934074907,-3.101234178579972,-0.5762718620646913,-2.5249623165152806,25.161197872669185,-0.031084846249673975,160.4007622233731,158.94440516926886,1,1.2756020744952132,-0.06777265306394331,-0.12830614565234166,-0.17868632143004481,0.5556614029379712,0.36707327346362123,0.65,258.076,0.54,2.0,2.0
2020-03-10,150.23722610593282,152.9634533148357,144.93674572307532,152.8589630126953,65354400,44.18433806912931,-3.2683066333149213,-1.1146788163147374,-2.153627817000184,24.956929514102264,0.23127549881007622,159.68249563188,158.705760378815,1,1.1530363481042607,0.0683840488162073,-0.021822329748127478,-0.14488861353811877,0.606135017487817,0.39127922801017684,0.65,258.076,0.76,2.0,2.0
2020-03-11,149.25886270019677,149.80030204844616,143.57840950209692,145.93418884277344,56371600,39.907181095385305,-3.9143618335333485,-1.6746154197584597,-2.239746413774889,26.130763799800604,0.11181898254982332,158.37313308053652,158.20491443622515,1,0.991744580855545,-0.04530172149176992,-0.0992082422748688,-0.16477081144780825,0.6194666789771077,0.4026323181093294,0.65,258.076,0.82,2.0,2.0
2020-03-12,138.0213839674512,145.78211645613325,131.6380126717602,132.09396362304688,93226400,33.02597310382215,-5.479985875921585,-2.435689510991085,-3.0442963649305,30.159045251133392,-0.08281439839267145,155.8703550369661,157.1809555808064,-1,1.5761275503803782,-0.09483881282019346,-0.1636498364380793,-0.24508829210198224,0.6960400112585821,0.45107627622941393,0.65,258.076,0.88,2.0,2.0
2020-03-13,140.1112002373312,153.799355549348,133.68032956461008,150.87364196777344,92727400,46.504949443595315,-5.146070418658724,-2.977765692524613,-2.1683047261341106,29.704186206324678,0.3258152778374802,155.39447760180488,156.93360994892276,-1,1.4951064646262693,0.1421690880464277,-0.016958846938393002,-0.1330696035776856,0.8702538762735955,0.5286550871313362,0.65,258.076,0.94,2.0,2.0
2020-03-16,132.98692659116145,141.8685592719839,128.23739349861998,128.6363525390625,87905900,37.00729745492261,-6.599725893251275,-3.7021577326699457,-2.8975681605813293,32.96832005550903,-0.04414984964277107,152.84608473868656,155.82391357990863,-1,1.3470430329143734,-0.1473901546928974,-0.10091613575045344,-0.2673866694336352,1.0211948105656075,0.6219151462583651,0.65,258.076,0.73,2.0,2.0
2020-03-17,132.98692056268771,140.111219878546,128.23738768544888,139.22781372070312,81059800,42.980399811079536,-6.8185163173367584,-4.325429449603309,-2.4930868677334495,32.41017812878833,0.18869637646384832,151.54910654649765,155.1730861344496,-1,1.1934283249266067,0.08233645445150795,-0.08917468117888572,-0.21502790458551935,1.0723086207291606,0.6438448356356732,0.65,258.076,1.02,2.0,2.0
2020-03-18,131.08711225665544,138.68636514109926,128.25639461563904,133.36688232421875,81593200,40.68158982522672,-7.379768113506913,-4.93629718238403,-2.4434709311228824,31.98972157363878,0.10556616158816783,149.81746614437586,154.31794088698956,-1,1.157324335332319,-0.04209598096714817,-0.0861162597895031,-0.2503202314758507,1.0761431675058277,0.6492813147744098,0.65,258.076,1.18,2.0,2.0
2020-03-19,135.61814929503072,142.62844911064573,132.03699788391367,135.5611572265625,85922700,41.933765799427846,-7.5603535101654415,-5.461108447940313,-2.099245062225129,30.757743560080144,0.17448467208921162,148.45972243791743,153.5823807434434,-1,1.1777557549489683,0.0164529219256202,0.026247933731550877,-0.22616861862150894,1.0816306720174218,0.6498278925405407,0.65,258.076,1.12,2.0,2.0
2020-03-20,138.68638351717573,139.73128672500724,129.054329789664,130.46969604492188,84866200,39.83264466806131,-8.021836368075327,-5.973254031967316,-2.0485823361080113,30.983937344003,0.10460210906663195,146.74638659096547,152.67600095134452,-1,1.1350410221952116,-0.03755840748047978,-0.13523863848404905,-0.23092009097858646,1.0833081471746586,0.6541497740102119,0.65,258.076,0.92,2.0,2.0
2020-03-23,130.14670715023314,133.52838705805826,125.88163549437336,129.16830444335938,78975200,39.29073410733899,-8.395794787723958,-6.4577621831186445,-1.9380326046053131,32.148056099184345,0.12216836224672456,145.0722835292887,151.754130500051,-1,1.0487728260229394,-0.009974665696426688,0.004135315513826843,-0.20428345200217057,1.0771327128709138,0.654329489247288,0.65,258.076,0.76,2.0,2.0
2020-03-24,136.5490811192796,142.10604082694735,134.19331668258258,140.90914916992188,82516700,46.37841487933056,-7.656511978347112,-6.697512142164339,-0.9589998361827732,31.535849550379407,0.3875470871280117,144.67579454268235,151.32883711455574,-1,1.0853939422678078,0.09089570988145068,0.012076146312198555,-0.11739179220096041,1.1319086993680116,0.6792332404893382,0.65,258.076,0.84,2.0,2.0
2020-03-25,141.45057605299218,146.59906738567054,137.20449296873716,139.5602569580078,75638200,45.71802679077949,-7.097652039434223,-6.7775401216183155,-0.32011191781590753,30.40675276879915,0.3769341865693159,144.18860048699906,150.86732416724013,-1,0.9823620004400214,-0.009572779481390792,0.04643862498587015,-0.13662816986019677,1.1297910598568537,0.6794292925484453,0.65,258.076,0.88,2.0,2.0
2020-03-26,140.96613087253797,148.81236851080732,140.93763483465182,148.2899169921875,64568100,50.61864736474775,-5.882530750785179,-6.598538247451688,0.7160074966665091,30.32040172473242,0.5774534745198925,144.57920205892177,150.7662493760616,-1,0.8544605822307199,0.06255118917419544,0.093896806622501,-0.013086169760104127,1.1263415470781002,0.6909671056767573,0.65,258.076,0.83,2.0,2.0
2020-03-27,144.14831530529963,147.13102121684818,141.7260507653704,142.2010040283203,57042300,47.40397073792189,-5.349200510348311,-6.348670700031013,0.9994701896827021,29.929412473748897,0.4513375478888641,144.3527070083883,150.43035740164038,-1,0.7753746904199414,-0.04106086972985479,0.08991596009665903,-0.07598311735260355,1.1315224042194105,0.696255598410386,0.65,258.076,0.72,2.0,2.0
2020-03-30,144.8037706334884,152.55501230058746,142.49548995938957,152.2035369873047,63420300,52.716389438600125,-4.0724667752682535,-5.893429915078461,1.8209631398102077,27.790125142435212,0.7127746821408639,145.10040510161843,150.49989385598016,-1,0.8665529167627393,0.07034080404237031,0.17833502300129922,-0.07268941897662018,1.134440685183314,0.7093969502509245,0.65,258.076,0.7,2.0,2.0
2020-03-31,151.41508315184382,156.52558451872216,148.71735229790227,149.80975341796875,77927200,51.37891995071939,-3.216724027955763,-5.358088737653922,2.141364709698159,26.982278727359194,0.6661127833510965,145.54891446508037,150.47282952507777,-1,1.0602428850255006,-0.015727516040153544,0.06316555241784672,-0.04133488353427062,1.1228986413395499,0.7096803165549886,0.65,258.076,0.7,2.0,2.0
2020-04-01,145.33571171552185,149.8477681249907,143.2649222575526,144.49029541015625,57969900,48.437946300685915,-2.9339567134144318,-4.873262332806024,1.9393056193915923,24.389202195069444,0.5570523663520474,145.44809360270665,150.23822034410045,-1,0.7843610822009667,-0.03550808866877464,0.0353255185939636,-0.10812080288488657,1.1195949453488265,0.7134963560756982,0.05,256.032,0.62,2.0,2.0
2020-04-02,144.25280649978632,147.69146350670735,142.8279467020778,147.48248291015625,49630700,50.16592608606798,-2.4402869460283227,-4.386667255450484,1.9463803094221612,22.63515879444576,0.671074080524873,145.6418449653209,150.13015220943598,-1,0.6707048031003071,0.020708570714083274,-0.005444969546201772,-0.06621774893196863,1.1207442584788143,0.7145815992939036,0.05,256.032,0.63,2.0,2.0
2020-04-03,147.33054642787957,149.4963327127912,144.56631423720148,146.12416076660156,41243300,49.35728029297593,-2.1340552827925308,-3.9361448609188936,1.8020895781263628,21.635413006635204,0.6471093108432858,145.6877798035381,149.9730545057954,-1,0.5695098547424196,-0.00921005747090764,0.027588811802622182,-0.04790484529536054,1.117055320965451,0.714029425739199,0.05,256.032,0.62,2.0,2.0
2020-04-06,152.2890682680744,158.15948545558706,149.68631836450496,156.99110412597656,67111700,55.53286337150354,-1.0029317996486213,-3.349502248664839,2.346570449016218,23.499515586304305,0.9389130735709182,146.76428688186556,150.24827213795936,-1,0.9288358940376087,0.07436787525323996,0.03145503208030709,0.09726500918567349,1.116522229295108,0.728848800436908,0.05,256.032,0.67,2.0,2.0
2020-04-07,161.09466920123717,161.4841344158434,155.0817582215985,155.3002471923828,62769000,54.42084899240249,-0.24017769445617887,-2.7276373378231074,2.4874596433669285,23.954519838304318,0.8770727558779673,147.5772354828672,150.4463888067603,-1,0.8702893297112526,-0.010770399654218221,0.03664977512575973,0.015970827824369982,1.0934769345402577,0.7291408380387417,0.05,256.032,0.75,2.0,2.0
2020-04-08,157.37105179533347,158.3209585589881,155.30975585753413,156.8581085205078,48318200,55.30879992965824,0.4844325815929267,-2.0852233539399005,2.5696559355328272,25.371731116402636,0.8825377350112753,148.4611281531187,150.69782879553472,-1,0.6736908619743949,0.010031286854264687,0.08559615076738392,0.07485510944596796,1.0794527898310942,0.729017077835724,0.05,256.032,0.77,2.0,2.0
2020-04-09,158.02647150570388,158.98587200804732,155.14825550424828,156.86758422851562,51385100,55.314502319364486,1.0473824830497733,-1.4587021865419658,2.506084669591739,25.485196683748946,0.8441201218810575,149.2617430174422,150.93977998898495,-1,0.7379782909714129,6.0409424142537915e-05,0.06363536287951299,0.18754544057868228,1.0086606147048465,0.7288585170943633,0.05,256.032,0.73,2.0,2.0
2020-04-13,156.1171895540331,157.27607701831892,154.1698777004756,157.2190704345703,41905300,55.54111008664245,1.5045429011066744,-0.8660531690122378,2.3705960701189124,26.33691000539018,0.8331594377590442,150.01958372383535,151.18602667312555,-1,0.6246276370969965,0.002240655440595374,0.07592796160307946,0.04205789947161387,0.8953035383729542,0.7287589237920427,0.05,256.032,0.76,2.0,2.0
2020-04-14,160.5342358653934,165.04629279060418,159.58432914429642,164.99879455566406,52874300,60.33567156915657,2.4661760029637776,-0.19960733461703475,2.6657833375808124,26.716348065811708,0.9768156982221685,151.44617523162856,151.7277038449898,-1,0.8092567029917411,0.049483336210993656,0.0510072877967771,0.28267625207702873,0.6747689654561978,0.7345118103907546,0.05,256.032,0.76,2.0,2.0
2020-04-15,162.62401444151914,164.87530304245226,160.76220553744395,163.26995849609375,40940800,58.817669412356835,3.053574832966291,0.4510290988996304,2.6025457340666605,27.893096476783253,0.8817676973112777,152.57224982824428,152.180341282288,1,0.646458317674842,-0.010477870848850768,0.05131808511443148,0.1726820534840845,0.6308926472928822,0.7348046486526969,0.05,256.032,0.63,2.0,2.0
2020-04-16,165.56874315151887,168.39946110084114,164.23886505524362,168.17147827148438,50479600,61.75551323589285,3.86999344444709,1.1348219680091223,2.7351714764379675,28.609510438255022,0.941881271266046,154.0578906323624,152.80744469362904,1,0.8171493951298288,0.030020953153533814,0.07212486404231666,0.2609688053039634,0.6052005479690626,0.737153387975322,0.05,256.032,0.61,2.0,2.0
2020-04-17,170.50818442629603,170.98313758625787,167.0600198467587,169.6532745361328,52765600,62.623589331423645,4.583741136155311,1.8246058016383602,2.7591353345169507,29.30735939179131,0.9214552897391122,155.54316528986433,153.46806547176644,1,0.8777095011700858,0.008811222211273728,0.0815062612871742,0.25148883357931484,0.605011904013867,0.7372160950393005,0.05,256.032,0.65,1.0,2.0
2020-04-20,167.78197896307506,169.7957759755915,166.2241329828521,166.29061889648438,36669600,59.3323526712779,4.822462767964396,2.4241771949035673,2.3982855730608286,27.43271578184563,0.8220226909780536,156.56673230001863,153.97091070410832,1,0.6354384620869833,-0.019820752937676156,0.057700051506724526,0.2745535855255541,0.5884412962711216,0.7384302391372409,0.05,256.032,0.63,2.0,2.0
2020-04-21,164.80877674925068,164.9702591139394,157.78896833665317,159.41331481933594,56203700,53.176840407794515,4.405921695358927,2.8205260949946394,1.5853956003642877,23.445873465322514,0.6411930064495326,156.83783539709646,154.1843383164702,1,0.9935427508150226,-0.04135713802009211,-0.03385163965209337,0.23415195009576895,0.6150343802789849,0.743386069672394,0.05,256.032,0.58,2.0,1.0
2020-04-22,162.8044987799114,165.28375569511513,162.26305953111464,164.8278045654297,34620200,56.96251682257177,4.4612870262497495,3.1486782812456613,1.3126087450040882,22.562881240045265,0.7658265203830937,157.59878484169963,154.60172914976272,1,0.6390538071152194,0.033965103556312215,0.00954153528111057,0.16974522617168297,0.5529267086332293,0.7455563301214155,0.05,256.032,0.63,2.0,1.0
2020-04-23,165.38827470051632,166.29068326802962,162.34857581784783,162.83302307128906,32790800,55.192073762290505,4.294695675976385,3.3778817601918063,0.9168139157845787,20.674065409470295,0.6904427606713961,158.09728372070813,154.92452498982257,1,0.6302070936063409,-0.012102214789548982,-0.03174411770096519,0.16675783364517427,0.554070894938817,0.7450646681625761,0.05,256.032,0.61,2.0,1.0
2020-04-24,163.44091045280888,165.81567670835807,162.1585453714661,165.80618286132812,34277600,57.32125223143397,4.352408126380965,3.572787033429638,0.7796210929513268,20.5441231372039,0.7553841486025297,158.83146459124336,155.35125667105808,1,0.678532446138211,0.018258948547171583,-0.022676200535023172,0.1181217592161945,0.519634678398513,0.7453069892713976,0.05,256.032,0.6,2.0,1.0
2020-04-27,167.74399405047532,168.03846276162992,164.6188078810437,165.33123779296875,33194400,56.85647274705344,4.310136985189132,3.7202570237815373,0.5898799614075947,18.76085447813011,0.722824414308165,159.4504906104553,155.74262847976047,1,0.6729749792523507,-0.00286445933537105,-0.005769303824125105,0.16265872328188258,0.4899162155293048,0.743184779695747,0.05,256.032,0.67,2.0,1.0
2020-04-28,166.79406198092485,166.87005623256687,160.90464517567204,161.30360412597656,34392700,52.936544373243,3.9066074853478767,3.7575271160948054,0.14908036925307133,18.370636137729797,0.5735875936992221,159.6269776119335,155.96070595608268,1,0.718408112549149,-0.02436099626880961,0.011857788094946198,0.05978880201339143,0.4467928983383861,0.7443013244372739,0.05,256.032,0.62,2.0,1.0
2020-04-29,164.54284714097906,168.7794230968236,163.26997558433888,168.5419464111328,51286600,58.47717218265993,4.123349769070501,3.8306916466899446,0.2926581223805562,18.120263547185345,0.7914053704007188,160.4760222594763,156.4540879347121,1,1.1019552353917599,0.04487402699014198,0.022533466701783134,0.12503987601462296,0.4635496238846119,0.7481362907141255,0.05,256.032,0.63,2.0,2.0
2020-04-30,170.98317735810693,171.36313417668887,167.4020256405569,170.23275756835938,53875900,59.67151164266928,4.381051881178138,3.9407636935875834,0.44028818759055444,16.426070911168182,0.834126185026871,161.4052351460366,156.99442792034534,1,1.1627033442458368,0.010031990215077169,0.045443696600969474,0.17816049226786812,0.43616808158328557,0.7454406759403784,0.05,256.032,0.64,2.0,2.0
2020-05-01,166.9935916904016,169.69132309324073,165.29325067285902,165.82521057128906,39370500,55.21320109875014,4.181429537551139,3.9888968623802947,0.1925326751708445,14.458571130895251,0.6505305598028271,161.82618518653683,157.34073312234315,1,0.8591724661526464,-0.02589129765638909,0.00011475874803079655,0.12437224610808095,0.4500118770916889,0.7473698774577844,0.05,255.802,0.64,2.0,1.0
2020-05-04,165.7492166472734,170.03329042260975,165.09377873938547,169.8813018798828,30372900,58.300836910599806,4.3009414862491155,4.051305787154059,0.24963569909505612,11.685783273778043,0.8350327418230562,162.59333915733168,157.83252013244274,1,0.6707762604978221,0.02446004015083103,0.02752089773023858,0.16258188234338333,0.45075958361226526,0.7478439009055106,0.05,255.802,0.64,2.0,1.0
2020-05-05,171.57209180685686,174.4503070808574,170.8881580294289,171.705078125,36839200,59.647908304031255,4.491049049811011,4.13925443968545,0.3517946101255607,11.819330623469646,0.8858227943254293,163.46112382091914,158.3765420145038,1,0.8417194847212258,0.010735591409622769,0.06448382883559112,0.0937248902155392,0.3823310423298445,0.7481805486559171,0.05,255.802,0.66,2.0,1.0
2020-05-06,172.95897094263947,174.9727680108776,172.53151593213528,173.3959197998047,32139300,60.908745338039374,4.723695632930145,4.256142678334389,0.46755295459575574,11.608738748376894,0.9316772571313309,164.40729486652728,158.96553722177052,1,0.7609615837437639,0.00984735974770512,0.028799794306583637,0.1165205653858703,0.3783676115167418,0.7465155295492601,0.05,255.802,0.72,2.0,1.0
2020-05-07,174.9443170953828,175.30528628351058,173.43396890467872,174.4028778076172,28316000,61.67672309536904,4.932464442174535,4.3914070311024185,0.5410574110721162,11.578473996137731,0.9372675599729965,165.35925514663109,159.57092312709784,1,0.6866981100159925,0.005807276255260785,0.024496579264911666,0.11185121032372747,0.3780031435749072,0.7451626884651404,0.05,255.802,0.63,2.0,1.0
2020-05-08,175.71371632994155,175.73271852011223,174.1748722978731,175.42874145507812,30877800,62.485322128487475,5.121654604289688,4.537456545739873,0.5841980585498154,11.367650529324866,0.9480552171743614,166.31825384267367,160.1927983556461,1,0.7679203295528138,0.005882148622527783,0.057913575690352825,0.11832372709662997,0.37749694694937397,0.7452549749895822,0.05,255.802,0.69,2.0,1.0
2020-05-11,173.97533856475337,178.1169307438782,173.6903782612519,177.38551330566406,30892700,64.04372764541935,5.367609840702556,4.70348720473241,0.6641226359701466,11.234163061341166,1.0009296743249003,167.37227855343465,160.8670224713331,1,0.7789579215416623,0.01115422612255923,0.04417326299445956,0.12826969918694697,0.3777620319283411,0.7455059874751163,0.05,255.802,0.73,2.0,1.0
2020-05-12,177.4425386787855,177.6705069643846,173.16795939072577,173.367431640625,32038200,58.655439647457534,5.178609738222889,4.798511711430506,0.3800980267923828,11.42314118444999,0.7607251121373849,167.94324551411944,161.35723459561905,1,0.8296353917897477,-0.02265169004029799,0.009681446429993246,0.05071938317790381,0.3560387071118309,0.7467921228035297,0.05,255.802,0.69,2.0,1.0
2020-05-13,173.4054691701278,174.83032920522427,167.69652068640866,170.7457275390625,44711500,55.38137301004529,4.762378450534726,4.79128505925135,-0.02890660871662387,11.111803567916384,0.6076652169561438,168.210148564114,161.72541078947958,1,1.1521877948983836,-0.015122241108105339,-0.015284052034223117,0.04578778062926747,0.358699936906199,0.747103517202054,0.05,255.802,0.64,2.0,1.0
2020-05-14,168.64640741566177,171.63862183186455,166.87958060148486,171.48663330078125,41873900,56.126694356193354,4.441102790739109,4.721248605548902,-0.28014581480979306,11.185921260707852,0.637290493583603,168.5221947295109,162.1082038291385,1,1.0911636096562243,0.004339234558880856,-0.01672130955346296,0.019712944569263424,0.34407344260552936,0.7471362330698578,0.05,255.802,0.63,2.0,2.0
2020-05-15,170.0903008322698,177.68955485444684,168.1334952406675,173.98492431640625,46610400,58.63578789192395,4.338074103647216,4.644613705168565,-0.30653960152134907,11.47316983346504,0.7512821731279762,169.04245469016757,162.57395757373723,1,1.224408254820787,0.014568430014268774,-0.008230220012389378,0.02553236766055389,0.3463690105305053,0.7471192154354677,0.05,255.802,0.64,2.0,2.0
2020-05-18,176.44515011723627,176.87260518633394,174.74482368880803,175.64723205566406,35264500,60.264153953753265,4.34052262596731,4.583795489328314,-0.24327286336100418,11.805538926628158,0.8031995695390501,169.67148110592913,163.08663500440105,1,0.9280756808879757,0.009554320558456952,-0.00979945440642982,0.05626663260543974,0.33806703411960537,0.7443676892927361,0.05,255.802,0.73,2.0,2.0
2020-05-19,175.76121412821837,177.25257442284837,174.29836436598677,174.4313507080078,26799100,58.45161133750655,4.195982954741652,4.506232982410982,-0.31025002766932985,10.632265545381351,0.7265699940575474,170.1248020204128,163.5315258163072,1,0.7336749781874936,-0.006922291535291225,0.006136787384543041,0.09420816514412178,0.2964465463573415,0.7387225248541123,0.05,255.802,0.7,2.0,2.0
2020-05-20,176.04117015118126,177.0318325808868,175.21245438645676,176.85084533691406,31261300,60.96740346921133,4.227930271560325,4.45057244024085,-0.2226421686805251,10.660086481482848,0.8249765133961857,170.76537757436532,164.0538520720173,1,0.8597891073980731,0.013870755567079174,0.035755610906603064,0.07294303775496647,0.2787269387186109,0.7382152342719793,0.05,255.802,0.68,2.0,2.0
2020-05-21,176.6031677448123,177.81291307895333,174.5932820706001,174.7266387939453,29119500,57.66601037886651,4.035326305280449,4.36752321324877,-0.3321969079683207,9.850069774939096,0.6895552323243451,171.14264054765866,164.47239272777918,1,0.8049464143057357,-0.012011288602675196,0.01889363287855339,0.07304179151331702,0.2786583796784421,0.7384044007968253,0.05,255.802,0.68,2.0,2.0
2020-05-22,174.49801682204026,175.7077620261806,173.87884925285118,174.80282592773438,20826900,57.7543694033455,3.844516743451379,4.262921919289292,-0.41840517583791303,9.4597307897019,0.6738928923392744,171.4912296314754,164.8775077552284,1,0.5866209392880888,0.0004360361666368995,0.0047009912757769445,0.054259997493161016,0.27341347624407714,0.7219706469648708,0.05,255.802,0.66,2.0,2.0
2020-05-26,177.49854249710228,177.65095431086615,172.5071791420549,172.9548797607422,36073600,54.76840797204567,3.503795406834371,4.111096616798308,-0.6073012099639374,8.756981594604694,0.5397405213235291,171.63062488188174,165.19426744171915,1,1.0119637979219922,-0.010571603503459093,-0.015328179461824076,0.04611132215268321,0.27685329073754233,0.7210677180820063,0.05,255.802,0.69,2.0,2.0
2020-05-27,171.64986242358904,173.3549385927143,168.22068404573935,173.1834716796875,39517100,55.07780529704887,3.215154451089205,3.9319081836564878,-0.7167537325672826,6.464463330572167,0.5209661432100743,171.77851505310133,165.5075695686983,1,1.100652320835287,0.0013216852815112201,-0.007153983634565875,0.07364911415390862,0.2580743131246872,0.7092158241388469,0.05,255.802,0.68,2.0,2.0
2020-05-28,172.16428012121764,175.41247189302518,171.82136076722483,172.79295349121094,33810200,54.39328700080953,2.921218867295437,3.7297703203842776,-0.8085514530888407,6.022475094909899,0.4646489725140851,171.87512823768319,165.79327089899292,1,0.9651915063078931,-0.002254939138758294,-0.022945278197412877,0.025222249835114896,0.20988279380682856,0.7015662664891674,0.05,255.802,0.7,2.0,2.0
2020-05-29,174.0598293942111,175.5267676685074,171.8499162297259,174.55516052246094,42130400,56.990870032310056,2.7982121318610496,3.543458682679632,-0.7452465508185826,5.845090585286007,0.6161845927034398,172.13036940766202,166.13687441363874,1,1.223218576022182,0.010198373230188684,-0.0009814088605378801,0.02539113514839131,0.2099745265651858,0.6981438849834039,0.05,255.802,0.65,2.0,2.0
2020-06-01,173.87887257152337,174.317052979787,172.85012898389996,174.15512084960938,22622400,56.208213409665944,2.63803887940594,3.362374722024894,-0.7243358426189541,4.25849775229616,0.5487620986228798,172.32320287832366,166.45131545034346,1,0.673188642887655,-0.0022917665204179594,-0.003705346722442382,0.05023307523399301,0.18400040842471224,0.6959775601796216,0.08,257.042,0.66,2.0,2.0
2020-06-02,175.50775610396937,176.22217030792038,172.7453603292764,176.13644409179688,30794600,59.19700077462591,2.640538169544044,3.218007411528724,-0.5774692419846801,3.867876379421171,0.8013635743561751,172.68636870817824,166.83112441667498,1,0.9157992061483504,0.011376772801865886,0.018395342967229,0.0368206632672079,0.1689201943776368,0.693360883844118,0.08,257.042,0.68,2.0,2.0
2020-06-03,176.05067650710572,177.1175301498481,174.86950673493328,176.56504821777344,27311000,59.83560137197559,2.6465953422994346,3.1037249976828662,-0.45712965538343164,3.8314239578861558,0.8315916589359663,173.0557667567111,167.21284691867885,1,0.8238731661876251,0.002433364248872749,0.019525977307697895,0.028304172164526298,0.16568178179265766,0.6767125821824651,0.08,257.042,0.77,2.0,2.0
2020-06-04,175.55538677286637,177.02231087757588,173.65028222738718,174.24085998535156,28761800,54.824728793336824,2.435775030706054,2.970135004287504,-0.5343599735814499,3.798289400847959,0.47714736679200476,173.1686327784864,167.48845527423464,1,0.8720811857985191,-0.01316335399266133,0.008379430207576588,0.004872895432155522,0.17031322710215346,0.6647782971996844,0.08,257.042,0.82,2.0,2.0
2020-06-05,173.9550735758374,178.82261577227575,173.3740161676006,178.31776428222656,39893600,60.9951672019546,2.568067436693241,2.8897214907686517,-0.3216540540754109,4.2705912507571036,1.0002436252206468,173.65902625503307,167.91313405886177,1,1.1887414973841257,0.02339809558571826,0.021555385406560212,0.022447373138692495,0.18800429260116316,0.6583283094648995,0.08,257.042,0.91,2.0,2.0
2020-06-08,177.11755495708823,179.60371673224284,175.68872668481072,179.4227294921875,33211600,62.49057099294446,2.7305949802220084,2.857896188659323,-0.12730120843731463,4.891140476616774,1.0421676950677243,174.2079503728573,168.3644907425216,1,0.9862034673433461,0.006196607580903013,0.030246648027805856,0.022767010718891312,0.18811238704730016,0.6223631193405399,0.08,257.042,0.88,2.0,2.0
2020-06-09,179.07977605114604,181.65166354492257,178.37488233842032,180.79437255859375,29783900,64.31930504902144,2.9362323033242888,2.873563411592316,0.06266889173197265,5.6027339074287,1.0953877860345032,174.83522867626078,168.85193708824994,1,0.8858778537972429,0.007644756437985123,0.026445001151319314,0.019217235891499707,0.18606280795181904,0.562544830457056,0.08,257.042,0.84,2.0,2.0
2020-06-10,182.0612866274209,189.1006460303581,181.9469704923257,187.50035095214844,43872300,71.60749297293137,3.5988326727241713,3.0186172638186872,0.5802154089054841,8.287075985749846,1.3130246579302012,176.0414307977739,169.58324743585382,1,1.2823478449969135,0.03709174294892037,0.061933564115631334,0.08152003624775217,0.20351168704281142,0.4535960857602493,0.08,257.042,0.75,1.0,2.0
2020-06-11,183.9664086116524,186.4716109809636,177.2413924938844,177.43190002441406,52854700,53.82922105724236,3.273770407531913,3.0696478925613326,0.20412251497058032,7.899045370741502,0.6030642547545435,176.1738564384063,169.89103773344442,1,1.5267258700552635,-0.05369830443839496,0.018313959419913095,0.03915865176668576,0.28607013154789873,0.4449080287069336,0.08,257.042,0.66,2.0,2.0
2020-06-12,181.4992413644573,182.62326021863524,176.3935623533799,178.8321075439453,43373600,55.484446981286105,3.0934815357053367,3.0744146211901335,0.01906691451520315,7.633395157803911,0.6831542799521757,176.4270232103624,170.24166792209152,1,1.2501533018443058,0.007891520743105396,0.0028844196414703482,0.042834092090900056,0.2867382672753585,0.4340121460830097,0.08,257.042,0.71,2.0,2.0
2020-06-15,175.8220765372761,181.7660071501727,175.27911483833037,179.97520446777344,32770200,56.844638828593055,3.0081634387596523,3.0611643847040373,-0.05300094594438498,7.7133697023850605,0.7428537362832022,176.76494523487773,170.62337523760846,1,0.9637552876447885,0.0063920117004001575,0.0030791805316392473,0.03442988049052653,0.28353043565842756,0.4333715276082519,0.08,257.042,0.71,2.0,2.0
2020-06-16,183.73777033245815,186.3001377560509,182.37562783325563,184.3855133056641,42556700,61.706316560398044,3.2588572195170116,3.1007029516666322,0.15815426785037934,8.553603319543909,0.9807508960662201,177.49071362257166,171.1630669265518,1,1.2382931703097937,0.02450509141485857,0.01986312237625909,0.04974904043595063,0.29353119328920074,0.4257410174924665,0.08,257.042,0.75,2.0,2.0
2020-06-17,185.7762371899588,187.00503755358736,184.49982084857655,185.0237274169922,25687800,62.36701332716499,3.4690434187973267,3.174371045092771,0.29467237370455557,9.241439650190063,0.9502574156025972,178.20814350775456,171.7066222399024,1,0.7486609508254628,0.0034613028967742654,-0.013208634130974506,0.06072518882638045,0.29144018737932936,0.42450019033584546,0.08,257.042,0.74,2.0,2.0
2020-06-18,184.7951075498981,187.166967513347,184.7951075498981,187.00503540039065,23061600,64.41939727682481,3.7522390161251167,3.2899446392992404,0.46229437682587626,10.27668229797333,0.9842400136687547,179.04594273562466,172.30656001090193,1,0.6802495746891563,0.010708399463454477,0.053953857083530954,0.05741668943754319,0.2901087345250712,0.38967726395010016,0.08,257.042,0.71,2.0,2.0
2020-06-19,189.1673304707642,189.83411407758476,185.14755918205572,185.8905487060547,44441100,62.359249451291284,3.8424504285445664,3.400445797148306,0.44200463139626045,10.74802489950603,0.8744687260864787,179.6978099709037,172.83926544992752,1,1.2819145629706914,-0.005959661417403894,0.03946965262026492,0.06389357678467644,0.2867461431016994,0.3891762143084041,0.08,257.042,0.7,2.0,2.0
2020-06-22,186.5001629873626,191.2343479278254,185.9667361548808,191.05337524414065,32818900,67.53830171027994,4.281189687141676,3.5765945751469803,0.704595111994696,12.05519921480545,1.0333798477841303,180.77929237787865,173.55354426538688,1,0.9305744646855427,0.0277734751660228,0.06155387242997068,0.09296502633844406,0.29912867390563447,0.37445939136404044,0.08,257.042,0.71,2.0,2.0
2020-06-23,192.5012711453624,194.2730188236847,191.87258320326245,192.3298187255859,30917400,68.68549426392232,4.677967336275856,3.7968691273727555,0.8810982089031003,12.998654762036283,1.0051272525980215,181.87934250623172,174.28986875402214,1,0.883113448061093,0.006681083125666509,0.04308530142903466,0.11202308366000491,0.2938224797528024,0.3619115513635111,0.08,257.042,0.72,2.0,2.0
2020-06-24,192.03450116709675,193.60620625264835,187.2336306437843,188.4528961181641,36740600,61.56854018044361,4.626252667213151,3.9627458353408347,0.6635068318723167,12.931502980646167,0.8076209040555141,182.50539523117766,174.84528159183162,1,1.0536232116801718,-0.0201576782690851,0.01853366997327588,0.08816906307732553,0.30749051472351174,0.3409646528028896,0.08,257.042,0.69,2.0,2.0
2020-06-25,188.41482860990715,191.0914979740535,186.19538023333627,190.8343048095703,27803900,64.03376005083106,4.722984572336458,4.114793582739959,0.6081909895964985,12.907815010798206,0.8695805168928951,183.2986247148341,175.47230211017433,1,0.8042688536625475,0.012636625599603546,0.02047682513457949,0.10441022596026772,0.30784482817156406,0.33902140394805036,0.08,257.042,0.68,2.0,2.0
2020-06-26,190.2532437572232,190.4056555951069,185.63337438286644,187.0145721435547,54675800,57.64635645044791,4.440240472539102,4.179882960699788,0.260357511839314,12.470011830455816,0.6863213474454208,183.65252446995035,175.92494015069906,1,1.55339237605893,-0.02001596447676035,0.006046694925180951,0.07137807661372775,0.3197080553736356,0.33246285988873236,0.08,257.042,0.64,2.0,2.0
2020-06-29,186.49068256690617,189.11020131374772,184.36649507102788,189.02447509765625,26701600,59.912320795723986,4.328450425189857,4.209596453597802,0.11885397159205446,11.970528537621325,0.7509603809967748,184.16413881544617,176.43864740352092,1,0.7542476498613694,0.010747306646022858,-0.010619546207397468,0.08537994275165306,0.3199373815307968,0.33102650393368105,0.08,257.042,0.64,1.0,2.0
2020-06-30,188.49099346882664,194.7016220127296,188.35763677088497,193.85385131835935,34310300,64.78719635510838,4.576787945012882,4.283034751880819,0.29375319313206294,12.271758366343922,0.9178933904663871,185.08696857762837,177.12159657665185,1,0.9643841515208241,0.02554894660179885,0.007924057761151904,0.1005891047586307,0.32781615515169893,0.33260843252478334,0.08,257.042,0.66,1.0,2.0
2020-07-01,193.50149312213995,196.55919270829563,192.19650099088895,194.9874725341797,32061200,65.83738034839403,4.809628572403909,4.388353515985437,0.4212750564184722,12.529329349902984,0.9164200626433852,186.02987371634754,177.82221916322158,1,0.8951909161905384,0.005847813742728469,0.03467485271183235,0.1043378885139501,0.3277134118126045,0.3018920380398509,0.09,258.352,0.69,1.0,2.0
2020-07-02,195.9208915001219,198.14987426202228,195.27316310651673,196.4733734130859,29315800,67.21748986780383,5.055776386797902,4.52183809014793,0.5339382966499722,12.240252014609755,0.940114541898045,187.02449273508452,178.55363697694176,1,0.8179031505221576,0.007620494073770523,0.029549554044503212,0.1275964399487206,0.32062454541188423,0.30048547685311533,0.09,258.352,0.68,1.0,2.0
2020-07-06,198.92149070943455,201.1123638200044,198.2165968027034,200.7027587890625,31897600,70.82971759868693,5.528398420810731,4.72315015628049,0.805248264530241,13.179719672879116,1.032125570629073,188.32718474022528,179.4222299891818,1,0.8999732809146448,0.021526506632958853,0.07319315542427685,0.12553429321493081,0.3193913624928978,0.30234984150211375,0.09,258.352,0.69,1.0,2.0
2020-07-07,200.46461530971268,204.4843869114335,198.12134494687825,198.36900329589844,33600700,66.47693776193046,5.649516118422383,4.908423348708869,0.7410927697135143,13.39439580914386,0.8910119923236718,189.28354841219414,180.16524070709227,1,0.9475052157524536,-0.0116279193532004,0.04943554634083491,0.10559572835244313,0.3254391372090575,0.30397767094924555,0.09,258.352,0.65,1.0,2.0
2020-07-08,200.10263551405535,203.1412646388337,198.78810890651903,202.7316741943359,33600000,70.16772755220062,6.028046282313454,5.132347935429786,0.8956983468836679,14.278614286182442,0.98531312824902,190.56432229620765,181.05019888306262,1,0.9424148089267999,0.02199270463606595,0.04579647407364029,0.12133840962683995,0.3307615366784178,0.3061422137787327,0.09,258.352,0.67,1.0,2.0
2020-07-09,206.06562572695827,206.11325624543244,201.43622130626397,204.1510009765625,33121700,71.27572640373752,6.369142464202724,5.379706841184374,0.9894356230183501,15.646968415490504,0.9606292372403196,191.85829169433669,181.95611269065085,1,0.9432200426249788,0.007001011498903864,0.04699547270031168,0.08880330057975971,0.3104082952028052,0.2921330979360165,0.09,258.352,0.62,1.0,2.0
2020-07-10,203.48419931632273,203.9223797300993,201.06472308791984,203.5318298339844,26177600,70.05337789328695,6.51440767266584,5.606647007480667,0.9077606651851724,15.320803065593191,0.9017294889837275,192.970057231446,182.80221924529138,1,0.7749046414323966,-0.0030329076987929415,0.03592576591056984,0.1470982940834149,0.21995892378065904,0.2909915020762291,0.09,258.352,0.65,1.0,2.0
2020-07-13,204.30336440933152,205.56074012154215,196.70200294166628,197.24496459960935,38135600,58.99102593478577,6.052464866609398,5.695810579306414,0.3566542873029839,14.125308271702828,0.6687889087902462,193.37719126650916,183.36860141604896,1,1.1377035158766586,-0.030888855268991988,-0.017228433780959063,0.1029616957969326,0.25834117868782114,0.29460520217770897,0.09,258.352,0.64,2.0,2.0
2020-07-14,196.3495665997644,198.9405094425568,192.44409722406945,198.4642333984375,37591800,60.30037308913204,5.718833514003222,5.700415166245776,0.01841834775744644,12.91818160350223,0.6954694376431191,193.86167146954995,183.96058698398576,1,1.1134719957726227,0.00618149518444322,0.0004800654384344849,0.10273097888867655,0.25832643879161094,0.29442230753649545,0.09,258.352,0.63,2.0,2.0
2020-07-15,199.61682866793632,201.30285006378293,195.30176853848567,198.1689453125,32179400,59.80237749326702,5.368713791983396,5.6340748913933005,-0.2653610994099047,12.2576203068477,0.6639299818524244,194.27188802602137,184.51777750667262,1,0.9680338318790495,-0.0014878655004031405,-0.022506245755471554,0.07475333479147306,0.24876388662370696,0.29076422772340177,0.09,258.352,0.64,2.0,2.0
2020-07-16,195.6542036387055,195.93997218751295,192.7108210160108,194.2444305419922,29940700,53.48076539525866,4.720154839568551,5.451290881028351,-0.7311360414598003,11.429016818789075,0.47834235759064203,194.2692730275424,184.89921488060673,1,0.8949633780520594,-0.019803883824072943,-0.04852570101141773,0.04983524682874374,0.26250674877739183,0.2793615170044492,0.09,258.352,0.62,2.0,2.0
2020-07-17,194.76835398301196,195.3113011914256,191.8344913952592,193.25379943847656,31635300,51.986891565815796,4.079208964438095,5.1768744977103,-1.0976655332722052,10.849490395173994,0.4156424390900981,194.17256125715517,185.22684564758202,1,0.9336532544745428,-0.005099920243538003,-0.05049839331711092,0.03341495069748723,0.2619233027907507,0.27270399525785377,0.09,258.352,0.64,2.0,2.0
2020-07-20,195.2731784676859,202.226811632274,193.3775945758893,201.56002807617188,36884800,61.65784742561628,4.193161814400611,4.980131961048363,-0.7869701466477519,10.277253065928214,0.7851002626085747,194.87612952563296,185.86736260556594,1,1.1008569181181558,0.0429809331657649,0.021876672417578513,0.08429411543076903,0.2966338604741681,0.2825946513068921,0.09,258.352,0.62,2.0,2.0
2020-07-21,203.5223263840632,203.78903986328467,198.15945232404164,198.8452911376953,37990400,57.57597495103374,4.018095581365685,4.787724685111828,-0.7696291037461425,10.086875637484354,0.6330538090143333,195.25414491725795,186.37630097937495,1,1.1251710766254464,-0.013468627507089992,0.0019200323037189548,0.04078397402609424,0.2894140185549293,0.28308471052915163,0.09,258.352,0.61,2.0,2.0
2020-07-22,199.2739307144624,202.22684854667068,198.502365706218,201.70294189453125,49605700,60.53754021867749,4.0631059083780485,4.642800929765072,-0.5796950213870238,10.172070673103176,0.7510360306127793,195.86831605795064,186.97734572114578,1,1.4296198469531485,0.014371226698333572,0.01783325120118273,0.04873463319964344,0.29228567043736536,0.28373786059502903,0.09,258.352,0.6,2.0,2.0
2020-07-23,197.35927722794668,200.91229258668065,192.55840637545583,192.92990112304688,67457000,49.18553637761173,3.352223500096926,4.384685443831444,-1.0324619437345177,9.589773891049425,0.2895140311344997,195.58846701653124,187.21077926631838,1,1.8616867505125316,-0.04349485777987172,-0.0067673982480601635,0.02375662617610086,0.32755901575865004,0.29476825096370757,0.09,258.352,0.59,2.0,2.0
2020-07-24,190.9104830524849,193.23471241579145,188.13855305601064,191.7487335205078,39827000,47.883626693937885,2.6628381748867014,4.040315990042496,-1.3774778151557943,9.47603943473939,0.2212983148371554,195.22277811214806,187.38873825667875,1,1.081212417369114,-0.006122263037836362,-0.007788027569661793,0.004791741777506964,0.32565941514913554,0.28269513021251674,0.09,258.352,0.59,2.0,2.0
2020-07-27,191.91068608590265,194.2920665013878,191.32962868313257,194.17776489257812,30160900,50.769542131227105,2.286144617295861,3.689481715493169,-1.4033370981973081,8.38071214152047,0.31068042038194454,195.12325304361758,187.65497459534149,1,0.8469842041878693,0.01266778313198369,-0.03662563085575632,0.03830285879286932,0.3190798092857301,0.28305375809916,0.09,258.352,0.62,1.0,2.0
2020-07-28,193.9491399712048,194.98741830562813,192.16787213739667,192.43458557128903,23251400,48.68597769650329,1.8259043671455402,3.3167662458236435,-1.4908618786781034,7.796888228802598,0.17239222414099542,194.8671894748244,187.84241031988844,1,0.6561288836081924,-0.008977234454487837,-0.03223966496630304,0.018040576342672088,0.3195305253509604,0.27781999297485455,0.09,258.352,0.59,2.0,2.0
2020-07-29,192.8918133073751,194.93979464709193,192.42505751425415,194.37779235839844,19632600,51.095411159078964,1.5995228964308694,2.9733175759450887,-1.3737946795142193,7.74918054023142,0.2956726831993883,194.82058022564095,188.0986998115947,1,0.565726200575391,0.010098012170424164,-0.036316523037938975,0.002702763120133511,0.3085521953962192,0.274601141701304,0.09,258.352,0.58,1.0,2.0
2020-07-30,191.4629619263642,194.75879841254388,190.10081947244336,194.2253570556641,25079600,50.89353144156164,1.3917702340125686,2.657008107558585,-1.2652378735460164,7.808550783975278,0.2897724012459717,194.76389230469078,188.3389608799896,1,0.7300283982083164,-0.0007842218027318548,0.006714645708500111,-0.003908535602880847,0.30782521052036294,0.27410192622020574,0.09,258.352,0.55,1.0,2.0
2020-07-31,194.70162701276325,195.3684250543855,189.56737220797189,195.28268432617188,51044000,52.301283095435736,1.2974856199759017,2.3851036100420484,-1.0876179900661467,7.859545392725351,0.3630578509222158,194.81330106864138,188.61126376023205,1,1.4402654124397691,0.005443816845216443,0.018430112891911765,-0.006060307644897067,0.30719466851469146,0.27372055109845334,0.09,258.352,0.55,1.0,2.0
2020-08-03,201.48382393090176,207.3134381221961,200.455065920416,206.265625,78983000,63.88340293498076,2.0849617667770417,2.325075241389047,-0.24011347461200527,8.667310060690891,1.0007637897205466,195.90399858591363,189.30359165198766,1,2.089775991296194,0.056241241827072574,0.06225151532725204,0.027716939440698196,0.3571970978815111,0.29422582680914494,0.1,259.316,0.56,0.0,2.0
2020-08-04,204.00811146203563,204.5796486198562,200.33125923486728,203.16986083984375,49280100,59.497923486054404,2.431214464266617,2.346303085964561,0.08491137830205586,8.986198283180817,0.7948551244472856,196.5959854672403,189.84736691425653,1,1.2773837947294029,-0.015008628607681263,0.055786620875267534,0.02420165179125333,0.3590612297345617,0.29642656782179366,0.1,259.316,0.52,0.0,2.0
2020-08-05,204.70343496630392,204.79869598765652,201.5314493492974,202.83644104003903,28806400,59.027926827769654,2.648191329104293,2.4066807345925074,0.24151059451178547,8.997513868091248,0.7754602294328355,197.1903145694116,190.35674237016957,1,0.7513553342853603,-0.0016410888821130065,0.043516538484212886,0.000516775911408418,0.35080333825724824,0.29598873050975916,0.1,259.316,0.55,0.0,2.0
2020-08-06,202.2649124807569,206.1036963389564,201.51240270569892,206.08465576171875,32656800,62.16366671855815,3.0471254736085314,2.534769682395712,0.5123557912128192,9.300981915329839,0.9374494063203718,198.03739468296467,190.97352328748522,1,0.8523017992089729,0.016013960336833888,0.061059476918123634,0.009471688974859616,0.35455081380025694,0.2925702518538893,0.1,259.316,0.55,0.0,2.0
2020-08-07,204.6558589111581,205.4655196114251,200.92184126067815,202.39830017089844,27820400,56.84635755552224,3.0308873861477252,2.633993223146115,0.39689416300161007,9.179314112310449,0.7436382839949026,198.45271901514883,191.42155375350143,1,0.7245245831536914,-0.017887579146516286,0.0364375155394816,-0.005569299229563063,0.36047619377478546,0.2933696589821197,0.1,259.316,0.57,0.0,2.0
2020-08-10,201.6267302012885,201.82677256630785,196.55915986005735,198.36900329589844,36716500,51.64626653102332,2.6621998189217493,2.639634542301242,0.022565276620507113,9.171911597075747,0.5188287802578225,198.44474608950594,191.69400275516406,1,0.9579752650794384,-0.0199077604485699,-0.03828375040243159,0.005698693999975024,0.3496404547689978,0.29708913377045826,0.1,259.316,0.59,1.0,2.0
2020-08-11,197.3307026496794,197.7974438909009,193.50143901907384,193.7300567626953,36446500,46.38532265590633,1.9729451659516144,2.5062966670313167,-0.5333515010797023,9.371922632064162,0.2809620301314234,197.99572805838113,191.77384801036138,1,0.952353577907456,-0.023385440548306935,-0.04646262018454461,-0.02385405447961919,0.35889595692150733,0.3007442569448164,0.1,259.316,0.64,1.0,2.0
2020-08-12,195.5494119121457,200.3026520677267,195.03504017950792,199.26437377929688,28013100,52.59006112965254,1.8519311096389401,2.3754235555528416,-0.5234924459139014,9.390784680057699,0.576391449744706,198.1165514603731,192.06759411894708,1,0.7359935641188063,0.028567157358450945,-0.017610579452224995,0.005527750400394327,0.37371890179055506,0.3051871244979174,0.1,259.316,0.69,1.0,2.0
2020-08-13,199.5025164754068,201.32189449596743,198.27371611259795,198.7976226806641,22588900,52.04303459182129,1.6987811931538488,2.2400950830730433,-0.5413138899191945,9.236570713051945,0.5396215710262057,198.1814153861151,192.33151680764186,1,0.5992701229531899,-0.00234237104094559,-0.03535941603279846,0.023440528647165504,0.36619154545089744,0.3047497784883487,0.1,259.316,0.71,1.0,2.0
2020-08-14,198.8548024461003,199.6454225576508,197.66411213378817,198.9881591796875,17958900,52.261333978174406,1.5746321053095187,2.1070024875203384,-0.5323703822108197,8.954456575466581,0.5353957800534782,198.2582481283601,192.59256160654562,1,0.48524190628529434,0.00095844455509142,-0.01684866418508224,0.02967268823626168,0.36544586713545213,0.30379722148669713,0.1,259.316,0.71,1.0,2.0
2020-08-17,199.65492961793257,201.1694839962256,199.00718662001864,200.3026580810547,20184800,53.823017751986654,1.5642800872464306,1.998458007465557,-0.43417792021912627,8.882635743292008,0.6138907561137127,198.45295383814053,192.89491833103617,1,0.5579734182533891,0.006605915180009303,0.009747766803424929,-0.0062381912084374935,0.3334337405197241,0.30251603402050903,0.1,259.316,0.69,1.0,2.0
2020-08-18,200.54078957348915,202.2839616356586,199.2834283776174,201.4552459716797,21336200,55.206693870646994,1.6302873112383622,1.924823868220118,-0.29453655698175574,8.982999330740022,0.6698854469658887,198.73888642228712,193.23061745419866,1,0.6036982680054518,0.005754231629610196,0.03987604885930085,0.013125555144160028,0.33028640079165267,0.30257335872833907,0.1,259.316,0.67,1.0,2.0
2020-08-19,201.9422611156425,202.52472316744996,199.80338096787293,200.23306274414065,27627600,53.380127510334816,1.5659275020695134,1.8530445949899972,-0.2871170929204838,8.900184386875065,0.6064623335442855,198.8811889291303,193.50522315184347,1,0.8067963678452476,-0.006066772903550288,0.0048613254164373565,-0.007287346116940596,0.32704299814011784,0.3018826167813087,0.1,259.316,0.68,1.0,2.0
2020-08-20,200.0802844918058,205.29379853036912,199.4787358269198,204.89276123046875,26981500,58.955850124798644,1.8693716618628855,1.856310008364575,0.013061653498310566,8.943630251633774,0.8338871738475859,199.45371962449587,193.95179327257387,1,0.8374195875146377,0.023271373980241705,0.030660017296059383,0.06200625220759437,0.29220483574954864,0.3047957566128472,0.1,259.316,0.65,0.0,2.0
2020-08-21,204.20524223675469,206.487344560312,203.24084416167003,203.40316772460935,36249300,56.62438865490745,1.9669814599588165,1.8784442986834233,0.08853716127539313,8.46840210850779,0.7289531706382171,199.8298575387924,194.3224354079478,1,1.1313437424169246,-0.007270112896686776,0.022187292767179567,0.06077971932396142,0.29271307258958096,0.30532754519820804,0.1,259.316,0.64,1.0,2.0
2020-08-24,205.09322382892617,205.79027821365773,202.83976627250055,204.0428924560547,25460100,57.40347494485513,2.072072802172528,1.9171699993812443,0.15490280279128354,8.289419322886046,0.7421533201562368,200.23109895948403,194.7036298019912,1,0.8004839355987108,0.0031451070236598877,0.018672914332901636,0.05080462002914743,0.29049990351204297,0.3049368510851449,0.1,259.316,0.65,0.0,2.0
2020-08-25,203.47962230771873,206.83115837574775,203.47962230771873,206.69747924804688,23043700,60.56846337351239,2.3425578679157297,2.0022475730881415,0.34031029482758823,7.974536604285628,0.8720990878213103,200.8469447012519,195.17397683909144,1,0.7247472126558789,0.013009944919124772,0.026021825597453807,0.07411814063680366,0.2894236311904442,0.30548797988653414,0.1,259.316,0.69,0.0,2.0
2020-08-26,208.04375788990563,212.0636882339954,207.5472293396159,211.16612243652344,39600800,65.24931388229066,2.8842535114629015,2.1786487607630938,0.7056047506998078,8.58584453440547,1.0538592181986506,201.82972353318254,195.80111980369662,1,1.207565673016728,0.021619243760171658,0.05460167038623953,0.08636958921300164,0.2955232130929932,0.30737162469607143,0.1,259.316,0.69,0.0,2.0
2020-08-27,212.82755143281707,220.71464556244297,209.49510347359436,216.35096740722656,57602200,69.73803815742791,3.689395810919592,2.480798170794394,1.2085976401251983,10.004960742339279,1.1738303418421168,203.21269914023435,196.60699618030566,1,1.6735076426407407,0.02455339384404187,0.05592294285042754,0.11391720775790048,0.30325321670491273,0.31043139781076307,0.1,259.316,0.74,0.0,2.0
2020-08-28,217.87872078167095,220.22766956393025,216.3509621275337,218.5757751464844,26292900,71.44262534360394,4.455638448543908,2.8757662263442967,1.5798722221996115,11.479833717097538,1.1292069887699183,204.67584923606768,197.4685169240774,1,0.7923728436854564,0.010283326975239149,0.07459376169803544,0.11927883365945102,0.30373915989816713,0.3087817203070714,0.1,259.316,0.74,0.0,2.0
2020-08-31,216.7520109491436,218.37526098059257,214.1834495454744,215.3483734130859,28774200,65.66436489972172,4.7477379443198515,3.250160569939408,1.4975773743804437,12.434950857678137,0.9346745598816949,205.69228011006942,198.16968776678362,1,0.9381246017342502,-0.014765596650569202,0.05540737450321198,0.04403423213676971,0.2503457141012543,0.3084319926151006,0.1,259.316,0.72,1.0,2.0
2020-09-01,215.32927310280877,217.18169350856164,214.2980283025981,217.00982666015625,25725500,67.13788153985737,5.055023130869927,3.611133082125512,1.4438900487444148,13.49975038244283,0.9340689057453452,206.77014168626818,198.90851674299432,1,0.8722189343946452,0.007715188281841812,0.049891016811743905,0.06812017177696639,0.24243504698795884,0.3085108020887942,0.09,259.997,0.68,1.0,2.0
2020-09-02,217.6782494908161,222.34748887077873,217.08624417836464,221.19210815429688,34080800,70.56256010998567,5.5717958249261414,4.003265630685638,1.5685301942405037,15.034844278272704,0.9934580589872127,208.1436623022709,199.78238307284934,1,1.1452637917792623,0.01927231387862549,0.047479139182409646,0.09049491807359455,0.24794127244923705,0.3101088617399422,0.09,259.997,0.66,0.0,2.0
2020-09-03,218.919525023127,218.9577127975465,205.2555576037931,207.4899139404297,58400300,51.59238288083962,4.820125937682462,4.166637692085003,0.6534882455974591,15.044464260728036,0.548549519162265,208.08140055352413,200.08463918530347,1,1.8811372189139646,-0.06194703024535109,-0.040956846983347006,0.006818839440116964,0.34250952087716724,0.3318637774227603,0.09,259.997,0.63,1.0,2.0
2020-09-04,205.38923847148044,208.5020593463344,195.92662551167095,204.57760620117188,59664100,48.60163523515512,3.9439597284460888,4.122102099357221,-0.17814237091113228,14.966685806063746,0.4508274184881031,207.74770585330012,200.2608339702395,1,1.8280901401597769,-0.014035900270766621,-0.06404263663679688,0.010767412712623159,0.33999483102376643,0.31187053477746957,0.09,259.997,0.72,1.0,2.0
2020-09-08,197.17751849448624,200.54815481211497,193.071639892722,193.51087951660156,52924300,39.28277244737797,2.3297435073014867,3.7636303809460743,-1.4338868736445876,15.586357717757949,0.11537566867929167,206.3918176307574,199.9961298740184,1,1.5822961072011197,-0.05409549407713676,-0.10140542763513327,-0.02449033719270255,0.3884882940807215,0.33348056881229143,0.09,259.997,0.69,2.0,2.0
2020-09-09,198.2278794601493,205.14101948557263,197.3685013238326,201.75128173828125,45679000,47.374192023539635,1.695848428563778,3.3500739904696153,-1.6542255619058372,14.728075542787296,0.3518211710645422,205.94986183147395,200.06495935889146,1,1.3470892003134234,0.04258366373128242,-0.07031269116568772,0.04140413268660392,0.4072812111589528,0.3434793091302865,0.09,259.997,0.71,1.0,2.0
2020-09-10,203.7659930391178,205.04550944722897,194.89539903060145,196.0985107421875,35461500,43.12826575158919,0.7289477782567815,2.825848748027049,-2.0969009697702674,15.079014659398707,0.17835643254169434,205.01163791820858,199.90941235431484,1,1.0344109401394266,-0.02801851342598516,-0.11344707377446239,-0.015887752421894774,0.40864210398419964,0.34580740605245835,0.09,259.997,0.68,2.0,1.0
2020-09-11,197.8458568559256,199.21130641814975,192.15493198309133,194.8189697265625,33620100,42.20615325541343,-0.13897421144392297,2.2328841561328545,-2.3718583675767775,15.543839326880907,0.15390866701550696,204.0409076142423,199.70978715322653,1,0.9651687647972247,-0.0065249909893870806,-0.06106775974423995,-0.020013584168924625,0.4091245217568127,0.3461147032568761,0.09,259.997,0.67,2.0,1.0
2020-09-14,195.01955560675427,199.7556274015379,194.81902968180668,196.13673400878903,30375800,43.544884550818125,-0.712265523180605,1.6438542202701627,-2.3561197434507677,15.83822045968799,0.204918680795095,203.2881291756277,199.56966742207211,1,0.8567608354827004,0.006764045021262932,-0.041260000784653306,-0.014329622338601578,0.4100077233595184,0.3457347806523376,0.09,259.997,0.68,1.0,2.0
2020-09-15,199.01086589480445,200.3094692028427,197.58812678153453,199.3546142578125,21823900,46.786422432544974,-0.896611396862113,1.1357610968437075,-2.0323724937058207,15.908487733522552,0.30593500127230305,202.91350870726433,199.56123396465017,1,0.6141316781568311,0.016406310961001758,0.030198481634773344,-0.004733056627029608,0.41372319109079053,0.3468785520382216,0.09,259.997,0.68,1.0,2.0
2020-09-16,201.11153346000052,201.14017794127577,195.40150526357743,195.79299926757812,26328100,43.789473771259885,-1.3149415660972181,0.6456205642555224,-1.9605621303527405,16.391364507427365,0.2140251407448567,202.23536495110375,199.41346005496106,1,0.7357139154555363,-0.017865726376558144,-0.029532810990675173,-0.028106722546691887,0.4177516504277987,0.3446921976847266,0.09,259.997,0.69,1.0,2.0
2020-09-17,191.0186726560724,195.1054493284995,190.93273923569984,193.7495574951172,34011300,42.122334513676186,-1.7907176342002629,0.15835292456436537,-1.9490705587646282,17.02698905674371,0.17503397592444053,201.42719281243836,199.19134622908484,1,0.9420115845547026,-0.010436745849468743,-0.011978434911005031,-0.0323797936273299,0.41869527736358453,0.3451555679487783,0.09,259.997,0.69,1.0,2.0
2020-09-18,193.64454139976735,194.4561591751333,187.3902400287708,191.3433380126953,55225300,40.18236331071847,-2.3350187558508537,-0.3403214115186785,-1.9946973443321752,18.063700726600327,0.1458525942609114,200.4668256886533,198.88358120099113,1,1.4720010789729288,-0.012419225692851033,-0.01784031462000546,-0.06612934071659415,0.409844246076369,0.3435340052055938,0.09,259.997,0.7,1.0,2.0
2020-09-21,188.28780668448616,193.55860887771348,187.5143766837805,193.39627075195312,39839700,42.61085579808732,-2.571088888988413,-0.7864749070126255,-1.7846139819757876,18.711479968189206,0.22419002816656813,199.79343950420565,198.66839255593084,1,1.056849038164634,0.010729052605539913,-0.013972208065385128,-0.04919735068337139,0.4125446652297411,0.3432671960314511,0.09,259.997,0.68,1.0,2.0
2020-09-22,195.80251145980125,198.7052780405181,192.95704840245924,198.05596923828125,33517100,47.79185531888874,-2.355030123859308,-1.100185950381962,-1.254844173477346,18.905988482907997,0.3554442548381271,199.6279661455462,198.6443759552387,1,0.8797247630088875,0.024094045186138002,-0.006514246105444044,-0.029341493573773247,0.42270560244275385,0.34392697443477,0.09,259.997,0.68,1.0,2.0
2020-09-23,198.51430313425325,198.70528574638803,190.99960067045063,191.53431701660156,30803800,42.06763427013859,-2.6791611247171545,-1.4159809852490006,-1.2631801394681539,19.60704970038309,0.2151909951055301,198.85714241898003,198.36555011450784,1,0.8003578301390307,-0.03292832953614988,-0.02175094240809139,-0.07335920247604366,0.4336724646281614,0.35043959349013,0.09,259.997,0.68,2.0,2.0
2020-09-24,190.8276808921391,196.2894498904428,190.20701671464977,194.0168914794922,31202500,44.779047618635445,-2.7045380357601516,-1.6736923953512308,-1.0308456404089208,19.66336008946642,0.2988884983915341,198.39616613902882,198.19501448176214,1,0.819659857905485,0.01296151259763767,0.001379791457752022,-0.08121203704058311,0.4281305519973754,0.3475776236295666,0.09,259.997,0.67,2.0,2.0
2020-09-25,194.36066336798064,199.6028059758859,193.3962508643606,198.4378967285156,29437300,49.32737098276091,-2.340926501347411,-1.807139216550467,-0.5337872847969443,18.674475039881926,0.42886133963879103,198.40014048088472,198.20453927575247,1,0.8029951410791919,0.022786702824226568,0.03707763640743833,-0.08279635119446493,0.4266484956071343,0.3504445514353733,0.09,259.997,0.66,2.0,2.0
2020-09-28,201.35976483478095,202.973471617275,198.6670675733569,199.9847717285156,32004900,50.85270833276955,-1.9059710085585664,-1.826905574952087,-0.07906543360647933,16.96705737975112,0.4942507959452512,198.55105774256384,198.27435231311574,1,0.8662856044698907,0.007795260005785565,0.03406736309312186,-0.08505518695065617,0.4256215728226404,0.35046016004813707,0.09,259.997,0.67,2.0,2.0
2020-09-29,199.8988249982104,200.5863215055889,197.4734860499792,197.90316772460935,24221900,48.72706545434663,-1.709527326388212,-1.8034299252393122,0.0939025988511002,15.557956520288984,0.4547018955612259,198.48935393133007,198.25979605474294,1,0.6596852279139894,-0.01040881256064874,-0.0007715067324634006,-0.08100922896228613,0.4244739574874975,0.3483687517006957,0.09,259.997,0.66,1.0,2.0
2020-09-30,198.35199677037937,202.41012994138177,197.2157171513101,200.83462524414065,33829100,51.78367850138117,-1.3022882026010905,-1.703201580711668,0.4009133781105776,13.349898691068269,0.5881379385588787,198.7127131039787,198.36076974844482,1,0.9112819327556789,0.014812585130575373,0.04855687676445464,-0.07453672335929029,0.42780369659497447,0.3488597710139399,0.09,259.997,0.69,1.0,2.0
2020-10-01,203.85195324219404,204.3293806345708,201.7799201076703,202.8684539794922,27158400,53.83973950636527,-0.8061425717130248,-1.5237897789119395,0.7176472071989146,8.649735210633901,0.8092740899285698,199.1084979492657,198.53754167907414,1,0.7384731847199918,0.01012688291612629,0.045622638485245615,-0.0828404518032021,0.4225514863000961,0.3465923457379427,0.09,260.319,0.68,1.0,2.0
2020-10-02,198.6098003769444,201.4648215025371,196.26085113479485,196.8815155029297,33154800,47.42831260193335,-0.8858282086437441,-1.3961974648583004,0.5103692562145563,7.344494145612796,0.4881911918691663,198.896404382948,198.47259947608808,1,0.9335660481196999,-0.029511431467643123,-0.0078431652987897,-0.051127296917890974,0.37328897406397427,0.35164971542119366,0.09,260.319,0.7,2.0,2.0
2020-10-05,197.8649950832573,200.91098395337687,197.63582470662809,200.88233947753903,21331600,51.57807409417076,-0.619011017852614,-1.240760175457163,0.6217491576045491,6.726124937244957,0.8031880644655557,199.08554105862333,198.56709908398813,1,0.6349159104600578,0.02032097307047498,0.004488180481271309,-0.01806290919250997,0.3790361055081035,0.3541582166778675,0.09,260.319,0.78,2.0,2.0
2020-10-06,199.39279737852067,200.6913859913485,195.5733779668751,196.6141662597656,28554300,47.289497288175184,-0.7433930080482867,-1.1412867419753878,0.39789373392710115,6.539214202543821,0.46828148300269845,198.8501720301607,198.49051348303823,1,0.8818765978710906,-0.021247130180155338,-0.006513293746957305,0.01603675592254139,0.32987389026805075,0.35100530777492084,0.09,260.319,0.76,2.0,2.0
2020-10-07,197.7122560619269,200.6245664621439,197.3876088881138,200.35720825195312,25681100,51.12729266104551,-0.5337813256846857,-1.0197856587172474,0.48600433303256163,6.36030034631964,0.7717445611660823,198.99369928937904,198.56371719946628,1,0.818413515354555,0.019037498993039303,-0.002377164752378591,-0.006909861857217647,0.30100569557111534,0.3529247300778945,0.09,260.319,0.81,1.0,2.0
2020-10-08,201.0064564005077,201.65576516882732,198.9153368592637,201.07330322265625,19925800,51.849588752907515,-0.30634828542139303,-0.8770981840580765,0.5707498986366835,6.590815787697355,0.797867576882239,199.191756806834,198.6621323376306,1,0.6511201431001682,0.0035740913788468998,-0.008848841313777722,0.025368843759395743,0.28227190943609953,0.35297607210927046,0.09,260.319,0.78,1.0,2.0
2020-10-09,201.69396323673163,206.1149453581554,201.69396323673163,206.06719970703125,26458000,56.66009136064387,0.27370465126406884,-0.6469376169936475,0.9206422682577163,7.537437925249104,1.0570060949605875,199.84656089256708,198.95252713643063,1,0.8748113483445689,0.024836198562098843,0.04665589951721438,0.05773683125547868,0.29226416521144694,0.3538649313747653,0.09,260.319,0.79,1.0,2.0
2020-10-12,208.9126896677775,213.75381083072148,207.0220811131626,211.4048614501953,40461400,61.13002347854112,1.1508393173382387,-0.28738223012727027,1.438221547465509,9.55199096203426,1.17905677130499,200.94735142186502,199.44085397226453,1,1.315881433623705,0.02590252961535211,0.05238151845514927,0.077844303457822,0.3030711198995337,0.3571789130173228,0.09,260.319,0.79,0.0,2.0
2020-10-13,212.665286349732,215.0428803166582,210.47866045048664,212.79896545410156,28950800,62.225836855122616,1.9361486848893037,0.15732395287604456,1.778824732013259,11.389806312208327,1.0993823079801734,202.0760765677923,199.9647014813562,1,0.9307484425263448,0.006594474669801675,0.08231756389797829,0.06743937804671196,0.2996912584214765,0.3472193027424482,0.09,260.319,0.74,0.0,2.0
2020-10-14,212.93260977868263,214.09753374216916,209.23732654938445,210.88922119140625,23421700,59.74121064988385,2.377010912756873,0.6012613448522103,1.7757495679046627,12.308052713454456,0.9443024648457812,202.91542367480315,200.39311401900522,1,0.7565260982559818,-0.008974405766588256,0.05256617933211016,0.07710297089426099,0.2928284285175026,0.346534844470404,0.09,260.319,0.73,1.0,2.0
2020-10-15,207.29898225402468,210.4118036470309,206.25817945216272,209.743408203125,22733100,58.23867423692335,2.603923463585005,1.0017937685987692,1.6021296949862358,12.614350378135377,0.8549621860317915,203.5657079155957,200.75979222230404,1,0.7479068537154847,-0.005433245861538372,0.04311912542098151,0.08254909541360322,0.29011810941514593,0.34566016788362414,0.09,260.319,0.74,1.0,2.0
2020-10-16,210.2112777288951,212.25466641165193,209.41876106893184,209.743408203125,26057900,58.23867423692336,2.75202961066023,1.3518409370110616,1.4001886736491687,12.361888709738352,0.8236567461237578,204.15406032393184,201.1120908882186,1,0.9004964533615138,0.0,0.017839852734060857,0.09616258596475857,0.28404027497986667,0.3326355674771918,0.09,260.319,0.76,1.0,2.0
2020-10-19,210.46907710426063,212.26420865277728,204.0715533495555,204.54898071289065,27625800,51.436943236001056,2.4223347453510655,1.5659396986790624,0.8563950466720032,11.788550792300201,0.5971864601806764,204.19167178954697,201.246870881343,1,0.9752612079862136,-0.024765629274050127,-0.03243009971613087,0.057667657796989236,0.30168719348619844,0.33670632435402614,0.09,260.319,0.78,1.0,2.0
2020-10-20,206.0576865835339,207.55680117288512,203.4700234408629,204.9595947265625,22753500,51.9150205864208,2.1691773819362083,1.6865872353304916,0.48259014660571675,11.665451851248584,0.6008135382501874,204.26480730735798,201.39246789488104,1,0.8188133279425919,0.0020074116832105027,-0.03683932725335515,0.03485694228168157,0.29130137809813844,0.3358584421812221,0.09,260.319,0.81,1.0,2.0
2020-10-21,203.49863494271912,207.1270858226362,203.49863494271912,205.1027984619141,22724900,52.09215545028363,1.9575384079277,1.7407774698499334,0.21676093807776664,10.536338207683277,0.5862525830890051,204.34461598874427,201.53797105437255,1,0.829847168684114,0.0006986925181162729,-0.027438209960670812,0.07084099422317336,0.26012623816674374,0.3352225668166932,0.09,260.319,0.83,1.0,2.0
2020-10-22,204.27205380357495,206.3058989254376,202.14273195608644,205.188720703125,22351500,52.205919399244905,1.7762704628275685,1.7478760684454606,0.02839439438210789,9.66884910088196,0.5697481048150381,204.4250069139234,201.6811377072648,1,0.8296188574743643,0.00041892281263478104,-0.021715521546160077,0.05758173496359564,0.25786897746028126,0.3347006759282935,0.09,260.319,0.87,1.0,2.0
2020-10-23,205.32240845573483,206.51597685096647,203.53683479884484,206.46823120117188,18879600,53.95924822793103,1.7160782326038202,1.7415165012771328,-0.02543826867331256,9.397195421366543,0.617374634822347,204.61959970318514,201.86886686388863,1,0.7147571903617039,0.00623577404090403,-0.01561516059079815,0.04046774635815975,0.24761035456543673,0.3348574757232582,0.09,260.319,0.85,1.0,2.0
2020-10-26,204.19569269246188,206.57327167863943,198.70527791822377,200.59588623046875,37111600,45.677145582955916,1.1809134593228237,1.629395892886271,-0.4484824335634474,9.346508039823897,0.308777567340481,204.23638889625977,201.8189460547349,1,1.3915454975638692,-0.028441881525983592,-0.01932590653174926,0.003055805182920368,0.26942729848338787,0.34025632883617146,0.09,260.319,0.81,2.0,2.0
2020-10-27,202.0377098600853,204.97866419195947,200.83459813928872,203.62277221679688,36700300,49.942119335155,0.9896281064100663,1.5014423355910302,-0.511814229180964,8.898328737580641,0.4500267551573379,204.1779492125014,201.8896843356001,1,1.344665312974705,0.015089471889021988,-0.006522370965599711,0.028901025475987385,0.2712596840323614,0.3224660203692883,0.09,260.319,0.79,1.0,2.0
2020-10-28,198.2946834325445,199.41186173741897,192.97615007156463,193.5299530029297,51195600,38.95866474042753,0.023357672037064958,1.2058254028802373,-1.1824677308431724,9.977965735421158,-0.02215018308206609,203.16385433539932,201.5618517343189,1,1.8179232454423286,-0.049566259726202766,-0.05642461022360645,-0.03637157802013069,0.32344914376473016,0.33747530495883943,0.09,260.319,0.79,2.0,1.0
2020-10-29,194.8572249672143,197.9986908313189,194.18881495491607,195.47787475585935,31432600,41.62692542069063,-0.5785682284150937,0.8489466766211712,-1.427514905036265,10.658947266704358,0.11700630719842807,202.43185628020504,201.3232644018303,1,1.1077453115465408,0.010065221030153282,-0.04732641206587418,-0.0364304014678396,0.32341935577666764,0.3381973626658703,0.09,260.319,0.85,2.0,1.0
2020-10-30,194.3129671294319,195.06729607017297,190.60812555077848,193.3294677734375,36953700,39.57233328908429,-1.2149521179264582,0.43616691771164534,-1.6511190356381036,11.207332872412836,0.049067175987135045,201.56496213670337,201.00978218110902,1,1.2936597066924695,-0.010990537855524951,-0.063635762999939,-0.01804155011921027,0.3082399234542872,0.3370870500638826,0.09,260.319,0.88,2.0,1.0
2020-11-02,195.0672774818165,196.0125889634859,191.0855347795148,193.19577026367188,30842200,39.44186643510159,-1.7103632045855761,0.006860893252201036,-1.717224097837777,12.045837960556714,0.08990061375486122,200.7678962440337,200.70335034120953,1,1.0620310687354364,-0.0006915526707097497,-0.036890666632588553,-0.03826403671850209,0.29809546116605706,0.3352233321256536,0.09,260.911,0.87,2.0,1.0
2020-11-03,194.6853471835195,198.72437896176257,193.95010489814203,197.1106719970703,27512000,45.144921959140106,-1.7667146219011443,-0.34785420977846804,-1.4188604121226762,11.993287180586272,0.24772981930267166,200.41958917289432,200.56246099438056,-1,0.9490609343551814,0.020263910167678256,-0.031981198118612886,0.0025252795703882835,0.2984739861003278,0.33543678371266783,0.09,260.911,0.9,2.0,1.0
2020-11-04,204.35803146698737,208.46391008308424,202.8302579359049,206.62103271484375,42311800,55.988289395441484,-1.0320698389282654,-0.48469733560842754,-0.5473725033198379,11.98211505401521,0.6249333252917819,201.01020284355616,200.80005204224187,1,1.4188977333813098,0.04824883717059625,0.06764368775367746,0.0312632847978882,0.3364444352989321,0.3454234279092534,0.09,260.911,0.78,1.0,1.0
2020-11-05,212.0159499519229,214.00204965218953,211.16612977646565,213.2095184326172,36080100,61.64475784206692,0.08084524588912245,-0.3715888193089176,0.45243406519804,12.566769645118786,0.8518898966173024,202.17204242346673,201.28669778304092,1,1.1780139712461561,0.03188681051103903,0.09070921043572655,0.06035716833339144,0.3527670072055814,0.3465641477876173,0.09,260.911,0.79,1.0,1.0
2020-11-06,212.22602276764897,214.2312236771775,208.18699104009195,213.6201171875,25231900,61.97276893138638,0.9846202671938329,-0.10034700200836748,1.0849672692022003,13.158701036838277,0.8366642836486361,203.26233525813657,201.77036128909813,1,0.8254729017947695,0.0019257993634678172,0.10495373337416458,0.03665269140943761,0.34340867806524844,0.3464918732728649,0.09,260.911,0.83,1.0,1.0
2020-11-09,214.30760543386708,217.8214639696989,208.043760517,208.53073120117188,44395000,55.623095409416656,1.2754944614184183,0.17482129067698968,1.1006731707414286,12.936857413946646,0.6556591819440323,203.76408725271136,202.03547383466966,1,1.4431165987501984,-0.023824469592725883,0.07937524158303777,-0.013595383896602309,0.3430780119213995,0.35035415500861483,0.09,260.911,0.96,1.0,1.0
2020-11-10,204.81635040648283,206.72605996738244,200.252145721527,201.48390197753903,44045100,48.251310591651595,0.9267115762456797,0.3251993477907277,0.601512228454952,12.457085010949255,0.40687804565472774,203.546926750314,202.01384356576258,1,1.3974588167806994,-0.03379276130209652,0.022186672777076755,-0.05317254927634063,0.3618674854817714,0.3574411490444504,0.09,260.911,0.98,2.0,0.0
2020-11-11,202.80161932982716,208.19654335969423,202.62019457864048,206.77381896972656,29440800,53.25918647934594,1.0648754966267973,0.47313457755794164,0.5917409190688556,12.141561764142088,0.6266302444946923,203.85424981882946,202.20050926787883,1,0.9252599472955582,0.02625478730691455,0.0007394516079768376,-0.019514521408111607,0.37483394507692863,0.3611736281334173,0.09,260.911,0.98,2.0,0.0
2020-11-12,207.40400997799867,209.21822820406635,204.77815937346904,205.7139129638672,21593900,52.16981333737566,1.0764373426502516,0.5937951305764037,0.48264221207384794,11.88226049276319,0.5940104312401769,204.03136059454735,202.33828980497643,1,0.6798660915137874,-0.0051259197665375344,-0.03515605458824256,-0.01921154649759227,0.3747867595902057,0.36110587942178934,0.09,260.911,0.88,2.0,0.0
2020-11-13,206.5923733192708,207.60451701831292,204.4916957931553,206.735595703125,18621100,53.164285592114744,1.1547304337757964,0.7059821912162823,0.4487482425595142,11.64998493127621,0.6454450345089824,204.28890679536426,202.51073317353126,1,0.5932147504870159,0.004966522315081656,-0.03222787055365328,-0.014340438756898166,0.37536893786437847,0.35817329406808307,0.09,260.911,0.89,2.0,0.0
2020-11-16,205.16965297683396,207.91009625072095,204.8354625277745,207.4231109619141,24953300,53.85950803684441,1.2577563755721428,0.8163370280874545,0.44141934748468836,11.766277656815872,0.6666244214492137,204.58740243027376,202.70337543974236,1,0.7983389068362526,0.0033255775641867213,-0.005311544408239999,0.0140510612128526,0.36430257185351866,0.3578913622961844,0.09,260.911,0.91,1.0,0.0
2020-11-17,206.34411364526463,207.85277130198585,204.41530300487557,204.7781524658203,24154100,50.739105342303006,1.11314745990569,0.8756991144511016,0.23744834545458848,11.76251277325518,0.5565259374434126,204.60556910032582,202.7847392446866,1,0.7710423313383805,-0.012751513000783365,0.01634994387119093,-0.0008852586822503117,0.36739086236714996,0.35885082522182693,0.09,260.911,0.87,2.0,0.0
2020-11-18,204.53882413845477,205.9940073608106,201.93481820711207,202.07843017578125,28372800,47.701277315307934,0.7718019733843562,0.8549196862377526,-0.08311771285339642,11.759287607794787,0.4499676869252756,204.36488920275016,202.75704084982758,1,0.8976191869707788,-0.013183644141382067,-0.022707849655921652,-0.014745621750716587,0.3703508610732333,0.3588552769232689,0.09,260.911,0.88,2.0,0.0
2020-11-19,202.3656550784978,203.94528459890913,200.97747898156575,203.36129760742188,24792700,49.25599830938706,0.5979075899058159,0.8035172669713653,-0.20560967706554933,11.733038671112695,0.507478550621742,204.26930905081414,202.78073719326264,1,0.7813397682582433,0.00634836400166372,-0.011436345371829804,-0.00890606018421014,0.37118979433239857,0.35627174431693326,0.09,260.911,0.86,1.0,0.0
2020-11-20,203.1506716700391,204.19418482435063,201.0444941764718,201.41786193847656,22843100,46.97762186560992,0.29981988464459164,0.7027777905060106,-0.402957905861419,11.673384738628135,0.43614584406279755,203.99774265916295,202.72729110483965,1,0.7154300994528987,-0.009556566032033365,-0.025722390701815923,-0.024460757150452372,0.37167009305838444,0.35291231028194353,0.09,260.911,0.83,1.0,0.0
2020-11-23,201.9539393304308,203.2367909210462,199.2829265644139,201.14976501464844,25683500,46.65700265801669,0.04147198620412951,0.5705166296456344,-0.5290446434415049,11.652684655605455,0.4235341684277484,203.7265066930187,202.66542733659688,1,0.8190471391788577,-0.0013310484047835969,-0.03024419949239665,0.002761167213286342,0.3571014279318369,0.35210844533171237,0.09,260.911,0.86,2.0,1.0
2020-11-24,200.65198958401243,205.11326647035585,199.9531246683301,204.73989868164065,33979700,51.43679791903002,0.12498247811248575,0.48140979933900474,-0.356427321226519,11.671704893211611,0.5728356157681901,203.8230202157446,202.7467791540496,1,1.088334254165766,0.01784806294320429,-0.00018680598354381406,0.005486255062151724,0.3587234024284887,0.35310286307677197,0.09,260.911,0.88,1.0,1.0
2020-11-25,205.9365451088525,206.10886192206488,203.3995613049704,204.7494201660156,21012900,51.44922321624863,0.18974617305508445,0.4230770740822207,-0.23333090102713627,10.838912803504025,0.5532239138477055,203.91124878243707,202.82531409569532,1,0.7072046671085666,4.650527052252329e-05,0.013217590753802577,0.0579727684991278,0.3038407355665621,0.3526616711773105,0.09,260.911,0.88,1.0,1.0
2020-11-27,205.68765254415655,207.04709439516884,204.91218300631596,206.0514373779297,14512200,53.21213057322926,0.3421892310339558,0.40689950547256776,-0.06471027443861194,10.217027767566282,0.5934019449811616,204.1150762677221,202.95182873421433,1,0.50273334974215,0.006359076430391797,0.013228376304428302,0.05409084089581051,0.3029647803389358,0.3505258481143927,0.09,260.911,0.84,1.0,1.0
2020-11-30,204.96960691789403,205.60144979385137,201.8486218587643,204.94088745117188,33064800,51.49461314361825,0.3691342055947473,0.3993464454970037,-0.03021223990225641,8.97087517318774,0.5139756675190805,204.19372495186016,203.02983103684014,1,1.1532026722795465,-0.005389673282020779,0.017491127543452167,0.06006026816016363,0.3002323215063246,0.32538178112175714,0.09,260.911,0.84,1.0,1.0
2020-12-01,205.3621399555571,208.0523187829212,204.2516196677861,206.9896545410156,30904500,54.41760009587253,0.549472694761306,0.4293716953498642,0.12010099941144181,7.355737861472539,0.6069516278725466,204.46000396035114,203.1851182330823,1,1.0777406939395329,0.009996868440085516,0.029032544611433453,0.07139847967953927,0.3009109083091723,0.3247208139825383,0.09,262.045,0.92,1.0,1.0
2020-12-02,205.7163609178984,206.2811966253991,203.72506159891103,206.1854553222656,23724500,53.06581551641469,0.6203490925298638,0.4675671747858641,0.15278191774399968,6.349911923330202,0.5273725040638413,204.62433266148585,203.3027785110895,1,0.832850930759053,-0.0038852145559316043,0.007060454019627738,0.046039025859189175,0.2953321052851097,0.3033501741892123,0.09,262.045,0.95,1.0,1.0
2020-12-03,205.45785419325355,207.15237578450493,204.5387874261816,205.1036376953125,25120900,51.222482442882246,0.5825106864374163,0.4905558771161746,0.09195480932124173,6.348976669112217,0.4503800150861649,204.66998075994553,203.37340043988257,1,0.9093095738868099,-0.005246818332855896,0.001730005042308358,-0.007343855558138657,0.2438159957951067,0.2915114204172882,0.09,262.045,0.92,1.0,1.0
2020-12-04,205.08452256365908,206.19505750838957,204.08886550697892,205.2185516357422,24666000,51.4155412809228,0.5553938371805884,0.5035234691290574,0.051870368051531,5.418821312999706,0.4879821851788345,204.7222256052595,203.44575931030843,1,0.9116768259778737,0.0005602725613300663,-0.0040421253682393354,-0.037479409247858975,0.2131923226645094,0.28531213431352664,0.09,262.045,0.97,2.0,1.0
2020-12-07,205.22810989970768,206.3482130777084,203.90697042743815,205.15151977539065,24620000,51.28802102518531,0.522471897054686,0.5073131547141831,0.015158742340502851,3.973410644461075,0.5273458012769435,204.7631107643196,203.51265187756655,1,0.9110068086843148,-0.00032663645570651934,0.0010277711140924684,-0.03964325796468049,0.2128048394369743,0.28491651473475355,0.09,262.045,0.94,2.0,1.0
2020-12-08,204.845190059829,207.6981030275472,203.8112452120222,206.79818725585935,23284100,54.28739133444169,0.6220823481380933,0.5302669933989652,0.09181535473912805,3.737041669863328,0.7555130411245039,204.9569275730377,203.6414964022055,1,0.8965940815187047,0.008026591673664152,-0.000925008960379281,-0.008308338705440566,0.19864770653972683,0.2850385379814557,0.09,262.045,0.92,2.0,1.0
2020-12-09,205.9844121244872,206.05141934797453,202.20286450676673,202.7677001953125,32440600,46.7066851258351,0.37151513150013216,0.49851662101919864,-0.12700148951906648,3.5513514660285317,0.20609726721122093,204.74842972754004,203.60722988428813,1,1.2777284896870824,-0.019489953534071125,-0.01657612134479214,0.006371716078421796,0.17013044121026066,0.28626816189015686,0.09,262.045,0.95,2.0,1.0
2020-12-10,202.73900597977865,203.9931382813653,201.38913236634608,201.5423126220703,26733300,44.664595846842076,0.07321627921461982,0.4134565526582829,-0.3402402734436631,3.7254089748932087,0.09305024119117943,204.44308524130483,203.5262527367502,1,1.058581050847592,-0.006043307548795229,-0.017363539297789776,-0.02530062255329424,0.1418269056197877,0.2840408954987071,0.09,262.045,0.92,2.0,1.0
2020-12-11,201.09235074888988,204.22290460061276,200.19243502451116,204.1654510498047,30979400,49.73130221127452,0.047925186568420486,0.34035027944031043,-0.29242509287188995,3.7002302118584054,0.4468964697329489,204.4166438897334,203.55131933726213,1,1.2043381114500835,0.013015323648951416,-0.0051316051962335685,-0.007527259054833535,0.14959975730878783,0.28423184981527067,0.09,262.045,0.9,2.0,1.0
2020-12-14,204.01225691285737,206.9896300960847,203.80163774686156,205.0653381347656,28798400,51.376141830380384,0.09934993629755695,0.29215021081175974,-0.19280027451420279,3.5810916314413443,0.5794010663254169,204.47842429402218,203.61069262343875,1,1.0978330316666183,0.004407636455304953,-0.0004200877513332868,-0.008079196824710921,0.1493496135262243,0.28294351153144576,0.09,262.045,0.9,2.0,1.0
2020-12-15,205.99399444063587,206.23333309866624,203.1889523803943,204.99835205078125,27000600,51.24173201696758,0.13316417014016224,0.26035300267744027,-0.12718883253727803,3.3435034385836335,0.5930335623343554,204.52794122323732,203.6651106401973,1,1.025297514791012,-0.0003266572722315786,-0.00870334130565309,-0.011689916807669842,0.14870262414347793,0.2822603144496924,0.09,262.045,0.92,2.0,1.0
2020-12-16,205.5919108063652,210.7233323076712,205.5631913355503,209.92872619628903,35023300,59.61619070492502,0.5514454627338239,0.318571494688717,0.2328739680451069,4.096830778276484,1.1332539647323883,205.0423016968613,203.91074262278914,1,1.303053646560097,0.024050798926844363,0.03531640391481883,0.025151968940282377,0.16462666663141423,0.282245733744224,0.09,262.045,0.92,2.0,1.0
2020-12-17,210.49359665835905,211.47010265137897,208.6267577070526,210.0627899169922,32515800,59.81828452025834,0.8835689892067933,0.43157099359233225,0.451997995614461,4.529930301184812,1.0430439611937259,205.52044343211185,204.15199937942455,1,1.2005088422509642,0.0006386154154900403,0.042276369582497475,0.03951119243288659,0.15551444536450645,0.27296577662198995,0.09,262.045,0.94,2.0,1.0
2020-12-18,209.2681427001953,210.32123862452005,206.80774892510524,209.2681427001953,63354900,57.96658200968376,1.070319905881803,0.5593207760502265,0.5109991298315765,4.79940353824427,0.9012010267286561,205.8773671719293,204.35263245082734,1,2.1836634281898277,-0.003782903279114236,0.024992924239399583,0.029046063150994783,0.1558725550646977,0.2721445433312501,0.09,262.045,0.95,2.0,1.0
2020-12-21,208.27251867774223,214.44745359399025,208.01402881752463,213.0975799560547,37181900,63.784608803214375,1.509919523050371,0.7494405254502554,0.7604789976001156,5.493755021741392,1.1364136939652911,206.56500648470316,204.6955715686794,1,1.2506498051719699,0.018299188813204026,0.039169183316638545,0.05798749875095832,0.16084522764644313,0.2708226651933824,0.09,262.045,0.95,2.0,1.0
2020-12-22,213.19329092177676,216.0079156868305,212.3891165912104,214.38998413085935,22612200,65.51923530265081,1.9402258863657096,0.9875975976333463,0.9526282887323633,6.13473233104826,1.1178396604234007,207.31024245100375,205.07574461033354,1,0.7645326526127162,0.00606484679493402,0.045813207697160685,0.06582269243638783,0.1604519557235927,0.2706672618665709,0.09,262.045,0.93,2.0,1.0
2020-12-23,213.59541130787824,214.0262180085377,211.38392425082907,211.59454345703125,18699600,58.94294143730962,2.0322515487562214,1.1965283878579214,0.8357231608983,6.417710902789649,0.8532832310893641,207.71827111824445,205.3313837807923,1,0.649010090934506,-0.013039045108197866,0.007935156331033255,0.03347977028185012,0.160793011391919,0.2712098014096239,0.09,262.045,0.96,2.0,1.0
2020-12-24,211.9774490791372,214.0740579439434,211.76682990316124,213.250732421875,10550600,61.41401820083929,2.213309503109457,1.3998846109082286,0.8134248922012284,6.854208345584535,0.916740232683003,208.24517219478068,205.64194647259947,1,0.37295267694095807,0.00782718182513098,0.01517614093453945,0.04152056816066363,0.16211807450172352,0.2700987354043226,0.09,262.045,0.94,2.0,1.0
2020-12-28,214.8782558753354,216.3908780288352,213.5092456892616,215.36651611328125,17933500,64.36471573837082,2.498721590841882,1.6196520068949594,0.8790695839469225,7.591729645303758,0.9800079720407029,208.92339542511408,206.0233021447831,1,0.6301201544810702,0.009921577606685883,0.029141432300198167,0.04520754066988775,0.16383874653741054,0.27006988103989776,0.09,262.045,0.94,2.0,1.0
2020-12-29,216.65889262546344,217.49178635845288,214.04531895403196,214.59100341796875,17403200,62.47876685175294,2.631995329572078,1.8221206714303833,0.8098746581416947,7.970363334882922,0.8803635746439527,209.46316761490976,206.35929043000607,1,0.6287881812448548,-0.003600897248598245,0.007008167160894363,0.047087314233944966,0.16285224734428483,0.2624631906911415,0.09,262.045,0.94,2.0,1.0
2020-12-30,215.62499144526328,216.00794208381055,212.02534309135797,212.22637939453125,20272300,56.99502640285542,2.5177868514417696,1.9612539074326605,0.5565329440091091,8.104309068228085,0.7182011679391228,209.7263306415404,206.58937235018354,1,0.7467944803892911,-0.011019213227834168,-0.010091911453323665,0.025299452115748133,0.16681398839933514,0.2607605028064464,0.09,262.045,0.93,2.0,1.0
2020-12-31,212.2455331622111,213.49009718851215,210.3116725862071,212.9348297119141,20942100,58.17934157466538,2.4561291021401246,2.060228946374153,0.3959001557659714,8.22061461975957,0.7363717531533719,210.03190198157597,206.83821381534943,1,0.7754427754512919,0.0033381821779365772,0.006334219365893068,0.03273448352163966,0.1658287426326089,0.2565846112305164,0.09,262.045,0.93,2.0,1.0
2021-01-04,213.0401174039688,213.4900752334204,205.64933874293737,208.40652465820312,37130100,48.90805582227102,2.0185993614836377,2.0519030293960503,-0.03330366791241257,8.05027058552187,0.4622819712654785,209.87710414125473,206.8997162013437,1,1.3449477389779692,-0.021266154812894844,-0.02271601934800649,0.016103502599974062,0.1837913275060597,0.2581325206602609,0.09,262.687,0.93,2.0,1.0
2021-01-05,207.9948680651304,209.2011442852732,206.5013971335944,208.60757446289065,23823000,49.29440475181206,1.6688395848590858,1.9752903404886575,-0.3064507556295717,7.871492290950398,0.4633753497577942,209.7561965528391,206.96669103512986,1,0.8642498651820274,0.0009647001456276616,-0.031383437743105036,0.016514212775285086,0.1837899659281723,0.2580622417134729,0.09,262.687,0.96,2.0,1.0
2021-01-06,203.12191147056765,207.2576901048468,202.90172401611616,203.1985015869141,35930700,40.435266910666016,0.944300161957301,1.7690923047823863,-0.8247921428250853,8.098265241853895,0.15073982925858043,209.13165417513196,206.81891889990573,1,1.2772871276992075,-0.025929417423616985,-0.0530893730379971,-0.009519881649498907,0.2074818096767333,0.25895124881416437,0.09,262.687,1.04,2.0,1.0
2021-01-07,204.9122144012225,209.98619774889107,204.5963001731968,208.98097229003903,27694500,50.64667321466341,0.8271595287426976,1.5807057495744488,-0.7535462208317512,8.030804438411804,0.4856432451306969,209.11730351940884,206.90370530736195,1,0.9768438503051039,0.028457250707882853,-0.01529219465436471,0.010555145879876937,0.2294153646054431,0.2600577057309266,0.09,262.687,1.08,2.0,1.0
2021-01-08,209.35429576941888,211.17327826429883,207.77466653129983,210.25421142578125,22956200,52.57459165401492,0.8275252938475433,1.4300696584290677,-0.6025443645815245,7.507375848264659,0.541797256620049,209.22558046287287,207.0350977041627,1,0.8234882220973871,0.006092607962293828,-0.01258891412813734,0.036921616328722484,0.21721885104720884,0.26000429830012833,0.09,262.687,1.13,2.0,1.0
2021-01-11,209.15324546396417,209.5744837947097,207.4874433218534,208.2150421142578,23031300,49.255960344677696,0.655712597282843,1.2751982461998228,-0.6194856489169798,6.659453189536964,0.37731809581091236,209.12933871538573,207.08137003397036,1,0.8317046853062002,-0.009698589615377395,-0.0009187934219399008,0.033108330480955184,0.21937328003872275,0.2601144392978203,0.09,262.687,1.15,2.0,1.0
2021-01-12,207.2672749546844,207.84169356915027,204.22289427900293,205.76422119140625,23249300,45.53566231833275,0.31812191983476623,1.0837829809268116,-0.7656610610920453,6.435177337460159,0.18582854823552122,208.8088513321496,207.02971713818354,1,0.8514613072430409,-0.011770623764572608,-0.013630153549339163,0.007830757522297782,0.22006689214550135,0.2609923900708858,0.09,262.687,1.15,2.0,1.0
2021-01-13,204.8930047071282,207.51614656668343,204.80683170397887,207.1140594482422,20087100,47.8710179343364,0.15768188340697975,0.8985627614228453,-0.7408808780158656,6.198563998928696,0.269772411411623,208.64744258130128,207.03302467975448,1,0.7475769093782902,0.006560121332174207,0.019269619759736845,0.009990578281592333,0.22071423933428264,0.26137028886278085,0.09,262.687,1.1,2.0,1.0
2021-01-14,206.70243845748877,208.1863410325463,203.66762608051243,203.93568420410156,29480800,43.176447866068415,-0.2233615478955926,0.6741778995591577,-0.8975394474547503,6.372345530890053,0.04251837609730799,208.19870368823464,206.91156034737594,1,1.092139550012188,-0.015346013943273173,-0.024142332340837513,-0.005183787264867568,0.22788829432682195,0.25818709786656374,0.09,262.687,1.15,2.0,1.0
2021-01-15,204.41439050035876,205.3621623545727,202.9879266626255,203.58148193359375,31746500,42.67419850744612,-0.5476098698068483,0.42982034568595656,-0.977430215492805,6.927589194366041,0.07601318194907643,207.75896828303075,206.78096903703155,1,1.183256068443349,-0.001736833217247713,-0.031736484358330874,-0.030235234489826013,0.20946254620083657,0.25817379608366503,0.09,262.687,1.11,2.0,1.0
2021-01-19,204.63453750092,207.72678864400729,203.56230506672608,207.20982360839844,30480900,49.193928570689316,-0.5059696480171851,0.24266234694532823,-0.7486319949625133,7.009396535308945,0.3373520733835558,207.70666879020862,206.79778686335968,1,1.1404093117956482,0.017822552622876575,-0.004827790036935786,-0.013581492989411026,0.22024829832142817,0.2607304201863549,0.09,262.687,1.1,2.0,1.0
2021-01-20,208.4161146150016,216.16111060778343,208.0235956832945,214.77294921875,37777300,59.526872339386074,0.13574675276362314,0.22127922810898723,-0.0855324753453641,7.319084907994447,0.8188822079743913,208.37964787864115,207.11053832827696,1,1.48442256727188,0.03649984097590342,0.04378180023320799,0.02630503834709841,0.2550320416050235,0.27079135005081256,0.09,262.687,1.1,1.0,1.0
2021-01-21,215.11759352034807,216.64936685048048,212.93482602015692,215.37608337402344,30709400,60.22166047703289,0.6850823070409149,0.31403984389537276,0.3710424631455421,7.554487695041294,0.8396165549136666,209.04597506867756,207.4346773496788,1,1.2222388940651203,0.0028082407838947443,0.03989117855056068,0.01069230076868366,0.24729809452617832,0.27058794844849515,0.09,262.687,1.12,2.0,1.0
2021-01-22,217.39607006237097,220.2585653875312,216.1706574233892,216.3142547607422,30172700,61.333577959380925,1.1825060877423823,0.4877330926647747,0.6947729950776076,7.792689173034482,0.8805136533972314,209.73819218220754,207.78289607168128,1,1.1830782022349433,0.0043559682766145524,0.0606984040333618,0.00897556216389428,0.24686853395533667,0.26356093320317625,0.09,262.687,1.1,1.0,1.0
2021-01-25,219.34905829762192,219.9809157733635,214.65802709229996,219.7415771484375,33152100,65.1645166924548,1.8321543561110332,0.7566173453540265,1.0755370107570066,8.736029328813764,1.0029980066910233,210.6908955123247,208.25186395704426,1,1.2640842089850677,0.01584418184315295,0.0793790037352955,0.03850304246177627,0.24706943513226431,0.26373052080622317,0.09,262.687,1.05,1.0,1.0
2021-01-26,221.9722376050097,224.19329267545595,220.26814758976505,222.4221954345703,49169600,67.84768644516734,2.534097285993255,1.1121133334818722,1.4219839525113827,9.972427063787274,1.0453036763560994,211.80816217158616,208.80756323067274,1,1.7462575198537635,0.012198958071198529,0.07341530223451875,0.0430078851712985,0.24891299541393683,0.24120166325532041,0.09,262.687,1.05,1.0,1.0
2021-01-27,227.85042573267413,230.18637361109083,220.3256169707931,222.96791076660156,69870600,68.38161343772525,3.098706818387882,1.5094320304630742,1.5892747879248077,10.997729353522475,1.0007036536261742,212.87099537111143,209.36287097717977,1,2.2719202080640932,0.002453511129880903,0.03815639528935666,0.03529515539603212,0.24722976857968124,0.2406684006619851,0.09,262.687,1.04,1.0,1.0
2021-01-28,225.5623280954357,232.29253006928437,225.0644995906523,228.74073791503903,49111200,73.41162054236221,3.966262243719001,2.0007980731142596,1.9654641706047413,13.053930827951959,1.1034282349572018,214.38239942291406,210.12278732768405,1,1.5186188605627473,0.025890842895686328,0.06205263988298304,0.0659381533787331,0.26021094278680573,0.24373968728438103,0.09,262.687,1.07,1.0,1.0
2021-01-29,225.9261778434636,227.869607033505,221.4840518936439,222.0680389404297,42503100,61.27705012328578,4.068476265662355,2.414333711623879,1.6541425540384758,13.659055635245382,0.8285506252582994,215.11436509124889,210.59122856739958,1,1.2706106034437015,-0.02917144989314402,0.026599191005935108,0.04637340359844089,0.2811540277612231,0.25255386989228934,0.09,262.687,1.11,1.0,1.0
2021-02-01,225.03573916856448,232.15845875593465,222.5178922402579,229.42999267578125,33314200,67.63370726091036,4.689472435353565,2.869361456369816,1.8201109789837489,15.261162763943759,0.9936937915027211,216.47775819453767,211.33000363047339,1,0.9778297499261069,0.033151793344410097,0.044090042735968504,0.07746578136692794,0.30112951597794824,0.25758015055341504,0.08,263.579,1.09,1.0,1.0
2021-02-02,231.0096936130651,231.97661660777808,228.51099724463657,229.2960205078125,25916300,67.41681962300864,5.111879376152842,3.3178650403264216,1.7940143358264207,16.334179594149877,0.9253649156129098,217.69854508151622,212.03455331193766,1,0.7734168058339232,-0.0005839348483006601,0.03090440259261018,0.10023436590514212,0.2866980984546733,0.24028010212435025,0.08,263.579,1.12,1.0,1.0
2021-02-03,229.35344208114293,234.63802880665224,229.0566498927126,232.6371612548828,27158100,70.00056410905314,5.65109969562053,3.7845119713852435,1.8665877242352868,17.61649306676043,0.9485390398635416,219.12127043136064,212.84249872146492,1,0.8064623654014131,0.014571298445000602,0.043366107952649946,0.11519038488349231,0.2883184672839655,0.23377464919245047,0.08,263.579,1.15,0.0,1.0
2021-02-04,232.31168137316456,232.86694881954375,230.11933105831628,231.68939208984375,25296100,68.3449653005618,5.933560243911245,4.214321625890444,1.7192386180208006,17.81074863534916,0.8793616750465172,220.31823439883522,213.58159257904842,1,0.7632211873901852,-0.004074023083528999,0.012890813423448666,0.14021210924502436,0.26581825040188145,0.23404692180311745,0.08,263.579,1.15,0.0,1.0
2021-02-05,231.9000268456431,232.9052522107318,230.16721716132736,231.87130737304688,18054800,68.49896846186664,6.101754083609194,4.591808117434194,1.5099459661749997,18.321177718881145,0.8427756606354927,221.41852706304584,214.29883629646014,1,0.5527789582228579,0.0007851688053659434,0.04414533707503465,0.10953310644587755,0.2539252998992713,0.22795885435316976,0.08,263.579,1.19,1.0,1.0
2021-02-08,232.78078543262248,233.2881822461942,230.54057897933532,232.1297912597656,22211900,68.73174513508215,6.184614022101016,4.910369298367558,1.2742447237334575,18.71746887395614,0.8134917479258162,222.43864746273343,214.99808943227603,1,0.6808315119864066,0.0011147730594491811,0.011767417818818293,0.10404347996475849,0.2543081339516792,0.21516783634315811,0.08,263.579,1.19,1.0,1.0
2021-02-09,231.5553461576899,234.3221002924528,231.08625176555745,233.37432861328125,23565000,69.88559195214286,6.278332178497834,5.1839618743936136,1.0943703041042205,18.810184515373464,0.8098433545964757,223.48014090564274,215.7187262629037,1,0.7217159474263698,0.005361385743559932,0.01778621406702441,0.12083318401759513,0.24831354697612418,0.20960707312744128,0.08,263.579,1.18,0.0,1.0
2021-02-10,234.55188509696072,235.43264960639695,230.61715697080717,232.46485900878903,22186700,67.91333053530934,6.207659857612811,5.388701471037453,0.8189583865753578,18.209038029977826,0.7625866492095309,224.33582834403762,216.37543735097762,1,0.6806107818156942,-0.0038970421892430274,-0.0007406479909072283,0.12976326818521722,0.2424045627087163,0.20944226835710178,0.08,263.579,1.15,0.0,1.0
2021-02-11,234.34127083104315,234.69548737812784,231.82342341865785,234.0636444091797,15751100,69.54069023326838,6.2090856796558285,5.552778312761128,0.6563073668947004,17.628720731050123,0.7759800339409411,225.2622870169083,217.06909252973065,1,0.48642400487687076,0.00687753584437556,0.010247565924016211,0.13011953429299772,0.24241470731818549,0.2095914010841138,0.08,263.579,1.16,0.0,1.0
2021-02-12,233.52751965114385,234.839105493822,232.3786969588708,234.54232788085935,16561100,70.03078184652992,6.177629541622338,5.67774855853337,0.49988098308896767,16.14578463386578,0.7702931075365393,226.14610043252267,217.7543174454612,1,0.5218488418387837,0.0020450996261633936,0.011519409357170662,0.15007988325440014,0.22935647295947834,0.20957518794096977,0.08,263.579,1.2,0.0,1.0
2021-02-16,234.5805953767569,235.63369127508065,232.56057659584255,233.30731201171875,26728500,67.03396031565939,5.984064298141874,5.739011706455071,0.24505259168680293,13.852996515404255,0.7261229016091572,226.8281205829223,218.3642388010007,1,0.8489405989321424,-0.005265641729999104,0.0050726825952100985,0.14601441052394581,0.23147882130969405,0.20784884184980032,0.08,263.579,1.3,0.0,1.0
2021-02-17,231.5609109057121,234.4299845061486,231.19627360195776,234.32443237304688,21653500,68.23939896357457,5.8453539590179275,5.760280156967642,0.08507380205028525,11.758524174590985,0.7521599948635302,227.54205503912465,218.99012874500252,1,0.6975287474714643,0.004359573442246134,0.004071157977876938,0.1308558073766415,0.22799941386737257,0.20537858692114777,0.08,263.579,1.29,0.0,1.0
2021-02-18,232.0215160251843,234.06536803282071,231.1195276514465,233.9310302734375,16925600,67.21564008442408,5.638681543393375,5.735960434252789,-0.09727889085941399,10.741004580402464,0.7198406843202096,228.15052887096397,219.57604645199999,1,0.5641757592686542,-0.00167887785164067,0.0063070662417541445,0.08920155505791683,0.20040641281659521,0.20539137258169768,0.08,263.579,1.29,1.0,1.0
2021-02-19,233.89265696504796,233.9982091087317,230.46702209962763,231.22508239746097,25262600,60.4930670493189,5.1966411416906055,5.6280965757403525,-0.43145543404974696,9.350139514136954,0.5885167917962497,228.44334349253512,220.03287139103767,1,0.8497845819328692,-0.011567289182686014,-0.01212730844588783,0.07358755333995948,0.20821115505199758,0.20593731126373774,0.08,263.579,1.34,2.0,2.0
2021-02-22,227.8186279736433,228.30799807606732,223.0016349040027,225.02630615234375,36446900,48.52106611691632,4.296602936852111,5.361797847962705,-1.065194911110594,7.978773427755559,0.2416373840372109,228.11791136489785,220.2286923620693,1,1.2132002083752886,-0.02680840755183267,-0.04057272652870336,0.04027497587358564,0.23495749594967652,0.214515406661622,0.08,263.579,1.37,2.0,1.0
2021-02-23,221.01537906288905,225.33339754887209,219.4800777445188,223.83648681640625,30228700,46.61412020368703,3.4475663001448993,4.978951538399144,-1.531385238254245,7.317257050468859,0.1356558387718621,227.7101566459939,220.3701744975335,1,1.011136019866349,-0.005287467746690866,-0.040593777853121016,0.0186351154893305,0.23045189295323515,0.21243761783714818,0.08,263.579,1.37,2.0,1.0
2021-02-24,220.70831859965355,225.68843572381107,219.73916858564397,225.06472778320312,26339700,48.84897652773281,2.8410574875387624,4.551372728227068,-1.7103152406883053,6.961164173124888,0.1856698554073438,227.45821104001382,220.5542746263833,1,0.9160269504179985,0.00548722410839253,-0.03951659882867953,0.011880704367070116,0.22735186808325897,0.21257152322088793,0.08,263.579,1.38,2.0,1.0
2021-02-25,222.69460427185768,225.1030937109058,218.66445668933272,219.7295684814453,39542200,40.84954810886399,1.9078990434759078,4.022677991276836,-2.114778947800928,7.5513216587223315,-0.08790905958793595,226.72214984395967,220.52193320893474,1,1.4517363971074826,-0.02370499968745432,-0.06070790085176969,-0.014523804228250947,0.24329674867672718,0.2186693694622345,0.08,263.579,1.54,2.0,1.0
2021-02-26,222.16682092029995,225.85152606966585,220.25729214925016,222.98245239257812,37819200,46.592218406789755,1.4145388760130402,3.5010501682240767,-2.0865112922110365,8.002167232877857,0.13719446063973487,226.36598818192334,220.61842415731292,1,1.4178691659982383,0.014804033583707188,-0.035647646524412435,-0.025173852174070088,0.23043988389769035,0.22000287380586203,0.08,263.579,1.44,2.0,1.0
2021-03-01,226.36012771406476,227.86664347335775,223.72133853509243,227.3580780029297,25324000,53.177398150774536,1.3609357863648768,3.0730272918522368,-1.71209150548736,7.468002888218686,0.3511277197592147,226.46047292678108,220.88272430812142,1,0.9810062713278023,0.019623183633517227,0.010362218935448864,0.02382170386941218,0.21575443544305492,0.22242142104369822,0.07,264.961,1.45,2.0,1.0
2021-03-02,227.4251865850806,227.7034670330312,224.00915718644583,224.41217041015625,22812500,48.813573009150346,1.0684286484835184,2.672107563178493,-1.6036789146949748,7.762601483481996,0.20545220098741723,226.26539649662632,221.0211339591816,1,0.9020640213371505,-0.012957127446931893,0.002571893447479656,-0.02187082084213776,0.18639039889613337,0.2241636494867639,0.07,264.961,1.42,2.0,1.0
2021-03-03,222.77138716621417,224.13396020584003,218.06953577308565,218.35740661621097,34029500,41.310144652426715,0.34407946403402434,2.2065019433495996,-1.8624224793155753,8.893465240789972,-0.02801248674952104,225.51225460325344,220.91667406337885,1,1.3243686437981723,-0.026980550042714047,-0.0298017429610431,-0.04770520599256911,0.2083234691806944,0.2314261075250183,0.07,264.961,1.47,2.0,1.0
2021-03-04,217.5705790891224,223.08804755279928,215.19086040970717,217.56097412109375,44727800,40.429791163463406,-0.29088479078941987,1.7070245965217958,-1.9979093873112157,9.82118281918326,0.018385292449746696,224.7549897954287,220.7850779872108,1,1.6831813202465475,-0.003647380262749911,-0.009869378870302925,-0.06480558416576976,0.19851368943706635,0.2316247780335122,0.07,264.961,1.54,2.0,1.0
2021-03-05,220.23813818964663,223.83648692978852,217.30188796036575,222.23402404785156,41872800,47.49947731458785,-0.4122700698893311,1.2831656632395705,-1.6954357331289016,10.012416205552059,0.2521267976896144,224.51489781946898,220.84189940135357,1,1.5280814080472722,0.021479265505387923,-0.0033564450327637774,-0.04081053498696918,0.2168006056337439,0.23529991252475912,0.07,264.961,1.56,2.0,1.0
2021-03-08,222.01327174889764,223.93239070497876,217.94474893270365,218.19422912597656,35267400,42.77352206005223,-0.8249371048905516,0.8615451096135461,-1.6864822145040979,10.560052182821924,0.1244026632107812,223.9129293724697,220.73806919447605,1,1.2478366023790608,-0.018178111741364855,-0.040305798489530864,-0.058985643381334385,0.22396024263319575,0.23828784037198983,0.07,264.961,1.59,2.0,1.0
2021-03-09,223.46225362122257,225.8611527209292,222.30118001460855,224.3258514404297,33080500,50.77844039413328,-0.6497184764035921,0.5592923924101185,-1.2090108688137107,10.437673960645125,0.39482627874953136,223.95225528370398,220.87876653745462,1,1.1483786599894155,0.02810167042004119,-0.00038464477915256534,-0.033618863726986636,0.2490069009775822,0.2405932851222719,0.07,264.961,1.55,2.0,1.0
2021-03-10,227.41564385006524,227.41564385006524,222.65622140139536,223.02085876464844,29746800,49.20100625905095,-0.6091367048433369,0.32560657295942746,-0.9347432778027644,10.204747033556945,0.35808637273801613,223.86355085331775,220.96277015420733,1,1.021687697093166,-0.005817397626718845,0.021356968012695043,-0.04436421910736077,0.24796501791441447,0.24056248467910027,0.07,264.961,1.53,2.0,1.0
2021-03-11,225.4581321614422,229.4978699157633,224.83440963059357,227.54037475585935,29907600,54.475552423118316,-0.20986895056313415,0.21851146825491516,-0.42838041881804934,9.922796839806939,0.5663603899703841,224.2137245583217,221.22071543270349,1,1.01376883808904,0.020264992325136344,0.045869442693389884,-0.021183779234105637,0.26016226201041104,0.24242277181051405,0.07,264.961,1.54,2.0,1.0
2021-03-12,224.5465474685344,226.283362726676,223.79809211606153,226.2161865234375,22653700,52.74743282281382,-0.0002939143195703764,0.17475039174001805,-0.17504430605958843,9.393664211443244,0.5262619356248862,224.40443522166606,221.4166162597911,1,0.7590061558244794,-0.00581957480663664,0.017918779505736282,-0.03352702597428425,0.25893234999900167,0.24286246827883526,0.07,264.961,1.64,2.0,1.0
2021-03-15,225.4581364547002,225.67883106928048,222.4355148439166,225.3141937255859,26034900,51.547875643889554,0.0919525594252093,0.1581908252770563,-0.066238265851847,8.689249337967262,0.5059334769256437,224.49107888870606,221.56946243492033,1,0.8586646139111128,-0.003987304408732628,0.032631314898335706,-0.03934528252811176,0.25866005030072975,0.24310535333529174,0.07,264.961,1.62,2.0,1.0
2021-03-16,226.7247307901407,230.3518647416,226.39848405501235,228.0969085693359,28092200,54.95156307738153,0.38516049579874334,0.20358475938139373,0.18157573641734961,8.148292548188667,0.672372490305071,224.83449123924223,221.82544071470133,1,0.9244381203949336,0.012350375259266189,0.016810622158309974,-0.022332791019087805,0.2631803327404719,0.23974247779462668,0.07,264.961,1.62,2.0,1.0
2021-03-17,226.59995691364423,228.902908364982,223.79804509330785,227.45396423339844,29562100,54.00754430190248,0.5592035132154933,0.2747085101482137,0.28449500306727965,7.297495632475768,0.674494556280747,225.0839648577333,222.04616712719925,1,0.9603124496996557,-0.0028187332304069335,0.019877537434416448,-0.029320323408318694,0.2624301673915094,0.23989329884832036,0.07,264.961,1.63,2.0,1.0
2021-03-18,223.15517351500057,224.71926031527957,221.01535975192505,221.38958740234375,34833000,45.98339339660254,0.20542136070045558,0.26085108025866205,-0.05542971955820647,6.327055144380261,0.31811639135969744,224.73211938579144,222.02041890269513,1,1.0995541081286604,-0.026661996643997043,-0.027031630584748334,-0.053611711351137514,0.2776541938308562,0.24664008048550273,0.07,264.961,1.71,2.0,1.0
2021-03-19,221.67749494275228,223.0688536355773,220.0750319360675,221.0345916748047,46430700,45.55669744740883,-0.10241812008456463,0.1881972401900167,-0.29061536027458135,5.68507449083138,0.30927988536544193,224.37997388950697,221.9817590114053,1,1.4182678576719558,-0.0016034888167252292,-0.0229054999479269,-0.04407173571740575,0.2756754001223513,0.24406622296000693,0.07,264.961,1.74,2.0,1.0
2021-03-22,220.95777527099935,227.3196449466548,220.8330278477673,226.4464569091797,30127000,52.754306608038846,0.08928000477857267,0.16841379310772792,-0.07913378832915524,5.772328744111963,0.7261526912392459,224.57678179614246,222.1568452034749,1,0.9292257649719177,0.024484245625848278,0.005025263454874862,0.006311043278089068,0.2743800074352547,0.2485828670149719,0.07,264.961,1.69,2.0,1.0
2021-03-23,227.88584162612725,231.3018718634521,227.48282830347063,227.97219848632812,31638400,54.57750316856427,0.36016498619852655,0.20676403172588764,0.1534009544726389,6.021814316550739,0.8144795697835309,224.9001548142554,222.38489827339072,1,0.9737259210700447,0.006737758664779436,-0.0005467416625239974,0.01847648579882355,0.27443335839207195,0.24711884645823476,0.07,264.961,1.63,2.0,1.0
2021-03-24,228.2312742809165,228.37520237530592,225.80358947742403,225.93792724609375,25620100,51.712160857369184,0.4060143173071822,0.24661408884214656,0.15940022846503563,6.0609188220121695,0.6591843950381221,224.99899028395427,222.52423274290848,1,0.7893765490144848,-0.008923330361076398,-0.006665247591591927,0.003879770373133473,0.2760333739773979,0.24760682329237993,0.07,264.961,1.62,2.0,1.0
2021-03-25,225.78437942941397,227.3580566060137,222.20522617954543,222.9440765380859,34061900,47.73979396398106,0.19848351662747632,0.23698797439921251,-0.038504457771736195,5.839096073127467,0.4238646976538854,224.80328421291918,222.54069720546445,1,1.058411188453956,-0.01325076645828882,0.0070215097014345584,0.014629383195243761,0.2660657550774355,0.24860705178804218,0.07,264.961,1.63,2.0,1.0
2021-03-26,222.18601962035427,227.13735047675792,222.18601962035427,226.91664123535156,25479900,52.90895989385032,0.3505259874822002,0.2596955770158101,0.09083041046639012,5.931055144101043,0.7091454432794605,225.00455631029368,222.71230285369532,1,0.807216441935629,0.01781865999291088,0.02661144355721845,0.017643490779476245,0.2683300335395205,0.2508890471821201,0.07,264.961,1.67,2.0,1.0
2021-03-29,227.02220332170975,227.22371728101675,222.50268578373593,225.726806640625,25227500,51.27312510245881,0.3707374031026518,0.28190394223317844,0.08883346086947336,5.825018541626315,0.6281132095422203,225.0733420560395,222.83051868847687,1,0.7993424653714641,-0.005243487600772756,-0.0031780151404325885,-0.007174899509326704,0.2598600928917431,0.24998051221797776,0.07,264.961,1.73,2.0,1.0
2021-03-30,224.08594526185743,224.3930113523517,221.75422253425,222.4738922119141,24792000,46.995188513097126,0.1228558808214757,0.2500943299508379,-0.12723844912936222,5.857345364143966,0.3868755162763427,224.82577540421804,222.8165333364548,1,0.7830876813725134,-0.01441084679804916,-0.02411831929911301,-0.008637134941031022,0.2608648236346075,0.2519460634437239,0.07,264.961,1.73,2.0,1.0
2021-03-31,223.4910559775948,229.43073293599943,222.99208082780365,226.2353973388672,43623500,51.984074315077,0.22730973097554852,0.24553741015578004,-0.01822767918023152,5.434540391228444,0.6544918860002314,224.96002511227985,222.95060643458862,1,1.3573388585017763,0.016907624933222065,0.0013166009638099219,0.036078422274462785,0.24713087469994716,0.2497218588697805,0.07,264.961,1.74,2.0,1.0
2021-04-01,228.8261597506676,233.0194301648767,228.42314650954663,232.54925537109375,30338000,58.96565294478765,0.810225955393804,0.3584751192033849,0.45175083619041917,5.55817733289069,1.0952980060302806,225.6828089464526,223.32702403994176,1,0.9655787011250975,0.027908356103838683,0.04308335517210726,0.06889232460256212,0.2623649820337796,0.2554067150469262,0.07,266.614,1.69,1.0,1.0
2021-04-05,232.94267953817064,239.8515202621976,232.88510830575663,238.9975128173828,36910600,64.62309823130049,1.772084264195911,0.6411969482018901,1.1308873159940207,7.5787209519677585,1.2625958617300852,226.9508759817793,223.94155301160612,1,1.184117872189851,0.027728566303079072,0.053239249075176076,0.07543169342027367,0.26870712213158066,0.25386158371780004,0.07,266.614,1.73,1.0,1.0
2021-04-06,237.59655114205796,239.31415636924692,236.89607673963403,237.83644104003903,22931900,62.94040951207948,2.412861153364503,0.9955297892344127,1.41733136413009,8.161747515069502,1.0893379682870066,227.98759646351832,224.48645058134858,1,0.7505216478754518,-0.004858091465708925,0.053647303036956195,0.09002168385820064,0.2581359359740169,0.24873205341335708,0.07,266.614,1.67,1.0,1.0
2021-04-07,237.7884540717137,240.7822752368662,237.1935318252326,239.79393005371097,22719800,64.61334968482356,3.0435503051899104,1.4051338924255123,1.638416412764398,9.425785492174658,1.063743061173175,229.1120091863938,225.08674389399025,1,0.7564043576199421,0.008230399871071103,0.07785200173195572,0.06895361597407712,0.24355070893886133,0.24891284898541075,0.07,266.614,1.68,1.0,1.0
2021-04-08,242.5478841197472,243.8624760860077,241.8090191282854,243.0084686279297,23625200,67.22952320741918,3.7594260761567284,1.8759923291717557,1.8834337469849727,10.841764342736965,1.0773148669440977,230.43548151415914,225.78955662865454,1,0.7946452296463228,0.013405420952476543,0.07413990686850358,0.08962215451055178,0.243475826083821,0.2486760829109317,0.07,266.614,1.64,1.0,1.0
2021-04-09,242.64385846421897,245.63769470692745,242.2312548181653,245.50335693359375,24326800,69.136681998993,4.4764773732217975,2.3960893379817643,2.0803880352400332,12.524233365397055,1.0533347462905531,231.870517268391,226.56264683669139,1,0.8259964022157136,0.010266672267640109,0.05570476474684183,0.07894415308495417,0.23745024641004708,0.24731918520649615,0.07,266.614,1.67,0.0,1.0
2021-04-12,244.4094444364362,247.24974743747651,244.3230729403919,245.5609130859375,27148700,69.18124193485701,4.991847086799083,2.9152408877452283,2.076606199053855,13.761800061970138,0.9727918910800993,233.17436448910973,227.30767688568145,1,0.9148304315139972,0.00023444140667816527,0.02746221159870288,0.08551433414114129,0.23514946473013892,0.2472651669668969,0.07,266.614,1.69,1.0,1.0
2021-04-13,246.8563356380846,248.7082788148953,246.4437027152732,248.0365753173828,23837500,71.11314998025505,5.536228355651019,3.4394383813263865,2.0967899743246328,15.003505937087613,0.9700708333076559,234.58981313942147,228.12057486339523,1,0.8062377690305935,0.010081662428820248,0.04288718008367187,0.10084753745905095,0.23401111027934776,0.2447119933553234,0.07,266.614,1.64,1.0,1.0
2021-04-14,247.0673962497698,248.36277817763545,244.84121113085752,245.2538146972656,23070900,66.09751856225887,5.677660373167839,3.887082779694677,1.790577593473162,15.701795149055926,0.84780757405457,235.60543233540662,228.79246662158624,1,0.7869924467704976,-0.01121915433865528,0.022769069435292444,0.07521761796571824,0.2389250104015073,0.24632153008104557,0.07,266.614,1.64,1.0,1.0
2021-04-15,247.4992215769771,249.41834093963365,247.30732721077396,249.0057373046875,25627500,69.24691342430944,6.0230649211229945,4.3142792079803405,1.708785713142654,16.63529238762715,0.8955864498858124,236.88165185629052,229.5851439032765,1,0.8801092224903407,0.015298121303650936,0.02467925793129555,0.09475224203687227,0.24101827469731843,0.24574639824344766,0.07,266.614,1.56,0.0,1.0
2021-04-16,248.9769265105959,250.445051503243,247.18255477329765,250.195556640625,24878600,70.19256693577704,6.319956466448986,4.71541465967407,1.6045418067749155,16.892992747570542,0.8808574088433746,238.1496427881319,230.39339538317253,1,0.8692481785553002,0.004778280809175195,0.01911256842121478,0.13011438151303167,0.2102806214437048,0.2361004594728258,0.07,266.614,1.59,0.0,1.0
2021-04-19,249.66781662573695,250.9056567188117,247.3936650412421,248.2764434814453,23209300,66.63346854907746,6.32744985859091,5.037821699457438,1.2896281591334722,16.539076091417314,0.8028563617213176,239.11409999701888,231.09469138702636,1,0.8452114740280822,-0.007670452604944811,0.011058479793799592,0.12324700672517341,0.21432306253056213,0.23703065844799595,0.07,266.614,1.61,0.0,1.0
2021-04-20,247.39364839202,249.67740478959612,246.45326949789063,247.81585693359375,19722900,65.77151852259564,6.2244711123368575,5.275151582033322,0.9493195303035353,16.49471195089844,0.7632736133630402,239.94283875288315,231.7504233692447,1,0.7321169061844017,-0.0018551359178221594,-0.0008898622451412042,0.09436844504475794,0.20441291024619085,0.23715054387703174,0.07,266.614,1.58,0.0,1.0
2021-04-21,248.46840570806455,250.13803031378995,246.84674737679163,250.0420684814453,24030400,67.93083912264692,6.250445139888512,5.47021029360436,0.7802348462841522,16.597523799762442,0.7887823508627351,240.90467015560336,232.46774278540943,1,0.9047879920855901,0.008983329700520848,0.019523666900309822,0.0968094800228052,0.2048843182476614,0.23591187405778827,0.07,266.614,1.57,0.0,1.0
2021-04-22,249.6870140739472,251.19352978714605,245.3018339862112,246.7699737548828,25606200,61.7634007787994,5.93854321588114,5.563876878059716,0.37466633782142367,16.03116179886608,0.6854025982942082,241.46327049839186,233.02861458813388,1,0.9641449399070842,-0.013086176843899011,-0.008978763196403672,0.09220252112031901,0.2090872727043129,0.2370385746181298,0.07,266.614,1.57,1.0,1.0
2021-04-23,247.45119463486952,250.93440010941012,246.86584814539015,250.5889434814453,21462600,65.67984632201332,5.931147063112462,5.637330915070265,0.2938161480421968,15.062032500031307,0.763320415618841,242.33238221106362,233.7172549368912,1,0.8277612772668211,0.015475828231662714,0.0015723174548034624,0.12399910942974435,0.20145125191787025,0.23867600969486555,0.07,266.614,1.58,1.0,1.0
2021-04-26,251.0784061547081,251.82686158376697,249.64867150670256,250.97283935546875,19763300,66.05622489107714,5.88838510929142,5.687541753914497,0.20084335537692333,14.387418026665463,0.7508008607458703,243.15528289148315,234.39394452193346,1,0.7707195743343319,0.001531974510486922,0.010860457948459912,0.10601337120606669,0.1969891888521179,0.23354652562054867,0.07,266.614,1.58,0.0,1.0
2021-04-27,251.00158168291068,252.54648783182677,249.60063289753063,251.37582397460935,31014200,66.47189082614497,5.819924971393931,5.714018397410384,0.10590657398354697,13.2254286173504,0.7440917639296425,243.9381915660666,235.05990057890116,1,1.1959820291497048,0.0016056901622323316,0.014365372277083788,0.11362858366582751,0.19371129657368621,0.22434320785678014,0.07,266.614,1.63,1.0,1.0
2021-04-28,245.72402306023824,246.1654415847011,242.7206113026591,244.2655029296875,46903100,53.924443339062144,5.132759082319296,5.597766534392167,-0.46500745207287064,10.538636569320756,0.4868601788169275,243.96936407688764,235.4209045926575,1,1.7347392792616194,-0.028285620042920456,-0.02310237467974907,0.09795131689886616,0.21803576183048426,0.2238697706865856,0.07,266.614,1.63,1.0,1.0
2021-04-29,245.12908267315444,245.7432001834214,238.93032169994916,242.29837036132812,40589000,51.05320360642338,4.378966011838202,5.354006429881374,-0.9750404180431724,8.031755111851488,0.3422670208243168,243.81022181826293,235.69060913260537,1,1.5096802869169907,-0.008053255759678968,-0.018120532759777097,0.07100114841180649,0.21759809857257953,0.2246294442334696,0.07,266.614,1.65,1.0,1.0
2021-04-30,239.64042208199547,242.84534766283653,239.50608432237092,241.9817352294922,30945100,50.58630039862873,3.7132260057953204,5.025850345064163,-1.3126243392688428,6.583945476597034,0.25925819920179866,243.63608023838,235.93731995993429,1,1.1496839447499607,-0.0013067984376607944,-0.03434791708034968,0.040561212906687016,0.1984797975972292,0.22288565714880273,0.07,266.614,1.65,2.0,1.0
2021-05-03,243.1524133181081,244.0640067134721,240.96461845267157,241.67469787597656,19626600,50.10775231878239,3.124825858834015,4.645645447818134,-1.5208195889841187,6.27142751165158,0.21882233388276603,243.44928191815112,236.1623151723281,1,0.7533630841110733,-0.0012688451598400485,-0.03704839736192589,0.011201727695967278,0.1745272382694619,0.22270470562395084,0.06,268.383,1.63,1.0,1.0
2021-05-04,240.8206636019488,241.05096316703924,235.8213518591053,237.76925659179688,32756100,44.35941726679387,2.3166728679316577,4.179850931840838,-1.8631780639091806,6.283125902133675,-0.03310414144177951,242.908327125165,236.2253324828955,1,1.2340679473718117,-0.016159909657501248,-0.054128385012024216,-0.0002824817254596379,0.18370582647850797,0.2254113298440662,0.06,268.383,1.61,2.0,1.0
2021-05-05,238.98789545222695,239.4101039903154,235.87893192942408,236.5026397705078,21901300,42.65049976301558,1.5560630817038543,3.655093361813442,-2.0990302801095875,6.805016917526967,-0.05842240302976191,242.29826166281669,236.23620727848817,1,0.8263935176861299,-0.005327084079097766,-0.031780431809129595,-0.01372549456304395,0.181957438269935,0.22571428987096614,0.06,268.383,1.59,2.0,1.0
2021-05-06,236.4834442394811,239.7555457646202,234.79462473056245,239.63079833984375,26491100,47.98052674738939,1.1919505358404479,3.1624647966188433,-1.9705142607783954,7.095648946325032,0.15321595438557553,242.04421753681927,236.36932849658055,1,0.9942031618025667,0.013226738493791634,-0.01100945094061656,-0.013899393330433663,0.18177838576655322,0.22701818813800814,0.06,268.383,1.58,2.0,1.0
2021-05-07,241.9529209858051,244.01598268660447,241.01255677969283,242.2503967285156,27032900,52.00343873767153,1.1020645034387826,2.7503847379828312,-1.6483202345440486,7.204045835263592,0.3155131244791192,242.06385365031417,236.59995862332312,1,1.009411010435996,0.010931810129667596,0.0011102552792614517,-0.013250165886562804,0.18231671849397638,0.22782852205671075,0.06,268.383,1.6,2.0,1.0
2021-05-10,240.72472211515404,241.54994399092692,237.126373466444,237.18394470214844,29299900,44.789038615170625,0.6149204189302395,2.323291874172313,-1.7083714552420735,7.800505822194129,0.0862354944574236,241.59910041715554,236.62286003817903,1,1.089684501788409,-0.020914112401000606,-0.01858180940452736,-0.03411360659364149,0.19617016963779196,0.23177960007915088,0.06,268.383,1.63,2.0,0.0
2021-05-11,234.66027073084751,236.62737056777837,232.7603470846724,236.27232360839844,33641600,43.616534347900505,0.15352527493999446,1.8893385543258494,-1.735813279385855,8.334981977198622,0.09596708736555488,241.09178834013105,236.60911351152097,1,1.228753958835778,-0.0038435194038736187,-0.0062957381658822476,-0.04742950387027023,0.19125365067843075,0.23189638917443312,0.06,268.383,1.64,2.0,0.0
2021-05-12,232.3765649892785,234.4971983156802,228.4423791025512,229.3347625732422,36684400,35.91180977726596,-0.7631398950926211,1.3588428644421553,-2.1219827595347764,9.957283836710465,-0.09239542401345371,239.97207160042734,236.32384484727476,1,1.3073880482784588,-0.029362563203359726,-0.03030781053531173,-0.06490847917563869,0.21271724426633964,0.23965244299539493,0.06,268.383,1.69,2.0,0.0
2021-05-13,232.02152794835033,235.66785757262463,231.65689059340735,233.2017822265625,29624300,42.056051527758456,-1.164147906162782,0.8542447103211679,-2.0183926164839496,10.45323585053148,0.11728051084682169,239.32728213624975,236.20141101901154,1,1.0483084325445797,0.016861899216370713,-0.026828839021617035,-0.06346823671290358,0.21455832287332094,0.24200424767656284,0.06,268.383,1.66,2.0,0.0
2021-05-14,235.64865494854968,239.10306082061464,235.5622980961346,238.11471557617188,23901100,48.7752751907995,-1.0731464179308148,0.46876648467077137,-1.541912902601586,10.235036350550782,0.33059539570796637,239.21179960671853,236.27644257027274,1,0.8472481830198718,0.02106730618737851,-0.01707192726284157,-0.04828559398361243,0.22962126275437764,0.24574331493716783,0.06,268.383,1.63,2.0,0.0
2021-05-17,236.57943823986372,236.6178141840923,233.67197362740927,235.26483154296875,24970200,45.480631190728275,-1.2169605432703747,0.13162107908254217,-1.348581622352917,10.30076455467206,0.24287435684410041,238.8358978863614,236.23677154959415,1,0.8823917607815165,-0.011968533848515817,-0.00809124395662475,-0.05240775869036074,0.2314411626762254,0.2458288992744798,0.06,268.383,1.64,2.0,0.0
2021-05-18,236.31076887083617,236.445106641719,233.0770427603325,233.2497711181641,20168000,43.255792112842755,-1.4765124925291389,-0.19000563523979405,-1.2865068572893448,10.480166578920223,0.19555258680631202,238.30388581319977,236.11963427777337,1,0.7121325594788523,-0.008565072865285517,-0.012792664176968782,-0.05877786028572363,0.23235516291692623,0.23984059045615516,0.06,268.383,1.64,2.0,0.0
2021-05-19,230.16243607762956,233.93259335141164,229.47958385849037,233.82679748535156,25739800,44.099094312861105,-1.6170082127422063,-0.47540615074027653,-1.1416020620019298,10.211074067856623,0.24307390684979285,237.8774964486428,236.0297191094431,1,0.9061382720013068,0.0024738560917820784,0.019587239464731176,-0.06485017139144733,0.2290443047679678,0.23955275154243044,0.06,268.383,1.68,2.0,0.0
2021-05-20,234.63476216090825,238.4722370908256,234.5385787387601,237.0584259033203,21800700,48.6975328842602,-1.4508620432393684,-0.670497329240095,-0.7803647139992734,9.959669280987995,0.3917985442698031,237.79948973004065,236.07006055234027,1,0.7726425280335302,0.013820607615220748,0.0165377967523892,-0.039354657715403474,0.23360422695888466,0.24084468056588537,0.06,268.383,1.63,2.0,0.0
2021-05-21,238.1067469784597,238.83769101202844,235.38492078788627,235.79847717285156,21863100,47.07173016835295,-1.4046652331735174,-0.8173309100267795,-0.587334323146738,9.14034222285248,0.3579016338145448,237.60891710554645,236.05941022373287,1,0.7743045262767573,-0.005314929117864797,-0.009727405539450396,-0.05902282081207988,0.2245755154265558,0.23559812095591368,0.06,268.383,1.63,2.0,0.0
2021-05-24,238.31830198996036,241.55949482361876,238.04900607225056,241.1940155029297,21411500,54.133634149177226,-0.9220502561279602,-0.8382747792470157,-0.08377547688094455,7.965326387596929,0.6464725485259472,237.9503550481544,236.2607672935053,1,0.756103848408444,0.02288198971752875,0.02520216864150404,-0.038963673828818934,0.24207182343563718,0.2380885127914516,0.06,268.383,1.61,2.0,0.0
2021-05-25,242.1462057205954,243.08874153907664,241.2325219911625,242.09811401367188,17704300,55.211988625831395,-0.46130359512278574,-0.7628805424221697,0.301576947299384,6.423471059028775,0.7714861767240385,238.34537971153702,236.4896828511589,1,0.6402375463810864,0.0037484284544000435,0.037935054997439766,-0.03690772570823908,0.24261060423785058,0.2351399492196826,0.06,268.383,1.56,2.0,0.0
2021-05-26,241.819173240438,243.2714634355035,241.16517303578055,241.87689208984375,17771600,54.87203834648105,-0.11271005583580518,-0.6328464451048968,0.5201363892690917,6.1482412862112605,0.776820480881017,238.6817142237567,236.70094595855832,1,0.678405550743564,-0.0009137697116287091,0.0344275963707561,-0.00977874817031088,0.22096406513704053,0.233342993649962,0.06,268.383,1.58,2.0,0.0
2021-05-27,241.56909978446225,241.86724777869244,239.7224929737716,239.7801971435547,24426200,51.62748619811397,-0.005568730960675339,-0.5073909022760525,0.5018221713153772,5.958771643722719,0.6466351414219036,238.78633164468985,236.82170090698955,1,0.9621163392612019,-0.008668438428216074,0.011481436400595957,-0.010392860727945541,0.2212576405942036,0.2266137378293309,0.06,268.383,1.61,2.0,0.0
2021-05-28,241.4056131297948,242.444332270062,240.0206542761053,240.1360626220703,18270200,52.144698702075225,0.1068254931502679,-0.3845476231907885,0.4913731163410564,5.8099254277934556,0.682913007496608,238.91487745205941,236.9516758762084,1,0.7380633099494652,0.0014841320624261467,0.018395307303189723,-0.007627321978129764,0.2213480041380085,0.2263533142147868,0.06,268.383,1.58,2.0,0.0
2021-06-01,241.62680800038572,241.68451217113508,237.5200379764385,237.94320678710935,23213300,48.68993419006851,0.01873759081124149,-0.3038905803903825,0.322628171201624,5.601920476425758,0.5390092899492444,238.82233738873083,236.9905594413418,1,0.9310054954001792,-0.009131722287010757,-0.013477982482450357,-0.015440139665684582,0.2235353238664769,0.2236693790198046,0.08,270.654,1.62,2.0,0.0
2021-06-02,238.64532119633685,239.7417445032834,236.4428474366505,237.8470458984375,19406700,48.53806704268014,-0.058161635369060605,-0.25474479138611816,0.19658315601705756,5.602581132169105,0.5314826617609607,238.72945248489336,237.02414714554163,1,0.7997449941502779,-0.000404133784571048,-0.017559278115625077,0.00032716301407376136,0.21589423216131207,0.21998598518546186,0.08,270.654,1.59,2.0,0.0
2021-06-03,235.84656534581532,236.92374910031265,233.71142277848813,236.31784057617188,25307700,46.07679872197065,-0.23973539514554432,-0.2517429121380034,0.01200751699245911,5.607541061335728,0.4172876901995892,238.49977516025322,236.9964488487036,1,1.0356545534679165,-0.006429364369396451,-0.022982978926349817,-0.0007813832205647575,0.21629468825516696,0.21360562624744714,0.08,270.654,1.63,2.0,0.0
2021-06-04,238.2894353899083,242.0307405997001,238.0489915726324,241.20361328125,25281100,54.087327723105794,0.010486238427773742,-0.199297082024848,0.20978332045262174,5.722218806016527,0.772694291282581,238.7572835527291,237.16143568919563,1,1.0371337626913106,0.02067458255866761,0.005936337339997877,0.006563492473850019,0.22365050530423347,0.21685566363241857,0.08,270.654,1.56,2.0,0.0
2021-06-07,240.4245686519693,244.3774654468797,240.26106862341163,244.1081695556641,23079200,58.07475150542883,0.43811182236663626,-0.07181530114655114,0.5099271235131874,5.9737335924221995,0.9592128466934324,239.2668917434848,237.43385662513558,1,0.9545440539625601,0.01204192688037109,0.01654106796880872,0.0076688123207924175,0.22436963325901377,0.21448740328291444,0.08,270.654,1.57,2.0,0.0
2021-06-08,245.4065519898189,246.22406674150503,242.8578390246071,242.91555786132812,22455000,55.92699396422782,0.6730162692393264,0.07715101293062436,0.5958652563087021,6.273185990995067,0.8376402239522708,239.61438375470797,237.6488253010647,1,0.9420624265816412,-0.004885586977719014,0.02089721804357958,0.024165266187714973,0.21070229769632393,0.21436495915989748,0.08,270.654,1.53,2.0,0.0
2021-06-09,244.10818292342643,245.76243758892673,243.53112655730328,243.89659118652344,17937600,57.32509898413846,0.9276475823974408,0.24725032682398768,0.6803972555734532,6.600062233993308,0.8585485753741844,240.0222130339285,237.89383572794546,1,0.7781768962465511,0.0040385775774614,0.025434603424375313,0.03226898293327651,0.21005578050238802,0.21416716300476382,0.08,270.654,1.5,2.0,0.0
2021-06-10,244.56982463133653,247.61865044725548,243.97352866576068,247.4070587158203,24563600,61.973650429947014,1.3966108633353542,0.47712243412626104,0.9194884292090932,6.443392401680731,1.035043715184841,240.72553167029915,238.2669032960974,1,1.0944024351340802,0.014393261964912751,0.04692501468620214,0.07880312578781612,0.17862094071527101,0.2146468683409889,0.08,270.654,1.45,2.0,0.0
2021-06-11,248.12842639815597,248.6093140988236,246.80117164814428,248.0322723388672,18999700,62.75186227916682,1.79799103498749,0.7412961542985068,1.056694880688983,6.762509303486995,1.0010504424233233,241.4214117339723,238.64985894483348,1,0.8670305514447011,0.0025270646128372487,0.02831076601516247,0.06359509764765181,0.17197721781201686,0.21448207290264462,0.08,270.654,1.47,2.0,0.0
2021-06-14,248.04178192618917,250.0134384084047,246.98382349073756,249.9557342529297,19150500,65.11705323863774,2.245411310366819,1.0421191855121694,1.2032921248546498,7.620435646156635,1.0161946815704108,242.23420435482538,239.09322660397453,1,0.8834886510426277,0.007754885668404654,0.02395480949248685,0.04972821040524855,0.15988010215549917,0.20645530547077187,0.08,270.654,1.51,2.0,0.0
2021-06-15,249.84040565379067,250.05199743324715,247.8302984244831,248.4842987060547,18038900,61.87996852063802,2.452986054456119,1.3242925593009593,1.1286934951551595,7.846441263254043,0.887258890044744,242.82945143589484,239.461503941311,1,0.8457279810740416,-0.005886784519158361,0.022924595253407176,0.0561897291507063,0.15388677641034032,0.2069653474272332,0.08,270.654,1.51,2.0,0.0
2021-06-16,249.4845083385212,250.61939615458576,244.6948714270075,247.5417327880859,27220000,59.82823620848119,2.512471139081782,1.561928275257124,0.9505428638246582,7.538775199432159,0.8109899429350563,243.2782401361035,239.7783756607924,1,1.2554172152198813,-0.003793261477192167,0.014945438900270558,0.06127320769237343,0.150092928375472,0.20200963533473307,0.08,270.654,1.57,2.0,0.0
2021-06-17,246.2817930408126,251.74466936618765,246.2240888744288,250.9271545410156,27565500,64.3946159078848,2.8005062467676964,1.8096438695592385,0.9908623772084579,7.5364018469559815,0.9483197931372402,244.00670817466656,240.2155826757031,1,1.2660219020342327,0.013676165690525544,0.01422795228020779,0.07313258035249492,0.15471169886583483,0.20325578761756113,0.08,270.654,1.52,2.0,0.0
2021-06-18,249.70570296444276,252.2736263436552,248.85933608179369,249.51333618164065,37202200,61.26268160725668,2.881476946380417,2.0240104849234744,0.8574664614569425,7.572507993542605,0.8345234013811613,244.5311489372355,240.58020046024967,1,1.6502483321611496,-0.005634377682084857,0.005971254582347374,0.052539411880680564,0.15305311266073604,0.2026328838091724,0.08,270.654,1.45,2.0,0.0
2021-06-21,249.8884931676624,253.4470445611724,248.0611257654755,252.5910797119141,26696100,65.22749341063236,3.1575961869947378,2.2507276253377273,0.9068685616570105,7.672625448045997,0.9484804397869284,245.2987613919668,241.05121533286396,1,1.1716500889070003,0.012334986086807387,0.010543248655050741,0.07121590750033868,0.1537605437068551,0.2013296810633028,0.08,270.654,1.5,2.0,0.0
2021-06-22,252.67754029253888,255.63019671671424,252.36976523474544,255.36090087890625,24694100,68.36552717437738,3.558899318324478,2.5123619639350774,1.0465373543894008,8.523177062879052,1.0013204695171876,246.25706039072293,241.61237947192444,1,1.0760343236739447,0.010965633347587822,0.02767419192544751,0.05873647132760018,0.1393169074894163,0.199564893346599,0.08,270.654,1.48,2.0,0.0
2021-06-23,255.8226675539977,256.6305554888234,254.3223000534555,255.13018798828125,19518700,67.81654017813669,3.8143488992500636,2.772759350998075,1.0415895482519888,9.164510930573508,0.925792451438615,247.10212016191895,242.14248960982079,1,0.8471696594103402,-0.0009034777439730357,0.030655256044004542,0.0538297211760741,0.13989896545530303,0.19909053138888683,0.08,270.654,1.5,2.0,0.0
2021-06-24,255.98614034624336,257.61154309721616,255.32251298159505,256.4958801269531,21446900,69.38380277675536,4.079963198510313,3.0342001205005227,1.0457630780097906,9.803588996288978,0.9231440968607799,247.99676396811267,242.7053676693162,1,0.9234935406391586,0.005352922558637507,0.022192598469956692,0.06043978782263837,0.139563253110515,0.1961749802962848,0.08,270.654,1.49,2.0,0.0
2021-06-25,256.0534941839957,257.03449459793245,254.63968306773089,254.8897247314453,25611100,65.35297855026619,4.113443906283294,3.2500488776570773,0.8633950286262166,9.910024653673451,0.820852201563481,248.6532364217634,243.18318559332127,1,1.0999958982781572,-0.006261914985585149,0.02154749975324277,0.06301407609088194,0.13712514530360145,0.19463203528550543,0.08,270.654,1.54,2.0,0.0
2021-06-28,256.01495201827004,258.6213546854569,255.74565612665353,258.4482421875,19590000,69.57083691454241,4.376668714778901,3.4753728450814423,0.9012958696974591,10.29856514018974,0.9111071172209879,249.5860941137383,243.78181526368124,1,0.8390118675851683,0.013961007882149712,0.02318831877303884,0.07625751569954597,0.1421916161919369,0.18890505414466985,0.08,270.654,1.49,2.0,0.0
2021-06-29,258.5925577009788,261.2662922485271,257.7365928224437,261.0258483886719,19937800,72.20989209405926,4.738643418795959,3.728026959824346,1.0106164589716133,10.524999256184975,0.954692091578946,250.67559452087485,244.45805185681814,1,0.8599394784240927,0.009973394205954333,0.02218408335131916,0.09700903805257544,0.13529663311121462,0.18207400724989561,0.08,270.654,1.49,2.0,0.0
2021-06-30,260.3429572810892,260.9873302929651,259.2946257303389,260.544921875,21656500,70.97309335601472,4.929875691008789,3.968396706061235,0.9614789849475538,10.344664223199512,0.8981009309067307,251.61553045936296,245.08890950459,1,0.9295588689140216,-0.0018424478519681875,0.02122341510980852,0.09543055660340083,0.13610131194383404,0.1817293059826871,0.08,270.654,1.45,2.0,0.0
2021-07-01,259.3042477069135,261.4490173838746,259.29464991177207,261.21820068359375,16725300,71.70378081985308,5.077229476578907,4.19016326016477,0.8870662164141372,9.631412267398979,0.9018607763831709,252.53007048071828,245.72143072729602,1,0.7313687961032844,0.0025841179469110465,0.018410902172398602,0.10536809259390556,0.13005487120376305,0.18121173315257272,0.1,271.903,1.48,2.0,0.0
2021-07-02,262.3915341487316,267.3735229640247,262.0837590204918,267.0368957519531,26458000,77.07482671820475,5.598986841363882,4.471927976404593,1.127058864959289,10.231854321376561,1.0513793864628052,253.91167288750256,246.55733131649828,1,1.1539936935540045,0.02227522834600415,0.04765657396862988,0.10710155672743094,0.1326183015575092,0.18450409484930205,0.1,271.903,1.44,2.0,0.0
2021-07-06,267.4023914794495,268.69116688821424,263.8149589636492,267.0465393066406,31565600,77.08259083757922,5.944734270086599,4.766489235140994,1.178245034945605,10.790168255949325,0.9789795409000549,255.1626125464681,247.3608296690529,1,1.3517500151488193,3.6113192000364336e-05,0.03326893248088991,0.09396805437822886,0.13116121837764064,0.18364477942574833,0.1,271.903,1.37,2.0,0.0
2021-07-07,268.7200270839339,269.960725504487,266.5560325451121,269.2297668457031,23260000,78.83056638278296,6.322033349608404,5.077598058034476,1.2444352915739278,11.174567749879808,0.9905346602886348,256.5023415273476,248.2184350485294,1,0.9943610834602825,0.008175457149645293,0.0314295251128367,0.10832656918334083,0.12687941548444512,0.18414445894653242,0.1,271.903,1.33,2.0,0.0
2021-07-08,266.3155624280756,268.07562758256216,264.36315983308367,266.8157043457031,24618600,72.26694221890719,6.353017291118533,5.332681904651288,1.020335386467245,11.009780515119946,0.8695320857816927,257.48456655766716,248.94773972684993,1,1.0376231430937133,-0.00896655124090906,0.024067951221523387,0.09397061700485998,0.1364722617987107,0.18452512011190994,0.1,271.903,1.3,2.0,0.0
2021-07-09,265.1806538246266,267.42157707974224,264.79594962280595,267.3157958984375,23916700,72.77269628893772,6.344786744757812,5.535102872672593,0.8096838720852189,11.071695467723682,0.8486616330276984,258.420874113931,249.6680556551475,1,1.0094156188103036,0.0018742957951471961,0.023342918674451818,0.08046956010856987,0.13167969508890903,0.18267944898474633,0.1,271.903,1.37,2.0,0.0
2021-07-12,268.48923727475227,269.075906208845,266.00784018519494,266.7195739746094,18931700,71.10774458634859,6.218471186081388,5.671776535354352,0.5466946507270354,10.935475102833129,0.7975438966539495,259.2112264816147,250.33674264806757,1,0.7991360144127047,-0.002230402890424976,-0.00118830686842053,0.07534221841184907,0.1333959030698064,0.18055620403214523,0.1,271.903,1.38,2.0,0.0
2021-07-13,266.9118604799698,272.03813906947397,266.7868543506358,270.2396240234375,26120100,74.7768344177083,6.329441949576676,5.803309618198817,0.526132331377859,11.171788023962375,0.8766043568448797,260.2615500570264,251.11724780004286,1,1.0865858330882423,0.013197569253628139,0.011957034624329621,0.08114992773073415,0.1369117207767497,0.1820745043782437,0.1,271.903,1.42,2.0,0.0
2021-07-14,271.557233051648,272.8171562130653,269.8260200844515,271.71112060546875,23113700,76.14087269170486,6.461638805587427,5.93497545567654,0.526663349910887,11.168239363828679,0.8857056121480387,261.35198534735423,251.9248506551576,1,0.951477476728347,0.005445154785678863,0.009216491136315286,0.09347400226237346,0.13196751661090547,0.18129395089683356,0.1,271.903,1.37,2.0,0.0
2021-07-15,271.22067359330885,271.7111884591669,269.1336079777888,270.2877502441406,22604200,72.08030349108193,6.378029717449067,6.023586308031046,0.3544434094180211,10.594714264234147,0.8124369138407601,262.2030105756196,252.6449643645295,1,0.939428900108222,-0.005238542898635679,0.013012899322968341,0.09188760698999787,0.1332682201392895,0.18169584579284542,0.1,271.903,1.31,2.0,0.0
2021-07-16,271.28795247697474,273.2403550652202,268.77770380577266,270.0184020996094,26186800,71.30535653818737,6.218353460597939,6.062539738544425,0.15581372205351407,10.208017202321216,0.7774329459693387,262.9473335779043,253.32627564825813,1,1.0914484215097882,-0.0009965236836961822,0.010110162746232554,0.07608282807619848,0.12994389320525865,0.18108511984309686,0.1,271.903,1.31,2.0,0.0
2021-07-19,268.2679788683728,269.65293765611636,263.9592442852176,266.42138671875,32935600,61.756506385695616,5.735445155354341,5.9971208219064085,-0.2616756665520672,9.15959342842666,0.6240840769951735,263.2781957817944,253.8398094157284,1,1.385049018319447,-0.013321371257994596,-0.001117980399472862,0.06776411552126671,0.13986494099999375,0.18116701329272258,0.1,271.903,1.19,2.0,0.0
2021-07-20,267.4023681314722,270.2299896780536,265.70003652732663,268.64306640625,26259700,64.88440578739242,5.468965003464291,5.891489658217985,-0.42252465475369405,8.460199911054358,0.6974149546178573,263.7891358412664,254.42032929770966,1,1.1053199708471684,0.008338969010191821,-0.005907933090704143,0.06354930155349736,0.13717522202572097,0.1793936850615044,0.1,271.903,1.23,2.0,0.0
2021-07-21,268.23914676268924,270.75899355414396,266.69070249429734,270.6435852050781,24364300,67.46484687730995,5.357445415383268,5.784680809651042,-0.42723539426777446,8.096741825562347,0.7633064671453483,264.4419405425818,255.05653541172413,1,1.0262513497183046,0.007446753886448221,-0.003928935253042942,0.05984739352646251,0.13507941573410173,0.1798510410964311,0.1,271.903,1.3,2.0,0.0
2021-07-22,272.9903220968104,275.4717190297968,272.5863928711976,275.2024230957031,23384100,72.43575973335881,5.572686989610304,5.742282045642894,-0.16959505603259029,7.972914223131868,0.9340249048785375,265.4667484047838,255.84657022286058,1,0.9770106418248095,0.016844433564425998,0.018183113541487828,0.0786744809216533,0.14273529054178735,0.18261635857606595,0.1,271.903,1.27,2.0,0.0
2021-07-23,276.3854630976041,278.9053105976259,275.54872298053493,278.5975646972656,22768100,75.4447209796781,5.948654652851701,5.783556567084656,0.16509808576704543,8.245092427609482,1.0219463275957044,266.7173023374011,256.73876608460193,1,0.9486552200495033,0.012336888474204333,0.03177251080276888,0.0861677955972362,0.14581569041081946,0.1727047690557208,0.1,271.903,1.3,2.0,0.0
2021-07-26,277.95308263976796,278.616709994847,275.6833068492784,278.00115966796875,23176100,73.91824386991482,6.127848806582961,5.852415014984317,0.275433791598644,7.813465700271147,0.9648212113676491,267.7919554165028,257.5725854408124,1,0.9705785231950975,-0.0021407402822954946,0.04346412685496248,0.09067228959846818,0.14259987208935046,0.1716202544488782,0.1,271.903,1.29,2.0,0.0
2021-07-27,278.36664329219724,278.5109037300761,272.13435756738795,275.5871276855469,33604100,67.9273386990912,6.0058376998648555,5.8830995519604246,0.12273814790443094,7.371698755688977,0.826226626150047,268.53435277545935,258.27903807786083,1,1.3671679682334967,-0.00868353205902117,0.02584865253434776,0.06631457561089893,0.14510618961566799,0.17295162739465716,0.1,271.903,1.25,2.0,0.0
2021-07-28,277.943434405772,279.0590972753007,272.98067033830415,275.2793273925781,33566900,67.17970377213808,5.8172484880413435,5.8699293391766085,-0.052680851135264994,7.065656494965982,0.785932149539612,269.17673131042307,258.94571609020267,1,1.3288135512704367,-0.0011168892232149563,0.017128586971633997,0.054605622745386384,0.14361612915806757,0.17293899456722292,0.1,271.903,1.26,2.0,0.0
2021-07-29,275.29857402961915,277.5876041189694,275.1446864474467,275.54864501953125,18168300,67.51659289622017,5.624684004711014,5.82088027228349,-0.19619626757247577,6.5250790878374305,0.7815258024678164,269.78358023510003,259.5968113423332,1,0.7242292087005726,0.0009783430870167198,0.0012580627740610417,0.05758593580161775,0.14278967125979672,0.16863259171861827,0.1,271.903,1.28,2.0,0.0
2021-07-30,274.26941906367057,275.7024545749451,273.0575730414376,274.01934814453125,20944800,63.52884962633088,5.287720239939858,5.7142482658147635,-0.4265280258749051,5.765820323224189,0.6791223681892706,270.1869867026649,260.1624010208508,1,0.8279437743923578,-0.0055500068777024625,-0.01643308173820268,0.04900557245795878,0.1458502449582027,0.1686774876984712,0.1,271.903,1.24,2.0,0.0
2021-08-02,275.41397422948273,275.8083056438092,272.89412751695914,273.932861328125,16267400,63.30114542995628,4.956559137001932,5.562710440052197,-0.6061513030502654,5.639607027213197,0.6547377762600607,270.54373666699445,260.70241907211647,1,0.656265330097338,-0.0003156230280521033,-0.014634105644389162,0.02582401790117217,0.12618679913492117,0.16728489937731222,0.09,272.676,1.2,2.0,0.0
2021-08-03,274.50995786548094,276.25076905660643,273.14422383185655,276.14495849609375,17879000,66.59877183098072,4.817081019757438,5.413584555993246,-0.596503536235808,5.59604547851157,0.7711162440541642,271.0771863650039,261.30800885344894,1,0.741759187769748,0.008075326038810005,0.002024154085975116,0.034070537716295535,0.12832688187461497,0.16676017863383136,0.09,272.676,1.19,2.0,0.0
2021-08-04,275.27933499379344,276.59696249430243,273.76934068765456,275.5582580566406,16191300,64.93226764361467,4.606105468116539,5.252088738417905,-0.6459832703013664,5.616084479802712,0.7107860846282837,271.50395509754077,261.86684215553487,1,0.6817367945153857,-0.00212461035916911,0.0010132641150517596,0.02350591201367558,0.12662888537685515,0.1598126780242318,0.09,272.676,1.19,2.0,0.0
2021-08-05,275.9140236806902,278.5589049976431,275.1638403357417,278.4530944824219,13900200,69.04778318806406,4.619247124379115,5.125520415610147,-0.5062732912310324,5.606135677199006,0.8618837090377928,272.16577789610085,262.51728342325595,1,0.598781217752703,0.010505351740125457,0.010540605135927139,0.043615836501290195,0.1247266990469829,0.16007285681326355,0.09,272.676,1.23,2.0,0.0
2021-08-06,277.48180834700514,278.4339565262084,276.62581421943787,278.3954772949219,16589300,68.87452733938557,4.572306058067738,5.014877544101665,-0.44257148603392693,5.522795803460024,0.8261056362623311,272.75908260075045,263.13995769273305,1,0.7260791363364107,-0.00020691882633627756,0.015970146560900567,0.04144791129624803,0.12500275524872076,0.1451738539453895,0.09,272.676,1.31,1.0,0.0
2021-08-09,278.67435793533804,280.4055415160007,276.8085117411987,277.3086242675781,16117600,65.53404933959925,4.396722291020637,4.89124649348546,-0.49452420246482287,5.147815919461362,0.7345929881264137,273.1923722833055,263.6955916760603,1,0.7098050475886816,-0.0039039895256357537,0.012323322302721262,0.03970106181249666,0.12590096818797317,0.14312839941184183,0.09,272.676,1.33,1.0,0.0
2021-08-10,277.7606505008222,278.1934610570605,274.2982834551078,275.4908752441406,18616600,60.269119200083516,4.064045944130896,4.725806383614548,-0.6617604394836514,5.003547803514816,0.5895311884810261,273.4112773271945,264.15815181598504,1,0.8336324196256433,-0.006554967514041499,-0.0023686228259074404,0.01943183291376882,0.12208311585702125,0.13941593055046775,0.09,272.676,1.36,2.0,0.0
2021-08-11,276.23148694196493,277.62607292416914,274.9330843638876,275.9814453125,13955900,61.175648059207724,3.7962219633413383,4.539889499559906,-0.7436675362185676,4.9520176283694495,0.6107759321173092,273.65605523055694,264.62181038447585,1,0.6380127288017312,0.0017807125841269311,0.0015357451409507838,0.015716414909759502,0.12099384349719622,0.13612720503275602,0.09,272.676,1.35,2.0,0.0
2021-08-12,275.6736478943844,278.88597374560374,275.3947248502605,278.7320861816406,14561300,65.87695634896586,3.76255091424008,4.384421782495941,-0.6218708682558605,4.912313440096867,0.7839264462829743,274.13948674970777,265.1751545333843,1,0.6781570491997204,0.009966760142247955,0.0010019342745581916,0.031242022362732103,0.12292991392008462,0.1348680294937953,0.09,272.676,1.36,2.0,0.0
2021-08-13,278.41470593926334,281.70396081045175,278.2415640899501,281.6558837890625,18249000,70.03111601493717,3.9265298055449307,4.292843387105739,-0.3663135815608083,5.06156577804175,0.9429291131883761,274.8553340867892,265.8214576414501,1,0.8659082950493904,0.010489634141067405,0.011711420479315837,0.043098846593278006,0.12645026112132343,0.13572726147034003,0.09,272.676,1.29,1.0,0.0
2021-08-16,281.98291302988906,283.55061152329273,278.93407230117066,283.3390197753906,22507600,72.13423109149923,4.144523775641346,4.263179464812861,-0.11865568917151492,4.67308498872588,1.043120309053218,275.6633041523703,266.50842086238896,1,1.095069569388885,0.0059758594909689045,0.02174615204896657,0.06349953081844695,0.11288183947867757,0.13405347787097976,0.09,272.676,1.26,0.0,1.0
2021-08-17,281.21347728086533,282.21370240044297,279.953524710054,281.8770751953125,20075300,67.6907995116423,4.151463372313003,4.24083624631289,-0.08937287399988669,4.228388727515912,0.9174854012337028,276.25509187074573,267.1111131891703,1,0.9916490321254907,-0.005159700846134929,0.02318116687353955,0.049262424547557915,0.11472841949151538,0.1340125794382055,0.09,272.676,1.26,1.0,1.0
2021-08-18,281.4145875343293,284.09344038644264,279.7089674078397,280.1522521972656,21813000,62.77743520057744,3.9719975365584332,4.187068504361999,-0.21507096780356605,3.769226491703575,0.7571547446259644,276.62624999708095,267.622530405174,1,1.0843178548073886,-0.0061190609305554755,0.015112635126766971,0.03513353913406947,0.11694012189435861,0.12886465439075764,0.09,272.676,1.27,0.0,1.0
2021-08-19,278.1864940413031,286.64704708243323,278.13832497152845,285.9725036621094,29850500,70.54649132899425,4.25041903523902,4.199738610537404,0.050680424701615934,4.529746575986675,1.1329927320261093,277.5163693937503,268.34213719956364,1,1.460388065331335,0.020775315633534408,0.025976261217915297,0.03913512259541729,0.12407850107100427,0.13406528797635978,0.09,272.676,1.24,1.0,1.0
2021-08-20,288.8151504653693,294.7124789833826,287.21554348054167,293.28631591796875,40817600,77.0334888652156,5.0035557280033345,4.36050203403059,0.6430536939727443,6.58176704462901,1.2931267565962137,279.0182690627235,269.32034028655994,1,1.912495156398544,0.02557522895453257,0.04129305581138332,0.05272390387426551,0.14521210133436938,0.14150836093679195,0.09,272.676,1.26,0.0,1.0
2021-08-23,292.21673851879405,294.2885083597371,290.8676811391506,293.5657958984375,22830200,77.23977725355118,5.558894209630978,4.600180469150668,0.9587137404803103,8.018912252137552,1.1269186989486188,280.40374780898196,270.2711424674179,1,1.0705690120582154,0.0009529254019029487,0.03609377956892024,0.055987666558867666,0.1442926507879996,0.1394025965943414,0.09,272.676,1.25,0.0,1.0
2021-08-24,293.92232360780326,294.5294067686128,291.0122120736746,291.6096496582031,18175800,72.3419309578911,5.774593385934452,4.835063052507425,0.9395303334270269,8.715184966841367,0.9623201504036165,281.4709765565268,271.10794667097815,1,0.8843001905236384,-0.006663399713334184,0.03452772615916677,0.05813958767674521,0.14231841053671052,0.14087307715937636,0.09,272.676,1.29,0.0,1.0
2021-08-25,293.228511364618,293.50796840478165,289.4897037639269,291.0218505859375,20006100,70.887326228162,5.830891180567733,5.0342286781194865,0.7966625024482461,9.127614864649672,0.8866074725333604,282.38058360694686,271.88888407940794,1,1.006553685278207,-0.0020157051488336464,0.03879889704052131,0.05718745153321603,0.14268462320347117,0.13893040360545572,0.09,272.676,1.35,1.0,1.0
2021-08-26,290.0389651127222,291.42657543670686,288.07320832644916,288.2080993652344,17666100,64.2295212858648,5.584091450146616,5.144201232524913,0.439890217621703,9.171270303465063,0.7505089167408914,282.93558510773613,272.5288533063031,1,0.8899471203326024,-0.009668522191849105,0.007817519777238768,0.04594272036723601,0.14936888696420214,0.14129721183815247,0.09,272.676,1.34,1.0,1.0
2021-08-27,288.11173480081567,289.92333882072455,286.0303192932978,288.815185546875,22605700,64.99346426000665,5.375521995501401,5.190465385120211,0.18505661038119037,9.035003066804366,0.7484214262624048,283.4955470543208,273.16753300201185,1,1.1340400902488366,0.0021064161034256568,-0.015244933460667576,0.053995593751064996,0.14650266656072128,0.13988209707189686,0.09,272.676,1.31,1.0,1.0
2021-08-30,290.1642080093696,293.15142516677145,290.10639336951124,292.5443420410156,16348100,69.32695633153782,5.448335938027071,5.242039495701583,0.20629644232548827,9.066523404979726,0.8556601925042897,284.35733705305364,273.9274078662865,1,0.8199546489810065,0.012911912810538162,-0.003479471626780639,0.06794175997233576,0.15037707578875123,0.1367306547196508,0.09,272.676,1.29,0.0,1.0
2021-08-31,293.34417025857385,293.4212466452703,290.5303969246272,290.8965759277344,26285300,65.47036789779978,5.311848870421841,5.2560013706456346,0.05584749977620618,9.001893566959126,0.7640270562249238,284.98012170778514,274.59286543732367,1,1.291145427194302,-0.005632534547703627,-0.002445302243271219,0.05341983251108062,0.15247229119730404,0.13668037240964617,0.09,272.676,1.3,1.0,1.0
2021-09-01,291.85055818104365,294.08615577563324,290.5207625531025,290.848388671875,18983800,65.35586748421326,5.140536670315896,5.232908430579687,-0.09237176026379057,8.753000225329146,0.7382174920585295,285.53900427579373,275.23033693671783,1,0.9261406739764121,-0.00016565081835595574,-0.0005960442960322165,0.05548783303780169,0.151823073924787,0.13586560248880333,0.08,273.91,1.31,1.0,1.0
2021-09-02,291.20496087003505,292.3227302959744,289.2584364332611,290.1931457519531,16285600,63.72387088902088,4.895466005164337,5.165419945496617,-0.2699539403322797,8.618387455522683,0.6909533885254957,285.9822558449518,275.8171137530016,1,0.7899104720274802,-0.0022528676294683025,0.006887545461389699,0.04216168360905881,0.14990728804696024,0.13627237531412692,0.08,273.91,1.29,1.0,1.0
2021-09-03,290.03893618886394,291.59037412727884,289.33551492747904,290.1835021972656,14747900,63.69866021501155,4.6469010009803355,5.061716156593361,-0.4148151556130255,8.39727786287416,0.6706416210445678,286.3823745451722,276.3805015351296,1,0.7185352461272744,-3.3231504012687374e-05,0.004737689425158509,0.042342731343497864,0.1498736372569425,0.13430460119880647,0.08,273.91,1.33,1.0,1.0
2021-09-07,290.0582716965981,290.1353480932548,287.35051112759913,289.2584533691406,17180400,61.19757375490884,4.325407133909039,4.914454352056497,-0.5890472181474582,7.9379087914131,0.6132348183785775,286.6562868141216,276.8855192541104,1,0.8348879803713561,-0.003187806409118865,-0.011232104674970267,0.04309216539198579,0.14951423645268994,0.13483892960382748,0.08,273.91,1.38,1.0,1.0
2021-09-08,288.87291398187256,289.6727026291222,286.64696252160434,289.2872619628906,15046800,61.24860402239713,4.026530206971017,4.736869523039402,-0.7103393160683842,7.0931190008840375,0.593988327350595,286.9068558759091,277.3718621054351,1,0.7376026980921194,9.959464767383963e-05,-0.005532254753124133,0.0500792874047955,0.14621170471017506,0.13449716458249908,0.08,273.91,1.35,1.0,1.0
2021-09-09,289.8751463205612,291.1471272624396,286.1941239314484,286.4350280761719,19927000,53.71637648236366,3.5189523592104024,4.493286090273602,-0.9743337310631999,6.096321310290328,0.4168653172922294,286.8619198949818,277.72728037879733,1,0.9627428145165595,-0.009859521181007413,-0.015174093333837013,0.037877846287220684,0.15265949874730017,0.1358016976135593,0.08,273.91,1.3,2.0,1.0
2021-09-10,287.56250269932383,289.0079277198995,284.6330997569278,284.9510803222656,19633400,50.25368865699477,2.962797787471459,4.187188429713173,-1.2243906422417146,5.445008981919874,0.2926442803448799,286.67993517377073,278.0105666510902,1,0.9370764079008159,-0.00518074819226233,-0.018064056668548045,0.022311726740251503,0.15149908744640672,0.13610184019746388,0.08,273.91,1.35,2.0,1.0
2021-09-13,286.7240711170078,287.678071426656,283.3803207637957,286.1844482421875,23652900,52.96740407247025,2.591688395390861,3.868088422848711,-1.27640002745785,5.076517811293754,0.3465368079527606,286.6327459421914,278.33111102721165,1,1.1145485889495101,0.004328349689101119,-0.013781120996877338,0.0160783591388296,0.14801810391672507,0.13414480428793357,0.08,273.91,1.33,2.0,1.0
2021-09-14,288.66095649526324,290.42439115897747,287.2540846387654,288.8825988769531,21853400,58.32354959928256,2.4866353508601264,3.5917978084509943,-1.1051624575908678,4.806725039034774,0.5125326645346657,286.8470176502639,278.7448948644564,1,1.0313439671871272,0.00942801277755767,-0.0012993725431693637,0.0195651806304582,0.15008726412984197,0.13392934186965158,0.08,273.91,1.28,2.0,1.0
2021-09-15,292.2262836548295,294.21133084701,290.83867385348697,293.7295227050781,28356300,65.84770841581562,2.762640303960154,3.4259663075528266,-0.6633260035926725,4.5041336770964255,0.8398347555828136,287.502494322151,279.3325273287945,1,1.3125914357045998,0.016778178564467616,0.015355880905524755,0.04204828470549815,0.15801007136070505,0.13559097643643558,0.08,273.91,1.31,2.0,1.0
2021-09-16,292.70817930849984,294.20177323213824,289.81732959262365,294.11505126953125,19550800,66.36782091160279,2.97815483584435,3.3364040132111317,-0.3582491773667815,3.6748029844958383,0.8861918708175078,288.1322616504729,279.9122341499999,1,0.909754848550629,0.0013125291625528668,0.026812444151617543,0.04984003863168618,0.15506957934028426,0.13447602797929126,0.08,273.91,1.34,2.0,1.0
2021-09-17,293.1032859884223,293.4212665400656,288.6320906685241,288.959716796875,41372500,54.43054819490851,2.701814413309876,3.209486093230881,-0.507671679921005,3.465490197218884,0.3817429528217215,288.2110669025112,280.26703739105386,1,1.8749191356859571,-0.01752829190618954,0.014067805849606874,0.010445805441124278,0.1551885260056241,0.14047590197895338,0.08,273.91,1.37,2.0,1.0
2021-09-20,285.5485173899759,287.85157536698296,278.98629016221753,283.5923767089844,38278700,45.295872431389235,2.026354594759596,2.972859793536624,-0.9465051987770283,3.842117159470476,-0.04556556746044332,287.77119164598486,280.3974428545021,1,1.7447516652734312,-0.01857470012563589,-0.00905734587998841,-0.033052817955869895,0.1400352888650259,0.14662518827904905,0.08,273.91,1.31,2.0,1.0
2021-09-21,284.93175998192237,286.7144563554884,283.37070598587525,284.0741271972656,22364100,46.169104676555506,1.5124860625416545,2.6807850473376305,-1.168298984795976,3.9890285247306325,0.05656566457737523,287.41909026991635,280.54162655421834,1,1.0204446196586199,0.0016987427302237457,-0.01664507207557908,-0.03233233855505302,0.14024583706987998,0.1456849429445271,0.08,273.91,1.33,2.0,1.0
2021-09-22,285.934007352102,289.29702038208677,283.7947770017501,287.7166748046875,26626300,52.36120762498961,1.3832198015664972,2.421271998183404,-1.0380521966169067,3.938015395395813,0.3876869679010781,287.44743165418026,280.8230009954132,1,1.191943437714875,0.012822525033729715,-0.02047069645916344,-0.013349952095476292,0.14773513083572096,0.14530549775216645,0.08,273.91,1.32,2.0,1.0
2021-09-23,287.9768206871402,289.9522229123692,286.70483974436394,288.6609802246094,18604600,53.843491696066316,1.341508835137347,2.2053193655741925,-0.8638105304368455,3.8872527087745774,0.48077828643139836,287.56300770850686,281.1303727298915,1,0.8354677024503463,0.0032820670562903054,-0.018544005216256987,-0.008112347428809175,0.14828978605024395,0.14435124021663975,0.08,273.91,1.41,2.0,1.0
2021-09-24,287.3793723405542,288.8922279642704,286.1266531897196,288.4586181640625,14999000,53.459609672609325,1.277398610624914,2.019735214584337,-0.7423366039594228,3.883686467117985,0.4616084851981327,287.6483039423693,281.4177549037806,1,0.6776106578095543,-0.000701037114158698,-0.0017341470235615608,0.0008692288640739232,0.14418024534122614,0.14425112817662997,0.08,273.91,1.47,2.0,1.0
2021-09-27,285.36539716620223,285.6833776639269,282.28181268174734,283.4670715332031,23571700,44.94711086919375,0.8144264970993049,1.7786734710873304,-0.9642469739880255,4.2186090671016,0.07663042285497607,287.2500913319725,281.49812026179717,1,1.0625813952125527,-0.017304203502841453,-0.00044184959142901103,-0.01851742664965883,0.15665035018740778,0.1494761720642251,0.08,273.91,1.48,2.0,1.0
2021-09-28,279.2560390156346,280.20039373530875,272.4625547192188,273.20452880859375,43186200,33.231084827752966,-0.3762465328067037,1.3476894703085236,-1.7239360031152273,6.132046015376077,-0.31922550582625797,285.9124187106983,281.1728813812794,1,1.8357315634400104,-0.03620365028326511,-0.0382632466247933,-0.06610899769071721,0.19370298962437452,0.16283885399496245,0.08,273.91,1.54,2.0,1.0
2021-09-29,274.72706776293006,276.3362908365867,272.713112823429,273.6670837402344,26353700,34.06531426105019,-1.2679233390944091,0.8245669084279371,-2.0924902475223464,7.375175112244081,-0.120588886787174,284.7461963325589,280.87853637574824,1,1.120063513772828,0.0016930719767265234,-0.048831341019739294,-0.059228927437702805,0.19433415045473737,0.16285924084278428,0.08,273.91,1.55,2.0,1.0
2021-09-30,275.31486617919455,277.35772848518707,271.3736781629652,271.66278076171875,32343600,32.188600563875184,-2.1119686717758555,0.2372597923871786,-2.349228464163034,8.588592861921267,-0.07726764235305592,283.5001567543836,280.5171341948059,1,1.3366921873169304,-0.007323873047217155,-0.05888637754110093,-0.0659642915601667,0.19459184333495447,0.16281183640785787,0.08,273.91,1.52,2.0,1.0
2021-10-01,271.85554860617674,279.4295914359694,271.0557596552188,278.58160400390625,30086300,43.71584101159897,-2.1972608114312493,-0.24964432837650702,-1.9476164830547422,8.758146404913598,0.23293679142142532,283.03172315910007,280.44123105006474,1,1.208926988545726,0.02546842531313165,-0.03424066239733092,-0.040013149579942175,0.21947611476945456,0.1695166845626551,0.08,276.55,1.48,2.0,1.0
2021-10-04,276.94334020608034,277.2806118186714,270.05348900845405,272.8094177246094,31350700,37.923850324643304,-2.699504432456365,-0.7396163491924787,-1.9598880832638863,9.412531111472937,0.06755896109003057,282.0581702605771,280.1419442529881,1,1.2190690020422352,-0.020719911854682027,-0.03759750206946133,-0.05987275065984077,0.2292642330342148,0.17520400877999528,0.08,276.55,1.49,2.0,0.0
2021-10-05,273.71531146174215,279.8342833790181,273.71531146174215,278.25396728515625,24993000,45.287332007666656,-2.6279135217919247,-1.117275783712368,-1.5106377380795568,9.471661500811143,0.2924133915788061,281.69586521529897,280.0679059405241,1,0.9573092840959799,0.01995733727214266,0.018482264911867885,-0.038043783874972426,0.24317936062234627,0.17956856024769732,0.08,276.55,1.54,2.0,0.0
2021-10-06,275.382351437471,282.9467476472076,275.12218554145016,282.4456481933594,28002600,50.18643947837848,-2.207496940738963,-1.335320015117687,-0.8721769256212761,9.323554712603334,0.460389514557268,281.7672731179714,280.16115073475294,1,1.0466172360358716,0.01506422693304299,0.03207753133167324,-0.023649896380189994,0.25043747139604977,0.18015037435280692,0.08,276.55,1.53,2.0,0.0
2021-10-07,284.440325492257,285.8472268251137,283.2261886390808,284.1223449707031,20430500,52.03652052117136,-1.7192004811431048,-1.4120961083227705,-0.3071043728203342,9.281701259009678,0.5283384171159689,281.99156567537443,280.31649168518237,1,0.7628867480703788,0.005936351960345698,0.04586408257343466,-0.00807402335182883,0.24943480652531938,0.18020750326834625,0.08,276.55,1.58,2.0,0.0
2021-10-08,285.4424949358928,285.8472268251137,283.0720064625797,284.1223449707031,17685700,52.03652052117137,-1.31704000161767,-1.3930848869817505,0.0760448853640805,9.272551020950429,0.52994772587269,282.1944970368343,280.4657408336342,1,0.6628045510403014,0.0,0.019889112874514003,-0.0029083425499747406,0.2487927684507406,0.17978195646067466,0.08,276.55,1.61,2.0,0.0
2021-10-11,282.2625366597223,287.128787851861,282.09870892799114,283.5248718261719,19298600,51.249892606010036,-1.034609677318258,-1.321389845049052,0.28678016773079396,9.231451727409535,0.5123282166072719,282.3211993977236,280.5857067549102,1,0.7292007323520149,-0.0021028727768415134,0.039278167854085444,-0.009293224814805212,0.24830832218118684,0.17984443542276163,0.08,276.55,1.61,2.0,0.0
2021-10-12,284.5944565534147,284.690824072325,281.71325300359666,282.2239685058594,17974100,49.49545572403166,-0.9053176974810526,-1.2381754155354523,0.3328577180543997,9.059186636966482,0.4748039350396784,282.31193931278415,280.64995231377094,1,0.6841685555993293,-0.004588321694437014,0.014267545794359293,-0.02304960699252756,0.24590000933387177,0.17776222642999887,0.08,276.55,1.59,2.0,0.0
2021-10-13,284.18020883839904,286.4639757468963,282.8118601644448,285.5292663574219,23416300,53.82098919699171,-0.53003306759814,-1.09654694594799,0.56651387834985,8.41746495270038,0.6291071647770733,282.61835141227346,280.84129796254155,1,0.899780783071304,0.011711612833811724,0.01091756302066127,-0.02791771243195662,0.24170623347492137,0.1784817182327903,0.08,276.55,1.56,2.0,0.0
2021-10-14,288.32368317323034,292.2359637895139,286.9938877052562,291.7348937988281,27262900,60.63736016310702,0.2650694219960883,-0.8242236723591744,1.0892930943552628,8.11698599484625,0.9099164286668424,283.4865935443263,281.2684977992587,1,1.0322924355893996,0.021733770133524954,0.02679320709150823,-0.008092606823177917,0.25498708689470245,0.18291751729068118,0.08,276.55,1.52,2.0,0.0
2021-10-15,291.3398567409262,293.37310318030734,289.5860673662888,293.1418151855469,25384800,62.00661838673502,0.9972252789150389,-0.4599338821043318,1.4571591610193706,8.544050966972739,0.9387561284892579,284.4061384625378,281.73411808891706,1,0.9911806290112676,0.0048226023579096555,0.03174502243311328,0.014472946039089996,0.2471531524101917,0.18023011453255045,0.08,276.55,1.59,2.0,1.0
2021-10-18,292.52511657650416,296.9962825877865,291.6771292104213,296.1097717285156,22729300,64.78920898094827,1.796247338003866,-0.008697638082692248,1.8049449760865581,9.493825806319228,0.9811072716682413,285.5207702021547,282.29786921203856,1,0.9152787397516229,0.010124644077441403,0.044387287158565325,0.0441386865359088,0.23805012443125353,0.17970398848751037,0.08,276.55,1.59,2.0,1.0
2021-10-19,297.1311627256362,298.046580784232,296.04227134224186,297.0155334472656,17682100,65.61682418098755,2.4740462127115848,0.48785113207616315,1.9861950806354216,10.384256319992177,0.9476277015111285,286.61550955883195,282.8750325153808,1,0.7188108508034847,0.0030588714227925973,0.0524107325813441,0.04555644112219093,0.23806389952282028,0.17962939228360883,0.08,276.55,1.65,2.0,1.0
2021-10-20,297.95983967544254,298.4320317414315,294.9726227448066,296.225341796875,16537100,64.19912226870971,2.913855726907684,0.9730520510424674,1.9408036758652167,10.994605913979951,0.8832479647157521,287.5307316767408,283.39857405583155,1,0.6863393684238486,-0.0026604388033830695,0.03746052226416574,0.029573075658418047,0.235304783429422,0.17864064187047463,0.08,276.55,1.65,2.0,1.0
2021-10-21,295.99411129385413,299.70401151928974,295.2135548265935,299.4534912109375,16918100,67.30678071295486,3.482745690127217,1.4749907788594174,2.0077549112677997,11.863138872463551,0.9340943053674972,288.66623258475954,284.0281786501494,1,0.7046179943911607,0.010897613939715223,0.02645757355797107,0.03738818796336929,0.2376001342797304,0.17965467885386804,0.08,276.55,1.68,2.0,1.0
2021-10-22,299.1065265444657,299.77142421719265,296.6011180073885,297.9116516113281,17449300,64.43005560763824,3.7657720386622486,1.9331470308199838,1.8326250078422648,12.46744025547062,0.8557261488679164,289.546748682528,284.57262857019566,1,0.7230523730536369,-0.005148844962115651,0.01627142965858397,0.03277084771268357,0.23875659290707607,0.18015669475686033,0.08,276.55,1.66,2.0,1.0
2021-10-25,298.10438841823645,298.14294131253496,295.309906430058,296.9191589355469,17554500,62.576010837999505,3.865428342851999,2.319603293226387,1.5458250496256118,12.915384085457749,0.7974920250911742,290.2488829923393,285.056806231582,1,0.7365945828229895,-0.0033315000283241636,0.0027334025564456077,0.047455555700296026,0.22885609120524208,0.17985157923025058,0.08,276.55,1.64,2.0,1.0
2021-10-26,299.6846895652335,301.0337465950121,297.37201617029336,298.8270568847656,28107300,64.68009794545,4.051653165811842,2.6660132677434785,1.385639898068364,12.749531133243305,0.8171340093106525,291.0658519344751,285.59681606111866,1,1.2179248440886947,0.006425647829727543,0.006099086524111508,0.09378515132200804,0.17601284811987403,0.18011490083834442,0.08,276.55,1.63,2.0,1.0
2021-10-27,304.5028732340633,314.23540765875345,304.5028732340633,311.4120178222656,52588700,74.7604658923669,5.1553116270674195,3.1638729396082668,1.9914386874591528,13.859901699255442,1.0568040120898061,293.0035820190266,286.60917691449697,1,2.156178152524982,0.04211452961688478,0.05126730864169038,0.13792281324508449,0.21856637452766148,0.1973414876807727,0.08,276.55,1.54,2.0,0.0
2021-10-28,312.5296895645361,313.05005064705665,309.6677477215304,312.5489807128906,26297900,75.44236868740383,6.051949209046086,3.741488193495831,2.310461015550255,14.30760899664117,1.013811515199379,294.8650485612994,287.6264241222771,1,1.0917658917554298,0.003650992336698744,0.043731296800038066,0.15050350230727427,0.21275895346763357,0.19717997052248057,0.08,276.55,1.57,2.0,1.0
2021-10-29,312.33702609856846,319.9206833758431,312.115383713237,319.55450439453125,34766000,79.17565636708265,7.244320152903356,4.442054585377336,2.80226556752602,15.951888138762044,1.063613143643776,297.21642530732146,288.8785057015812,1,1.429436331472495,0.022414162623924705,0.0726485609614207,0.14707683422646411,0.20962635007682315,0.20072936206870728,0.08,276.55,1.55,1.0,1.0
2021-11-01,319.30400131110804,319.429276181663,314.49556360355314,317.38641357421875,27073200,75.35750583623333,7.923004443445734,5.138244556991015,2.7847598864547187,16.033933573966088,0.9636734436619566,299.1373765708355,289.9964628730572,1,1.123015148749772,-0.006784729335674533,0.06893207805130142,0.16339976904539322,0.1898411686001893,0.2015349517640064,0.08,278.919,1.58,1.0,1.0
2021-11-02,318.2922070795532,321.31797741681345,317.9934882764792,321.0096130371094,26487100,77.32539469186133,8.653476657366866,5.841290977066186,2.81218568030068,16.663263760772747,0.9729142398116065,301.22044671048064,291.21266484027495,1,1.0953091527048393,0.011415735859920062,0.07423208722661889,0.15365691339141585,0.18496128341217172,0.20198984957639907,0.08,278.919,1.56,1.0,1.0
2021-11-03,321.7515023539127,322.7151187307781,318.6197491291001,321.8478698730469,21500100,77.76774762522254,9.194038320059462,6.511840445664841,2.682197874394621,17.301030235991398,0.9306441851835685,303.1849632021536,292.4140454297954,1,0.901200393340705,0.002611313810844118,0.03351139793435132,0.13950373083005752,0.1832345477502945,0.2011140322972362,0.08,278.919,1.6,1.0,1.0
2021-11-04,320.7783004950608,324.2954947256181,317.52127212453837,324.1991271972656,23992200,79.00498520142135,9.700344613615982,7.14954127925507,2.5508033343609124,17.914940354475146,0.9195543997570443,305.186312154069,293.66051922459815,1,0.9982082577412814,0.007305492887512921,0.03727462638912549,0.1410546651327087,0.1832380155253892,0.20133480024385147,0.08,278.919,1.53,0.0,1.0
2021-11-05,326.1938496188393,326.4636610780947,322.2526614356384,323.8329772949219,22570100,78.27446340001038,9.95726955665856,7.711086934735769,2.2461826219227907,18.076512286606366,0.8702219239833167,306.9621850246264,294.84375287441475,1,0.9295955000692971,-0.0011293981742306336,0.01338886744374701,0.13976596007721054,0.18382064486241237,0.20091202772998498,0.08,278.919,1.45,0.0,1.0
2021-11-08,325.0279058404524,325.3651775717721,322.2719761541362,324.72918701171875,20897000,78.79138700183961,10.116583383383329,8.192186224465281,1.9243971589180475,17.871183952342797,0.8506362851114574,308.65428045196853,296.0157306837208,1,0.8578616760138436,0.002767506028209965,0.02313512212072988,0.14532874989115285,0.18158206332103857,0.20023184903476365,0.08,278.919,1.51,1.0,1.0
2021-11-09,324.8447590588509,326.39619698658385,322.3586413143152,323.72698974609375,21307400,76.59659404878995,10.046165848848489,8.562982149341924,1.483183699506565,17.0155543934473,0.8069992391653985,310.08977657521854,297.1024467253825,1,0.868765358657135,-0.0030862555806812075,0.008465094497560166,0.14705703934346293,0.1804033815006024,0.20039832958705237,0.08,278.919,1.46,1.0,1.0
2021-11-10,322.39719647909817,322.4550111195703,317.916385399046,318.76434326171875,25500900,66.69008001615987,9.48062856407654,8.746511432288846,0.7341171317876931,15.848991569268664,0.6926987220685616,310.91592578345666,297.95193286406237,1,1.0353467071046638,-0.01532972733681337,-0.009580696036746827,0.1163981448496898,0.19584626340248984,0.20310578056794792,0.08,278.919,1.56,1.0,1.0
2021-11-11,319.19811362108703,321.6264177403623,318.4850464907911,320.3351745605469,16849800,68.09661039932372,9.05481092532608,8.808171330896293,0.24663959442978722,15.163782138289312,0.7034678166307704,311.8129970955605,298.8297070482382,1,0.6988821278786975,0.004927876445510737,-0.011918454778465981,0.09803517292463715,0.18650593213600142,0.20246486917565465,0.08,278.919,1.56,2.0,1.0
2021-11-12,321.7707885371943,324.9603563428251,321.6455137049767,324.4689025878906,23831000,71.50634605396608,8.947760470647836,8.836089158846603,0.11167131180123313,14.616245649581344,0.7662733551582871,313.01832142816335,299.8351656968521,1,0.9916380086430754,0.012904383769327232,0.0019637447003724162,0.10686666241223541,0.18873714498804955,0.20007931559770334,0.08,278.919,1.58,1.0,1.0
2021-11-15,325.25910770260543,325.5867337696935,321.87680452226203,323.84259033203125,16723000,70.28073166325328,8.711958020268469,8.811262931130976,-0.09930491086250726,14.074199228162588,0.7297135026034658,314.0492041809127,300.7766333296042,1,0.7046710636095946,-0.001930268974512095,-0.0027302648334333046,0.0936572219201941,0.18933161268020715,0.19431920348959256,0.08,278.919,1.63,1.0,1.0
2021-11-16,323.4668027763442,328.27526945186895,323.30300442769504,327.157470703125,20886800,72.92574248848429,8.692365839229183,8.787483512750619,-0.09511767352143607,13.590481630370494,0.7789523672792631,315.2976105163615,301.81117597170305,1,0.8742218850550658,0.01023608527740305,0.010596833337009892,0.10148269656479436,0.1903102872489975,0.1950967361005885,0.08,278.919,1.63,1.0,1.0
2021-11-17,327.2056943460369,330.34317737832805,326.2982353582756,327.37945556640625,19053400,73.09840875367931,8.595665733899125,8.749119956980321,-0.15345422308119616,12.731988950923935,0.763177968600419,316.44826242588954,302.8138536028679,1,0.7933069333478782,0.0006785260406989568,0.027026587153802684,0.10517031925949794,0.1889288227016406,0.1943099024755566,0.08,278.919,1.6,1.0,1.0
2021-11-18,326.4719680391964,330.59415654864347,325.4486683273101,329.4549865722656,22463500,74.72167507787876,8.587516663422491,8.716799298268755,-0.12928263484626434,12.086040659144373,0.7908972496035985,317.68699805887775,303.8586039153933,1,0.9246156404455904,0.0063398327859898185,0.02846959290134099,0.1001874956942641,0.18775387550091427,0.19433797087305033,0.08,278.919,1.59,1.0,1.0
2021-11-19,330.77765366688135,333.15247904268057,330.3528843201797,331.2313537597656,21963400,76.0534852378223,8.624973131272156,8.698434064869437,-0.07346093359728023,10.998950375444448,0.8211206331245078,318.97693669705757,304.9320450857609,1,0.8957098023238766,0.005391835789106736,0.020841600282613282,0.11184423962010115,0.1840468456661596,0.19288552704437467,0.08,278.919,1.54,0.0,1.0
2021-11-22,332.6890561129603,337.5642399354129,327.7945753077866,328.06488037109375,31031100,69.06796908522014,8.303432906915361,8.619433833278622,-0.3160009263632606,8.954554617189931,0.728435905462577,319.84245514220385,305.8392150969504,1,1.2316619166210714,-0.009559703067749004,0.013038093706987164,0.10489630088945456,0.18922139518690587,0.19442791458557943,0.08,278.919,1.63,0.0,2.0
2021-11-23,325.3810641717133,327.6979979387171,322.01190001939966,325.9892578125,30427600,64.86235593135646,7.791311183364371,8.453809303295772,-0.6624981199314011,6.230367849832074,0.6562279053499965,320.4278649203273,306.62941285050135,1,1.2021725362309965,-0.0063268660645597885,-0.0035707969257565697,0.09089605610314178,0.19332404991235155,0.19388912635683386,0.08,278.919,1.67,0.0,2.0
2021-11-24,324.63782194134853,326.45274014228477,322.34987720586537,326.2113952636719,21661300,65.10723188838907,7.319006710210033,8.226848784678625,-0.9078420744685918,5.355221329834889,0.6514601940673861,320.97867733397914,307.3973337294492,1,0.9115120513513217,0.0006814256784486439,-0.0035679096011491662,0.0475234627902279,0.13564688796490668,0.19328295486283628,0.08,278.919,1.64,0.0,2.0
2021-11-26,322.77466242134005,326.230708290166,316.76033714457986,318.2663269042969,24217200,51.328916013083564,6.231765482230571,7.8278321241890145,-1.5960666419584433,4.622784274818232,0.12554508540220463,320.720358245438,307.8235687559138,1,1.0235457534951768,-0.024355581916300384,-0.03396111797966228,0.018292640655444226,0.16582871545446848,0.20077790649294577,0.08,278.919,1.48,0.0,2.0
2021-11-29,323.34421428483876,327.29261293135295,323.1511265991085,324.9757080078125,28563500,59.1842430003065,5.8441423234704075,7.431094164045294,-1.5869518405748861,4.460429435136429,0.5575456678552292,321.1256296513784,308.496201667753,1,1.2232772790383546,0.02108102722891303,-0.018886031412624682,0.01696487935149893,0.16366057634550574,0.20448569392654817,0.08,278.919,1.52,0.0,1.0
2021-11-30,323.7109686942329,326.0857933378842,317.600101703755,319.14471435546875,42885600,51.41734367091902,5.008698562163943,6.946615043669024,-1.9379164815050816,4.277830157666134,0.1332463373893249,320.93697105176796,308.91379040060457,1,1.7764927135199622,-0.017942860062031385,-0.027190249701628755,0.005539937143020923,0.17517257951836215,0.20852481729978742,0.08,278.919,1.43,0.0,1.0
2021-12-01,323.5276501773053,327.5339693788618,317.9863810414146,318.6524658203125,33337600,50.81112827097235,4.2578017314166345,6.408852381218547,-2.1510506498019124,4.457785972870206,0.12201131569709582,320.71939912496265,309.29569924059314,1,1.3616562428203098,-0.0015423991468898057,-0.022506238522765787,-0.007342917847523722,0.17027137035656173,0.20839074160009238,0.08,280.845,1.43,0.0,2.0
2021-12-02,318.8648101968354,321.94437289922337,316.4513616502016,318.0828552246094,30766000,50.07539562362881,3.5755312697047543,5.842188158915789,-2.266656889211035,4.714081445780114,0.11737983406151999,320.4682997058814,309.6402935929075,1,1.233283172495292,-0.0017875606085041573,-0.024918013769851033,-0.011698118896740328,0.16996702036158365,0.20848525671331264,0.08,280.845,1.44,0.0,2.0
2021-12-03,320.49639172899714,321.1818325163052,307.0196995951121,311.8273010253906,41779300,42.7537627637653,2.501223521477698,5.173995231428171,-2.6727717099504735,5.737454971318464,-0.11886093138568257,319.64534745059655,309.72605859025975,1,1.6171103827928521,-0.019666429977187816,-0.020231564996326057,-0.03816119518528838,0.18029549978382375,0.21179999491865084,0.08,280.845,1.35,0.0,2.0
2021-12-06,312.7346847030442,316.1135127790288,308.1780925192748,314.8971252441406,30032600,46.85994270325531,1.8759117074510527,4.514378526632748,-2.638466819181695,6.173314322698679,0.10047509270303735,319.19313581188646,309.92884551786295,1,1.145893188954897,0.009844629410752148,-0.031013341967792818,-0.027594015054999033,0.18505971649457126,0.2120297981183145,0.08,280.845,1.43,0.0,2.0
2021-12-07,320.1584165809555,324.17436868608456,318.6717241569849,323.3248596191406,31021900,56.15749103753475,2.0369150317042113,4.018885827647041,-1.9819707959428294,6.153631390067764,0.526931665574221,319.58663331733925,310.4541794041876,1,1.1612102423550388,0.026763452884703165,0.013097961757298382,-0.0043246109335021155,0.20953420045015386,0.217961832663548,0.08,280.845,1.48,0.0,2.0
2021-12-08,323.70142498514247,323.8848494624371,319.3475536468009,323.3731994628906,24761000,56.20482270469254,2.1437007002734845,3.6438488021723296,-1.5001481018988452,6.150572759776363,0.5302725591044176,319.9472586645346,310.9608076417838,1,0.9209000728024673,0.0001495085896177084,0.014814677898146611,-0.001092866194074893,0.20926017023356414,0.21745276092833626,0.08,280.845,1.52,0.0,2.0
2021-12-09,322.832576975175,324.84055346464856,320.62184956942644,321.56793212890625,22214200,53.86602687560846,2.058925118233276,3.326864065384519,-1.2679389471512432,6.053547244233041,0.4312211276632862,320.1016085182843,311.3767733079455,1,0.8312611863196012,-0.005582612711822921,0.010956506605286576,0.008795177147168154,0.20246017706091482,0.21577520952231846,0.08,280.845,1.49,0.0,2.0
2021-12-10,323.3827950413509,331.12512705634384,323.1993706024248,330.6810607910156,38095700,62.37705742908058,2.696015195170787,3.200694291341773,-0.5046790961709857,6.342443484139984,0.8534951789208152,321.10917540140156,312.13380418963453,1,1.3710499811324388,0.028339668703209586,0.06046218436816675,0.03229706586128667,0.22451799160918062,0.22247096825904786,0.08,280.845,1.48,0.0,2.0
2021-12-13,328.8854647941473,331.8878102110468,327.3408517779993,327.6497802734375,28899400,58.510383537248885,2.9226244711962863,3.1450803273126757,-0.2224558561163894,6.436345508780371,0.6949866973610295,321.7320901511193,312.74227383997976,1,1.0306782949088606,-0.009166779949015047,0.04049784519121835,0.009803336036757093,0.2235164554338956,0.21993952263958988,0.08,280.845,1.42,0.0,2.0
2021-12-14,321.68374322246143,323.0545950116288,312.88912106633165,316.9726867675781,44438700,47.37150545615021,2.2151271346098724,2.9590896887721154,-0.743962554162243,6.684340004463679,0.20969551995042596,321.27881363840106,312.9081723861601,1,1.5102367069623472,-0.03258690879312931,-0.01964641029781944,-0.021213712369980486,0.2534277804524605,0.22760141437557913,0.08,280.845,1.44,0.0,2.0
2021-12-15,317.23330918334995,323.5855221073149,313.26561400702604,323.064208984375,35381100,52.88270714908761,2.1215098866628637,2.791573728350265,-0.6700638416874014,6.5956032566815965,0.5011091129233245,321.4488512903986,313.30644833118816,1,1.173513969705508,0.019217814250549248,-0.0009555228418088868,-0.012511594829098027,0.2604913065292775,0.23030778349403655,0.08,280.845,1.47,0.0,2.0
2021-12-16,324.08757603047445,325.10124228323565,311.83690659632845,313.6518249511719,35034800,45.03513501290856,1.2731408391934451,2.487887150518901,-1.214746311325456,6.9497519494382685,0.11155013660524285,320.70627735332937,313.319992512364,1,1.1320254194229011,-0.02913471616925034,-0.024617215794269787,-0.041931863413615544,0.27988045515855015,0.23817990773398934,0.08,280.845,1.44,0.0,2.0
2021-12-17,309.7709825901244,313.67112406852533,306.2666502470529,312.5898742675781,47750300,44.23750469577317,0.5092414928928974,2.0921580189937004,-1.582916526100803,7.136429307248917,0.11118765798150679,319.9332865832578,313.2913604243332,1,1.4823248232901414,-0.0033857628080405933,-0.05470886805601127,-0.05119094562858639,0.2781035900133858,0.23835207329502556,0.08,280.845,1.41,0.0,2.0
2021-12-20,308.9696714904224,311.62446489459614,306.5755493846343,308.83453369140625,28326500,41.44223921571659,-0.3946297958165701,1.5948004560316464,-1.9894302518482165,7.38174993588344,0.011359987274932563,318.8762624983196,313.1165829053949,1,0.8707468229798591,-0.012013634750552726,-0.05742487166122667,-0.06761684790445066,0.27834546381634767,0.2399029178562778,0.08,280.845,1.43,1.0,2.0
2021-12-21,312.09749750257555,316.38378416236156,308.72830354629133,315.9590148925781,24740600,48.137595414310205,-0.5299591735345643,1.1698485301184043,-1.6998077036529686,7.145170453523443,0.33251997774743336,318.59842939301086,313.22805082646096,1,0.7679422610819312,0.023068926638530662,-0.003197978618717068,-0.0369008272535053,0.2923428312085917,0.24076336404404405,0.08,280.845,1.48,0.0,2.0
2021-12-22,316.9339558632916,322.0601166748808,314.47225087188497,321.6643371582031,24831500,52.79251037197924,-0.17482162008957403,0.9009145000768086,-1.0757361201663826,6.95062424287334,0.5943080062728433,318.89042060874345,313.5588855845685,1,0.7775165685879737,0.018057159304553316,-0.004333107126204716,-0.013267064943546236,0.29999502643246323,0.2290573570497714,0.08,280.845,1.46,0.0,2.0
2021-12-23,321.2299754438767,324.7439703834197,321.2106784630474,323.1028137207031,19617800,53.91561493571647,0.22016258910622355,0.7647641178826916,-0.5446015287764681,6.770535123612125,0.6705666660627281,319.29160090512056,313.93315727618165,1,0.6162382539968491,0.004471980248753837,0.030132101960518076,-0.009529346883961898,0.30052024718607895,0.22907452122897123,0.08,280.845,1.5,0.0,2.0
2021-12-27,323.8461853067577,330.62316796902155,323.817225101408,330.5942077636719,19947000,59.3407789707843,1.1247182596918037,0.8367549462445141,0.28796331344728965,7.398012271088639,0.9461787581448702,320.36803965355404,314.5865318051028,1,0.6308098777230695,0.02318579017217859,0.05759730233834115,0.038734480581987585,0.2971867764781706,0.23174855962566346,0.08,280.845,1.48,0.0,2.0
2021-12-28,331.2700063774219,331.90716045361296,328.53799505142064,329.435791015625,15661500,58.1998262837808,1.7281891070620077,1.0150417784080128,0.7131473286539949,7.718110030140983,0.8714879867677445,321.2316350213703,315.16885569571156,1,0.505598580585615,-0.003504044296126829,0.06670645629547356,0.013724358153272442,0.289042499809852,0.22759862465428937,0.08,280.845,1.49,0.0,2.0
2021-12-29,329.48402148531875,332.38016007251247,327.9201113620014,330.1115417480469,15042000,58.69869304441472,2.2352054805844546,1.2590745188433012,0.9761309617411533,8.145982463302529,0.8562492604483254,322.0773404239109,315.75484338403845,1,0.5084509434584095,0.0020512365409313116,0.04479228693721682,0.034363180398353954,0.2803918090072563,0.22217180113442436,0.08,280.845,1.55,0.0,2.0
2021-12-30,330.0729001077908,331.25066424671456,327.0898810628788,327.57257080078125,15994500,55.994677887267585,2.4044291109916003,1.4881454372729612,0.9162836737186391,8.310236606491046,0.7369113792232915,322.6006956978986,316.2182836748911,1,0.5569732303228561,-0.007691251671543942,0.01836769874700872,0.027993208706248662,0.2821881231237026,0.22054317229870035,0.08,280.845,1.52,0.0,2.0
2021-12-31,326.79066689386144,327.61121600779853,324.22275355126135,324.6764831542969,18000800,52.995786839308906,2.2785838910953657,1.6462331280374423,0.6323507630579235,8.299686152425673,0.6161084354147601,322.7983897413651,316.5499777721227,1,0.6410870073109163,-0.008841056622673316,0.004870491270169142,0.0207292779896342,0.2843588268642292,0.22030545068644233,0.08,280.845,1.52,0.0,2.0
2022-01-03,323.7399695838111,326.2982189585862,318.36279955576714,323.1607360839844,28865100,51.44290246190215,2.0331061446435683,1.7236077313586675,0.3094984132849008,7.811029594325368,0.540397242063228,322.8328989168526,316.8092231961173,1,1.0522093038091194,-0.004668484318872457,-0.02248518426856827,0.036345230264719364,0.2745028564678856,0.22063691261970736,0.08,282.543,1.63,0.0,2.0
2022-01-04,323.2380239826921,323.5952391659229,314.82957629356036,317.6195373535156,32674300,46.12219462495835,1.3755780269627849,1.654001790479491,-0.27842376351670617,7.646155432478027,0.3108594392748488,322.3363882917729,316.8410002218976,1,1.185357411508498,-0.01714688113913898,-0.035868153929725644,0.008645401596677926,0.28078907989491414,0.2241741489033869,0.08,282.543,1.66,0.0,2.0
2022-01-05,314.5785047925629,314.78125567055275,305.0405814422899,305.4267272949219,40054300,37.04320921111677,-0.12790124970581473,1.29762118244243,-1.4255224321482447,8.91429916950293,-0.05703762971617833,320.7259443873109,316.3933816757417,1,1.4296654246034175,-0.03838809841544144,-0.07477719295245167,-0.055356499173313756,0.2963306687894549,0.2393111489002747,0.08,282.543,1.71,0.0,2.0
2022-01-06,302.30859850808565,307.6664726573991,300.7060649286775,303.0133361816406,39646100,35.55146803571549,-1.4969045182440937,0.7387160423051253,-2.235620560549219,10.21550073752509,-0.030266750687306568,319.0390293201042,315.86867400930635,1,1.378476475453925,-0.007901702430091695,-0.0749734159948231,-0.062960886415655,0.29663523948320003,0.2397557612089358,0.08,282.543,1.73,0.0,2.0
2022-01-07,303.27396324795524,305.5426109592931,299.35452484498177,303.16778564453125,32720000,35.729844520033495,-2.540105930819891,0.08295164768012211,-2.623057578500013,11.256551572173915,0.047268754281013396,317.52748230338295,315.37059995578574,1,1.1172535776358068,0.0005097117666070794,-0.06624655195474682,-0.05722009145177753,0.2967866260459221,0.23876499247207592,0.08,282.543,1.76,0.0,2.0
2022-01-10,298.77525819873097,303.82420301804177,294.14144890781034,303.3897705078125,44289500,36.00400132758328,-3.310773704504186,-0.5957934227567395,-2.7149802817474464,11.63033607326169,0.10282573328245811,316.1810335609477,314.90076350684564,1,1.4964797358002608,0.0007322178469895135,-0.06117997444786649,-0.08253055139571697,0.2740687039819239,0.23491065576522885,0.08,282.543,1.78,0.0,2.0
2022-01-11,302.5306735629834,305.6488309169334,299.16150807736625,304.0752868652344,29386800,36.89916801679015,-3.82215856187554,-1.2410664505804996,-2.5810921112950402,11.933085196771547,0.16075956151534396,315.0281053042131,314.4762350110962,1,0.9921215820576256,0.0022595236361280246,-0.04264300175340374,-0.07195027992550218,0.2743704545442805,0.23477583584175762,0.08,282.543,1.75,0.0,2.0
2022-01-12,308.60292838169426,312.2134388767863,306.1025691405683,307.2513732910156,34372200,41.015834686445,-3.9258958314132997,-1.7780323267470597,-2.14786350466624,12.243510186474312,0.2633827210466634,314.2874641600991,314.19290710050484,1,1.1804923165584447,0.010445065952330745,0.0059740875078422295,-0.030669246538868822,0.25535838963876856,0.234831332667677,0.08,282.543,1.74,0.0,2.0
2022-01-13,309.3752235502706,309.77103274969136,293.47541923124135,294.2477111816406,45366000,31.853177677119305,-4.999761087423906,-2.422378078882429,-2.5773830085414766,13.564778944898045,0.014825480373083679,312.37891625738877,313.410742554667,-1,1.5318029935089317,-0.042322551629601635,-0.02892818220629556,-0.08919743196971741,0.28294826722995475,0.2513646494859039,0.08,282.543,1.7,1.0,2.0
2022-01-14,293.71673416868725,300.05928501415605,293.2340443836935,299.46075439453125,39846400,37.847483865023555,-5.36827587686065,-3.011557638478074,-2.3567182383825767,14.261104209128602,0.16962069000928637,311.1486151275928,312.863684195446,-1,1.3345900043742334,0.017716512362852654,-0.012227655527842107,-0.04524466120625903,0.27734819056474974,0.2539073871980854,0.08,282.543,1.78,0.0,2.0
2022-01-18,293.54290976278105,299.0745146536486,291.2935593504582,292.17205810546875,42333200,33.421026274625405,-6.177255818972924,-3.644697274577044,-2.53255854439588,15.575052926772742,0.0680371015500716,309.3413239826286,312.052247878192,-1,1.4308618609498711,-0.02433940401906498,-0.036974590091048865,-0.06531822634994133,0.28847520778617686,0.25792582356663507,0.08,282.543,1.87,1.0,2.0
2022-01-19,295.6861584231921,303.04234706972517,292.2204488137044,292.82861328125,45933900,34.1679270058014,-6.68830116336926,-4.253418052335488,-2.4348831110337725,16.593548627286765,0.12161165299618708,307.76868486821155,311.2983798547825,-1,1.5077015739586608,0.002247152517042661,-0.03698647693447343,-0.05182684792028369,0.2872194613878254,0.2577896155543681,0.08,282.543,1.83,1.0,2.0
2022-01-20,298.3698641905101,300.8605304633222,290.71441143988926,291.1584777832031,35380700,33.14918593168822,-7.1457030408644755,-4.831875050041286,-2.3138279908231896,17.647065324030258,0.13495173010173117,306.18676038392505,310.5085797735441,-1,1.1413799132723277,-0.005703457320418215,-0.052376968523977885,-0.07849289287664996,0.27106619249682407,0.25795622819772707,0.08,282.543,1.83,0.0,2.0
2022-01-21,292.2107112599279,293.58153359567393,285.37580818130317,285.7812805175781,57984400,30.043324211402748,-7.851584031135758,-5.435816846260181,-2.415767184875577,18.82925577759197,0.09438644853461439,304.24338134903485,309.53888176350625,-1,1.775621960247521,-0.018468283343715197,-0.028773140256768692,-0.11155435183657536,0.2626618417927345,0.26026110734215896,0.08,282.543,1.75,0.0,2.0
2022-01-24,282.08391143196826,286.8238990150419,266.4930083993814,286.1095275878906,85731500,30.471577980898104,-8.288963000455794,-6.006446077099304,-2.28251692335649,19.573046443476912,0.14363173120006784,302.5163476574973,308.62008356054093,-1,2.3839794268928083,0.0011485954213585892,-0.04458422885374402,-0.11449385323146788,0.2611847337019998,0.2451606970435481,0.08,282.543,1.75,0.0,2.0
2022-01-25,281.4275105232843,284.777379629548,275.29737232219435,278.5024108886719,72848600,26.433049075331624,-9.14401323447089,-6.633959508573621,-2.5100537258972686,20.125105901269606,0.06893718445420574,300.2293060604663,307.43899835772254,-1,1.886947280244124,-0.02658812785212794,-0.04678629197273332,-0.1575702043522743,0.24736432544782486,0.2504257007161502,0.08,282.543,1.78,1.0,2.0
2022-01-26,297.32719208033615,297.81954500203807,282.8851245004796,286.4377136230469,90428900,35.966757192154276,-9.076703504709542,-7.122508307800806,-1.9541951969087359,19.503263762840774,0.22280443604786448,298.91582106642636,306.61541856420587,-1,2.1355292341756846,0.02849276136983625,-0.021824710319769625,-0.1305203580340144,0.27931925333658325,0.2531410655631829,0.08,282.543,1.85,0.0,2.0
2022-01-27,292.18178912511314,296.6611350858043,287.6155330759337,289.45941162109375,53481300,39.197997220292145,-8.679482611124001,-7.433903168465446,-1.2455794426585554,18.112515916712894,0.29228015714620986,298.0152106430613,305.94263397820146,-1,1.2081548469879035,0.010549232361292571,-0.005835537316466244,-0.12314664889233196,0.2845054594544452,0.25416725667267404,0.08,282.543,1.81,0.0,2.0
2022-01-28,289.8359242315118,297.8003058303216,284.2560313928482,297.5879211425781,49743700,46.95279964805644,-7.620930067585277,-7.471308548289413,-0.14962151929586476,16.25153530182457,0.465285181072284,297.97451640492005,305.61499818072605,-1,1.0824581810854395,0.028081690196084308,0.041313554910304084,-0.09153589870147827,0.3093000899539763,0.2598498337282988,0.08,282.543,1.78,0.0,2.0
2022-01-31,298.254025795733,301.5652706042171,295.76333004152133,300.2137451171875,46444500,49.20652083743149,-6.49526413871763,-7.276099666375057,0.7808355276574268,14.33769066674338,0.5505578431099616,298.18777628227883,305.4031843350971,-1,0.9803263511900503,0.008823691380105858,0.04929656711611674,-0.07534496431478188,0.3125484168655761,0.26055024894663015,0.08,282.543,1.79,0.0,2.0
2022-02-01,299.66342677802413,299.8758114270801,294.56622466172195,298.070556640625,40950400,47.43511875279368,-5.710278641140121,-6.96293546132807,1.2526568201879487,12.132705895418722,0.5353198226408613,298.1766125068832,305.1156303078629,-1,0.8534741006487278,-0.007138875256114341,0.07026203360148031,-0.07763993778266065,0.312753258617852,0.2602334167740316,0.08,284.5,1.81,0.0,2.0
2022-02-02,298.9105188969068,304.2104439810958,298.18648412754544,302.60791015625,36636000,51.42223550196888,-4.6682329863370455,-6.5039949663298655,1.83576197999282,10.508671808770266,0.7108530587840998,298.59864085444195,305.017288341133,-1,0.7604155510335225,0.015222414339620682,0.056452749635067745,-0.04726292129994969,0.315676106468631,0.26242395642936067,0.08,284.5,1.78,0.0,2.0
2022-02-03,298.77533651263883,300.4551171262544,289.57526968626684,290.82061767578125,43730000,42.420347372828566,-4.738913050259896,-6.150978583115872,1.4120655328559764,10.21953264581102,0.3509880554759574,297.8578767421886,304.460556158178,-1,0.9042091421478596,-0.03895236074424635,0.004702580051082705,-0.04782197598914417,0.3165873125789495,0.2739295791204724,0.08,284.5,1.82,1.0,2.0
2022-02-04,289.8166602825681,298.10926919415215,289.5849785590855,295.3482971191406,35096500,46.30842641958256,-4.379102055854389,-5.796603277663576,1.4175012218091867,9.9495676743429,0.5140991650262818,297.61886915904114,304.10321266645104,-1,0.7291230071117357,0.015568632924117587,-0.00752592381719841,-0.025296045247015786,0.32204867926792907,0.27619306538559174,0.08,284.5,1.93,1.0,2.0
2022-02-07,295.5702886097434,297.18245606272853,289.5173395906922,290.531005859375,28533300,42.982805660079975,-4.431579900835914,-5.523598602298043,1.0920187014621296,9.706288182393902,0.36796424322437615,296.9438345590729,303.570969262252,-1,0.5953629656121149,-0.01631054354047068,-0.0322528179182231,-0.04168246226521266,0.3263923951965173,0.2764150478189615,0.08,284.5,1.92,1.0,2.0
2022-02-08,290.82058728101566,294.98137075377906,289.5656056597399,294.0159912109375,32421200,46.0038574417322,-4.144188157026292,-5.247716513243693,1.1035283562174012,9.298500983305827,0.5066597225367451,296.66499233544096,303.1962642406318,-1,0.6849673506403373,0.011995226950920701,-0.013602703585969933,-0.03089682055260201,0.33009022470162364,0.2774858088137009,0.08,284.5,1.96,1.0,2.0
2022-02-09,299.1421250545375,301.1308043619736,296.7480028768317,300.43572998046875,31284700,51.13967684613587,-3.359680556676949,-4.870109321930345,1.5104287652533959,8.990037485553263,0.7569629215151302,297.02411020639596,303.08800799513523,-1,0.659633878075044,0.02183465852687405,-0.007178200248168176,-0.011969262356985477,0.3400542793008262,0.27998314499592647,0.08,284.5,1.94,1.0,2.0
2022-02-10,293.5140327543915,298.4181483420068,290.2896683057425,291.9114990234375,45386200,45.0169409859403,-3.3867465238396335,-4.573436762312203,1.1866902384725693,7.948726847377848,0.45818143776275644,296.537194855638,302.6497135256569,-1,0.9459780270444392,-0.028372893455733128,0.003751045425783417,-0.049926137361960055,0.3514963762871715,0.28560052162659966,0.08,284.5,2.03,1.0,2.0
2022-02-11,292.69342951887205,293.7553529211515,284.03397373558494,284.8255920410156,39175600,40.65911043141955,-3.9346141887461386,-4.44567224759899,0.5110580588528517,8.299049827564149,0.18730447439278144,295.42180411138827,301.9507283693965,-1,0.821833263231208,-0.024274161881690515,-0.035628121715156724,-0.03202104479517487,0.3283183764139684,0.2882779773370666,0.08,284.5,1.92,2.0,2.0
2022-02-14,283.599498987924,286.4860034605709,281.263297311286,284.78692626953125,36359500,40.635993980207076,-4.322100777623291,-4.420957953603851,0.09885717598055965,8.30719020714874,0.21550910260452583,294.40895860264,301.2776380909704,-1,0.7655565557945437,-0.00013575244839236777,-0.01977096927349653,-0.049000838706455774,0.32051710448797854,0.28824676764626217,0.08,284.5,1.98,2.0,2.0
2022-02-15,289.62346914706194,290.3860976240517,286.73696484782573,290.0675354003906,27058300,45.21690523681487,-4.155187253881593,-4.367803813659399,0.21261655977780602,8.322281773750998,0.43787514973210795,293.9954897262353,300.8380262207516,-1,0.5790291813947477,0.018542315828998568,-0.013429391354819575,-0.00720302522672589,0.3174818509822066,0.29083701738213547,0.08,284.5,2.05,2.0,2.0
2022-02-16,288.63592551544133,291.05436512263174,284.09893045059476,289.72906494140625,29982100,44.977328982633914,-4.004062481252163,-4.2950555471779515,0.29099306592578866,8.334373160476554,0.43037741563298565,293.58916355625155,300.40238068038514,-1,0.6527373534464534,-0.0011668677727659782,-0.03563712292062782,-0.01058485475552473,0.3173413676658835,0.290425195258756,0.08,284.5,2.03,1.0,2.0
2022-02-17,286.6914169855192,287.1170646088115,280.53892237568306,281.2451171875,32461600,39.34946416803187,-4.516811696953766,-4.339406777133115,-0.17740491982065176,8.888953378879203,0.12570667076408484,292.41354009256094,299.65111544537007,-1,0.7089711110696145,-0.02928234954826503,-0.03653977959628474,-0.03404798881756976,0.3335651357039592,0.2954878771401887,0.08,284.5,1.97,2.0,2.0
2022-02-18,283.489365073195,284.2729368294198,276.96926395825363,278.5364074707031,34264000,37.72636834440632,-5.0831440604877685,-4.488154233804045,-0.5949898266837232,9.539240195180552,0.06613057755504038,291.09190841428875,298.8230876816576,-1,0.768235704687092,-0.00963113508915081,-0.02208082681491219,-0.025351111289563244,0.32902540075016895,0.2957486298399422,0.08,284.5,1.92,2.0,2.0
2022-02-22,275.70205013593005,282.02869492098785,275.21836232867406,278.33331298828125,41736100,37.60113308712474,-5.485125454327431,-4.687548477908723,-0.797576976418708,10.162607221290038,0.09849589981843306,289.8768040880023,298.0195671054468,-1,0.9843158642606771,-0.0007291487826173171,-0.02266119925442822,-0.02717915291101436,0.328908830658247,0.29569546303443073,0.08,284.5,1.94,2.0,2.0
2022-02-23,280.713006702901,282.183436310848,270.9618749583115,271.1263122558594,37811200,33.368077929614074,-6.3124770269667465,-5.012534187720328,-1.2999428392464187,11.174293757794143,-0.07678008095107211,288.09104296113156,296.96492966036493,-1,0.9301818692618106,-0.025893417697813725,-0.06529935560829303,-0.026484864562845822,0.3281821496722109,0.2962142339463623,0.08,284.5,1.99,2.0,2.0
2022-02-24,263.61957404294975,285.5306287899003,262.6618519792794,284.9792175292969,56989700,45.96111204942224,-5.783674823866193,-5.1667623149495014,-0.6169125089166911,11.227477287801689,0.3539054191641394,287.79467863429016,296.4949017336564,-1,1.4621255784938385,0.051093916920776916,-0.01639410051273238,-0.005091843791454775,0.36142802097743554,0.3115950813008388,0.08,284.5,1.96,1.0,2.0
2022-02-25,285.5112545529005,287.92001039879176,282.135093565402,287.6104431152344,32546700,47.97244227937733,-5.093561941944927,-5.152122240348587,0.05856029840365995,11.249107958974061,0.437734695979168,287.7771323943801,296.14649159175747,-1,0.8580599840788029,0.009233043759294457,0.022632662893453004,-0.006387660693098152,0.3609432058591709,0.3106597140302234,0.08,284.5,1.97,1.0,2.0
2022-02-28,284.7083218045915,289.38076267083534,283.44106207991604,289.04217529296875,34627500,49.08296755459919,-4.38061666766373,-4.997821125811615,0.617204458147885,10.979909205363725,0.4946560700237676,287.89761267043616,295.8678909525893,-1,0.9314789028199378,0.004978025701106947,0.03771775444964276,-0.028716709390617323,0.346263668641749,0.31096301994096726,0.08,284.5,1.83,0.0,2.0
2022-03-01,286.7301305623066,290.1836686434819,282.6187841386107,285.32745361328125,31217800,46.32037850909134,-4.0684508270177275,-4.811947066052838,0.7434962390351103,10.484753028728694,0.39617810727729447,287.6528356173738,295.45454046869486,-1,0.8573157918152153,-0.012851832698540622,0.025128650788899476,-0.04958564271631016,0.34632623699429643,0.3118258522076885,0.2,287.674,1.72,0.0,2.0
2022-03-02,285.7240737108103,291.63475461259384,284.118256021791,290.3965148925781,31873000,50.42117003044798,-3.3731427777128715,-4.524186208384845,1.1510434306719732,10.07018589268622,0.5797177686092692,287.9141384054885,295.2561865245334,-1,0.8863570317203636,0.017765767769992502,0.07107463114289558,-0.025745722202610066,0.3530412306301144,0.312017078228907,0.2,287.674,1.86,0.0,2.0
2022-03-03,293.0084173965025,293.2405780996094,284.4567908872236,286.26580810546875,27314500,47.2532689340086,-3.1194604568278237,-4.2432410580734405,1.1237806012456169,8.975644876982235,0.4611797507264861,287.75715456739135,294.90362266496226,-1,0.7695639832391729,-0.014224367632777457,0.004514682113756718,-0.05400421305029035,0.35034316942410604,0.3123066377912772,0.2,287.674,1.86,0.0,2.0
2022-03-04,284.6889691786735,286.0142690066233,277.80125973691753,280.4034729003906,32356500,43.113266588981645,-3.352807766433216,-4.065154399745396,0.7123466333121797,9.147757827508194,0.2582072931226933,287.0568039324389,294.3349893408614,-1,0.9264619983507422,-0.020478642712783435,-0.02505809641952461,-0.03581982893318825,0.329610867958998,0.3091720947687902,0.2,287.674,1.74,0.0,2.0
2022-03-07,279.1168784545169,280.2390376841762,269.4431225318955,269.81072998046875,43157200,36.83361508576828,-4.342426230346518,-4.1206087658656205,-0.2218174644808979,10.10548025317564,-0.04278554443250511,285.41432069891795,293.3732536796695,-1,1.2216202889308105,-0.037776789318457515,-0.06653508365347482,-0.08646593661709945,0.3472823730933469,0.3178535250548783,0.2,287.674,1.78,1.0,2.0
2022-03-08,268.736920057862,274.69595707889357,261.1914024621827,266.8505554199219,48159500,35.2868270810426,-5.304421274078948,-4.357371267508286,-0.9470500065706613,11.48804305396069,-0.03383611651689374,283.6463430532993,292.3331478655618,-1,1.3263738377755796,-0.010971300365857029,-0.0647568187336156,-0.08150748099813865,0.34534357848790187,0.3182367499762108,0.2,287.674,1.86,2.0,2.0
2022-03-09,274.19297192414876,280.1520098038728,271.6197490086795,279.087890625,35204500,45.47974538202869,-5.021474169201213,-4.490191847846872,-0.5312823213543405,11.172602414754335,0.35950478146476084,283.2122047267946,291.81372601299074,-1,0.9658746866452793,0.04585838386516072,-0.03894201096649297,-0.050773090689572586,0.3834506878166067,0.3270386603576579,0.2,287.674,1.94,1.0,2.0
2022-03-10,273.7866644734184,277.24988606847967,271.4262653649747,276.2728271484375,30628000,43.77175345835347,-4.96713065588375,-4.585579609454248,-0.381551046429502,9.980534738115374,0.28502389237273235,282.5513116240939,291.2042789986945,-1,0.841071000721534,-0.010086655749406925,-0.03490804935163461,-0.08042619575774845,0.37329384233806545,0.32712160561878145,0.2,287.674,1.98,0.0,2.0
2022-03-11,278.5655327460865,280.064982979648,270.31381818577063,270.9329528808594,27209300,40.65295420614068,-5.293921227696728,-4.727247933102745,-0.5666732945939836,10.098683983345902,0.13568751344479518,281.4448012675954,290.40932503328924,-1,0.7663160373147212,-0.019328264464854805,-0.033774617416723385,-0.07186611768553097,0.36658691869347,0.3229008771711886,0.2,287.674,2.0,1.0,2.0
2022-03-14,271.1940228987204,276.0889401837973,266.82149660889957,267.4212646484375,30660700,38.70007711078221,-5.769758814151373,-4.935750109312471,-0.8340087048389027,10.924457530614543,0.07595210288621285,280.1092263514851,289.5078324691774,-1,0.8740001855711451,-0.012961465909117842,-0.008856079712634912,-0.06110520921895202,0.36011996207032076,0.32039688447025233,0.2,287.674,2.14,1.0,2.0
2022-03-15,271.20371896326867,278.4300149062294,269.6365754251253,277.7818603515625,34245100,46.817286532098635,-5.250327535891927,-4.9986655946283625,-0.25166194126356434,10.86943330865763,0.42512789175803806,279.8875724467306,289.0479904253494,-1,0.9791261885397824,0.03874260230107529,0.04096414532260906,-0.02459756846892236,0.388682712195377,0.3264733547484304,0.2,287.674,2.15,1.0,2.0
2022-03-16,279.67796423359994,284.9598566183486,273.960800034903,284.7857360839844,37826300,51.493409865541736,-4.22481918212344,-4.843896312127378,0.6190771300039382,10.501149412871017,0.6697909538035892,280.3540642217071,288.88084319627626,-1,1.065122580625178,0.02521358206600577,0.02041595372061611,-0.018208860599017385,0.3937113132699091,0.33108356018483526,0.2,287.674,2.19,1.0,2.0
2022-03-17,283.7215952422282,285.9658841758017,279.92946993729333,285.588623046875,30816600,52.014278435728336,-3.309164170796464,-4.536949883861196,1.2277857130647316,10.182685232677285,0.7107038717306403,280.85259363362786,288.7517365237507,-1,0.8667233483400079,0.0028192667720332576,0.03371955177275643,-0.01429073709042139,0.39393171525643517,0.33046644112847345,0.2,287.674,2.2,0.0,2.0
2022-03-18,285.7337436372442,291.1800733202025,283.17988724924487,290.628662109375,43390600,55.26192583450662,-2.1520049726537422,-4.059960901619705,1.907955928965963,10.725682196746359,0.8518697331587733,281.7836477741752,288.82534144867714,-1,1.2018977478647843,0.01764789860579552,0.07269587925384857,0.033364294519002025,0.3833399981421872,0.32898685247913956,0.2,287.674,2.14,0.0,2.0
2022-03-21,289.1389351574977,290.3481547741918,285.2790860660752,289.4001159667969,28351200,54.29725975545375,-1.318878170979474,-3.5117443554916594,2.1928661845121855,11.073639367411484,0.783134930421783,282.509025697282,288.8478816258583,-1,0.7917980455844116,-0.004227202278197062,0.08218812122982677,0.03900283124473192,0.38169205503283554,0.3265622110098577,0.2,287.674,2.32,0.0,2.0
2022-03-22,290.0191685986224,295.0495331029309,289.0227729955793,294.14019775390625,27599700,57.387996343917386,-0.2729873641891345,-2.8639929572311544,2.59100559304202,11.77591319427711,0.8846977393372033,283.6167563693415,289.05542343480136,-1,0.7863323692109924,0.016378990627817114,0.058889149138970254,0.05679120690195827,0.3848764854867773,0.3284092544368627,0.2,287.674,2.38,0.0,2.0
2022-03-23,290.70601066797377,293.3372731157682,288.00702485230534,289.7192687988281,25715400,53.73783310265018,0.19688702493311894,-2.2518169607983,2.448703985731419,11.506768703901042,0.7276962677359726,284.1979480292926,289.08145658633185,-1,0.7454929758346913,-0.015030006061180767,0.017323665091810714,0.06857673232918371,0.3756983692991792,0.3255397374017402,0.2,287.674,2.32,0.0,2.0
2022-03-24,289.3807798917864,294.2756985521243,288.5875247357409,294.178955078125,24484500,56.7278597437878,0.918536952936563,-1.6177461780513274,2.5362831309878904,12.037848638395628,0.8347937017405798,285.1485201291814,289.2813584879708,-1,0.7449064063867635,0.015393129693398233,0.030079391607417127,0.03228213491702192,0.33698302862772744,0.3274874875905453,0.2,287.674,2.34,0.0,2.0
2022-03-25,295.2720634104139,295.533244193088,289.52585001590114,293.7726135253906,22566500,56.37036345958479,1.4410498273315397,-1.005986976974754,2.4470368043062938,12.41513566732252,0.8039382242548536,285.96986235739183,289.4574861364971,-1,0.6971376777791439,-0.0013812733566426205,0.010817761032916984,0.021425405640390194,0.3359077085963669,0.327386840818229,0.2,287.674,2.48,0.0,2.0
2022-03-28,294.4014214022609,300.6603430987499,294.4014214022609,300.5636291503906,29578200,60.81487967916341,2.3757372308907634,-0.3296421354016506,2.705379366292414,13.404583031889569,0.9443782005029931,287.359744909106,289.8930211566498,-1,0.9209298719664559,0.023116571498973393,0.03857466727786152,0.0398608052466527,0.34455606636930136,0.33105799099727456,0.2,287.674,2.46,0.0,2.0
2022-03-29,303.6688707174927,305.5165616109736,298.9674100649689,305.11993408203125,30393400,63.50135224620934,3.444434168614862,0.4251731254016519,3.01926104321321,14.88858893007177,0.9828513082231589,289.05119149700363,290.49015499686084,-1,0.9475275306388299,0.015159202543967298,0.03732824147113423,0.06936759929023784,0.3428298323161948,0.33238800045209094,0.2,287.674,2.41,0.0,2.0
2022-03-30,303.5237389507756,305.642293606047,301.4148379753387,303.6204528808594,28163600,61.99498551500981,4.122862794161506,1.1647110591536227,2.958151735007883,15.871038470141997,0.9041969432159915,290.438740200228,291.0050686393706,-1,0.8831188296784696,-0.004914399335078312,0.04798156553295674,0.04553752304215153,0.33971912081761263,0.33239995653884313,0.2,287.674,2.35,0.0,2.0
2022-03-31,303.6591822316137,304.8587480003614,297.8452751937795,298.2515563964844,33422100,56.799556941778846,4.179122963067982,1.7675934399364948,2.4115295231314873,16.32224969456548,0.7643136050213343,291.1828179332048,291.28924462984565,-1,1.038068022727354,-0.01768292100691171,0.013843958747075558,0.04186929752574464,0.3422104147303911,0.33251577070869026,0.2,287.674,2.32,0.0,2.0
2022-04-01,299.27696141097135,300.01217625691254,295.57192614031334,299.3253479003906,27110500,57.56551219026722,4.261234691576192,2.2663216902644345,1.9949130013117573,16.656691924279997,0.7608248656552421,291.95829697769864,291.6043859345729,1,0.8489502380602331,0.0036002880148555683,0.018901470454869562,0.06748088675321706,0.33149466764903385,0.3230016423448504,0.33,288.561,2.39,0.0,2.0
2022-04-04,299.9734775453708,304.8296921264754,299.605870116793,304.69427490234375,24289600,61.2636734737535,4.705296636385697,2.754116679488687,1.9511799568970098,16.458148129147155,0.8386876274908655,293.17124725623626,292.1177149137012,1,0.783768971175768,0.017936760249719352,0.013742999323069549,0.12928894608602182,0.295696103005463,0.32471214100542994,0.33,288.561,2.42,0.0,2.0
2022-04-05,303.0498057758005,304.59761295783267,299.76073396521116,300.73779296875,23156700,57.30059744207499,4.683970009993857,3.140087345589721,1.5438826644041357,15.208695632820623,0.736383980063231,293.89187065742806,292.4557571903698,1,0.7786218346117474,-0.012985087871643874,-0.014362028251169945,0.12698957098104002,0.2973443637068566,0.3258282880150572,0.33,288.561,2.54,0.0,2.0
2022-04-06,295.23343584912897,296.98438376297736,287.0300780736308,289.72906494140625,40110400,47.996906842322,3.7356934086737397,3.259208558206525,0.47648485046721456,14.766921244229328,0.4742895066719682,293.4954129701879,292.3488280825673,1,1.3376411329050435,-0.03660573524421551,-0.04575247750158684,0.03812839852197092,0.2978989390121515,0.33459733066196534,0.33,288.561,2.61,0.0,2.0
2022-04-07,286.9816333071018,293.7435789334034,286.6817492492974,291.5379638671875,31411200,49.44930302450221,3.09446928025244,3.226260702615708,-0.13179142236326813,13.99734202251115,0.4985655173970902,293.3089892460926,292.31702948588577,1,1.0461654057208174,0.0062434154686796806,-0.022509832338886704,0.05525384771390596,0.2947962927203558,0.33484918393081636,0.33,288.561,2.66,0.0,2.0
2022-04-08,290.6383190722913,291.2961273756615,286.6140331520905,287.2815246582031,24361900,46.18090331275564,2.217276088547578,3.0244637798020824,-0.8071876912545042,12.464933621797094,0.3591898651514218,292.7349449996269,292.1195587083296,1,0.8152506917879938,-0.014599948330994872,-0.040236563079834586,0.06034176206145325,0.29045315485899936,0.3352483063467753,0.33,288.561,2.72,0.0,2.0
2022-04-11,282.27054447193905,283.06377005501855,275.70205565183903,275.9535827636719,34569300,38.825858584757306,0.6010948773797509,2.539789999317616,-1.9386951219378652,11.026668155407354,-0.02296946560322169,291.13672002477404,291.4855988673626,-1,1.1493164138473988,-0.03943150158371245,-0.09432632808044528,0.031905907432048464,0.324335939386438,0.3336838803056989,0.33,288.561,2.79,0.0,2.0
2022-04-12,279.80368992052826,281.2547532210791,271.3391540006482,272.8579406738281,30966700,37.087517202650275,-0.9189398550883539,1.8480440284364221,-2.7669838835247758,11.73890810766822,-0.0746120759487353,289.39588389611254,290.75510246761615,-1,1.0351832673557926,-0.011217981150456247,-0.09270485102555404,-0.017725850318313197,0.29691884179923755,0.33203684733089367,0.33,288.561,2.72,0.0,2.0
2022-04-13,273.50609081671024,279.1652139791266,272.12272138935975,278.2365417480469,21907200,41.95063457819457,-1.670315815003562,1.1443720597484253,-2.8146878747519875,12.308784843449253,0.10999155535473723,288.33308940582054,290.2641785178291,-1,0.752352518256153,0.019712092896897904,-0.03966644905192229,-0.022996918406075317,0.2912797169280673,0.3312533762035781,0.33,288.561,2.7,0.0,2.0
2022-04-14,278.6912463967013,278.9040702197633,270.2073726066549,270.7007141113281,28221600,37.56883995684396,-2.841114389205302,0.34727476995767986,-3.188389159162982,13.8137993007495,-0.01705040751979159,286.65381556824985,289.4969838352213,-1,0.9735441777545348,-0.027084248493652985,-0.07147353805815815,-0.05213060932438918,0.3052807544727489,0.335645623461371,0.33,288.561,2.83,1.0,2.0
2022-04-18,269.8107036813086,273.2448748903174,269.2592925621962,271.3681640625,20778000,38.18469981598012,-3.6727854767148074,-0.45673727937681763,-3.2160481973379897,15.124336223721318,0.063289714829678,285.19803923436893,288.78604972648714,-1,0.7458570526800581,0.002465637940272991,-0.05539291332652263,-0.06627184637290362,0.29664882238192963,0.33560530287257323,0.33,288.561,2.85,1.0,2.0
2022-04-19,270.2654612496023,276.8339513319609,269.3271055235511,275.9923095703125,22297700,42.4224117602684,-3.9136468241208036,-1.148119188325615,-2.7655276357951886,15.780440238074952,0.19621714857536268,284.3213030758874,288.284334426245,-1,0.8092008734464372,0.017040117892191287,0.00014033811865310497,-0.04632965108425413,0.30524552191884285,0.3356074955812869,0.33,288.561,2.93,0.0,2.0
2022-04-20,279.95849984253823,280.24873024308215,276.05997725645005,277.0176696777344,22906700,43.34981034054263,-3.975960784896756,-1.7136875076398435,-2.262273277256913,16.224383162722862,0.24377654654349254,283.62571894273,287.84250443610733,-1,0.8384418181764942,0.003715176372190321,0.01524503554352763,-0.0582121321972372,0.29826734194286175,0.3357048347059423,0.33,288.561,2.85,0.0,2.0
2022-04-21,279.1651778133999,283.73119084745724,270.92315009615794,271.648681640625,29454600,39.740326583523405,-4.407767511713985,-2.2525035084546716,-2.155264003259313,17.09935154080643,0.1654894574991723,282.4850487234819,287.2074525617747,-1,1.0707835530065961,-0.019381391964474082,-0.02367719231281784,-0.06237274874095711,0.3010595391411728,0.33355981037388854,0.33,288.561,2.9,0.0,2.0
2022-04-22,272.49035276111147,273.9607825716903,264.4611470651918,265.0899353027344,29405800,35.81695344563927,-5.219051492593849,-2.8458131052825073,-2.3732383873113414,18.42154700133493,0.0912694015520569,280.8283712548393,286.3400989437731,-1,1.0595315884416374,-0.024144222965777007,-0.020726871101959032,-0.09888205554223095,0.3017049411779609,0.3317520479592912,0.33,288.561,2.9,1.0,2.0
2022-04-25,264.3740527877632,271.93890659301337,261.93624768786924,271.5616455078125,35678900,41.91099016520254,-5.278934692107782,-3.3324374226475624,-1.9464972694602198,18.89560954981559,0.2404927024796041,279.94582594559864,285.76055175020605,-1,1.2558922363367788,0.02441326260722576,0.0007129850547535899,-0.0756059857011091,0.3190723209103935,0.33497906290395435,0.33,288.561,2.81,1.0,2.0
2022-04-26,268.4467603674442,269.2786893101123,261.19144251967543,261.4042663574219,46518400,36.1150919579495,-6.075968188714171,-3.8811435758608845,-2.1948246128532864,19.749577769043924,0.10361053839505113,278.17996312767707,284.8054033034302,-1,1.5900348011525072,-0.03740358522057341,-0.05285670182478086,-0.13028643187354816,0.32454718985077124,0.3379874593324219,0.33,288.561,2.77,1.0,2.0
2022-04-27,272.89670744793256,281.47732570453576,270.0526203554486,273.98016357421875,63477700,46.06087002089207,-5.62797735322016,-4.23051033133274,-1.3974670218874206,18.76868235684565,0.3475674758225734,277.7799822178239,284.3808840983631,-1,2.0536013248602494,0.04810899757696263,-0.010965026552455237,-0.10205747651820285,0.36993055375980255,0.3520471372486977,0.33,288.561,2.82,0.0,2.0
2022-04-28,275.88584973003594,281.4869627202717,272.2775281140742,280.1809997558594,33646600,50.17942780117352,-4.718197289802276,-4.328047723026647,-0.3901495667756292,17.481234543094633,0.48581476326414624,278.00865055477965,284.21618275159824,-1,1.0789499169140646,0.022632427474848393,0.03140938532704585,-0.07719984903058441,0.38284995941150823,0.35521787931159987,0.33,288.561,2.85,0.0,2.0
2022-04-29,279.1942245202134,280.4228102800614,267.47932156887543,268.4660339355469,37073900,43.43215787480977,-4.886165199687241,-4.439671218358766,-0.44649398132847473,17.004847366590255,0.27010519467996147,277.09982992437654,283.59852985685114,-1,1.1819332123363377,-0.04181213512165538,0.012735672627317784,-0.09986711493079936,0.4043358939352877,0.36366078044519545,0.33,288.561,2.89,0.0,2.0
2022-05-02,268.6498925117606,275.6440293239036,267.2085121919129,275.1893615722656,35151100,47.772551550282245,-4.42574736661453,-4.436886448009919,0.011139081395389105,15.792356746477221,0.43189222902947855,276.91788055750885,283.2687585515733,-1,1.106452161212747,0.02504349447175458,0.013358720292290904,-0.08063462215086759,0.41723455658247594,0.3590583458608739,0.77,291.298,2.99,0.0,2.0
2022-05-03,274.69590739712066,274.8603742030319,271.01020952406554,272.5870361328125,25978600,46.29198699760212,-4.2221781892448575,-4.393944796256907,0.17176660701204938,13.291732653346532,0.3914895695297191,276.50541918372824,282.84986747632774,-1,0.8155611680294095,-0.009456489976883642,0.042779599320311945,-0.10537526108694295,0.4093347559338228,0.35783872992033294,0.77,291.298,2.97,0.0,2.0
2022-05-04,273.37067229887913,281.39022443680767,267.7018653489587,280.51959228515625,33599300,51.25157633523149,-3.3817741755717634,-4.191510672119878,0.8097364965481146,10.768042547767138,0.666967852276966,276.88772138386423,282.7584841354975,-1,1.0377912130611215,0.029101002985625346,0.023868256101562624,-0.06722866615468792,0.42569180392333145,0.3616329296113292,0.77,291.298,2.93,0.0,2.0
2022-05-05,276.22441306115445,277.0079848672341,265.3897954748828,268.3016052246094,43260400,44.44402119830054,-3.6594534839276776,-4.085099234481438,0.42564575055376075,9.935862910103962,0.27295833590927276,276.0699960353638,282.1915477076195,-1,1.3297275897173602,-0.043554843927360865,-0.04239900115140327,-0.07395688700106873,0.434012639545775,0.3716617819700096,0.77,291.298,3.05,0.0,2.0
2022-05-06,265.8445279493737,270.13967864846,262.4200095223799,265.76715087890625,37780300,43.16326139888392,-4.03748401823492,-4.075576191232135,0.03809217299721457,8.551127690814038,0.18161741798644743,275.08877268712973,281.54745371433665,-1,1.1500244964230961,-0.009446288417027549,-0.01005297771593916,-0.0883960793525379,0.4327617089295398,0.3688503700107367,0.77,291.298,3.12,0.0,2.0
2022-05-09,261.2494559206379,263.4744080237602,254.72935373016503,255.94822692871097,47726000,38.53066035391521,-5.070926558026997,-4.274646264591108,-0.7962802934358892,8.913523894281374,-0.148025148339676,273.26586356728035,280.5435624678415,-1,1.4028831326569065,-0.03694558909076451,-0.06991961656374523,-0.10906826593450925,0.4472643206670845,0.3720278958539981,0.77,291.298,3.05,0.0,2.0
2022-05-10,262.8262881528178,264.8190795955056,256.42226618437826,260.7077331542969,39336400,41.791857654235464,-5.443139714421022,-4.508344954557091,-0.934794759863931,9.467251876097329,0.10348069233070523,272.0698511469962,279.76568680848686,-1,1.1482299396394362,0.018595581937403294,-0.04357985305188061,-0.05524787704036305,0.43564306818554144,0.3714145239426454,0.77,291.298,2.99,0.0,2.0
2022-05-11,257.01232381126397,262.50700973823547,250.84046320428223,252.0496826171875,48975900,37.85717566433728,-6.3634003246481825,-4.87935602857531,-1.4840442960728728,11.245208237842329,-0.0861595030125831,270.1631684298716,278.6787846833379,-1,1.3929930112713036,-0.033209795629595695,-0.10148991532480289,-0.07626040864068029,0.448547438835277,0.3772484511851527,0.77,291.298,2.91,1.0,2.0
2022-05-12,249.2830341453328,251.4015891851371,241.86326466522425,247.01937866210935,51033800,35.75113574259433,-7.413162653013046,-5.386117353462858,-2.0270452995501884,13.135316298376331,-0.10318897669088634,267.958997975799,277.43723934917205,-1,1.3937916571817326,-0.019957588927886794,-0.07932202472170657,-0.11219648896515466,0.44307145113033936,0.3766097169660843,0.77,291.298,2.84,2.0,2.0
2022-05-13,248.9541244948476,254.4584941959466,247.0193732332159,252.6011199951172,34925100,39.756039346903506,-7.705878414734059,-5.8500695657170985,-1.8558088490169604,14.096373778974122,0.10814216903342476,266.49634293001975,276.46327388430717,-1,0.9451922665767439,0.0225963702250378,-0.04953972242336302,-0.06686201096893785,0.4462632953592679,0.3800789971750428,0.77,291.298,2.93,1.0,2.0
2022-05-16,251.47893762285955,257.1477736501881,247.43531494271937,252.9687042236328,32550900,40.02119218959678,-7.8180748888534595,-6.243670630344371,-1.5744042585090883,14.82376223905407,0.15868179319045256,265.2079963865543,275.5419182113396,-1,0.8671243873522683,0.0014551963527427159,-0.011641114849012202,-0.06780257331375661,0.44610010690825075,0.37581376588374,0.77,291.298,2.88,1.0,2.0
2022-05-17,257.42831538498064,259.5758904699336,253.8974002308721,258.11517333984375,28828800,43.75380630735204,-7.406338693906207,-6.476204243056738,-0.9301344508494687,14.729711487332375,0.30976841310143416,264.53248942972476,274.8585164516731,-1,0.7613482049339952,0.020344291725751473,-0.009944314973268309,-0.06477403757481992,0.44821164495495724,0.37809388002931243,0.77,291.298,2.98,0.0,2.0
2022-05-18,255.01238395336077,255.59416717330024,245.0930851004618,246.36329650878903,31356000,37.946560303745855,-7.936822291864644,-6.76832785281832,-1.1684944390463237,15.533769059044001,0.06939801091812402,262.8020901039214,273.7410568460698,-1,0.8189527115924929,-0.04552958541333707,-0.022560576348889638,-0.11065854826014088,0.47261484831191436,0.3893331143427032,0.77,291.298,2.89,1.0,2.0
2022-05-19,246.1887405470746,249.8442599742027,244.23010107031448,245.4518280029297,32692300,37.53049851076549,-8.334704965469143,-7.081603275348486,-1.2531016901206575,16.52185734413438,0.1023096527040197,261.14968418954123,272.63167532280943,-1,0.8502590780032463,-0.0036996927658289325,-0.0063458610723973186,-0.09643652043322704,0.46985884456984633,0.3860757863263161,0.77,291.298,2.84,2.0,2.0
2022-05-20,249.427305805732,250.6878410141278,238.95532648602892,244.8894500732422,39199300,37.259049366875885,-8.596316069203056,-7.3845458341194,-1.2117702350836552,17.582662375354044,0.13458941447631434,259.60109046417944,271.5437449208656,-1,1.0066722762255331,-0.0022911947092151275,-0.030529040892708914,-0.07620238469794449,0.4642930285232936,0.37086275098319416,0.77,291.298,2.78,2.0,2.0
2022-05-23,247.7304908128304,253.55795512434815,245.7330428682586,252.7337646484375,33175400,43.407611720726294,-8.077561029728827,-7.523148873241286,-0.5544121564875404,17.530928977650355,0.3243764156718844,258.9470594341088,270.80609863567236,-1,0.8547208490889057,0.03203206415323012,-0.0009287298044093895,-0.06933188530422774,0.4709348293128146,0.37665787479343826,0.77,291.298,2.86,1.0,2.0
2022-05-24,250.0575770395254,253.39307277606676,245.80089254690245,251.73501586914065,29043900,42.83206910688563,-7.658749308492304,-7.55026896029149,-0.10848034820081409,17.818494740979883,0.3157791508241858,258.26019814220706,270.05821303698485,-1,0.7655100731841641,-0.0039517821478508575,-0.02471825808668271,-0.03698964298868912,0.45298454665342,0.3763812759232334,0.77,291.298,2.76,2.0,2.0
2022-05-25,250.2999718413976,256.5443535711688,249.32063736572647,254.5469207763672,28547900,45.04147600269898,-7.019029770098115,-7.444021122252815,0.4249913521547004,17.297678124980266,0.39387409206573043,257.90655267879373,269.44992706598026,-1,0.7887446833523535,0.011170098436715792,0.033217708902049115,-0.07092937877083672,0.4182121380251675,0.3767056624558848,0.77,291.298,2.75,1.0,2.0
2022-05-26,254.3044624715017,258.99746097926135,253.489978061796,257.82421875,25002100,47.584123005712584,-6.1763991849114745,-7.190496734784547,1.0140975498730729,15.709252905953713,0.4909997660757494,257.89871135224195,268.99401693594183,-1,0.6991273107362674,0.012875025019501551,0.05040659443335915,-0.07979406535539646,0.41162170752879346,0.3757681610664101,0.77,291.298,2.75,0.0,2.0
2022-05-27,260.32593257304654,265.03831400617037,259.43386111985046,264.94134521484375,26910800,52.70175947743866,-4.878084231402681,-6.728014234108175,1.8499300027054932,15.486454421518728,0.6733939679430442,258.56943838677546,268.8350886331537,-1,0.7633465012127091,0.027604569110494914,0.08188141684178052,-0.013128993150579804,0.39942652581403065,0.379569596662125,0.77,291.298,2.74,0.0,2.0
2022-05-31,264.25290403889915,266.4248628217989,260.76223485872504,263.6129455566406,37827700,51.687381382818,-3.9112644060156754,-6.164664268489675,2.2533998624739997,14.431658784053703,0.6663095304160813,259.0497724029531,268.6302987085846,-1,1.0689551931336294,-0.005013938678109731,0.04304601295887989,-0.04206709136386799,0.38814029812216577,0.3775017389972948,0.77,291.298,2.85,0.0,2.0
2022-06-01,266.84183742859545,269.2562034890883,261.8385496478532,264.1462707519531,25292200,52.086116193174796,-3.066667212071934,-5.545064857206127,2.4783976451341934,13.64456484666208,0.7034350532162311,259.535153198096,268.45445447499117,-1,0.715414223172002,0.0020231373470158687,0.04930285459081385,-0.030965395495722636,0.38739960539547164,0.3693650096228068,1.21,294.957,2.94,0.0,2.0
2022-06-02,256.4183467798957,266.30854273854516,253.6548987948604,266.24066162109375,44008200,53.70209345873866,-2.2029240738419276,-4.876636700533288,2.6737126266913602,11.359761959677387,0.841490021662964,260.1737730479053,268.367639068956,-1,1.2267548873588903,0.007928905689936316,0.04593943155572533,-0.05090172329049858,0.37260985143512204,0.36906472642516547,1.21,294.957,2.92,0.0,2.0
2022-06-03,262.1003534639654,265.14500204030634,260.25806469793486,261.81915283203125,28059000,49.87757597816765,-1.8538106458793209,-4.272071489602495,2.418260843723174,10.735204195258651,0.7127070836393863,260.3304758844887,268.1108356871158,-1,0.799092089674656,-0.016607188256447025,0.015494797584958198,-0.024161064512272734,0.34302927022558527,0.35851024850865754,1.21,294.957,2.96,0.0,2.0
2022-06-06,263.79720697367605,265.85281527967646,259.10420716791305,260.5877380371094,22400300,48.83446521120363,-1.657395201390898,-3.7491362319601755,2.0917410305692776,10.304614613072092,0.6849154391082677,260.3549770418811,267.81581224986064,-1,0.6522218922334224,-0.004703302953974031,-0.016432343446448505,-0.019488536580492655,0.34191943772609157,0.3580960433951913,1.21,294.957,3.04,1.0,2.0
2022-06-07,258.54177618211287,264.8346561341794,257.863024346633,264.2237854003906,22860700,52.024906569299944,-1.1945657022121168,-3.238222126010564,2.0436564237984474,10.688625955313404,0.7956852946882638,260.7234349807868,267.6749484518422,-1,0.6906277345007384,0.01395325578505724,0.0023171845466851693,0.03233293924706371,0.3166144914863669,0.3572454245344626,1.21,294.957,2.98,1.0,2.0
2022-06-08,263.4578629247985,264.7086925044536,261.4216362950806,262.1973571777344,17372300,50.14812251908702,-0.9799891072017317,-2.786575522248798,1.8065864150470663,10.774961803958046,0.717126940071249,260.8638085233532,267.4601409508968,-1,0.5428312793154919,-0.007669363375388483,-0.0073781604740082996,0.005713769996058771,0.3117344752304654,0.35660558814549964,1.21,294.957,3.03,0.0,2.0
2022-06-09,259.647196979162,264.42745982638615,256.59287219967115,256.7480163574219,26439700,45.40460680982911,-1.2354108249000433,-2.476342582779047,1.2409317578790038,10.662555027442467,0.5113268689012404,260.471828317074,267.0400576335056,-1,0.8563099488540085,-0.020783355251817404,-0.035654378282689025,0.018640506472567875,0.29613380847496495,0.34995250409215894,1.21,294.957,3.04,1.0,2.0
2022-06-10,252.66586076150944,252.66586076150944,244.86036072451404,245.306396484375,31422800,37.4044702449136,-2.334170612685625,-2.447908188760363,0.11373757607473767,10.864329446747151,0.10338003447446659,259.0275014758646,266.18775719628485,-1,1.0510784636087314,-0.044563615467699935,-0.06306932158721756,-0.0069346064548138076,0.3317565569804521,0.3571425111475983,1.21,294.957,3.15,1.0,2.0
2022-06-13,237.66568457400948,241.4569362354191,234.19441215005645,234.90223693847656,46135800,31.900250687173354,-3.998383508627086,-2.7580032527337077,-1.240380255893378,13.099964873839632,-0.11451520625121957,256.72985723420857,264.96087404891983,-1,1.5148193452882746,-0.04241291582692641,-0.09856757379341863,-0.07006652645476297,0.35338965611514206,0.3666155743282095,1.21,294.957,3.43,2.0,2.0
2022-06-14,236.45365859510807,238.27656531045733,234.1750252009215,237.0645294189453,28651500,34.07163484734565,-5.084197818872866,-3.2232421659615396,-1.8609556529113265,14.564570629023187,0.02528857345332293,254.85696887085015,263.86689974970517,-1,0.9468022478188751,0.009205074028456606,-0.10278883840941733,-0.0628701279610765,0.3559116290602663,0.36499554762429154,1.21,294.957,3.49,2.0,2.0
2022-06-15,240.76852264492,247.54623321805892,238.9359248223612,244.11373901367188,33111700,40.708929704919065,-5.314637349897794,-3.6415212027487907,-1.673116147149003,14.981307748632494,0.24089064012068884,253.83380412254746,263.09226599535094,-1,1.0865029853508459,0.029735404161915113,-0.06896949061086166,-0.054244909917547046,0.36525928964685833,0.37108622917402795,1.21,294.957,3.33,2.0,2.0
2022-06-16,238.5092880231499,239.9055558620673,235.639195061252,237.52996826171875,33169200,36.96577653717753,-5.95981655983212,-4.105180274165456,-1.8546362856666638,15.848622636088338,0.10178330000539468,252.2810578500876,262.08982294697324,-1,1.085161554582947,-0.02697009508172088,-0.07485178802296744,-0.03585488736450304,0.34015747959194625,0.372262109934958,1.21,294.957,3.28,2.0,2.0
2022-06-17,237.26816850622123,242.89201860259925,236.61851897442415,240.12857055664065,43084800,39.33673263841266,-6.190084799817299,-4.522161179295825,-1.6679236205214742,16.303134398101555,0.18185973017123322,251.12367810785454,261.22859736303866,-1,1.3859977388364095,0.010940102901283888,-0.021107586275534218,-0.021687585256955133,0.34301667266737756,0.37262447179291847,1.21,294.957,3.25,2.0,2.0
2022-06-21,242.6592511135094,247.01288890773137,241.9320296545073,246.0335693359375,29928300,44.44997138133141,-5.828898078952193,-4.783508559227099,-1.0453895197250942,16.23077520229401,0.32273994959088875,250.63890584386243,260.6327139109955,-1,0.9773394903014038,0.024590987926211838,0.04738708554902504,0.004671982653205786,0.3545738768661098,0.3749777231200442,1.21,294.957,3.31,2.0,2.0
2022-06-22,244.23979365415195,249.3594472421385,242.76595376071097,245.442138671875,25939900,44.049492251480366,-5.5266704950206815,-4.9321409463858155,-0.5945295486348661,16.47983839062054,0.31972556089322335,250.1439756370065,260.03700507808884,-1,0.8572215076846206,-0.0024038616586298245,0.035338940302303,-0.028851016351952197,0.3347540627996045,0.37496497101674325,1.21,294.957,3.16,2.0,2.0
2022-06-23,247.80806538921993,251.49264337760505,245.92698295357496,250.9981231689453,25861400,48.72329504118357,-4.783688063455969,-4.902450369799847,0.11876230634387763,16.491027577524157,0.45391274789062463,250.22532302100066,259.68253912086755,-1,0.8591451901686022,0.02263663659033699,0.02820154319494428,-0.002927255462062517,0.34505151807819595,0.37482802489664596,1.21,294.957,3.09,2.0,2.0
2022-06-24,253.85845359611892,259.84107489415163,253.77119057568703,259.569580078125,33923200,54.9724712142267,-3.4633014127689137,-4.6146205783936605,1.1513191656247468,16.626644336975392,0.6519949133432561,251.1152522645363,259.6781093544855,-1,1.116994094187437,0.034149486063727696,0.09278665752239834,0.019731762169578504,0.36349918824232114,0.3805211559721768,1.21,294.957,3.13,2.0,2.0
2022-06-27,260.06411562547476,260.1513786610391,255.28385304721857,256.844970703125,24615100,52.77090630027522,-2.606690381173422,-4.213034538949613,1.6063441577761912,16.599043094583447,0.5885953645980252,251.6609397348781,259.5670058779616,-1,0.8110216788854832,-0.01049664361355418,0.06961437411522575,-0.0037981228125993916,0.36287939754915244,0.38083660948673714,1.21,294.957,3.2,2.0,2.0
2022-06-28,255.9625992863611,258.8036043245108,248.5352397655749,248.6903839111328,27295500,46.737850206524406,-2.5563588568495845,-3.8816994025296077,1.3253405456800231,16.141911924560596,0.411126176013501,251.37802965642618,259.140471683184,-1,0.8987662646302029,-0.031749061582434845,0.010798585666038418,-0.061337958749069,0.3646995728662355,0.3844018436228294,1.21,294.957,3.2,2.0,2.0
2022-06-29,249.76665390613857,254.0136323572645,247.9922316052621,252.35557556152344,20069800,49.530711731153175,-2.19541307101656,-3.544442136226998,1.3490290652104382,15.6461356953278,0.5154470029504169,251.47112926643544,258.8743973254718,-1,0.6807459584757787,0.01473797093698792,0.028167277742355612,-0.042704162238111354,0.3700050091605525,0.38587658436687466,1.21,294.957,3.1,2.0,2.0
2022-06-30,249.2430436171121,251.6477334276175,245.2190904606339,249.02972412109375,31730900,47.11639837152844,-2.1529119227085403,-3.266136093523307,1.1132241708147665,15.04132898314734,0.44804077977499057,251.2386144906886,258.4883317096139,-1,1.0646522170426425,-0.013179227100606927,-0.007842285922300074,-0.05722793885307054,0.37167733748267145,0.3840306582342144,1.21,294.957,2.98,2.0,2.0
2022-07-01,248.60313941391496,251.88045986451053,246.877186557772,251.69622802734375,22837700,49.25219734146549,-1.882366131111553,-2.989382101040956,1.107015969929403,14.02027491329524,0.540815963456653,251.2821967322748,258.221974702466,-1,0.7944796886327868,0.010707572823529299,-0.030332337280861377,-0.05462889667262483,0.37286922805602307,0.38454604952253657,1.68,294.913,2.88,2.0,2.0
2022-07-05,248.3801092623351,254.99298457519544,247.00323818444355,254.8669281005859,22941000,51.74768334671292,-1.3960152500164043,-2.6707087308360458,1.2746934808196415,13.506201595512085,0.6466616513499392,251.623599719733,258.0904042474903,-1,0.8052417761160396,0.012597328526106066,-0.00770130945964842,-0.026553537647054815,0.37283097916228136,0.3790656526452014,1.68,294.913,2.82,2.0,2.0
2022-07-06,255.73956910040377,259.8507853109402,254.430564439945,258.1248474121094,23824400,54.237772501579705,-0.7391711074981799,-2.284401206168473,1.545230098670293,13.28897448900063,0.7509872244461481,252.24276616662598,258.09175495982834,-1,0.834164747222459,0.012782824887494604,0.03793658344404616,-0.00945129131382716,0.3758570118807137,0.3799074343404867,1.68,294.913,2.93,2.0,2.0
2022-07-07,257.067970916459,260.8883105802799,256.97100212276746,260.24835205078125,20859900,55.83750690085303,-0.046729644520070224,-1.8368668938387924,1.7901372493187222,12.809077836070273,0.8332354226038486,253.0052029174979,258.17632739476767,-1,0.7329358384680373,0.008226657216310551,0.03127641016726246,-0.015045705834488832,0.37352309831115443,0.37954182785362434,1.68,294.913,3.01,2.0,2.0
2022-07-08,256.74796291447564,259.9574311836556,255.2935200278726,259.5307922363281,19658800,55.13610587654074,0.43907276599949796,-1.3816789618711345,1.8207517278706324,12.50903299896507,0.8226886089947234,253.62668761452937,258.22944366306416,-1,0.6879703181829476,-0.0027572117510012983,0.04216793056449797,-0.010170067959909601,0.37271648328591817,0.37094353428640625,1.68,294.913,3.09,2.0,2.0
2022-07-11,257.58183216621444,258.4351100703667,254.21721973412835,256.4764709472656,19455200,52.13415220298808,0.5710339504300634,-0.9911363794108949,1.5621703298409584,12.489722012633417,0.7256056095917283,253.89809555098046,258.16069963499365,-1,0.6892690015126208,-0.011768627771464035,0.018992111869879036,-0.0010576339167436277,0.36741606685022454,0.371011085273916,1.68,294.913,2.99,2.0,2.0
2022-07-12,257.80490257305115,257.8630779320997,244.38522912726305,245.9657287597656,35868500,43.38089396281585,-0.17054893086140055,-0.8270188897009961,0.6564699588395956,12.462066517277142,0.3869461489820044,253.14263204705523,257.6824654830239,-1,1.260838585875416,-0.04098131165279939,-0.034924889655779,0.002687790798934886,0.36145647914295964,0.3777452710647851,1.68,294.913,2.96,2.0,2.0
2022-07-13,242.59142655470853,245.84937984355255,240.57459691919928,245.04458618164065,29497400,42.70419406208269,-0.8230990414574535,-0.8262349200522876,0.0031358785948341072,11.372242588444818,0.32612412552533304,252.3713895836824,257.18686237316575,-1,1.06811905036933,-0.003745003756294163,-0.05067416547305659,0.043176895100494495,0.3236448761333123,0.374042128002386,1.68,294.913,2.91,2.0,2.0
2022-07-14,242.95990461962012,247.3911007080352,238.4705183729216,246.36329650878903,25102800,44.04976549991956,-1.219779939143848,-0.9049439238705997,-0.3148360152732482,10.424596233243538,0.3433707835057823,251.79919024321637,256.7624088098569,-1,0.9148659151146508,0.005381511779945614,-0.0533530968883249,0.03922462425161366,0.32282773031182865,0.37422616206385995,1.68,294.913,2.96,2.0,2.0
2022-07-15,247.95348214538913,252.4622502240855,247.0323377287627,248.9231109619141,29774100,46.668040337601745,-1.3124674674050425,-0.9864486325774884,-0.3260188348275541,10.173470909786552,0.4305982268099048,251.52527793071138,256.4549853648395,-1,1.0917503165804943,0.010390405102546296,-0.04087253455749751,0.019701357111951978,0.30818244251726773,0.373080220097479,1.68,294.913,2.93,2.0,2.0
2022-07-18,251.86106474959865,252.91795652335915,245.60696234722735,246.52810668945312,20975000,44.56665430132088,-1.561183478889717,-1.1013956018399342,-0.45978787704978274,9.101583258883332,0.29810356612827166,251.04935686011535,256.0656960050204,-1,0.7866947138803515,-0.00962146207801251,-0.03878860396460304,0.03788211859574675,0.29263887347395867,0.37325597000194344,1.68,294.913,2.96,2.0,2.0
2022-07-19,249.75699322481967,251.8320132260373,245.9754465210434,251.6477813720703,25012600,49.77312243235505,-1.3298480889451127,-1.14708609926097,-0.1827619896841428,8.144766108566172,0.49652552782652326,251.10634967077772,255.89244445078708,-1,0.9710397411347483,0.020767103399963904,0.0231009931381716,0.047971013148194075,0.29854922156165725,0.37421915860465804,1.68,294.913,3.01,1.0,2.0
2022-07-20,252.00653450982264,256.8255911221819,251.046611408544,254.30455017089844,22788300,52.2780018409355,-0.921511476529929,-1.1019711747147618,0.18045969818483276,7.903340316896984,0.6089977358003782,251.41094019459874,255.83017408686987,-1,0.8971215367551028,0.010557489457457159,0.03778889439489097,0.033617285873976055,0.28895997783708527,0.3718242736615076,1.68,294.913,3.04,1.0,2.0
2022-07-21,251.89986485024775,256.8449774641106,249.2236799929457,256.7964782714844,22404700,54.56671421398509,-0.3923017866817702,-0.9600372971081635,0.5677355104263934,7.6480231013973246,0.7119463655418188,251.92384858287355,255.86806836861948,-1,0.8882007657935251,0.009798991401889223,0.04234876668133536,0.04626075889433423,0.2899155030683087,0.3688832973590128,1.68,294.913,2.91,1.0,2.0
2022-07-22,257.18429190390975,257.27155493092874,251.20169974499137,252.45249938964844,21881300,50.05961627633722,-0.3197363645633402,-0.8319771105991989,0.5122407460358587,7.621698333212038,0.48336411749200503,251.97419627875686,255.7341244870912,-1,0.8743493217602147,-0.01691603759940785,0.014178628951308392,0.005794370899435686,0.2874021877437021,0.36228055754522476,1.68,294.913,2.77,1.0,2.0
2022-07-25,253.07310152958124,253.55791590032757,249.01035473546935,250.968994140625,21056000,48.583752369124156,-0.3775816934289935,-0.7410980271651578,0.3635163337361643,7.240799173257666,0.4248028334719041,251.87846274179194,255.54725663036706,-1,0.8635719544180342,-0.005876373783623046,0.01801371661352169,-0.03313402878300076,0.25956648785496184,0.3485743633945861,1.68,294.913,2.81,1.0,2.0
2022-07-26,251.9677179235894,251.98712943704783,241.9902591873935,244.24948120117188,39348000,42.475331362172064,-0.9546287047367628,-0.7838041626794788,-0.17082454205728392,7.5764119127882585,0.10863186520815388,251.1518930712567,255.1042066135359,-1,1.566457708766976,-0.02677427529429388,-0.029399425381620103,-0.04903926858085794,0.27339169637571054,0.34888052575418177,1.68,294.913,2.81,1.0,2.0
2022-07-27,253.22820087200705,261.8481834714514,250.98836124274183,260.5779724121094,45994000,56.71668740654441,-0.09329440098869668,-0.6457022103413225,0.5524078093526258,8.06047648098667,0.9066636572482123,252.04961491324266,255.3188640958329,-1,1.7653321829030606,0.06685169250160583,0.024668934303358148,0.04780075656332761,0.3416264958641371,0.3648144913732259,1.68,294.913,2.78,0.0,1.0
2022-07-28,261.55728534989555,269.40157628828024,259.73437905297993,268.0150146484375,33459300,61.403561865595286,1.1758716780764473,-0.28138743265776855,1.4572591107342159,9.687743715459119,1.1086957615238124,253.5701291737374,255.8167523527978,-1,1.2520555413878312,0.028540563760954818,0.043686488430316084,0.062053073533524294,0.35130492173530303,0.3658858143973997,1.68,294.913,2.68,0.0,1.0
2022-07-29,269.26594214524397,273.43533434326656,268.22843217911804,272.2135925292969,32152800,63.78756698384923,2.491761608830501,0.27324237563988535,2.218519233190616,11.527729809009106,1.1129078155713386,255.3456971123621,256.4597656930527,-1,1.2022169717314792,0.01566545772208605,0.0782764804762266,0.0930967919192236,0.34847426809119875,0.36683561114037433,1.68,294.913,2.67,0.0,1.0
2022-08-01,269.38223547656554,272.7371422807074,267.46236011948673,269.56646728515625,21539600,61.22006548886798,3.2831666734632847,0.8752272352045652,2.4079394382587194,12.570858740124056,0.9496897982426931,256.7000561764377,256.97375399078226,-1,0.8073408662808426,-0.00972444182358645,0.0741026723568512,0.0709992334723073,0.3511849471866297,0.3624207995092784,2.33,295.097,2.6,0.0,2.0
2022-08-02,267.6175128829661,269.45012527255744,264.1074618325668,266.4733581542969,22754200,58.26874890714574,3.619054623366708,1.4239927128369938,2.1950619105297138,13.121774849024682,0.8203586052468665,257.63084684099573,257.34628748739067,1,0.8531648165781133,-0.011474383895039075,0.09098843053353578,0.045539176621339994,0.35330402442998265,0.3515070170901039,2.33,295.097,2.75,0.0,2.0
2022-08-03,268.3544501034442,274.8897381119249,268.20898212498906,273.8910217285156,23518900,62.88914814884753,4.432694360711707,2.0257330424119364,2.406961318299771,14.458269233201731,0.9686023469447289,259.17943492552143,257.9951005948858,1,0.882342458676717,0.027836417214825993,0.05109046322361954,0.061079646049087,0.3628585254271898,0.3554306923521788,2.33,295.097,2.73,0.0,2.0
2022-08-04,273.2413979951584,275.18065569445895,271.66092782643676,275.03521728515625,18098700,63.55937485029735,5.110921215164581,2.6427706769624653,2.4681505382021154,15.694265789488474,0.9404846505138552,260.68950943596286,258.6633404650925,1,0.6825317032350178,0.00417755773599171,0.02619331848227735,0.056818285756098375,0.3623702716215048,0.34648012990440047,2.33,295.097,2.68,0.0,2.0
2022-08-05,270.6718139989153,275.0351426380941,270.21608737963913,274.317626953125,16774600,62.79343258970697,5.526807741708751,3.219578089911723,2.3072296517970283,16.6724196814333,0.8795819080519646,261.9874253899783,259.2772340528585,1,0.6360568464478553,-0.00260908526229664,0.007729351074199808,0.05697526135292663,0.362340623598359,0.34469058021675,2.33,295.097,2.83,0.0,2.0
2022-08-08,275.423093558,277.23632456484415,270.8367675268172,271.806396484375,18739200,60.06548465368444,5.589335122642694,3.6935294964579173,1.895805626184777,17.246850923290165,0.7924059936948001,262.92256549420654,259.7685737560552,1,0.7115161180088848,-0.009154462644790695,0.008309376243185618,0.05977127445839425,0.3610469574200555,0.33775699070273507,2.33,295.097,2.77,0.0,2.0
2022-08-09,271.1470097408237,274.4825055635908,269.1786348849365,273.7261962890625,23405200,61.4444789940114,5.727774107820835,4.100378418730501,1.627395689090334,17.23020257039999,0.8029906436875173,263.95148271276423,260.31593150244765,1,0.9102181763241461,0.007063114884413135,0.027217873430205985,0.11286315239636702,0.32006236911539804,0.33497862164131265,2.33,295.097,2.8,0.0,2.0
2022-08-10,279.4178543656592,281.0080296985738,278.2252006729384,280.3777770996094,24687800,65.845160394618,6.301574356219703,4.540617606228341,1.7609567499913616,17.514462813129253,0.90255177010721,265.5158917019876,261.1026705454736,1,0.9691616985669929,0.024300125091142544,0.023683709419009435,0.14419086529737823,0.32473115301452427,0.33543366425688365,2.33,295.097,2.78,0.0,1.0
2022-08-11,282.01652051436565,282.3655726517332,277.80833539979704,278.3028259277344,20065900,63.413608668393394,6.513796971810336,4.935253479344741,1.5785434924655952,17.328405728838813,0.8239925452321065,266.7336949615825,261.77718644281714,1,0.7955867828690669,-0.007400555041628176,0.011880691770429719,0.12964402519190155,0.3285991296754823,0.33595936251573727,2.33,295.097,2.87,0.0,1.0
2022-08-12,279.71852241187486,283.0443420410156,278.2252857983071,283.0443420410156,22619700,66.46148611623909,6.9840775489386715,5.345018293263528,1.6390592556751438,17.5787353947599,0.8824328530833662,268.2870899215285,262.6111925447073,1,0.909744652766131,0.017037254643301525,0.03181244743481915,0.13707538423108567,0.330540267710416,0.3352589325003522,2.33,295.097,2.84,0.0,1.0
2022-08-15,282.16190112229856,285.24531273382235,281.29891753044353,284.556884765625,18085700,67.39461652216835,7.393599044105656,5.754734443431953,1.6388646006737027,17.30073488261415,0.8773967183159175,269.83659419239484,263.4718079259198,1,0.7316421463773788,0.005343836635993249,0.046910184771839836,0.1542573728685468,0.3250991382729668,0.3199557625729353,2.33,295.097,2.79,0.0,1.0
2022-08-16,283.12187347946144,285.1096300607174,281.59957891566967,283.82000732421875,18102900,66.42499477179317,7.571409433379472,6.118069441421458,1.453339991958014,17.158447014260553,0.8273801068897816,271.1683478239971,264.2697765297747,1,0.7427184227023728,-0.002589561106606797,0.0368755755641923,0.12784625311113174,0.32283752125175363,0.3198730790419847,2.33,295.097,2.82,0.0,1.0
2022-08-17,281.5365868037145,285.0443923547638,281.2742419844088,283.0718688964844,18253400,65.39626461878382,7.564755140901525,6.407406581317471,1.1573485595840536,16.926885057859504,0.7822787491590555,272.30201649756737,265.0071134853319,1,0.7559252986746439,-0.0026359608499331166,0.009608792197242755,0.11312152577000156,0.32378397625684346,0.3198956195458709,2.33,295.097,2.89,0.0,1.0
2022-08-18,281.973768762057,283.6450710894862,280.8951810940671,281.954345703125,17186200,63.80663820610186,7.384186478767333,6.602762560807444,0.7814239179598887,16.617126326764584,0.7335408852765196,273.2212859457157,265.67171082720614,1,0.7195042152006789,-0.003947842636980781,0.013120670849166238,0.09796811701227393,0.32497096533088793,0.3143188468805377,2.33,295.097,2.88,0.0,1.0
2022-08-19,280.7203261035374,281.06042243303864,277.4748955705993,278.0481872558594,20570000,58.45776471242528,6.846962648210592,6.651602578288074,0.19536006992251842,15.363499909629608,0.6276316924831895,273.68099083239605,266.1570628440161,1,0.8635381007325381,-0.013853868567000216,-0.017651491455823787,0.10138813411668868,0.3223895413012497,0.3157675819292983,2.33,295.097,2.98,0.0,2.0
2022-08-22,274.0934387624706,274.4626845439324,269.3710544716456,269.88604736328125,25061100,49.18035055395924,5.69692184767456,6.460666432165372,-0.7637445844908122,13.523614730504338,0.3983789189049405,273.3195676448613,266.3032975310461,1,1.043305693468094,-0.029355127156672767,-0.051556782449412086,0.07537605706008654,0.34341048218625575,0.3216109525939917,2.33,295.097,3.03,0.0,2.0
2022-08-23,268.6130676269531,270.9645327816376,267.60250517889017,268.6130676269531,17527400,47.90345974683232,4.629422303072602,6.094417606346818,-1.4649953032742165,9.44995949625384,0.2593095644823029,272.8713295479177,266.39387675049346,1,0.7643929326994574,-0.004716730445181616,-0.053579519783093166,0.09974877451516306,0.32552301298976327,0.32086473799028364,2.33,295.097,3.05,0.0,2.0
2022-08-24,267.61232157638716,269.38079904214317,267.3207976827984,267.9815673828125,18137000,47.24809487712619,3.689929223831143,5.613519929843683,-1.92359070601254,8.498247467219693,0.189889956819072,272.40563791314577,266.4561391282315,1,0.8421329267148876,-0.0023509662047329627,-0.05330908215111341,0.02841220576770076,0.23658442658928727,0.3161030444707774,2.33,295.097,3.11,0.0,2.0
2022-08-25,269.4779423207206,271.1200957209209,266.7475042264658,270.9549255371094,16583400,50.6701312587545,3.148999635892608,5.120615871053468,-1.9716162351608606,8.278339066788936,0.3058012701529318,272.2674748297137,266.6325621246581,1,0.8013942754583212,0.011095383101664691,-0.039011351779614456,0.010969202201332795,0.21800327860723256,0.31668407833218204,2.33,295.097,3.03,0.0,2.0
2022-08-26,271.17840374249715,272.40273889149455,260.3927014141226,260.49957275390625,27549300,40.67755512827776,1.8552631311736718,4.467545323077509,-2.6122821919038373,9.513038082476388,-0.04690131655848564,271.1467222510654,266.39205273756977,1,1.3462975388273768,-0.03858705562365272,-0.06311357277724283,-0.04303245722062876,0.2522994229727843,0.32699441146444946,2.33,295.097,3.04,0.0,2.0
2022-08-29,258.3229611362696,259.82906392811554,256.3795873901303,257.72052001953125,20338500,38.50398386802329,0.5988184933249272,3.693799957126993,-3.094981463802066,10.874611622759781,-0.052794277547370164,269.8680363242526,266.05199263098,1,0.9968408987815736,-0.010668166189279571,-0.04507653308722015,-0.0439444393248436,0.25270136195557075,0.32724414604917756,2.33,295.097,3.12,0.0,2.0
2022-08-30,259.11978995833886,259.48900611595445,253.2799414950682,255.5245361328125,22767100,36.829312123915265,-0.5675777978711949,2.8415244061273555,-3.4091022039985504,12.205757947160635,-0.04284720383696062,268.5019886869726,265.6391511996793,1,1.115837401242918,-0.008520795653183977,-0.04872633937645143,-0.0410878674600732,0.25146496495739057,0.32593986269239456,2.33,295.097,3.11,0.0,2.0
2022-08-31,257.87594999656557,259.5472226690592,253.93087467584377,254.06692504882812,24791800,35.71881294985184,-1.5912295905748692,1.9549736067869106,-3.5462031973617796,13.756427155377418,0.0041588553452906315,267.12722072143504,265.18533840944986,1,1.2112915050364619,-0.005704387946630529,-0.051923878458801864,-0.07237950537618354,0.2260406243656729,0.3260032016338804,2.33,295.097,3.15,0.0,2.0
2022-09-01,251.5405573197411,253.5033836351562,248.1785292927467,253.02723693847656,23263400,34.91023207090494,-2.458040393198985,1.0723708067897315,-3.530411199988716,15.145142031322006,0.04927555131799099,265.784365123058,264.7085501164705,1,1.122454099977419,-0.004092182050661419,-0.06616483742856882,-0.08001877201006524,0.22409257228655183,0.32471841005148316,2.56,296.349,3.26,0.0,2.0
2022-09-02,254.29046300933095,257.2443697118644,247.265156339412,248.8101348876953,22855400,31.768830913612163,-3.445560810779341,0.16878448327591702,-3.614345294055258,16.847931713302362,0.028318542510735272,264.1677717673092,264.085082852597,1,1.0868246160635144,-0.016666593295672105,-0.04487315561647365,-0.09298524614967008,0.2284068974292757,0.32608792509227513,2.56,296.349,3.2,0.0,2.0
2022-09-06,248.94618474623337,250.53000941495105,244.80678924426493,246.07969665527344,21328200,29.893205614860292,-4.397806229865637,-0.7445336593523938,-3.653272570513243,18.640260563474563,0.04283405116099806,262.4450979471153,263.3789892762314,-1,1.0079980263689585,-0.010973983168548584,-0.045168399331863895,-0.09465082559446125,0.22896014206541013,0.3240936451502325,2.56,296.349,3.33,0.0,2.0
2022-09-07,247.4886209447781,251.50167728090952,246.05052865580473,250.7826385498047,24126700,36.81301917259879,-4.718586549758527,-1.5393442374336206,-3.1792423123249063,19.545799593702924,0.17388714779485603,261.3343875283238,262.88501473794014,-1,1.1383179417642189,0.01911145843583939,-0.01855750392808908,-0.08381937151177443,0.2408188641875362,0.3127053531138337,2.56,296.349,3.27,0.0,2.0
2022-09-08,250.21908643151144,253.056395384433,247.5760822267559,251.20046997070312,20319900,37.4041666970347,-4.882805814676942,-2.208036552882285,-2.674769261794657,19.87543706766308,0.21298391838430453,260.3692525228361,262.4267972960877,-1,0.9686913782706009,0.0016661098364489924,-0.011282283506891422,-0.10406426440331062,0.2178515100567904,0.2991463596331632,2.56,296.349,3.29,0.0,2.0
2022-09-09,253.1244786272513,257.72056908719554,252.9204326480466,256.97235107421875,22084700,45.05173274522407,-4.495388161387552,-2.665506874583339,-1.8298812868042136,19.738724722312238,0.340405749996795,260.04573809915826,262.21289744424973,-1,1.0477810793359204,0.02297719070425619,0.015591657971198769,-0.07664483744428241,0.2395058688578458,0.3019795366269297,2.56,296.349,3.33,0.0,2.0
2022-09-12,258.254948403488,259.8776786073918,257.65250725767163,259.1003112792969,18747700,47.5938237463043,-3.970874505996278,-2.9265804008659266,-1.0442941051303514,18.929919942063524,0.3993354787372833,259.95569744964763,262.09083524170256,-1,0.897706807942352,0.008280891684193437,0.04135754516690482,-0.0845946277853844,0.23133458406830068,0.29669014710081015,2.56,296.349,3.37,0.0,2.0
2022-09-13,251.5114389660081,253.0272681898394,244.4667087917609,244.8553924560547,33353300,35.69044578085206,-4.651025428486889,-3.2714694063901195,-1.3795560220967698,18.690169112233146,0.14705079901069923,258.51757316454353,261.41493552461833,-1,1.5407552972947753,-0.05497839332152288,-0.004975234510849691,-0.13952040676250166,0.29284208716519133,0.31412892468836817,2.56,296.349,3.42,1.0,2.0
2022-09-14,246.35176481752865,247.03194264420256,242.78567587282816,245.078857421875,23913000,35.96102730105055,-5.113077801501163,-3.6397910854123285,-1.4732867160888343,18.016988764978088,0.17722175198493617,257.2376954747656,260.77430501078527,-1,1.0900326490145467,0.0009126405736006316,-0.022743923426728485,-0.13649900959268246,0.293885656420222,0.3133861934452292,2.56,296.349,3.41,0.0,2.0
2022-09-15,242.69823034248557,244.2820698366611,237.111030916621,238.4325256347656,31530900,31.69026188659447,-5.94700766307372,-4.101234400944607,-1.8457732621291125,17.676917271334773,0.07136551493277897,255.4467269185751,259.898156799961,-1,1.3950645414624974,-0.027119156083172502,-0.05082770879141518,-0.15769614775123697,0.30175235461989547,0.3144491953148987,2.56,296.349,3.45,0.0,2.0
2022-09-16,237.34421807736703,238.35478067639863,235.20651003185853,237.8106384277344,39791800,31.315506949825604,-6.582208583521123,-4.59742923745991,-1.9847793460612122,16.89463730376436,0.08433478614630534,253.76709944325694,259.03197960889327,-1,1.6767128644283695,-0.0026082314288941033,-0.07456721536921329,-0.15656331582798277,0.3020631324854611,0.3144547179144135,2.56,296.349,3.45,0.0,2.0
2022-09-19,235.60491699915,238.19931916772865,234.0307890113476,237.5968780517578,26826900,31.179022149073035,-7.021914308068972,-5.082326251581723,-1.9395880564872492,16.10041221401434,0.10462769718994881,252.22707835835226,258.1913873909664,-1,1.1157013708742507,-0.0008988680127594018,-0.08299269545978838,-0.1454830891124579,0.3024996317043205,0.3108083503384792,2.56,296.349,3.49,0.0,2.0
2022-09-20,235.21624880625103,236.6154654509246,232.8550419915071,235.58547973632812,26660300,29.860238143755325,-7.446844706503214,-5.555229942566021,-1.8916147639371923,16.25160731999123,0.09840497969578624,250.64216420387376,257.30488120843154,-1,1.1050977136216682,-0.008465592359304996,-0.037858723987017284,-0.1270927784598761,0.29125605278723027,0.3027204627750634,2.56,296.349,3.57,0.0,2.0
2022-09-21,237.35396708033133,240.64798513191113,232.13599826014465,232.18458557128903,28625600,27.724926343629363,-7.966199456829401,-6.037423845418697,-1.9287756114107033,16.574828985315285,0.06528515883747882,248.884299572199,256.31977157560243,-1,1.1598823245540018,-0.014435924356821284,-0.05261274671437677,-0.13561693918128948,0.29241244734714505,0.3033331818626167,2.56,296.349,3.51,0.0,2.0
2022-09-22,231.1351727086708,236.95558294370812,230.8436784817332,234.15711975097656,31061200,30.81518560656238,-8.124965273014965,-6.4549321309379515,-1.6700331420770134,16.2347132853743,0.14396419084693843,247.48171101779687,255.45064797463672,-1,1.226457205661149,0.008495543211165968,-0.01793130309049429,-0.126219306656706,0.2973102679710478,0.29721662420492906,2.56,296.349,3.7,0.0,2.0
2022-09-23,232.75787437724335,234.30286782239332,228.54075677381343,231.18374633789065,34176000,28.815153742161897,-8.393954429497512,-6.842736590649864,-1.5512178388476485,15.190638972366163,0.09012737034929712,245.92952390542484,254.4990047731957,-1,1.3041494780597342,-0.012698197758189256,-0.027866255831349274,-0.1467815324647853,0.29035661568623955,0.2963655800561212,2.56,296.349,3.69,0.0,2.0
2022-09-26,230.33836671998023,234.61378285432556,230.19260479897667,230.72703552246097,27694200,28.509075968247828,-8.54547609088425,-7.1832844906967415,-1.3621916001875087,15.328496840302112,0.11881860421459427,244.4816678689521,253.5667706849316,-1,1.0565131654994901,-0.001975531682760101,-0.028913858572671702,-0.11429015762559958,0.26601292706813023,0.2953460010263151,2.56,296.349,3.88,0.0,2.0
2022-09-27,233.1854060427787,234.95388322610455,227.86056625784224,229.71649169921875,27018700,27.805295978933984,-8.647418482817585,-7.476111289120911,-1.1713071936966744,15.569137746345618,0.13282565502805332,243.07546061469176,252.63146562666836,-1,1.0177746202561209,-0.004379824067664795,-0.0249123504711668,-0.10866045248624445,0.26549193539804516,0.294359445388905,2.56,296.349,3.97,0.0,2.0
2022-09-28,230.10517219200625,235.46888802626256,228.0840616627681,234.24456787109375,29029700,35.4899513853008,-8.267527745033817,-7.634394580303493,-0.6331331647303244,15.30610656197116,0.2754870971070639,242.23442321053957,251.91041081272425,-1,1.0807793158369128,0.01971158508638493,0.008872175104717384,-0.08327954952497474,0.2798734462108525,0.2961302662611266,2.56,296.349,3.72,0.0,2.0
2022-09-29,232.1262942883284,233.15628008036532,227.77314091515188,230.7756500244141,27484200,32.62489511690295,-8.152398502402349,-7.737995364723265,-0.4144031376790842,15.291776504595605,0.2117724781735267,241.14311147852763,251.08159666416307,-1,1.018137337888814,-0.014808957484933605,-0.014441028870523454,-0.09167377855239434,0.2823657699824722,0.29592003943715595,2.56,296.349,3.76,1.0,2.0
2022-09-30,231.5432695900787,233.72956515957875,226.14069268839657,226.30587768554688,35694800,29.338350610585493,-8.32585573817164,-7.8555674394129404,-0.4702882987586996,15.635553108071749,0.13305973487706027,239.73004159348184,250.10999984147224,-1,1.2925330675952051,-0.01936847469997094,-0.021099531128864202,-0.10560665158520843,0.28714327958554736,0.2973525028023899,2.56,296.349,3.83,2.0,2.0
2022-10-03,228.7448264993668,234.76928257243105,228.01606129310665,233.9239196777344,28880400,40.36480058756002,-7.759166681483947,-7.836287287827142,0.07712060634319506,15.46268347474235,0.3537658770959652,239.17707760150589,249.47525159975703,-1,1.0344942457054576,0.033662590075423715,0.013855698132793082,-0.05982961753820859,0.3146109224004839,0.30608816929256566,3.08,298.007,3.67,1.0,2.0
2022-10-04,238.15073348619765,243.27152748723756,238.04384733649516,241.83343505859375,34888400,49.224124099724555,-6.595797484962247,-7.588189327254164,0.9923918422919167,15.293881119188052,0.5741029249437387,239.43006402599045,249.1755725197114,-1,1.2200695076344394,0.0338123411738136,0.052747381216497136,-0.01725563569199362,0.3381632319952574,0.3135865249281964,3.08,298.007,3.62,1.0,2.0
2022-10-05,239.0252719369114,243.48531136271737,237.18878424235805,242.14437866210935,20347100,49.541481635187324,-5.5843554909971544,-7.187422560002762,1.6030670690056077,14.711214111928678,0.5983326367808987,239.6885701818113,248.89983942725644,-1,0.7162847579633351,0.001285775903734132,0.03372462748149152,-0.03444520696347886,0.3301651654874402,0.30181677266024376,3.08,298.007,3.76,1.0,2.0
2022-10-06,240.9103348181627,243.25210389130189,239.11272288342423,239.8026123046875,20239900,47.151295938145864,-4.9150833761920865,-6.732954723240628,1.8178713470485413,13.951268279758283,0.550601140585762,239.69943133637094,248.54308542244982,-1,0.7126113108592079,-0.009670950737574513,0.039115748473976586,-0.04537355231598461,0.3310736136257762,0.3023586814414094,3.08,298.007,3.83,1.0,2.0
2022-10-07,234.0793326570868,234.48745414053244,226.568198214626,227.60791015625,37769600,37.11043384845513,-5.3075092881011585,-6.447865636212734,1.1403563481115757,12.487256814414707,0.19390872959061725,238.54785789064513,247.72209815710866,-1,1.2940695389010435,-0.05085308300538116,0.005753418709311342,-0.11427081861226274,0.36132921966328974,0.3201863236330537,3.08,298.007,3.89,2.0,2.0
2022-10-10,226.45159837907644,227.9188400230969,220.3105310476207,222.7591857910156,29743600,34.009329232204635,-5.941273877415,-6.346547284453187,0.40527340703818737,10.182658485166867,-0.005053350778618359,237.04417483353757,246.7431604172619,-1,1.0002394365439353,-0.021302969487773105,-0.04772805578027217,-0.14025890323654377,0.3611449591569912,0.32188782030069546,3.08,298.007,3.89,2.0,2.0
2022-10-11,221.17534309367792,222.5745744479787,217.7647277876426,219.0279235839844,30474000,31.806649929646014,-6.667756807182855,-6.4107891889991215,-0.25696761818373304,11.039718157665742,-0.06305257142744845,235.32834138119918,245.65628838458434,-1,1.0297874310446409,-0.016750205805347695,-0.09430255774634222,-0.10548049856286357,0.31417401271648027,0.32297577743603473,3.08,298.007,3.93,2.0,2.0
2022-10-12,219.0182257909204,221.4085821373912,217.61900908089987,219.3583221435547,21903900,32.22523935850839,-7.1345961769534085,-6.5555505865899795,-0.5790455903634291,11.33321693285456,0.009900738114655132,233.80738716809017,244.6249955908185,-1,0.7427049856808917,0.0015084768835129658,-0.09410111704616753,-0.10494799734619853,0.31434401019711106,0.3196435261338925,3.08,298.007,3.91,2.0,2.0
2022-10-13,213.62533838618924,229.41524810827983,212.92572273851556,227.60791015625,42551800,41.826916773995144,-6.760960785567704,-6.596632626385524,-0.1643281591821797,11.212222467946313,0.341814388662939,233.21696078601016,243.95765890710993,-1,1.416358262569731,0.03760781871451657,-0.05085308300538116,-0.04539907233586449,0.3370220483590724,0.32861681216259625,3.08,298.007,3.97,2.0,2.0
2022-10-14,228.8711152108653,230.52299472511268,221.8749728230323,222.0887451171875,30198600,37.952993955522686,-6.831453792178536,-6.643596859544127,-0.18785693263440884,11.535022775553285,0.168036644733437,232.15713072231276,243.10005444476005,-1,1.021484471786018,-0.02424856427561617,-0.02424856427561617,-0.06611097558330825,0.3461424508221737,0.33095505898792255,3.08,298.007,4.0,2.0,2.0
2022-10-17,229.1431876734247,232.1942836241064,228.48243294129364,230.8047637939453,28142300,46.39641425949165,-6.1135370933182855,-6.537584906298959,0.42404781298067373,11.243677743835786,0.5082069117864384,232.02833387199206,242.6178861839438,-1,0.9498159164864813,0.039245656830375175,0.036117828202504754,-0.02858671508441668,0.37683255343576655,0.33992090694299865,3.08,298.007,4.02,1.0,2.0
2022-10-18,236.35309991218537,237.0235513421654,228.70591479996747,231.7472991943359,26329600,47.23264685181727,-5.406208797675049,-6.311309684574177,0.9051008868991284,11.088882686432745,0.5527314594044862,232.00156866459625,242.19158865493958,-1,0.8891326283200305,0.004083691276112633,0.05807193622722884,-0.016292092985900397,0.3763553286123205,0.33998377615495023,3.08,298.007,4.01,2.0,2.0
2022-10-19,230.3286729708631,232.8259156019754,227.65653380190315,229.78453063964844,19985700,45.636042430721886,-4.946999119722506,-6.038447571603843,1.0914484518813374,11.073608489915628,0.4805672734776667,231.7904221860298,241.7050373602223,-1,0.6848948199810937,-0.008469434429272726,0.047530489813240484,-0.010336840086671906,0.37403977197078303,0.3360636003317777,3.08,298.007,4.14,2.0,2.0
2022-10-20,229.09459052619272,234.4777286286027,228.2200635500685,229.4638214111328,21811000,45.36619737143546,-4.55642704132535,-5.742043465548145,1.1856164242227951,10.978936055002569,0.4769728959271862,231.56884115984911,241.22498967594427,-1,0.7594841942428445,-0.0013956954701122015,0.008153983987677638,-0.02004337235115905,0.37253480066912326,0.30687976443106696,3.08,298.007,4.24,2.0,2.0
2022-10-21,228.09377738574145,236.11990546004,227.86056720320732,235.2648162841797,26299700,51.00904250102233,-3.735740755941208,-5.340782923626757,1.605042167685549,11.140608948393348,0.6955213800472042,231.92083879073775,240.99125738607117,-1,0.9285187732397131,0.0252806513783852,0.059327955408274624,0.017652927642777705,0.3807257222294966,0.30560911378828687,3.08,298.007,4.21,2.0,2.0
2022-10-24,236.858380322596,240.8228644348146,234.4680389836242,240.24957275390625,24911200,55.2830476943057,-2.652535990537359,-4.803133537008878,2.150597546471519,11.743682091447155,0.8514946390845681,232.71405154913475,240.96217171422157,-1,0.8838394320993174,0.021187853536524637,0.040921204591742866,0.041271874402938336,0.3871033580603984,0.3071498920271709,3.08,298.007,4.25,1.0,2.0
2022-10-25,240.2592898081023,243.9322649855091,238.86978470276068,243.5630340576172,34775500,57.91152908535233,-1.509321258480071,-4.144371081303117,2.6350498228230457,12.654012051792996,0.914740646983506,233.74728797851404,241.06416631592336,-1,1.217073431082786,0.013791746914384673,0.05098542638623371,0.06027665778793323,0.3884517886614054,0.30840350031990066,3.08,298.007,4.1,1.0,2.0
2022-10-26,224.62486794587923,231.55300056663893,223.54629485034351,224.7706298828125,82543200,42.61273383444849,-2.0955491232802217,-3.7346066896985377,1.639057566418316,12.86614516895456,0.292230384300673,232.8923681598758,240.4252041028602,-1,2.6414901727990503,-0.07715622466075522,-0.021820010001886603,-0.04044464328195141,0.4821770938028588,0.3474941001534821,3.08,298.007,4.04,2.0,2.0
2022-10-27,224.49853205636384,227.0735112053549,219.3874643636516,220.3300018310547,40424600,39.92849081322848,-2.885201692443019,-3.564725690247434,0.6795239978044152,13.506960870572984,0.17574036866896417,231.69595231903568,239.63715695494625,-1,1.2673978927283247,-0.019756264659991363,-0.0398050530314884,-0.04526321642796516,0.4842838337305017,0.343400956722415,3.08,298.007,3.96,2.0,2.0
2022-10-28,219.83443818188343,229.9011145363862,219.64981530818488,229.1917724609375,40647700,47.091110205211564,-2.7640736927657485,-3.404595290751097,0.6405215979853485,13.409893468541325,0.4555460798137474,231.4574589992168,239.22753403361259,-1,1.2645741472819139,0.04022044458873952,-0.025813650843169333,0.012752186575554214,0.5013949309190299,0.3542532743513424,3.08,298.007,4.02,2.0,2.0
2022-10-31,227.14153310691304,228.2686935125121,224.6054296076982,225.5576934814453,28357300,44.735444660436194,-2.9275714612656714,-3.309190524854012,0.3816190635883405,13.492106735145304,0.35217526674139554,230.89557656895286,238.69146185509624,-1,0.8829309247822859,-0.01585606211109325,-0.06115257190284451,-0.03576473157518412,0.48936010418272735,0.3552428982452375,3.08,298.007,4.1,2.0,2.0
2022-11-01,227.95774742393272,229.0654698713663,220.8935796720303,221.7097930908203,30592300,42.32138123381343,-3.3292603827184166,-3.313204496426893,-0.016055886291523436,13.061286130966915,0.2516797063306051,230.02074004722596,238.02551406041874,-1,0.9589332223282051,-0.017059495206008246,-0.08972314313356466,-0.08321281944697878,0.4739282915857631,0.356192476314036,3.78,298.786,4.07,2.0,2.0
2022-11-02,222.96325992629187,224.75116008206984,213.8099572114699,213.86827087402344,38407000,37.84002404237713,-4.231568171718266,-3.496877231485168,-0.7346909402330977,13.283833921862808,0.041844582255881654,228.4824096497781,237.07817119036403,-1,1.1707514839390132,-0.03536840708513356,-0.0485043753913631,-0.11677375268555246,0.48637851036035024,0.3616894483731187,3.78,298.786,4.1,2.0,2.0
2022-11-03,213.85859335870933,214.16954032295408,207.92158505441284,208.18394470214844,36633900,34.950868051858464,-5.343731995366653,-3.866248184261465,-1.4774838111051882,14.424277199196103,-0.05067486103030954,226.54922251190862,235.94506426925756,-1,1.0894799647584954,-0.02657863248552328,-0.05512666013691425,-0.13185289058638416,0.49183678704563366,0.35983582973465317,3.78,298.786,4.14,2.0,2.0
2022-11-04,211.39047595404304,215.31608428144708,207.38711607311453,215.1217498779297,36789100,40.88360785628484,-5.600745039810988,-4.2131475553713695,-1.3875974844396186,15.058930439339694,0.19374147376546644,225.460891784863,235.12846370489177,-1,1.0956930673901972,0.033325361308276014,-0.061389736777771375,-0.05485820009396303,0.4808071148248852,0.3680020850942384,3.78,298.786,4.17,2.0,2.0
2022-11-07,215.7047802940964,221.9430084136209,215.01487607123815,221.4182891845703,33498000,45.72201095255844,-5.235994346013285,-4.417716913499753,-0.8182774325135327,15.110973683645037,0.3814931700035118,225.07588201340656,234.59080980213406,-1,0.9921270756685707,0.02926965455707564,-0.018351864806666507,-0.006019489619176754,0.4880074933136918,0.37173856774288144,3.78,298.786,4.22,2.0,2.0
2022-11-08,222.22478388362,225.091257180639,219.44575884635148,222.3899688720703,28192500,46.45038815105983,-4.813038649636013,-4.496781260727005,-0.31625738890900834,14.929726031656996,0.40399949752354897,224.82008076185073,234.11234545193548,-1,0.8378220993948097,0.004388434627864202,0.0030678653016078528,0.015349847786858772,0.4842430918970399,0.371640732723802,3.78,298.786,4.14,2.0,2.0
2022-11-09,220.9324523344401,222.1567873542891,217.97853059362552,218.15342712402344,27852900,43.69706068336039,-4.764771407023545,-4.550379289986313,-0.2143921170372325,15.020208550042977,0.28128539219332876,224.18516136777194,233.48650551750757,-1,0.8204772146859262,-0.019050057741066273,0.02003642818304785,-0.005492816537604361,0.48938899649134204,0.37291349930999607,3.78,298.786,4.12,2.0,2.0
2022-11-10,228.764240055821,236.44057547213717,228.34642180511017,236.10047912597656,46268000,55.68154705507033,-3.24098213807423,-4.288499859603896,1.0475177215296663,15.521986937374194,0.7882830475863168,225.31995353522,233.58901428646715,-1,1.3555208514456902,0.08226802685868395,0.13409552049639895,0.03731227514850666,0.5508663818769152,0.41026401047192523,3.78,298.786,3.82,1.0,2.0
2022-11-11,236.1101955294159,240.9686298310699,235.0801950029828,240.1135406494141,34620200,57.84243031235205,-1.690065613374486,-3.7688130103580146,2.0787473969835286,16.283172403584906,0.8579441555788594,226.72886659371468,233.84487806540625,-1,1.007746240367048,0.016997261243575368,0.11617509984771845,0.08116032860069344,0.5441333441828083,0.4122739376883053,3.78,298.786,3.82,0.0,2.0
2022-11-14,235.138527902166,237.00416504738857,232.4372393956365,234.7109832763672,31123300,54.02353326445763,-0.8866733048257345,-3.192385069251559,2.3057117644258245,16.482719876111208,0.7037498523929003,227.48906818253874,233.87884297564003,-1,0.9020426694559784,-0.02250001127980983,0.06003430945451993,0.01692434514007357,0.5358609654513228,0.41369502917999484,3.78,298.786,3.88,1.0,2.0
2022-11-15,238.70460661108956,240.00666349429483,233.23400463788948,235.11907958984375,31390100,54.26914477113541,-0.21457565568741188,-2.59682318653873,2.382247530851318,16.667958555419876,0.7076590574467202,228.2157359356154,233.92747970560882,-1,0.9031521318810823,0.001738718434816544,0.057237791714858544,0.014549383778062364,0.535737937494484,0.4099447984548882,3.78,298.786,3.8,1.0,2.0
2022-11-16,236.58070947272424,237.5648885308963,234.271326294768,235.54782104492188,24093300,54.5438854181832,0.34864348071710083,-2.007729853087564,2.356373333804665,16.926355310737364,0.7078799530962464,228.91402975554936,233.99102250322895,-1,0.6891372634043008,0.001823507712883421,0.07973468100049352,0.025081281099429198,0.5346317188742987,0.4099987641575236,3.78,298.786,3.67,1.0,2.0
2022-11-17,231.6988319904281,237.02893923380267,231.5526741520921,235.49908447265625,23123500,54.503800171178824,0.7820510720701748,-1.4497736680560163,2.231824740126191,17.165416832055687,0.6957514936872737,229.54117782384526,234.05016218830454,-1,0.6601590508395413,-0.00020690733647810156,-0.0025471979368556497,0.02630158874025712,0.5345706149515457,0.41001869216653186,3.78,298.786,3.77,1.0,2.0
2022-11-18,237.28230020466623,237.5064287297349,232.91687900998215,235.0508728027344,27613500,54.109952297008,1.076948384252546,-0.9444292575943039,2.0213776418468496,17.15215674523251,0.684716149575887,230.06591067897756,234.0894057418116,-1,0.7868695778670616,-0.0019032416662064788,-0.02108447459059215,-0.0009093730410877354,0.527250516950286,0.40909758807206165,3.78,298.786,3.82,0.0,2.0
2022-11-21,235.2554806346632,238.41262379283273,235.02162809086872,235.8596343994141,26394700,54.745409642852415,1.3602369655066013,-0.48349601297412287,1.8437329784807241,16.75579330236047,0.7162292743430383,230.6176938904477,234.1588264734823,-1,0.750552435050671,0.003440793846183343,0.004893895918344882,-0.018272408579843247,0.5216264927002414,0.4019114452615925,3.78,298.786,3.83,0.0,2.0
2022-11-22,237.36023776801463,239.03625034999712,234.5539032214211,238.7634124755859,19665700,57.04529516213276,1.798325849026952,-0.02713164057390789,1.82545748960086,16.15684298414244,0.8100581529455055,231.39347661284182,234.33939847356478,-1,0.5714856120940824,0.01231146687548268,0.015499945355772704,-0.019705870394502778,0.521108854755004,0.4024528353947946,3.78,298.786,3.76,0.0,2.0
2022-11-23,238.8413830694947,241.93030944994973,238.02286939557064,241.2482147216797,19508500,58.96701377939141,2.3192819813990866,0.442151083820691,1.8771308975783956,16.90007804615378,0.838419790263398,232.33202309939782,234.6103324440791,-1,0.6240761898546712,0.010406964033268018,0.024200579107334086,0.07330844268870007,0.42942709581073296,0.4028567777174442,3.78,298.786,3.71,0.0,2.0
2022-11-25,240.9851181755742,242.33956874564888,240.4199497182592,241.1605224609375,9200800,58.86692059753552,2.694012537455933,0.8925233745477394,1.8014891629081935,17.201244279524282,0.8023467353778746,233.1728325624016,234.86720264081865,-1,0.30980569295908245,-0.0003634939261347725,0.024040169841673453,0.09454237033890323,0.4207561880363583,0.40273586055877636,3.78,298.786,3.68,0.0,2.0
2022-11-28,239.78659687966393,240.3420116090235,234.64163211456452,235.5770721435547,24778200,52.72963670904904,2.5115004117553212,1.2163187819892558,1.2951816297660654,17.345031343006575,0.6511766716299122,233.40180776060666,234.8950406605338,-1,0.8572247012123103,-0.023152422545805407,0.0022386615056813053,0.02786007374547217,0.4106107243491431,0.4053368943734297,3.78,298.786,3.69,1.0,2.0
2022-11-29,235.2262209095606,236.58067124825368,232.1178172281639,234.18359375,17956300,51.29236175436807,2.228724824193449,1.4187999904300945,0.8099248337633547,17.31983534335095,0.6053029104907325,233.4762635691203,234.86714078168933,-1,0.6325961975107354,-0.0059151698460091495,-0.007106093646256695,0.03824254511302794,0.40650523787643733,0.4041584306383599,3.78,298.786,3.75,1.0,2.0
2022-11-30,234.41749940509243,248.80001134833023,233.72565090628407,248.6148681640625,47594200,62.647529198171824,3.1329911994568818,1.761638232235452,1.3713529672214297,18.240119100262476,0.9095358240964503,234.91803543530528,235.40626734570398,-1,1.6279766999935181,0.06162376357358501,0.04126032370844901,0.12135266872140771,0.4483113402108077,0.42231682238924206,3.78,298.786,3.68,0.0,2.0
2022-12-01,247.3773100588765,249.5697666639808,244.50275881700492,248.1763458251953,26041500,62.1732091562809,3.7707765638766375,2.163465898563689,1.6073106653129483,17.77640912936545,0.8651335398973634,236.18073166291387,235.9070547370566,1,0.910003910275428,-0.0017638620815622064,0.02871785439535124,0.16041685291120467,0.42171925588295395,0.42051608671068813,4.1,298.832,3.53,0.0,2.0
2022-12-02,243.4309016655963,249.5113051745396,243.30422163631067,248.49790954589844,21528500,62.39803080299865,4.253145946040775,2.5814019080591066,1.671744037981668,15.616420628278258,0.8659223049905181,237.35379622319812,236.40081374916804,1,0.7726932082964247,0.001295706565562993,0.030425324220092476,0.19364588802190164,0.40267222120102064,0.4205098619537815,4.1,298.832,3.51,0.0,2.0
2022-12-05,245.56491592032455,247.3286382131055,241.7159389367775,243.80120849609375,23435300,57.063372380698205,4.207936165175937,2.906708759482473,1.301227405693464,13.75017394642686,0.7245418665525766,237.96783548728342,236.691025307871,1,0.8617835952482078,-0.018900364427159033,0.034910597528470255,0.13331733604081486,0.40387238911194556,0.41951243554718887,4.1,298.832,3.6,0.0,2.0
2022-12-06,244.4053559887348,245.4187517382797,237.54539368771617,238.8511199951172,22463700,52.01587215919499,3.729682853421309,3.0713035782702405,0.6583792751510686,12.410359494414019,0.5502455171040344,238.05195782136283,236.7757349034493,1,0.8431612437920467,-0.02030378984383041,0.01993105567463438,0.07873256935887163,0.405256067969172,0.4209787214836352,4.1,298.832,3.51,1.0,2.0
2022-12-07,238.5685424627585,239.86452986599545,236.01555299377063,238.12030029296875,20481500,51.29447984791423,3.254180449414548,3.107878952499102,0.14630149691544592,10.939860809308161,0.4985731907742744,238.05846662818246,236.82846295794025,1,0.780048966577464,-0.0030597290151428425,-0.04221214905042736,0.07073309781318105,0.40597309671260196,0.40499577364466227,4.1,298.832,3.42,1.0,2.0
2022-12-08,238.57825833331165,242.3785254696705,236.8437826963573,241.07278442382812,22611800,54.0660834069756,3.080076953017283,3.1023185526027386,-0.022241599585455685,7.75584496509554,0.5953309084535637,238.34554451348205,236.99490693699468,1,0.8698642758138893,0.012399128202118082,-0.02862303970891178,0.10506072538926792,0.3979959461099842,0.4058357559278665,4.1,298.832,3.48,1.0,2.0
2022-12-09,238.44187570641893,241.9595517487918,237.9156925694342,239.1434631347656,20609700,51.9843403269573,2.754664515937293,3.0327877452696494,-0.27812322933235656,7.65404101101834,0.48296988479391023,238.4215367631281,237.0791640427896,1,0.8340052481181496,-0.008003065520953201,-0.03764396420165872,0.012888512636882066,0.2878679389606734,0.4022045994530156,4.1,298.832,3.57,1.0,2.0
2022-12-12,241.1215045410221,246.08132507137833,240.8486666838132,246.05209350585935,30665100,58.1920721487434,3.019435376706184,3.0301172715569566,-0.010681894850772533,8.01184963897246,0.8279557364298128,239.14825645291202,237.43104362957666,1,1.2509239633253868,0.028889062157640977,0.00923246042810999,0.0247322697436545,0.29928381080742766,0.406351732996672,4.1,298.832,3.61,1.0,2.0
2022-12-13,254.99733220148903,257.1703110963209,246.59779176063924,250.34933471679688,42196900,61.52418945669661,3.53526728300497,3.1311472738465596,0.4041200091584103,8.607832072692633,0.9740397265710314,240.21502581137725,237.93764328005588,1,1.6833216050653352,0.017464761830344733,0.04813967262081387,0.06662811949458658,0.29037002226310976,0.4077826801935562,4.1,298.832,3.51,0.0,2.0
2022-12-14,250.55396789409684,255.87432140305884,247.8060815675071,250.64166259765625,35410900,61.74753958362228,3.922440746720639,3.2894059684213754,0.6330347782992636,9.053699042077676,0.9271007123050585,241.2080388386419,238.43584011604023,1,1.4013751410837447,0.001167679878958161,0.05258418660350239,0.06602009090411154,0.29041582614997663,0.4073146159488406,4.1,298.832,3.49,0.0,2.0
2022-12-15,247.2311972093182,247.69891720696873,241.0143588134877,242.6416473388672,35560400,52.72692494206593,3.5429037446945415,3.3401055236760087,0.20279822101853284,8.779409052652065,0.5460197074147783,241.34457298152049,238.6007737326217,1,1.3760680999000272,-0.031918138332936,0.006507839193829801,0.03011628917846121,0.3168286138343565,0.4118635084161618,4.1,298.832,3.44,1.0,2.0
2022-12-16,242.19339565744824,243.4503976711588,237.28228413602537,238.43211364746097,86102000,48.69571790265815,2.869367465790475,3.245957912098902,-0.37659044630842686,8.553006726124629,0.33658426560762006,241.06719590208624,238.594159611635,1,2.969960291070044,-0.017348768183754082,-0.0029745721584024665,0.012454524744215156,0.323920314900473,0.41321777498769086,4.1,298.832,3.48,2.0,2.0
2022-12-19,238.59777136210013,238.93882615281237,232.60506192023936,234.3005523681641,29696400,45.05481759276797,1.9793855216819338,2.9926434340155086,-1.0132579123335748,8.639349941437436,0.14219002077506157,240.42275366076032,238.4257828569891,1,1.0206665348002697,-0.017328040321807014,-0.04776037858590876,-0.0031921618738255386,0.3301871970959464,0.41396493074894686,4.1,298.832,3.57,2.0,2.0
2022-12-20,233.27741342411088,236.69765578039272,232.32248078286008,235.6160430908203,25150800,46.42826489952393,1.364488551647156,2.6670124575418384,-1.3025239058946823,8.663025331827624,0.20654158698531733,239.9649717017184,238.31559698380602,1,0.866285880402619,0.005614543838501795,-0.058850931809518614,-0.0010327808283687734,0.3305887655591641,0.41408407253637625,4.1,298.832,3.69,2.0,2.0
2022-12-21,235.5088410448142,239.33832514030232,233.9692473656318,238.1787567138672,23690600,49.097684776442605,1.0716149347786939,2.3479329529892095,-1.2763180182105156,8.694289957533059,0.3308878839512323,239.79485598858972,238.31023069871037,1,0.8103740299659764,0.010876651646590352,-0.049723999412640385,-0.0024486823825174975,0.32992719819908745,0.41451334138933044,4.1,298.832,3.68,2.0,2.0
2022-12-22,235.08983601075408,235.8011771653982,227.88883383804284,232.09835815429688,28651700,43.55255778923876,0.3448973733943319,1.947325837070234,-1.602428463675902,9.382249268330428,0.09459725522320417,239.06185619484754,238.06662785383142,1,0.9649858889712362,-0.025528719032129832,-0.04345210024825552,-0.037927147265892525,0.33957713129870254,0.4160977988047217,4.1,298.832,3.67,2.0,2.0
2022-12-23,230.07156785961823,232.76097644811597,227.95706665386177,232.6245574951172,21207000,44.140521196264466,-0.18642267598261242,1.5205761344596649,-1.7069988104422773,9.907357106699347,0.15534232344330892,238.44878012820655,237.85321332996028,1,0.7000944980667099,0.002267139436076926,-0.02435727328631021,-0.03539536603551252,0.33986627985473344,0.41498195673308225,4.1,298.832,3.75,2.0,2.0
2022-12-27,232.59533192984796,232.81944560087155,229.79873588689108,230.89984130859375,16688600,42.57516077194642,-0.7381587902201829,1.0688291495236955,-1.8069879397438784,10.393866362400122,0.11154324112817174,237.7298335739577,237.58053207422043,1,0.5583872263476488,-0.007414162137888813,-0.014514310893414817,-0.019854355062663975,0.33099915230067845,0.41326561440951215,4.1,298.832,3.84,2.0,2.0
2022-12-28,230.83156525643545,233.58919012039783,228.18112775003155,228.53192138671875,17457100,40.454005422078346,-1.3509125055106495,0.5848808185168265,-1.9357933240274758,11.070594342707949,0.056482351669490935,236.85384193707782,237.2256845962792,-1,0.5845888370191263,-0.010255182110369243,-0.030066380927087022,-0.024133511117412576,0.3322255991301331,0.40810589154351234,4.1,298.832,3.88,2.0,2.0
2022-12-29,229.62330203859167,235.73295246137508,229.62330203859167,234.84622192382812,19770700,47.90711506958692,-1.3118903022165682,0.2055265943701476,-1.5174168965867159,10.797172076502996,0.3145841410196414,236.66264003105402,237.13237233461444,-1,0.6944151261230282,0.02762984050015671,-0.013991738121475583,-0.05538142727307993,0.26653406540360636,0.4061745220488144,4.1,298.832,3.83,2.0,2.0
2022-12-30,232.11782042896937,233.8230644334272,230.6074584798828,233.6866455078125,21938500,46.74987303262137,-1.358868856443621,-0.10735249579260613,-1.251516360651015,10.515987056022654,0.29173180304641994,236.3792119812215,236.99724579238693,-1,0.7761483287612689,-0.004937598767893903,0.006843164967413218,-0.0583846952424254,0.266602085893361,0.406259210083414,4.1,298.832,3.88,2.0,2.0
2023-01-03,236.86327747897744,239.46499095764855,231.32853465622568,233.45278930664065,25740000,46.50588624594868,-1.3988449265845588,-0.3656509819509967,-1.033193944633562,10.048092688694656,0.30300728742984806,236.10050505983284,236.85824749882826,-1,0.9039052816829073,-0.0010007255684794103,0.003560379954901549,-0.06054425273335706,0.2662349155019444,0.4058154393219786,4.33,300.42,3.79,2.0,2.0
2023-01-04,226.33947913786812,226.91438642438956,220.18111974505624,223.2408142089844,50623400,37.34116474921197,-2.228854448854662,-0.7382916753317298,-1.490562773522932,11.225566447076247,-0.02209359562194162,234.8757725978473,236.3242305070697,-1,1.696731179681886,-0.04374321304100082,-0.033170343713546324,-0.08433261842276207,0.30004400314263746,0.40202157181320597,4.33,300.42,3.69,2.0,2.0
2023-01-05,221.3894046220388,221.7304593927792,216.0885291034545,216.6244659423828,39585600,32.827379835366415,-3.381546620631582,-1.2669426643917003,-2.1146039562398817,13.552484256187075,-0.10658632286487163,233.1375529163745,235.55169072021923,-1,1.2897720524952239,-0.029637717861070723,-0.052104123450597895,-0.09305652011675203,0.30866072637255826,0.4043243527155374,4.33,300.42,3.71,2.0,2.0
2023-01-06,217.2968412887799,219.98624975653695,213.7401949012042,219.1774749755859,43613600,36.04014617088121,-4.042458038940509,-1.8220457393014622,-2.2204122996390474,14.933995385833859,0.04700950800058982,231.80802168391844,234.90956461258656,-1,1.3694065724833855,0.011785414090216939,-0.06671917827711249,-0.0795514926450065,0.31422535115042505,0.40361026788805443,4.33,300.42,3.55,2.0,2.0
2023-01-09,220.65858404237193,225.3260890868295,220.6196135764492,221.3114471435547,27369800,38.68017600088039,-4.34396683431396,-2.326429958303962,-2.017536876009998,15.636370533505756,0.15082470698015346,230.80834791816952,234.37630510399708,-1,0.8530020781364339,0.00973627498996632,-0.05295637813348686,-0.08197249360811787,0.3125292021560234,0.40408781657485876,4.33,300.42,3.53,2.0,2.0
2023-01-10,221.93508808498305,225.39430067277652,221.516092367223,222.99722290039065,27033900,40.760395941153604,-4.3962099402941135,-2.7403859547019924,-1.655823985592121,16.081705081472812,0.22577273265538528,230.06443124980962,233.9300665862086,-1,0.8341826698325858,0.007617209948215908,-0.04478664160451129,-0.06751696250746353,0.3149481127485363,0.3970986777805898,4.33,300.42,3.61,2.0,2.0
2023-01-11,225.3748137271428,229.91563904515135,225.1994243157805,229.74024963378903,28669300,48.313496552427296,-3.8491366236223428,-2.9621360884860626,-0.8870005351362802,15.368851618642127,0.42360716102938484,230.0335568101886,233.7657600390549,-1,0.8873784893211745,0.030238164608939577,0.02911401057120422,-0.06629426980137387,0.31674179761485394,0.3985627054486646,4.33,300.42,3.54,2.0,2.0
2023-01-12,229.24327425256297,233.7646067249311,227.58675433530573,232.41015625,27269500,50.97866189893685,-3.163669119824249,-3.0024426947537,-0.16122642507054863,13.709263728221222,0.5263808127935019,230.25989961398017,233.71259910615078,-1,0.864011806793659,0.011621414273149222,0.0728712255051367,-0.07165658533540842,0.3123685362451926,0.39137110855246104,4.33,300.42,3.43,2.0,2.0
2023-01-13,230.9387760451997,233.24815904771603,228.91196981298216,233.1117401123047,21333300,51.683694061882434,-2.534601917065544,-2.908874539216069,0.37427262215052526,11.522226027272502,0.5908753988060309,230.53150347096346,233.6890360083529,-1,0.6913464782269269,0.0030187315116727564,0.06357526081670084,-0.06994017795633423,0.3128201387908284,0.39133128924202265,4.33,300.42,3.49,2.0,2.0
2023-01-17,231.8839729382192,234.74878549049157,231.02647397875015,234.20310974121097,29831300,52.82041750719985,-1.9257978200960508,-2.7122591953920656,0.7864613752960148,10.631970161378826,0.660476081877266,230.88118025860607,233.70919576258262,-1,0.97579891894827,0.004681744593303172,0.05825122362194857,-0.034777779042487134,0.2946945579578532,0.39102556942074074,4.33,300.42,3.53,1.0,2.0
2023-01-18,235.39190402162816,236.18118605908887,229.49662855484155,229.7792053222656,30028700,47.90089165222529,-1.7797721955475652,-2.5257617954231657,0.7459895998756005,10.141824555927206,0.497324195405806,230.77623026466887,233.55507849041334,-1,1.0814337197924624,-0.018889178815062246,0.030412855970427755,-0.03629086784001467,0.295855630785651,0.39302876756244787,4.33,300.42,3.37,2.0,2.0
2023-01-19,227.80115166394185,229.49665708491057,224.78042720405,225.9984588623047,28623000,44.119044131578804,-1.9466803589261303,-2.4099455081237586,0.4632651491976283,10.095953564706894,0.35200335990323245,230.32120441682466,233.25874046578164,-1,1.0328060151938636,-0.016453823376481824,-0.016287049297843303,-0.03543352084298146,0.2952487013418359,0.39098610197444417,4.33,300.42,3.39,2.0,2.0
2023-01-20,228.85349649877787,234.58312126827647,228.5124417411465,234.076416015625,35389800,52.70994839619253,-1.4108690290128436,-2.210130212301576,0.7992611832887322,9.97198700380338,0.7066802957364122,230.6788436167104,233.29080617361865,-1,1.2538116763510792,0.035743416986051324,0.007169479133401602,-0.006534474711477278,0.3224113783013736,0.3953823828486239,4.33,300.42,3.48,2.0,2.0
2023-01-23,234.93392297440505,238.89982582882288,233.52099453170575,236.3760681152344,31934000,54.83852108635373,-0.7915475172428614,-1.9264136732898332,1.1348661560469717,9.754149555770919,0.8182458730266361,231.22143642609365,233.41179683799575,-1,1.1150941722763579,0.009824364789726925,0.014003275859710396,-0.007568637201337047,0.3219547140392834,0.39486512673416246,4.33,300.42,3.52,2.0,2.0
2023-01-24,236.29809562061268,237.71100909494393,234.2907822182258,235.849853515625,40234400,54.23693295723645,-0.3392808590757568,-1.608987110447018,1.2697062513712611,10.012816700711753,0.7787016815583024,231.66223805366806,233.50740690378515,-1,1.3770851462714868,-0.0022261754491696983,0.007031263488489259,0.016163386036682548,0.3077641006307015,0.3581912379295999,4.33,300.42,3.46,2.0,2.0
2023-01-25,228.4832349642451,237.07767305092727,224.99479068566467,234.4564666748047,66526600,52.59171165381107,-0.0922278024111165,-1.3056352488398377,1.2134074464287212,10.120686786038467,0.7116983593165347,231.9283550652049,233.54462493402121,-1,2.1130922650295534,-0.0059079402427019145,0.02035545969435848,0.007874960405785947,0.30861966544105707,0.3558654106876504,4.33,300.42,3.46,2.0,2.0
2023-01-26,237.4186997744048,241.95952488467353,235.8109041029407,241.6574554443359,33454500,59.43932848167598,0.6768211643675102,-0.9091439661983682,1.5859651305658784,11.090147345967681,0.9538772248283065,232.85493605369356,233.862775150112,-1,1.0350588697563685,0.03071354299439788,0.0692880679844452,0.046589958982972135,0.32452259778685805,0.35211184526310885,4.33,300.42,3.49,1.0,2.0
2023-01-27,242.62215978962465,243.4406734697651,240.51739758193492,241.8133850097656,26498900,59.575488928867514,1.284078170175718,-0.470499538923551,1.754577709099269,11.886967686327763,0.9037073019260243,233.70812166855757,234.1745637720592,-1,0.808548019371784,0.0006452503819631694,0.03305317607744018,0.058116448426354106,0.32120091629155767,0.35035460094271564,4.33,300.42,3.52,1.0,2.0
2023-01-30,238.25668467337113,239.31881937180844,236.00576498796437,236.5027313232422,25867400,53.04434680173568,1.3215740695885358,-0.11208481722113366,1.4336588868096696,11.984675970275708,0.7053044198080941,233.97427496900372,234.2658644603409,-1,0.7820057122083905,-0.02196178547481542,0.0005358546193687808,0.007053591860427533,0.31928297686066,0.35162165061303424,4.33,300.42,3.55,2.0,2.0
2023-01-31,237.22382584140612,241.60873949787776,236.73661321290928,241.47232055664065,26541100,57.71584679157901,1.7323249943615338,0.2567971450953998,1.475527849266134,12.587251358092969,0.8525279076202097,234.68837454877865,234.54847058176443,1,0.7968289084992212,0.02101281962196966,0.023839179703553093,0.03331673075245489,0.3266076856584799,0.345245570013432,4.33,300.42,3.52,2.0,2.0
2023-02-01,241.65746031930016,248.65382642873757,239.19216564342997,246.28598022460935,31259900,61.691455967208725,2.4183924446129765,0.6891162049989152,1.7292762396140613,13.762400909519338,0.9522817882494033,235.7929084226673,235.0087650775623,1,0.9307863174569145,0.019934622969921545,0.050455053416003315,0.05497124688928978,0.3326258645850857,0.34175621529949174,4.57,301.45,3.39,2.0,2.0
2023-02-02,252.20076959193375,257.9206414880855,250.67091469575905,257.83294677734375,39940400,69.17775990348878,3.849475186827391,1.3211880013646105,2.5282871854627804,16.30685740578135,1.1366230048533914,237.89195969454124,235.90383102657333,1,1.2084749737142684,0.046884384333220064,0.06693561886293109,0.15495433794635916,0.31636191641432526,0.3476346028161684,4.57,301.45,3.4,2.0,2.0
2023-02-03,252.90233575146593,257.44316094972766,250.52473578092375,251.7427673339844,29077300,62.26627220790826,4.4409989160228065,1.9451501842962498,2.4958487317265567,16.097762024035827,0.9329744882406457,239.21108423163108,236.5249657837267,1,0.8940029980167463,-0.023620640881937494,0.04106217000278045,0.1621160437202982,0.30733012402984566,0.3477033979101855,4.57,301.45,3.53,2.0,2.0
2023-02-06,250.85601820717645,251.6940095797821,248.26404368586972,250.20314025878903,22518000,60.61745364710476,4.73101450508031,2.502323048453062,2.228691456627248,15.593226663022616,0.8603805966519629,240.25794671040802,237.06136478274877,1,0.7155373576563498,-0.006115874118253317,0.05792917848725265,0.14155499002194016,0.31060600230753393,0.3480815345157331,4.57,301.45,3.63,2.0,2.0
2023-02-07,253.86695619791232,261.8962090659223,253.428453032111,260.7171630859375,50841400,67.03675815783603,5.743045468415488,3.1504675324455476,2.5925779359699406,16.5478712946067,1.0529414251471765,242.20644350807748,237.9890431475797,1,1.5574674817923924,0.04202194591272379,0.07969792349257143,0.17805547996268856,0.3339467635246457,0.3543229692004367,4.57,301.45,3.67,1.0,1.0
2023-02-08,266.2129170553421,269.68186761331265,259.4016662079421,259.90838623046875,54686000,66.14362409287007,6.405981596878121,3.8015703453320624,2.6044112515460585,16.930974765171733,0.9711555838002652,243.8923428149719,238.84862522926164,1,1.607171406538013,-0.003102123565229764,0.05531133357016893,0.1655229731114891,0.3363530337470425,0.31700826988866937,4.57,301.45,3.63,2.0,2.0
2023-02-09,266.7976013623995,266.97302049431784,256.07892442365,256.8779602050781,42375100,62.769124522620444,6.610629973598293,4.3633822709853085,2.2472477026129845,17.254239478322926,0.8546923471267212,245.1290682806963,239.55565797341131,1,1.220778801741093,-0.011659593094866305,-0.003703896589640765,0.11812344861010282,0.33238340048171533,0.31654574764431964,4.57,301.45,3.67,2.0,2.0
2023-02-10,254.8414221498629,257.3359482905629,253.99367698119255,256.37127685546875,25818500,62.19775935684864,6.655213021788001,4.8217484211458475,1.833464600642153,17.49222484750436,0.8080810190798632,246.199754811627,240.2150940080018,1,0.7453597074740653,-0.0019724671949468142,0.01838586891890226,0.10309842302973249,0.33262860083861445,0.31269067103244913,4.57,301.45,3.74,2.0,2.0
2023-02-13,260.7952252232444,267.5772176000691,260.31773656170196,264.381103515625,44630900,67.26984843844632,7.25326040825351,5.30805081856738,1.9452095896861303,18.475300205860613,0.9323422036754524,247.93131183105538,241.1627806553596,1,1.2465387810141142,0.0312430735548892,0.05666580859925041,0.13413894722014374,0.3448947386489907,0.3184028528783448,4.57,301.45,3.72,1.0,1.0
2023-02-14,265.69656324255214,267.9377295681392,262.39324715689656,265.2093505859375,37047900,67.75168290170294,7.70522880601348,5.7874864160566,1.9177423899568797,19.25124237794302,0.8970816491618189,249.57683933152035,242.1057833977352,1,1.0244218877584739,0.0031327771134126436,0.017230118059083477,0.13239038917539436,0.3450344889635197,0.3184117700501556,4.57,301.45,3.77,2.0,1.0
2023-02-15,262.1126422431033,264.4668924311176,260.0221350925757,263.0895080566406,28922400,65.10973559738602,7.802421977921227,6.190473528429526,1.6119484494917016,18.945841103259067,0.8202225336085829,250.86376016248417,242.92867456082953,1,0.8009665080051925,-0.007993091211201397,0.012239396628591637,0.1449665677434009,0.33641870700891147,0.3190432941286462,4.57,301.45,3.81,2.0,1.0
2023-02-16,257.91212263576193,260.569199060256,255.8411717100615,256.08538818359375,29603600,57.17640485077998,7.230920775407412,6.398562977825104,0.8323577975823087,17.167102886855766,0.6526598044102215,251.3610580692565,243.44462411466344,1,0.8187197416478963,-0.026622573909480862,-0.003085402970545381,0.13312891367821367,0.3478191649135889,0.3243975580847566,4.57,301.45,3.86,2.0,1.0
2023-02-17,253.3892752747082,254.07306355868084,250.07768536596615,252.09002685546875,30000100,53.19473323595196,6.382041484864857,6.395258679233055,-0.013217194368198015,16.150220522956882,0.5406417834271319,251.43048366794338,243.78365951626367,1,0.8359153744386847,-0.015601676286429278,-0.01669941364926608,0.0769561117965909,0.33854562913244857,0.3262624137200097,4.57,301.45,3.82,2.0,1.0
2023-02-21,248.59281657060217,249.57946061577636,245.7696748690076,246.82469177246097,28397400,48.410194663126546,5.22420856987091,6.1610486573606265,-0.936840087489716,15.34837668699949,0.3924209291956282,250.99183682075457,243.90291568317338,1,0.795176087425855,-0.020886725066781686,-0.06640569809909447,0.0442033905570034,0.348796724893669,0.32855355740818104,4.57,301.45,3.95,2.0,1.0
2023-02-22,248.21182862519024,248.45604507625345,244.54858185924243,245.69151306152344,22491100,47.42163023224196,4.167143356739615,5.762267597236424,-1.5951242404968093,14.444487494158183,0.3411669983055901,250.48704408178017,243.97305675683418,1,0.6458334081121495,-0.004591026541145959,-0.07359407758924241,0.04172849547793511,0.34929431785203424,0.3280774876237265,4.57,301.45,3.93,2.0,1.0
2023-02-23,249.64786195781076,250.89824919216971,244.6853811001648,248.8761444091797,29219100,50.48201848921774,3.5455142134242976,5.318916920473999,-1.7734027070497014,13.06183945933741,0.3996490179798382,250.33362506534203,244.165334703985,1,0.88651392388549,0.012961910275096855,-0.05402482125741381,0.06150258058087754,0.3499808200677944,0.3290832674460599,4.57,301.45,3.88,2.0,1.0
2023-02-24,244.17741496448653,245.19334897539824,242.36044373441328,243.45452880859375,24990900,45.614307991522644,2.585584560769547,4.772250448533109,-2.186665887763562,12.888790798687817,0.22883114841567923,249.67847304088983,244.13745996298925,1,0.7680912160760405,-0.021784392447321888,-0.04932284291809974,0.007436449088456865,0.34512166314192694,0.3286604785938092,4.57,301.45,3.95,2.0,1.0
2023-02-27,246.6195667228616,246.9712390360351,243.62058131527203,244.37277221679688,21190000,46.55427961960839,1.8772877593636963,4.193257910699226,-2.31597015133553,12.649563171469888,0.24859510394503753,249.17316820050002,244.14668789451113,1,0.6566282187448919,0.003771724488744521,-0.030613089835150098,0.010584142010699349,0.34533216827254076,0.32844451968709515,4.57,301.45,3.92,2.0,1.0
2023-02-28,243.30797773153637,245.67199123491113,242.9758320232588,243.64987182617188,22491000,45.88195757926814,1.2432935076213596,3.6032650300836533,-2.3599715224622937,11.71244268429355,0.1923736611101158,248.64713997437352,244.127204911439,1,0.7006082622930802,-0.0029581871338091315,-0.0128626513153548,0.030220118232635818,0.3351357009222457,0.30453196910497127,4.57,301.45,3.92,2.0,1.0
2023-03-01,244.9589030496448,245.12496847434377,240.10387803031043,240.57278442382812,27565300,43.0331265266319,0.48694011581150676,2.980000047229224,-2.4930599314177173,11.826647175112035,0.0938387110379338,247.87815373146444,243.98781587270918,1,0.8573081811315567,-0.012629136142288,-0.020833966032898887,-0.0037252142636428065,0.33060776617085125,0.30557550147029905,4.65,301.821,4.01,2.0,1.0
2023-03-02,240.8462903940092,245.5840810609681,239.9280340639678,245.30079650878903,24808200,48.340707611311934,0.26596973167463034,2.4371939841183057,-2.1712242524436753,11.900687022100307,0.2551660877003936,247.63269113882868,244.0393053094182,1,0.7793789209358378,0.019653146120765408,-0.01436597271658302,-0.00400016158013472,0.33038851472153224,0.30829222624442654,4.65,301.821,4.08,2.0,1.0
2023-03-03,246.35583390228535,249.70647705919305,245.57433813705987,249.3841094970703,30760100,52.460258259384496,0.41554816218041424,2.0328648197307273,-1.617316657550313,11.817046983525975,0.4041828351400903,247.79949288723265,244.24890547363987,1,0.9805042535927666,0.016646146471583023,0.024356008974219856,-0.03276864879324204,0.2901760760604671,0.30761752638646933,4.65,301.821,3.97,2.0,1.0
2023-03-06,250.49772786752465,254.1023656002355,250.0581411721239,250.92755126953125,24109800,53.95493323656952,0.651127208816547,1.7565172975478913,-1.1053900887313444,11.8266289566586,0.4573585868488503,248.09740320935632,244.51081315191013,1,0.7746533630387998,0.006189014109894808,0.02682286980367543,-0.0032382899142902044,0.2790297332975135,0.30472487028694734,4.65,301.821,3.98,2.0,1.0
2023-03-07,250.370733142572,251.72859113392445,247.52806453283253,248.27047729492188,21473200,50.98316576961592,0.6163171167954715,1.5284772613974074,-0.9121601446019358,11.89093434183653,0.3721604892600002,248.11388645560066,244.65825096144002,1,0.6910988024241176,-0.01058900850530875,0.01896412025222194,-0.007724375329055344,0.2807643303956046,0.3055328455659249,4.65,301.821,3.97,2.0,1.0
2023-03-08,248.1630024049233,248.65143534651415,245.00772977586783,247.83087158203125,17340200,50.48770004418303,0.5469524337928817,1.3321722958765023,-0.7852198620836206,11.575383803938541,0.3753719376150362,248.08693265811786,244.78266745636517,1,0.5898821746058313,-0.0017706725249028166,0.030170025988543347,-0.04942632602848118,0.23395127559975376,0.3046059175241196,4.65,301.821,3.98,2.0,1.0
2023-03-09,249.90184935839267,253.55531839675493,245.7599324492568,246.4828186035156,26653400,48.91776480329126,0.3788368185241495,1.1415052004060318,-0.7626683818818822,11.297272498638753,0.3480749033428267,247.93415989101288,244.84934005037107,1,0.952097222266874,-0.005439407003293595,0.004818663907943055,-0.05165499975459931,0.23417572116653876,0.30434425125729603,4.65,301.821,3.93,2.0,1.0
2023-03-10,245.2714821705408,246.94191444562173,241.8719931478548,242.83908081054688,28333900,44.8574854345355,-0.047863465453417575,0.9036314672341419,-0.9514949326875595,11.4201833571189,0.24628488325846348,247.44891426430183,244.7705063546917,1,1.0381627085978304,-0.014782928131108042,-0.026244770365372205,-0.05465194204798007,0.23606471325620812,0.30026862615296823,4.65,301.821,3.7,2.0,1.0
2023-03-13,241.67662167942007,251.94349199727765,240.04525738823747,248.04579162597656,33339700,51.10305514264529,0.033722798364294704,0.7296497334601725,-0.6959269350958778,11.219341154895634,0.44205293924434436,247.50575972731846,244.89894891434992,1,1.2049734697440149,0.021440992109057477,-0.011484428987470041,-0.0324743291510996,0.25102960028771204,0.3013458392798208,4.65,301.821,3.55,2.0,1.0
2023-03-14,250.81033489351847,255.0304029898369,249.94092478651652,254.7568817138672,33620300,57.746092112623444,0.6326169687841059,0.7102431805249592,-0.07762621174085327,10.060446317403414,0.7221486690789231,248.19634277365643,245.285534514331,1,1.2397834933999266,0.027055851437343348,0.02612636222244058,-0.0364028354287772,0.2443889493108834,0.306324576725201,4.65,301.821,3.64,2.0,2.0
2023-03-15,253.96560644232497,260.3152347680269,253.21340062279128,259.2992858886719,46028000,61.55341814258227,1.456983766176819,0.8595912976553312,0.5973924685214879,9.015638328434255,0.963787913726347,249.2537659274674,245.83509339175615,1,1.6696844783151958,0.017830349250021582,0.046275164322474804,-0.022284526108179437,0.2536019241846977,0.3006317586771235,4.65,301.821,3.51,2.0,2.0
2023-03-16,259.0745583407351,270.1619906139307,257.18921458978684,269.8103332519531,54768800,68.60330335442887,2.9247394937841023,1.2726209368810855,1.6521185569030168,10.543609995428978,1.2832527123230013,251.2115342440851,246.77529887646975,1,1.8977930958250582,0.04053635291457791,0.09464154451252615,0.025545774306839908,0.2903734948041219,0.30828729050262405,4.65,301.821,3.56,2.0,2.0
2023-03-17,271.8227207737094,276.7754083374073,269.9275985016487,272.96563720703125,69527400,70.36032702050571,4.293065356630393,1.8767098208309472,2.416355535799446,13.215988708099907,1.1926979308256058,253.28335357388949,247.80237096786433,1,2.253330414340831,0.011694525991825744,0.12405975305098393,0.06591648646245929,0.27234609842427465,0.3061710781449688,4.65,301.821,3.39,2.0,2.0
2023-03-20,270.5722714845319,271.06070433302705,263.6072142951392,265.9321594238281,43466600,62.02751409304668,4.7551165615493005,2.452391168974618,2.3027253925746827,14.281572763830544,0.9235253008348577,254.48800175007412,248.51334306417664,1,1.3786350984118607,-0.025766898189710896,0.0721091363034374,0.05490948111285454,0.28414519879421485,0.3116654286003297,4.65,301.821,3.47,2.0,2.0
2023-03-21,268.5209085708176,268.6381277112385,263.28489174322317,267.44635009765625,34558700,63.042275943006594,5.183723268027052,2.998657588785105,2.185065679241947,15.256783787072287,0.9074059151965673,255.72213016412957,249.25581392823466,1,1.0854959129824195,0.00569389831267042,0.049810110323305734,0.08354779328239026,0.2699664197162837,0.31122319917750324,4.65,301.821,3.59,2.0,2.0
2023-03-22,267.0750903654772,274.53835901279683,265.8833129567745,265.99078369140625,34873300,61.345159877265964,5.344338914278524,3.4677938538837885,1.8765450603947351,15.776064539426052,0.8304704694317394,256.70009716672735,249.9120872522806,1,1.074482771157597,-0.00544246128510828,0.025806078793473075,0.082620967964814,0.27034536762265904,0.3062097785666483,4.65,301.821,3.48,2.0,2.0
2023-03-23,271.5100935079119,274.55791015384574,268.8334906504202,271.236572265625,36610900,65.00185025245045,5.827740701002654,3.9397832233075616,1.887957477695092,16.846358700660815,0.904605642745592,258.08452336662236,250.7483415665294,1,1.1153193928437006,0.019721692990328332,0.0052860800269647346,0.08984560536940145,0.27425514841191007,0.3082455878281317,4.65,301.821,3.38,2.0,2.0
2023-03-24,270.82627422927686,274.1378637154936,268.9116255422268,274.0792541503906,28172000,66.83287533232419,6.366827941226518,4.425192166891353,1.9416357743351647,17.63485168317038,0.913308977618916,259.6078310603146,251.66327931491614,1,0.8540971012480393,0.010480452031305543,0.004079696458330284,0.12579238304445073,0.25655825812232325,0.3079443158750314,4.65,301.821,3.38,2.0,2.0
2023-03-27,274.0108888501196,274.9486717802247,269.1460858667074,269.9862060546875,26840200,61.81792217621078,6.3901223361465895,4.818178200742401,1.5719441354041885,17.73709062478495,0.7908723591169232,260.59624772644537,252.38182546157384,1,0.8068103423657944,-0.014933812150033088,0.01524466480339548,0.10481296097573223,0.2671299506266834,0.3089609769574524,4.65,301.821,3.53,2.0,2.0
2023-03-28,269.4098354483097,269.7517444509293,265.7563369743328,268.86279296875,21878600,60.47657488890865,6.2459340251841695,5.103729365630755,1.142204659553414,17.458062044670896,0.74114761846156,261.383537749522,253.02813791283566,1,0.6582716615472841,-0.004161001787291063,0.0052961757398317655,0.10348013300235137,0.26764008461019456,0.30501451230672755,4.65,301.821,3.55,2.0,2.0
2023-03-29,272.5064700346815,274.63606009495277,271.96920577953756,274.0206298828125,25087000,64.30601020368016,6.473238617715083,5.377631216047622,1.0956074016674613,16.989535333484838,0.8252059468230233,262.58707033364493,253.85137289205045,1,0.7576289508664624,0.01918389992572167,0.030188437659262046,0.13903420347023854,0.2635705015144945,0.30654418029071767,4.65,301.821,3.57,2.0,2.0
2023-03-30,277.65461829253616,277.8792783804837,274.9682369436602,277.478759765625,25053400,66.63982737930456,6.853419373253189,5.672788847488735,1.180630525764454,17.0873539648404,0.8627728659782308,264.005326470024,254.77793708317103,1,0.75633419396811,0.012619961804669177,0.023013812067669726,0.13117757347226155,0.2601821515672432,0.3071103505370905,4.65,301.821,3.55,2.0,2.0
2023-03-31,277.16611747446694,282.57793202096093,276.452994776974,281.63037109375,32766000,69.24008809487331,7.404362813331488,6.019103640657286,1.3852591726742025,17.718034418538938,0.9022292132328914,265.6839021484741,255.83097371103688,1,0.9861830238431402,0.014961906747859466,0.02755085191240325,0.12930359380840395,0.25937299372997724,0.291539710857674,4.65,301.821,3.48,2.0,2.0
2023-04-03,279.89157837797717,281.60109352855216,277.38105592793227,280.5851745605469,24883300,67.80714152295667,7.6682559524725775,6.348934103020344,1.3193218494522334,18.02253333666262,0.8401574983949404,267.1030709496239,256.80172668552746,1,0.7480606888971761,-0.0037112351524587472,0.039257444521860085,0.11819197669194637,0.2616920479439901,0.28331368303904597,4.83,302.845,3.43,2.0,2.0
2023-04-04,280.58517709537364,283.73068619331156,279.0612688180202,280.53631591796875,25824300,67.73657093866461,7.783724748659836,6.635892232148243,1.1478325165115928,17.75349343626405,0.8080197608047244,268.38242761327575,257.7324948907212,1,0.7713051763223053,-0.00017413123360721094,0.04341814209515982,0.12996244650030664,0.25564790569728424,0.28303418397666513,4.83,302.845,3.35,2.0,2.0
2023-04-05,279.2371315346284,280.5070453166388,276.3749215198196,277.7620544433594,22064800,63.683660801717195,7.564179730619344,6.821549731842464,0.7426299987768799,16.89025092254813,0.7274204068628295,269.275725406617,258.5179678143541,1,0.654401434506027,-0.009889134907655195,0.013653806146445735,0.12077261670534445,0.2605827055688463,0.28423852550861645,4.83,302.845,3.3,2.0,2.0
2023-04-06,276.6582060877172,285.3230025679542,275.5055113851009,284.8541259765625,29770300,68.8197622085669,7.871719343286202,7.031583654131212,0.84013568915499,16.05402164064281,0.8571797537967053,270.7593826037547,259.55075833051916,1,0.878870204105732,0.025532902784060285,0.026579930720344702,0.15567538374660406,0.2658542762629994,0.2875212162569841,4.83,302.845,3.3,2.0,2.0
2023-04-10,282.5193929371124,282.9003849670169,278.123496163904,282.69525146484375,23103000,65.77045388050973,7.850745069161178,7.195415937137206,0.6553291320239722,13.706130704372118,0.8036839143200721,271.8961320190965,260.4583855122574,1,0.6873472821920139,-0.0075788774493523725,0.003781127606934387,0.16412585042434347,0.25898061325576666,0.28342401128733186,4.83,302.845,3.41,2.0,2.0
2023-04-11,279.1394182021938,279.364108081122,275.1245138457469,276.2869567871094,27276600,57.61046920764032,7.233642058797727,7.203061161469311,0.030580897328416512,11.20623529278737,0.6137047779739881,272.3143058065263,261.0791137975457,1,0.8189037840742689,-0.022668561443916935,-0.015318762939522279,0.11385464343501983,0.2751008804634619,0.28799002968294374,4.83,302.845,3.43,2.0,2.0
2023-04-12,278.20161454678106,280.3702577764048,275.4370676878089,276.9316711425781,27403400,58.17271693586628,6.719152331925841,7.106279395560617,-0.3871270636347761,9.43407694594461,0.6165607354929995,272.7540548861503,261.70078271303714,1,0.8304606696864612,0.0023334954460609847,-0.012849119956521604,0.08704294572743576,0.2634214325361669,0.28799209831550554,4.83,302.845,3.41,2.0,2.0
2023-04-13,277.0294442612303,283.1934667568059,276.6191772077297,283.1348571777344,24222700,63.22670072925203,6.734331604766055,7.031889837401705,-0.29755823263564984,8.46242127997199,0.8446380023203355,273.74270272344404,262.5413346528292,1,0.7591522574662153,0.022399698848321936,0.019343184745454822,0.09192301169427863,0.2669226914122481,0.2906747367285664,4.83,302.845,3.45,2.0,2.0
2023-04-14,280.36053721344047,281.80630960092736,277.12711319357106,279.52044677734375,20987900,58.770727272410156,6.38115064294567,6.901741998510499,-0.5205913555648287,8.36371979640535,0.6702214073141678,274.29296406191065,263.2071821871239,1,0.6945376543920748,-0.012765685004025196,-0.018724247651085824,0.03598866436417447,0.23831578187366861,0.2889165087083028,4.83,302.845,3.52,2.0,2.0
2023-04-17,283.22275986400075,284.8541392450977,279.53998567684334,282.118896484375,23836200,60.90395135049244,6.239005984041057,6.7691947956166105,-0.5301888115755533,8.545117757558971,0.7570845974472685,275.0382909592882,263.94881804191806,1,0.8533054389710589,0.009296098861422797,-0.0020387855030540303,0.03353264304987014,0.23715959686030996,0.28617170138914566,4.83,302.845,3.6,2.0,2.0
2023-04-18,284.82480490610715,285.0104118167831,280.3702986730481,281.6988220214844,20161800,60.360227579634476,6.02302908918108,6.619961654329504,-0.5969325651484247,7.996045821256131,0.7193667536901746,275.6726272509259,264.64489662935205,1,0.753185060772424,-0.001488997965486849,0.01958784192098162,0.05928828853124224,0.21390960767417191,0.2787407601232389,4.83,302.845,3.58,2.0,2.0
2023-04-19,279.3738357310493,282.36304264200237,277.9573982326938,281.7769470214844,17150300,60.43097923183023,5.7914101078613385,6.454251345035871,-0.6628412371745327,7.476644618902656,0.7032371324764346,276.25399103859814,265.316741742769,1,0.6622172111683006,0.00027733520303474535,0.017496286571035302,0.05358307159022879,0.21383168404698133,0.27844665320914924,4.83,302.845,3.6,2.0,2.0
2023-04-20,278.6509680753115,282.34351958863164,278.48488777303635,279.4910583496094,23244400,57.213233974341456,5.361593175932967,6.235719711215291,-0.8741265352823238,6.422074605528362,0.5703307998425197,276.56228316345636,265.87259729597844,1,0.9181393186475967,-0.00811240485085074,-0.012869481576539554,0.050754670785382094,0.2153840422049853,0.27917776230349184,4.83,302.845,3.54,2.0,2.0
2023-04-21,278.41655103724565,279.6473817610795,276.511650666874,279.1492004394531,21676400,56.726764846066445,4.936470525025754,5.975869873977384,-1.0393993489516298,5.986949353989543,0.5311250664574604,276.8086562373608,266.3932483996441,1,0.8822256943695455,-0.0012231443545096532,-0.0013281544952106206,0.029172423570075212,0.20598198777457863,0.2787138999892391,4.83,302.845,3.57,2.0,2.0
2023-04-24,275.5640690535179,278.3579207345042,272.27203608801597,275.25146484375,26611000,51.364220296984406,4.236210673802759,5.62793803394246,-1.3917273601397007,5.904576082848618,0.2911239226927433,276.66035229511215,266.74062943666786,1,1.0865144977478434,-0.013962911552557133,-0.024342331287281693,0.004276904127578307,0.2101083758725895,0.274914841164824,4.83,302.845,3.52,2.0,2.0
2023-04-25,273.0438095298006,275.085455775241,268.9995702123378,269.0484313964844,45772200,44.202658866478245,3.144469254130513,5.131244277980071,-1.9867750238495576,6.0533957504603695,-0.06875067531160835,275.9354074476238,266.8311314743077,1,1.7993150588002207,-0.02253587805894819,-0.04490750275141442,-0.0034734169271343207,0.21917519458256002,0.27962609285283535,4.83,302.845,3.4,2.0,2.0
2023-04-26,289.83608287187946,292.6396828327942,285.9579246128152,288.5368347167969,64599200,62.087532949465746,3.807912346843807,4.866577891752818,-1.0586655449090108,5.88557700913915,1.0414785851325525,277.1355433780212,267.6823355230328,1,2.342697348403664,0.07243455469767568,0.02399020844951205,0.07317502556158306,0.3307110851878265,0.3081686885062367,4.83,302.845,3.43,2.0,1.0
2023-04-27,289.1229976897944,298.13948055653924,288.419653058881,297.77801513671875,46462600,67.42032874571538,5.021497112845452,4.897561735971345,0.12393537687410738,7.8566748170488365,1.2689366966700704,279.1014930693257,268.8625582529813,1,1.6220998209366246,0.03202773201900633,0.0654294877807311,0.08669925787728583,0.3412995798463788,0.3115347189839169,4.83,302.845,3.53,2.0,1.0
2023-04-28,296.9770409817703,301.78320498757233,296.2932228599409,300.15185546875,36469600,68.64058109665022,6.104452530212825,5.138939894819641,0.9655126353931838,9.755117406043237,1.161894606929925,281.1062894883185,270.08958951634474,1,1.2483475558202661,0.007971845506933528,0.07523809846574259,0.08171110366168577,0.3401895720099576,0.3098406526309299,4.83,302.845,3.44,2.0,1.0
2023-05-01,299.868565093512,301.46086148521374,298.09066177200543,298.4911804199219,21294100,66.75685960303761,6.750879961232727,5.461327908102259,1.2895520531304676,10.979307398212153,1.0057011637166764,282.7619933865665,271.2033773949164,1,0.7434907765014862,-0.005532782884965504,0.08443085158280339,0.05986857617909114,0.33920653977339305,0.29736298615579676,5.06,303.334,3.59,2.0,1.0
2023-05-02,300.640245214825,302.02737803508757,296.8793057090036,298.3446044921875,26404400,66.5831743632592,7.1687144276400545,5.802805212009819,1.3659092156302357,11.907691375869184,0.9341881098337091,284.2460515871018,272.26773924186824,1,0.9194769883510535,-0.0004910561428588256,0.10888810220391387,0.06329425622524609,0.33856336918063695,0.29233213521606227,5.06,303.334,3.44,2.0,1.0
2023-05-03,299.5266454015473,301.47059918400157,297.05517563669,297.3580017089844,22360800,65.35068960552076,7.3356795063346,6.109380070874775,1.2262994354598247,12.533033307373323,0.8600498164194704,285.4948087415668,273.25167110332376,1,0.7833914345377428,-0.0033069234983565954,0.030572065437834306,0.059962596058096285,0.3391447986944396,0.292019499098326,5.06,303.334,3.38,2.0,1.0
2023-05-04,299.15539003512066,300.640245214825,296.38109458301545,298.3446044921875,22519900,66.02790079861514,7.461598470851243,6.379823750870069,1.0817747199811736,12.96699890791024,0.8455973710852681,286.7185988130545,274.2357077068086,1,0.7883369028023891,0.0033178955250334763,0.0019027239308067045,0.07410137461027921,0.3357302882020523,0.280915759165212,5.06,303.334,3.37,2.0,1.0
2023-05-05,298.6474673178527,304.7528796666807,297.2309997282912,303.4634094238281,28197100,69.37255502870973,7.883558184368667,6.680570637569789,1.2029875467988775,14.021550350184183,0.9228358156548087,288.3133426807472,275.3818920878682,1,0.9897998011772107,0.01715735714528277,0.011032928481839344,0.06532916938965738,0.32993212313060094,0.28230047326004043,5.06,303.334,3.44,2.0,1.0
2023-05-08,302.9554464323352,303.02383420465094,299.0088995873121,301.5096740722656,21318600,66.67438269095513,7.968458750283389,6.938148260112509,1.03031049017088,14.632098482729495,0.835041398454868,289.5701361466061,276.4065109892171,1,0.7506956363126733,-0.0064381249629797965,0.010112505327954047,0.06655372706096419,0.3294595206918723,0.28136460969551885,5.06,303.334,3.52,2.0,1.0
2023-05-09,300.8747236518984,302.8675386103428,299.22381775082977,299.8978576660156,21340800,64.44737484178194,7.815589694016751,7.113636546893358,0.7019531471233931,14.585122841336732,0.7684071054509435,290.5537286722641,277.3277402706602,1,0.7594139423030731,-0.0053458198686642255,0.005206238525653717,0.08545789187254127,0.3166153416433399,0.28168868797845764,5.06,303.334,3.53,2.0,1.0
2023-05-10,301.4803538446717,305.75903132119197,300.55234911259487,305.0849914550781,30078000,68.13596250772859,8.020542391579,7.295017715830486,0.7255246757485132,14.825498116414234,0.8506782412467433,291.9376584611036,278.4162599249511,1,1.0652585052806052,0.017296334923603274,0.025985477779931765,0.10166161275936281,0.31986923948907303,0.2772232845233163,5.06,303.334,3.43,2.0,1.0
2023-05-11,302.92610366423224,303.922496091225,299.17494240713177,302.93585205078125,31680200,65.12133570414981,7.918274354379548,7.419669043540299,0.49860531083924897,15.09232649210603,0.7718284219436787,292.98510546964434,279.3778125573366,1,1.1073788964906133,-0.007044395707723083,0.015389075215248127,0.06993485390821053,0.31568445613834917,0.27789370333894803,5.06,303.334,3.39,2.0,1.0
2023-05-12,303.36573134091964,303.46342390547966,299.5071284392733,301.8222961425781,19774700,63.55234326036927,7.659082408291056,7.467551716490451,0.19153069180060456,14.911299495661131,0.722912919242014,293.8267426765904,280.25798838420883,1,0.6926918413324545,-0.003675880225680439,-0.005407944517482055,0.07978611089942644,0.31107846123783156,0.2773520910163733,5.06,303.334,3.46,2.0,1.0
2023-05-15,301.94921543513135,302.7306961264119,300.47413858289354,302.3008728027344,16336500,63.954296222106045,7.406905860361974,7.4554225452647565,-0.048516684902782714,14.808362645216496,0.7114675419848718,294.63380268860413,281.12241522415104,1,0.5798713148186733,0.0015856239458538202,0.002624123862370986,0.07153713051432242,0.31049842633069,0.27057038039096065,5.06,303.334,3.5,2.0,1.0
2023-05-16,302.66235026842685,306.452594750173,302.66235026842685,304.5281677246094,26730300,65.84230938192468,7.302598406488926,7.424857717509591,-0.1222593110206649,14.66789232010601,0.7378214552641832,295.57612316822366,282.04028787122786,1,0.9378705454938423,0.007367808439403323,0.015439623659300405,0.08104167968932385,0.3102153320142865,0.2679546022744191,5.06,303.334,3.54,2.0,1.0
2023-05-17,305.73234911232737,307.8273965281547,304.2148790483357,307.40643310546875,24315000,68.16302086470483,7.3672607632496465,7.413338326657602,-0.046077563407955324,14.554007381606324,0.7757660808422664,296.70281935272317,283.0350386647275,1,0.8425363201936015,0.009451557149426693,0.007609163726208568,0.0909566462228375,0.31049536866035105,0.26341476343841697,5.06,303.334,3.57,2.0,1.0
2023-05-18,307.92524618923005,312.34055116104736,307.1322576075028,311.8314514160156,27276000,71.38215117369792,7.686957679920567,7.4680621973101955,0.21889548261037195,14.334058501437475,0.8443966239015189,298.1436414539891,284.1643097530133,1,0.9385816735699929,0.014394683500422056,0.029364630515054335,0.11571172708485133,0.3087264068018099,0.26372999111025475,5.06,303.334,3.65,2.0,1.0
2023-05-19,310.0888957303577,312.05669811668946,309.7266699904712,311.6553039550781,27546700,71.07407089807623,7.835780165557594,7.541605790959675,0.29417437459791884,13.720455313089952,0.8138981792659709,299.4304664540928,285.24238795701586,1,0.9384185701727357,-0.0005648803548763404,0.03257879864466662,0.11644705936628852,0.30854561107648165,0.2632296826130707,5.06,303.334,3.7,2.0,1.0
2023-05-22,311.9097978822903,315.8160032297939,311.33219074174633,314.43560791015625,24115700,73.05111194523415,8.084872967922593,7.650259226352259,0.4346137415703337,12.315895076923162,0.8695865331711136,300.8595275451465,286.387220112041,1,0.8250432266994918,0.008921086597258432,0.04014125065176488,0.14235761865481678,0.2998721403395485,0.2578700980892014,5.06,303.334,3.72,2.0,1.0
2023-05-23,313.30984092975706,315.94335728832465,308.6302150731237,308.6400146484375,30797200,63.3336433535424,7.72556931393558,7.665321243868924,0.06024807006665611,7.784054209345727,0.750979323344511,301.6005263168885,287.25987872131145,1,1.081329327369564,-0.018431733289490326,0.01350235334403127,0.14715411290991254,0.29473966853895656,0.26209516477652783,5.06,303.334,3.7,2.0,1.0
2023-05-24,308.1211084957931,309.8539301457172,306.0456005180939,307.25958251953125,23384900,61.24390910112866,7.245902984273073,7.581437591949754,-0.3355346076766814,6.55853240497713,0.6806404522634437,302.1394840504735,288.0441808310456,1,0.8851159275939146,-0.00447262851020358,-0.0004777082393949694,0.06488858804149222,0.17931310428367897,0.2622833954149642,5.06,303.334,3.73,2.0,1.0
2023-05-25,316.452394965502,320.0355435840167,313.28044007035,319.0761413574219,43301700,70.28295924084424,7.730153112098321,7.611180695979468,0.11897241611885345,7.63197683851825,1.1169944496851312,303.75249903208766,289.26112045953096,1,1.6488279121517655,0.03845790175523489,0.023232710839488302,0.07152350119240514,0.19317244752386817,0.2689571652601647,5.06,303.334,3.83,1.0,1.0
2023-05-26,317.2160130284429,326.39905065575283,317.0789683726066,325.8997802734375,36630600,74.04719512202965,8.565794315380344,7.802103419859644,0.7636908955207007,9.562179224577081,1.1795754541798105,305.8617639122162,290.6979306483116,1,1.3943805443133959,0.021385613123520608,0.04570586843088864,0.08578299395976319,0.20270874454425386,0.2693771442706881,5.06,303.334,3.8,1.0,1.0
2023-05-30,328.1907018049732,328.6899722814739,323.5795829729366,324.2550964355469,29503100,71.6900767850354,8.991683221876315,8.040019380262978,0.9516638416133372,10.547554559313959,1.0230204814032624,307.61350986681913,292.01389793408555,1,1.1057880610675692,-0.005046593883894945,0.031228932978215163,0.08631382669122734,0.20240691182613524,0.26897688396935426,5.06,303.334,3.69,2.0,1.0
2023-05-31,325.3123310459061,328.8856796035957,320.45646337468304,321.4942321777344,45950600,67.78904403131261,9.002647658287003,8.232545035867783,0.7701026224192198,10.878965587346228,0.8884186613252545,308.9354834202396,293.16998947305217,1,1.6613902997767005,-0.008514482233778153,0.04164792936502004,0.0775935858634007,0.20682618651721235,0.2702463355893991,5.06,303.334,3.64,2.0,1.0
2023-06-01,319.08589950715634,326.5263156649062,317.9013162515011,325.59625244140625,26773900,70.36895626051316,9.235870441086433,8.433210116911514,0.8026603241749193,11.320374372467366,0.9482603575944223,310.5222233270174,294.4416076286739,1,0.9603754854758537,0.012759234390880447,0.05967810595690515,0.09496381657843478,0.20738611050461644,0.26902410522929376,5.08,304.014,3.61,2.0,1.0
2023-06-02,327.2311796436286,330.4129338211657,325.566865507756,328.3570251464844,25873800,71.99472473286404,9.53357533922798,8.653283161374807,0.8802921778531729,11.850454208312689,0.960296954755967,312.22077588125234,295.7716240019214,1,0.9225397887134368,0.008479129241743877,0.029086736944917035,0.1005964921181699,0.207783951890491,0.26881828145417086,5.08,304.014,3.69,2.0,1.0
2023-06-05,328.18082951193753,331.4506903935802,327.6325911531441,328.8857116699219,21307100,72.30806579388974,9.700349607855514,8.86269645067095,0.8376531571845653,12.515270463813128,0.9150995137281186,313.8079126230304,297.0702156751763,1,0.7691602377754201,0.0016100965807008816,0.009162115402407078,0.08377386352562866,0.20290629884221928,0.26806861418152533,5.08,304.014,3.69,2.0,1.0
2023-06-06,328.2884722895139,328.3276407045584,325.1948546661747,326.6731262207031,20396200,68.83682462616946,9.543965370998023,8.998950234736364,0.5450151362616591,12.598576190608185,0.8229394375034272,315.033171060904,298.2311141279421,1,0.737505717638168,-0.006727520748725513,0.0074571835932173425,0.08345819160152823,0.20310841967094806,0.2660242733520272,5.08,304.014,3.7,2.0,1.0
2023-06-07,324.6857770640945,327.4661371871072,315.72792109217784,316.5894470214844,40717100,55.71060736069113,8.508282908895694,8.90081676956823,-0.39253386067253615,11.895544027191997,0.5494951209504687,315.1813878190545,298.95104875121825,1,1.4224580267264384,-0.030867795327633174,-0.015256215089850977,0.05565758116904429,0.2371208220659509,0.27398625460958853,5.08,304.014,3.79,2.0,1.0
2023-06-08,317.1377037070702,319.7810193360927,316.5600964884988,318.42999267578125,23277700,57.31071748359871,7.74671444623641,8.669996304901867,-0.9232818586654563,11.567022909566102,0.5829534068588047,315.4907787577904,299.7149289051227,1,0.8229857748692303,0.005813667106130627,-0.02200965063906757,0.04374191321918275,0.23130436072782534,0.26993121199696263,5.08,304.014,3.73,2.0,1.0
2023-06-09,318.1656968052279,323.0607044418597,317.59788906515115,319.92791748046875,22529000,58.62098038968727,7.1812549291851155,8.372248029758516,-1.190993100573401,11.005772806394404,0.6055761387814618,315.9133633980455,300.50759512376374,1,0.809612572587163,0.004704094586380991,-0.025670556804000988,0.05609129891578202,0.22884786751647185,0.26837127352318946,5.08,304.014,3.75,2.0,1.0
2023-06-12,321.6802685980965,325.1263726657708,318.33210052305157,324.8816223144531,24260300,62.69845450868883,7.051560765212798,8.108110576849374,-1.0565498116365752,10.368829919693002,0.7271387504553382,316.7674832948462,301.4634393273202,1,0.8648587563370796,0.015483815457545402,-0.012174713626621037,0.07640034042078181,0.23173994031203707,0.2587937237134133,5.08,304.014,3.73,1.0,1.0
2023-06-13,327.44662935743804,329.9039326564141,323.45231642642443,327.2704162597656,22951300,64.51437457491622,7.060147922806834,7.898518046040866,-0.8383701232340321,9.690470093173003,0.7790152667123094,317.76776262483855,302.4754776383965,1,0.808659459493741,0.007352813397984104,0.0018284027399884106,0.08259831744953328,0.23194702674159523,0.2583378791706151,5.08,304.014,3.84,1.0,2.0
2023-06-14,327.3193130414061,331.9206314111561,325.82144214687054,330.2563171386719,26003800,66.69678978975193,7.224609749748481,7.76373638678239,-0.5391266370339087,9.245977421906133,0.8487037831962486,318.95714876901314,303.56492232468185,1,0.9173844886249481,0.0091236504448855,0.04316906405367349,0.08448528622590001,0.23236487172018414,0.2513624198451697,5.08,304.014,3.83,1.0,2.0
2023-06-15,330.3933852343611,342.49382753852854,330.11926605235976,340.7903747558594,38899100,73.00461238667016,8.111453557985556,7.833279821023024,0.27817373696253167,10.087718109715885,1.091191405381002,321.0365036249033,305.0247439886496,1,1.3378978833553055,0.031896612026846904,0.07022071599532076,0.10859870859936382,0.2514140742209486,0.2577126637532016,5.08,304.014,3.72,0.0,1.0
2023-06-16,343.94278354537636,344.08962778195877,334.769545086919,335.14154052734375,46552000,65.80662899623468,8.263216733583306,7.919267203535081,0.34394953004822515,10.279051138049896,0.8727065651439173,322.3798404727547,306.2057948333043,1,1.5497398513046052,-0.016575685955222297,0.04755328377306678,0.0747522066984514,0.26039881749477395,0.26050198467285485,5.08,304.014,3.77,1.0,1.0
2023-06-20,332.1849367263642,334.89675963715365,328.8073702091856,330.9513854980469,26375400,61.00199280570349,7.953694413169444,7.926152645461954,0.02754176770748984,9.96351507740127,0.7235497076318145,323.1961780942111,307.1762101534903,1,0.8797657773801056,-0.012502642980943723,0.01868299948871477,0.0619148183845768,0.26637560131962207,0.2605597807956027,5.08,304.014,3.74,0.0,2.0
2023-06-21,329.30659371558045,330.63805074137673,325.0969009555952,326.55560302734375,25117800,56.35359512167837,7.2698900685934404,7.7949001300882514,-0.525010061494811,9.610459410177842,0.5708674773048266,323.51612332593805,307.9361863446218,1,0.836419955557968,-0.013282260366089482,-0.0021841669668500874,0.038545237283210465,0.271524790541722,0.26234446104746006,5.08,304.014,3.72,1.0,1.0
2023-06-22,327.10389414473735,332.9779016676336,326.3402743618307,332.5765075683594,23556800,60.76377863834874,7.131598251259163,7.662239754322434,-0.5306415030632712,8.71843128520395,0.7477991356298952,324.3790170633115,308.902473451435,1,0.7940108082382059,0.01843760904788838,0.007025423312987833,0.077554729729997,0.26610342821057004,0.2614829269572842,5.08,304.014,3.8,0.0,1.0
2023-06-23,327.3389323189801,330.86334374945545,326.4480672315905,327.9850769042969,23146900,56.107884956360884,6.575710213180173,7.444933846093982,-0.8692236329138092,7.020709121604299,0.5612956094046992,324.7224513338815,309.65081084174335,1,0.7805076913064751,-0.013805637378397129,-0.0375752920273531,0.06745271934179042,0.2719964558450024,0.26345144856630204,5.08,304.014,3.74,1.0,1.0
2023-06-26,326.7122489279601,329.0520460256438,321.5920624092888,321.69976806640625,21520600,50.41324571988037,5.563856370486803,7.068718350972547,-1.5048619804857433,6.8403176264417525,0.2757706263238786,324.4345767369791,310.12331896820075,1,0.7533336798851689,-0.019163398826601563,-0.04010774802725714,0.008222572511447757,0.250681655730106,0.2654131611046842,5.08,304.014,3.72,1.0,1.0
2023-06-27,324.8913794122553,329.0913036434743,322.38513830210024,327.54449462890625,24354100,54.988240159177536,5.173933611305529,6.689761403039143,-1.5158277917336145,6.8380586656729925,0.5336252135979166,324.73075939335314,310.8065023274441,1,0.8712414585310587,0.01816826476944655,-0.010294233589666413,0.0050466875248851295,0.2474471598855334,0.2665147851825314,5.08,304.014,3.77,0.0,1.0
2023-06-28,327.6326238415943,330.88291577640626,326.80046664644476,328.7976379394531,20259500,55.92713594016702,4.909442213799082,6.333697565191131,-1.4242553513920493,6.8143716722451995,0.5797606212293759,325.1180811596484,311.51203705732684,1,0.7369462536125262,0.003825871999364905,0.006865706456494758,0.014009159929454507,0.2469260003188017,0.26533425805743616,5.08,304.014,3.71,0.0,1.0
2023-06-29,327.6815474089493,329.05214338180554,325.6354380857654,328.014404296875,16997000,55.152791525292,4.583791372882672,5.983716326729439,-1.3999249538467673,6.63163014964052,0.5307794901464093,325.39392145843186,312.1591887137797,1,0.6526396060125629,-0.002382114565927518,-0.01371745498453969,0.020280836999700957,0.24482467783073208,0.2652131179483589,5.08,304.014,3.85,0.0,1.0
2023-06-30,330.6576772264797,335.5331142814067,330.11923848147313,333.38909912109375,26832800,59.315602052731805,4.705165470702013,5.728006155523954,-1.022840684821941,6.792607005938778,0.7539427716704213,326.15536695011394,312.9917342199489,1,1.0301916789700234,0.016385545127933776,0.016476427122242843,0.023934079772892636,0.24740043226589986,0.2666113945227328,5.08,304.014,3.81,0.0,1.0
2023-07-03,332.067483294419,333.7415673029559,329.5025044373006,330.8926696777344,12508700,56.683758686784344,4.547493649059447,5.491903654231053,-0.9444100051716058,6.840529506999585,0.6351023700421138,326.60653863845874,313.69373168888166,1,0.4928923137059582,-0.007488035601465826,0.028576028097820894,0.007722218003768377,0.24767409855109412,0.2661599514675432,5.12,304.609,3.86,0.0,1.0
2023-07-05,328.05360476311387,334.475852129054,327.7011785685613,331.0493469238281,18172400,56.81327149462319,4.384636775391812,5.270450278463205,-0.8858135030713932,6.886362882944305,0.6363061238611822,327.02966323706534,314.3743440510364,1,0.7205144039244412,0.00047349869142254697,0.010700385298469728,0.006578684257581013,0.24763245438390788,0.2621067538331954,5.12,304.609,3.95,0.0,1.0
2023-07-06,330.2172139336629,335.7877351950813,328.45502307798586,334.1038513183594,28161200,59.36415573134128,4.450739156265627,5.106508054023689,-0.6557688977580627,7.055214922614159,0.7487119775661971,327.7033954352838,315.1480502183824,1,1.0996312916895665,0.00922673439145627,0.016138234484164293,0.02274666784997792,0.24805103283790708,0.26159827004683084,5.12,304.609,4.05,0.0,1.0
2023-07-07,332.1947946138884,334.6129295027738,329.9235039739729,330.1388854980469,21214800,54.83630593685557,4.135514527053374,4.912309348629627,-0.776794821576253,6.238870361788114,0.5545151890821957,327.9353468698327,315.7359261117026,1,0.8611803904758193,-0.011867465174875802,0.0064767924010100675,0.042798136842644,0.22260192663191122,0.25792778526595356,5.12,304.609,4.06,0.0,1.0
2023-07-10,327.5738523279874,328.1906279486803,320.7110434161663,324.86199951171875,32791400,49.4324608227888,3.4204671231822203,4.613940903540146,-1.1934737803579258,5.630156630040348,0.2584219449237325,327.6426471214409,316.0938113430758,1,1.3058972542880405,-0.01598383655523472,-0.025577019860141825,0.020199123775650252,0.23119012759085314,0.2608751445120831,5.12,304.609,4.01,1.0,1.0
2023-07-11,324.10822129809816,325.8704119772488,320.13347775646093,325.4886169433594,26698200,50.061788927994165,2.871251691639884,4.265403061160094,-1.39415136952021,5.108771963025611,0.2546921178038927,327.43750139019505,316.46223509210654,1,1.0544852116251602,0.0019288726677249013,-0.016331739048913274,0.017381101051395786,0.23081225802313013,0.257694062242889,5.12,304.609,3.99,1.0,1.0
2023-07-12,329.53182545465006,334.475769797387,328.62136146608015,330.1192321777344,29995300,54.562118218975094,2.777627691986879,3.967847987325451,-1.1902202953385719,4.932083363876826,0.514620186933562,327.69290432234163,316.9978036052684,1,1.1714417884782755,0.014226657994558467,-0.0028095954719034033,0.016121594770330816,0.22981960606066318,0.25683918842201753,5.12,304.609,3.86,1.0,1.0
2023-07-13,332.42971974992344,336.52193851467035,331.90105061768867,335.4646301269531,20567200,59.1397263560353,3.0990351902934776,3.7940854279190566,-0.6950502376255789,5.07986354798316,0.8083475092190306,328.43306868468557,317.7219928806286,1,0.8069920054931581,0.01619232516068858,0.004072921647637839,0.025038052509712472,0.23514100324332166,0.2579497317218189,5.12,304.609,3.76,0.0,1.0
2023-07-14,340.29110736020874,344.0504693091922,337.07998382815504,337.9904479980469,28352700,61.13230727968076,3.5170232862016064,3.7386729995755665,-0.2216497133739601,5.464687447138948,0.904674276636108,329.34329528595805,318.51683425778225,1,1.1073675108221683,0.007529312017597434,0.023782604367114102,0.023418570540552297,0.23450739642764273,0.2579562983807018,5.12,304.609,3.83,0.0,1.0
2023-07-17,338.4211858141297,339.70367521642703,335.0142801736607,338.47015380859375,20363900,61.51614784090363,3.8426939298632874,3.759477185633111,0.08321674423017633,5.17905082110568,0.9619394750468169,330.21251990716144,319.2993173774219,1,0.8252199878145321,0.0014192880697907473,0.04188903078023487,-0.006808352345419988,0.2055945714252565,0.25791476928221546,5.12,304.609,3.81,0.0,1.0
2023-07-18,338.5680009815039,359.0780898369436,334.98488257273925,351.941162109375,64738600,70.36641071491638,5.1286679575253515,4.033315340011559,1.0953526175137922,7.577959276082974,1.3178637782860103,332.28191440261037,320.57938971985146,1,2.530209078972644,0.03979969326453281,0.08127026196623888,0.050126945038198256,0.2391871949210649,0.2671195235884605,5.12,304.609,3.8,0.0,1.0
2023-07-19,354.15373131724334,354.84881389642584,345.0392313202001,347.623779296875,39732900,65.1918214177304,5.733344501761735,4.373321172361595,1.36002332940014,8.67111224098392,1.0341621412095165,333.74304439254036,321.63995401698963,1,1.513395601607975,-0.012267342605291054,0.05302492376365486,0.05037716876071663,0.23899008318371245,0.2689856283077207,5.12,304.609,3.75,0.0,1.0
2023-07-20,346.1455646214541,350.4531652099648,338.1177404381011,339.58624267578125,33778400,56.815313821200085,5.50058565921853,4.598774069732982,0.9018115894855478,8.709379831882401,0.7310724849921023,334.2995394671347,322.34373004282463,1,1.2657168219785013,-0.023121365970276697,0.012286280515678705,0.039903279954888404,0.2501790460325389,0.27227068132276977,5.12,304.609,3.85,0.0,1.0
2023-07-21,341.8183323536975,342.944177986763,332.69403214811535,336.5513000488281,69405400,53.994147044919394,5.013436320497817,4.681706519885949,0.3317298006118685,8.7559774049801,0.618829815783148,334.5139928558674,322.9008896509032,1,2.3949743957818606,-0.00893717779330283,-0.004257954500616723,0.011951513080495468,0.24526138134912748,0.26801061140732313,5.12,304.609,3.84,0.0,1.0
2023-07-24,338.5876711156817,339.63520987985777,335.1219974773937,337.8631896972656,26678100,55.033548851606014,4.679285598919705,4.6812223356927,-0.0019367367729952178,8.70977169564076,0.6474372417048597,334.8329639836196,323.48764651546645,1,0.9150073260676304,0.003898037678794264,-0.001793257409843485,0.03011756780583985,0.2393749172043393,0.22978446594726343,5.12,304.609,3.86,0.0,1.0
2023-07-25,339.82113359671973,344.5007885845888,337.8239924166346,343.6098937988281,41637700,59.36449024177159,4.822587946538192,4.709495457861799,0.11309248867639354,8.411644120446224,0.8173822564191449,335.6688620612585,324.2767542520689,1,1.380468115276781,0.017008967762104144,-0.023672332786006223,0.06810737186449911,0.23197505546836053,0.22379680712373018,5.12,304.609,3.91,0.0,1.0
2023-07-26,334.2702247265649,337.43240985586726,326.11512671611416,330.6772766113281,58383700,48.12982270734099,3.848241828472453,4.53724473198393,-0.6890029035114766,8.256322429754986,0.3497215833901801,335.19347297078895,324.5277551289026,1,1.8323068451844344,-0.03763749944601891,-0.04874954964192579,0.009564447071446436,0.2680527694297846,0.23852297087038063,5.12,304.609,3.86,1.0,0.0
2023-07-27,333.33039238314757,334.1625196341891,322.1403841798644,323.77532958984375,39635300,43.40835824669511,2.490427964131925,4.127881378413529,-1.6374534142816044,8.620504818054558,0.12537113648864778,334.10603074403224,324.4982482450179,1,1.207205042232059,-0.020872153938768512,-0.04655934516473603,-0.015274770162838625,0.278321506550677,0.2426091706759899,5.12,304.609,4.01,1.0,0.0
2023-07-28,326.66339057868936,332.8702554950669,326.1738899082172,331.2646789550781,28484900,49.22857270910584,1.9956737124977053,3.7014398452303645,-1.7057661327326592,8.47998180058983,0.3774610165344265,333.8354258117509,324.76359846894184,1,0.8526707832086278,0.02313131570191529,-0.01570821771594111,0.00990893880154542,0.290544113344945,0.2465410579171887,5.12,304.609,3.96,1.0,0.0
2023-07-31,329.8451512620621,330.6087711275723,326.35987893485446,328.86614990234375,25446000,47.54220757325813,1.3939673662698624,3.239945349438264,-1.8459779831684018,8.61814147667669,0.3039902930774114,333.3621614394264,324.92448283887916,1,0.7632882527520192,-0.007240521568131375,-0.026629239494789236,-0.013566578003521235,0.28557578051593396,0.2470202327241475,5.12,304.609,3.97,1.0,0.0
2023-08-01,328.151498059074,331.431158888361,326.69279546072005,329.27734375,18311900,47.87188763092068,0.939461135662043,2.7798485066830203,-1.8403873710209773,8.678883560510666,0.3222644685865121,332.97313118329055,325.09518326676624,1,0.5445513344732733,0.00125033801070229,-0.04171169197246494,-0.004881721705432773,0.28448691527794184,0.24699813150447053,5.33,306.082,4.05,1.0,0.0
2023-08-02,326.62420753627333,326.62420753627333,319.50684898513873,320.6229248046875,27761300,41.902875230976015,-0.11772059775262278,2.200334685795892,-2.3180552835485146,9.382729304147055,0.07574877306888059,331.796921051995,324.91980058197885,1,0.8139485960997093,-0.026283068390770548,-0.030405330265430686,-0.0314950692880831,0.29945869083360127,0.2515539648509249,5.33,306.082,4.08,2.0,0.0
2023-08-03,319.1544231849884,322.9529530019484,319.10548507078215,319.8005676269531,18253700,41.374956903989585,-1.0102564817258326,1.5582164522915471,-2.5684729340173797,10.10094598019212,0.1018839155976768,330.654411201991,324.71904634844844,1,0.5430778746723226,-0.0025648732954305364,-0.012276296553927812,-0.042810891388908257,0.2967385357501288,0.2511928262149269,5.33,306.082,4.2,1.0,0.0
2023-08-04,324.910975755622,328.10252974603515,320.3683951097149,320.8970642089844,23741500,42.4166771756981,-1.6105540255117603,0.9244623567308857,-2.535016382242646,10.595458840471332,0.1641466554953604,329.7251400597999,324.56916469592045,1,0.7037040385287705,0.0034286886673393635,-0.03129707271779392,-0.027993737469369284,0.29504873481328264,0.2508904570712036,5.33,306.082,4.05,1.0,0.0
2023-08-07,321.47470862016405,324.15716309321493,320.64255139351025,323.17816162109375,17741500,44.62128843346338,-1.8805508371926862,0.3634597179461714,-2.244010555138858,10.697324057839976,0.23372931814607814,329.10161830373266,324.51461555573115,1,0.5378590109991054,0.007108501966923031,-0.017295754771170735,-0.00518324055493069,0.2911914270352173,0.24898608236595327,5.33,306.082,4.09,1.0,0.0
2023-08-08,320.09423332625096,321.846653890872,316.21739682662104,319.2033386230469,22327600,41.63037227666098,-2.387735919269062,-0.18677940949687527,-2.200956509772187,11.130639751450596,0.14489641115574714,328.1589250008102,324.306330185822,1,0.6814075676414721,-0.012299169529614185,-0.03059428569310163,-0.01931028611487895,0.29417720928134544,0.24995254016544843,5.33,306.082,4.02,1.0,0.0
2023-08-09,319.614579306117,320.24112464866727,314.3083787208824,315.463623046875,22373300,38.98284110107132,-3.0562173723367323,-0.7606670020648467,-2.2955503702718856,12.000749087549188,0.09435508375601273,326.94984862424496,323.9595573568437,1,0.6908371513670506,-0.011715778388484144,-0.01609149364773388,-0.04439489645658956,0.29089548857773495,0.2511318703510282,5.33,306.082,4.0,1.0,0.0
2023-08-10,319.1740058162668,321.3669891320305,314.43564292025485,316.1488952636719,20113700,39.73910883684603,-3.490462124570115,-1.3066260265659004,-2.183836098004215,12.644787059698562,0.15338201477001004,325.9211863994285,323.6532568826016,1,0.6215009344746124,0.002172270165980539,-0.011418592500876734,-0.05757905045301326,0.2833653116753451,0.2511431784560484,5.33,306.082,4.09,1.0,0.0
2023-08-11,313.53494463144494,315.6397913083232,312.50697541012306,314.2691955566406,24355500,38.33553535010077,-3.9408525808743775,-1.833471337427596,-2.1073812434467816,13.219051191758158,0.15131911097942513,324.81147298582965,323.28525447766197,1,0.7572463537183515,-0.005945615294538853,-0.020654189120369648,-0.0701832036435045,0.28078820535125204,0.25113116841958427,5.33,306.082,4.16,1.0,0.0
2023-08-14,314.64124818370647,317.2551649738709,313.35872896949473,317.235595703125,18836100,41.82743071303311,-4.012176686454438,-2.2692124072329647,-1.7429642792214737,13.388372437211299,0.24623400013721708,324.08996086366733,323.0480129570919,1,0.5870347841818714,0.009439042032834966,-0.018387894429995666,-0.06273687019824203,0.28410140506471565,0.2511292967303642,5.33,306.082,4.19,0.0,1.0
2023-08-15,316.21748596813336,318.26359552742247,314.16157683323723,315.1014099121094,16966300,40.069400733721785,-4.19258302388215,-2.653886530562802,-1.5386964933193483,12.158837669344443,0.21163704453135918,323.23390839209037,322.7363814651318,1,0.57128974646309,-0.006727447423689581,-0.01285051944829918,-0.10467588382235526,0.23620323556442718,0.2499017118814746,5.33,306.082,4.21,1.0,1.0
2023-08-16,314.72857479436016,318.2800883607637,313.7475006460735,314.3361511230469,20698900,39.42944992528827,-4.347194581690815,-2.9925481407884047,-1.35464644090241,11.08185868554733,0.20696518099933528,322.3865029378957,322.406960667403,-1,0.7200483953894973,-0.0024286111232442176,-0.003574015643827755,-0.09575762694128032,0.2350278185049383,0.24995455487617246,5.33,306.082,4.28,1.0,1.0
2023-08-17,314.47348610040007,315.77830142047725,310.2254186741254,310.88275146484375,21257200,36.58948339786198,-4.694273187104841,-3.3328931500516923,-1.3613800370531486,10.918875171853951,0.14412588472233445,321.29090755950983,321.95503089475363,-1,0.7559330423947244,-0.010986326726547202,-0.01665716337372014,-0.08452489413224573,0.22615455808919058,0.25031508703813204,5.33,306.082,4.3,1.0,0.0
2023-08-18,308.538028861624,312.3544220351469,305.65366819423417,310.4903869628906,24755000,36.2698400329982,-4.944004611022535,-3.655115442245861,-1.2888891687766741,10.830090432544523,0.16585946392397705,320.262286550308,321.50543701507274,-1,0.9562360263226611,-0.001262098009955026,-0.012024113871729858,-0.0774351876880478,0.22574819513656888,0.24737189385836186,5.33,306.082,4.26,1.0,1.0
2023-08-21,311.9129223112844,316.66131798487817,311.03978181664064,315.7881774902344,24040000,43.4529002638604,-4.660705432582802,-3.8562334403132494,-0.8044719922695522,10.008930063629135,0.3364220690899302,319.83618092553905,321.2812307591967,-1,0.9333727544843339,0.01706265555969355,-0.004562597112352851,-0.06533713313608103,0.23630091488533822,0.24955722407714617,5.33,306.082,4.34,1.0,1.0
2023-08-22,319.33965168167043,319.9086615433213,315.3761035356602,316.357177734375,16084600,44.18059966860165,-4.340243601707584,-3.953035472592117,-0.3872081291154674,7.745124505380256,0.36572434299596746,319.50484728828536,321.08813064057625,-1,0.657093600888947,0.0018018415023095535,0.0039852815086289795,-0.07931295505829838,0.22496129815186222,0.237188400907715,5.33,306.082,4.34,1.0,1.0
2023-08-23,317.69144015108157,322.96962389693414,317.33823788637403,320.8112487792969,21166400,49.64353762004575,-3.684397541435999,-3.8993078863608934,0.21491034492489458,7.0990910633535815,0.5716141750118073,319.6292664779055,321.07727252836924,-1,0.9358402672970331,0.014079247630226499,0.020599277662197046,-0.029835820390003986,0.19390554809695001,0.2348794967693647,5.33,306.082,4.19,1.0,1.0
2023-08-24,326.5505151261544,326.67805954758404,313.9044558013969,313.9142761230469,23281400,42.678323112930904,-3.678756452075845,-3.855197599503884,0.17644114742803874,7.120682149273424,0.28931306493558334,319.08498168220467,320.7963707085527,-1,1.0679619666933335,-0.02149853748113051,0.009751344016092567,-0.03045646955031689,0.19477390227590077,0.23878710123219973,5.33,306.082,4.23,1.0,1.0
2023-08-25,315.38590853898717,319.20227141780845,312.76642738205277,316.8673400878906,21684100,46.16141132910904,-3.396841590543147,-3.7635263977117366,0.36668480716858953,6.154516375905014,0.4433696041464563,318.8737777208414,320.6422910763699,-1,1.0104521011379417,0.009407230538588829,0.02053832708760206,-0.043461738548769,0.1774511520269745,0.2390423652172472,5.33,306.082,4.25,1.0,1.0
2023-08-28,319.4966275172615,319.97734429438725,315.63119277463596,317.57373046875,14808500,46.99116738975292,-3.0809074482419305,-3.6270026078177757,0.5460951595758452,5.301108804388428,0.5096730976927432,318.7499636968327,320.52195536626715,-1,0.7075952345968365,0.0022292937500705268,0.005654274307247853,-0.03433743313791038,0.17707066248193865,0.2375847489545396,5.33,306.082,4.2,1.0,1.0
2023-08-29,315.7881368695037,322.7537689845137,315.7881368695037,322.1945495605469,19284600,52.18275502520099,-2.4296582929823103,-3.387533744850683,0.9578754518683725,4.310448628143007,0.8759334354566329,319.0780194933769,320.5875472954546,-1,0.9193404447631071,0.01455038200098091,0.018451839367062295,-0.021510116999822082,0.18600279409808215,0.2388557216469724,5.33,306.082,4.12,1.0,1.0
2023-08-30,322.4496587032038,323.5680676815254,320.2716728612012,322.5673828125,15222100,52.586248600517905,-1.8619902533156392,-3.0824250465436744,1.2204347932280353,4.467352719269643,0.8820710436384692,319.4103398094839,320.6651879039662,-1,0.7480294452962221,0.0011571680913338156,0.00547404132456486,0.00606462563148602,0.15967204423842263,0.23884195394543342,5.33,306.082,4.12,1.0,1.0
2023-08-31,322.9696033369281,324.64723165247267,320.5953908586677,321.5568542480469,26411000,51.322165330070256,-1.4766287942931058,-2.7612657960935607,1.284637001800455,4.573626773634717,0.7973914284733428,319.6147697560137,320.7001552115772,-1,1.2723615335494964,-0.003132767348149712,0.02434606740218559,0.00549181833580259,0.1598205662899564,0.23854131023806746,5.33,306.082,4.09,1.0,1.0
2023-09-01,325.039690493004,325.7068137627579,320.5954255688949,322.4398498535156,14942000,52.398915556459144,-1.0874413488187429,-2.4265009066385974,1.3390595578198545,4.6886693374769095,0.8441881737690096,319.8838250033948,320.7683785308689,-1,0.735425488089326,0.002746001504255302,0.017586254752791186,0.004807727513289173,0.15966088969129766,0.22962794298816017,5.33,307.276,4.18,1.0,1.0
2023-09-05,322.77339871686183,328.51268854222997,322.4398370951833,327.2372741699219,18553900,57.85369838315092,-0.3874294007842991,-2.018686605467738,1.6312572046834388,5.193444368678209,1.089152300579328,320.584153495445,321.02206071279255,-1,0.9113763507516169,0.014878509336193169,0.030429291764492383,0.012559984030069415,0.1662258796993873,0.23127468588826106,5.33,307.276,4.27,1.0,1.0
2023-09-06,327.07055423881553,328.13010130698945,323.9311045093916,326.58001708984375,17535800,56.89181541611439,0.11299739428812927,-1.5923498055165646,1.7053471998046938,5.741558454628974,0.9760725999300819,321.15518812348296,321.2400197864024,-1,0.8716247517212996,-0.002008503101443293,0.013611240585163165,0.023109653234260508,0.1594068802435291,0.23115798297247994,5.33,307.276,4.3,1.0,1.0
2023-09-07,325.0200859411969,326.7761872339446,322.8028486285546,323.66619873046875,18381000,52.70793739567978,0.2713405994313689,-1.219611724526978,1.4909523239583469,5.8977593384945015,0.7858032007300717,321.3943319908149,321.33516405871876,1,0.9227916896034195,-0.008922218773028567,0.0034064693968374193,0.0260016530729279,0.15666208125327868,0.22977783751106412,5.33,307.276,4.27,1.0,1.0
2023-09-08,323.84272127726,329.797847793835,323.22463985119003,327.943603515625,19530100,57.63348501315401,0.7335239413146724,-0.828984591358648,1.5625085326733203,6.4076735620113165,0.9430448608941393,322.0180721360349,321.5943185472249,1,0.9819190561961012,0.013215481882055347,0.01986195966033244,0.03730744730933244,0.1622157723691634,0.230879929520713,5.33,307.276,4.26,1.0,1.0
2023-09-11,330.85742559530763,332.01511580762883,329.08168383895804,331.544189453125,16583300,61.28845860704291,1.3745003786440861,-0.3882875973581012,1.7627879760021874,7.108167992285286,1.0187182418199516,322.9253214043292,321.9845095631425,1,0.8503770169039052,0.010979283934496431,0.028235776699888193,0.05496877880724682,0.16252544901535593,0.23121789596347958,5.33,307.276,4.29,1.0,1.0
2023-09-12,329.46427337152124,330.41591633614036,325.2064158624011,325.49090576171875,17565500,53.00880699361293,1.378143043577552,-0.035001469170970606,1.4131445127485225,7.225163743308917,0.7301397770316478,323.1696627716997,322.12201529642005,1,0.9036873665118378,-0.01825784882971715,-0.005336703811119947,0.0260226474279992,0.17665928757962665,0.2248377727085156,5.33,307.276,4.27,1.0,1.0
2023-09-13,325.0396659724569,330.4748250083912,324.90233116375424,329.69976806640625,16544400,57.325581374689264,1.7010413490295377,0.3122070944691311,1.3888342545604067,7.4969272591969265,0.86590273720985,323.7915775616717,322.41918207171364,1,0.8520798558338815,0.012930813826696141,0.009552792005961042,0.046329079131600004,0.17852460818726182,0.22404219486594387,5.33,307.276,4.25,1.0,1.0
2023-09-14,332.7312602833099,334.4088885367708,330.2001023910707,332.289794921875,20267000,59.77446922052193,2.1412510942042218,0.6780158944161493,1.4632351997880724,7.832461537424194,0.9163955281366218,324.6009315959768,322.8062649285827,1,1.0449656984479678,0.007855713307469037,0.026643487102548935,0.057116064234686625,0.17865860459859378,0.22315522014262054,5.33,307.276,4.29,0.0,1.0
2023-09-15,330.54354630179284,331.01444277565355,323.4111174113431,323.9703369140625,37679800,49.87409214224531,1.798082579467632,0.9020292314264459,0.8960533480411862,7.186249891486704,0.5656474905481407,324.540874959604,322.8519148103662,1,1.8638580037371342,-0.025036754468395594,-0.01211570086736935,0.04209813953187025,0.19936274984376143,0.2275460825923409,5.33,307.276,4.33,1.0,1.0
2023-09-18,321.5960515105036,324.1468499483667,320.18330252768726,322.83221435546875,16834200,48.68608369189258,1.4179369854190327,1.0052107822249632,0.4127262031940695,6.317502279173816,0.48853339577223737,324.3781453782578,322.8511422435075,1,0.8493548304905377,-0.0035130455752053757,-0.02627696510690314,0.039749467007019534,0.200021609311203,0.22437918975553597,5.33,307.276,4.32,1.0,1.0
2023-09-19,319.9969481018416,323.15600785929996,318.36836152476627,322.42999267578125,16505900,48.24867137066999,1.0718572323241915,1.0185400722448088,0.0533171600793827,5.969872038149594,0.4498436145297631,324.192607025641,322.83462657418494,1,0.8489256956645175,-0.0012459155617122741,-0.009403989579291894,0.021032501084535582,0.19223184498336132,0.22264183182267425,5.33,307.276,4.37,1.0,1.0
2023-09-20,323.2737351610063,323.3522079151342,314.4440682913458,314.6991271972656,21436500,40.6830147898678,0.17179001172928565,0.8491900601417042,-0.6774000484124185,6.135508215950364,0.06564571142418184,323.28846608960527,322.51558738293323,1,1.087546849137849,-0.023976880731096828,-0.04549788116963216,-0.005241071338996206,0.21211055621334918,0.22466025959644556,5.33,307.276,4.35,2.0,1.0
2023-09-21,313.2177562445035,319.19249448338184,309.0383706041025,313.4826354980469,35560400,39.629960830688304,-0.6323906529107148,0.5528739175312204,-1.1852645704419351,6.667762100886586,0.0603882669744346,322.3545774618378,322.1613539756828,1,1.740548173509556,-0.0038655706167758375,-0.05659866692039062,-0.022844003472869967,0.2055759338906438,0.2214701629935718,5.33,307.276,4.49,2.0,1.0
2023-09-22,315.23874198409163,315.36628640951005,310.16657563325697,311.01031494140625,21447900,37.505203499468976,-1.4524621507748066,0.151806703870015,-1.6042688546448216,7.010182888062988,-0.02116388965565657,321.27417150751097,321.7240583272798,-1,1.0545260559813951,-0.007886626806976826,-0.04000373026773152,-0.009250809544266603,0.19267936182323273,0.22174624999685502,5.33,307.276,4.44,2.0,1.0
2023-09-25,310.59827150671464,311.6578483890655,309.0383671510389,311.5303039550781,17836000,38.25503096104926,-2.0369354297682776,-0.2859417228576435,-1.750993706910634,7.495188393843495,0.044704816009842094,320.346184121565,321.32430325386014,-1,0.8853152868526262,0.0016719349445688536,-0.03500862026100704,-0.016843124732678794,0.18938186700779053,0.22178811080795857,5.33,307.276,4.55,2.0,1.0
2023-09-26,309.1658848784398,309.9016904509528,304.15258067558153,306.23248291015625,26297600,33.804790009851814,-2.894261353591503,-0.8076056490044154,-2.0866557045870877,8.630969785832061,-0.06631533156212269,319.00202210143084,320.7324671619502,-1,1.2691310002678449,-0.017005796796210948,-0.05023574150532695,-0.03571217160139051,0.19752471183090275,0.22134502749598325,5.33,307.276,4.56,2.0,1.0
2023-09-27,306.3894620209308,308.35161042949267,303.82887271896175,306.8702087402344,19410100,34.78821772800731,-3.482099702294761,-1.3425044596624847,-2.139595242632276,9.571539421615253,0.03378218293562454,317.84661130512643,320.188849184628,-1,0.936454349291813,0.002082489172989588,-0.02487747114762029,-0.04756238378710609,0.18870067248810418,0.22108899451316696,5.33,307.276,4.61,2.0,1.0
2023-09-28,305.10423119085175,309.5092743516403,303.5933986019012,307.7041015625,19683600,36.12453887256836,-3.8364534004735447,-1.8412942478246968,-1.995159152648848,10.25821194552852,0.11195491480566873,316.8806579963049,319.6992512386622,-1,0.9395378586464156,0.0027174121127264694,-0.018433346160836694,-0.04607806629549904,0.1891743045135733,0.22121149027360826,5.33,307.276,4.59,2.0,1.0
2023-09-29,311.73631826659,313.42376704064515,309.0187535875625,309.774169921875,24147300,39.44206942529289,-3.9052270168119776,-2.254080801622153,-1.6511462151898244,10.67291198167053,0.20423767496707587,316.2038496082639,319.3100323634941,-1,1.158860043724863,0.006727464303736497,-0.003974611002095285,-0.03664261598069618,0.19184415223888202,0.22077136610894,5.33,307.276,4.59,2.0,1.0
2023-10-02,310.294137124608,315.7979787841784,309.21494955018176,315.70965576171875,20570000,47.81176665135047,-3.4411194182655436,-2.491488524950831,-0.9496308933147124,10.715120744568484,0.3882777037306453,316.1567835276406,319.16884112420877,-1,0.974026819594086,0.01916068677172378,0.013415554614048864,-0.02087271190224904,0.20521010023025016,0.2234604449030458,5.33,307.696,4.69,2.0,1.0
2023-10-03,314.75799567015525,315.3074247202829,305.320067458415,307.4588317871094,21033500,39.615288634608284,-3.6964727060595806,-2.7324853611725812,-0.9639873448869993,10.991162841704268,0.18333309931309508,315.32840717139953,318.70962507177353,-1,0.9901614664379114,-0.02613421485225864,0.004004633555849457,-0.060440676976615815,0.21502781598210596,0.22748042666841883,5.33,307.696,4.81,2.0,1.0
2023-10-04,308.0867125300766,313.9829777218184,308.0572815033295,312.92340087890625,20720100,46.19434615437174,-3.4184907366829975,-2.8696864362746646,-0.548804300408333,10.861825779331845,0.3569267055132703,315.0993589530668,318.48271431911206,-1,0.9681516103152505,0.017773335896822173,0.019725577675074657,-0.041817060127045336,0.22730442290512354,0.23057013984967045,5.33,307.696,4.73,2.0,1.0
2023-10-05,313.05091668193415,313.92408696226687,308.94021399543317,313.3157958984375,16965600,46.643891067419844,-3.1304392692409806,-2.921837002867928,-0.20860226637305246,10.812324118792652,0.38255581511162273,314.92949580500687,318.2800900673209,-1,0.7953517285220436,0.001253965086756459,0.018237307554373583,-0.031978633767224096,0.22612466362092354,0.2285454136782239,5.33,307.696,4.72,2.0,1.0
2023-10-06,310.55904872586825,322.95984189117127,310.31378015794706,321.0663757324219,25673600,54.69548794139339,-2.2508035257221763,-2.787630307438778,0.5368267817166017,10.446644588170713,0.6227394604418023,315.5139605599988,318.38935617183466,-1,1.1864989163797308,0.024737277645895395,0.03645302580713805,-0.020970763599221898,0.23909974963312935,0.2318162086789072,5.33,307.696,4.78,2.0,1.0
2023-10-09,318.60385781984473,324.0488078481523,317.063564085275,323.5779113769531,19891200,56.96190954658889,-1.335629617980203,-2.497230169547063,1.1616005515668602,9.784010911615905,0.7251542959843257,316.2819558758992,318.5928289249766,-1,0.9122934793526364,0.00782248106424066,0.02492244209715566,-0.024027801812217198,0.2372723222412609,0.23186109976202568,5.33,307.696,4.78,2.0,1.0
2023-10-10,324.6962643518777,324.83362909225707,321.4685522330149,322.1749267578125,20557100,55.29771283253552,-0.715311174205226,-2.140846370478696,1.42553519627347,9.589197613575404,0.689076644423514,316.8431911979862,318.7333033497937,-1,0.9364103185474117,-0.004335847935881598,0.04786362741693129,-0.010187624124692984,0.22884046868797903,0.23193425916865548,5.33,307.696,4.66,2.0,1.0
2023-10-11,324.9415409038971,326.5210857572993,322.91074029238723,326.128662109375,20063200,58.938492363320464,0.09424269069137381,-1.6938285582446821,1.788071248936056,9.243884671517407,0.8375996989538987,317.7275217609756,319.02331741879686,-1,0.9066461566548556,0.01227201443436532,0.04219966034300793,-0.010831387531676895,0.22834782105025228,0.21836524324683382,5.33,307.696,4.58,2.0,1.0
2023-10-12,324.31365647453015,327.3157406777027,322.49866349078104,324.8924865722656,19313100,57.3653376939282,0.6288222549213742,-1.229298395611471,1.8581206505328451,8.414457607625566,0.8387196009091411,318.40989936205085,319.2534809150113,-1,0.8746346178797614,-0.003790453525654214,0.03694895318198621,-0.022261617608053674,0.22641650108645348,0.21721353608017227,5.33,307.696,4.7,2.0,1.0
2023-10-13,326.0893930672297,327.51193245626143,320.18330820544537,321.52740478515625,21072400,53.202365535532365,0.772046759492639,-0.829029364590649,1.601076124083288,8.254991108966472,0.7209865287338965,318.7068046404418,319.34265440011507,-1,0.9915973227568724,-0.010357524184730238,0.00143593065976666,-0.007540604341051971,0.21088711544209404,0.2131206333997796,5.33,307.696,4.63,2.0,1.0
2023-10-16,324.7845483540111,329.7782415554048,324.3430830008452,326.344482421875,22158000,57.911002802266175,1.2597297382596935,-0.41127754402058053,1.671007282280274,8.543178788626165,0.885373205715171,319.43420252438784,319.6172358911645,-1,1.0297829801384057,0.01498185711397615,0.008549937890225623,0.010879546433798293,0.2172612617645767,0.21486217506672334,5.33,307.696,4.71,2.0,1.0
2023-10-17,323.3522278123477,327.1489800095309,321.2134933356926,325.7754821777344,18338500,57.17915203008387,1.5820713148180516,-0.012607772252854085,1.5946790870709058,8.788347164242733,0.8479212491097545,320.03813391994464,319.85873574553983,1,0.8486594688225183,-0.0017435571146107165,0.011175777879910864,0.010375863219763026,0.21732284744594024,0.21467916343931565,5.33,307.696,4.83,2.0,1.0
2023-10-18,326.1973269355328,329.2386627175147,322.0866239478229,323.86236572265625,23153600,54.67718691344029,1.6639755528581759,0.32270889276935194,1.341266660088824,9.017499551853032,0.755522002656821,320.4023464725838,320.0157408426817,1,1.06724979073172,-0.00587249980351312,-0.006949086817639727,0.029117457703169203,0.19849908027197613,0.21181461941370736,5.33,307.696,4.91,2.0,1.0
2023-10-19,325.86377789501114,330.5042694735543,324.6472555112947,325.04949951171875,25052100,55.96480309268622,1.803882986884787,0.618943711592439,1.184939275292348,9.243979831497768,0.7695729078598638,320.84493247631093,320.2131431434282,1,1.1834207440281823,0.0036655502914442195,0.0004832766097784269,0.03689794171627714,0.1976262757506534,0.19714126478289556,5.33,307.696,4.98,2.0,1.0
2023-10-20,325.441930986154,325.6381577998448,319.29060660305254,320.4875183105469,25027700,50.07708368182534,1.5290212739986941,0.80095922407369,0.7280620499250041,9.096134060424504,0.5992419173477281,320.81089303195245,320.22390295390346,1,1.1723556278592848,-0.014034727658479018,-0.0032342079061790097,0.030472312054750095,0.20284817548251213,0.1945024074766451,5.33,307.696,4.93,2.0,1.0
2023-10-23,319.3101697402162,326.4327768680091,318.25062294814967,323.0873107910156,24374700,53.104899614282964,1.5036398874273118,0.9414953567444144,0.5621445306828974,9.019028334519014,0.6703635126770935,321.0276947232918,320.3361934573196,1,1.1245458508937654,0.008111992923074185,-0.00998077738801395,0.03709753654528569,0.2041904306660573,0.18931286655321936,5.33,307.696,4.86,2.0,1.0
2023-10-24,325.02979973609047,325.55958807197595,321.3998439502132,324.2743835449219,31153600,54.46295567520745,1.5613139508247968,1.065459075560491,0.49585487526430594,8.44136959669777,0.6920868712709407,321.33690318249467,320.4906322842844,1,1.4213738054881957,0.003674154676641228,-0.0046077704275901965,0.058915698502365776,0.19151216283828162,0.18894882679648844,5.33,307.696,4.83,2.0,1.0
2023-10-25,338.49024447115744,339.6479349004677,331.2303006335069,334.22259521484375,55053800,63.89851515268327,2.3822969661775915,1.328826653683911,1.0534703124936804,8.596420054354468,0.9992865427590099,322.5641119474803,321.0291406345024,1,2.3229319157886654,0.030678376630215,0.03198960604474688,0.0891334045976524,0.21463575030923038,0.1989803454012315,5.33,307.696,4.95,2.0,1.0
2023-10-26,334.0949363561721,335.1643033850039,320.75232444689266,321.6843566894531,37828500,49.872352613129884,1.9981672301274216,1.4626947689726133,0.5354724611548083,7.765219768729632,0.5207494034782708,322.48032573243006,321.0548353817554,1,1.5372827176237374,-0.03751463457259929,-0.010352708825334789,0.04543408767046775,0.262463670792243,0.20693669792756425,5.33,307.696,4.86,2.0,0.0
2023-10-27,324.176284790296,330.3472488268226,322.1847057055033,323.5680236816406,29856500,51.591534017634906,1.824703781258279,1.5350965714297464,0.2896072098285325,7.0517760884913,0.5754055597183734,322.58391601330726,321.1533917856725,1,1.1994011129304651,0.0058556375310656605,0.00961193555160178,0.04452874093164194,0.26228534346964855,0.2071985501203903,5.33,307.696,4.84,2.0,0.0
2023-10-30,327.09993377177346,333.02562998161824,325.54981985866505,330.9261169433594,22828100,57.69506628796897,2.2549754273097733,1.6790723426057519,0.5759030847040214,7.212604920506557,0.8570707029048024,323.37841133997887,321.5366359095034,1,0.9129142123140103,0.02274048337037904,0.024262191335066685,0.04819764268827176,0.26553943250301143,0.21209219316225603,5.33,307.696,4.88,2.0,0.0
2023-10-31,332.4369832511366,332.5841383863149,328.355711175483,331.7109680175781,20265300,58.299032588660445,2.628994319141839,1.8690567379129694,0.7599375812288693,6.178040444270094,0.893923190425775,324.1719881664169,321.93562932550634,1,0.8116725313294351,0.0023716806683864444,0.022933000107379975,0.07887929609796163,0.24275740971008017,0.21168806874361126,5.33,307.696,4.88,2.0,0.0
2023-11-01,333.3592104526516,340.84481138122624,333.22184569359115,339.5203552246094,28158800,63.832027104988335,3.5150400734840446,2.1982534050271845,1.31678666845686,6.6938383186875035,1.1597775783621762,325.63373741005427,322.62522641958884,1,1.1112711613239055,0.023542746426815198,0.015850992977779255,0.08499509551219364,0.24780264859661663,0.21505300163377347,5.33,308.148,4.77,2.0,0.0
2023-11-02,340.6682062676254,342.22811070154637,338.2449517203371,341.727783203125,24348100,65.23612242235689,4.345269149121123,2.627656553845972,1.7176125952751504,7.173439632024289,1.1465744435687513,327.166503676061,323.374346293453,1,0.9470875175210277,0.006501607177735513,0.0623077439013342,0.09068163072728508,0.24770677922655637,0.21365802965884134,5.33,308.148,4.67,2.0,0.0
2023-11-03,343.0129367253001,347.68285894520625,340.7564483684525,346.1229248046875,23637700,67.90756648417559,5.296824374327571,3.161490117942292,2.1353342563852786,8.654107433488164,1.1446589299099756,328.9718771168826,324.26644741154064,1,0.9231096670389665,0.012861528437534187,0.06970682969970698,0.07804164797732627,0.2384466415778546,0.21493809682309048,5.33,308.148,4.57,2.0,0.0
2023-11-06,346.76065357014403,350.7732430573265,346.66254017187435,349.7823486328125,23828300,69.97630916964462,6.273902028521206,3.7839725000580753,2.489929528463131,10.295703612363637,1.1090376717794754,330.9538267850664,325.26707098884543,1,0.923453855307361,0.010572613270819708,0.056980185981152065,0.08098339328648563,0.23925305421571663,0.21514427436282582,5.33,308.148,4.67,2.0,0.0
2023-11-07,352.59798560610096,355.6000696167938,350.86149542423027,353.70660400390625,25833900,72.05654762312079,7.280967262651643,4.483371452576789,2.7975958100748537,11.913667757105843,1.0834010154958282,333.1207579487654,326.3823467933576,1,0.9910464434457047,0.011219134946152787,0.06630964335542422,0.09787129483790324,0.2384995736040533,0.21544057032808098,5.33,308.148,4.58,2.0,0.0
2023-11-08,354.8348894957631,356.9834442680157,353.7262709217689,356.3261413574219,26767800,73.38232666522073,8.19597044280465,5.225891250622362,2.970079192182289,13.540239174150484,1.035652505055317,335.3307944638755,327.55661324685036,1,1.0138348510227715,0.007405961109752779,0.04949861142108736,0.09259376055061197,0.23709130867457892,0.21498709668725427,5.33,308.148,4.49,2.0,0.0
2023-11-09,355.44316251543404,357.8860575764988,353.53987621597344,353.8636474609375,24847300,70.01919809180131,8.623013644141622,5.905315729326214,2.7176979148154077,14.43930560813797,0.9189450245653289,337.0958280826433,328.5882616474028,1,0.9313348002669491,-0.006910786525803347,0.03551325017842899,0.08917153238700037,0.23879023685127884,0.21558522607842806,5.33,308.148,4.62,2.0,0.0
2023-11-10,354.6484368064775,363.0954996612191,354.23640248576015,362.6736450195313,28042100,74.51865106560948,9.562115517166546,6.636675686894281,2.925439830272265,15.783774094347732,1.0083395019108061,339.53181064806125,329.92494334827063,1,1.0375310977026548,0.02489658833793129,0.04781746318647673,0.12797117639744848,0.24254056880772454,0.21874031365765495,5.33,308.148,4.61,1.0,0.0
2023-11-13,361.2510661868597,361.4963346846255,358.97496734199274,359.7402038574219,19986500,70.7132241260219,9.954902413104207,7.300321032136267,2.65458138096794,16.64460960386009,0.8976967757058341,341.4564195251432,331.0941692505903,1,0.7424641458709034,-0.008088376981325585,0.02846871851461752,0.10233272886279488,0.24513122479221577,0.219702818191081,5.33,308.148,4.63,1.0,0.0
2023-11-14,363.9883137818955,364.9105258370756,360.3975789598127,363.2622985839844,27683900,72.52727113613373,10.430160074284231,7.92628884056586,2.503871233718371,17.49775010683729,0.903971956816885,343.5331699116995,332.3556645185666,1,1.0108625024487505,0.00979066195214151,0.027015878335063803,0.1150694833007666,0.24440934582458684,0.2181717853539419,5.33,308.148,4.44,1.0,0.0
2023-11-15,364.9925108909708,366.8111878331865,360.8931150806875,363.4097900390625,26860100,72.60379869039366,10.695416419781566,8.480114356409002,2.2153020633725635,17.914523231435748,0.8623554582294726,345.4261813524007,333.5734733625076,1,0.9741895143360557,0.00040601916481031175,0.019879677237980786,0.12211182434909151,0.24154142620343397,0.21820507118753346,5.33,308.148,4.53,1.0,0.0
2023-11-16,364.6779510555463,369.97668823321743,363.9111612043172,369.79974365234375,27182300,75.75485618348124,11.29109314486567,9.042310114100337,2.248783030765333,18.638651217860687,0.9108677491406645,347.74747300001434,334.99411141308946,1,0.9820815983669487,0.017583328210817983,0.04503456714401666,0.13767209058265806,0.24487581163544606,0.21910569764385024,5.33,308.148,4.45,1.0,0.0
2023-11-17,367.28306715379995,368.0302064935661,360.78501895126305,363.5867614746094,40157000,67.61199862017037,11.133495497692138,9.460547190818698,1.6729483068734403,18.123143853520844,0.7863380248783866,349.2559766642615,336.11539180765885,1,1.4122525933528787,-0.016800936951366086,0.002517735897321405,0.1344802549293045,0.2481886868824554,0.21706589002349053,5.33,308.148,4.44,1.0,0.0
2023-11-20,364.9335496074717,372.45399413615905,364.7172740131472,371.0482177734375,52465100,71.56500640846825,11.478360003115824,9.864109753278123,1.614250249837701,18.036764255091814,0.866384664556832,351.3314281984687,337.4853065514149,1,1.7582588829773953,0.020521804117857645,0.03143383418022805,0.1484456534829519,0.2530974917579282,0.2197000950334071,5.33,308.148,4.42,1.0,0.0
2023-11-21,369.30820390562985,369.848877892723,364.83523819118903,366.7522277832031,28423100,66.53015777336597,11.27504541409155,10.14629688544081,1.1287485286507408,17.362495888607928,0.7727119173482415,352.8000757779672,338.6330289526615,1,0.9569194191371764,-0.011577983088056576,0.009607188009387979,0.13099352398397746,0.261408198588501,0.2216399397604751,5.33,308.148,4.41,1.0,0.0
2023-11-22,371.5987782953916,373.3584740319822,368.62009087575336,371.4513244628906,23345300,69.09167334629663,11.362119526322942,10.389461413617237,0.9726581127057052,17.510386069846827,0.8150130502111474,354.57638517653135,339.9200209334548,1,0.8302828669268744,0.012812728386384142,0.02212800712651064,0.11138902570041864,0.24703396049040974,0.2212695455390106,5.33,308.148,4.42,1.0,0.0
2023-11-24,370.9400175476793,371.569193741914,368.78713213501106,371.038330078125,10176600,68.59479627559564,11.267911720012137,10.565151474896219,0.7027602451159183,16.09246234741266,0.7898871234392616,356.1441894528736,341.1403467822654,1,0.3806515055906764,-0.0011118398497106385,0.003349343657051529,0.15342360410866074,0.18851291692715552,0.22137157591355155,5.33,308.148,4.47,1.0,0.0
2023-11-27,370.3993982063347,374.19404643508545,369.82923344697656,372.1983947753906,22179200,69.26344976325393,11.158233708353748,10.683767921587725,0.47446578676602336,14.408653163129422,0.7968356142313054,357.6731613883514,342.35830944866245,1,0.841689017326782,0.0031265360024161915,0.023685222382285875,0.15029411911727575,0.18900710466696727,0.2210823389026509,5.33,308.148,4.39,1.0,0.0
2023-11-28,371.9428061684763,376.51405435302496,371.75602133936184,376.2191467285156,20453100,71.5262871928827,11.265888029288249,10.80019194312783,0.4656960861604187,13.407785825685528,0.8534462839919882,359.43944570646227,343.6861854204214,1,0.7796981367276512,0.010802711697752931,0.013936002674012293,0.13686749841176327,0.18065965571890322,0.22173678188413676,5.33,308.148,4.34,1.0,0.0
2023-11-29,377.2611808001932,377.792014506202,371.0482003824139,372.434326171875,28963400,66.55891011284557,10.919923386991684,10.824138231900601,0.09578515509108243,11.708540743839293,0.7648322250925753,360.6770533698349,344.8135634891059,1,1.0861147381518268,-0.010060148691400372,0.015493016696903839,0.12276759613248256,0.18957697669558976,0.22175340095951243,5.33,308.148,4.27,1.0,0.0
2023-11-30,372.0803854957098,373.653296016865,369.1115390125993,372.4932861328125,30554400,66.5978265211122,10.52912825515898,10.765136236552278,-0.23600798139329804,10.564370751745358,0.7507142764508478,361.80240887107084,345.89904280846696,1,1.14065306890419,0.0001583096852095789,0.0028051095831427286,0.0971162123295668,0.1787547179418756,0.2216238466338407,5.33,308.148,4.37,1.0,0.0
2023-12-01,370.37977461547416,371.75606034220374,365.0220555355019,368.1678771972656,33040500,60.990342210242915,9.757912800828706,10.563691549407565,-0.8057787485788594,9.131546489504636,0.6191918140652997,362.4086439497561,346.7723304315571,1,1.2137702056251374,-0.011612045361818035,-0.007736270482499696,0.07737180087117612,0.1876682581517281,0.22227711552529122,5.33,308.741,4.22,2.0,0.0
2023-12-04,362.84946292716745,363.2623336149724,356.7544451480774,362.8887939453125,32063300,54.91318254214317,8.62135943274086,10.175225126074224,-1.553865693333364,7.91429224146058,0.42546472755518455,362.45437252076147,347.40434860856715,1,1.159920933803042,-0.01433879373763125,-0.025012469050803343,0.04843906005384002,0.19498491216759056,0.22363676309347105,5.33,308.741,4.28,2.0,0.0
2023-12-05,360.24430304947185,366.76200100247496,359.4283420231669,366.21148681640625,23065000,57.76565655251488,7.897706402642541,9.719721381387888,-1.8220149787453472,6.9074651411203645,0.5137652661730243,362.8121929298705,348.1418834402471,1,0.8355523258078078,0.009156228923383303,-0.026600612964897907,0.0469696033771001,0.19426943020689802,0.22334893516370377,5.33,308.741,4.18,2.0,0.0
2023-12-06,367.2141929312784,367.84333907553696,361.79749393560945,362.554443359375,21182100,53.73605159285117,6.949009463370544,9.16557899778442,-2.2165695344138765,6.261453859785386,0.3364340925979108,362.7876453517281,348.7070818684482,1,0.7738628349031608,-0.009986151687439104,-0.026527852343933844,0.0250146286648667,0.19600519137014177,0.22077349032130145,5.33,308.741,4.12,2.0,0.0
2023-12-07,361.99418225567007,365.1596540368226,360.11652374565716,364.6681213378906,23118900,55.66122491353935,6.295149882872408,8.591493174802018,-2.2963432919296096,5.7571370573316605,0.40266631153533544,362.96673830279116,349.33300498489695,1,0.8502890458287881,0.005829960209370544,-0.021007532447529287,0.023411080502513837,0.19543230053093577,0.21973781933303813,5.33,308.741,4.14,2.0,0.0
2023-12-08,362.9477302195792,368.11863343182006,361.99415565369594,367.8925476074219,20154400,58.49842539859578,5.9683463255459515,8.066863804950804,-2.098517479404853,4.766205596671599,0.5267241703915673,363.43586299847027,350.0608301857803,1,0.7477105667391892,0.008842084297638886,-0.0007478370789427702,0.039644931733297195,0.19477294736181583,0.2198637676585168,5.33,308.741,4.23,2.0,0.0
2023-12-11,362.2399851303358,365.3071446808132,359.90028444738044,365.01220703125,27708800,55.106213449466935,5.4145175514725,7.536394554255144,-2.121877002782644,4.657683434058677,0.35225296709755566,363.58599100159216,350.6471586895242,1,1.0286081263932378,-0.00782929851366676,0.00585141542358425,0.006448116767880263,0.17807306749597526,0.21350101689972512,5.33,308.741,4.23,2.0,0.0
2023-12-12,364.5697588483691,368.0793090380866,364.186348995361,368.03997802734375,24838300,57.87173019046452,5.160433804505374,7.06120240430519,-1.9007685997998163,4.22613377358673,0.505370488297232,364.01018024213994,351.32923003610534,1,0.9138198592091312,0.008294985586152048,0.004992992510511218,0.023071577991353287,0.17726450042547262,0.21356808184868026,5.33,308.741,4.2,2.0,0.0
2023-12-13,369.65226441534134,371.2448556652715,364.49117073712733,368.03021240234375,30955500,57.859350057542905,4.901777955120792,6.629317514468311,-1.7275395593475187,4.058325785686564,0.48898123340478883,364.39304044787366,351.9841705210559,1,1.1320632584756176,-2.6534141895018237e-05,0.015103301430348326,0.013125264683246707,0.17434431900436054,0.2134989858383342,5.33,308.741,4.04,2.0,0.0
2023-12-14,366.9881825491579,367.43057402825946,357.9636483820258,359.733154296875,43277500,48.38812044380563,3.981393062373286,6.099732624049306,-2.11833956167602,4.3958470571617045,-0.011700030737470755,363.94924176682616,352.2880522377547,1,1.5365598456818506,-0.02254450266816166,-0.013532762400262133,-0.010117051997394766,0.19322057094041564,0.21274211132865573,5.33,308.741,3.92,2.0,0.0
2023-12-15,360.6375145457429,366.09351500946013,360.0771601195224,364.4518127441406,78502300,53.09104160946802,3.5913389847903545,5.598053896197516,-2.006714911407162,4.452764245758412,0.29896985547133026,363.9971056694275,352.7650624536914,1,2.5544829210974256,0.013117107475091094,-0.009352553852090661,-0.014461694471131992,0.18837419483861095,0.2134906621355617,5.33,308.741,3.91,2.0,0.0
2023-12-18,363.1935335888459,366.6834038503824,362.4365540104277,366.3393249511719,21802900,54.862815898983186,3.395384895110624,5.157520095980138,-1.7621352008695146,4.345690865762902,0.4035505452518608,364.2201741724508,353.29738647320045,1,0.731310009547693,0.005179044639177954,0.0036358179106275035,0.007570582232969247,0.1792597661704352,0.2124421185650106,5.33,308.741,3.95,2.0,0.0
2023-12-19,365.19895042864266,366.9389953613281,363.5768985428581,366.9389953613281,20603700,55.43867761901384,3.251002722010867,4.776216621186284,-1.5252138991754176,4.279624753726264,0.45317461509515294,364.4791095237725,353.83235152763683,1,0.7300991144177008,0.0016369261209840946,-0.0029914757410778314,-0.011074631854500527,0.16325387881771078,0.21244287434450487,5.33,308.741,3.93,2.0,0.0
2023-12-20,368.64948928220537,369.6620453460696,364.2551861699306,364.3436584472656,26316700,52.32712986935598,2.893798898409102,4.399733076630848,-1.5059341782217457,4.349367489054581,0.2990963604459408,364.46620942124804,354.24455964213206,1,0.9360345394529167,-0.007072938409031337,-0.01001698727670719,-0.006567292993680973,0.15992119199476212,0.20940176266268787,5.33,308.741,3.86,2.0,0.0
2023-12-21,366.2508185704827,368.06949543921024,363.77350472816454,367.2142333984375,17708000,55.31450661081484,2.809952321624735,4.081776925629625,-1.2718246040048902,4.241774431206852,0.4917029835798014,364.72792599050416,354.75317429924206,1,0.6362179308689649,0.007878756455939051,0.020796190209892762,-0.011406854102835262,0.15551005745934143,0.20963928196107479,5.33,308.741,3.89,2.0,0.0
2023-12-22,367.3518195308778,368.8264174223801,366.3982450276754,368.236572265625,17107500,56.363279529148784,2.7937924081747383,3.824180022138648,-1.0303876139639097,4.1497538633122595,0.5678003023805349,365.0620827786109,355.2819350038061,1,0.6070843361950193,0.0027840393269240593,0.010384800923301851,-0.007551127701308058,0.15594441778144288,0.20963894946418382,5.33,308.741,3.9,2.0,0.0
2023-12-26,368.6494546365646,370.55660354861266,367.1748568180184,368.3152160644531,12673100,56.44795891799485,2.7555669965956895,3.6104574170300565,-0.854890420434367,3.973094220904945,0.5895611039254933,365.37190499631015,355.79304406500796,1,0.4574388176348438,0.00021356868043898025,0.005393609090546425,-0.010433088281535663,0.15541935490002967,0.2095701362001115,5.33,308.741,3.89,2.0,0.0
2023-12-27,367.3617208659254,368.7085156973093,366.4966184922779,367.73529052734375,14905400,55.591267102973525,2.6479539732062563,3.4179567282652967,-0.7700027550590405,3.2541781064749498,0.5964189519722192,365.59698933259904,356.26136745568783,1,0.5434554929916905,-0.0015745359187330221,0.0021701023224078853,-0.022550304190907977,0.14961559755075268,0.20704630713967975,5.33,308.741,3.79,2.0,0.0
2023-12-28,369.01330750371744,370.08484534383274,367.82380659874974,368.9248352050781,14327000,57.03177934152773,2.628358114663911,3.2600370055450196,-0.6316788908811088,2.9749992236332,0.730740852605914,365.9139270347399,356.7579740340953,1,0.5366869368032121,0.003234785206577717,0.012573779319602352,-0.009423113607356592,0.14646761086545687,0.19801339255924771,5.33,308.741,3.84,2.0,0.0
2023-12-29,369.6325745030526,370.77293391810167,367.15526060187455,369.6719055175781,18730800,57.9542157408902,2.642647787576152,3.1365591619512463,-0.49391137437509425,2.6946710090815356,0.8448292413895958,366.27182974739117,357.26440271972206,1,0.7175428673328331,0.002024993281042553,0.006692747436273683,-0.007574312666211114,0.14672360003282497,0.19567440288105228,5.33,308.741,3.88,2.0,1.0
2024-01-02,367.528833625427,369.5342955375811,360.55890320609336,364.5894775390625,25258600,50.0777982741903,2.2182919058158745,2.9529057107241723,-0.7346138049082978,2.680126828681393,0.3471069223357505,366.11160572755034,357.5516605557746,1,0.9822519860983807,-0.01374848318916666,-0.00990421647725881,-0.009719478205008625,0.1491154572628748,0.1986009541392842,5.33,309.698,3.95,2.0,0.0
2024-01-03,362.7609956778596,366.9390238907261,362.2694629469342,364.3240661621094,23083500,49.69794566339876,1.8393672515080652,2.730198018880951,-0.8908307673728859,2.597844585437252,0.30684901506528095,365.941363864175,357.8172450893564,1,0.9136190928520541,-0.0007279732227727376,-0.010836234095865649,0.003955129617513542,0.13974563399439296,0.19337028978014992,5.33,309.698,3.91,2.0,1.0
2024-01-04,364.3928551976836,366.7816968551165,360.95212639041375,361.7090759277344,20901500,45.99603838586217,1.3129243013565883,2.4467432753760785,-1.1338189740194902,2.8072516926498854,0.08850553551901104,365.5382888226092,357.9698659065477,1,0.8308150644978253,-0.007177648904509781,-0.016387370901953968,-0.012294564891485948,0.1379278229720031,0.19392838499902074,5.33,309.698,3.99,2.0,1.0
2024-01-05,362.72161874370073,365.75928703620065,360.2934461602704,361.5222778320313,21004600,45.73397094493492,0.8706056256392571,2.131515745428714,-1.260910119789457,2.8914622343666063,0.08765492100455703,365.1558115854113,358.1091761781353,1,0.835207831738502,-0.0005164318733887896,-0.020065218349780922,-0.0028469256031723456,0.13337070591870107,0.19356379791488282,5.33,309.698,4.05,2.0,1.0
2024-01-08,363.0460204620728,368.8461300070406,362.7609531121448,368.3447570800781,23134000,55.66872881657114,1.058381581822971,1.9168889127075657,-0.8585073308845947,2.929976828930105,0.7122260149124612,365.45952068014145,358.51057150762324,1,0.9198517437878496,0.018871532036586203,-0.0035900711352188086,0.0100821418902719,0.14803400678784592,0.1954860220927932,5.33,309.698,4.01,2.0,0.0
2024-01-09,365.71016152546855,369.6227425364251,364.9040407138779,369.4261474609375,20830000,57.01211322199387,1.279702927370863,1.7894517156402252,-0.5097487882693621,3.0080494344588113,0.7978971275002084,365.8372946592649,358.938633309714,1,0.8271293667258522,0.0029358104332248836,0.013266071074025332,0.004168608098993332,0.1451049843161509,0.19511546853880585,5.33,309.698,4.02,2.0,1.0
2024-01-10,369.99632077317983,377.6642489138574,369.9471795033603,376.2879333496094,25514200,64.38675611880606,1.9858982641201237,1.828741025336205,0.15715723878391863,3.832249995420154,1.1816230242763242,366.83259358215486,359.6189980171609,1,1.0175659768550822,0.018574174935458432,0.03283853112842827,0.0308913677437479,0.15532518361803985,0.1961315711590412,5.33,309.698,4.04,2.0,1.0
2024-01-11,379.4632805217829,384.06401983154944,373.9384572479892,378.1164855957031,27850800,66.05780706725201,2.6624213052602954,1.9954770813210232,0.6669442239392722,4.686143754314712,1.1336377842180552,367.9072499643975,360.3443896869077,1,1.1041222816973102,0.0048594495970586404,0.04536079064614573,0.027378839718360082,0.15382624287166968,0.19452690854964702,5.33,309.698,3.98,2.0,1.0
2024-01-12,378.96187275463393,382.0978537915272,378.13610141587486,381.8914184570313,21661200,69.26414971170448,3.4632539867693595,2.2890324624106904,1.174221524358669,5.831354818446551,1.1518903398301819,369.2390755351245,361.1893712073047,1,0.8748583633906194,0.009983518320765494,0.05634269828998972,0.03766322869040439,0.15668039183379898,0.1949221852474293,5.33,309.698,3.96,2.0,1.0
2024-01-16,386.9935560466254,387.3572854699558,381.0558322148753,383.6609497070313,27202300,70.66314814876182,4.192378905481348,2.669701751024822,1.522677154456526,6.538921212736676,1.1032129674848563,370.6125873610204,362.070609579843,1,1.1355154397214382,0.004633597835608683,0.04158113379532491,0.06651540210944673,0.1268555679653431,0.1941443614633088,5.33,309.698,4.07,2.0,1.0
2024-01-17,381.4097233605343,383.503627454572,378.2933928530743,382.8744812011719,22234100,69.15649679788842,4.653115996250051,3.0663846000698682,1.5867313961801828,7.167450163364977,0.9845597832943495,371.7803867743682,362.8864476826402,1,1.0516308505689607,-0.002049905017594278,0.03640330775897871,0.05054898291853105,0.12260976424158444,0.19439208944799927,5.33,309.698,4.1,2.0,1.0
2024-01-18,385.08639698467385,387.3179447426275,383.51348627386955,387.1999816894531,23392100,72.61488729172211,5.306119556501528,3.5143315913562003,1.791787965145328,8.134693228424746,1.0344884449059253,373.2489196234239,363.839919604476,1,1.1022594289734382,0.011297437412676636,0.028999198147832583,0.05694353654514628,0.12622119658415876,0.1919293992180463,5.33,309.698,4.14,2.0,1.0
2024-01-19,389.05794692680297,391.9186706542969,386.83620966747424,391.9186706542969,29331100,75.80240238237623,6.13368306607066,4.038201886299093,2.095481179771567,9.382994605539302,1.0611471081002513,375.02699115017367,364.9410470966258,1,1.3542644687435432,0.012186697283029124,0.036502468377831,0.06807582625109387,0.1303838755355666,0.192548773045473,5.33,309.698,4.15,2.0,1.0
2024-01-22,393.24576581207174,393.8356109851859,386.9246632087036,389.7952270507813,27016900,71.75484503588844,6.542768000454714,4.5391151091302175,2.0036528913244966,9.972787485749663,0.9350113897366568,376.4334898073744,365.9157208203182,1,1.2454009491855447,-0.005418072070847102,0.02069648128173185,0.06985593961476755,0.12874738874859415,0.19335971478610195,5.33,309.698,4.11,1.0,1.0
2024-01-23,389.04812543344485,392.61665757487873,387.2589392356876,392.144775390625,20525900,73.4444810969319,6.97614303882915,5.026520695070004,1.9496223437591462,10.692092102084144,0.9319190177292037,377.9298027200649,366.9443111956244,1,0.9400789494294051,0.006027647792459012,0.0221128204214478,0.06789100128680792,0.12806410073394361,0.18502662186075639,5.33,309.698,4.14,1.0,1.0
2024-01-24,394.7400515217606,398.7607850247389,393.6685139379053,395.7427673339844,24867000,75.8290177017216,7.523200981312641,5.525856752318531,1.99734422899411,11.55843041199004,0.9491998070417703,379.6262755404382,368.07366241673657,1,1.1190158672372972,0.00917516225933479,0.033609673051182565,0.07469707557596417,0.12970746468542624,0.1646479698526494,5.33,309.698,4.18,1.0,1.0
2024-01-25,397.4729979213706,400.11744616888006,395.7133025074248,398.013671875,21021200,77.21941057771566,8.047227925489665,6.030130986952758,2.0170969385369064,12.37907879861836,0.9345825569897818,381.3774561437298,369.2477804347077,1,0.9285142279394389,0.005738334919710875,0.027927920188332456,0.08063325791392173,0.12927194903471925,0.16464092648760262,5.33,309.698,4.14,1.0,1.0
2024-01-26,397.5221507852055,399.291686504724,395.6150015101639,397.089599609375,17803300,75.320740291098,8.292368878507432,6.482578565263694,1.809790313243738,12.848058286975824,0.8680010452563508,382.8738507595055,370.3396164807731,1,0.7813775195028375,-0.002321709858035259,0.013193882665618828,0.07982456358740087,0.12971734424773826,0.1601805102634989,5.33,309.698,4.15,1.0,1.0
2024-01-29,399.1835322269837,403.03716177894273,397.4828182919345,402.7815551757813,24510200,78.7815448991845,8.843990081998129,6.954860868610582,1.8891292133875472,13.617444111759214,0.9227753629340618,384.76982260867464,371.6118493707734,1,1.0522260022199168,0.014334184456116672,0.03331576998326913,0.09177132233963836,0.13481037471008825,0.1618058428513954,5.33,309.698,4.08,1.0,1.0
2024-01-30,405.2785172108199,406.05511721074,399.5669101187714,401.670654296875,33477600,76.52599504852472,9.086766851293191,7.381242065147104,1.7055247861460874,14.069239620875123,0.8571079278319639,386.3794256265985,372.79062603454213,1,1.3931002885647104,-0.0027580728676155353,0.024291739949259927,0.08655986105975622,0.1369772019279496,0.1567551144397379,5.33,309.698,4.06,1.0,1.0
2024-01-31,400.0682959137318,408.28673844568766,390.48340804499526,390.8471374511719,47871100,58.84786205029259,8.310009223006261,7.566995496718936,0.7430137262873258,13.461298171848043,0.6370312247707546,386.8049219908436,373.4987245214688,1,1.9025436746347515,-0.02694624745402352,-0.012370737476247728,0.0720197963181648,0.16577179833568023,0.1682477693999262,5.33,309.698,3.99,2.0,1.0
2024-02-01,395.0251188068164,401.0906449466683,394.99562804766,396.9421081542969,30657700,63.90456661102487,8.092945960945201,7.672185589564189,0.42076037138101174,12.876169245308319,0.7326087963814498,387.77036829212483,374.41807289922673,1,1.200363816613248,0.01559425698464123,-0.0026922786738834414,0.08953029739647733,0.17023652210473358,0.16905745657289947,5.33,310.967,3.87,2.0,1.0
2024-02-02,396.9716461643717,405.6619409058491,396.725879808558,404.2561645507813,28256700,68.85098513136062,8.414112337557697,7.8205709391628915,0.5935413983948052,12.173961962457208,0.8546159521877278,389.3404441262826,375.58819414046417,1,1.090651186308529,0.018426002800492336,0.018047727637430455,0.11762792657032306,0.17142953515475584,0.17139603534312214,5.33,310.967,4.03,1.0,1.0
2024-02-05,402.9584843152066,404.197156266753,397.1485644483077,398.7804565429687,25352300,62.000796543206036,8.133042480006281,7.88306524733157,0.24997723267471184,10.683294831300021,0.725752389814777,390.23949292787177,376.4976946268369,1,0.9704049513339178,-0.01354514411399843,-0.009933668961247366,0.10305915014246536,0.1835006582917872,0.17351229278498806,5.33,310.967,4.17,2.0,1.0
2024-02-06,399.0065788415849,401.06118187336995,396.0868734804641,398.6231689453125,18382600,61.81056000734796,7.807599649575991,7.867972127780455,-0.060372478204463675,9.598356359974163,0.7057554318353293,391.03793826286613,377.365360286385,1,0.7100842226961885,-0.00039442152962987365,-0.007587025138535819,0.0822012836703736,0.17686311861830903,0.1732139579272142,5.33,310.967,4.09,2.0,1.0
2024-02-07,400.5401302252688,407.2839438164574,400.50079921285686,407.0381774902344,22340500,67.54760413519713,8.134930311374205,7.921363764499205,0.21356654687500054,8.784180573913728,0.9131372982929361,392.56177057023456,378.52900017673204,1,0.8604599390527603,0.021110184255437314,0.04142550498040998,0.10181204088504292,0.18670627654775845,0.176528121484633,5.33,310.967,4.09,2.0,1.0
2024-02-08,407.03824747553335,408.52268594139866,405.5439987554575,407.09722900390625,21225300,67.58440517182274,8.30339086160734,7.997769183920832,0.30562167768650816,8.405887232862952,0.8853503112565538,393.94609994486996,379.6493228758369,1,0.8243156674658564,0.00014507610572556118,0.025583380147872647,0.08187691638166861,0.18026141476552482,0.17036423346982763,5.33,310.967,4.15,2.0,1.0
2024-02-09,408.2178966207668,413.693577955035,408.060602560808,413.4281311035156,22032800,71.3371719262891,8.845779313620824,8.16737120986083,0.6784081037599936,8.489177167210702,1.0156412000806814,395.8015314837886,380.9739820220204,1,0.8654536013004901,0.015551326927721876,0.022688501393482552,0.09338827280217843,0.1848294019864789,0.1712671279399134,5.33,310.967,4.17,1.0,1.0
2024-02-12,413.4379873700898,413.61493194410616,407.7263797250581,408.2277526855469,21202900,64.71007235866503,8.755075927142514,8.284912153317167,0.47016377382534635,8.190472854834475,0.8324513599741531,396.9849811220513,382.04275734215867,1,0.8336052664066069,-0.012578675776338644,0.023690469248360158,0.0689628856676674,0.1931711319787525,0.17326078984402105,5.33,310.967,4.17,1.0,1.0
2024-02-13,398.0824520440308,403.12558166924816,396.55871287886254,399.4390869140625,27824900,55.35149844780141,7.883148928305843,8.204559508314903,-0.32141058000905964,7.540933713338253,0.5414133831037221,397.2187054831952,382.72496634497844,1,1.092616087686045,-0.021528829712501696,0.0020468403051152606,0.04112521021250548,0.2125704389761091,0.17993079799939266,5.33,310.967,4.31,2.0,1.0
2024-02-14,401.9013178119368,403.64455035620506,398.4542264131706,403.2998352050781,20401200,58.21064662040597,7.41815870538602,8.047279347729127,-0.629120642343107,6.7121527291739955,0.6523742824683456,397.7978606948031,383.5318239473353,1,0.8039987917081861,0.009665424385085997,-0.009184254676567583,0.05334738930582916,0.21364301581690445,0.1776890172512904,5.33,310.967,4.27,1.0,1.0
2024-02-15,401.97028650604454,402.94531135993617,398.178479770767,400.4141540527344,21825500,55.357227019404164,6.739115917949789,7.78564666177326,-1.046530743823471,6.108562076884656,0.5219692558430843,398.04703149079654,384.1938761083313,1,0.8627929698116348,-0.007155175629755428,-0.01641640982800141,0.034127512882682565,0.21377065095003153,0.1744709291787766,5.33,310.967,4.24,2.0,1.0
2024-02-16,401.7929735865366,402.11800189970467,397.3413119912312,397.9519348144531,22296500,52.97124872573476,5.93388694675707,7.415294718770022,-1.4814077720129522,5.8470742571277174,0.404813620200467,398.0379746644781,384.7334078222969,1,0.8938405719393031,-0.006149181324786479,-0.0374338249498255,0.015394173873073846,0.21177464734532292,0.17074512981386356,5.33,310.967,4.3,2.0,1.0
2024-02-20,397.1443207958614,398.3754248852805,391.9934005217336,396.7011413574219,24307900,51.75098323203804,5.13560850897386,6.959357476810791,-1.8237489678369307,5.407076761396064,0.3234569544271894,397.91065720666325,385.2027307060273,1,0.9797955633716666,-0.003143076707528558,-0.028235736674678824,0.017716774930496726,0.21104198032265328,0.16889982111186805,5.33,310.967,4.27,2.0,1.0
2024-02-21,394.12077725006736,396.2087251105163,391.2153593903598,396.1003723144531,18518900,51.14159367791725,4.403726635385851,6.448231308525803,-2.0445046731399517,5.161921790815296,0.2765584014009262,397.73824912169084,385.63008920047537,1,0.7494858614166083,-0.001514412186748526,-0.008358507489597988,0.01008708306744066,0.21030432901993318,0.16730041195249265,5.33,310.967,4.32,2.0,1.0
2024-02-22,403.98929433440406,406.5893706886108,402.393788153555,405.4272155761719,27009900,59.17831861781255,4.524151676838471,6.063415382188337,-1.5392637053498657,5.120152406612048,0.705464877101729,398.4705316411652,386.4064470975615,1,1.0884088660720221,0.02354666623315982,0.005274934888113592,0.02447157356135432,0.22357303260142536,0.1732982808823283,5.33,310.967,4.33,2.0,1.0
2024-02-23,409.3864998448466,409.5736000408013,402.7877689820269,404.1370544433594,16295900,57.76290683294896,4.46402565966855,5.74353743768438,-1.2795117780158298,5.0993408898299935,0.628179352050626,399.0102004794694,387.1017650326909,1,0.6629824588883055,-0.00318222626218867,0.009297624354544398,0.015384854845595486,0.2234243609813218,0.1735247665021736,5.33,310.967,4.26,2.0,1.0
2024-02-26,405.2401206785282,405.929551090099,401.2020926741633,401.37939453125,16193500,54.748684331646345,4.1460620274763755,5.424042355642779,-1.2779803281664037,4.996099705304055,0.4826741517504391,399.2358380082104,387.6616720718501,1,0.6609809016173797,-0.006823576016576016,0.008612747965140333,0.010803090602460985,0.22482569159207733,0.17321125017241484,5.33,310.967,4.28,2.0,0.0
2024-02-27,401.8225826130769,402.1476109777957,397.7451808256374,401.3203125,14835800,54.682846309635394,3.8449835550041485,5.108230595515053,-1.2632470405109046,4.991780651416879,0.4833532792403767,399.43435938838087,388.1973050298168,1,0.6177600068289301,-0.00014719746966329605,0.011643957279206196,-0.003627878826634956,0.21892482004543298,0.17165858078630875,5.33,310.967,4.31,2.0,1.0
2024-02-28,402.00967855020446,403.1127430930959,399.1929265964819,401.556640625,13183100,54.91638909488428,3.584130772525839,4.80341063091721,-1.2192798583913715,4.991894061219893,0.4954247669489504,399.636481410916,388.7212005433534,1,0.5731595708835582,0.0005888765597927836,0.013774963852382527,-0.0002838486472819257,0.21872404664453005,0.1716492091063888,5.33,310.967,4.27,2.0,1.0
2024-02-29,402.46275960420144,407.9387088030321,399.7838756031993,407.3871765136719,31947300,60.345998586785335,3.8040281132983864,4.603534127393446,-0.7995060140950594,4.472790888717865,0.7728493148460853,400.3746428492737,389.45319960101295,1,1.4387720360142242,0.014519834311784718,0.004834310234241634,0.04231843469639407,0.1988987593245918,0.171583027514131,5.33,310.967,4.25,1.0,1.0
2024-03-01,405.0529271345384,409.583396137478,404.6688382927548,409.218994140625,17823400,61.89856325693308,4.079089508779759,4.4986452036707085,-0.4195556948909491,4.5061673903252695,0.8374706380140923,401.21696201987857,390.22832879864484,1,0.8265792385002999,0.004496502915554146,0.012574792737739093,0.03092865617964602,0.19281044850513696,0.16833740019584417,5.33,312.345,4.19,1.0,1.0
2024-03-04,407.19018891902937,411.04108655942895,406.0871243373175,408.6478271484375,17596000,61.09533991983328,4.202544921717106,4.439425147279988,-0.23688022556288235,4.657112415039532,0.7842545855545229,401.9246634606937,390.95066206726415,1,0.8367170221699578,-0.0013957489763811726,0.01810863416562758,0.01086356370727537,0.18253253691250676,0.1678181475083187,5.33,312.345,4.22,1.0,1.0
2024-03-05,407.7022908884421,407.9879154671031,394.58366790374333,396.5632629394531,26919200,47.1534463065985,3.287366178182424,4.209013353460476,-0.9216471752780517,4.787337562110206,0.15627776001648,401.41405388724223,391.170764062252,1,1.2752985753610393,-0.029572075039064782,-0.011853498097101345,-0.005559935466086907,0.2070252193332099,0.17850746969487638,5.33,312.345,4.13,1.0,0.0
2024-03-06,396.87845143918287,399.03534841652714,392.3676988449284,396.0117492675781,22344100,46.63045638742046,2.488887540013593,3.8649881907710992,-1.3761006507575062,4.94257211647404,0.1458357666000829,400.89954868536944,391.3606066193236,1,1.0487120433788615,-0.0013907331399963807,-0.013808491247440435,-0.006551098584268833,0.20706287026062822,0.17837358411989923,5.33,312.345,4.11,1.0,1.0
2024-03-07,399.98083315410713,403.58550992875143,396.15948083378726,402.9552001953125,18718500,53.60694124895271,2.3888289939169454,3.569756351400269,-1.1809273574833234,4.861699213840027,0.5046960552108236,401.09532501964975,391.81529656348005,1,0.8860773874527637,0.017533446774183448,-0.010879027553805765,-0.010030944320990165,0.20262061684525653,0.1807500667151811,5.33,312.345,4.09,1.0,0.0
2024-03-08,401.793002594602,404.21583727335775,398.2178712291556,400.0793151855469,18002200,50.65346709809547,2.053797095268294,3.266564500173874,-1.21276740490558,4.80138010637519,0.3741077353621103,400.9985621783066,392.13937572512975,1,0.8587207340211005,-0.0071369844795939885,-0.02233444460287526,-0.017238913257972666,0.20396602947586384,0.18060109169885938,5.33,312.345,4.09,1.0,0.0
2024-03-11,397.6564774172096,399.5474364579457,395.1942692502342,398.4049682617187,16120800,48.96212665238721,1.6343364845085944,2.9401188970408185,-1.3057824125322242,4.184585235953269,0.3003691726067433,400.75155323386963,392.3850852363685,1,0.7799742360006532,-0.004185037467012376,-0.02506524739943905,-0.03633802760759741,0.19485617591688262,0.1804217998651354,5.33,312.345,4.1,1.0,1.0
2024-03-12,401.4581399062547,409.2879744362051,400.64069996356216,409.0023498535156,22457000,58.424447930609695,2.132449506370051,2.778585018906665,-0.6461355125366142,4.246415592374802,0.9221316997483451,401.53734338812166,393.0367426723351,1,1.083252777954646,0.02659952168276014,0.03136721949950694,0.0018974632735599961,0.2142203531240984,0.187482806311805,5.33,312.345,4.16,1.0,0.0
2024-03-13,411.7797232101297,411.85850065118984,405.2302551257752,408.8250732421875,17115900,58.2299615583935,2.4842658535758346,2.7197211858404993,-0.23545533226466464,4.465040612001894,0.8649962868808753,402.2314128980327,393.6558928907607,1,0.8475051285847482,-0.00043343665725059655,0.03235591872793564,0.023497916542514874,0.1981290923942082,0.1804383402966056,5.33,312.345,4.19,0.0,1.0
2024-03-14,413.8873540190868,421.3527863664109,411.6713665638625,418.7920837402344,34157300,65.23667054338912,3.5266838764037516,2.88111372395315,0.6455701524506017,5.715033787376484,1.1836941559105094,403.8086196449091,394.64162586524986,1,1.6356169375392506,0.02437964584462371,0.03930184679896365,0.03841372394134113,0.2124585687006507,0.18466371553576957,5.33,312.345,4.29,0.0,0.0
2024-03-15,412.9517016392755,416.21166275541714,406.5499605866558,410.1250915527344,45079900,56.380141708987416,3.611819031737298,3.0272547855099794,0.5845642462273184,5.871561652140259,0.7783776391206028,404.4101883980353,395.2488205980924,1,2.044796473580087,-0.020695214938389106,0.02510946201387232,0.024252233348177388,0.22542519406254527,0.19058387761185294,5.33,312.345,4.31,0.0,0.0
2024-03-18,407.9879061886506,414.3699607798189,407.52500983634934,411.0115051269531,20106000,57.022774386626395,3.7080710877711454,3.1634180459622128,0.5446530418089326,5.929963568177374,0.7849302020001155,405.0388852293608,395.86696508942026,1,0.9165491691294424,0.0021613249042207183,0.031642519219170495,0.03281695393336648,0.22374782021757958,0.19058400928498528,5.33,312.345,4.34,0.0,1.0
2024-03-19,411.5138040831413,415.2957826626085,409.26827120822617,415.0397033691406,19837900,59.913058888543894,4.062562773923503,3.343246991554471,0.7193157823690317,6.099508076339368,0.9022993142824199,405.99134409981605,396.6188371788211,1,0.9136361270807111,0.009800694608155247,0.014761170731139472,0.046227651246397494,0.22478960593397324,0.19031818612091592,5.33,312.345,4.3,0.0,1.0
2024-03-20,415.6207570050016,419.5208864985866,414.3010169757645,418.8019409179687,17860100,62.45285689037079,4.594122927665353,3.5934221787766476,1.0007007488887054,6.3971685894085,0.9836017315569776,407.2114009396401,397.48876281565043,1,0.8237981309204393,0.009064765414700249,0.02440375683580176,0.0573126666629169,0.2255539035279708,0.19048319964214583,5.33,312.345,4.27,0.0,1.0
2024-03-21,423.3324019440985,424.30745690999566,420.70278020104655,422.8793640136719,21296200,65.03817840205227,5.283497278799359,3.93143719878119,1.3520600800181692,7.304476546863631,1.0303963686932667,408.7035878990717,398.48447266655324,1,0.9954051285598802,0.009735922156344223,0.009759688475803996,0.043046316988606614,0.21404947603179694,0.19109969036492233,5.33,312.345,4.27,0.0,1.0
2024-03-22,423.2043902779049,423.36194516542855,419.62925888508494,422.2588806152344,17648500,64.31247037834854,5.71389734230479,4.28792922748591,1.4259681148188799,7.933368142489076,0.9401050751164471,409.99456815775386,399.41680239003097,1,0.8223086845740184,-0.0014672822824653986,0.029585580868903838,0.04484079342052705,0.21357197929780075,0.1912094041426306,5.33,312.345,4.22,0.0,1.0
2024-03-25,418.8117700116772,420.9489800236463,415.2366387798196,416.4677429199219,18060500,57.82698460568822,5.5240186318376345,4.535147108356256,0.9888715234813787,7.967230907878086,0.7364411227048857,410.61106099224605,400.0854667245365,1,0.8378609899058175,-0.01371466169491753,0.013275146133156168,0.037591238101031044,0.2188457629175762,0.19388752776896792,5.33,312.345,4.25,0.0,1.0
2024-03-26,419.1761916947957,419.5504521799467,414.9806090267337,415.2760620117187,16725600,56.562946639313346,5.2172386166367914,4.671565410012363,0.5456732066244285,7.884857171585945,0.6799808105692208,411.0553468036244,400.6811763436417,1,0.7725459267273981,-0.002861400260793623,0.0005694844147665634,0.03477459046311959,0.21938602631409165,0.19413459668231697,5.33,312.345,4.24,1.0,1.0
2024-03-27,418.02386500319915,418.0337234540762,412.67595596490696,415.0593566894531,16705000,56.32184468977967,4.900141158886868,4.717280559787264,0.1828605990996035,7.7489758290102655,0.6547738962857863,411.4366810784652,401.2450265532814,1,0.7653691205058905,-0.0005218343701676176,-0.008936406121500373,0.03362593143382453,0.21949665933643153,0.19420181998420263,5.33,312.345,4.2,1.0,1.0
2024-03-28,414.5964697982947,415.4927172172239,412.78428811448583,414.360107421875,21871200,55.499777968222986,4.540080346895479,4.681840517208907,-0.1417601703134279,7.766257032020193,0.621427950005069,411.71510263498044,401.759343450089,1,1.0257446851917467,-0.0016846970350347101,-0.020145831924589852,0.017116225817110697,0.21446377672388833,0.1915644311853486,5.33,312.345,4.2,1.0,1.0
2024-04-01,417.5412631842415,421.4217055688743,415.83740435240986,418.1518859863281,16316000,58.99491007821409,4.508720674871199,4.6472165487413655,-0.13849587387016626,7.918337246824109,0.7217693239463777,412.32812962082306,402.4021882554317,1,0.7679239719497837,0.009150925720251779,-0.009726248084877098,0.021829123216683843,0.21612517277258372,0.1919973238337582,5.33,313.023,4.33,1.0,1.0
2024-04-02,413.7593022671653,415.9950065592136,411.5236280313696,415.0692138671875,17912000,55.19911642830028,4.186858532870929,4.555144945567278,-0.36828641269634943,7.941365270426938,0.6167342630552759,412.58918526333395,402.89893435785353,1,0.8424143787981722,-0.007372134916644679,-0.003358072927639122,0.015713742474929404,0.21807894182858664,0.19203914344691178,5.33,313.023,4.36,1.0,1.0
2024-04-03,413.3850296337972,416.8616660710103,412.7546899690478,414.0941467285156,16502300,54.01526705614969,3.8091907178726956,4.405954100028362,-0.5967633821556664,7.230772884814236,0.5657997286818078,412.7325149266846,403.33796229395796,1,0.7956040565330479,-0.002349167575179112,-0.0028460953840622194,0.04420702931259446,0.18601288201920962,0.19219062563329103,5.33,313.023,4.36,1.0,1.0
2024-04-04,418.5655553413228,422.1899488258563,411.2577378896696,411.56304931640625,19370900,50.95997619199841,3.2679766451232695,4.1783586090473435,-0.910381963924074,6.272158806001489,0.44795811840782296,412.62113724951524,403.66051472621086,1,0.9406459125565296,-0.006112371865446331,-0.008423632226806532,0.03926979458965585,0.1879646167430842,0.189844453256397,5.33,313.023,4.31,1.0,1.0
2024-04-05,413.6608379545396,420.06257930400153,411.9963827991793,419.0875244140625,16554800,58.47891807715352,3.4069496540912496,4.024076818056125,-0.6171271639648754,5.977384311140006,0.717151977806727,413.2369836461388,404.2654954982835,1,0.8081423460721635,0.018282678948351005,0.01140895783042728,0.04003503171303069,0.18878371108856842,0.19274316179107895,5.33,313.023,4.39,1.0,1.0
2024-04-08,418.7428494922185,420.8209388461148,416.9010924581036,418.1716003417969,14272400,57.326709724346685,3.4039408359328718,3.900049621631475,-0.49610878569860306,5.203788251380559,0.6645118992530415,413.7069471409634,404.81083294312714,1,0.703125327148316,-0.0021855197754840905,4.714639854430658e-05,0.04522174596269557,0.1864053005343148,0.18990343014903202,5.33,313.023,4.42,1.0,1.0
2024-04-09,419.9936139789009,421.2739501766581,415.2464695179833,419.8360290527344,12496900,58.911045362016,3.495567091115106,3.8191531155282012,-0.32358602441309525,3.8677882849223417,0.757641181437479,414.29066922779873,405.4000563199745,1,0.6212010347302722,0.003980252866471634,0.011484386281349623,0.05379215245362423,0.18493156591213133,0.18985108702118023,5.33,313.023,4.36,1.0,1.0
2024-04-10,415.80789248455,417.6200741918698,413.3555426286193,416.8617248535156,16216600,54.98259589843521,3.2902520889285825,3.7133729102082778,-0.4231208212796953,3.5753273745021295,0.552103836181979,414.5355316683432,405.8495335173683,1,0.8188010280076545,-0.0070844424808647055,0.006683451449060129,0.019215965391922163,0.1652571333549647,0.1899239869135342,5.33,313.023,4.55,1.0,1.0
2024-04-11,419.38303118441615,422.87935502001585,415.9753131864395,421.4611206054687,17966400,59.482163377407815,3.4588003712581212,3.6624584024182467,-0.20365803116012549,3.35826869558766,0.8388978428945884,415.19511156711707,406.4617526188624,1,0.9052074975469604,0.011033384639880905,0.02404995129058074,0.030908200573587674,0.16890871574742308,0.19081937106432215,5.33,313.023,4.56,1.0,1.0
2024-04-12,417.6397710155257,418.75269400595073,413.4244714952131,415.5222778320313,19253800,52.2237146659497,3.0776835008858825,3.545503422111774,-0.46781992122589156,3.336147922096673,0.4256928215950535,415.2262702590137,406.8170673331044,1,1.0079125147558061,-0.01409108096354339,-0.00850716467166579,-0.007807707058357982,0.1551766890864185,0.19340669767955704,5.33,313.023,4.5,1.0,1.0
2024-04-15,420.1512567272677,420.36793227353456,407.1803293629701,407.3871765136719,20273500,44.256913139640965,2.09506039470358,3.2554148166301355,-1.1603544219265554,3.6180240970244992,-0.09941468066060997,414.4796899023145,406.83942455587174,1,1.1349863091769103,-0.01957801483184962,-0.025789469728002223,-0.006675804761656412,0.15321736023429522,0.19705247047409835,5.33,313.023,4.63,2.0,1.0
2024-04-16,408.3030988508173,412.0751888679084,407.4758004410801,408.31292724609375,16765600,45.27992045551591,1.3751727158685298,2.8793663964778147,-1.5041936806092848,3.842531549602246,0.0017342091183631862,413.8923791731506,406.89720897509613,1,0.9474600897073857,0.002272410094849464,-0.02744667205584983,-0.006565699128120106,0.1532417917904477,0.1956765576917238,5.33,313.023,4.67,2.0,1.0
2024-04-17,410.9425718180864,412.5479364642673,404.127165910336,405.6143493652344,15855500,42.81335544475851,0.5802154987540007,2.419536216933052,-1.8393207181790512,4.4483690586317834,-0.051308881792617354,413.10399538192047,406.84690075510156,1,0.9062258697464991,-0.0066090924405950435,-0.02698107026312757,-0.022709523757353023,0.14994490549153444,0.19585184393219804,5.33,313.023,4.59,1.0,1.0
2024-04-18,404.4226257260466,405.66358827577534,397.8436126348303,398.15875244140625,21029900,36.84212620025136,-0.6439748447465377,1.806834004597134,-2.4508088493436717,5.742035328654034,-0.19786519367915203,411.6806389113953,406.5061890565253,1,1.1911799024394665,-0.018380998935308313,-0.055289484663701316,-0.0492910525469743,0.1569199525727047,0.1994239352379352,5.33,313.023,4.64,1.0,1.0
2024-04-19,397.9224202787546,399.35051316442866,391.7570408652649,393.0866394042969,30565800,33.42652687460232,-2.0003725943839186,1.0453926848009236,-3.045765279184842,7.078010889905934,-0.19065008869634906,409.90978181548115,405.9799322074183,1,1.687025614080017,-0.01273892136241761,-0.05399382806811548,-0.07045206539899118,0.15399289184663875,0.20032208424393885,5.33,313.023,4.62,2.0,1.0
2024-04-22,394.0321320394096,396.76027825597146,389.7676002006902,394.8988342285156,20286900,35.71951611070509,-2.8957185650238557,0.25717043483596774,-3.1528889998598233,7.798803392283792,-0.02990498655684436,408.4801677595797,405.5453793455006,1,1.1116060861103074,0.004610166417675865,-0.030654726032440904,-0.06479448424354028,0.15661850047827008,0.2001956349965737,5.33,313.023,4.62,2.0,1.0
2024-04-23,398.1292267170022,402.0293863346637,396.9670716039761,401.4089050292969,15734500,43.277741301195164,-3.044878921844372,-0.40323943650010025,-2.641639485344272,8.047364395108815,0.20502604651682665,407.8067141662194,405.3831646664338,1,0.8676900238119134,0.016485414076998994,-0.01690865450516521,-0.036158473607211694,0.16620006943733776,0.2029610860531764,5.33,313.023,4.61,2.0,1.0
2024-04-24,403.36878440202247,406.2347982871372,400.6308101493401,402.8763427734375,15065300,44.85183441043045,-3.0099824135889435,-0.924588031917869,-2.0853943816710743,8.188674890305636,0.2717700558944391,407.3371549859545,405.284857925532,1,0.834607286727183,0.003655717961796423,-0.006750270536734493,-0.02985897905651802,0.1672729235722701,0.20098065697259102,5.33,313.023,4.65,2.0,1.0
2024-04-25,388.07350776546224,393.84493867413386,382.164208844552,393.0077819824219,40586500,37.34598799777336,-3.7355756692124373,-1.4867855593767827,-2.248790109835655,8.94249577691145,0.05103495163765549,405.97245279514186,404.80340396697864,1,2.108954919864234,-0.024495260066847213,-0.012936976588860505,-0.05312872569098648,0.1864595029485193,0.20725301737508747,5.33,313.023,4.7,2.0,1.0
2024-04-26,405.93933785210214,406.7567777157392,399.6262326832264,400.1777648925781,29694700,44.59999913504024,-3.6895253020763334,-1.927333507916693,-1.7621917941596406,9.095167124700145,0.2697496462839828,405.42057775680246,404.62200635621787,1,1.5122569421545053,0.01824387006788819,0.018039599359132463,-0.034227094440964945,0.2005911079179773,0.20287223646172073,5.33,313.023,4.67,2.0,1.0
2024-04-29,399.12393070882416,400.1777629830485,393.1555407133354,396.1692810058594,19582100,41.69366145301294,-3.931165178593119,-2.3280998420519783,-1.6030653365411407,9.23813277206234,0.1954447688038938,404.53950187576027,404.2905269307136,1,0.9890289161445949,-0.010016758146956906,0.00321714491719316,-0.05257086173034142,0.19837032198944526,0.2015109880347313,5.33,313.023,4.63,2.0,1.0
2024-04-30,395.4208268707794,396.0807119739039,383.2870862186978,383.4446411132813,28781400,34.09764854055936,-5.090755555572969,-2.8806309847561766,-2.210124570816792,10.454836192825326,-0.03265060357587397,402.5304675174289,403.47304121238295,-1,1.4148206809390453,-0.03211919879368408,-0.04475302787491586,-0.07619108258899998,0.22478710463251367,0.20865374002368198,5.33,313.023,4.69,2.0,0.0
2024-05-01,386.6750231640028,395.6473257764034,384.4098035661703,388.9698181152344,23562500,39.27127643767873,-5.500497365807973,-3.4046042609665363,-2.095893104841437,10.933573586299595,0.14231142374315886,401.2389770981723,402.90428736543595,-1,1.138516027406527,0.01440932121495142,-0.03451809694872954,-0.06067298659440612,0.23396040500447687,0.20921494823683595,5.33,313.175,4.63,2.0,0.0
2024-05-02,391.6487169798458,393.88439136644655,388.6842084752251,391.8259887695313,17709400,41.81420349712261,-5.530993747662933,-3.829882158305816,-1.701111589357117,11.18875040402367,0.2346718861707327,400.34250201925414,402.4698442832436,-1,0.8591488995268699,0.007342910738258768,-0.0030070478679310453,-0.04795634734376086,0.23652744080696764,0.20981410340247522,5.33,313.175,4.58,2.0,0.0
2024-05-03,396.1988407447482,400.9952174617543,395.7851765465019,400.51263427734375,17446700,48.831858626444586,-4.798903878149247,-4.0236865022745025,-0.7752173758747443,10.674983964887948,0.44483354549378795,400.35870509145315,402.39309094967894,-1,0.8445771281076151,0.022169651214539066,0.0008368015770578996,-0.04432222162348731,0.24126225432270298,0.21027143291075961,5.33,313.175,4.5,2.0,0.0
2024-05-06,402.58092459776026,407.6727546457112,400.22703898277103,407.2886657714844,16996600,53.53914122249364,-3.6301027058848376,-3.94496974299657,0.31486703711173236,10.167656857681596,0.620942189844712,401.01870134669423,402.5850742760243,-1,0.8173984888568704,0.016918396360621202,0.028067256344038727,-0.026025044650132223,0.25055713552653597,0.21315427952917712,5.33,313.175,4.49,2.0,0.0
2024-05-07,408.39168563049185,408.40154408083737,402.9058788007464,403.152099609375,20018200,50.485708686304704,-3.0029890857789496,-3.756573611553046,0.7535845257740963,9.378925573036959,0.5436894048448297,401.2218821336162,402.6073105636067,-1,0.9456109103646054,-0.010156349807264875,0.05139583758134081,-0.03973915597716304,0.2516394543010777,0.21170176840563062,5.33,313.175,4.47,2.0,0.0
2024-05-08,401.9998461853561,405.9984701419799,400.56189486819255,404.3340148925781,11792300,51.33964070186909,-2.3831548128389386,-3.481889851810225,1.0987350389712862,8.746986293521825,0.5984890288497188,401.5182757297078,402.6750244588605,-1,0.5629218106602992,0.002931685793893468,0.03949971453258616,-0.03005243516981493,0.2514730003293297,0.21025793803857565,5.33,313.175,4.48,2.0,0.0
2024-05-09,404.3635513602943,406.4810444841864,402.9157716795976,406.0870971679687,14689700,52.64420793918505,-1.7305241916971,-3.1316167197876,1.4010925280905,7.5101182925665935,0.6988526575189278,401.95340158097076,402.8088312317667,-1,0.706760720525756,0.00433572791509107,0.03639653521508923,-0.03647791619643059,0.24817669684634175,0.20555378131349586,5.33,313.175,4.45,2.0,0.0
2024-05-10,406.6977723578493,409.10089036918424,405.57499080306246,408.4705505371094,13402300,54.43288419113852,-1.0093497987718933,-2.707163335584459,1.6978135368125655,6.927202987263177,0.8145780624304053,402.5740824339363,403.0308594398194,-1,0.6540269188369884,0.005869315685631982,0.019869326404956755,-0.016970756253344543,0.24514533915985148,0.20496654495119868,5.33,313.175,4.5,2.0,0.0
2024-05-13,411.6910695528216,412.0259262613218,404.6097563640546,407.4659118652344,15440200,53.51534446525421,-0.5129666807177387,-2.268324004611115,1.7553573238933762,6.931494871889115,0.7779820833361225,403.0399709512028,403.20478306434546,-1,0.7624675282668582,-0.0024595131045652696,0.00043518543147835764,0.0001932690965786854,0.23491664307034307,0.20446710693651896,5.33,313.175,4.48,2.0,0.0
2024-05-14,405.7916519071735,411.1789653639721,405.3287555020644,410.2630310058594,15109300,55.75172464708282,0.10491525696102144,-1.7936761522966878,1.8985914092577092,7.061969539833038,0.8683816812614,403.7278814325987,403.4815771012676,1,0.7491909008012401,0.006864670293082353,0.01763833402672188,0.004776002986038863,0.236057643184487,0.20445002597746034,5.33,313.175,4.45,2.0,0.0
2024-05-15,412.3251142272523,418.1562771146736,411.7035137509103,417.4360046386719,22239500,60.94124655119027,1.1600182015552605,-1.2029372815262982,2.3629554830815587,7.945691239580059,1.0337832383955377,405.03341697603423,404.02880955371484,1,1.0855584772357076,0.0174838410744107,0.03240387714987225,0.02914506178575227,0.24205853782411765,0.20717614368361598,5.33,313.175,4.36,2.0,0.0
2024-05-16,416.1730628235195,419.744796345379,414.7424242787078,415.3738708496094,17530100,58.805967267627196,1.808945525952538,-0.600560720030531,2.409506245983069,8.539732777753668,0.9102994067851649,406.01822210685094,404.4737139182597,1,0.8630542987539201,-0.004939999823080576,0.022868920845814156,0.04323682024480058,0.23175823775841492,0.20746320423878037,5.33,313.175,4.38,2.0,0.0
2024-05-17,416.903243294278,417.2781788386251,412.4533979292135,414.6043090820313,15352200,57.98937899328479,2.235360063312271,-0.03337656336197057,2.2687366266742415,8.762398626349567,0.8464640368881752,406.83594467591575,404.87099215997625,1,0.785237803449641,-0.0018526966224524655,0.015016403353574681,0.054740272298095416,0.22557037265357696,0.20215622350575627,5.33,313.175,4.42,2.0,0.0
2024-05-20,414.6042935983872,421.07677928196154,414.3872272445279,419.6658630371094,16272100,61.751408985889526,2.9477420241751133,0.5628471541454463,2.384894870029667,9.311670816739651,0.9267498615218837,408.0578416626961,405.4511831747658,1,0.840923232118605,0.012208155690144107,0.029941035106539227,0.06271740167827855,0.22800004662806977,0.20343819542555241,5.33,313.175,4.44,2.0,0.0
2024-05-21,421.1359884863951,427.1940941013643,419.1824213563369,423.3165283203125,21453300,64.2388214369772,3.7635046995890207,1.2029786632341612,2.5605260363548594,10.18631230760662,0.9510333751219223,409.5110499158024,406.1517849451794,1,1.0925371583736585,0.008698980795777356,0.031817386232557476,0.05457682432186384,0.22363857949394664,0.20348688301253182,5.33,313.175,4.41,2.0,0.0
2024-05-22,424.3524769437673,426.6415347292138,421.43197259260825,424.7767333984375,18073700,65.21329962146734,4.476229654369547,1.8576288614612386,2.6186007929083086,11.018545294935297,0.9240085592511424,410.9649245331962,406.88217508060126,1,0.9134294655383632,0.0034494402661737755,0.017585279367839046,0.05436008099715095,0.2236276758067125,0.20354199596880454,5.33,313.175,4.43,2.0,0.0
2024-05-23,427.1940398728344,427.8156402845708,419.74477138500487,421.3036804199219,17211700,60.958521110009855,4.706568573311756,2.4274168038313424,2.2791517694804138,11.058453534360456,0.8124727009070782,411.9495679509796,407.4477243095942,1,0.9244705364192525,-0.008176184582261325,0.014275836749633841,0.07199831589789119,0.2034660637986142,0.2044049663703163,5.33,313.175,4.47,2.0,0.0
2024-05-24,421.49118910602255,425.3095575941792,418.7482761527639,424.4215698242187,11855300,63.27504124958098,5.082117951477528,2.9583570333605795,2.1237609181169486,11.486457801778412,0.8405562403857962,413.13737765319286,408.11336531016775,1,0.6688111709794634,0.007400574809100169,0.0236786268910798,0.060582588685676786,0.19671155781206476,0.20290545826879372,5.33,313.175,4.46,2.0,0.0
2024-05-28,423.8986700778892,425.07279769134385,420.9090919797955,424.5794677734375,15718000,63.393500366173754,5.331031768479818,3.4328919803844276,1.8981397880953903,11.58995140797544,0.8097658977214609,414.2271005217876,408.7590948185313,1,0.8964949829533059,0.00037203092501680857,0.011708373658911642,0.07171224052366121,0.19096178265635017,0.2027511680508382,5.33,313.175,4.54,2.0,1.0
2024-05-29,420.011237075474,425.1912013264544,420.011237075474,423.44482421875,15517100,61.84962621248631,5.374784341330098,3.821270452573562,1.5535138887565365,10.248472385459788,0.7743481829470533,415.1049789691173,409.33500577540264,1,0.9198311035708803,-0.002672393840987497,0.0003030732084725596,0.10431801312787514,0.1381197265949431,0.2028222959298812,5.33,313.175,4.61,2.0,1.0
2024-05-30,418.63975349144664,418.63975349144664,408.7139580183881,409.13824462890625,28394500,46.47917483602272,4.206546710711507,3.898325704201151,0.3082210065103559,8.905802837825366,0.3984268591360528,414.5367185557639,409.3272896520106,1,1.6594189389233078,-0.03378617182590249,-0.03681578471686786,0.05185087781720088,0.19200302599903646,0.20580191510509077,5.33,313.175,4.55,2.0,0.0
2024-05-31,411.1904861655314,411.1904861655314,399.1137794225584,409.5921020507813,47995300,46.929751785975625,3.2795281139866006,3.774566186158241,-0.4950380721716403,7.618303625510518,0.36773328277111406,414.0658026981465,409.3376744519624,1,2.5768728250472943,0.0011093008972717922,-0.027798424066619587,0.04534184508036776,0.19121241716336354,0.20576648821449064,5.33,313.175,4.51,2.0,0.0
2024-06-03,409.9867358256656,410.8747236026411,403.4649291544174,408.0035400390625,17484700,45.486319606246774,2.389135057338649,3.4974799603943225,-1.1083449030556736,7.1527351368211995,0.2929796698111444,413.4884443496623,409.2853554553781,1,0.9386596719171131,-0.0038784000076297342,-0.03868330676962528,0.01870329452960906,0.17737435778184235,0.20293803043759243,5.33,313.044,4.41,2.0,0.0
2024-06-04,406.9281055414635,410.8846210861787,404.21479101509067,410.5195617675781,14348900,48.203648420536084,1.8650153353753467,3.1709870353905276,-1.305971700015181,7.037167017807631,0.3704196896568849,413.20569362755907,409.33375570291537,1,0.775829254735895,0.006166666417342315,-0.03311489855972494,0.007932693118218204,0.16857092524810674,0.20270654615450057,5.33,313.044,4.33,2.0,0.0
2024-06-05,412.2363047282208,418.422650475776,410.7464388812518,418.3536071777344,16988000,55.62131781335808,2.058064584956469,2.948402545303716,-0.8903379603472472,6.618118893077386,0.6199927729597599,413.69597110852817,409.68747536859456,1,0.9261091585479472,0.019083245086848333,-0.01202333043132331,0.0377066312766039,0.17580208216440465,0.20595727510463563,5.33,313.044,4.29,2.0,0.0
2024-06-06,418.3536050147523,419.6362506295676,414.9693392305099,418.8567810058594,14861300,56.0566076487872,2.2259994923139743,2.803921934705768,-0.5779224423917935,6.2052529429415815,0.6191110884019366,414.1874768130359,410.0470559818206,1,0.8034498828449802,0.0012027476744360666,0.023753673738733383,0.03591774517694146,0.17576860104319725,0.19902413922626516,5.33,313.044,4.28,2.0,0.0
2024-06-07,420.51442686018504,420.5933463970912,417.3571033955117,418.1957702636719,13621700,55.289385652961954,2.2794747081909463,2.6990324894028035,-0.41955778121185716,5.829673647247207,0.5744279199270792,414.5692190464298,410.3666134046383,1,0.7385653234262985,-0.0015781306932649564,0.02100545437720358,0.029817921278830317,0.1758769704591312,0.19905840839557856,5.33,313.044,4.43,2.0,0.0
2024-06-10,419.0344147777948,422.36929949498546,418.2352227759558,422.162109375,13982900,58.92238609104951,2.611797445087177,2.6815854805396784,-0.06978803545250134,5.66494184440098,0.7153653825607525,415.29235145867455,410.82918187406426,1,0.75695804951038,0.009484407527190708,0.03470207472852316,0.0335190843498685,0.17751616716116347,0.19380072284639402,5.33,313.044,4.47,1.0,1.0
2024-06-11,419.8040264249776,427.04610581067664,419.57708382911113,426.907958984375,14551100,62.81573095516751,3.220986481920818,2.789465680815906,0.43152080110491164,5.592757072447769,0.8790450443027756,416.39859979445555,411.4597221529,1,0.7896175582475289,0.011241770646828408,0.039921111545167864,0.04771453648758461,0.1799142669415713,0.19003857385042705,5.33,313.044,4.39,0.0,1.0
2024-06-12,429.51276024474697,437.48495834500466,427.47036718999846,435.1761779785156,22366200,68.42979925212856,4.321137966358151,3.095800137924355,1.225337828433796,6.346522298212931,1.0969368424521588,418.18694057388984,412.3897792441006,1,1.1902688964008072,0.01936768528235211,0.04021136787673085,0.06072481576411026,0.18911602805673805,0.1937745595720563,5.33,313.044,4.31,0.0,1.0
2024-06-13,434.9689666213265,437.4750908737884,433.508699318619,435.689208984375,15960600,68.74512004058141,5.174761825386383,3.511592475416761,1.6631693499696225,7.167663289872041,1.014134227503873,419.8538232796503,413.3034823711702,1,0.8638120987057648,0.0011789041584089333,0.04018659537537772,0.04372695249779168,0.1813525844378752,0.19290604448156642,5.33,313.044,4.24,0.0,1.0
2024-06-14,432.43323683903066,437.22841891267086,430.89405002785384,436.666015625,13582000,69.37236672210524,5.8625056996562535,3.98177512026466,1.8807305793915936,7.826786694470987,0.9669842602880113,421.4549844553979,414.21966014583023,1,0.7430169156427983,0.0022419803393844973,0.04416650448110149,0.051260192972272245,0.1794086857488985,0.19217174248464758,5.33,313.044,4.2,0.0,1.0
2024-06-17,436.68571890132137,444.9243335295661,434.8406700551031,442.38861083984375,20790000,72.81449498709725,6.791030510599853,4.543626198331698,2.247404312268155,8.78148285781677,1.0316006133625955,423.44866315867847,415.3243248789288,1,1.1206689299255799,0.01310519942032351,0.04791169319953559,0.06701402071611184,0.18236593370187495,0.1929572169214594,5.33,313.044,4.28,0.0,1.0
2024-06-18,443.7107502283828,444.1350368072149,438.95507309068336,440.3857116699219,17112500,69.85536449749,7.281341120882701,5.091169182841899,2.190171938040802,9.454502609722422,0.9166892555728604,425.0617153978445,416.3071243609285,1,0.9203514788011256,-0.004527465492657035,0.031570628754757246,0.04937225173108817,0.18118372238529842,0.19321041846518294,5.33,313.044,4.22,0.0,1.0
2024-06-20,440.3462442358131,440.57318682315986,435.38334678666155,439.7542724609375,19877400,68.90464604389231,7.53213814507842,5.579362975289204,1.9527751697892164,9.994297308550628,0.8591661398644068,426.4610065467105,417.2266203648505,1,1.0736041657833568,-0.001433832189037143,0.010520094421730741,0.03883085833158639,0.18010438183621055,0.19089151553336445,5.33,313.044,4.25,0.0,1.0
2024-06-21,441.4118383251449,444.56913141990066,440.553449170913,443.7798156738281,34187100,71.56188492523214,7.9639211622705375,6.0562746126854705,1.907646549585067,10.725659348153181,0.9013203457122559,428.1104169397693,418.2679221416731,1,1.7694897831634733,0.00915407413863889,0.018569674260037194,0.04473663640509673,0.18186229785692062,0.19145800590635054,5.33,313.044,4.25,0.0,1.0
2024-06-24,443.7995580906483,446.71021649298933,440.45479708566984,441.697998046875,15913700,68.3108069835175,8.04538484182632,6.454096658513641,1.5912881833126784,11.153571901807648,0.8197991785145816,429.4044722833032,419.1867486477595,1,0.826453234064288,-0.004691104807892477,0.011523641047890498,0.048407641743422936,0.17961468577137754,0.1918012136715792,5.33,313.044,4.25,0.0,1.0
2024-06-25,442.2703018698994,445.3980270134928,440.79031201422777,444.9342956542969,16413400,70.55062218591249,8.275690555553808,6.818415437921675,1.4572751176321335,11.73014999269013,0.8474334013535108,430.8835030805407,420.19645637350607,1,0.8424334251041403,0.007326946514886412,0.005754408572183456,0.04833101634908399,0.17958783309460352,0.19214019483047398,5.33,313.044,4.23,0.0,1.0
2024-06-26,443.0102338094888,447.5488747436615,442.2110418098948,446.1280822753906,16507000,71.35491477232569,8.45705048274317,7.146142446885975,1.3109080358571958,12.272506947979531,0.8334566655939382,432.33536776576454,421.21338287946236,1,0.8455255068824762,0.002683062719043061,0.013039411709553361,0.05075284166461813,0.17943576659865426,0.1914584198788656,5.33,313.044,4.32,0.0,1.0
2024-06-27,446.1478540799415,450.0846474477425,445.7433199188156,446.8089294433594,14806300,71.82749015264393,8.557077544706772,7.428329466450134,1.1287480782566375,12.721951263842756,0.8118878358823937,433.71380221124974,422.21712980353675,1,0.7597950042155812,0.0015261248843521091,0.01604227047742568,0.055176268284104824,0.17845312770314264,0.19064220215241037,5.33,313.044,4.29,0.0,1.0
2024-06-28,447.0259320890205,449.305113661538,440.45477465939115,440.9875793457031,28362300,62.35524877038673,8.073548567859973,7.557373286732102,0.5161752811278708,12.067246467819484,0.6851643289609928,434.4065428907215,422.95322586401386,1,1.4555502981172783,-0.013028723720693192,-0.006291940799257212,0.07784492194242221,0.1290155788288971,0.1927694694679651,5.33,313.044,4.36,0.0,1.0
2024-07-01,442.6747641221356,451.2685620568994,439.71478489170136,450.6371154785156,17662800,69.52859704885611,8.372472638556417,7.720393157096965,0.6520794814594515,11.676383836299232,0.84058373772255,435.95231170860666,424.0388685939943,1,0.9829598149479144,0.02188165060596403,0.020238075497666097,0.10020948456336587,0.14325285357313092,0.19671540218584518,5.33,313.569,4.48,0.0,1.0
2024-07-02,447.15419830732895,453.45893827703065,447.0653724350894,453.153076171875,13979800,71.07618438912965,8.711963032577387,7.91870713219305,0.7932559003843371,10.949275853432052,0.8667376245333367,437.59047975272745,425.18060222449947,1,0.7856578854935019,0.0055831191150061965,0.018471897081999478,0.1106596676305549,0.13955480627923986,0.19385096596959245,5.33,313.569,4.43,0.0,1.0
2024-07-03,452.0776305716408,454.869864398923,451.7717684597979,454.6231994628906,9932800,71.97194161705633,8.995938697460247,8.13415344524649,0.8617852522137568,10.161656773525495,0.8766526359339094,439.2126435346477,426.33521388090696,1,0.5652325207869255,0.003244209006446175,0.01904187950727576,0.10743370548632325,0.1396878916573306,0.19375262835004148,5.33,313.569,4.36,0.0,1.0
2024-07-05,453.478674753155,462.1021014719612,452.8472281684966,461.3226318359375,16000300,75.66979315370898,9.65033658776872,8.437390073750937,1.2129465140177835,10.268774085053003,0.9716249990256599,441.31835670619915,427.7072694869866,1,0.9130735992001625,0.014736230753207957,0.032483017764795896,0.10270982231533154,0.13482579410769774,0.1955807468268314,5.33,313.569,4.28,0.0,1.0
2024-07-08,460.326095268591,461.4607780718062,458.26398000009,460.0202331542969,12962300,73.63586105256941,9.949171090326615,8.739746277066073,1.2094248132605419,9.953121620656056,0.9079398030621314,443.0994877964942,428.97444453276347,1,0.7437368786151047,-0.0028231840186496715,0.043159160711130795,0.0982757209984424,0.13702759709942014,0.1949648962038795,5.33,313.569,4.28,0.0,1.0
2024-07-09,460.77011087707854,461.0956953513629,451.89017298008986,453.4096374511719,17207200,64.20286514740417,9.542578851450855,8.90031279194303,0.6422660595078256,8.82234612809322,0.7446091452047527,444.0814068112254,429.93268739230894,1,0.9772440017639824,-0.014370228148003483,0.006152449226717982,0.08420426434561423,0.15170772962187018,0.19673007085021646,5.33,313.569,4.3,0.0,1.0
2024-07-10,455.0672233776237,460.2373109717691,452.73869064735504,460.0301208496094,18196100,68.54834347072803,9.643406070993933,9.048931447753212,0.5944746232407212,8.120605822371902,0.8952164887481175,445.60033195773815,431.11297890043835,1,1.0211888793389134,0.0146015497942531,0.015175985862944996,0.08970016643765577,0.15511700180749094,0.19591588836242105,5.33,313.569,4.28,0.0,1.0
2024-07-11,456.8037891977259,458.5797648874454,445.5262442034591,448.6342468261719,23111200,55.956661695963454,8.703432818669455,8.979831721936462,-0.27639890326700645,7.129414833213457,0.5572248277964851,445.8892762309223,431.80008744654555,1,1.2666065639805881,-0.02477201710703414,-0.013173442630719956,0.05089220611741285,0.18441416213737966,0.1986848375332702,5.33,313.569,4.2,0.0,1.0
2024-07-12,448.26913567933263,450.2720538778231,444.6382348256943,447.4995422363281,16324300,54.87575760730764,7.777284373713542,8.739322252291878,-0.9620378785783359,6.707774023070441,0.5023998746494867,446.0426348981038,432.41575234026254,1,0.9097127775683351,-0.0025292420225855317,-0.02996403958027649,0.028318103980454756,0.17415559144721462,0.198860125819848,5.33,313.569,4.18,0.0,1.0
2024-07-15,447.2528536845848,451.1600479833261,445.40780476541227,447.904052734375,14429400,55.20793351506967,6.995308117552781,8.390519425344058,-1.3952113077912767,6.2523713364068785,0.4952091688679016,446.2199127872725,433.02313666944343,1,0.8075601518813492,0.0009039349985149325,-0.026338364155947813,0.02803568116473154,0.17416288142077804,0.19813804109356006,5.33,313.569,4.23,0.0,1.0
2024-07-16,448.1605978328616,448.23951736513413,440.7014524487549,443.5232849121094,17175700,50.84284389546669,5.953467086390788,7.903108957553404,-1.9496418711626164,5.882497546910159,0.3158236521840285,445.963091084876,433.4349071887637,1,0.9516899218621001,-0.009780594293625655,-0.021804460519715296,0.01570369353633927,0.17858738615369432,0.19512216733960716,5.33,313.569,4.17,0.0,1.0
2024-07-17,436.68574615539535,438.9156068819966,433.3212327097638,437.6033325195313,21778000,45.596293217885375,4.5971171749740165,7.241910601037527,-2.6447934260635106,6.147508992085545,0.11747029704357675,445.16692360246225,433.5983748487938,1,1.2034052090459293,-0.013347557149679723,-0.04875069547328559,-0.010816911202184754,0.17922745035446486,0.19532349922371522,5.33,313.569,4.16,0.0,1.0
2024-07-18,438.4124018485707,438.71826397070777,428.6050012530057,434.495361328125,20794800,43.08272511240974,3.234131739934469,6.440354828816916,-3.206223088882447,6.542239201095461,0.044289301644918275,444.15058433823964,433.63355078915976,1,1.1375029778030255,-0.007102256679609731,-0.03151539499730871,-0.013375434728481461,0.1802258942160146,0.19607964745129414,5.33,313.569,4.2,0.0,1.0
2024-07-19,427.3223538949878,435.2551069043024,426.23702212212055,431.2788391113281,20940400,40.588918062410436,1.8728207893192916,5.526848020917392,-3.6540272315981,7.147820068619542,-0.004822039434410177,442.92470384043855,433.541209154735,1,1.1421468405162034,-0.007402891959455982,-0.036247418363690165,-0.019273112009076,0.18181150816031977,0.19448495209545888,5.33,313.569,4.25,0.0,1.0
2024-07-22,435.89641421757136,438.6689256733767,433.0548293535728,437.0310668945313,15808800,46.54773444480668,1.2437911122629544,4.670236639186505,-3.4264455269235503,7.407333326655639,0.1963790255085574,442.3634050836855,433.6780663210015,1,0.9077519633564222,0.013337607277593255,-0.024275256661479228,-0.015207426162565874,0.18541265250465216,0.19599146900429334,5.33,313.569,4.26,0.0,1.0
2024-07-23,437.97824958808866,442.4083722657051,437.1889338456379,438.91558837890625,13107100,48.374596281944044,0.887119533695909,3.913613218088386,-3.026493684392477,7.5098655318285354,0.26072117300342945,442.0350415879922,433.88345934288014,1,0.7587322720694646,0.004312099590004115,-0.01038884922156047,-0.0062993486053188885,0.18563245662089112,0.18832753225877596,5.33,313.569,4.25,0.0,1.0
2024-07-24,434.5743138131604,435.5905721860423,421.88585333621705,423.1783752441406,26805800,37.00166790226667,-0.657823856657842,2.9993258031391403,-3.6571496597969824,8.848367482868854,-0.07490783602649467,440.2391686028635,433.46365212332176,1,1.5063991251288311,-0.03585476012116484,-0.03296354530103329,-0.04889692842886639,0.22314813147558837,0.20102767737438273,5.33,313.569,4.28,0.0,1.0
2024-07-25,423.0797067418699,424.066366533815,411.94033937034624,412.8184509277344,29943800,31.71551044071036,-2.687185730674969,1.8620234963763185,-4.549209227051287,10.995135613192367,-0.1424134491820646,437.62767168142267,432.6540363901615,1,1.6215235621770496,-0.024481223338572944,-0.0498898545985178,-0.07466383012198397,0.23562994452406016,0.20665161072064483,5.33,313.569,4.27,0.0,1.0
2024-07-26,412.6211098546519,423.1981033319738,411.7034934246348,419.5967712402344,23583800,37.96057257900225,-3.705797706977023,0.7484592557056502,-4.454256962682673,12.02202759396703,0.0635342548218885,435.9104430679762,432.14198677643884,1,1.247467976631993,0.016419615686428246,-0.027087041634514808,-0.06090334460644342,0.24573016096804665,0.197049202108378,5.33,313.569,4.2,0.0,0.0
2024-07-29,425.8226295279651,426.3850328487882,419.0344352964457,421.037353515625,15125800,39.23256999388932,-4.346705966077366,-0.270573788650953,-4.0761321774264125,12.794335009639443,0.13208408368500654,434.49395834870467,431.7065109622893,1,0.8291058025566352,0.003433253957442428,-0.03659628477342569,-0.04523988149434599,0.24383434747553953,0.19528307932555702,5.33,313.569,4.17,1.0,1.0
2024-07-30,422.0141534919779,423.32639784774454,411.7923417583646,417.2781982421875,32687600,37.095231001761064,-5.099182590135854,-1.2362955489479333,-3.8628870411879204,13.577296067713473,0.11699511975516617,432.85436214808396,431.1406947771873,1,1.7208755050737703,-0.008928317741998093,-0.04929738361910185,-0.0740261201097594,0.22761024167363758,0.1959979559765491,5.33,313.569,4.15,1.0,1.0
2024-07-31,414.8904164009859,416.1533396507724,406.7109988096176,412.76910400390625,42891400,34.65633640398704,-5.990319285085775,-2.187100296175502,-3.803218988910273,14.384146340701026,0.09730580503349898,430.941480420067,430.4202402370587,1,2.098371210249541,-0.010805966516525656,-0.024597833559498516,-0.08911772708048804,0.2260655884983567,0.19256950758656816,5.33,313.569,4.09,1.0,1.0
2024-08-01,415.1765544542287,421.75755796351626,407.57926252131097,411.5456237792969,30296400,34.00307725686588,-6.717837120584193,-3.0932476610572404,-3.6245894595269523,14.946894425529047,0.12482970405405543,429.09425597808894,429.6800591994994,-1,1.4118594441086543,-0.0029640789796074873,-0.0030832612873215037,-0.09475445981306552,0.2242528597164754,0.18967196270416153,5.33,314.062,3.99,2.0,1.0
2024-08-02,406.98731940449915,409.4638453090681,398.9460475006439,403.0406799316406,29437900,29.79821072010266,-7.889730237433525,-4.052544176332497,-3.8371860611010282,15.431765648751798,0.050517294615700176,426.6129630212843,428.63537765958336,-1,1.3302024953017095,-0.020665859035393974,-0.03945714658303412,-0.12633664139205725,0.21842582225157978,0.1933923523511518,5.33,314.062,3.8,2.0,1.0
2024-08-05,383.9783648799992,395.6900105848848,380.43623009500715,389.8785705566406,40709200,24.706303382331157,-9.767937498641004,-5.195622840794199,-4.572314657846805,16.757973174568125,-0.051410672805586685,423.114449453223,427.11550287123265,-1,1.7310000304025877,-0.032657024539638035,-0.07400479482119882,-0.15247516857400878,0.2370061569408286,0.20488567950023756,5.33,314.062,3.78,2.0,0.0
2024-08-06,394.66389500260414,400.25826896287094,393.1839053963443,394.2790832519531,24946500,29.070266762073302,-10.7771138273269,-6.311921038100739,-4.465192789226161,17.516624340931873,0.06726501827433112,420.36822410072114,425.8278001410648,-1,1.043581387760566,0.011286880140731315,-0.05511698211677407,-0.13041309516846467,0.2454885613727681,0.2060791198103508,5.33,314.062,3.9,2.0,0.0
2024-08-07,403.1886553909581,404.6094177317887,392.16765271577526,393.1148376464844,20650900,28.598003454437816,-11.5378372234307,-7.357104275166732,-4.180732948263968,17.377292686882353,0.09000645136997196,417.77266348603195,424.54493886676755,-1,0.8594715042468112,-0.0029528464859617243,-0.047615643144734654,-0.14545848232620529,0.23271633077543274,0.20571130846387234,5.33,314.062,3.96,2.0,0.0
2024-08-08,397.0713892387092,400.4457490366174,394.6047396336136,397.3180541992187,20203000,32.83997616977888,-11.667060931573872,-8.21909560644816,-3.447965325125711,17.35171131876962,0.17962476862988588,415.8246054587164,423.4772178994127,-1,0.8459498627210501,0.010692083203723168,-0.03457106274007693,-0.11438313724372495,0.23219089472473983,0.20696279515503255,5.33,314.062,3.99,2.0,0.0
2024-08-09,398.64013341356633,402.6064947272633,396.89375651412195,400.60357666015625,19276700,36.038737945462366,-11.373253658373983,-8.849927216833326,-2.5233264415406573,16.884751393380455,0.24862469187020406,414.37498366837735,422.58021236061836,-1,0.8022047761827575,0.008269250355510405,-0.006046792278877944,-0.10479556100060938,0.237455111308447,0.20719129701930888,5.33,314.062,3.94,2.0,0.0
2024-08-12,401.6297215819056,403.30705522680034,398.84733381774834,401.383056640625,16762900,36.807727145757646,-10.951272307329532,-9.270196234932568,-1.681076072396964,16.008450407554683,0.28001116584653496,413.1376572847819,421.7489513519912,-1,0.6942215844440096,0.0019457639069708765,0.029507869764575867,-0.10386375343055632,0.2378576311858853,0.20394152002669147,5.33,314.062,3.9,2.0,0.0
2024-08-13,404.1259805010332,409.41449264240543,404.10625814496586,408.4870300292969,19414300,43.47742552671917,-9.929160581832832,-9.401989104312621,-0.527171477520211,14.933689398769214,0.40632237517327496,412.6947404033071,421.2288760060032,-1,0.8003172528279549,0.017698737580326807,0.036035253658801336,-0.07899529985163112,0.2507222567051918,0.20710286182349422,5.33,314.062,3.85,2.0,0.0
2024-08-14,409.2664943452795,412.1475543601763,406.9478677827019,411.2990112304687,18267000,45.91101233313606,-8.79089038105866,-9.27976935966183,0.48887897860316976,14.061322363576792,0.47126815422915297,412.56181381541774,420.83946954421754,-1,0.7585111390103396,0.006883893476300029,0.04625664524099382,-0.060109965656828246,0.2510640109863537,0.20758916910307748,5.33,314.062,3.83,2.0,0.0
2024-08-15,414.9463196020412,416.2411711538097,412.8310776655769,416.162109375,20752100,49.926327650090336,-7.410962703611347,-8.906008028451733,1.4950453248403868,13.283580853510921,0.575113419955643,412.9046991068065,420.65604365522864,-1,0.8617777735327694,0.011823753550932459,0.04742813717277672,-0.04219435599285948,0.2559451515309072,0.20749473261149873,5.33,314.062,3.92,1.0,0.0
2024-08-16,415.7370919531989,416.46852653153576,412.4752279591184,413.6317138671875,22775600,47.932441264736866,-6.447222282261748,-8.414250879213737,1.9670285969519892,12.613396939947316,0.547496946657617,412.97393860779516,420.38057974197216,-1,0.9422178168178243,-0.006080312096679585,0.032521270318271345,-0.0409181338006368,0.2556246159764374,0.20702508935464467,5.33,314.062,3.89,1.0,0.0
2024-08-19,414.1160178789318,416.87376862371895,411.64492262923585,416.65631103515625,15234000,50.47827683472672,-5.377403975414666,-7.806881498453923,2.4294775230392576,11.336893247341855,0.6399329809831771,413.32464074373434,420.2345299887637,-1,0.6309749295775815,0.0073122951325244046,0.03805156730421233,-0.0466208409488017,0.2517252519112126,0.20747787985999513,5.33,314.062,3.86,1.0,0.0
2024-08-20,416.82438511571235,420.93626132598814,416.7650812391523,419.8885192871094,16387600,53.11643160652275,-4.22010630778135,-7.089526460319409,2.8694201525380585,9.656881291567425,0.7705297322439081,413.94977203357956,420.22096094164004,-1,0.6741755618558217,0.007757492605651173,0.02791150861508318,-0.04335017847525435,0.2532215179970225,0.20746074349108423,5.33,314.062,3.82,1.0,0.0
2024-08-21,419.17681098270833,421.46999458583696,416.8441115746798,419.2361450195313,16067300,52.50841477669156,-3.3173404834562916,-6.335089264946785,3.0177487814904937,9.42231328174637,0.7655846411112889,414.4532361274797,420.1823407094005,-1,0.6759290538053376,-0.0015536844605460454,0.01929772154160392,-0.009315764829275541,0.21843728999217824,0.20690125202403523,5.33,314.062,3.79,1.0,0.0
2024-08-22,419.45359039351575,421.8555179747642,409.8163186254232,410.7454528808594,19361900,45.2486393126939,-3.249561042600419,-5.717983620477512,2.468422577877093,9.394843697406019,0.548103057977678,414.1001139135159,419.8122666769087,-1,0.8330710521373426,-0.020252767418888373,-0.013015736829754765,-0.005021573144844416,0.21251006560076083,0.2110172181172703,5.33,314.062,3.86,1.0,0.0
2024-08-23,412.15890549462074,414.412543023147,407.3254289915498,411.9710998535156,18493800,46.400661120711966,-3.061653049323695,-5.186717506246749,2.125064456923054,9.12435673148006,0.5926860168876651,413.8973506697063,419.5047699387364,-1,0.8045296719746449,0.002983957494988365,-0.004014716372074623,-0.01817380854523487,0.2038480873224771,0.21109238264000754,5.33,314.062,3.81,1.0,0.0
2024-08-26,411.5559963087608,412.4554786638681,406.58415351672016,408.7092895507813,13152800,43.761671557482316,-3.1397424457002785,-4.777322494137455,1.6375800484371767,8.695052289790418,0.5228216017840769,413.40324961076107,419.08141776665974,-1,0.5746480374704354,-0.007917570683706021,-0.019073325601695723,-0.029280214360805412,0.20463074441171686,0.19959445704960402,5.33,314.062,3.82,1.0,0.0
2024-08-27,408.0865261332207,409.5691832347041,405.5067172557128,409.0552062988281,13492900,44.124608898323146,-3.1375485575961193,-4.449367706829189,1.3118191492330693,8.45106517557014,0.545488175030225,412.9891502477198,418.6882330032154,-1,0.6153075123890097,0.0008463638015838715,-0.025800450573581157,-0.019706258266066312,0.20282850210363992,0.19958885255343925,5.33,314.062,3.83,1.0,0.0
2024-08-28,410.08323636580656,410.2018441208808,402.6007521142328,405.8527221679687,14882700,41.4571440214423,-3.3555429798327054,-4.230602761429892,0.8750597815971863,8.379139964677531,0.4621814538275712,412.30949043060065,418.18487963712727,-1,0.7249854164560832,-0.007828977804330672,-0.031923351577758385,-0.016756055065284436,0.20116276528391977,0.2000829937773858,5.33,314.062,3.84,1.0,0.0
2024-08-29,410.142500929111,417.17028122626607,405.85268326493673,408.3435363769531,17045200,44.27863470889163,-3.28939909477333,-4.042362028098579,0.7529629333252492,8.329098149935385,0.5401420794393766,411.93178052072943,417.7989446073165,-1,0.8580209672795568,0.006137236669694124,-0.0058477007768675815,-0.007780637716271688,0.20247222280335236,0.2000791090860126,5.33,314.062,3.87,1.0,0.0
2024-08-30,410.7949353481119,412.66306792136305,407.36505347568107,412.317138671875,24308300,48.5395784669808,-2.8831084137812013,-3.810511305235104,0.9274028914539025,8.344521263903502,0.6432526867476059,411.96848129702903,417.5839718255345,-1,1.239635304487911,0.009731027776704426,0.0008399589643117711,0.023016184723109623,0.1901372417827705,0.19721284579277804,5.33,314.062,3.91,1.0,0.0
2024-09-03,413.07815685238506,415.0253810540411,402.32394584007614,404.7060852050781,20313600,41.92631527439015,-3.139083132135454,-3.676225670615174,0.5371425384797202,7.375107161399343,0.3843383341822592,411.276824526367,417.07895666394796,-1,1.0927485501861136,-0.018459221683854832,-0.0097947476312642,0.038031109602325364,0.1598584722992476,0.20074958118768832,5.13,314.732,3.84,1.0,0.0
2024-09-04,401.2169427939581,406.4853049884444,399.6947395600007,404.17236328125,15135800,41.49932713170652,-3.34643620588497,-3.6102677776691334,0.2638315717841633,6.74776465046573,0.3364467201503668,410.6002091696892,416.5728157469794,-1,0.8362819438949949,-0.0013187889763448535,-0.01193688026063422,0.025092074242687668,0.156280806750243,0.20074472458898238,5.13,314.732,3.77,1.0,0.0
2024-09-05,402.9071267784607,408.3237783354607,401.4343636867301,403.6682434082031,14195500,41.073828892179584,-3.5109709833860734,-3.5904084188125216,0.07943743542644821,5.896752179212639,0.27032480495427336,409.9400219543096,416.0667540866353,-1,0.7985699940650816,-0.0012472893221946446,-0.005382442054587155,0.02684560528139901,0.15578910937297455,0.19966088141631114,5.13,314.732,3.73,1.0,0.0
2024-09-06,404.33049307771034,405.9021060614487,396.165984591682,397.05560302734375,19609500,35.87741613432516,-4.127373007726021,-3.6978013365952216,-0.4295716711307995,5.9224390685471935,-0.001006002766920368,408.7129344374557,415.3212187509768,-1,1.1049800030710324,-0.016381373786127806,-0.027643227684615912,-0.0006605568740235546,0.1638704334560622,0.20066061173968758,5.13,314.732,3.72,2.0,0.0
2024-09-09,402.5315594789773,403.9252609488484,397.5004127036957,401.0291442871094,15295100,40.729874347646266,-4.2462958264985105,-3.8075002345758797,-0.43879559192263073,5.893252971870741,0.16042256407219463,407.9811448993275,414.76074524258985,-1,0.871645050447659,0.010007518416739192,-0.02737697108862769,0.0010623160943821208,0.16513237563503158,0.19752283564092013,5.13,314.732,3.7,2.0,0.0
2024-09-10,403.480503347315,411.5164809342579,402.98628422521625,409.4111328125,19594300,49.42439929744275,-3.6224294821836907,-3.7704860840974423,0.1480566019137517,5.619903034248871,0.4909314558125637,408.1173342243915,414.55095651984124,-1,1.1077131985958477,0.020901195448751908,0.011625838551544643,0.020001034022377517,0.18065040153277534,0.20257554574327552,5.13,314.732,3.65,2.0,0.0
2024-09-11,410.6960329818373,419.0878628478116,404.8444661227044,418.14886474609375,19266900,56.5756170764248,-2.3953370127935614,-3.4954562698366662,1.1001192570431049,5.88948628570051,0.8331219216175505,409.0727180836013,414.6920509600864,-1,1.0896584838641536,0.021342194271975146,0.03458054714918246,0.023652733150680172,0.18537727622545627,0.2075139005069929,5.13,314.732,3.65,1.0,0.0
2024-09-12,418.4157104817343,422.4287665702525,414.8968734205188,422.06304931640625,17395700,59.348567323859115,-1.0943998472602061,-3.0152449853213743,1.9208451380611682,6.406150327924501,0.934187490803185,410.3098924867256,414.9811097191578,-1,0.9862609373042227,0.009360744223685158,0.04556911822662668,0.026170833850864827,0.18657898408112342,0.20660329429004878,5.13,314.732,3.68,1.0,0.0
2024-09-13,420.9065970976519,426.837225898396,420.5408798146308,425.611572265625,15874600,61.734234362083534,0.22039776666809985,-2.3681164349234796,2.5885142015915794,7.063878944172525,0.9992295942421804,411.76719532281123,415.397990603333,-1,0.9126399069112584,0.008407566014049683,0.07191932067084994,0.022706206734717904,0.1844375515523968,0.2072943754559375,5.13,314.732,3.66,1.0,0.0
2024-09-16,425.62144023461013,428.5175565487448,423.26895279469,426.3528747558594,13834700,62.2328667894041,1.3071334432783033,-1.633066459283123,2.9401999025614263,7.747372041759562,0.9577823387331716,413.1563076497682,415.8275939034321,-1,0.8163456778176338,0.0017417348083095252,0.06314685810121556,0.030754800616561218,0.1824550515451212,0.20733983470655595,5.13,314.732,3.63,1.0,0.0
2024-09-17,435.14011791593873,436.7413828200211,427.2721288798558,430.1188354492187,18874200,64.74615129903965,2.444086938175076,-0.8176357797914833,3.261722717966559,8.610321691235646,0.9983251558530196,414.77178648781114,416.38803474836493,-1,1.101877971547867,0.008832966578484536,0.050579236804003225,0.03231086163225427,0.18316508428065362,0.20727773004578323,5.13,314.732,3.65,1.0,0.0
2024-09-18,429.9705988234429,430.9886889198146,425.4336712970056,425.82904052734375,18898000,59.85955408494393,2.964803763050895,-0.06114787122300755,3.025951634273903,8.931480492835776,0.8556283550714026,415.82485830109994,416.75827026910923,-1,1.0952416277592578,-0.00997351096562571,0.01836708509519336,0.014147853459580695,0.18609066302742155,0.20802175727895864,5.13,314.732,3.7,1.0,0.0
2024-09-19,436.1285918792357,436.3954593302787,431.84863763952944,433.6179504394531,21706600,65.02155334294159,3.9603233907651543,0.743146381174625,3.217177009590529,9.872320836968793,0.9943889645679173,417.5194385047526,417.41943419735804,1,1.237788043922983,0.018291166573476625,0.02737719196637034,0.03430478404778725,0.19578477477346656,0.21094256520382598,5.13,314.732,3.73,0.0,1.0
2024-09-20,432.1648930552261,434.1615270921616,429.19957885288886,430.2374267578125,55167100,61.33487526299394,4.425485615757793,1.4796142280912588,2.945871387666535,10.436809378688373,0.8658566370793155,418.73067548123447,417.9221005722778,1,2.854425691906059,-0.00779608795764708,0.010868723487857723,0.04745511786007994,0.18144036973299643,0.2113796215209173,5.13,314.732,3.73,0.0,1.0
2024-09-23,429.25888919848313,431.41367697848,425.4138807437856,428.497802734375,15128900,59.46632379479419,4.600722643546135,2.1038359111822342,2.4968867323639006,10.80680791977973,0.7954462742616235,419.66087807677167,418.33683399039927,1,0.7896654351931403,-0.0040434046766850695,0.005030874905543659,0.04011617049529881,0.1828118236733355,0.21144861262348147,5.13,314.732,3.75,0.0,1.0
2024-09-24,427.9937433882553,428.3397027934571,421.1735257967716,424.2080383300781,17015800,55.01545288097829,4.343383295247804,2.5517453879953482,1.791637907252456,10.84174958695853,0.6816543197352862,420.09394095803896,418.56707729783767,1,0.8792890779499757,-0.010011170131848046,-0.013742241985211567,0.037921205060770014,0.18447777345671165,0.21077441473637892,5.13,314.732,3.74,0.0,1.0
2024-09-25,424.8603454388432,428.1123153119531,423.61493391499886,427.1139831542969,13396400,57.344547170300395,4.324080164521547,2.906212343300588,1.417867821220959,10.941893072623941,0.7235095151847097,420.7625164053016,418.90225007652236,1,0.6924297350305177,0.0068502823182186035,0.003017508212596054,0.04414752966687874,0.185261272192954,0.20621891551081478,5.13,314.732,3.79,1.0,1.0
2024-09-26,430.0595370663028,430.2671006249204,424.1684543301705,426.3232421875,14492000,56.48749435155022,4.196600310737722,3.164289936788015,1.032310373949707,10.799251308892213,0.6857102672797385,421.2921093369395,419.1932693749921,1,0.7498159349855982,-0.0018513581806831603,-0.016822892697500813,0.05043829670571798,0.1821533318850928,0.2057861723875173,5.13,314.732,3.79,1.0,1.0
2024-09-27,426.5307918445686,426.85699330507344,422.5276296637291,423.0712585449219,14896100,52.980536031182496,3.789480928898172,3.2893281352100465,0.5001527936881254,10.616777036481501,0.5988429366164277,421.4615521186521,419.34534738165604,1,0.7750330320752572,-0.007627976429086858,-0.01665631060248174,0.0360669898160777,0.185024855737809,0.20603504726982919,5.13,314.732,3.75,1.0,1.0
2024-09-30,423.2590885562286,425.4435585697777,420.4519278512811,425.3249206542969,16807300,55.062679268053614,3.6071070979609203,3.3528839277602214,0.25422317020069896,10.590152743972347,0.6350414078235916,421.8294919791897,419.5798404511714,1,0.8918750187384866,0.005326909034487626,-0.007404663594144489,0.031548002162417044,0.1831870411191265,0.2038513871688335,5.13,314.732,3.81,1.0,1.0
2024-10-01,423.49633953955015,423.525991477608,413.9677812470877,415.8260498046875,19092900,45.84727627176231,2.6653703011271546,3.2153812024336084,-0.5500109013064538,10.12071440522563,0.4045065426234459,421.2577355816181,419.43263297483867,1,1.0164518813215806,-0.022333210184338204,-0.01975914590960337,0.027476642941937746,0.18939898455541584,0.2084318177961013,4.83,315.631,3.74,1.0,1.0
2024-10-02,417.6941594936009,417.9314051498879,411.8920326664568,412.30718994140625,16582300,42.97771819824037,1.616460966353202,2.8955971552175273,-1.2791361888643253,9.669589667675057,0.303554545854529,420.40530266350265,419.1532038362727,1,0.8794085975457933,-0.008462336270019799,-0.034667076698216226,0.02012712248337345,0.19243355709087442,0.2072216987005237,4.83,315.631,3.79,1.0,1.0
2024-10-03,412.8014234892919,414.699207817815,409.50004373541833,411.7240295410156,13686400,42.502939546319354,0.7297247779224563,2.462422679758513,-1.7326979018360569,9.165311471846477,0.26737384948883797,419.5785147470753,418.8618636678313,1,0.7268115857369386,-0.0014143832914325083,-0.03424446805099013,0.019956452518525847,0.1924603545448447,0.204495913249283,4.83,315.631,3.85,1.0,1.0
2024-10-04,413.4043606733947,414.8969119270876,410.172178794162,411.24957275390625,19169700,42.09548732282944,-0.011175908599511786,1.9677029620869082,-1.97887887068642,7.881150837330981,0.1942701259380033,418.7852821762973,418.5633424555205,1,1.0191905363195322,-0.0011523660342057651,-0.027942540534836136,0.035748065556412856,0.1813313801762301,0.19868066999040454,4.83,315.631,3.98,1.0,1.0
2024-10-07,411.190264062665,412.287415913181,404.2711971193028,404.8049621582031,20919800,36.91840202678378,-1.1056262842087108,1.3530371128277845,-2.4586633970364953,7.466018747588282,-0.03332858805612116,417.453823126955,418.0237981301355,-1,1.0958520920786474,-0.01567080192338488,-0.048245370773306595,0.009415320369809743,0.18877154360067908,0.20083668781664388,4.83,315.631,4.03,1.0,1.0
2024-10-08,406.1492143378804,410.8541894054543,403.45079759655545,409.9151611328125,19229300,42.91365895220392,-1.5428507197261752,0.7738595463169926,-2.3167102660431675,7.429200690272625,0.12640210637866378,416.73585531798904,417.7058123655346,-1,1.0082617024617844,0.012623854577682447,-0.01421481091588983,0.0012311055560458861,0.17917555070781618,0.20288075029566482,4.83,315.631,4.04,1.0,1.0
2024-10-09,411.051885220099,415.51964507918063,409.50992407936405,412.6333923339844,14974300,45.861117244645335,-1.6509841762947985,0.2888908017946344,-1.9398749780894329,7.63490084469949,0.22930077446898442,416.3451445576076,417.5068939329248,-1,0.7940932608690464,0.006631204353749531,0.00079116348328645,-0.013190212570488358,0.16325615381953498,0.20278744742886595,4.83,315.631,4.06,1.0,1.0
2024-10-10,410.42917171763446,412.5246557071608,408.37320353432506,411.0321044921875,13848400,44.40656171679347,-1.8446275478660255,-0.1378128681374976,-1.7068146797285277,7.93399443351653,0.20772102580173876,415.8391407418533,417.25298062152336,-1,0.741359355108797,-0.0038806550113151816,-0.0016805554186367644,-0.02613577483763385,0.15922784418780364,0.2012653757029463,4.83,315.631,4.09,1.0,1.0
2024-10-11,411.32868016338136,412.307224312336,408.4720793339732,411.506591796875,14144900,44.96358796710996,-1.9374702044454466,-0.4977443353990874,-1.4397258690463592,8.097025140791688,0.24780862582746346,415.4265170328078,417.02763204016463,-1,0.7607543703348338,0.001154380155471646,0.000624970966529359,-0.03314050037142091,0.15541341987325158,0.20091148202353099,4.83,315.631,4.08,1.0,1.0
2024-10-14,412.9397902420181,419.137316675548,412.692680707405,414.2939758300781,16653100,48.24429358630196,-1.7657753235675955,-0.7513505330327891,-1.0144247905348065,8.07205856107203,0.3467904374914485,415.31865596588113,416.92042983584753,-1,0.8889155780812339,0.006773607248991453,0.02344095196186502,-0.028283845705711408,0.1578763011253457,0.20104649830184554,4.83,315.631,4.08,1.0,1.0
2024-10-15,417.2987890411578,417.5953385694475,410.45881429415135,413.8985595703125,18900200,47.80891363779933,-1.642676923960039,-0.9296158112182391,-0.7130611127417998,7.814672524317132,0.35414023880576845,415.1834086901127,416.80192511955204,-1,1.0087921443144623,-0.0009544340078162517,0.009717616753895486,-0.03771114990108637,0.1532228999448944,0.19894264094235017,4.83,315.631,4.03,1.0,1.0
2024-10-16,410.36987028679,411.5460839058675,405.7340930599272,411.3088684082031,15508900,44.94796141281368,-1.7340973939063247,-1.0905121277558563,-0.6435852661504684,7.806027385586914,0.29660047110510374,414.81440485374037,416.5865111308717,-1,0.8353378914813191,-0.00625682574203168,-0.0032099290808466074,-0.03409859529814818,0.1511585365685276,0.19894088655578857,4.83,315.631,4.02,1.0,1.0
2024-10-17,417.4767225011017,417.61511832115826,410.78500708577025,411.9019470214844,14820000,45.74864566481976,-1.738650210110734,-1.2201397442268318,-0.5185104658839021,7.109036043707475,0.33272937972616023,414.537027917335,416.40280273442517,-1,0.8133164377179065,0.0014419300404986402,0.0021162398746723543,-0.05008096043062915,0.13253861850478557,0.18477117818676686,4.83,315.631,4.09,1.0,1.0
2024-10-18,412.3171212877513,414.7980806340248,411.44729085370335,413.3253173828125,17145300,47.71409934322109,-1.6088583397362868,-1.2978834633287228,-0.31097487640756394,6.510506833580794,0.4007541835092094,414.4216269140472,416.28211703436193,-1,1.050531230469468,0.003455604839017301,0.004419675461323491,-0.03930878236802049,0.13264974907197538,0.17781754088869545,4.83,315.631,4.08,2.0,1.0
2024-10-21,411.30886136013186,414.1160219717621,408.9662678666254,413.9381103515625,14206100,48.57783945188142,-1.4399512148447684,-1.326297013631932,-0.11365420121283631,5.917227348856688,0.44517427125722164,414.37557771762005,416.1901952036639,-1,0.8729076110666651,0.0014825923866221835,-0.0008589685085393928,-0.03397845284130441,0.132971192798175,0.17459248340620806,4.83,315.631,4.19,2.0,1.0
2024-10-22,413.65149823512496,425.6017126142665,413.20671913798,422.5672302246094,25482200,58.879254494977545,-0.6028440335061305,-1.1816064176067718,0.5787623841006413,5.8126860752070275,0.805119944782618,415.1557350992381,416.4402750084069,-1,1.526083108053885,0.02084640108570346,0.020943949800879214,-0.003867932611385405,0.1508875707323265,0.17961826432444628,4.83,315.631,4.2,1.0,1.0
2024-10-23,425.87842845603865,426.09588604624633,417.6447522942533,419.6908264160156,19654400,54.92907451675963,-0.16957752535370219,-0.9792006391561578,0.8096231138024557,5.297250535319575,0.721102499040151,415.5876485579788,416.5677476126269,-1,1.1554153037973791,-0.006806973193507759,0.02037874369266901,-0.0173798026546923,0.1502457016225861,0.17921219222063928,4.83,315.631,4.24,2.0,1.0
2024-10-24,420.4123746810587,421.0548835944768,417.5162582126422,419.8193359375,13581600,55.07409240450393,0.18206027078559828,-0.7469484571678067,0.929008727953405,4.797531005684638,0.7671396408203459,415.9906664036475,416.69526088026896,-1,0.8005583206995984,0.0003062004537526253,0.019221537973460157,-0.015255809691791411,0.1502550772500256,0.1777503097285121,4.83,315.631,4.21,2.0,1.0
2024-10-25,421.8258243694227,427.51920692415774,421.6380187300836,423.1997375488281,16899100,58.82690035079804,0.725146874695497,-0.452529390795146,1.177676265490643,4.808199591248571,0.935828812575879,416.6772446079504,416.95033839668304,-1,0.9902603585870986,0.008052038869956535,0.02389018952078903,0.00030368171155870094,0.15102532081048295,0.17831756831890833,4.83,315.631,4.25,2.0,1.0
2024-10-28,426.6691948141605,426.94595627618617,421.37115090072086,421.6578063964844,14882400,56.5081605507977,1.0193752402533391,-0.15814846458544898,1.177523704838788,4.4765377607761465,0.8950781715191423,417.151583825906,417.13494498491053,1,0.8770312330113651,-0.0036435068728412068,0.01864939673799415,-0.008621912518483987,0.15020431760028133,0.1729215457315083,4.83,315.631,4.28,2.0,1.0
2024-10-29,423.0514985794261,428.16173672961014,420.8769227357868,426.9558410644531,17644100,62.04408342281448,1.6609144717932622,0.20566412269029324,1.455250349102969,5.1964046023485,1.0598223853344733,418.08532261052954,417.52007816450043,1,1.0442381244775214,0.012564773111272576,0.01038559198618172,0.026765497892672352,0.13209905872031966,0.15942700834756243,4.83,315.631,4.28,2.0,1.0
2024-10-30,432.3823482739382,433.4300902065266,427.1040926423887,427.5291137695313,29749100,62.59883498886893,2.190348279566763,0.6026009540655871,1.5877473255011756,5.784516214655295,0.9941724678304352,418.98473129233923,417.91258936469774,1,1.6946259932731282,0.0013426978856851957,0.01867633710379457,0.036918890088451395,0.1269141871984202,0.1581375254470545,4.83,315.631,4.29,2.0,1.0
2024-10-31,410.55766284750285,411.3484314804884,401.6024154615227,401.65185546875,53971000,36.59692224416421,0.5159028995028621,0.5852613431530421,-0.06935844365018007,6.4563427875809305,-0.003380191571159615,417.3339812139022,417.27491352564095,1,2.7579570851023765,-0.06052747629891464,-0.043274520522453175,-0.024463410803333363,0.2612465793393856,0.20507180975134456,4.83,315.631,4.28,2.0,0.0
2024-11-01,404.2811351978572,410.6960897386511,402.78858379903807,405.6253967285156,24230400,40.67206149248945,-0.48488609150041384,0.37123185622235094,-0.8561179477227647,6.721147900844677,0.1687146238393695,416.21887792957966,416.81806972967524,-1,1.2223851705887783,0.009892998639650985,-0.041527296122873425,-0.013675822172236396,0.26419416496930964,0.20490884788893926,4.64,316.528,4.37,2.0,0.0
2024-11-04,405.06196083886334,405.6748178590432,400.8808865733181,403.7374572753906,19672300,39.377059566549114,-1.4140591195556453,0.014173661066751692,-1.4282327806223971,6.799571489610254,0.10745007577737845,415.0301712006093,416.3051045353896,-1,0.99556904643278,-0.004654391634132837,-0.042499744696397834,-0.0026370844792048542,0.2586493287584803,0.20449226674655072,4.64,316.528,4.31,2.0,0.0
2024-11-05,403.64845819160416,410.1029577159873,403.36180269923256,406.7027282714844,17626000,42.475127282167506,-1.8893832174085219,-0.36653771462830304,-1.5228455027802188,6.941850369341851,0.22394390133672487,414.2370813978355,415.9285407603345,-1,0.8956441895172129,0.0073445526112558834,-0.04743608318479786,-0.007836823728233133,0.2559023537916999,0.20499182332647176,4.64,316.528,4.26,2.0,1.0
2024-11-06,407.65167048638625,415.5888275345555,405.77361389082967,415.3219299316406,26681800,50.408352450131794,-1.5526850622960637,-0.6037671841618553,-0.9489178781342085,6.926286377030958,0.5187508035232321,414.3404003058169,415.90475210038574,-1,1.3166402377687907,0.021192878879343846,-0.02855287147642349,0.006515559931902448,0.26599411511939214,0.20634493199282405,4.64,316.528,4.42,2.0,1.0
2024-11-07,416.40921822256973,421.91482589939426,415.0254108601489,420.51123046875,19901800,54.47873219610676,-0.8572344983525113,-0.6544606469999865,-0.2027738513525248,6.965983495750515,0.6816325001748361,414.9280984165724,416.08539831090985,-1,0.9676223463594801,0.012494646112146013,0.046954532247809544,0.023061765426507286,0.2688505325933189,0.2074137178812248,4.64,316.528,4.31,1.0,1.0
2024-11-08,420.40251992805025,421.568869701991,416.9034404414896,417.6546630859375,16891400,51.95094684912073,-0.5304710899219458,-0.6296627355843785,0.09919164566243266,6.926776253445517,0.5726089922997739,415.18777124222623,416.146938106009,-1,0.8158102415544799,-0.0067930822670971835,0.02965609760740162,0.01494039563793259,0.2703295512023129,0.20654970083190946,4.64,316.528,4.3,2.0,1.0
2024-11-11,417.6348987728619,419.8984307044044,411.19029254705583,413.1770629882813,24503300,48.177461835754926,-0.6256020900822818,-0.6288506064839592,0.003248516401677337,6.941150015571009,0.419153947629931,414.996275218041,416.0304724151177,-1,1.1614275956899303,-0.010720819120209057,0.02338055472136169,-0.002695942753111469,0.2723151799979978,0.20736673127953906,4.64,316.528,4.3,2.0,1.0
2024-11-12,413.4142742125201,419.5327090402253,412.37642617579047,418.1390075683594,19401200,52.3113215893546,-0.29718091755120213,-0.5625166686974078,0.26533575114620567,6.949031772930447,0.583709036760319,415.29558306092844,416.113160068186,-1,0.9185034811022497,0.012009245005497382,0.028119504743624457,0.010245138331597792,0.2756256760565443,0.2082837267453307,4.64,316.528,4.43,2.0,1.0
2024-11-13,416.7650676989441,424.366129168666,413.3747019871383,420.2839050292969,21502200,54.01880548774459,0.13461872638760042,-0.42308958968040616,0.5577083160680065,6.932648697977717,0.6426050546459395,415.7706613436302,416.27671869411193,-1,1.003730461059593,0.005129627760420918,0.011947298565411657,0.02182067373316765,0.2748711195742565,0.20794159214186872,4.64,316.528,4.44,1.0,1.0
2024-11-14,420.086213638624,423.21957584577814,415.14402288993426,421.9543762207031,30246900,55.359373191649084,0.6046461353249128,-0.21754244467934236,0.8221885800042552,6.9581410710381615,0.6821921144785156,416.3595865700181,416.49937193044883,-1,1.3628640290029166,0.003974625655221775,0.0034318839721461103,0.024404908187274144,0.2750613512220563,0.20807132562369157,4.64,316.528,4.43,1.0,1.0
