Date,Open,High,Low,Close,Volume,rsi,macd,macd_signal,macd_diff,bb_width,bb_pct_b,ema_short,ema_long,ema_cross,volume_ratio,return_1d,return_5d,return_20d,volatility_20d,volatility_60d,fed_rate,cpi,us_10y,target_trend,target_volatility
2015-03-31,1120.300048828125,1143.300048828125,1117.5,1142.5999755859375,323,47.70794155201314,-11.30733368505912,-15.72707850368134,4.41974481862222,8.561202877008872,0.5743814983440823,1142.7048905548015,1167.8556428832433,-1,0.3671497584541063,0.023010073068408632,8.750598331519477e-05,-0.040396386628384406,0.2079172993410271,0.18460937037684796,0.11,235.976,1.94,1.0,0.0
2015-04-01,1141.0,1166.800048828125,1133.0,1165.199951171875,121,54.559017413058534,-8.2350457029454,-14.228671943534152,5.993626240588753,8.053551697090711,0.8361175155879638,1144.847277280237,1167.7514981102486,-1,0.1365996839015579,0.019779429431851625,0.015424794049564206,-0.014880027840451615,0.2207000147740617,0.18883425774972332,0.12,236.222,1.87,1.0,0.0
2015-04-02,1163.9000244140625,1163.9000244140625,1153.5999755859375,1153.800048828125,7,50.93401114477022,-6.643529713577664,-12.711643497542855,6.068113783965192,7.315171171077271,0.7494889219052718,1145.6999221895596,1167.204382452126,-1,0.007899339840884726,-0.009783644714613016,-0.0010389187635281294,-0.023196667352184064,0.22304713695436684,0.18871987878018578,0.12,236.222,1.92,1.0,0.0
2015-04-06,1173.199951171875,1185.0,1173.199951171875,1179.9000244140625,89,57.84055481295554,-3.23885640207709,-10.817086078449703,7.578229676372613,7.902119495037304,1.0108265555452103,1148.9570747823693,1167.702250764359,-1,0.09993262968785088,0.022620882719190716,0.030840511603238863,0.017242865401355,0.22839890793477358,0.19467114395046461,0.12,236.222,1.92,1.0,0.0
2015-04-07,1170.5999755859375,1173.300048828125,1169.9000244140625,1173.300048828125,16,55.705234060150076,-1.06096104633707,-8.865861072027178,7.804900025690108,8.376289748375681,0.8995966373965847,1151.2754532629174,1167.9217722570556,-1,0.017953321364452424,-0.0055936735735004905,0.05049693184817561,0.02052717983696062,0.2268669937097176,0.19492134261326058,0.12,236.222,1.89,1.0,0.0
2015-04-08,1168.800048828125,1168.800048828125,1165.5,1165.5,14,53.20531820247003,0.03523183066090496,-7.085642491489562,7.120874322150467,8.664197286128351,0.7887848297738939,1152.6301719997823,1167.8268007959946,-1,0.015698587127158558,-0.006647957473380761,0.020042031247479386,0.030959752321981338,0.218984794087264,0.19479208571487527,0.12,236.222,1.92,1.0,0.0
2015-04-09,1167.699951171875,1167.699951171875,1156.4000244140625,1156.4000244140625,1,50.365502547971886,0.16774692309832062,-5.634964608571986,5.802711531670306,8.601803714815452,0.6770792907003288,1152.989205563047,1167.378691918272,-1,0.0011216420840109921,-0.007807786860521193,-0.007552288986076738,0.03582945102584878,0.21557994655392518,0.1941637932458176,0.12,236.222,1.97,1.0,0.0
2015-04-10,1173.300048828125,1174.5999755859375,1170.0,1170.0,7,54.29203819676686,1.3545559804608729,-4.237060490765415,5.5916164712262875,8.679424530541496,0.7850215811078849,1154.6092812237093,1167.481488313634,-1,0.00784885350675562,0.011760615097555327,0.014040518708877459,0.048481023749725516,0.21822148464109492,0.1954638754931378,0.12,236.222,1.96,1.0,0.0
2015-04-13,1162.0999755859375,1162.0999755859375,1153.0999755859375,1153.5,9,49.206054561967115,0.9527162848849002,-3.1991051356353517,4.1518214205202515,8.456389218041455,0.6021621878130738,1154.50363539288,1166.9331946542757,-1,0.010088555094720323,-0.014102564102564052,-0.02237479775218476,0.03341699557410349,0.22597557578274224,0.19691832625045047,0.12,236.222,1.94,1.0,0.0
2015-04-14,1157.300048828125,1158.800048828125,1147.300048828125,1153.699951171875,48,49.26807642890219,0.6429779697555205,-2.4306885145571773,3.0736664843126977,7.993368960004202,0.5855957250623142,1154.4270940384986,1166.4142439294756,-1,0.05366126327557295,0.00017334301853066947,-0.01670510256590063,0.04040032985073161,0.2239880526700355,0.19242409311454325,0.12,236.222,1.9,0.0,0.0
2015-04-15,1151.0999755859375,1155.9000244140625,1151.0999755859375,1155.9000244140625,2,49.99163453805905,0.568482534546547,-1.8308543047364325,2.3993368392829795,6.867858101297182,0.5884597611078975,1154.5673731218856,1166.0019215955379,-1,0.0022356360384529397,0.0019069717736859282,-0.008236787289521708,0.05590579699640341,0.2170102932252719,0.1919110856258064,0.12,236.222,1.91,0.0,0.0
2015-04-16,1155.300048828125,1158.5,1155.300048828125,1158.5,10,50.88317122403856,0.7110441914853709,-1.322474605492072,2.033518796977443,5.26719435917343,0.6043884450733328,1154.9419090150393,1165.7077285917912,-1,0.011172560192168036,0.0022493083580090723,0.001815959479075202,0.059345305287968664,0.2165764565274602,0.18952398000491094,0.12,236.222,1.9,0.0,0.0
2015-04-17,1162.0999755859375,1166.800048828125,1162.0999755859375,1166.800048828125,13,53.71970979420107,1.4767468868692504,-0.7626303070198075,2.239377193889058,4.730592418187503,0.7258626835252959,1156.0712556639046,1165.7505646794907,-1,0.014519461663036802,0.007164478919400086,-0.0027350010016025106,0.041042110988571245,0.20176030099510822,0.18999308684141952,0.12,236.222,1.87,0.0,0.0
2015-04-20,1148.0999755859375,1148.0999755859375,1148.0999755859375,1148.0999755859375,0,47.11751817663864,0.5680836472733972,-0.4964875161611666,1.0645711634345638,4.658024327637798,0.3761823450638146,1155.3120861326697,1165.0583847150376,-1,0.0,-0.01602680190232153,-0.004681425586530175,0.005165491740749317,0.20119689945690522,0.19180017053012344,0.12,236.222,1.9,0.0,0.0
2015-04-21,1151.800048828125,1151.800048828125,1151.800048828125,1151.800048828125,9,48.46707434006669,0.14485665383540436,-0.36821868216185244,0.5130753359972569,4.605631343528509,0.43843891294909854,1154.9776063893798,1164.5384499743743,-1,0.010048007145249525,0.0032227796540968967,-0.0016467906944264143,0.005499824380728935,0.20125795364047008,0.19077011888336393,0.12,236.222,1.92,0.0,0.0
2015-04-22,1139.0999755859375,1139.0999755859375,1129.699951171875,1129.699951171875,9,41.63292298955064,-1.9513529877194742,-0.6848455432733769,-1.2665074444460973,4.909389720733963,0.0635687491988025,1152.5702106543795,1163.1722343350607,-1,0.010042961557774926,-0.019187442888837558,-0.022666383501002696,-0.011203543832056906,0.21290286128967792,0.19337827824285006,0.12,236.222,1.99,1.0,0.0
2015-04-23,1136.199951171875,1136.199951171875,1136.199951171875,1136.199951171875,0,44.12828543055441,-3.052926319561948,-1.1584616985310912,-1.8944646210308567,5.079010638399136,0.1984899625926345,1151.0111383227124,1162.114497740426,-1,0.0,0.005753740179644362,-0.019249071064415202,-0.009847537105119875,0.21337880808954168,0.19266908800840232,0.12,236.222,1.96,0.0,0.0
2015-04-24,1127.9000244140625,1128.199951171875,1120.4000244140625,1120.4000244140625,9,39.68670866195978,-5.141584183371606,-1.955086195499194,-3.1864979878724116,5.679505281036971,0.014945142155669573,1148.0957941409363,1160.478636041353,-1,0.01003792103502119,-0.013905938599554135,-0.03976690304449704,-0.029956688818993493,0.21684095768440098,0.1940170508236366,0.12,236.222,1.93,1.0,0.0
2015-04-27,1129.199951171875,1152.699951171875,1129.199951171875,1152.699951171875,4,50.62724531020551,-4.142771153728745,-2.3926231871451042,-1.7501479665836408,5.645693672489735,0.5023813116794509,1148.53428528674,1160.1735895758832,-1,0.01548586914440573,0.028828923646895266,0.004006598452882981,0.007076686841436475,0.23922553681595204,0.19284279682031863,0.12,236.222,1.94,0.0,0.0
2015-04-28,1157.5,1157.5,1157.5,1157.5,4,52.02012470029025,-2.9301043874775132,-2.5001194272115863,-0.4299849602659269,4.877454050085752,0.551941027220727,1149.388162878479,1160.0687429258485,-1,0.11510791366906475,0.004164178911645777,0.004948733226460833,0.03635059065133128,0.2206476411041724,0.18899260331199605,0.12,236.222,2.0,0.0,0.0
2015-04-29,1160.4000244140625,1160.4000244140625,1153.4000244140625,1160.4000244140625,1,52.88494629648749,-1.7152768608032147,-2.3431509139299123,0.6278740531266975,4.7960446538803385,0.5890531071244105,1150.4369115961538,1160.081734356759,-1,0.05361930294906166,0.0025054206600971796,0.027175422297169627,0.015578548230754885,0.2063765847479184,0.18871915361926883,0.12,236.222,2.06,0.0,0.0
2015-04-30,1156.0,1156.0,1139.9000244140625,1139.9000244140625,2,46.503876974067325,-2.379269233228797,-2.3503745777896894,-0.02889465543910763,4.872993260400961,0.24575138350456216,1149.4333985311928,1159.290294751163,-1,0.15748031496062992,-0.017666321586257583,0.0032565335338829993,-0.02171294869379936,0.2038525355524804,0.19133421005586945,0.12,236.222,2.05,0.0,0.0
2015-05-01,1129.0,1129.0,1129.0,1129.0,0,43.4985322714206,-3.741894615216779,-2.6286785852751073,-1.1132160299416718,5.237641641981038,0.10323179977927462,1147.4873605758412,1158.1024400550389,-1,0.0,-0.009562263514877434,0.007675808102945325,-0.02149423451083532,0.20372700823857126,0.1918510804606359,0.12,237.001,2.12,0.0,0.0
2015-05-04,1150.199951171875,1150.199951171875,1150.199951171875,1150.199951171875,0,50.234849424865786,-3.0756717342292177,-2.7180772150659296,-0.3575945191632881,4.785867260369063,0.47686275452995447,1147.7457025373683,1157.792538530209,-1,0.0,0.018777636113263885,-0.0021688211207594454,-0.02517168626802646,0.19834470978174137,0.19516915604158988,0.12,237.001,2.16,0.0,0.0
2015-05-05,1148.0999755859375,1148.0999755859375,1148.0999755859375,1148.0999755859375,0,49.60397439318543,-2.6861712704051115,-2.711696026133766,0.025524755728654647,4.466685627042094,0.4588329051377657,1147.7794428277082,1157.4124380225905,-1,0.0,-0.001825748282981543,-0.008120971416036737,-0.02147794442466522,0.19770175246707272,0.19006230796964993,0.12,237.001,2.19,0.0,0.0
2015-05-06,1142.0999755859375,1142.0999755859375,1142.0999755859375,1142.0999755859375,0,47.758489455816985,-2.82902792956952,-2.7351624068209173,-0.09386552274860271,4.336985306477998,0.3606366795525414,1147.2385411856349,1156.8119492995845,-1,0.0,-0.0052260257186556025,-0.015770465738627948,-0.020077241024506698,0.1972304849394606,0.1902549017658214,0.12,237.001,2.25,0.0,0.0
2015-05-07,1138.9000244140625,1139.0,1131.4000244140625,1131.4000244140625,4,44.57365059725844,-3.7622703864483356,-2.940584002746401,-0.8216863837019344,4.496975544196751,0.18236687126592968,1145.7301110169137,1155.8154032256425,-1,0.6106870229007634,-0.0093686642155697,-0.007456794295946478,-0.021618816561913556,0.19803055725610186,0.18998043217555735,0.12,237.001,2.18,0.0,0.0
2015-05-08,1139.0999755859375,1144.199951171875,1139.0999755859375,1142.5,7,48.41665839009409,-3.5651002374158907,-3.065487249680299,-0.4996129877355915,4.148561228682963,0.41757778724237105,1145.4224813962553,1155.2932305501272,-1,1.0687022900763359,0.00981083201910482,0.011957484499557136,-0.023504273504273532,0.1964912329076679,0.19040392720154975,0.12,237.001,2.16,0.0,0.0
2015-05-11,1126.4000244140625,1126.4000244140625,1126.4000244140625,1126.4000244140625,5,43.68537526054529,-4.65432281426115,-3.3832543625964693,-1.2710684516646804,4.377997924408112,0.12767546927580142,1143.6108188265227,1154.1601636428306,-1,0.7874015748031497,-0.014091882350929952,-0.020691990756532386,-0.02349369361589726,0.19648171915541093,0.19198091420576993,0.12,237.001,2.28,0.0,0.0
2015-05-12,1132.4000244140625,1132.4000244140625,1132.4000244140625,1132.4000244140625,0,45.810620350051195,-4.976029131570158,-3.7018093163912074,-1.2742198151789506,4.425903193391899,0.27089786297098145,1142.5431241205742,1153.3068248495456,-1,0.0,0.005326704430001383,-0.013674724767642754,-0.01846227585966098,0.1977966974705065,0.1919087097792111,0.12,237.001,2.28,0.0,0.0
2015-05-13,1135.199951171875,1149.800048828125,1135.199951171875,1149.800048828125,2,51.524056615870585,-3.783335220287654,-3.7181144971704967,-0.06522072311715732,4.350556477619386,0.622697021740484,1143.2342598070077,1153.1693042212546,-1,0.5063291139240506,0.015365616424342532,0.006742030826361933,-0.005277251887791601,0.20584247600348296,0.18790799023708815,0.12,237.001,2.27,0.0,0.0
2015-05-14,1161.300048828125,1161.300048828125,1161.300048828125,1161.300048828125,0,54.90794407464457,-1.888394575034681,-3.3521705127433337,1.4637759377086526,4.413071908875773,0.8459914176969052,1144.9548111423521,1153.4881569509357,-1,0.0,0.01000173900820478,0.026427456044600506,0.0024169605767154767,0.20888394278961428,0.18835889958298205,0.12,237.001,2.23,0.0,0.0
2015-05-15,1168.0,1168.0,1168.0,1168.0,0,56.799991233449916,0.15223473709420432,-2.6512894627758263,2.8035241998700307,4.45179559675832,0.9733536563364324,1147.1495910335566,1154.0572488352127,-1,0.0,0.005769354077471922,0.022319474835886144,0.0010284120000509933,0.2083234338371449,0.1884783035357652,0.12,237.001,2.14,0.0,0.0
2015-05-18,1177.4000244140625,1177.4000244140625,1177.4000244140625,1177.4000244140625,0,59.3754941082857,2.4991430148170366,-1.6212029672572539,4.120345982074291,5.122894596521572,1.0460537010204112,1150.030584688843,1154.9726517990891,-1,0.0,0.008047966107930238,0.045276987655011425,0.025520468122274487,0.2009184792471737,0.18914165946460124,0.12,237.001,2.23,0.0,0.0
2015-05-19,1149.800048828125,1149.800048828125,1149.800048828125,1149.800048828125,0,49.95777575983056,2.1077011000259063,-0.8754221538006219,2.983123253826528,5.110253421653019,0.5775735455748898,1150.008628892584,1154.7698046237572,-1,0.0,-0.023441460008184367,0.015365616424342532,-0.0017364124980154827,0.21934627428572903,0.19500872753025178,0.12,237.001,2.27,0.0,0.0
2015-05-20,1155.800048828125,1155.800048828125,1155.800048828125,1155.800048828125,0,51.749485464847254,2.255628932026866,-0.24921193663512434,2.5048408686619905,5.005064462186177,0.6609275632362654,1150.560192695969,1154.810206357262,-1,0.0,0.005218298612976291,0.005218298612976291,0.023103566242678397,0.20772531315029388,0.19532567307225474,0.12,237.001,2.26,0.0,0.0
2015-05-21,1151.5,1155.699951171875,1151.5,1151.5,2,50.35791375449408,2.002797794945991,0.20119000968109874,1.8016077852648922,4.943807848745285,0.5735165256648818,1150.6496981534956,1154.6803943432517,-1,1.0,-0.0037204089344734514,-0.0084388602566704,0.013465982648867891,0.207665156973138,0.19512482754087526,0.12,237.001,2.19,0.0,0.0
2015-05-22,1147.9000244140625,1147.9000244140625,1147.9000244140625,1147.9000244140625,0,49.16591839959603,1.4947092756206075,0.4598938628690005,1.034815412751607,4.445063882625184,0.48423470456514134,1150.3878244640257,1154.4144974832834,-1,0.0,-0.0031263357237841793,-0.017208883207138315,0.024544804891790006,0.20095445252360267,0.19516757920975225,0.12,237.001,2.21,0.0,0.0
2015-05-26,1127.5,1127.5,1123.4000244140625,1123.4000244140625,1,41.897411061130825,-0.8748154534875994,0.19295199959768056,-1.0677674530852799,4.831496768727214,0.06989935546363472,1147.8175577926006,1153.1982436374317,-1,0.7142857142857143,-0.021343322135136122,-0.045863766672565975,-0.025418519995619948,0.18919009453203894,0.19864851382164717,0.12,237.001,2.14,0.0,0.0
2015-05-27,1118.5,1118.5,1118.5,1118.5,5,40.60449008606183,-3.1121964286573984,-0.46807768605333533,-2.6441187426040633,5.230178932598965,0.05275970035339803,1145.0254094314005,1151.8375282006698,-1,3.4482758620689657,-0.00436178058356218,-0.02722216689764967,-0.033693304535637125,0.188355773349213,0.198544914833864,0.12,237.001,2.14,0.0,0.0
2015-05-28,1121.0,1121.0,1114.699951171875,1115.800048828125,8,39.87432595004228,-5.045044335408193,-1.3834710159243069,-3.6615733194838858,5.5479269540366225,0.07014146067318809,1142.242041754898,1150.424293715472,-1,4.444444444444445,-0.002413903595775646,-0.034608062216779034,-0.03843500055806881,0.1877036516961741,0.19855747031996437,0.12,237.001,2.13,0.0,0.0
2015-05-29,1111.0,1111.0,1111.0,1111.0,0,38.54719538853616,-6.884800358776602,-2.483736884494766,-4.401063474281836,6.070344435731822,0.05822466428918761,1139.2666092068125,1148.878242981532,-1,0.0,-0.004301889781387125,-0.03517151541467656,-0.025353122023940466,0.17845663567712938,0.19833429181486947,0.12,237.001,2.12,0.0,0.0
2015-06-01,1109.199951171875,1109.199951171875,1103.699951171875,1103.699951171875,5,36.55456517503872,-8.830085464698868,-3.7530066005355867,-5.077078864163282,6.678228864481707,0.018745024720443076,1135.8793084415804,1147.1065452635062,-1,2.5641025641025643,-0.0065707010154140155,-0.0385051592491682,-0.022409254940766177,0.17690514221632045,0.19865957428446032,0.13,237.657,2.19,0.0,0.0
2015-06-02,1111.800048828125,1112.300048828125,1111.800048828125,1112.300048828125,1,40.45945709019084,-9.567493806279572,-4.915904041684384,-4.651589764595188,6.968619900760347,0.17032080187533205,1133.6336646688703,1145.7415846189815,-1,0.5,0.007792061281799212,-0.009880697298121355,-0.032950707661859924,0.1646219475984049,0.19624338590713417,0.13,237.657,2.27,0.0,0.0
2015-06-03,1103.5999755859375,1103.5999755859375,1103.5999755859375,1103.5999755859375,0,37.91703738813135,-10.730227052692271,-6.078768643885962,-4.65145840880631,7.422277589956354,0.11308623992649276,1130.7733133276386,1144.0889725000386,-1,0.0,-0.007821696359137542,-0.013321434433672286,-0.03875969074669583,0.16607856900819098,0.1960800342331871,0.13,237.657,2.38,0.0,0.0
2015-06-04,1098.699951171875,1098.699951171875,1098.699951171875,1098.699951171875,0,36.52491805977307,-11.909803742568101,-7.24497566362239,-4.664828078945711,7.953775114759397,0.10798407956592637,1127.718707408042,1142.3090108793263,-1,0.0,-0.004440036718432294,-0.015325413970190715,-0.03800019730479087,0.16589630797015337,0.19334382303325046,0.13,237.657,2.31,0.0,0.0
2015-06-05,1099.199951171875,1099.199951171875,1091.300048828125,1091.300048828125,3,34.46686629609394,-13.288554854735139,-8.45369150184494,-4.834863352890199,8.622908275374467,0.08249732819683618,1124.2502637337643,1140.308659426338,-1,1.5384615384615385,-0.00673514396342445,-0.017731729227610238,-0.035442791869042756,0.16457192010100288,0.1921594010433651,0.13,237.657,2.41,0.0,0.0
2015-06-08,1099.0,1100.5,1099.0,1100.5,1,39.063980988007664,-13.48343720121511,-9.459640641718975,-4.023796559496136,8.923778574856856,0.20788804007691816,1121.9883338543582,1138.7475355272659,-1,0.6060606060606061,0.00843026735108654,-0.002899294476254477,-0.036761487964989015,0.16336375973401196,0.19299857999596312,0.13,237.657,2.39,0.0,0.0
2015-06-09,1107.800048828125,1107.800048828125,1107.800048828125,1107.800048828125,0,42.51017943443206,-12.900125318849405,-10.147737577145062,-2.752387741704343,9.091629098110381,0.2932232053262761,1120.6370686137645,1137.5339085978878,-1,0.0,0.006633392847001263,-0.004045670954290648,-0.016512762058588315,0.15919326146392482,0.1935058911089846,0.13,237.657,2.42,0.0,0.0
2015-06-10,1114.699951171875,1114.699951171875,1114.699951171875,1114.699951171875,0,45.6395099138072,-11.745685049473423,-10.467327071610734,-1.2783579778626883,9.160092548043167,0.369941585731003,1120.0716288573942,1136.6384592870638,-1,0.0,0.006228472684261854,0.01005797012639853,-0.015630583592883607,0.15968335310381215,0.19346172211096518,0.13,237.657,2.5,0.0,0.0
2015-06-11,1104.699951171875,1104.699951171875,1104.699951171875,1104.699951171875,0,42.06570843962068,-11.505075891991055,-10.6748768356868,-0.8301990563042558,9.17107144896085,0.29482919818066367,1118.6076595540114,1135.3859687727427,-1,0.0,-0.008971023986757198,0.005460999605579664,-0.03922429617411827,0.15031501373478615,0.19251199042595807,0.13,237.657,2.39,0.0,0.0
2015-06-12,1096.300048828125,1096.300048828125,1096.300048828125,1096.300048828125,0,39.283087875623245,-11.855530147687432,-10.911007498086926,-0.9445226496005059,8.991653168918576,0.23911173168129884,1116.483125199165,1133.853187598444,-1,0.0,-0.007603786290421466,0.004581691355525219,-0.05597175343753058,0.14462145537158733,0.1931601506476669,0.13,237.657,2.39,0.0,0.0
2015-06-15,1081.5,1088.300048828125,1081.5,1088.300048828125,2,36.78721141841694,-12.633173451749371,-11.255440688819416,-1.3777327629299556,8.589322005592711,0.18413241837485259,1113.7990226876373,1132.066789999608,-1,1.4285714285714286,-0.007297272319335857,-0.011085825690027251,-0.06823625956496149,0.14168797567039532,0.18681746727690499,0.13,237.657,2.36,0.0,0.0
2015-06-16,1079.5,1079.5,1079.5,1079.5,0,34.21220503278208,-13.800468557155455,-11.764446262486624,-2.0360222946688307,7.678582659394116,0.09945309866738644,1110.5324490983385,1130.0053472545255,-1,0.0,-0.008086050200586503,-0.025546170410501334,-0.08314933105490874,0.1356925867362361,0.18300043895051663,0.13,237.657,2.32,0.0,0.0
2015-06-17,1075.9000244140625,1075.9000244140625,1070.699951171875,1072.4000244140625,20,32.25075271846028,-15.124125526284615,-12.436382115246223,-2.687743411038392,7.752182108857547,0.06433226948361156,1106.900789604598,1127.7463149862722,-1,8.333333333333334,-0.006577096420507189,-0.03794736575824098,-0.067316073340707,0.11534405268840023,0.18318559146694893,0.13,237.657,2.32,0.0,0.0
2015-06-18,1095.199951171875,1095.199951171875,1082.5,1082.5,20,37.7207627781263,-15.183127942236524,-12.985731280644284,-2.19739666159224,7.061124067828203,0.1963316934933972,1104.5769048803506,1125.971949692693,-1,5.882352941176471,0.009418104584113518,-0.02009591034047309,-0.06341931625841724,0.12035059916967393,0.1844052333306178,0.13,237.657,2.35,0.0,0.0
2015-06-19,1086.5,1086.5,1086.5,1086.5,0,39.79399436176987,-14.737239488156092,-13.336032922146646,-1.4012065660094457,6.151355513900779,0.2572499870328171,1102.8552948917459,1124.424030096901,-1,0.0,0.003695150115473389,-0.008939203130202023,-0.05644811115935733,0.12283477674168665,0.18432770594134767,0.13,237.657,2.26,0.0,0.0
2015-06-22,1060.300048828125,1060.300048828125,1060.300048828125,1060.300048828125,0,32.226630663764155,-16.30997552800727,-13.930821443318772,-2.3791540846884995,5.855414388205533,-0.09523934347808038,1098.8024143142582,1121.9093641647924,-1,0.0,-0.02411408299298201,-0.025728198790536005,-0.07631324481472357,0.14464040745174261,0.18982030332053795,0.13,237.657,2.37,0.0,0.0
2015-06-23,1067.199951171875,1067.199951171875,1067.199951171875,1067.199951171875,0,35.694800135638374,-16.805887901859478,-14.505834735026914,-2.300053166832564,5.989456880987305,0.06453603110619048,1095.7926559197456,1119.7638969885995,-1,0.0,0.00650749978873999,-0.01139420919696621,-0.050026768756303075,0.13318302435801996,0.18982625093858546,0.13,237.657,2.42,0.0,0.0
2015-06-24,1074.0999755859375,1074.0999755859375,1074.0999755859375,1074.0999755859375,0,39.05358190562198,-16.452473849461057,-14.895162557913743,-1.5573112915473146,5.920398025411646,0.19942701825624115,1093.7266863641448,1117.973154972809,-1,0.0,0.006465540413945536,0.0015851838242952887,-0.039696043284812244,0.13672530792716195,0.18408775348416254,0.13,237.657,2.38,0.0,0.0
2015-06-25,1076.0999755859375,1084.0,1072.5,1084.0,8,43.60499889269383,-15.198344381081597,-14.955798922547315,-0.24254545853428233,5.666455866053926,0.37119397740839527,1092.8003352818453,1116.64087438564,-1,2.6666666666666665,0.009217041838830653,0.001385681293302632,-0.02849977364808609,0.1423602093947415,0.17874207303488007,0.13,237.657,2.4,0.0,0.0
2015-06-26,1084.4000244140625,1084.4000244140625,1080.699951171875,1080.699951171875,10954,42.46654830432021,-14.305815565864577,-14.825802251210769,0.5199866853461916,5.505204227973672,0.3375019286591613,1091.6479177475624,1115.2314264164727,-1,19.891047757399672,-0.003044325487200239,-0.005338287002416009,-0.027272771222434766,0.14209349819291048,0.1736195783477086,0.13,237.657,2.49,0.0,0.0
2015-06-29,1085.5,1097.5,1068.0999755859375,1081.4000244140625,5442,42.80768104882654,-13.387665317347683,-14.538174864438153,1.1505095470904703,5.4379970934920685,0.3659654139264503,1090.6719279062768,1113.9047047693193,-1,6.616011184730412,0.0006477961264164112,0.019900004351841583,-0.020204700321074687,0.14089172078532766,0.17273442315931165,0.13,237.657,2.33,0.0,0.0
2015-06-30,1080.800048828125,1086.0,1076.5,1078.5999755859375,128,41.74162715151337,-12.73911656400287,-14.178363204351097,1.4392466403482267,5.14729023527772,0.3382591393293102,1089.5222181614827,1112.5202055856573,-1,0.1544215224996984,-0.0025892812695673673,0.010682182286032127,-0.030297646105196696,0.13707352110435347,0.1656927370339115,0.13,237.657,2.35,0.0,0.0
2015-07-01,1085.199951171875,1089.0,1080.5,1086.9000244140625,93,46.03198603727299,-11.42370704658606,-13.62743197279809,2.203724926212031,4.972200931432461,0.5014808449381868,1089.272485423633,1111.515492598536,-1,0.11157099154219903,0.007695205837192853,0.011916999459144817,-0.015132250399886416,0.1386515594293083,0.16651664904460825,0.13,238.034,2.43,0.0,0.0
2015-07-02,1079.4000244140625,1085.5999755859375,1074.5999755859375,1083.5999755859375,35,44.624848878339826,-10.526182607017745,-13.007182099642021,2.480999492624276,4.877802543630993,0.4534690820644427,1088.7322463914716,1110.4207664411792,-1,0.04190111337244104,-0.003036202736221294,-0.0003690262122347798,-0.013743493453177824,0.1382441306913529,0.16618016033854302,0.13,238.034,2.4,0.0,0.0
2015-07-06,1078.199951171875,1078.199951171875,1048.800048828125,1065.9000244140625,102,37.92796660033661,-11.114999363436937,-12.628745552401005,1.5137461889640687,5.119318822129217,0.15975910634651935,1086.5577490602898,1108.6748549891354,-1,0.12139244272537936,-0.016334396060044276,-0.013694760272510376,-0.0232750144576076,0.14785934060877173,0.16857368970998277,0.13,238.034,2.3,0.0,0.0
2015-07-07,1066.0999755859375,1069.0,1032.0,1041.0999755859375,77,30.92514842851118,-13.428007847052413,-12.788598011331288,-0.6394098357211249,6.042392391736269,-0.12301057020912064,1082.2284373008276,1106.0248597184218,-1,0.0912268230555062,-0.023266768233500934,-0.03726655069197071,-0.05397548788192863,0.16310837812733633,0.17234612346554976,0.13,238.034,2.27,0.0,0.0
2015-07-08,1038.5999755859375,1038.5999755859375,1019.2999877929688,1036.0999755859375,42,29.733200979688746,-15.486028649348782,-13.328084138934788,-2.1579445104139943,6.687982984918081,-0.08436493498478233,1077.835250470838,1103.2827073995009,-1,0.0496365892572239,-0.004802612733888489,-0.03940293061559952,-0.06472293742723223,0.1593880677892826,0.17055887571691786,0.13,238.034,2.22,1.0,0.0
2015-07-09,1035.5,1035.5,1022.4000244140624,1022.4000244140624,15,26.69693120459796,-18.01483274862676,-14.265433860873182,-3.7493988877535767,7.387349665461257,-0.1458631231943707,1072.5557051320975,1100.1108374785033,-1,0.01771165426850868,-0.013222615089945822,-0.05934308450749315,-0.0828024856920272,0.15892805653417041,0.17212772669467727,0.13,238.034,2.32,1.0,0.0
2015-07-10,1031.0999755859375,1037.0,1031.0999755859375,1032.300048828125,21,32.093433795135084,-19.00104674496083,-15.212556437690713,-3.788490307270118,7.6352388619068385,0.03848055707134069,1068.7218331031477,1097.451590864763,-1,0.024765611179904473,0.009683122239493525,-0.04734212616613709,-0.06553806965135422,0.16528719305368622,0.173602488650275,0.13,238.034,2.42,1.0,0.0
2015-07-13,1036.0,1036.0,1036.0,1036.0,38,34.047616386244854,-19.26203258313626,-16.022451666779823,-3.239580916356438,7.785639489616003,0.12695006363163633,1065.605468045705,1095.0417245563408,-1,0.04471377301876801,0.003584181920823548,-0.028051434214478865,-0.055003234646009425,0.16625716496522933,0.1737591444096645,0.13,238.034,2.44,0.0,0.0
2015-07-14,1033.5,1034.5999755859375,1025.9000244140625,1027.9000244140625,30,31.884381084843554,-19.893150222942268,-16.796591378012312,-3.0965588449299553,8.201277663446486,0.0866337983191574,1062.01447341412,1092.408716707624,-1,0.03524229074889868,-0.007818509252835448,-0.01267885071695063,-0.05549942268136521,0.1664558458867908,0.17315668208812518,0.13,238.034,2.41,0.0,0.0
2015-07-15,1030.0,1030.0,1021.5999755859376,1021.5999755859376,1,30.27328484327289,-20.663481041296563,-17.569969310669165,-3.093511730627398,8.802257845743812,0.07734867114189416,1058.1654736209598,1089.631903330303,-1,0.0011746740279572419,-0.00612904823279492,-0.01399478847762714,-0.053635965182086465,0.1657747823533587,0.1708894913472549,0.13,238.034,2.36,0.0,0.0
2015-07-16,1013.2000122070312,1013.2000122070312,1011.7999877929688,1012.0999755859376,19,27.977570413703575,-21.789370075149236,-18.41384946356518,-3.3755206115840544,9.63569000064032,0.04919667249177721,1053.77828333191,1086.591435575622,-1,0.022320117474302497,-0.00929913882833766,-0.010074382416048633,-0.05622906327428667,0.16690058033201985,0.17120696017267287,0.13,238.034,2.36,1.0,0.0
2015-07-17,999.4000244140624,1001.0,998.0999755859376,1001.0,16,25.540485983354415,-23.30863309627489,-19.392806190107123,-3.9158269061677657,10.503307702439054,0.021378282541434125,1048.7517801574425,1083.2349086903034,-1,0.018800305504964455,-0.010967271864137262,-0.030320689090015063,-0.07528868360277141,0.16266934034033584,0.16845401510433258,0.13,238.034,2.34,1.0,0.0
2015-07-20,974.2000122070312,990.2000122070312,974.2000122070312,990.2000122070312,70,23.404286039165655,-25.094850921424722,-20.533215136370643,-4.561635785054079,11.395162849220497,0.0067528038630739265,1043.1754213050224,1079.586481377234,-1,0.08191445790181967,-0.010789198594374327,-0.04420848242564546,-0.08863321471971353,0.1618407366258977,0.1686226432140621,0.13,238.034,2.38,1.0,0.0
2015-07-21,985.4000244140624,986.0,979.2000122070312,986.0,9,22.612208505097882,-26.54337183318364,-21.735246475733245,-4.808125357450397,12.532162009031456,0.046207818103131834,1037.7301430854964,1075.9164232840092,-1,0.010526315789473684,-0.004241579635683834,-0.0407627428921864,-0.07007455003915508,0.14401900424900138,0.1669053563783221,0.13,238.034,2.35,1.0,0.0
2015-07-22,971.4000244140624,981.5999755859376,970.0,981.5999755859376,19,21.780577069633907,-27.726763420063094,-22.933549864599215,-4.793213555463879,13.499870638867966,0.07615128628012513,1032.3844128474432,1072.2177390605555,-1,0.022197558268590455,-0.004462499405742837,-0.03915426875089545,-0.08020987584561023,0.13897168016441125,0.15432842995861176,0.13,238.034,2.33,2.0,0.0
2015-07-23,982.7999877929688,982.7999877929688,982.7999877929688,982.7999877929688,8,22.61647202162932,-28.242220089335774,-23.99528390954653,-4.246936179789245,14.073064939004995,0.13114218770929814,1027.662086651779,1068.7111605794737,-1,0.009341974659893735,0.0012225063537871783,-0.02894969716406337,-0.08500138708518568,0.13485090230641913,0.15389007989032594,0.13,238.034,2.28,1.0,0.0
2015-07-24,981.0999755859376,982.4000244140624,981.0999755859376,982.4000244140624,1,22.530051174078253,-28.356125155723248,-24.867452158781873,-3.488672996941375,14.189283547668886,0.164336431317247,1023.3514140577107,1065.3264101416144,-1,0.0011682242990654205,-0.0004069631500551729,-0.01858139419174587,-0.09372691474717487,0.12601857364023203,0.1535830336462623,0.13,238.034,2.27,1.0,0.0
2015-07-27,989.7000122070312,990.5,979.7999877929688,990.5,19,28.48957024937451,-27.476068392838442,-25.38917540559319,-2.0868929872452533,13.9446660417757,0.2449978959127454,1020.2227079569764,1062.3920411164531,-1,0.06143896523848019,0.008245088950164403,0.0003029567655732368,-0.08346437979761656,0.1343032329017467,0.15194658245224207,0.13,238.034,2.23,1.0,0.0
2015-07-28,987.7999877929688,987.7999877929688,987.7999877929688,987.7999877929688,14,27.723973430507954,-26.688833231676654,-25.649106970809882,-1.0397262608667717,13.491629677010197,0.24958363103582912,1017.1348298461185,1059.4668625547479,-1,0.36988110964332893,-0.0027259083362254355,0.0018255454289743955,-0.08655449834283968,0.13316406463774924,0.15119355404684598,0.13,238.034,2.26,1.0,1.0
2015-07-29,984.4000244140624,984.4000244140624,984.4000244140624,984.4000244140624,10,26.749168529499244,-26.039129449235702,-25.727111466495046,-0.31201798274065595,12.921055419353841,0.24727852099220674,1014.0172293287798,1056.5230649806033,-1,0.3129890453834116,-0.0034419552752807947,0.0028525355519222195,-0.08733539152984127,0.13303386696111813,0.14483773699238717,0.13,238.034,2.29,1.0,1.0
2015-07-30,988.2999877929688,988.5999755859376,982.0999755859376,988.5999755859376,5,30.022394535187544,-24.89832121339316,-25.56135341587467,0.6630322024815101,11.573864033211578,0.2942584172592464,1011.5965384961281,1053.8594144161066,-1,0.18148820326678766,0.00426650860190203,0.005901493554139714,-0.09044074580927308,0.1293762107275309,0.14551061548225686,0.13,238.034,2.28,1.0,1.0
2015-07-31,984.0,984.0,984.0,984.0,0,28.51926064954354,-24.087733654122417,-25.26662946352422,1.178895809401805,9.913978625242688,0.262428179168261,1008.9682967345921,1051.1198295370436,-1,0.0,-0.004653020129007368,0.0016286396031921502,-0.09191581564228124,0.12922171167052754,0.1454689655711268,0.13,238.034,2.2,1.0,1.0
2015-08-03,980.0,980.0,966.5999755859376,966.5999755859376,2,23.68800667492505,-24.5661899794153,-25.12654156670244,0.5603515872871405,9.049101445746894,0.10139568923051072,1004.9332185299583,1047.8053254605297,-1,0.09615384615384615,-0.01768295164030731,-0.024129252311017035,-0.09316075293525883,0.13094221137755396,0.14818396237798645,0.14,238.033,2.16,1.0,1.0
2015-08-04,958.0,958.0,958.0,958.0,2,21.72876217309701,-25.347130281250543,-25.170659309612063,-0.17647097163848002,9.170189286880852,0.05648320952755685,1000.4633881937717,1044.2835479914893,-1,0.11730205278592375,-0.008897140288798844,-0.03016803822760772,-0.07981940018696887,0.11228254439287534,0.14645302315420625,0.14,238.033,2.23,1.0,1.0
2015-08-05,950.5,950.5,950.5,950.5,0,20.162537582791103,-26.268412508827964,-25.390209949455244,-0.8782025593727205,9.44542465610326,0.03326883391442384,995.7049702705553,1040.6057617957447,-1,0.0,-0.007828810020876875,-0.03443724458889608,-0.08261748634587973,0.11303600049023256,0.14494131636955188,0.14,238.033,2.28,1.0,1.0
2015-08-06,955.5999755859376,955.5999755859376,955.5999755859376,955.5999755859376,0,24.16546396354279,-26.28402403629866,-25.56897276682393,-0.7150512694747313,9.685406862050815,0.13123231062775495,991.8854469672584,1037.272201552223,-1,0.0,0.00536557136868776,-0.03338053895908821,-0.06533650942194358,0.11274042788433186,0.14495061407263835,0.14,238.033,2.23,2.0,1.0
2015-08-07,961.7999877929688,961.7999877929688,961.7999877929688,961.7999877929688,2,28.83674315413215,-25.50213438419712,-25.55560509029857,0.053470706101450105,9.243086846648263,0.21875484424800729,989.0201651411356,1034.3125068949973,-1,0.1509433962264151,0.006488083262276678,-0.022560988015275618,-0.06829415644723491,0.10836404649452215,0.1413450817016789,0.14,238.033,2.18,1.0,1.0
2015-08-10,988.9000244140624,988.9000244140624,988.9000244140624,988.9000244140624,0,44.832766033361075,-22.43709387919614,-24.931902848078085,2.4948089688819444,8.095129586669508,0.5474633480141261,989.0087231671287,1032.5316252290784,-1,0.0,0.028176374469789378,0.023070607688156386,-0.045463296897623184,0.15393554953534683,0.15259057710712545,0.14,238.033,2.24,0.0,1.0
2015-08-11,991.4000244140624,991.4000244140624,991.4000244140624,991.4000244140624,0,46.03780372856275,-19.58058529118466,-23.8616393366994,4.28105404551474,7.09956666752806,0.6161739872400948,989.2364661430271,1030.9186212755483,-1,0.0,0.002528061420042249,0.03486432611071222,-0.03550928994364633,0.15340272707424157,0.1519709364582391,0.14,238.033,2.15,0.0,1.0
2015-08-12,998.5999755859376,998.5999755859376,998.5999755859376,998.5999755859376,0,49.46165332846504,-16.54508433483022,-22.398328336325566,5.853244001495344,6.330436593092073,0.7647416203981642,990.1282289471138,1029.6512234053675,-1,0.0,0.007262407700797224,0.05060491908041831,-0.022513704531764822,0.15571959335688698,0.1517436712766436,0.14,238.033,2.14,0.0,1.0
2015-08-13,998.7000122070312,998.7000122070312,993.7000122070312,993.7000122070312,2,47.263785698685155,-14.369175144723613,-20.792497698005178,6.423322553281565,5.801812963014196,0.7192224155800048,990.4683987813917,1028.241371985825,-1,0.223463687150838,-0.004906833064993066,0.03987027793479392,-0.01817998599224746,0.1534029134059748,0.14540279490873936,0.14,238.033,2.19,0.0,1.0
2015-08-14,992.7000122070312,992.7000122070312,992.7000122070312,992.7000122070312,0,46.80666336931086,-12.58042378330424,-19.150082915064992,6.569659131760751,5.612769269918193,0.716075276013767,990.6809333933573,1026.8475931709704,-1,0.0,-0.001006339929270017,0.032127287176378916,-0.008291696096871859,0.14869491621623826,0.14456423383585187,0.14,238.033,2.2,0.0,1.0
2015-08-17,997.9000244140624,999.5,997.9000244140624,999.5,1,50.324979073384426,-10.493164587501724,-17.41869924955234,6.925534662050616,5.797226675137865,0.8204630115676674,991.5208444987519,1025.7751385368147,-1,0.2127659574468085,0.006849992655737491,0.010718955732879287,0.009392029568087157,0.1454494995280876,0.1458052587446298,0.14,238.033,2.16,0.0,1.0
2015-08-18,992.9000244140624,992.9000244140624,992.9000244140624,992.9000244140624,0,47.0707538504244,-9.264761109469077,-15.787911621535688,6.523150512066611,5.873812635183634,0.695722723956623,991.6521949668767,1024.4859183751382,-1,0.0,-0.006603277224549897,0.0015130118651009994,0.006997996363146353,0.14670986595542096,0.14605985525106152,0.14,238.033,2.2,0.0,1.0
2015-08-19,1011.9000244140624,1011.9000244140624,1011.9000244140624,1011.9000244140624,3,55.909742809369256,-6.681085893238787,-13.966546475876308,7.285460582637521,6.4503417575110396,0.9536767549417802,993.5805596761325,1023.9923539060765,-1,0.8695652173913043,0.01913586416841162,0.013318695326745678,0.030868021171290394,0.1595092591278416,0.14696992414617988,0.14,238.033,2.12,0.0,1.0
2015-08-20,1034.0,1034.0,1034.0,1034.0,1,63.53719993746914,-2.817740182576358,-11.736785217216319,8.91904503463996,7.849741425936902,1.1243689721221324,997.4300301831674,1024.3848106156422,-1,0.3225806451612903,0.021840078123068096,0.0405554868651572,0.05209606516378673,0.17469092497180846,0.1544369834579474,0.14,238.033,2.09,0.0,1.0
2015-08-21,1026.5,1026.5,1026.5,1026.5,1,59.7589207874353,-0.35708197413623566,-9.460844568600303,9.103762594464067,8.608717399645533,0.9539356627953548,1000.1985987371515,1024.4677592189503,-1,0.3225806451612903,-0.007253384912959349,0.034048541731980686,0.04489003917954948,0.1779022550598433,0.15490680317865416,0.14,238.033,2.05,0.0,1.0
2015-08-24,990.9000244140624,990.9000244140624,990.9000244140624,990.9000244140624,0,45.82824176761876,-1.265030638491453,-7.821681782578533,6.5566511440870805,8.609607654002366,0.535094946997436,999.3130202301907,1023.1513774618959,-1,0.0,-0.03468093091664648,-0.008604277724799991,0.00040386109445966767,0.22035755671543444,0.16971048872969982,0.14,238.033,2.01,0.0,1.0
2015-08-25,976.0999755859376,976.0999755859376,976.0999755859376,976.0999755859376,0,41.49725333815757,-3.1426008018281664,-6.88586558642846,3.743264784600294,8.677703338066557,0.3689268797161631,997.1022540735952,1021.3062244471524,-1,0.0,-0.01493596575181877,-0.01692018170514087,-0.011844515439985326,0.22664549466198353,0.17158222776533472,0.14,238.033,2.12,0.0,1.0
2015-08-26,973.4000244140624,980.2000122070312,973.4000244140624,980.2000122070312,2,43.10147403265742,-4.250749993622094,-6.358842467867188,2.108092474245094,8.699093711864835,0.41941365776562994,995.49251675297,1019.6942161240105,-1,1.9047619047619047,0.004200426927203349,-0.03132721755332191,-0.004266570604293807,0.22699243471765454,0.1708649288532431,0.14,238.033,2.18,1.0,1.0
2015-08-27,1006.0,1006.0,1006.0,1006.0,2,52.017774471736566,-3.0123977701626927,-5.6895535283262895,2.6771557581635967,8.849880423653241,0.705979358520548,996.4932294431634,1019.157188040716,-1,2.2222222222222223,0.026321146165747544,-0.027079303675048405,0.017600672510384774,0.24504693457012888,0.17983883929924122,0.14,238.033,2.18,1.0,1.0
2015-08-28,1008.2999877929688,1021.2999877929688,1008.2999877929688,1021.2999877929688,2,56.38289995589665,-0.7873376256181928,-4.70911034778467,3.9217727221664775,9.294454703872246,0.8417872894895098,998.8557778574306,1019.2412194035495,-1,2.0,0.01520873538068468,-0.005065769320049873,0.03790649165952109,0.24912892517355628,0.18292354272190955,0.14,238.033,2.19,1.0,1.0
2015-08-31,1010.0999755859376,1010.0999755859376,1010.0999755859376,1010.0999755859376,0,52.60982609892272,0.07146735573610385,-3.7529948070805155,3.8244621628166193,9.174693105164135,0.6985368692546375,999.9266538315741,1018.8827392538393,-1,0.0,-0.010966427436501225,0.019376274799496995,0.04500310479899494,0.24308259400563098,0.18368346450869144,0.14,238.033,2.21,1.0,1.0
2015-09-01,1007.5999755859376,1007.5999755859376,1007.5999755859376,1007.5999755859376,0,51.77693082747963,0.5440756191250102,-2.8935807218394105,3.4376563409644207,8.680709434241873,0.6516262667346417,1000.6574463796087,1018.4402779335295,-1,0.0,-0.002475002534823134,0.03227128448711514,0.051774504786991304,0.24022180282568192,0.18258346892192354,0.14,237.498,2.17,1.0,1.0
2015-09-02,1012.7999877929688,1012.7999877929688,1012.7999877929688,1012.7999877929688,0,53.428485406161215,1.3229682451999452,-2.0502709284315395,3.3732391736314846,7.774638127130684,0.6956504462386065,1001.8138788951668,1018.2190900848801,-1,0.0,0.0051607903265451505,0.03325849334824538,0.06554443744657412,0.2371826322703318,0.1823311841082881,0.14,237.498,2.2,1.0,1.0
2015-09-03,1014.0,1014.0,1009.2999877929688,1009.2999877929688,1,52.13426075684139,1.638932915256305,-1.3124301596939707,2.951363074950276,6.777749186516932,0.6325986090287202,1002.5268416473384,1017.8693213675502,-1,1.1764705882352942,-0.003455766234384483,0.0032803059572255044,0.056195074904752174,0.23817075969082746,0.18166196891032632,0.14,237.498,2.18,1.0,1.0
2015-09-04,991.5999755859376,991.5999755859376,991.5999755859376,991.5999755859376,1,46.05805337894079,0.4558394987537895,-0.9587762280044188,1.4146157267582082,5.85068892939868,0.3259743855521818,1001.4861877367288,1016.839150944742,-1,1.25,-0.017536919073719237,-0.029080595869988124,0.030983560169667523,0.2483689179948792,0.1840192366994625,0.14,237.498,2.13,1.0,1.0
2015-09-08,989.7999877929688,1002.0999755859376,989.7999877929688,1002.0999755859376,1,49.79612024065844,0.3613265428188015,-0.6947556738397748,1.0560822166585764,5.7264400650348675,0.49372841610561163,1001.5446437223677,1016.2611440679261,-1,1.1764705882352942,0.010588947416820593,-0.007920008111434118,0.013348114921623466,0.23112549947642347,0.18532130428422014,0.14,237.498,2.2,1.0,1.0
2015-09-09,980.4000244140624,980.4000244140624,980.4000244140624,980.4000244140624,0,43.142209447562784,-1.447889986713676,-0.8453825364145551,-0.602507450299121,5.973555568121721,0.14059985339969894,999.5308704549101,1014.8548256501276,-1,0.0,-0.021654477298222674,-0.0269947914161649,-0.011095420344074736,0.24438740149770016,0.1896325282369396,0.14,237.498,2.21,1.0,1.0
2015-09-10,983.0,983.0,983.0,983.0,5,44.105910972446374,-2.641461694030909,-1.2045983679378258,-1.436863326093083,6.197472424825996,0.20779159977736558,997.9565018401568,1013.605616801103,-1,4.545454545454545,0.00265195381598593,-0.029423369028575008,-0.01562184655250387,0.2429853882807846,0.1893692675060315,0.14,237.498,2.23,1.0,1.0
2015-09-11,979.4000244140624,979.4000244140624,965.2000122070312,965.2000122070312,6,39.2064810623783,-4.9664361411512346,-1.9569659225805076,-3.009470218570727,6.934338972218416,0.002257263058339645,994.8368361608115,1011.7073577974139,-1,4.615384615384615,-0.018107820745644765,-0.043693625403058545,-0.02868068798419432,0.25050508727183374,0.19218651307673004,0.14,237.498,2.2,2.0,1.0
2015-09-14,955.7000122070312,955.7000122070312,955.7000122070312,955.7000122070312,1,36.85351199673779,-7.489234512642611,-3.063419640592928,-4.425814872049683,7.929533292426502,-0.03276279807752991,991.1095195937847,1009.5109913036734,-1,0.7407407407407407,-0.009842519560559482,-0.036204078522383054,-0.03727208577114782,0.252273143411436,0.19147564230086034,0.14,237.498,2.18,2.0,1.0
2015-09-15,958.2999877929688,958.2999877929688,958.2999877929688,958.2999877929688,0,37.95105886738745,-9.173033081597964,-4.285342328793935,-4.887690752804029,8.663376216909072,0.06537333934893284,987.9848022794213,1007.5027166561948,-1,0.0,0.0027204934108280288,-0.0437082016366267,-0.041220622518290395,0.25080526140610926,0.1913610274087425,0.14,237.498,2.28,2.0,1.0
2015-09-16,975.7999877929688,975.7999877929688,975.7999877929688,975.7999877929688,0,44.89375496640385,-8.991701099080387,-5.226614082851226,-3.7650870162291614,8.844674623624663,0.28249793889551106,986.824343756902,1006.2594723870487,-1,0.0,0.0182615049806103,-0.0046919997006761305,-0.017222314634532165,0.26007621846399875,0.19001091628710945,0.14,237.498,2.3,2.0,1.0
2015-09-17,968.5,968.5,968.5,968.5,0,42.745183823878186,-9.329497562369397,-6.04719077875486,-3.282306783614537,9.008093586439738,0.22861355213732726,985.0791681610066,1004.7787087640272,-1,0.0,-0.007481028780784937,-0.014750762970498488,-0.042889636690337074,0.25009581083160953,0.18969938741185613,0.14,237.498,2.21,1.0,1.0
2015-09-18,984.5,984.5,984.5,984.5,1,48.55652816367745,-8.21148057420703,-6.480048737845294,-1.731431836361736,8.200196195960633,0.4286384545418999,985.0240092885298,1003.983465283085,-1,0.8695652173913044,0.01652039235931846,0.019995842881142645,-0.0478723404255319,0.24412367268260413,0.19257596906673707,0.14,237.498,2.13,1.0,1.0
2015-09-21,973.7999877929688,973.7999877929688,973.7999877929688,973.7999877929688,0,45.248865198460834,-8.095525439606945,-6.803144078197625,-1.29238136140932,7.6121590192808615,0.3156478845287805,983.9550548603811,1002.7997994991589,-1,0.0,-0.010868473547009927,0.018938971805743332,-0.05133951505799439,0.2454204146853119,0.1922445435581133,0.14,237.498,2.2,1.0,1.0
2015-09-22,937.5999755859376,937.5999755859376,937.5999755859376,937.5999755859376,0,36.25160981300157,-10.800170961041317,-7.602549454766364,-3.1976215062749533,8.812754426412999,-0.04599289061849053,979.5402854056722,1000.2429436594248,-1,0.0,-0.03717397069297079,-0.021600764343850942,-0.05378953225845573,0.2501117080080491,0.20598477295737477,0.14,237.498,2.14,1.0,1.0
2015-09-23,932.5,932.5,932.5,932.5,0,35.189998191624554,-13.202952017897474,-8.722629967392587,-4.480322050504887,9.969481013328432,-0.013514954132878317,975.0602582241796,997.5863576335651,-1,0.0,-0.0054393938979685474,-0.04437383514515425,-0.04466753065920859,0.24614908257936402,0.20598289177096146,0.14,237.498,2.16,1.0,1.0
2015-09-24,952.5,955.9000244140624,952.5,955.9000244140624,1,43.382589101328136,-13.06834318305448,-9.591772610524966,-3.476570572529514,10.263988879709986,0.24491678165976194,973.2354740517875,995.9515994680944,-1,0.9523809523809523,0.025093859961460963,-0.013009783774845185,-0.02479084624601735,0.2635719066184246,0.2134195542713426,0.14,237.498,2.13,1.0,0.0
2015-09-25,951.2000122070312,951.2000122070312,951.2000122070312,951.2000122070312,0,42.22794913952632,-13.18888318158099,-10.311194724736172,-2.877688456844819,10.364923849992765,0.22737529876511062,971.1368586380012,994.1966352617783,-1,0.0,-0.004916844949253041,-0.033824263883157735,-0.05447314889957133,0.24326335682622055,0.21253903159475418,0.14,237.498,2.17,1.0,0.0
2015-09-28,926.0999755859376,926.0999755859376,926.0999755859376,926.0999755859376,12586,36.62217827725035,-15.1353048119488,-11.276016742178697,-3.859288069770102,10.6276452707839,0.0363387386833653,966.8476316806618,991.5261780195884,-1,19.973022296278664,-0.026387758935005667,-0.04898337728996993,-0.09321454356692838,0.24773274533222325,0.21839837852556604,0.14,237.498,2.1,1.0,0.0
2015-09-29,917.7999877929688,921.4000244140624,899.5,917.0999755859376,5690,34.836423771179554,-17.205745635605126,-12.461962520863985,-4.743783114741142,11.26836833149737,0.020785013542893024,962.1097596716405,988.6075034143472,-1,6.220958836713497,-0.009718173239671835,-0.02186433504031271,-0.09207009429542123,0.247358669365077,0.21701011187263047,0.14,237.498,2.05,1.0,0.0
2015-09-30,915.7000122070312,925.2000122070312,906.7000122070312,907.2000122070312,914,32.9340390870087,-19.42154967712213,-13.853879952115614,-5.567669725006516,12.032362836620285,0.006823934114558537,956.8802599131063,985.4150527787663,-1,0.951736346123809,-0.010794857313763728,-0.027131354201575086,-0.0996426814327005,0.24808826279768512,0.2132827768140726,0.14,237.498,2.06,1.0,1.0
2015-10-01,910.5,913.4000244140624,900.0,903.2000122070312,65,32.169636727014364,-21.255338602218103,-15.334171682136112,-5.9211669200819905,12.38845421756867,0.030720405311540085,951.7678553696707,982.190933540659,-1,0.06745537567455376,-0.004409171016509172,-0.05513130124600074,-0.10821482711978603,0.24507725356904753,0.21326436978265356,0.12,237.733,2.05,0.0,1.0
2015-10-02,899.4000244140625,913.7000122070312,897.0999755859375,907.2999877929688,128,33.86405470493244,-22.122778156594904,-16.691892977027873,-5.430885179567031,12.317112680064305,0.10378512729658179,947.5328203623657,979.2540337074163,-1,0.1319655652353214,0.004539388319890536,-0.04615225383797361,-0.10106014191384549,0.24768422478451627,0.2124583682750757,0.12,237.733,1.99,0.0,1.0
2015-10-05,914.2999877929688,926.0999755859376,906.4000244140624,911.0999755859376,253,35.472935726685364,-22.247151679740455,-17.80294471757039,-4.444206962170064,12.39741103207435,0.17113544273645248,944.0630256217535,976.5813255457897,-1,0.25749325734059336,0.0041882374562931535,-0.016196955399453095,-0.08118193019562392,0.24535856851599314,0.21147486819501957,0.12,237.733,2.07,0.0,1.0
2015-10-06,917.4000244140624,938.7000122070312,917.4000244140624,933.0,42,43.937521973761015,-20.34405603459038,-18.31116698097439,-2.032889053615989,11.437080459488445,0.37647490186530747,943.0094041339675,974.8722539557588,-1,0.042656916514320534,0.024036905938866093,0.017337285832881966,-0.06895517140945362,0.25996293271243165,0.21773020436856597,0.12,237.733,2.05,0.0,0.0
2015-10-07,935.0,952.5999755859376,935.0,944.5,62,47.80917072545745,-17.70380667118684,-18.189694919016883,0.4858882478300437,10.971533129574398,0.4992763312364191,943.1513656450181,973.68118517318,-1,0.06277209679052344,0.012325830653804992,0.0411155062732258,-0.03661773104862798,0.25627498043120034,0.21921494745496337,0.12,237.733,2.08,0.0,0.0
2015-10-08,938.2999877929688,953.2999877929688,935.4000244140624,953.2999877929688,43,50.61944396732483,-14.731489121831146,-17.498053759579737,2.7665646377485906,10.38082507245897,0.6042894477324178,944.1179010876801,972.8819225308188,-1,0.04345189975747777,0.009317086069845049,0.05546941420374285,-0.030213644157712327,0.25888849867699865,0.22006809094471413,0.12,237.733,2.12,0.0,0.0
2015-10-09,966.5,980.2000122070312,966.5,979.5,20,57.88965842938689,-10.144840619389583,-16.027411131541708,5.882570512152125,10.724836776850909,0.852642356649185,947.4876247936154,973.1414549805907,-1,0.020195900232252855,0.027483491600255094,0.07957678075435637,0.014815569428216602,0.2698604865372872,0.22685107438780144,0.12,237.733,2.12,0.0,0.0
2015-10-12,980.7000122070312,999.0,980.7000122070312,994.5999755859376,47,61.41550568349095,-5.2311454141040485,-13.868157988054177,8.637012573950129,11.648358416255086,0.9434282245400109,951.9745153452651,973.982965592565,-1,0.047350392907515616,0.015416003660987831,0.09164746157116332,0.04070311068540566,0.271512488269123,0.22806793920267138,0.12,237.733,2.12,0.0,0.0
2015-10-13,995.0999755859376,995.0999755859376,989.7000122070312,991.5,4,60.29927607078982,-1.5690615203612879,-11.4083386945156,9.839277174154311,12.32758095650767,0.8775064077995498,955.7388472171447,974.6699081183468,-1,0.004029008863819501,-0.00311680641668155,0.06270096463022501,0.034644696472858394,0.2720969002131594,0.22706122530656123,0.12,237.733,2.06,0.0,0.0
2015-10-14,994.2000122070312,998.2999877929688,994.2000122070312,994.2000122070312,61,60.964740303811084,1.533359159574843,-8.819999123697512,10.353358283272355,12.799579712870083,0.8778972219131541,959.4018153114196,975.4357945531972,-1,0.06125420495054476,0.0027231590590330867,0.05262044701644397,0.01885634827243554,0.2651962071389551,0.22695034030680472,0.12,237.733,1.99,0.0,0.0
2015-10-15,998.7999877929688,1005.5999755859376,998.7999877929688,1005.5999755859376,42,63.729173834585374,4.855955242063487,-6.084808250545312,10.940763492608799,13.712683915718996,0.9253011491716936,963.801640099469,976.6187036133047,-1,0.042086276867578536,0.01146646875772972,0.05486204601140421,0.03830663457505179,0.2657057075812861,0.22790254110507788,0.12,237.733,2.04,0.0,0.0
2015-10-16,1014.9000244140624,1021.9000244140624,1014.9000244140624,1021.2999877929688,133,67.17673568466657,8.656212915889569,-3.1366040172583363,11.792816933147904,14.8647071127137,0.9895215208485626,969.2776732131356,978.3709108360366,-1,0.13239759096112688,0.015612582128279318,0.04267482163651737,0.03737936799692099,0.26507695314336116,0.2299884943976086,0.12,237.733,2.04,0.0,0.0
2015-10-19,1013.4000244140624,1013.4000244140624,1013.4000244140624,1013.4000244140624,0,63.886165113725326,10.904779964405975,-0.3283272209254741,11.233107185331448,15.75745166634079,0.8951058535168188,973.4798018989381,979.7446015645867,-1,0.0,-0.007735203635885868,0.01890212074160691,0.04066547249691754,0.26328898641487863,0.2306251320391075,0.12,237.733,2.04,0.0,0.0
2015-10-20,1020.5,1020.5,1018.9000244140624,1018.9000244140624,4,65.16549984681394,12.980953236441337,2.3335288705478883,10.64742436589345,16.663530000732496,0.8810252490399693,977.8055373765691,981.2801083429976,-1,0.003981089823339139,0.0054272743906633725,0.02763492124464184,0.08671080518887342,0.21712645251358412,0.23029745387033754,0.12,237.733,2.08,0.0,0.0
2015-10-21,1020.7999877929688,1020.7999877929688,1006.0,1006.0,10,59.81342950157247,13.430591849746747,4.552941466387661,8.877650383359086,16.953861163108215,0.7714149741993185,980.4907242930863,982.2495158589585,-1,0.009947774185525988,-0.012660736190953314,0.011868826843779434,0.07882037533512065,0.2228700972678156,0.23180092643283234,0.12,237.733,2.04,0.0,0.0
2015-10-22,1012.2000122070312,1012.2000122070312,1012.2000122070312,1012.2000122070312,14,61.452099516860265,14.124405505179425,6.467234274146014,7.657171231033411,17.492608369375347,0.7823501783698249,983.5106564753668,983.4240451275103,1,0.013917884481558803,0.0061630340030132125,0.00656328239989068,0.058897359927863935,0.20897378601051828,0.2319712259475667,0.12,237.733,2.04,0.0,0.0
2015-10-23,1015.2000122070312,1015.2000122070312,1000.0,1000.0,1,56.56438288963773,13.533809469357266,7.880549313188265,5.653260156169001,17.681878081437848,0.6930008028466182,985.0810701443795,984.0740825734904,1,0.0009940851931010486,-0.01205296587621052,-0.02085576035205683,0.051303602992750275,0.21403277482599267,0.23325337770400642,0.12,237.733,2.09,0.0,0.0
2015-10-26,995.7999877929688,995.7999877929688,995.7999877929688,995.7999877929688,0,54.94419247108539,12.58181662170648,8.820802774891908,3.7610138468145724,17.3545547386341,0.6503057041354666,986.1019194442451,984.5339219938621,1,0.0,-0.004200012207031256,-0.017367314186981342,0.07526186593724105,0.18635440107643148,0.23321478658442402,0.12,237.733,2.07,0.0,1.0
2015-10-27,988.4000244140624,988.4000244140624,987.5,988.4000244140624,12,52.11198958025088,11.1022602849539,9.277094276904306,1.8251660080495942,16.598560921954707,0.5887566603129567,986.3207865842278,984.6855338534779,1,0.1293800539083558,-0.007431174402107832,-0.029934242093614283,0.07774512128033906,0.18432425720279466,0.23074211560107624,0.12,237.733,2.05,0.0,1.0
2015-10-28,1001.0,1011.0,1001.0,1011.0,9,59.05388889408872,11.619389295379847,9.745553280599415,1.8738360147804318,15.563168450313974,0.7083979003348994,988.6711878619204,985.7174737023611,1,0.18947368421052632,0.022865211480883163,0.00497017892644136,0.11441797442269075,0.18742107527253235,0.23433486781405205,0.12,237.733,2.1,0.0,1.0
2015-10-29,991.7999877929688,991.7999877929688,991.7999877929688,991.7999877929688,0,52.13889842564516,10.360507753752245,9.868544175229982,0.49196357852226313,13.794544801322056,0.5599146727625104,988.9691688077346,985.9560036666986,1,0.0,-0.01899110999706355,-0.020154143615925935,0.09809563151957601,0.20425300301616592,0.23726954957480215,0.12,237.733,2.19,0.0,1.0
2015-10-30,990.2000122070312,990.2000122070312,986.7000122070312,988.5999755859376,12,51.06563426508255,9.000864458141223,9.695008231812231,-0.6941437736710085,11.763961877161885,0.5074440798833049,988.9340075485159,986.0596888400022,1,0.3120936280884265,-0.003226469294632772,-0.011400024414062404,0.08960651260531072,0.20617715028071204,0.23720427677148284,0.12,237.733,2.16,0.0,1.0
2015-11-02,978.4000244140624,978.4000244140624,978.4000244140624,978.4000244140624,6,47.695455645431494,7.019371589371758,9.159880903324137,-2.1405093139523785,9.406750307022072,0.36377845750152277,987.9307710595203,985.7593098429065,1,0.22988505747126436,-0.010317571741623621,-0.01747335166921482,0.07386681004446682,0.21264920588229652,0.23792404666581485,0.12,238.017,2.2,0.0,1.0
2015-11-03,961.2000122070312,961.2000122070312,961.2000122070312,961.2000122070312,10,42.59091669581828,4.014846327075475,8.130873988074404,-4.116027660998929,8.231599012948564,0.11676619698872664,985.3849845021405,984.7962001316957,1,0.40816326530612246,-0.0175797340329501,-0.0275192346571983,0.030225093469486763,0.21139785593825305,0.23370286457419473,0.12,238.017,2.23,0.0,1.0
2015-11-04,954.0999755859376,954.0999755859376,954.0999755859376,954.0999755859376,1,40.65660206835412,1.048735621006017,6.7144463146607265,-5.6657106936547095,7.805463730029767,-0.0017583682405753684,982.4054598434545,983.5924266200974,-1,0.046620046620046623,-0.007386638088768938,-0.05628093413853852,0.01016408214498421,0.2096373997532704,0.2340456057392146,0.12,238.017,2.25,0.0,1.0
2015-11-05,952.4000244140624,952.4000244140624,952.4000244140624,952.4000244140624,0,40.186008976999034,-1.4227003318875404,5.087016985351073,-6.509717317238613,7.843257777215406,-0.020613437837652498,979.5477993263696,982.3691951610373,-1,0.0,-0.0017817327485322165,-0.039725714724580974,-0.0009440505511700836,0.20716306303850074,0.23347857244889492,0.12,238.017,2.26,0.0,1.0
2015-11-06,939.5999755859376,939.5999755859376,939.5999755859376,939.5999755859376,0,36.737844291429795,-4.363883958399356,3.196836796600987,-7.560720755000343,9.100918567998367,-0.06938193493722374,975.7432446844238,980.6919708639746,-1,0.0,-0.01343978212936281,-0.04956504269682793,-0.04073509383773599,0.18560385385511596,0.23479253103358108,0.12,238.017,2.34,0.0,1.0
2015-11-09,914.4000244140624,914.4000244140624,914.4000244140624,914.4000244140624,13,31.083130472484257,-8.628751748341415,0.8317190876125068,-9.460470835953922,11.35246494518321,-0.14743548400030712,969.9010332301036,978.0922866894682,-1,0.7831325301204819,-0.026819872101593534,-0.06541291741926103,-0.08063538421527505,0.19392499869440788,0.24087865014320117,0.12,238.017,2.36,0.0,1.0
2015-11-10,899.5,899.5,899.5,899.5,0,28.30861269354054,-13.060444964393923,-1.9467137227887794,-11.113731241605144,13.776519867688897,-0.11212307406012237,963.1961729224747,975.0102362310578,-1,0.0,-0.01629486440970973,-0.06419060697404755,-0.09278870398386285,0.19863604710926672,0.24221023789699075,0.12,238.017,2.32,0.0,1.0
2015-11-11,882.7999877929688,882.7999877929688,882.7999877929688,882.7999877929688,4,25.55528455164577,-17.715927005287767,-5.1005563792885775,-12.61537062599919,16.390903466299473,-0.0869405077065349,955.5393933863313,971.3941480570151,-1,0.2952029520295203,-0.018565883498645075,-0.07473010126552171,-0.11204991253899188,0.2023342879352847,0.2445119555040031,0.12,238.017,2.32,1.0,1.0
2015-11-12,875.7999877929688,875.7999877929688,875.7999877929688,875.7999877929688,7,24.480490066319234,-21.719898097096006,-8.424424722850064,-13.295473374245942,18.565530813877395,-0.02448792965157254,947.9451642822015,967.645357458425,-1,0.5932203389830508,-0.007929315922964864,-0.08042842782182802,-0.1290771588546804,0.1917165257291624,0.24087384123321692,0.12,238.017,2.32,1.0,1.0
2015-11-13,863.5,863.5,863.5,863.5,21,22.675815310972794,-25.590587886446542,-11.85765735556936,-13.732930530877182,20.386278632453074,-0.004038057433125498,939.9027676838966,963.5612257933888,-1,3.3870967741935485,-0.014044288609737166,-0.08099188757266773,-0.15450894906400114,0.17381216120206386,0.23675894931856983,0.12,238.017,2.28,2.0,1.0
2015-11-16,865.2999877929688,865.2999877929688,865.2999877929688,865.2999877929688,0,23.56384448532907,-28.187960200755583,-15.123717924606606,-13.064242276148978,21.73279303036092,0.0678766044488395,932.7977410276178,959.7078439110194,-1,0.0,0.002084525527468184,-0.05369645156402569,-0.1461417338199923,0.1777533312127976,0.23681409072540363,0.12,238.017,2.27,1.0,1.0
2015-11-17,854.5999755859375,854.5999755859375,854.5999755859375,854.5999755859375,0,21.95005495722431,-30.755270421350474,-18.25002842395538,-12.505241997395093,22.846839889825453,0.0738926078589119,925.3503347950768,955.5859667218006,-1,0.0,-0.012365667812295533,-0.04991664748645086,-0.1612523750037289,0.17119637290270917,0.22790262572630682,0.12,238.017,2.25,2.0,1.0
2015-11-18,847.5,847.5,847.5,847.5,0,20.925952864832396,-32.98258821446859,-21.196540382058025,-11.786047832410567,24.0213919738464,0.0949648588101051,917.9360171955457,951.3473013601614,-1,0.0,-0.008307952011196273,-0.03998639361246481,-0.15755467196819084,0.1705613741199311,0.22673267352811483,0.12,238.017,2.27,2.0,1.0
2015-11-19,857.5999755859375,857.5999755859375,857.5999755859375,857.5999755859375,0,26.200772445787848,-33.546071758181824,-23.666446657282787,-9.879625100899037,24.22552622555346,0.17408860644403704,912.1897275184401,947.6709356435252,-1,0.0,0.011917375322640034,-0.020781014456160984,-0.15273664765523876,0.17812124961321163,0.22821464575377198,0.12,238.017,2.24,2.0,1.0
2015-11-20,855.2999877929688,855.2999877929688,855.2999877929688,855.2999877929688,0,25.779046440887953,-33.78873086271608,-25.690903498369448,-8.097827364346632,24.40676646543857,0.19586127448833177,906.7716570683953,944.0485455317387,-1,0.0,-0.00268188882747733,-0.009496250384517957,-0.14470001220703121,0.17857431696134007,0.22051270850221621,0.12,238.017,2.26,1.0,1.0
2015-11-23,846.7999877929688,846.7999877929688,846.7999877929688,846.7999877929688,1,24.227035964455283,-34.27185431085309,-27.407093660866177,-6.864760649986909,24.53904217620655,0.19037248877802254,901.0600695183547,940.2348766008065,-1,0.20833333333333334,-0.009938033580397354,-0.02137986855539664,-0.1496284412798946,0.1782042436798726,0.21784052292586448,0.12,238.017,2.25,2.0,1.0
2015-11-24,840.5,840.5,840.5,840.5,0,23.116200545447057,-34.762370519392675,-28.87814903257148,-5.884221486821197,24.639058687078997,0.19400969392479217,895.2924438499399,936.3237049694023,-1,0.0,-0.007439758955817388,-0.016498918779245364,-0.14963579599437948,0.17820383102267162,0.21741060240914709,0.12,238.017,2.24,2.0,1.0
2015-11-25,842.5,842.5,842.5,842.5,12,24.30280020703465,-34.590981560050295,-30.020715538067243,-4.570266021983052,23.358296579318495,0.2237686895078091,890.2645920547076,932.6443439902101,-1,2.7586206896551726,0.002379535990481907,-0.005899705014749235,-0.16666666666666663,0.1429400265840109,0.21769390501536937,0.12,238.017,2.23,1.0,2.0
2015-11-27,850.5999755859375,853.2000122070312,832.2000122070312,833.0,19,22.524508515583264,-34.820337998627565,-30.98064003017931,-3.839697968448256,22.474612661289267,0.20257816456463804,884.8108213828307,928.7367226572608,-1,3.5849056603773586,-0.011275964391691429,-0.028684673841239405,-0.16011291565585006,0.13825734432331607,0.21768624038104384,0.12,238.017,2.22,1.0,2.0
2015-11-30,830.7000122070312,832.2999877929688,830.5,832.2999877929688,11,22.394475310885383,-34.65906167501248,-31.716324359145947,-2.942737315866534,21.090282146546873,0.218382519313663,879.8097896123677,924.9548899174846,-1,2.0952380952380953,-0.0008403507887529971,-0.02689114968813411,-0.15810235854024857,0.13976943087808552,0.21774199416013304,0.12,238.017,2.21,1.0,2.0
2015-12-01,835.5,844.5,835.4000244140625,835.4000244140625,6,24.47389394177263,-33.89043415055437,-32.15114631742763,-1.7392878331267383,19.390319934778237,0.25142476438467143,875.58028816491,921.4429344075465,-1,1.1428571428571428,0.0037246625814739698,-0.013462403806379641,-0.14615698735866112,0.14620683216360228,0.21607579778702135,0.24,237.761,2.15,1.0,2.0
2015-12-02,832.4000244140625,832.4000244140625,832.4000244140625,832.4000244140625,6,23.80903398048156,-33.141333564149136,-32.34918376677194,-0.7921497973771991,17.915992911581334,0.2510184248896786,871.4678820934007,917.9510555842727,-1,1.188118811881188,-0.0035910939817175302,-0.009637091714381318,-0.13399915330548995,0.1421490179221471,0.21426870635852294,0.24,237.761,2.18,1.0,2.0
2015-12-03,847.5,847.5,847.5,847.5,0,33.58840044034818,-30.972195923339314,-32.073786198085415,1.1015902747461013,15.865183251145181,0.36581230304332313,869.185226655934,915.1882690907719,-1,0.0,0.01814028729343997,0.005934718100890191,-0.11172830763408392,0.16787351570747588,0.21490575522884248,0.24,237.761,2.33,1.0,2.0
2015-12-04,877.7999877929688,880.5,877.7000122070312,880.5,2,48.99596929752393,-26.28729098055851,-30.916487154580036,4.629196174021526,13.148357284951928,0.6601643683445481,870.2628241172736,913.8279448127024,-1,0.3921568627450981,0.038938053097345104,0.05702280912364954,-0.07549351382923042,0.22959793207560744,0.23029165112641736,0.24,237.761,2.28,0.0,1.0
2015-12-07,863.0999755859375,863.0999755859375,863.0999755859375,863.0999755859375,0,43.29268176884929,-23.705247278013758,-29.47423917926678,5.768991901253024,10.318145095532461,0.5517592360836564,869.5806480666702,911.8386126861626,-1,0.0,-0.019761526875709867,0.03700587317637938,-0.0814176266365848,0.23425197954696017,0.23083084520627978,0.24,237.761,2.23,0.0,1.0
2015-12-08,846.4000244140625,846.4000244140625,846.4000244140625,846.4000244140625,0,38.643357924185615,-22.744323134140927,-28.12825597024161,5.3839328361006835,8.498221164713488,0.38007397468866677,867.3729696235647,909.2723935382371,-1,0.0,-0.019348802739262982,0.01316734459963076,-0.07436570230143369,0.2257371079260897,0.2330994150842228,0.24,237.761,2.24,1.0,1.0
2015-12-09,865.5999755859375,865.5999755859375,865.5999755859375,865.5999755859375,0,45.84429665068702,-20.200647735525195,-26.54273432329833,6.342086587773135,7.172469611135236,0.6989825816042329,867.2041130485526,907.5597496969705,-1,0.0,0.022684251675402,0.03988461100207785,-0.03768763136638409,0.2388136591707149,0.23825623960562425,0.24,237.761,2.22,1.0,1.0
2015-12-10,855.7000122070312,855.7000122070312,855.7000122070312,855.7000122070312,0,43.03943017329476,-18.767273516288583,-24.98764216189638,6.220368645607799,6.461366056660609,0.5660251263319633,866.1084843969792,905.5260345012866,-1,0.0,-0.011437111434996039,0.009675530627765383,-0.030697752560790548,0.23337289475568607,0.2354597598435006,0.24,237.761,2.24,1.0,2.0
2015-12-11,843.5,843.5,843.5,843.5,0,39.80721659614918,-18.40360781099423,-23.670835291715953,5.267227480721722,5.992596641942641,0.36362938992591964,863.9552954067907,903.0936409914323,-1,0.0,-0.014257347239676754,-0.042021578648495206,-0.03688055291524417,0.236781629542384,0.23653703390539266,0.24,237.761,2.13,2.0,1.0
2015-12-14,850.0,850.0,850.0,850.0,0,42.29374927133332,-17.390438294755086,-22.414755892323782,5.024317597568697,5.8294833375000525,0.5045420759780069,862.626219653763,901.0115374231408,-1,0.0,0.007705986959098965,-0.015177819437480866,-0.015634047481181246,0.2344474701987246,0.23426050061732487,0.24,237.761,2.23,1.0,2.0
2015-12-15,855.5999755859375,855.5999755859375,855.5999755859375,855.5999755859375,0,44.42382884669206,-15.951741182074102,-21.122152950273847,5.170411768199745,5.627840856473343,0.6320170774743921,861.9570535520653,899.2306918608975,-1,0.0,0.006588206571691124,0.010869507214681162,-0.011209999241733604,0.23571253287012583,0.23429935475843386,0.24,237.761,2.28,1.0,2.0
2015-12-16,875.7999877929688,875.7999877929688,875.7999877929688,875.7999877929688,0,51.39357318090575,-13.031373625058563,-19.503997085230793,6.47262346017223,6.2296349001721305,0.9804269053618698,863.2754282416752,898.3118407209788,-1,0.0,0.023609178101247297,0.011783748260998594,0.024806942210004124,0.24579463396413903,0.2279329716373732,0.24,237.761,2.3,1.0,1.0
2015-12-17,844.5,844.5,844.5,844.5,0,42.499693636464336,-13.091695806037592,-18.221536829392154,5.129841023354562,6.253473120935625,0.3927907552428163,861.4872922186585,896.2015724574111,-1,0.0,-0.03573873969996877,-0.01308871338933848,-0.0035398230088495852,0.27829507091826156,0.23898716723370356,0.24,237.761,2.24,1.0,1.0
2015-12-18,842.7000122070312,860.5999755859375,842.7000122070312,860.5999755859375,2,47.52962787097392,-11.705435122672384,-16.9183164880482,5.212881365375818,6.299043142344947,0.6913597799588164,861.4027858726851,894.8054314036278,-1,0.6779661016949152,0.019064506318457575,0.020272644440945564,0.0034981344279427784,0.2834028293009622,0.23649278108276262,0.24,237.761,2.19,1.0,1.0
2015-12-21,881.0999755859375,881.0999755859375,881.0999755859375,881.0999755859375,0,53.149422254415704,-8.85061054029029,-15.30477529849662,6.45416475820633,7.02496014600494,0.9924164155212482,863.2787087025187,894.2679625480322,-1,0.0,0.02382059096160516,0.03658820657169115,0.030164840595337195,0.2949478641062597,0.24199200721375283,0.24,237.761,2.2,1.0,1.0
2015-12-22,872.7999877929688,872.7999877929688,872.7999877929688,872.7999877929688,0,50.77809777233245,-7.175170243671687,-13.678854287531635,6.503684043859948,7.3139647807723325,0.8183520952974169,864.1854971873234,893.4260811850885,-1,0.0,-0.009420029534615737,0.020102866640747896,0.030703826611717666,0.2946837153064592,0.23675999164976108,0.24,237.761,2.24,2.0,1.0
2015-12-23,867.9000244140625,867.9000244140625,867.9000244140625,867.9000244140625,0,49.377474386362856,-6.17161529228872,-12.177406488483053,6.005791196194332,7.325847804363528,0.7171435503354708,864.5392616851082,892.4250593509306,-1,0.0,-0.005614073610721193,-0.009020282586226447,0.032599672116671696,0.2940124356809538,0.23625625661440555,0.24,237.761,2.27,2.0,1.0
2015-12-24,883.4000244140625,883.4000244140625,883.4000244140625,883.4000244140625,1,53.72566596408636,-4.078555255823062,-10.557636241951055,6.479080986127993,7.759479951032867,0.9070061249917768,866.3355248021514,892.07113641223,-1,0.425531914893617,0.017859199866326003,0.04606278793849916,0.04854602304339761,0.2995272526901144,0.23836602578148322,0.24,237.761,2.25,2.0,1.0
2015-12-28,880.5,880.5,880.0,880.0,2,52.657207348938655,-2.6634411605022024,-8.978797225661285,6.315356065159083,7.67007190667825,0.8233212452425162,867.6369033924227,891.5977585137111,-1,1.3333333333333333,-0.0038487936609664652,0.02254244127866034,0.056422569027611,0.2961427718385246,0.2383287247411343,0.24,237.761,2.24,2.0,1.0
2015-12-29,890.5999755859375,890.5999755859375,890.5999755859375,890.5999755859375,8115,55.620444171429696,-0.6787988321218563,-7.3187975469534,6.639998714831544,7.749213862313491,0.9340348738763697,869.823862648948,891.5586297714456,-1,19.95328251782641,0.012045426802201664,0.010781977372865681,0.07004684446477571,0.2975749816853704,0.23947637631467228,0.24,237.761,2.32,2.0,2.0
2015-12-30,888.4000244140625,893.5,851.7000122070312,871.0999755859375,3066,49.48431514451804,-0.6716995853039407,-5.989377954623508,5.317678369319568,7.259826767775808,0.6227627680770993,869.9453972143756,890.756329607308,-1,5.47793460782562,-0.021895352048680095,-0.0019477683671033086,0.04273395993364315,0.31104095784922015,0.24341075117722527,0.24,237.761,2.31,2.0,1.0
2015-12-31,871.5999755859375,892.0999755859375,866.2999877929688,891.7000122070312,187,55.11751303839488,0.9848249634331978,-4.5945373710121675,5.579362334445365,6.982708077693586,0.918705044928312,872.0172653089143,890.7933367680814,-1,0.32879120879120877,0.023648303522494363,0.02742249927811291,0.07123977180888574,0.31912563126128346,0.2432487620297448,0.24,237.761,2.27,2.0,1.0
2016-01-04,890.5999755859375,891.9000244140625,877.4000244140625,883.2000122070312,148,52.51525785692196,1.593386077532955,-3.3569526813031434,4.950338758836098,6.863563279642489,0.7524909154802072,873.0822888230207,890.4955593343147,-1,0.25687754924932743,-0.0095323538001999,-0.0002264118196780851,0.04212390820888645,0.31746312249341685,0.2423761025775265,0.34,237.652,2.24,2.0,1.0
2016-01-05,888.7999877929688,897.0,887.2999877929688,888.5999755859375,97,54.00107220983458,2.4827870367257674,-2.189004737697361,4.671791774423129,7.060193109417158,0.8267991400939607,874.5601637528223,890.4212227167313,-1,0.16698226889309692,0.006114088886176816,0.00977269952947446,0.0091992908414964,0.2880899273546347,0.2418810373567084,0.34,237.652,2.25,2.0,1.0
2016-01-06,875.0,880.0,873.7000122070312,873.7000122070312,67,49.407191605494766,1.9627162134258924,-1.3586605474727105,3.3213767608986027,7.049121819264033,0.5752493327795747,874.478244557985,889.7654889712529,-1,0.11467693624304665,-0.016767908832184375,-0.018975930655946383,0.012281354328503635,0.285414562147516,0.23666347814736338,0.34,237.652,2.18,2.0,1.0
2016-01-07,880.5,884.2000122070312,864.7999877929688,876.4000244140625,117,50.2333829684498,1.7482717705075856,-0.7372740838766513,2.485545854384237,6.646348500719651,0.6004110361945565,874.6612712109447,889.2413531062651,-1,0.19827147941026943,0.003090319525360652,0.006084317502775605,0.035444233382162516,0.2753521669414485,0.23418212299743482,0.34,237.652,2.16,2.0,2.0
2016-01-08,876.5999755859375,883.9000244140625,872.0,877.0999755859375,186,50.459243940959524,1.6161729782795646,-0.2665846714454081,1.8827576497249727,6.650579380282062,0.602437579094131,874.8935287704678,888.7652206544876,-1,0.3103103103103103,0.0007986663080514766,-0.01637326053742838,0.013285582629800174,0.2642783481102389,0.23424748311586188,0.34,237.652,2.13,2.0,2.0
2016-01-11,876.2999877929688,876.2999877929688,843.2999877929688,845.0,39,41.22006485646127,-1.0664229652591075,-0.426552330208148,-0.6398706350509595,6.9946703176356735,0.07913030185721787,872.0465260304233,887.0489374915666,-1,0.0648540783237715,-0.03659785255893255,-0.04325182481777046,-0.012504396464169343,0.2941700317594213,0.24487874484804162,0.34,237.652,2.17,2.0,1.0
2016-01-12,845.5999755859375,845.5999755859375,832.7999877929688,837.5,83,39.40462810116343,-3.754309553897542,-1.092103774946027,-2.662205778951515,7.2635199071397,-0.01932561421827464,868.7563806941924,885.105841903662,-1,0.1370767960363336,-0.00887573964497046,-0.05750616361680916,-0.007113218731475968,0.29142142295677265,0.24341358335555296,0.34,237.652,2.12,2.0,1.0
2016-01-13,837.2000122070312,854.0,836.5,850.2000122070312,38,43.90956603212452,-4.804313063479071,-1.834545632652636,-2.9697674308264355,7.257549290595616,0.18115457632790347,866.9891075049389,883.7369858371276,-1,0.0625617385577873,0.015164193680037297,-0.02689710389340305,0.00023530847886021888,0.2952675382089464,0.24327155970069622,0.34,237.652,2.08,2.0,1.0
2016-01-14,847.0,847.0,831.5999755859375,834.0,15,39.840710093583276,-6.864524045467306,-2.84054131521557,-4.023982730251736,8.014823952662713,-0.006102632338898126,863.8472877425638,881.786515804299,-1,0.024664967524459427,-0.019054354239513183,-0.04837976179018255,-0.025245413981160092,0.30180505514709877,0.24534757074675329,0.34,237.652,2.1,2.0,1.0
2016-01-15,823.7999877929688,840.5,822.0999755859375,825.7000122070312,33,37.902810048295805,-9.062528552783647,-4.084938762729186,-4.977589790054461,9.111696288037926,-0.01984075414568635,860.2142138820369,879.5870450749944,-1,0.054116103640537885,-0.00995202373257642,-0.05860217171317217,-0.0572048142089957,0.2886582819765042,0.24505730842036844,0.34,237.652,2.03,2.0,1.0
2016-01-19,821.0,831.4000244140625,821.0,828.7000122070312,13,39.05668529992319,-10.442018938256183,-5.356354797834586,-5.085664140421597,9.654379915086619,0.05426549770880391,857.2128613415601,877.5914751586038,-1,0.02129576541895323,0.0036332807988959104,-0.019289926382211497,-0.0187092809863455,0.2607608567753675,0.2447176619689488,0.34,237.652,2.06,2.0,1.0
2016-01-20,822.5,822.5,817.9000244140625,817.9000244140625,62,36.43211624931922,-12.265356369752112,-6.738155112218092,-5.527201257534021,10.82360353143303,0.008757341875750535,853.4687816341794,875.2506339529355,-1,0.10106773168147362,-0.013032445557959793,-0.023402955923507496,-0.049616491265646157,0.2531155845933362,0.2447496517536871,0.34,237.652,2.01,2.0,1.0
2016-01-21,814.2000122070312,818.0999755859375,812.2000122070312,818.0999755859375,10,36.51717211280075,-13.538170430634864,-8.098158175901446,-5.440012254733418,11.628833015850885,0.0745700327017451,850.1003239152992,873.0094316640336,-1,0.01628797133317045,0.0002444689643068543,-0.037755864690904195,-0.07150153415689808,0.23406318591399408,0.24421116353993935,0.34,237.652,2.02,2.0,1.0
2016-01-22,820.9000244140625,831.5999755859375,820.9000244140625,829.7000122070312,93,41.414682670304884,-13.455749232998414,-9.169676387320841,-4.286072845677573,11.98849915557937,0.21993978798586306,848.1574370859404,871.3110230578767,-1,0.15033947623666344,0.014179240884080846,-0.005155860663032086,-0.04938127427673722,0.2411964593064551,0.24679767269751426,0.34,237.652,2.07,2.0,1.0
2016-01-25,859.0999755859375,863.2999877929688,859.0999755859375,859.7000122070312,5,51.7762739591699,-10.844669955841596,-9.504675101024993,-1.3399948548166023,11.953455187056152,0.5154522949689941,849.2567299546157,870.85568929902,-1,0.008079502302658156,0.036157646810440536,0.04117718238748802,-0.009448106897528064,0.2759155984619119,0.25893084992825716,0.34,237.652,2.03,2.0,1.0
2016-01-26,867.2000122070312,877.2999877929688,867.2000122070312,875.2000122070312,7,56.09673068510397,-7.438899354583782,-9.091519951736752,1.6526205971529695,11.798599311528738,0.6728804200992591,851.7275187405601,871.0260549032557,-1,0.011305822498586773,0.018029544934177855,0.05611198179683763,-0.00928233187730565,0.27606240995094306,0.25715794869489184,0.34,237.652,2.01,2.0,1.0
2016-01-27,880.4000244140625,880.4000244140625,880.4000244140625,880.4000244140625,27,57.47326881708781,-4.270970994010895,-8.12741016019158,3.856439166180685,11.806611243239903,0.7239104544031207,854.4582335666079,871.3936615507383,-1,0.043520309477756286,0.005941512950757621,0.07641520740236496,0.0004545731977982914,0.27665177695788173,0.2553046082111818,0.34,237.652,2.02,2.0,1.0
2016-01-28,865.0,865.9000244140625,864.7000122070312,865.9000244140625,8,52.52757674275953,-2.89699896229115,-7.0813279206114945,4.184328958320345,11.33173650479299,0.5969553391377181,855.5479279330322,871.1782248002804,-1,0.0372006510113927,-0.016469786003981857,0.05842812645714823,-0.027734057768892928,0.2788693763059501,0.2570489559992685,0.34,237.652,2.0,2.0,1.0
2016-01-29,872.2999877929688,872.2999877929688,872.2999877929688,872.2999877929688,0,54.39303905016285,-1.2769725258767721,-5.92045684166455,4.643484315787778,11.34845891790534,0.6620281378875862,857.143362205407,871.2222155058761,-1,0.0,0.007391111211986656,0.05134382904565715,0.0013775826433974903,0.26927715708677175,0.2572131232913889,0.34,237.652,1.94,2.0,1.0
2016-02-01,868.7999877929688,868.7999877929688,868.7999877929688,868.7999877929688,0,53.16269297495457,-0.27237093010057833,-4.790839659351756,4.518468729251178,10.815651457542835,0.6447830407722867,858.25351702327,871.1272261838013,-1,0.0,-0.004012381117710961,0.010585059272682829,-0.02568130997035989,0.2550123940812534,0.25513682850575914,0.38,237.336,1.97,2.0,1.0
2016-02-02,854.4000244140625,854.4000244140625,854.4000244140625,854.4000244140625,0,48.319979930235654,-0.630900992922534,-3.958851926065912,3.327950933143378,10.41413534358798,0.5048915315052317,857.886517727155,870.4712574869488,-1,0.0,-0.016574543716887935,-0.023765982064507196,-0.032608681380110416,0.2593058081092341,0.2567355850799743,0.38,237.336,1.87,2.0,1.0
2016-02-03,878.7999877929688,878.7999877929688,878.7999877929688,878.7999877929688,0,55.68603329438245,1.0418249652115037,-2.958716547810429,4.000541513021933,10.10570555325595,0.7936240958388625,859.878276781042,870.7978743616948,-1,0.0,0.028558008756658815,-0.0018173972929619309,-0.011028570855526665,0.27912341674507607,0.263993768121056,0.38,237.336,1.88,2.0,1.0
2016-02-04,904.4000244140624,904.4000244140624,904.4000244140624,904.4000244140624,0,61.83270068731374,4.382660760130648,-1.4904410862222137,5.873101846352862,11.186898981294407,1.0163667482587642,864.118443222282,872.1156057362974,-1,0.0,0.029130674757274377,0.04446240780054489,0.035137932674947026,0.2904197719080909,0.2697945290060505,0.38,237.336,1.87,2.0,1.0
2016-02-05,902.0,902.0,902.0,902.0,0,60.97874114248608,6.75872491103803,0.15939211322983493,6.599332797808195,11.979758164922094,0.9455969843594485,867.7262105344456,873.2875427662466,-1,0.0,-0.0026537199792948662,0.03404793376436488,0.02921037753627731,0.29077859735342504,0.26410792453657317,0.38,237.336,1.86,2.0,1.0
2016-02-08,927.0,927.0,927.0,927.0,0,66.21323531758408,10.537593121452232,2.2350323148743145,8.302560806577919,13.815546909444917,1.0749463289270904,873.3713333406889,875.3939136381586,-1,0.0,0.027716186252771724,0.06698896526791853,0.05689205997381008,0.3049201316912525,0.2678455463142747,0.38,237.336,1.75,2.0,1.0
2016-02-09,937.7000122070312,937.7000122070312,937.7000122070312,937.7000122070312,1,68.18064056424694,14.231720549301144,4.634369961759681,9.597350587541463,15.779879617704697,1.0451878013943918,879.4978741851024,877.8372900526242,1,0.05063291139240506,0.011542623740055324,0.0974953012789237,0.10970415645802523,0.26670308233223466,0.26572390470223217,0.38,237.336,1.74,1.0,1.0
2016-02-10,929.2000122070312,933.2999877929688,929.2000122070312,933.2999877929688,1,66.46665739374589,16.612795981972,7.030055165802145,9.582740816169853,16.914192945743263,0.9432391137113316,884.6218850048992,880.0122978071475,1,0.06389776357827476,-0.004692358277469055,0.0620163868423258,0.11438804512593292,0.26415235184459745,0.265337997402418,0.38,237.336,1.71,1.0,1.0
2016-02-11,962.4000244140624,962.4000244140624,962.4000244140624,962.4000244140624,2,71.5589587925111,20.610361752477047,9.746116483137126,10.864245269339921,19.115084186497832,1.0303194558618924,892.029326853391,883.2431890466344,1,0.1444043321299639,0.03117972463484997,0.06413091379290559,0.13196896094575616,0.27724432420806555,0.2702352418450253,0.38,237.336,1.63,1.0,1.0
2016-02-12,954.0,957.2999877929688,954.0,957.2999877929688,2,69.5651057454101,23.100641280933814,12.417021442696464,10.68361983823735,20.20014754764977,0.9349444961765224,898.245580276208,886.1473772327652,1,0.15151515151515152,-0.005299289787735306,0.06130819045783675,0.14784171198197682,0.26440895445933466,0.27062785141774115,0.38,237.336,1.74,1.0,1.0
2016-02-16,936.7000122070312,936.7000122070312,936.7000122070312,936.7000122070312,0,62.045153365821456,23.145156918528187,14.56264853786281,8.582508380665377,19.985347824239984,0.7891049846635952,901.9079071267626,888.1298335062659,1,0.0,-0.021518829884695,0.010463875088491115,0.13443138955915201,0.2773432852733147,0.2733626942300793,0.38,237.336,1.78,1.0,1.0
2016-02-17,948.7999877929688,948.7999877929688,948.7999877929688,948.7999877929688,0,64.47437866221895,23.881511588244962,16.42642114793924,7.455090440305721,19.863671209839055,0.8233336133487076,906.3738195711632,890.5090552429994,1,0.0,0.012917663529679935,0.011837448481857082,0.1449257557823389,0.27808826741629356,0.2735415942328605,0.38,237.336,1.81,1.0,1.0
2016-02-18,944.7000122070312,944.7000122070312,944.7000122070312,944.7000122070312,0,63.00293779144388,23.859210082298773,17.912978934811147,5.946231147487627,18.848509791505645,0.776653492724297,910.0239331555315,892.6341908102163,1,0.0,-0.0043212222161538305,0.01221474827297575,0.15503115785307298,0.27142371425574724,0.27303308976722773,0.38,237.336,1.75,1.0,1.0
2016-02-19,944.5999755859376,944.5999755859376,944.5999755859376,944.5999755859376,0,62.9651789623442,23.561857433139267,19.042754634476772,4.5191027986624945,17.365571119035078,0.757259440010234,913.316889577475,894.6720647229897,1,0.0,-0.0001058924735906075,-0.018495478363024787,0.15462657838291527,0.2715457187969053,0.27291081648036836,0.38,237.336,1.76,1.0,1.0
2016-02-22,926.7999877929688,926.7999877929688,926.7999877929688,926.7999877929688,0,56.47898442693325,21.640435591388268,19.562290825859073,2.0781447655291956,15.652217815985042,0.6246765550589722,914.6009941694267,895.9319832747536,1,0.0,-0.018843942677351344,-0.03186044122941756,0.11703022075129077,0.2854710318281379,0.27517620608212173,0.38,237.336,1.77,1.0,1.0
2016-02-23,942.7000122070312,942.7000122070312,942.7000122070312,942.7000122070312,0,60.40286731384458,21.156811473857488,19.881194955458756,1.2756165183987314,15.064848073786061,0.7143578941377425,917.277091125389,897.7660236250391,1,0.0,0.01715583148843791,0.006405465914175679,0.09654530513140447,0.2666234400398918,0.2763374441128164,0.38,237.336,1.74,1.0,1.0
2016-02-24,943.0,943.4000244140624,943.0,943.4000244140624,20,60.57141419543233,20.59264185442862,20.02348433525273,0.5691575191758922,14.763865706597146,0.6978889217392216,919.7649895338341,899.5555922834322,1,6.557377049180328,0.000742560939818171,-0.005691361138681517,0.07792505856466803,0.26222030005507857,0.2763460180606846,0.38,237.336,1.75,1.0,1.0
2016-02-25,943.2999877929688,943.2999877929688,926.0999755859376,926.0999755859376,6,54.407683986900146,18.53589376340824,19.72596622088383,-1.1900724574755905,14.294120752230455,0.5547773668701975,920.3683215387963,900.5965484913737,1,3.0,-0.018337977931333738,-0.01968882860246801,0.051908166634013986,0.27362951280122594,0.2781955395525244,0.38,237.336,1.71,2.0,1.0
2016-02-26,914.5,914.5,914.5,914.5,4,50.68345361439384,15.787892007025107,18.93835137811209,-3.1504593710869813,13.260362255996736,0.444054443372995,919.8094337731967,901.1417818838689,1,2.2222222222222223,-0.01252561914667838,-0.03186531480404342,0.056126543729830836,0.27026516341618584,0.27970688402526606,0.38,237.336,1.76,2.0,1.0
2016-02-29,933.7000122070312,933.7000122070312,933.7000122070312,933.7000122070312,2,56.04636046264955,14.986605086123177,18.148002119714306,-3.161397033591129,12.321840689251594,0.5816041043913629,921.1323460049905,902.4185752298753,1,1.0526315789473684,0.020995092626606038,0.007444998386862078,0.07038865673885031,0.2774149861012205,0.2824382353354375,0.38,237.336,1.74,2.0,1.0
2016-03-01,936.0999755859376,940.0999755859376,936.0999755859376,936.0999755859376,2,56.680491358586345,14.379478735743874,17.39429744292022,-3.014818707176346,11.007182678702208,0.5815693806720424,922.5578345365093,903.7394144595248,1,1.0,0.0025703795089746517,-0.007001205617513162,0.07746315462541897,0.27605976959403117,0.2822124765732005,0.36,238.08,1.83,2.0,1.0
2016-03-02,931.7999877929688,938.2999877929688,931.7000122070312,935.7000122070312,8,56.53410692245417,13.708035328602364,16.65704502005665,-2.949009691454286,8.248734222642911,0.5502833810243319,923.8094705051304,904.9927712339369,1,3.3333333333333335,-0.0004272656653537821,-0.00816198008030955,0.0951544773757742,0.26593045947338306,0.28026374154129546,0.36,238.08,1.84,2.0,1.0
2016-03-03,942.2000122070312,942.2000122070312,942.2000122070312,942.2000122070312,0,58.41380581779674,13.544277270829411,16.034491470211204,-2.490214199381793,6.402051344870636,0.6201983033703641,925.5609506672163,906.4518787230778,1,0.0,0.006946670850915604,0.01738477167209429,0.07214386128211747,0.2511966129935646,0.2699838624296568,0.36,238.08,1.83,2.0,1.0
2016-03-04,985.7999877929688,985.7999877929688,985.7999877929688,985.7999877929688,0,68.3126271519943,16.739686790588166,16.175530534286597,0.564156256301569,7.248129108488974,1.186472267377521,931.2980018220499,909.5635692748383,1,0.0,0.046274649778243804,0.07796608834660335,0.09000437989997101,0.2785619861348086,0.28106687881676606,0.36,238.08,1.88,1.0,1.0
2016-03-07,1001.5,1001.5,1001.5,1001.5,0,70.9904041932333,20.304869732377938,17.001398373904866,3.3034713584730717,8.377410295938196,1.2264157472861958,937.983906410426,913.1689194993545,1,0.0,0.015926163929237624,0.07261431606143676,0.11031042128603108,0.2801404551544726,0.27870545576380373,0.36,238.08,1.91,1.0,1.0
2016-03-08,988.9000244140624,988.9000244140624,988.9000244140624,988.9000244140624,0,66.15839722495829,21.8615834464988,17.973435388423653,3.8881480580751457,9.130199238838756,0.982849741176305,942.8330605060104,916.1387667509117,1,0.0,-0.012581103930042525,0.05640428394955932,0.06677456786845992,0.27419318057694686,0.2774263601485449,0.36,238.08,1.83,2.0,1.0
2016-03-09,982.2999877929688,982.2999877929688,982.2999877929688,982.2999877929688,0,63.71208955560805,22.30559744138941,18.839867799016805,3.4657296423726045,9.605432611970844,0.8610529534389549,946.5918154857206,918.7333244388356,1,0.0,-0.006674119181061089,0.049802260316340385,0.04756315986491688,0.2745337319828894,0.27658449250249006,0.36,238.08,1.9,2.0,1.0
2016-03-10,977.2000122070312,979.4000244140624,977.2000122070312,977.2000122070312,2,61.81016859412352,21.992441151996672,19.47038246961278,2.522058682383893,9.774720381345814,0.7755520887681616,949.5068818401312,921.0261357238628,1,0.8333333333333334,-0.005191871779817614,0.037147102044729596,0.0470374209667308,0.27470987172660827,0.27486025518502005,0.36,238.08,1.93,2.0,1.0
2016-03-11,969.2000122070312,969.2000122070312,969.2000122070312,969.2000122070312,0,58.84280635070746,20.85828803464335,19.747963582618894,1.1103244520244573,9.857236490933357,0.6842655802097196,951.3824180655503,922.9153073506537,1,0.0,-0.008186655648859231,-0.016839090882017405,0.007065656297243761,0.25539522416335153,0.2754997261821048,0.36,238.08,1.98,2.0,1.0
2016-03-14,964.9000244140624,964.9000244140624,964.9000244140624,964.9000244140624,0,57.251836393274196,19.388986275059665,19.67616812110705,-0.2871818460473854,9.91435293319857,0.6335617938687838,952.669809146361,924.5617668433365,1,0.0,-0.004436636131666005,-0.0365451578491639,0.007939033446156651,0.2551586033984279,0.275676458282923,0.36,238.08,1.97,2.0,1.0
2016-03-15,959.2999877929688,959.2999877929688,959.2999877929688,959.2999877929688,0,55.16012310088058,17.570140251195312,19.254962547124702,-1.68482229592939,9.804602901082312,0.5629016542266423,953.3012547317522,925.9240500178319,1,0.0,-0.0058037480354447,-0.02993228424544947,0.02412722887948715,0.24278251982802151,0.2724977519648499,0.36,238.08,1.97,2.0,1.0
2016-03-16,958.2000122070312,958.2000122070312,958.2000122070312,958.2000122070312,0,54.737092946627726,15.857141578905498,18.57539835348086,-2.7182567745753623,9.798464680814995,0.5461128458639544,953.7678030627312,927.1897740252515,1,0.0,-0.0011466440111900233,-0.024534231788076566,0.009907277123736291,0.23893172371852542,0.2608797927172102,0.36,238.08,1.94,2.0,1.0
2016-03-17,988.5999755859376,988.5999755859376,988.5999755859376,988.5999755859376,0,63.14861537158974,16.759408739629407,18.21220043071057,-1.4527916910811633,10.224045696855146,0.8326320844234147,957.0851528268461,929.5980172237098,1,0.0,0.031726114581115405,0.011665946824088946,0.04646973940049626,0.26167589922463,0.26545933504552927,0.36,238.08,1.91,2.0,1.0
2016-03-18,970.0,970.0,970.0,970.0,0,56.25966151745162,15.791564061094618,17.72807315678738,-1.936509095692763,10.223068593956079,0.6292005865629178,958.3151382719084,931.182408705133,1,0.0,-0.01881446089952965,0.0008254104239506788,0.026889715298062278,0.2723238113297186,0.26524211994434166,0.36,238.08,1.88,2.0,1.0
2016-03-21,981.2999877929688,981.2999877929688,981.2999877929688,981.2999877929688,0,59.173602718376735,15.75474387693987,17.33340730081788,-1.5786634238780088,9.975125533271463,0.7215742555680542,960.5041715596284,933.1478039634795,1,0.0,0.011649471951514112,0.0169965415731701,0.058804489337320076,0.2635169183320185,0.2649984143546023,0.36,238.08,1.92,2.0,1.0
2016-03-22,996.2999877929688,996.2999877929688,996.2999877929688,996.2999877929688,0,62.72361907321656,16.74293611012979,17.215313062680263,-0.47237695255047285,10.31628667039052,0.8376925285010616,963.9132969151847,935.624360192087,1,0.0,0.015285845497396089,0.03856979096301738,0.05685793454107446,0.26228415637130226,0.2658833256617139,0.36,238.08,1.94,2.0,1.0
2016-03-23,960.2999877929688,960.2999877929688,960.2999877929688,960.2999877929688,0,51.213719375947925,14.454563231744373,16.663163096493086,-2.208599864748713,10.145888538432565,0.46619477924504343,963.5691722368784,936.5920318627099,1,0.0,-0.03613369511300324,0.0021915837603680988,0.017913889062492583,0.2976050139030733,0.2756806366305455,0.36,238.08,1.88,2.0,1.0
2016-03-24,951.9000244140624,951.9000244140624,951.9000244140624,951.9000244140624,0,48.95631816226668,11.826871581908676,15.695904793576206,-3.8690332116675297,9.563918477971027,0.35918154125676793,962.4578248251817,937.1923452960963,1,0.0,-0.00874722845536191,-0.037123156057255025,0.02785881601152318,0.29113145690384606,0.27626587966412103,0.36,238.08,1.91,2.0,1.0
2016-03-28,944.2000122070312,944.2000122070312,944.2000122070312,944.2000122070312,0,46.91490017227433,9.019113656469017,14.360546566154769,-5.341432909685752,8.527785886648859,0.23086070103713646,960.718985528215,937.4671557631918,1,0.0,-0.008089097604310758,-0.026597925559761593,0.03247677660692316,0.2887014336325538,0.27602212536383874,0.36,238.08,1.89,2.0,1.0
2016-03-29,964.7000122070312,964.7000122070312,964.7000122070312,964.7000122070312,11287,52.58377998216458,8.351849029341452,13.158807058792107,-4.806958029450655,7.9362976657827655,0.45795259216249784,961.0981309261974,938.5351109178522,1,19.978759182228515,0.021711501519770193,-0.016916310804479195,0.03320124193500207,0.2893295387010099,0.27489452054339997,0.36,238.08,1.81,2.0,1.0
2016-03-30,969.7000122070312,977.4000244140624,961.0,964.2999877929688,3660,52.46604101401828,7.701974806631483,12.067440608359982,-4.365465801728499,7.345020541251948,0.429211509977971,961.4030696754137,939.5454982462882,1,4.8940295513806245,-0.0004146619767810833,-0.0321188401004473,0.03012500047271094,0.2893954686515602,0.2711821572455363,0.36,238.08,1.83,2.0,1.0
2016-03-31,965.9000244140624,982.0,964.0,976.5999755859376,347,55.74709287900764,8.086237905581129,11.271200067804212,-3.1849621622230835,6.6231208279533025,0.581058424358895,962.8503940478446,940.9986150047058,1,0.45371338912133896,0.012755354089675208,0.016973849838768373,0.04371055129350254,0.2919732968159101,0.2712025975260204,0.36,238.08,1.78,2.0,1.0
2016-04-01,977.2999877929688,985.0,953.5999755859376,953.5999755859376,111,48.94386237450299,6.460390044010865,10.309038063045543,-3.8486480190346786,6.262974322014945,0.19847165165898517,961.9694018133772,941.4927860078914,1,0.14409034854287012,-0.023551096226682278,0.001785850539211431,0.012099302941211754,0.3053918846003289,0.276012290054085,0.37,238.992,1.79,2.0,1.0
2016-04-04,957.5,957.5,941.7000122070312,942.5,165,46.02467126698529,4.227486800380916,9.092727810512619,-4.865241010131703,6.659745479645615,0.07745964493269784,960.115173069246,941.5322845958173,1,0.21191882866683792,-0.011640075367155167,-0.0018004789081261796,-0.04392370493928466,0.25826363387434187,0.27475942778034057,0.37,238.992,1.78,2.0,1.0
2016-04-05,945.0,959.2999877929688,945.0,950.0,32,48.269756012045605,3.0281752926892977,7.879817306947955,-4.851642014258657,6.181021371893912,0.21204558374254295,959.1518232531273,941.8643518665696,1,0.041015124327095615,0.007957559681697646,-0.015237910252950737,-0.05142286570144783,0.252411928682809,0.2750754443497892,0.37,238.992,1.73,2.0,1.0
2016-04-06,951.7000122070312,957.7999877929688,942.5,942.9000244140624,85,46.30614115448674,1.4876548306032191,6.601384811679008,-5.113729981075789,6.206270022772261,0.13238055784282277,957.6040328875021,941.9049664762751,1,0.10835617311492128,-0.00747365851151327,-0.02219222612237637,-0.04651633012877687,0.25035115323321616,0.2756710548577384,0.37,238.992,1.76,2.0,1.0
2016-04-07,948.7000122070312,954.5,948.7000122070312,953.7999877929688,110,49.6898258962231,1.1332537713818738,5.507758603619582,-4.374504832237708,6.061507117518473,0.3340808683570228,957.2417428784989,942.3714379004592,1,0.13924931957718842,0.011560041464289794,-0.023346291586060497,-0.029013540012388428,0.25448545372200815,0.2644797861969996,0.37,238.992,1.7,2.0,1.0
2016-04-08,967.5,967.5,967.5,967.5,1,53.64396679175582,1.9355530176082993,4.793317486417325,-2.857764468809026,5.93763832750607,0.5786117622734679,958.2187197472133,943.3568717082844,1,0.0012659830358273199,0.01436361122076768,0.014576368257058325,-0.009926332466086984,0.2600190709393709,0.26465237962172494,0.37,238.992,1.72,2.0,1.0
2016-04-11,979.0,991.7999877929688,979.0,989.4000244140624,10,59.16854923722505,4.289087958450409,4.692471580823942,-0.403383622373533,6.377551147727088,0.9128952191496645,961.1883678107228,945.1624855398836,1,0.012651821862348178,0.022635684148901714,0.049761299113063595,0.020841943822341058,0.27044868970821784,0.2665686476806972,0.37,238.992,1.73,1.0,1.0
2016-04-12,987.9000244140624,1002.5999755859376,987.9000244140624,998.5,50,61.23585047853836,6.810071073276731,5.1159914793145,1.6940795939622308,7.088191654871448,0.9792527709856327,964.7418565906539,947.2541527736137,1,0.0630596544330937,0.00919746852778447,0.05105263157894746,0.03482223519098904,0.27110363122289644,0.26299375564772465,0.37,238.992,1.79,1.0,1.0
2016-04-13,1002.2000122070312,1002.2000122070312,1000.5,1002.2000122070312,20,62.076594707721135,9.002750315672756,5.893343246586151,3.109407069086605,7.763119645245029,0.957312919446291,968.3092999826898,949.4088923592379,1,0.025192089683839274,0.00370557056287546,0.06289106613378137,0.04472013443131728,0.2696979831453218,0.2615957936552705,0.37,238.992,1.77,1.0,1.0
2016-04-14,992.0999755859376,992.0999755859376,992.0999755859376,992.0999755859376,5,58.355909303880814,9.812365030788328,6.677147603426587,3.1352174273617415,7.986519292761109,0.7914163264995038,970.5750786115706,951.0830524857752,1,0.006296039790971479,-0.010077865194644597,0.0401551565140954,0.03537879664687571,0.2730347269501958,0.2630215018313483,0.37,238.992,1.8,1.0,1.0
2016-04-15,990.4000244140624,990.4000244140624,985.5,988.5,27,57.04352002815854,10.047679190695476,7.351253920880365,2.696425269815111,7.984534141363869,0.7450510260107149,972.2822139818971,952.5503837608428,1,0.0339409176618479,-0.0036286419459000685,0.02170542635658923,-0.00010112845276810667,0.2501727796130663,0.26125155249986376,0.37,238.992,1.76,1.0,1.0
2016-04-18,986.0,986.0,972.5999755859376,976.4000244140624,23,52.74948412943025,9.152298452249397,7.711462827154172,1.4408356250952252,8.005800601618573,0.5843594189160817,972.6743864040081,953.4856637864593,1,0.02887089688068788,-0.012240744143588889,-0.013139276004868528,0.006597963313466293,0.2445093390240748,0.2631113424920934,0.37,238.992,1.78,1.0,1.0
2016-04-19,980.7999877929688,1015.2000122070312,980.7999877929688,1014.0,24,62.25728791025992,11.345917881094351,8.438353837942207,2.907564043152144,8.878932136663357,0.9928847043488823,976.610159127436,955.8587750105198,1,0.03008084226358338,0.03850878189858853,0.01552328492739119,0.033323155623976364,0.2761492942728689,0.2717390563337688,0.37,238.992,1.79,0.0,1.0
2016-04-20,1015.9000244140624,1029.300048828125,1012.4000244140624,1026.699951171875,46,64.83140250393859,13.948368890269535,9.540356848407674,4.408012041861861,9.937659398085335,1.0553084505256545,981.3806155126206,958.6368603501809,1,0.057489220771105416,0.012524606678377737,0.024446157120763035,0.030512861338329422,0.2745439428855711,0.2640761990215068,0.37,238.992,1.85,0.0,1.0
2016-04-21,1022.5999755859376,1030.5999755859375,1022.5999755859376,1030.5999755859375,3,65.60713692271239,16.139483521482703,10.86018218302268,5.279301338460023,11.065673407914133,1.0004693802927216,986.0681736148413,961.4589433006028,1,0.0037485942771460705,0.0037986019280618066,0.038806572873123724,0.0732062779200251,0.23428581859746822,0.26225091433418407,0.37,238.992,1.88,0.0,1.0
2016-04-22,1010.0,1010.0,1010.0,1010.0,8,58.29306889955262,16.02894013997684,11.893933774413512,4.135006365563328,11.162850912684092,0.7796534623608778,988.3473951753326,963.3625141515596,1,0.009991257649556638,-0.019988333081635834,0.021750126454223473,0.06103579587751429,0.24546996791173975,0.2663194013079733,0.37,238.992,1.89,1.0,1.0
2016-04-25,1015.4000244140624,1016.7000122070312,1015.4000244140624,1016.7000122070312,4,59.86044782814016,16.294140001295546,12.77397501978992,3.5201649815056264,11.079110346957464,0.8089617891578864,991.0476444164468,965.4541807419703,1,0.00499438132101386,0.00663367545250626,0.04127405447081278,0.07678457854552878,0.2421955149772647,0.2635193404729851,0.37,238.992,1.91,1.0,1.0
2016-04-26,1006.2000122070312,1018.9000244140624,1006.2000122070312,1018.9000244140624,25,60.38687590456857,16.491729014555744,13.517525818743085,2.9742031958126596,11.343381225016714,0.7963733421747854,993.7002520352673,967.5500961800916,1,0.10513036164844407,0.0021638754604274,0.004832371217023956,0.05618328135295947,0.23291542057708686,0.263339649698571,0.37,238.992,1.94,1.0,1.0
2016-04-27,1024.0999755859375,1024.0999755859375,1024.0999755859375,1024.0999755859375,34,61.66656114371373,16.87340620942996,14.18870189688046,2.684704312549499,11.605700838856878,0.8080571470071207,996.5954638019979,969.7677385097327,1,0.6017699115044248,0.005103494991930635,-0.002532361653441062,0.062013884216503445,0.232748321268723,0.2630247058508366,0.37,238.992,1.87,1.0,1.0
2016-04-28,1021.0,1049.5,1021.0,1048.9000244140625,14,67.1217599427018,18.958502992735248,15.142662116051419,3.815840876683829,12.640475320071657,0.9506950055078294,1001.5768505269564,972.8709654079418,1,0.35131744040150564,0.024216433375008783,0.017756694412612184,0.07403240900630426,0.24218344776269546,0.2633726683328937,0.37,238.992,1.84,0.0,1.0
2016-04-29,1072.0,1077.9000244140625,1072.0,1077.9000244140625,24,72.11842510484831,22.68946482589206,16.652022658019547,6.037442167872513,14.079828737468878,1.0641603922807032,1008.8457242304903,976.9897520356328,1,0.676056338028169,0.02764801155972907,0.0672277469446163,0.13034820890358034,0.2332625011336598,0.2630235656586023,0.37,238.992,1.83,0.0,1.0
2016-05-02,1084.5,1086.800048828125,1079.5,1084.9000244140625,5,73.17803733988916,25.912418229922196,18.504101772400077,7.408316457522119,14.882377969435886,1.0291569652903494,1016.08899091464,981.2215274230223,1,0.18181818181818182,0.006494108768394513,0.06707977907759055,0.15108755906001337,0.22355111883928233,0.25777922118297086,0.37,239.557,1.88,0.0,1.0
2016-05-03,1070.0999755859375,1070.0999755859375,1070.0999755859375,1070.0999755859375,2,67.35006510015553,26.961595284056216,20.195600474731304,6.765994809324912,14.879296865468842,0.8879173119768788,1021.2328942166683,984.7069567627444,1,0.07692307692307693,-0.013641855005135817,0.05025022077246355,0.12642102693256585,0.2353203198026804,0.2598155122929084,0.37,239.557,1.81,0.0,1.0
2016-05-04,1060.0,1060.0,1054.4000244140625,1054.4000244140625,2,61.73342108644089,26.223927694136364,21.401265918612317,4.822661775524047,13.844224827569022,0.763571884184205,1024.391668521182,987.4400182392667,1,0.09153318077803203,-0.014671480730834019,0.029587002783384442,0.11825219759569783,0.24215844977797676,0.25718333198404447,0.37,239.557,1.79,0.0,1.0
2016-05-05,1068.699951171875,1068.699951171875,1060.0,1063.199951171875,2,63.567400586377516,26.049123281641414,22.33083739121814,3.7182858904232745,13.051770500780426,0.8030254360716987,1028.0876954402956,990.4109960013297,1,0.12158054711246201,0.008345909099065851,0.013633260010457837,0.11469906141648267,0.24139138681288422,0.25677434917772407,0.37,239.557,1.76,0.0,1.0
2016-05-06,1079.0,1083.699951171875,1079.0,1083.699951171875,1,67.47774472971463,27.250639787160935,23.3147978704067,3.935841916754235,12.974319399402596,0.913192263627449,1033.384100748065,994.0693864001747,1,0.060790273556231005,0.019281415482952813,0.00538076503056506,0.12010330870478025,0.24433101430803855,0.25870916992640375,0.37,239.557,1.79,0.0,0.0
2016-05-09,1060.0,1060.0,1045.0,1045.699951171875,5,55.571126211063,24.850111239779835,23.62186054428133,1.228250695498506,12.52596724372353,0.6108831273103399,1034.557038883666,996.0941144304375,1,0.308641975308642,-0.03506505648441538,-0.036132429127152865,0.0569030982095986,0.2764981004980436,0.26352319157868875,0.37,239.557,1.77,0.0,0.0
2016-05-10,1048.5,1048.5,1048.5,1048.5,24,56.18463530240053,22.90952882296665,23.479394200018394,-0.5698653770517446,12.219350043534625,0.6157657043984387,1035.8849399423646,998.1492471978713,1,1.610738255033557,0.0026776790273224105,-0.020185007082268558,0.05007511266900355,0.2754672139732336,0.2631643749867408,0.37,239.557,1.77,0.0,0.0
2016-05-11,1066.5999755859375,1069.0,1064.4000244140625,1064.4000244140625,24,59.59649822975154,22.39643025794726,23.26280141160417,-0.8663711536569103,12.101529451731485,0.7184620425467576,1038.6006622730024,1000.747316892624,1,1.589403973509934,0.015164544028671845,0.00948406654823164,0.062063471811435456,0.27907709362747213,0.26005484827732,0.37,239.557,1.73,0.0,0.0
2016-05-12,1052.5,1052.5,1052.5,1052.5,22,56.076970190203184,20.789910286420763,22.76822318656749,-1.978312900146726,11.451103543013291,0.6049188790223969,1039.9244087231925,1002.776833877227,1,1.3793103448275863,-0.011180030196460522,-0.0100639123996209,0.06088098568734468,0.27979982930213504,0.2605026915199702,0.37,239.557,1.75,0.0,0.0
2016-05-13,1060.300048828125,1060.9000244140625,1051.9000244140625,1051.9000244140625,22,55.89773293228461,19.246457438210655,22.063870036896123,-2.8174125986854683,10.506804544044957,0.5796047495417771,1041.0649435508944,1004.7032335061225,1,1.4012738853503186,-0.0005700480626484872,-0.029343848104288583,0.06413760689333592,0.2790528669596129,0.2602429645410706,0.37,239.557,1.71,0.0,0.0
2016-05-16,1053.0999755859375,1053.0999755859375,1053.0999755859375,1053.0999755859375,0,56.19926935924457,17.913589261007928,21.233813881718486,-3.320224620710558,8.695869009478372,0.5668886031909982,1042.2111370780415,1006.6011449602329,1,0.0,0.001140746405575488,0.007076623084633082,0.07855381939170147,0.27321472288783005,0.2602166912334196,0.37,239.557,1.75,0.0,1.0
2016-05-17,1053.699951171875,1053.699951171875,1053.699951171875,1053.699951171875,0,56.35993350191768,16.713037154544963,20.329658536283784,-3.6166213817388204,8.195285288590892,0.5547291069679501,1043.3053098488829,1008.4481569685327,1,0.0,0.0005697232929890994,0.0049594193341677695,0.039151825613289004,0.24192573362236225,0.2565886084565503,0.37,239.557,1.76,0.0,1.0
2016-05-18,1042.0,1042.0,1042.0,1042.0,0,52.32891759792726,14.64864225224278,19.193455279475582,-4.544813027232802,7.982893549567151,0.4073999848753926,1043.1809946251797,1009.7639155187863,1,0.0,-0.011103683889197136,-0.021044742484286783,0.01490216183478088,0.2428165485936939,0.2561105504259231,0.37,239.557,1.87,1.0,1.0
2016-05-19,1012.5,1012.5,1012.5,1012.5,0,43.81893769605234,10.511026391439145,17.456969501868297,-6.945943110429152,8.434675506544036,0.08905824863076149,1040.2589951370674,1009.8712129494222,1,0.0,-0.02831094049904026,-0.038004750593824244,-0.0175625616288676,0.26390462605048814,0.26357437051100874,0.37,239.557,1.85,2.0,1.0
2016-05-20,1022.5,1022.5,1022.5,1022.5,1,46.96735806298376,7.947241584354515,15.555023918365542,-7.607782334011027,8.06732250669286,0.18133211888493678,1038.5676622668705,1010.3664595004253,1,0.0947867298578199,0.009876543209876631,-0.02794944741106853,0.012376237623762387,0.25617894192132573,0.2609186919307181,0.37,239.557,1.85,2.0,1.0
2016-05-23,1012.2999877929688,1012.2999877929688,1012.2999877929688,1012.2999877929688,0,44.2437768225656,5.034335230842771,13.450886180860989,-8.416550950018218,8.20601976481844,0.07074400613873393,1036.0659789836418,1010.4422841393487,1,0.0,-0.009975562060666299,-0.03874274877868833,-0.0043277509208552445,0.2578155014867222,0.26036981413840143,0.37,239.557,1.84,2.0,1.0
2016-05-24,1003.7000122070312,1003.7000122070312,1003.7000122070312,1003.7000122070312,0,42.030721561565514,2.0087343631923886,11.16245581732727,-9.153721454134882,8.703442392858271,0.009071386888914738,1032.983505957298,1010.1778813184735,1,0.0,-0.008495481270020866,-0.04745178066036371,-0.01491806049938238,0.25929705407917525,0.2581128368093259,0.37,239.557,1.86,2.0,1.0
2016-05-25,994.2000122070312,994.2000122070312,994.2000122070312,994.2000122070312,0,39.67016124623315,-1.1424769646043842,8.70146926094094,-9.843946225545324,9.633942308838654,-0.023506545647080296,1029.289839885844,1009.5512982160641,1,0.0,-0.00946497946045699,-0.045873308822426795,-0.02919633247896425,0.26011222749357965,0.25902568030803624,0.37,239.557,1.87,2.0,1.0
2016-05-26,995.2999877929688,995.2999877929688,995.2999877929688,995.2999877929688,18,40.089720904301856,-3.510607707850454,6.259053867182661,-9.769661575033115,10.574500201316823,0.056062190829158816,1026.0527111150939,1008.9924232975113,1,2.368421052631579,0.0011063926498005028,-0.01698766637731486,-0.05110118731385849,0.2425665879461476,0.2590085605916529,0.37,239.557,1.83,2.0,1.0
2016-05-31,973.2000122070312,983.2999877929688,973.2000122070312,978.7000122070312,9,36.01873919174361,-6.650188448498739,3.6772054040463815,-10.32739385254512,11.523488690783863,-0.00650764084094773,1021.542930266707,1007.8044856076887,1,1.3138686131386863,-0.016678364100804588,-0.04283617388065408,-0.09203080987121748,0.21992865034370807,0.2612615036846561,0.37,239.557,1.84,2.0,1.0
2016-06-01,970.2000122070312,970.2000122070312,970.2000122070312,970.2000122070312,0,34.1087617749304,-9.7122509837817,0.9993141264807652,-10.711565110262466,12.23264981091343,-0.0016593739059632866,1016.6531285467379,1006.3298003762903,1,0.0,-0.00868499018492086,-0.04158843830248826,-0.10572403873709835,0.21615522773979798,0.2448003554977827,0.38,240.222,1.85,2.0,1.0
2016-06-02,958.4000244140624,958.4000244140624,958.4000244140624,958.4000244140624,1,31.60334439796995,-12.941931472302485,-1.788934993275885,-11.152996479026601,13.390958725870469,-0.005901498096573314,1011.1052138674355,1004.4502013189481,1,0.15267175572519084,-0.01216242799886802,-0.045132995159937184,-0.10438272471757915,0.21547022926918227,0.243681789174631,0.38,240.222,1.81,2.0,1.0
2016-06-03,983.2000122070312,983.2000122070312,980.9000244140624,980.9000244140624,1,40.567758048819876,-13.529949730006138,-4.137137940621936,-9.3928117893842,13.79119883534907,0.19229788706539047,1008.2285291575904,1003.5266649697369,1,0.15384615384615385,0.023476627114816573,-0.013377577579630207,-0.06970788912950243,0.23509415896628497,0.24724314112271045,0.38,240.222,1.71,2.0,0.0
2016-06-06,991.4000244140624,995.5,989.2000122070312,995.5,4,45.55435706729678,-12.671789916736202,-5.844068335844789,-6.827721580891413,13.584066222114044,0.3162465737436121,1007.0162882854389,1003.2118937944531,1,0.6060606060606061,0.01488426467790016,0.0002009567060026196,-0.06367565301075784,0.2404994406057304,0.24872072828504913,0.38,240.222,1.73,2.0,0.0
2016-06-07,998.4000244140624,998.4000244140624,998.4000244140624,998.4000244140624,0,46.51431913039181,-11.623693643488537,-6.999993397373539,-4.623700246114997,12.520836216490764,0.35609025035285374,1006.1956917262602,1003.0231930344378,1,0.0,0.002913133514879318,0.020128754430692508,-0.07871175657576834,0.22699835013259406,0.24852022371721819,0.38,240.222,1.72,2.0,0.0
2016-06-08,1011.2999877929688,1011.2999877929688,1011.2999877929688,1011.2999877929688,3,50.67999574210014,-9.641014941703816,-7.528197706239595,-2.1128172354642203,12.269889537594283,0.4702903990438976,1006.6818151611848,1003.3477732210469,1,0.46511627906976744,0.012920636081191095,0.0423623738083061,-0.03289659078625329,0.2013223049244519,0.24916200229989124,0.38,240.222,1.71,2.0,0.0
2016-06-09,994.9000244140624,1003.4000244140624,994.9000244140624,1003.4000244140624,3,48.203986489246226,-8.60796158515609,-7.744150482022895,-0.8638111031331954,11.946724204754355,0.42276228410205186,1006.3692636614588,1003.3498222874397,1,0.5555555555555555,-0.007811691361874762,0.046953254229633146,-0.043013805995171794,0.20177125976852187,0.24955897542917496,0.38,240.222,1.68,2.0,1.0
2016-06-10,993.7999877929688,993.7999877929688,993.7999877929688,993.7999877929688,0,45.307206734179026,-8.466307756094466,-7.88858193683721,-0.5777258192572559,11.11881800022647,0.36262692415788383,1005.1721897692216,1002.975318973931,1,0.0,-0.009567506864173736,0.013151150023277935,-0.06632848083591325,0.19259111877900534,0.250099628472759,0.38,240.222,1.64,2.0,1.0
2016-06-13,994.9000244140624,994.9000244140624,994.9000244140624,994.9000244140624,0,45.70980588277424,-8.171091062627397,-7.945083761995248,-0.22600730063214947,10.48067067938028,0.39158141703875265,1004.1938883068256,1002.6586407558971,1,0.0,0.0011068994109535435,-0.0006026876804998693,-0.054726817658848126,0.19092933651021973,0.2500754516761442,0.38,240.222,1.62,2.0,1.0
2016-06-14,971.5,971.5,971.5,971.5,0,39.113987470104114,-9.713346699777844,-8.298736349551767,-1.4146103502260772,10.063989959125621,0.19451648378189035,1001.0801846585565,1001.4367332752737,-1,0.0,-0.023519975715995844,-0.026943132768700973,-0.07643314245462396,0.20462432867870628,0.24671762541595088,0.38,240.222,1.62,2.0,0.0
2016-06-15,974.4000244140624,974.4000244140624,974.4000244140624,974.4000244140624,0,40.26442330594252,-10.579632254830472,-8.754915530607509,-1.824716724222963,9.227818753769803,0.23971215088067377,998.5392170162237,1000.3764701826772,-1,0.0,0.0029850997571410076,-0.036487653341552795,-0.07473169974017613,0.20533768558166263,0.243694216301706,0.38,240.222,1.6,2.0,0.0
2016-06-16,977.9000244140624,977.9000244140624,977.9000244140624,977.9000244140624,0,41.69625635941764,-10.85857811984522,-9.17564804845505,-1.6829300713901691,7.881758967567343,0.2870936169059889,996.5735796255417,999.4950409368491,-1,0.0,0.003591953932990277,-0.025413593162797454,-0.07193691778528744,0.20648107816653433,0.24263021127388065,0.38,240.222,1.57,2.0,0.0
2016-06-17,965.7000122070312,965.7000122070312,965.7000122070312,965.7000122070312,0,38.25421909270066,-11.926601316986421,-9.725838702161324,-2.2007626148250967,6.979478088179309,0.13738739476097725,993.6332398713978,998.1697456925426,-1,0.0,-0.012475725434551554,-0.028275282683733916,-0.07322455642319459,0.20720153949438427,0.24184959597970054,0.38,240.222,1.62,2.0,0.0
2016-06-20,986.7999877929688,986.7999877929688,986.7999877929688,986.7999877929688,0,46.48269020928941,-10.94426700798249,-9.969524363325558,-0.9747426446569314,6.696457900275448,0.4594025202108647,992.9824539591665,997.7238728337359,-1,0.0,0.021849410085141407,-0.00814155837001218,-0.02538272810570985,0.20392543888804812,0.23391893798593463,0.38,240.222,1.67,2.0,0.0
2016-06-21,989.0999755859376,989.0999755859376,981.0999755859376,981.0999755859376,4,44.74783818679561,-10.504612702537656,-10.076542031167978,-0.428070671369678,5.997029557820947,0.39327131780046637,991.8507893521924,997.0719552946066,-1,1.8604651162790697,-0.005776258894955477,0.009881601220728342,-0.04048902143184585,0.20013763090704134,0.23349407369661962,0.38,240.222,1.71,2.0,0.0
2016-06-22,983.0999755859376,983.0999755859376,983.0999755859376,983.0999755859376,2,45.516220398666235,-9.880899355507836,-10.037413496035951,0.15651414052811496,5.547932229631505,0.4477146146138489,991.0173785173109,996.5240345217177,-1,0.8888888888888888,0.0020385282333796884,0.008928521093897634,-0.028845216397456852,0.19834739517315914,0.23281837283135914,0.38,240.222,1.69,2.0,0.0
2016-06-23,965.9000244140624,970.2000122070312,965.9000244140624,965.9000244140624,2,40.322724451273324,-10.651708087579891,-10.160272414344739,-0.49143567323515214,5.570652070809127,0.16854659184573875,988.6252495550967,995.3230929488685,-1,0.851063829787234,-0.017495627707267425,-0.012271193067195374,-0.03766064295431326,0.2051806830924636,0.23169037269120707,0.38,240.222,1.74,2.0,0.0
2016-06-24,982.7999877929688,986.7000122070312,982.7999877929688,986.7000122070312,2,48.043393438565346,-9.474972790617812,-10.023212489599354,0.5482396989815417,5.499216840789929,0.5555499752885605,988.4418936171858,994.9849329197768,-1,0.8163265306122448,0.021534307140727682,0.021745883539968203,-0.0075437536792528626,0.2187679296315666,0.23575644415067268,0.38,240.222,1.57,2.0,0.0
2016-06-27,978.7999877929688,978.7999877929688,978.7999877929688,978.7999877929688,0,45.62884745452514,-9.075253661748093,-9.833620724029101,0.7583670622810086,5.4094906203512965,0.42345020383046383,987.5236168720222,994.3502291893138,-1,0.0,-0.008006510911448994,-0.008107012666155766,-0.0165779164094918,0.22034739707724876,0.23496410794470182,0.38,240.222,1.46,2.0,0.0
2016-06-28,978.5,978.5,978.5,978.5,10141,45.53526175825803,-8.682592360087028,-9.603415051240688,0.9208226911536599,5.410851439188985,0.4180158526493656,986.6642247889724,993.7286515740467,-1,19.956705697136673,-0.00030648528474663816,-0.0026500618190158365,-0.00020436518293298622,0.21210290870941143,0.22964220023613863,0.38,240.222,1.46,2.0,0.0
2016-06-29,980.5,1012.0,980.4000244140624,1011.2999877929688,6803,56.13004249220035,-5.659481574901065,-8.814628355972763,3.155146781071698,5.814407589148059,0.9607364593890559,989.0104879322101,994.4177235826319,-1,8.01956854886243,0.033520682465987495,0.02868478578714595,0.0423623738083061,0.23928065943502574,0.23767021305997357,0.38,240.222,1.5,2.0,0.0
2016-06-30,1007.7000122070312,1027.0999755859375,1000.5,1021.5,129,58.81320074518524,-2.412775779964818,-7.534257840771175,5.121482060806357,6.096497436368481,1.0549683429140433,992.1047271767616,995.479773638215,-1,0.1509301509301509,0.010086040077278646,0.05756286797866661,0.0658388710126705,0.2346280437194218,0.23796530148089115,0.38,240.222,1.49,2.0,0.0
2016-07-01,1025.9000244140625,1058.0999755859375,1024.800048828125,1054.699951171875,146,66.08431686473367,2.806864760034614,-5.466033320610017,8.27289808064463,8.388515440766163,1.2565448873616185,998.0661770810581,997.8021335414958,1,0.169383374905737,0.032501175890234935,0.06891652794524927,0.07523695067894076,0.24633884034999928,0.24543341354518228,0.39,240.101,1.46,2.0,0.0
2016-07-05,1064.5999755859375,1073.199951171875,1052.0,1072.4000244140625,156,69.20562558114034,8.276311313427641,-2.7175643938024856,10.993875707230126,10.945696834859579,1.2046972673547127,1005.1455911127728,1000.7275410266946,1,0.17940313955494222,0.016782093544728927,0.09562733734002826,0.07724763878861118,0.24754645891907948,0.24652044449740765,0.39,240.101,1.37,2.0,0.0
2016-07-06,1072.699951171875,1088.5,1068.0999755859375,1086.9000244140625,69,71.51812855577829,13.623868455676643,0.5507221760933403,13.073146279583302,13.49923688455757,1.1434987188114945,1012.9317276176575,1004.106854100709,1,0.07903780068728522,0.013521073918216775,0.11078183384165818,0.08864182475550186,0.24989519468412041,0.2463490674555538,0.39,240.101,1.38,1.0,0.0
2016-07-07,1091.300048828125,1091.300048828125,1088.300048828125,1091.0999755859375,8,72.17003385985436,17.99333105712458,4.039243952299588,13.954087104824989,15.59066178252841,1.0563029689526486,1020.3763226622557,1007.5183490609141,1,0.009161179501860864,0.0038641559274406045,0.0789083246872393,0.0789083246872393,0.2478248693557083,0.24268083962611223,0.39,240.101,1.4,2.0,0.0
2016-07-08,1080.5,1097.0,1080.0999755859375,1097.0,31,73.1014403684178,21.68230420459895,7.567856002759461,14.114448201839489,17.47414076293805,1.0009597723302996,1027.673815742041,1011.0274334114665,1,0.035442748527982626,0.005407409537236951,0.073910915320607,0.09328281174858,0.24400365528484283,0.24230475552010075,0.39,240.101,1.37,1.0,0.0
2016-07-11,1094.0,1104.699951171875,1094.0,1104.699951171875,5,74.30984441444812,24.93967466485401,11.04221973517837,13.89745492967564,19.16190534363877,0.9654261571798707,1035.0096381639298,1014.7008654805022,1,0.005714938850154304,0.0070190986069964545,0.04740684774323256,0.11159183411260942,0.2383556759800677,0.24252259056883568,0.39,240.101,1.43,1.0,0.0
2016-07-12,1097.199951171875,1099.199951171875,1094.0,1094.4000244140625,8,69.79309055336425,26.385886142609024,14.110953016664503,12.274933125944521,20.159045165857258,0.8659018276159851,1040.6658654258472,1017.826322693583,1,0.00913972352336342,-0.009323732427874432,0.020514732841432348,0.1000100488072655,0.24363478568167835,0.24236995289106475,0.39,240.101,1.53,1.0,0.0
2016-07-13,1095.5,1098.0,1095.0,1096.699951171875,9,70.22825056582984,27.401733894833797,16.769109192298362,10.632624702535434,20.58696458116555,0.8373511441199963,1046.002445020707,1020.91940616332,1,0.010276905509563231,0.0021015412157394664,0.009016401267536667,0.12887282673378797,0.21950782109201883,0.2421220954436822,0.39,240.101,1.48,1.0,0.0
2016-07-14,1088.0,1101.9000244140625,1088.0,1100.9000244140625,21,71.04849147507683,28.22040411438843,19.059368176716376,9.161035937672054,20.875046229344722,0.8207906704812318,1051.2307859153123,1024.0559009966826,1,0.0239507299270073,0.0038297377853437897,0.008981806477323273,0.12982347786379478,0.21937144473591777,0.2403755518034059,0.39,240.101,1.53,1.0,0.0
2016-07-15,1097.0,1097.0,1085.199951171875,1090.5,6,66.18593188133194,27.710580781984845,20.78961069777007,6.920970084214776,20.74482302102101,0.7465684959381796,1054.9707110662348,1026.661551937989,1,0.006840725116862388,-0.009446838208217678,-0.00592525068368277,0.11514466998137696,0.2261679335745891,0.22959884933033056,0.39,240.101,1.6,1.0,0.0
2016-07-18,1085.199951171875,1098.5,1085.199951171875,1098.5,13,68.00018490689062,27.633533090990568,22.15839517641417,5.475137914576397,20.199532006241718,0.7580628471877519,1059.1163576313552,1029.4787459796366,1,0.01481059527200228,0.00733608436497013,-0.005612339500239871,0.13751681279310013,0.2159566598038139,0.22876502918992392,0.39,240.101,1.59,1.0,0.0
2016-07-19,1088.0,1094.699951171875,1088.0,1094.699951171875,7,66.18368552678314,26.955118234651763,23.11773978806169,3.8373784465900727,19.859423182347978,0.7170148933382776,1062.5052713018808,1032.036440300901,1,0.007971757203052043,-0.003459307080678209,0.000274055876390511,0.10934329622381767,0.2108771406043398,0.2288873516877261,0.39,240.101,1.56,0.0,1.0
2016-07-20,1071.9000244140625,1087.800048828125,1066.5,1087.5999755859375,8,62.80777497962301,25.55003597015616,23.604199024480586,1.9458369456755733,19.057535507476395,0.6631943155370058,1064.8952431384578,1034.2154024689416,1,0.009108505066605944,-0.006485773182265175,-0.008297598241172266,0.10855162842746524,0.21138482426327107,0.22516249460286086,0.39,240.101,1.59,0.0,0.0
2016-07-21,1089.4000244140625,1105.199951171875,1089.4000244140625,1105.199951171875,3,67.265249877973,25.562006197475966,23.995760459079662,1.5662457383963044,18.309730910445023,0.7280588499292906,1068.733786760688,1036.9991102612137,1,0.003415494962144931,0.01618239792296383,0.003905828560682556,0.12419894071624249,0.2144767990941726,0.22694988117632606,0.39,240.101,1.57,0.0,0.0
2016-07-22,1085.5999755859375,1085.5999755859375,1085.0,1085.5999755859375,23,58.8118785660291,23.716548850800336,23.9399181374238,-0.22336928662346267,16.349839108505908,0.6072898026042466,1070.3400904583307,1038.9050265484577,1,0.026154196042756424,-0.017734325417907537,-0.004493374061496969,0.12392581855921159,0.2148314032286064,0.23035517540211892,0.39,240.101,1.57,1.0,0.0
2016-07-25,1083.5,1085.0,1083.5,1085.0,13,58.56923350390308,21.95254234896197,23.542442979731433,-1.5899006307694634,14.799171212147924,0.5832191336916402,1071.7362723194422,1040.7126725661653,1,0.014773566679924995,-0.0005526672802416144,-0.01228948566226673,0.09962499906439981,0.20786083891504667,0.23022339345088855,0.39,240.101,1.58,1.0,1.0
2016-07-26,1097.699951171875,1097.699951171875,1096.199951171875,1096.4000244140625,19,61.794661451020865,21.229718207059932,23.079898025197135,-1.8501798181372031,12.508425337556023,0.6388718406962925,1074.0852010903584,1042.8964902856908,1,0.021568850039732093,0.010506934943836477,0.0015530038531266221,0.12014715783381069,0.20308168314051306,0.22610150153301642,0.39,240.101,1.57,1.0,1.0
2016-07-27,1104.0999755859375,1125.4000244140625,1104.0999755859375,1125.0,21,68.43404646407296,22.70294841946702,23.004508104051112,-0.30155968458409177,9.769007869583431,0.8773319838689544,1078.9342295579434,1046.1162357646833,1,0.05601493731661777,0.02608534745447666,0.03438766573520158,0.14971895758814502,0.21369219495024167,0.22535899551219082,0.39,240.101,1.52,0.0,1.0
2016-07-28,1147.300048828125,1147.5999755859375,1135.5999755859375,1135.5999755859375,5,70.48153490460504,24.444047653485086,23.292416013937906,1.1516316395471797,8.358249193193338,0.986585920798194,1084.330967274895,1049.6254020321835,1,0.14285714285714285,0.009422200520833313,0.027506357000675274,0.12291109393191757,0.190811812180173,0.2257544338844804,0.39,240.101,1.52,0.0,1.0
2016-07-29,1140.0,1150.5999755859375,1140.0,1147.300048828125,4,72.5945738613572,26.462931270357785,23.926519065221882,2.5364122051359033,7.2394835727163045,1.1266521832581127,1090.328022660917,1053.4557803379066,1,0.1391304347826087,0.01030298828260423,0.05683499873780473,0.12315227491740077,0.19087660678930068,0.22452405734611716,0.39,240.101,1.46,0.0,1.0
2016-08-01,1159.5999755859375,1161.0,1159.5999755859375,1160.0,2,74.71073211986051,28.756207345488974,24.892456721275302,3.8637506242136723,7.86740796104704,1.1595796791792112,1096.963449074163,1057.6339850305378,1,0.09280742459396751,0.011069424415040219,0.06912442396313367,0.09983886764299776,0.1655669970875461,0.22291817648345286,0.4,240.545,1.51,0.0,1.0
2016-08-02,1169.9000244140625,1179.800048828125,1168.800048828125,1168.800048828125,2,76.08853018576727,30.927225745678697,26.09941052615598,4.827815219522716,8.985528888281603,1.1149823532354377,1103.8050300031118,1061.9934385127963,1,0.1444043321299639,0.0075862489897629,0.06603431485032529,0.08989185212554762,0.1599633760648772,0.2228264627379362,0.4,240.545,1.55,0.0,1.0
2016-08-03,1166.9000244140625,1166.9000244140625,1166.9000244140625,1166.9000244140625,1,75.13669839805577,32.12415017153535,27.304358455231856,4.819791716303492,9.903834573600674,1.0023595542302293,1109.814077089869,1066.1074222736302,1,0.09569377990430622,-0.0016256197250911208,0.03724446614583332,0.07360382574572788,0.15747926397648426,0.21989530756717832,0.4,240.545,1.55,0.0,1.0
2016-08-04,1161.5999755859375,1161.9000244140625,1161.5999755859375,1161.9000244140625,1,72.56417817761994,32.2969638935424,28.302879542893965,3.994084350648432,10.460861519343585,0.9008909840176892,1114.774643501697,1069.8639949065882,1,0.09900990099009901,-0.004284857224603034,0.023159606722036985,0.06488869069042402,0.15990845748189877,0.20637317984889095,0.4,240.545,1.51,0.0,1.0
2016-08-05,1144.0,1148.0,1144.0,1148.0,1,65.81766458663915,30.955468834807334,28.833397401276642,2.1220714335306923,10.625860073703548,0.7552549033066495,1117.938963168202,1072.928151969075,1,0.11627906976744186,-0.011963184544274474,0.0006100855417812134,0.046490428441203324,0.1683982586466015,0.20828655679116737,0.4,240.545,1.59,0.0,1.0
2016-08-08,1152.0,1152.0,1152.0,1152.0,0,66.77497235077598,29.87075938611406,29.040869798244128,0.8298895878699319,10.869821352261932,0.7624285287630908,1121.1828714378971,1076.0290087546016,1,0.0,0.0034843205574912606,-0.006896551724137945,0.042817100496789884,0.16755082120176767,0.20641530341539183,0.4,240.545,1.59,0.0,1.0
2016-08-09,1159.9000244140625,1159.9000244140625,1156.5,1156.5,1,67.86531039305565,29.03948264555811,29.040592367706925,-0.0011097221488149955,10.978666958502783,0.7704216339017814,1124.5464074914307,1079.18473390148,1,0.125,0.00390625,-0.010523655299687462,0.05674339747861912,0.16203900312809996,0.20480596100961015,0.4,240.545,1.55,0.0,1.0
2016-08-10,1164.0,1180.5999755859375,1164.0,1180.5999755859375,2,72.97951130839486,29.979768349749293,29.2284275641154,0.751340785633893,11.566623373180478,0.9083702061143618,1129.8848425480503,1083.1618022028313,1,0.26143790849673204,0.02083871645995461,0.011740466951103423,0.07650225964213031,0.17394338356226371,0.2084337194929102,0.4,240.545,1.5,0.0,1.0
2016-08-11,1154.199951171875,1154.199951171875,1142.0,1154.199951171875,3,61.44358143086762,28.268824793224667,29.036507009937257,-0.7676822167125898,11.506525822341422,0.6860016758785659,1132.2005671788907,1085.9476119663232,1,0.4444444444444444,-0.022361532237843762,-0.006627139237793345,0.04841486563339892,0.19740153416128708,0.2144149880282402,0.4,240.545,1.57,0.0,1.0
2016-08-12,1144.0,1144.0,1126.800048828125,1126.800048828125,3,52.21786435205223,24.420442904785432,28.113294188906895,-3.6928512841214634,11.039832102561006,0.45974498482971016,1131.6862320978653,1087.549668313845,1,0.4545454545454546,-0.023739302982928145,-0.018466856421493927,0.03328752758195774,0.21494102526547293,0.22071654915522704,0.4,240.545,1.51,0.0,1.0
2016-08-15,1113.800048828125,1113.800048828125,1113.800048828125,1113.800048828125,0,48.49720952554542,20.0899962069509,26.508634592515698,-6.4186383855647975,10.804610595637659,0.3464119345443365,1129.9827860721757,1088.5790950006794,1,0.0,-0.011537095701690814,-0.0331596798366971,0.013928128200386913,0.21877208129680106,0.22082255690471644,0.4,240.545,1.55,0.0,1.0
2016-08-16,1121.800048828125,1121.800048828125,1121.800048828125,1121.800048828125,0,50.8195408122824,17.106426900021233,24.628193054016805,-7.521766153995571,10.39340627801144,0.3969084809701407,1129.2034777632184,1089.8818775037166,1,0.0,0.007182617749404097,-0.030004281168936497,0.02475573112727325,0.21934361500888694,0.21219447299815017,0.4,240.545,1.57,0.0,1.0
2016-08-17,1112.5,1112.5,1112.5,1112.5,0,48.104010685609325,13.832043326821122,22.468963108577668,-8.636919781756546,9.854603424946292,0.2971286575608929,1127.6126703571977,1090.7688626996494,1,0.0,-0.008290290981748605,-0.057682514818060304,0.022894469449254773,0.22028620603307375,0.21248864458132755,0.4,240.545,1.56,0.0,1.0
2016-08-18,1131.0,1131.0,1131.0,1131.0,10,53.434414816165365,12.584796443808955,20.492129775623926,-7.9073333318149714,9.55107711678203,0.4494685987228577,1127.9352731803217,1092.3465543584866,1,1.8018018018018018,0.016629213483146055,-0.020100461058172647,0.023344236308342703,0.22068629937165474,0.21334321200089978,0.4,240.545,1.53,0.0,0.0
2016-08-19,1116.199951171875,1116.199951171875,1116.199951171875,1116.199951171875,0,49.090329081091355,10.283561555515007,18.450416131602143,-8.166854576087136,8.788398428515015,0.28187842144847836,1126.8176234652315,1093.281981684502,1,0.0,-0.013085807982427089,-0.009407257008263503,0.02818715574253905,0.21586537135440242,0.2145162458034791,0.4,240.545,1.58,0.0,1.0
2016-08-22,1106.5,1106.5,1106.5,1106.5,4,46.426337559340276,7.58962288510088,16.278257482301893,-8.688634597201013,8.108171032752477,0.1471391054571371,1124.882611706638,1093.8003353439333,1,1.0126582278481011,-0.008690155524277876,-0.006554182535550845,0.019815668202765035,0.21877221245729625,0.2143465388430386,0.4,240.545,1.55,0.0,1.0
2016-08-23,1108.800048828125,1108.800048828125,1108.800048828125,1108.800048828125,1,47.158594416604934,5.57597542436929,14.137801070715373,-8.561825646346083,7.749199210399308,0.15001674327971617,1123.3509390515414,1094.388559402137,1,0.3278688524590164,0.002078670427587026,-0.01158851794807847,0.011309762986086547,0.21596519440857556,0.21434265876088432,0.4,240.545,1.55,0.0,1.0
2016-08-24,1079.699951171875,1079.699951171875,1079.699951171875,1079.699951171875,0,39.75495224552421,1.6134122113389822,11.632923298840096,-10.019511087501114,8.976905659197424,-0.06553272156928217,1119.1937021106207,1093.8125355499699,1,0.0,-0.026244675662672856,-0.02948318995786514,-0.04026671006944449,0.21492045595521478,0.21885858894160365,0.4,240.545,1.56,0.0,0.0
2016-08-25,1074.5,1074.5,1074.5,1074.5,0,38.58911248925049,-1.924357490202965,8.921467141031483,-10.845824631234448,10.221017501556826,-0.016532735601782995,1114.9371590524663,1093.055181214677,1,0.0,-0.004816107629004862,-0.04995579133510164,-0.05380413605099954,0.2107729681967906,0.2182157024581787,0.4,240.545,1.58,0.0,0.0
2016-08-26,1075.199951171875,1075.199951171875,1075.199951171875,1075.199951171875,0,38.84907088474619,-4.618347818267694,6.213504149171648,-10.831851967439341,11.152880901503998,0.059251426561236255,1111.1526630638386,1092.3549761149593,1,0.0,0.0006514203553977804,-0.036731770107098605,-0.06284327951514901,0.20560182488565693,0.2162894654086775,0.4,240.545,1.62,0.0,0.0
2016-08-29,1078.300048828125,1078.300048828125,1078.300048828125,1078.300048828125,9,40.05931365944836,-6.429092019320933,3.684984915473132,-10.114076934794065,11.626179705489365,0.1305125854691695,1108.0238426604374,1091.8038024958678,1,4.736842105263158,0.002883275480873193,-0.02548572180015818,-0.07043099238954742,0.20007761582564537,0.21170721246385843,0.4,240.545,1.57,0.0,0.0
2016-08-30,1053.800048828125,1053.800048828125,1053.800048828125,1053.800048828125,1,34.28444677952835,-9.728916199413334,1.002204692495839,-10.731120891909173,12.445853170590357,0.01867898496079149,1102.8596718192648,1090.3134592147799,1,0.5405405405405405,-0.022720948614095016,-0.04960317241880419,-0.09839150855212797,0.20664570943947136,0.21575716119268865,0.4,240.545,1.57,0.0,0.0
2016-08-31,1056.0999755859375,1056.0999755859375,1050.800048828125,1050.800048828125,1,33.64486350561981,-12.442693933680175,-1.6867750327393638,-10.755918900940811,13.048188789949645,0.05778553030428583,1097.9016124867753,1088.7639137094209,1,0.5405405405405405,-0.002846839875682461,-0.026766605215071904,-0.09949436383312704,0.2064122290006976,0.2158565146716314,0.4,240.545,1.58,0.0,0.0
2016-09-01,1046.199951171875,1046.199951171875,1046.199951171875,1046.199951171875,0,32.63938588053189,-14.794035345542625,-4.308227095300016,-10.48580825024261,13.578432929895998,0.08070437894854578,1092.977644742499,1087.0947387079484,1,0.0,-0.004377709785396533,-0.02633787699220569,-0.09957833790435988,0.20640682641512845,0.21465469167405363,0.4,241.176,1.57,0.0,0.0
2016-09-02,1059.5,1059.5,1059.5,1059.5,1,38.37381018661096,-15.40668884894012,-6.527919446028037,-8.878769402912084,13.776575386193096,0.20152183752810404,1089.7892976241658,1086.0125920919504,1,0.5555555555555556,0.012712721706044094,-0.014601889773863341,-0.07709059233449478,0.21407348483721186,0.21532953381747633,0.4,241.176,1.6,0.0,0.0
2016-09-06,1069.9000244140625,1100.0,1069.9000244140625,1100.0,1,51.823336214569274,-12.480344000047126,-7.718404356831855,-4.76193964321527,13.243006754351894,0.48400488498773164,1090.7617454694832,1086.561117892266,1,0.5405405405405405,0.03822557810287863,0.02012422348998144,-0.04513888888888884,0.2591998024471872,0.2268468439618582,0.4,241.176,1.55,0.0,0.0
2016-09-07,1098.300048828125,1100.199951171875,1091.199951171875,1091.199951171875,2,49.30536598340404,-10.747395731505094,-8.324202631766504,-2.42319309973859,12.50598786575968,0.44274226856595383,1090.8034793459015,1086.7430329228391,1,1.0526315789473684,-0.008000044389204541,0.03549051111293888,-0.05646350957900992,0.2588693416083942,0.22771907647525902,0.4,241.176,1.54,0.0,0.0
2016-09-08,1083.0999755859375,1083.0999755859375,1083.0999755859375,1083.0999755859375,0,47.03981350751439,-9.913347183445694,-8.642031542102343,-1.2713156413433513,10.578708442600972,0.40414805369390855,1090.069812321143,1086.600167929235,1,0.0,-0.007422998486426469,0.03073841383413911,-0.08258512791482164,0.2437640476525149,0.22234974702847943,0.4,241.176,1.61,0.0,0.0
2016-09-09,1065.9000244140625,1065.9000244140625,1065.9000244140625,1065.9000244140625,0,42.566996464978494,-10.518993603281615,-9.017423954338197,-1.501569648943418,9.556696161006034,0.27070881783974693,1087.767927758564,1085.7883975953068,1,0.0,-0.015880298734722187,0.018830122502033086,-0.07650314546293335,0.23824885714916727,0.22530923958574367,0.4,241.176,1.67,0.0,0.0
2016-09-12,1041.300048828125,1041.300048828125,1041.300048828125,1041.300048828125,0,37.129196374130004,-12.836019550426727,-9.781143073555903,-3.054876476870824,9.80927986447474,0.08485290087392461,1083.3424154794745,1084.043756467182,-1,0.0,-0.023079064661303827,-0.017177868024421894,-0.0758785909611206,0.2375053219167596,0.23093406562581859,0.4,241.176,1.68,0.0,0.0
2016-09-13,1034.4000244140625,1034.4000244140625,1034.4000244140625,1034.4000244140625,0,35.7496917321843,-15.05550314261177,-10.836015087367077,-4.2194880552446925,10.351833498477495,0.07899673659704724,1078.6812353780067,1082.096943445491,-1,0.0,-0.006626355604062217,-0.05963634144176133,-0.07128750308244514,0.23603272537645223,0.2297626169343734,0.4,241.176,1.73,0.0,0.0
2016-09-14,1039.300048828125,1039.300048828125,1039.300048828125,1039.300048828125,0,37.52489032045143,-16.231956965081054,-11.915203462909872,-4.316753502171181,10.332340885693398,0.15765916593950308,1074.9306461827798,1080.418633852653,-1,0.0,0.004737069120660742,-0.0475622293494542,-0.07354251774742093,0.23470390489185236,0.22591108246449193,0.4,241.176,1.7,0.0,0.0
2016-09-15,1032.199951171875,1032.199951171875,1032.199951171875,1032.199951171875,0,35.97389683173819,-17.53509003543354,-13.039180777414607,-4.4959092580189335,10.533817049267515,0.13566600572498763,1070.8610561817413,1078.5277051200735,-1,0.0,-0.006831614858727075,-0.046994760928257384,-0.0721798191713483,0.2343874612994458,0.22605519049233957,0.4,241.176,1.71,0.0,0.0
2016-09-16,1016.0,1016.0,1016.0,1016.0,0,32.65721539181908,-19.64853695001375,-14.361052011934436,-5.287484938079313,10.360952503036984,0.03312379699142153,1065.6361936882422,1076.0756382526197,-1,0.0,-0.015694586260620258,-0.04681492004045418,-0.10167992926613612,0.2252685679926426,0.22860106063244698,0.4,241.176,1.7,0.0,0.0
2016-09-19,1022.0999755859376,1022.0999755859376,1022.0999755859376,1022.0999755859376,0,35.08419322217587,-20.593848737202507,-15.607611356988052,-4.986237380214455,10.156841132610896,0.12171544661064086,1061.4898872023084,1073.9589455990244,-1,0.0,0.006003912978284953,-0.018438559821249534,-0.0843038700074693,0.22671829101346952,0.22567742447342565,0.4,241.176,1.7,1.0,0.0
2016-09-20,1030.5,1030.5,1030.5,1030.5,1,38.377636766773485,-20.429702477756337,-16.57202958114171,-3.857672896614627,9.788585520642181,0.22375161990513726,1058.538469373517,1072.2546732225921,-1,1.1764705882352942,0.008218398018497997,-0.0037703251372906976,-0.06868504292815181,0.2303588604080722,0.2221958315888366,0.4,241.176,1.69,0.0,0.0
2016-09-21,1047.5,1047.5,1047.5,1047.5,0,44.51304815955755,-18.712155380153263,-17.00005474094402,-1.7121006392092433,8.849185622319553,0.4082436642687678,1057.4871865760392,1071.283901723667,-1,0.0,0.016496846191169423,0.007889878559248498,-0.05528503438732002,0.24035762288059714,0.22370784522093645,0.4,241.176,1.66,0.0,0.0
2016-09-22,1062.4000244140625,1062.4000244140625,1062.4000244140625,1062.4000244140625,0,49.27966450994863,-15.964648950081255,-16.792973582771467,0.8283246326902116,8.637496833374284,0.5788866189757411,1057.9550758939463,1070.9355143781922,-1,0.0,0.014224366982398484,0.029257968098042264,-0.016022902232268987,0.23023571520323938,0.22526134189974262,0.4,241.176,1.63,0.0,0.0
2016-09-23,1062.4000244140625,1062.4000244140625,1056.5999755859375,1056.5999755859375,0,47.566687278686224,-14.092792833606609,-16.252937432938495,2.160144599331886,8.482550228363046,0.5255496099143003,1057.826018721755,1070.3733363863391,-1,0.0,-0.005459383184148403,0.03996060589167083,-0.016658933842775725,0.23039684199020763,0.21580676143964794,0.4,241.176,1.62,0.0,0.0
2016-09-26,1042.5,1042.5,1042.5,1042.5,0,43.59904743416931,-13.590421645689958,-15.720434275488788,2.1300126297988307,8.345670054849249,0.384124825394387,1056.3663978911115,1069.2802643711887,-1,0.0,-0.013344667718848235,0.019958932493240322,-0.03041290239665173,0.23457509183968225,0.21684210874926307,0.4,241.176,1.59,0.0,0.0
2016-09-27,1024.800048828125,1024.800048828125,1024.800048828125,1024.800048828125,0,39.18088234812275,-14.453911302535289,-15.46712968089809,1.0132183783628008,8.35729646838513,0.2127706821982913,1053.360078932732,1067.5359421930293,-1,0.0,-0.01697837042865702,-0.005531248104682196,-0.04961513268792184,0.2402499239373531,0.20946168732709342,0.4,241.176,1.56,1.0,0.0
2016-09-28,1021.9000244140624,1021.9000244140624,1021.9000244140624,1021.9000244140624,12487,38.49261584562766,-15.197058578934275,-15.413115460505328,0.21605688157105263,8.679341060082002,0.2086657952314714,1050.3638832642873,1065.7462983585601,-1,19.990394620987754,-0.002829844141185256,-0.024439117504475028,-0.03027142051239884,0.22784068907401803,0.2064429681077383,0.4,241.176,1.57,0.0,0.0
2016-09-29,1030.4000244140625,1041.699951171875,1020.0,1030.800048828125,3746,41.867623235665526,-14.896137163265394,-15.309719801057343,0.4135826377919489,8.806176873177556,0.31992047768351084,1048.5006609370337,1064.3758572005038,-1,4.613868703042247,0.008709290734351116,-0.029743952239991378,-0.019033116740244216,0.23061362735056937,0.20526849749383067,0.4,241.176,1.56,0.0,1.0
2016-09-30,1026.0,1040.0,1025.0,1028.5999755859375,570,41.26484397345672,-14.666120390670585,-15.180999918979992,0.5148795283094074,8.952085314703448,0.3086162313340472,1046.6053575702626,1062.972881450913,-1,0.6782484531175631,-0.002134335601447268,-0.026500095255513,-0.01682276467918331,0.2303082741807544,0.20504474546464924,0.4,241.176,1.6,0.0,1.0
2016-10-03,1024.5,1024.5,1003.7000122070312,1003.7000122070312,76,35.104692139790004,-16.30509440942592,-15.405818817069179,-0.8992755923567408,9.573990747684515,0.09930985349948837,1042.5191342023359,1060.648455206055,-1,0.09003139252502518,-0.024207625870029892,-0.03721821371028178,-0.05266634053135322,0.23903922463839233,0.21016498783244567,0.4,241.741,1.63,0.0,1.0
2016-10-04,1005.7999877929688,1005.7999877929688,984.0,984.7000122070312,118,31.268834513268146,-18.9190473368335,-16.108464521022043,-2.8105828158114576,9.49351004475881,-0.040641897064413325,1037.012551155164,1057.6700848923676,-1,0.1388235294117647,-0.01892995892091398,-0.03912962013121368,-0.10481817072088073,0.19269179059172342,0.21246531130481244,0.4,241.741,1.69,0.0,1.0
2016-10-05,992.5,992.5,970.4000244140624,972.2999877929688,184,29.038714094490047,-21.740590212285042,-17.234889659274643,-4.505700553010399,9.847719538383238,-0.08771214365205494,1030.849449882574,1054.3222379472932,-1,0.2141776277499709,-0.012592692454903132,-0.04853707352588954,-0.1089625812860564,0.1941871950367463,0.21306750277400072,0.4,241.741,1.72,0.0,1.0
2016-10-06,980.5,980.5,960.4000244140624,962.2999877929688,62,27.34493907553008,-24.501165511145587,-18.688144829648834,-5.813020681496752,10.474192487186416,-0.09266285408052369,1024.320929683564,1050.7135222549668,-1,0.07190906982138714,-0.010284891623519532,-0.06645329626539231,-0.11153170576669813,0.1947885200190147,0.21357654747962415,0.4,241.741,1.75,1.0,1.0
2016-10-07,966.2999877929688,970.9000244140624,958.7999877929688,958.7999877929688,100,26.756687079128312,-26.663996124085884,-20.283315088536245,-6.380681035549639,11.353254330759059,-0.03363421946368076,1018.0808399796978,1047.1090699231238,-1,0.11531365313653136,-0.003637119447571946,-0.06785921587564447,-0.1004785009550665,0.19120110766511142,0.21322829841872992,0.4,241.741,1.73,1.0,1.0
2016-10-11,964.0,965.0999755859376,945.7999877929688,945.7999877929688,25,24.636719047803837,-29.09169536642844,-22.044991144114686,-7.046704222313753,12.910445508087648,-0.03418924590132296,1011.1969492952474,1043.136164741549,-1,0.028786919223904656,-0.013558615107958305,-0.057686583351480136,-0.09171233703737136,0.1819290863536601,0.21399627070186186,0.4,241.741,1.77,1.0,1.0
2016-10-12,949.0,950.2999877929688,938.4000244140624,938.4000244140624,146,23.495541214301326,-31.25252010941381,-23.88649693717451,-7.366023172239299,14.454263752901584,0.002810024434596189,1004.2639088303725,1039.0288651208632,-1,0.16671424493291465,-0.00782402566548368,-0.04701938379100412,-0.09280742240351303,0.18214107262885537,0.2133213890190294,0.4,241.741,1.79,0.0,1.0
2016-10-13,940.5,941.2000122070312,928.9000244140624,928.9000244140624,28,22.08145202329368,-33.347154650391985,-25.778628479818007,-7.568526170573978,15.92177664994304,0.0212988268590687,997.0863960288192,1034.7100870539298,-1,0.03192156415664368,-0.010123614399873637,-0.04463639198167668,-0.10622536248174475,0.17938818325482608,0.21387672204390915,0.4,241.741,1.75,1.0,1.0
2016-10-14,936.2000122070312,936.2000122070312,932.0999755859376,935.9000244140624,10,25.633101808108407,-34.04982097565528,-27.432866978985462,-6.616953996669817,16.891063767607612,0.11649533668913757,991.2591225416995,1030.8351826366802,-1,0.011394063692816044,0.00753579482831368,-0.02743423434874459,-0.09329580634883927,0.185221185254714,0.21474836654957596,0.4,241.741,1.8,1.0,1.0
2016-10-17,932.7000122070312,932.7000122070312,932.7000122070312,932.7000122070312,5,25.070513386362833,-34.467582506543295,-28.83981008449703,-5.627772422046263,17.896893195161194,0.1419466213513361,985.6820644145882,1026.9867445806156,-1,0.005695409499943046,-0.0034191816685062992,-0.027221501792064284,-0.08198817696158345,0.1806974313978784,0.2112409036099271,0.4,241.741,1.77,1.0,1.0
2016-10-18,943.7000122070312,950.5,943.0,943.0,5,30.367981719365332,-33.58044413835205,-29.787936895268036,-3.792507243084014,18.393270814509375,0.2282997136109078,981.6171058989132,1023.6931467539248,-1,0.005693788077207766,0.011043194658694189,-0.0029604438878272354,-0.07738966585983142,0.1852740527466523,0.21073365794907303,0.4,241.741,1.75,0.0,1.0
2016-10-19,941.0,942.2999877929688,940.0999755859376,940.0999755859376,7,29.730644094288323,-32.734050565097846,-30.377159629234,-2.356890935863845,18.678567446222665,0.24000325756925447,977.6630934881537,1020.4149831787097,-1,0.007968581023393477,-0.0030753175122613108,0.0018115421223872108,-0.08772442931980828,0.17965572132425167,0.2107053990665627,0.4,241.741,1.76,1.0,1.0
2016-10-20,943.2999877929688,943.2999877929688,930.5,931.2000122070312,52,27.802212509541363,-32.40785267251681,-30.783298237890563,-1.6245544346262477,18.573769760650176,0.22007939051063757,973.2380381280468,1016.9163568660949,-1,0.05902048691901708,-0.009467039261818133,0.002476033730776983,-0.1110262413298031,0.16226706481506026,0.20947741646858045,0.4,241.741,1.76,1.0,1.0
2016-10-21,926.0,931.2999877929688,926.0,928.5999755859376,22,27.2462034827536,-31.990374593430715,-31.024713508998595,-0.9656610844321207,17.676260595963516,0.2275668216996413,968.9867940764174,1013.4529693649123,-1,0.024939069319276766,-0.0027921355101051537,-0.007800030599096397,-0.12594130812630455,0.14476690305505177,0.20089834077681457,0.4,241.741,1.74,1.0,1.0
2016-10-24,944.4000244140624,944.7999877929688,932.7000122070312,935.4000244140624,6,31.12571323462187,-30.756273917334056,-30.97102559066569,0.2147516733316337,16.370398029029694,0.28502260783535416,965.788054108574,1010.3920695629182,-1,0.00679925208227095,0.007322904379610806,0.0028948345359642857,-0.11470750896493598,0.15309424963666393,0.20038637311993843,0.4,241.741,1.77,1.0,1.0
2016-10-25,961.9000244140624,961.9000244140624,961.9000244140624,961.9000244140624,3,43.72047924618571,-27.324926961220285,-30.24180586477661,2.9168789035563236,14.907496737301877,0.4750574976356502,965.4177655662396,1008.4904207335513,-1,0.003399048266485384,0.02833012540982094,0.020042443705262425,-0.07731412526229031,0.19221166464904801,0.20857946308105155,0.4,241.741,1.77,1.0,1.0
2016-10-26,960.5,960.5,960.5,960.5,2,43.27028784889271,-24.436837396598094,-29.080812171140906,4.643974774542812,13.847701134763518,0.4866794252744988,964.9494069408835,1006.6084434498827,-1,0.00226577546165175,-0.0014554780939061152,0.02169984570135486,-0.06274399469599279,0.1859933823114776,0.20657436589433123,0.4,241.741,1.79,0.0,1.0
2016-10-27,959.7999877929688,961.7000122070312,959.7999877929688,961.7000122070312,27,43.804420552818954,-21.79987921524662,-27.62462557996205,5.8247463647154305,12.66821725531273,0.520037616426092,964.6399407757547,1004.8473284991826,-1,0.10396611474778591,0.001249362006279231,0.03275343599675451,-0.058909884302575155,0.18667487623373344,0.2055804408599839,0.4,241.741,1.85,0.0,1.0
2016-10-28,969.5,978.5999755859376,966.0,978.2000122070312,10,50.680490727377965,-18.169215349911497,-25.73354353395194,7.564328184040445,10.888457924849028,0.7070317673125511,965.931376150162,1003.8023357034119,-1,0.1371742112482853,0.017157117386464193,0.05341378195686097,-0.051028360622307534,0.19573946716656626,0.20971618106116274,0.4,241.741,1.86,0.0,1.0
2016-10-31,979.0,979.0,975.7999877929688,975.7999877929688,5,49.72736543092236,-15.309076487310222,-23.6486501246236,8.339573637313379,8.700284802543642,0.7627097510623155,966.8712439256674,1002.7042044128063,-1,0.11198208286674133,-0.002453510922216795,0.043190038833079036,-0.051331896797772614,0.1957323083824909,0.2096993116310427,0.4,241.741,1.84,0.0,1.0
2016-11-01,995.0999755859376,995.0999755859376,995.0999755859376,995.0999755859376,5,56.76840105022787,-11.354164375151413,-21.189752974729164,9.83558859957775,8.29817154330425,1.0249056194542767,969.5596945599789,1002.4059993607723,-1,0.121654501216545,0.019778630902241412,0.03451497071340537,-0.008568333681876816,0.19294164412533643,0.2137947316429533,0.41,242.026,1.83,0.0,2.0
2016-11-02,998.2000122070312,998.2000122070312,998.2000122070312,998.2000122070312,5,57.790997908199415,-7.878897954254285,-18.527581970634188,10.648684016379903,8.813003178957578,1.0227285670726969,972.2873438596981,1002.2410586880766,-1,0.1410437235543018,0.003115301675360005,0.03925040313069372,0.013709759147602973,0.1801017079988237,0.213752993479899,0.41,242.026,1.81,0.0,2.0
2016-11-03,991.5999755859376,991.5999755859376,991.5999755859376,991.5999755859376,20,54.81802634502509,-5.59282150931665,-15.94062987837068,10.34780836905403,9.312737908990009,0.9091357617243055,974.12664211934,1001.8237613115222,-1,0.7339449541284404,-0.0066119380288334195,0.031090738275325824,0.019849828278593273,0.17537691703593775,0.2135195718788946,0.41,242.026,1.82,0.0,2.0
2016-11-04,1001.7000122070312,1001.7000122070312,1001.7000122070312,1001.7000122070312,0,58.34917091612441,-2.932299190838762,-13.338963740864298,10.406664550025535,10.204390906562878,0.9558538027178533,976.7526773657868,1001.8189084054637,-1,0.0,0.010185595875116471,0.024023716731488287,0.040943598580341245,0.17288730078322304,0.20970173246506443,0.41,242.026,1.79,0.0,2.0
2016-11-07,998.5999755859376,998.5999755859376,998.5999755859376,998.5999755859376,0,56.8797819225098,-1.0617242365533457,-10.883515840002108,9.821791603448762,10.858559409808569,0.8786308649231901,978.8333724343726,1001.6926757458745,-1,0.0,-0.0030947754650251236,0.02336543152099968,0.04151020890663881,0.17266207019082785,0.20557432305093015,0.41,242.026,1.83,0.0,2.0
2016-11-08,1005.7999877929688,1005.7999877929688,1005.7999877929688,1005.7999877929688,4,59.43487100423491,0.990285310943932,-8.5087556098129,9.499040920756832,11.526878588035471,0.8934355142257163,981.4016215161437,1001.8537468065449,-1,0.22099447513812154,0.007210106532204108,0.010752700702992835,0.06343835987988378,0.1631354757723045,0.20146935505265423,0.41,242.026,1.88,0.0,2.0
2016-11-09,1000.5,1000.5,997.7999877929688,1000.5,10,56.76827563824362,2.1639087471685343,-6.374222738416613,8.538131485585147,11.752810793774369,0.8105432359777771,983.2205147050823,1001.8006586964843,-1,0.8849557522123893,-0.005269425191183896,0.0023041352082169286,0.0661764428498528,0.16109296623177857,0.20058256991916817,0.41,242.026,2.07,0.0,2.0
2016-11-10,1003.0,1003.5,979.5,979.5,10,47.64656130787622,1.3835406844139015,-4.82267005385051,6.206210738264412,11.258123402593826,0.6073826801430877,982.866179971265,1000.9261230613281,-1,0.9615384615384615,-0.020989505247376306,-0.012202476688029096,0.05447300490475859,0.17720974225319128,0.20358283641552685,0.41,242.026,2.15,0.0,2.0
2016-11-14,931.7000122070312,931.7000122070312,931.7000122070312,931.7000122070312,0,34.18268502955803,-3.0567300796839163,-4.469482059017191,1.412751979333275,11.368080701064752,0.17371674644105842,977.9932116127665,998.2113736160616,-1,0.0,-0.048800395909105454,-0.06988120110507934,-0.00448767186394794,0.2563347672395853,0.22563697105106817,0.41,242.026,2.23,0.0,2.0
2016-11-15,932.7999877929688,932.7999877929688,932.7999877929688,932.7999877929688,0,34.640392424540266,-6.412992824418666,-4.858184212097487,-1.554808612321179,11.365403359561821,0.18359852300533877,973.6890950585,995.6462212308422,-1,0.0,0.001180611325025005,-0.06589223853561599,0.00010718943350385146,0.25609333666213646,0.22215508359814598,0.41,242.026,2.23,0.0,2.0
2016-11-16,944.5,944.5,944.5,944.5,0,39.46273970274228,-8.03612656147709,-5.493772681973407,-2.5423538795036826,11.337559317224313,0.2888071791979036,970.9091812434048,993.6404870649269,-1,0.0,0.012542894897237034,-0.06094649884365144,0.0015906680805939377,0.2569884881587336,0.22345442822241965,0.41,242.026,2.22,0.0,2.0
2016-11-17,942.5999755859376,942.5999755859376,942.5999755859376,942.5999755859376,0,38.9600201587409,-9.367801647058059,-6.268578474990338,-3.0992231720677204,11.286290166058317,0.26933581508514914,968.2130664188841,991.6388983794764,-1,0.0,-0.002011672222405947,-0.05787108886962755,0.0026592916337879746,0.2568424393973359,0.22311495658822625,0.41,242.026,2.29,1.0,2.0
2016-11-18,919.5,919.5,919.5,919.5,2,33.390712105476766,-12.147114348917853,-7.444285649775842,-4.702828699142011,11.660597604913951,0.07697327136781162,963.5737267599427,988.8099219724381,-1,0.3053435114503817,-0.024506658374967905,-0.061255742725880524,-0.012564445933909596,0.26987379935431416,0.2274338694498707,0.41,242.026,2.34,1.0,2.0
2016-11-21,933.7000122070312,933.7000122070312,933.7000122070312,933.7000122070312,2,39.14922158384275,-13.053445385438977,-8.56611759690847,-4.487327788530507,11.521414824399988,0.19708169819719093,960.7286110882369,986.6487490404614,-1,0.3603603603603604,0.015443188914661565,0.0021466136887369203,0.00549217828470816,0.2755527086741566,0.22516762442825716,0.41,242.026,2.33,2.0,2.0
2016-11-22,941.4000244140624,941.4000244140624,941.4000244140624,941.4000244140624,0,42.073636175896794,-13.000530603970788,-9.453000198320934,-3.5475304056498533,11.387103523371438,0.2607542766185545,958.8877933097441,984.8742892511909,-1,0.0,0.008246773167358334,0.009219593410846327,0.006414368017317873,0.27588158841224075,0.22615624208048044,0.41,242.026,2.31,1.0,2.0
2016-11-23,929.5999755859376,929.5999755859376,929.5999755859376,929.5999755859376,0,38.98183104871632,-13.752233395617054,-10.312846837780159,-3.4393865578368956,11.909722180770677,0.18235542132586866,956.0984773360483,982.7066691074556,-1,0.0,-0.012534574593270564,-0.015775568463803458,-0.03357942406519865,0.2590817357229431,0.22707297839015236,0.41,242.026,2.36,2.0,2.0
2016-11-25,906.7999877929688,906.7999877929688,906.7999877929688,906.7999877929688,16,33.81166886877983,-16.003256165769244,-11.450928703377976,-4.552327462391268,13.094750242136014,0.050859934294795184,951.4033830938503,979.7299365068875,-1,2.7586206896551726,-0.024526665653791357,-0.03798004319988968,-0.05590839376057388,0.27175835017012084,0.2313694318441467,0.41,242.026,2.36,2.0,2.0
2016-11-28,921.2999877929688,921.2999877929688,921.2999877929688,921.2999877929688,16,39.323321071464015,-16.427809547902484,-12.446304872282878,-3.9815046756196057,13.669207513755854,0.19453337832336856,948.5363930651948,977.4385659690868,-1,3.0476190476190474,0.01599029576002864,0.001957572368644689,-0.04200896735079307,0.27954123538762404,0.23065380291971335,0.41,242.026,2.32,2.0,2.0
2016-11-29,918.2999877929688,921.2000122070312,918.2999877929688,918.9000244140624,29,38.7481818318144,-16.76467540688941,-13.309978979204185,-3.4546964276852243,14.134766328213841,0.20785141402613688,945.713881765087,975.1429368884976,-1,4.67741935483871,-0.0026049749383537657,-0.015850902430626923,-0.06062153654974434,0.2702280212292834,0.23065159278396255,0.41,242.026,2.3,2.0,2.0
2016-11-30,908.0999755859376,908.0999755859376,908.0999755859376,908.0999755859376,0,36.18346870273211,-17.699093574357676,-14.187801898234884,-3.5112916761227915,14.792874235803213,0.16737667535655032,942.1316049861204,972.5138011511424,-1,0.0,-0.011753235979084287,-0.03537289989858572,-0.0693789844783178,0.2719595819447223,0.23144986658397323,0.41,242.026,2.37,2.0,2.0
2016-12-01,909.5999755859376,909.5999755859376,909.5999755859376,909.5999755859376,1,36.80906257692548,-18.109830388478258,-14.97220759628356,-3.1376227921946978,14.890285408263082,0.2088566565917901,939.0333545670553,970.0465923054481,-1,0.17391304347826086,0.001651800506912382,-0.021514630513403077,-0.08592101507153149,0.25881796594830964,0.22949757583359198,0.54,242.637,2.45,2.0,2.0
2016-12-02,931.0,931.0,931.0,931.0,1,45.08070810354795,-16.51812844755375,-15.281391766537599,-1.2367366810161506,14.310090373607043,0.3785978360266728,938.2682731797167,968.515353391509,-1,0.1801801801801802,0.023526852449921254,0.026687265695636953,-0.06732118952638688,0.2759742859457697,0.2205541818286247,0.54,242.637,2.4,2.0,2.0
2016-12-05,937.0,937.0,937.0,937.0,0,47.16879837700531,-14.604195263666384,-15.145952465963356,0.5417572022969726,13.716585851750162,0.4403479294084036,938.147485257839,967.2794571800773,-1,0.0,0.0064446831364124435,0.01704115099864656,-0.05506250194658835,0.2778838100577052,0.22107303583857826,0.54,242.637,2.39,1.0,2.0
2016-12-06,934.0999755859376,934.0999755859376,934.0999755859376,934.0999755859376,0,46.25341456569674,-13.169586366145154,-14.750679245999716,1.5810928798545625,12.615654845060357,0.4389510525292901,937.7620081462293,965.9783010391307,-1,0.0,-0.0030950100470249486,0.01654146345416363,-0.067485310768991,0.27363203922306967,0.22083986998703023,0.54,242.637,2.39,2.0,2.0
2016-12-07,941.7000122070312,941.7000122070312,941.7000122070312,941.7000122070312,0,49.0442871574047,-11.289253552260561,-14.058394107251885,2.769140554991324,11.352652127370298,0.5299874256061899,938.1370561520199,965.0262112810092,-1,0.0,0.00813621327452263,0.037000371681998656,-0.056979736400974534,0.27671811463953816,0.22005201154352164,0.54,242.637,2.34,2.0,2.0
2016-12-08,942.4000244140624,942.4000244140624,942.4000244140624,942.4000244140624,0,49.30539833238128,-9.631564435952214,-13.173028172991952,3.541463737039738,9.30844743359217,0.5811464232291252,938.5430531293573,964.1389098352466,-1,0.0,0.0007433494721853506,0.0360598611570937,-0.06303436483234126,0.2745304577127652,0.21559271836510507,0.54,242.637,2.4,2.0,2.0
2016-12-09,913.7000122070312,913.7000122070312,913.7000122070312,913.7000122070312,0,40.20818808800071,-10.512503401958611,-12.640923218785284,2.128419816826673,7.00754998646615,0.23490187150912306,936.1770492319929,962.1609138498264,-1,0.0,-0.030454171756707393,-0.0185821565982478,-0.08675660948822461,0.2916033591713723,0.2235843166616105,0.54,242.637,2.47,2.0,2.0
2016-12-12,932.5,932.5,932.5,932.5,0,47.09433251561877,-9.583183014040742,-12.029375177836377,2.4461921637956348,5.150295173672011,0.5806014295873103,935.8268540670412,960.9977407576764,-1,0.0,0.0205756676609401,-0.0048025613660619415,-0.04798366513527308,0.2973621374130957,0.2278709256559032,0.54,242.637,2.49,2.0,2.0
2016-12-13,935.5,935.5,935.5,935.5,0,48.121103328553104,-8.506556692862432,-11.32481148084159,2.818254787979157,5.182392371751736,0.6384622710527454,935.7957251082753,959.9978293554146,-1,0.0,0.0032171581769437907,0.001498795044057477,0.004078552906709998,0.2386506069176371,0.22785239552162956,0.54,242.637,2.48,2.0,2.0
2016-12-14,939.5999755859376,939.5999755859376,939.5999755859376,939.5999755859376,0,49.56180981356181,-7.239041645849056,-10.507657513843084,3.2686158679940274,5.2672799406847775,0.7130057162291769,936.1580346775764,959.1979135213176,-1,0.0,0.004382656959847742,-0.002230048416556607,0.007289866940347833,0.23909263854192853,0.22623731981206366,0.54,242.637,2.54,2.0,2.0
2016-12-15,892.4000244140625,892.4000244140625,892.4000244140625,892.4000244140625,0,36.868275397669066,-9.928716370351708,-10.391869285144809,0.46315291479310083,6.086814431836548,-0.10586567670843693,931.9906051286704,956.5783884582879,-1,0.0,-0.05023409152649361,-0.05305602579020241,-0.05516143524186079,0.29704540457312417,0.24799233187818231,0.54,242.637,2.6,2.0,1.0
2016-12-16,933.0,933.0,933.0,933.0,0,48.97411376097729,-8.6841191263361,-10.050319253383067,1.3662001270469677,5.9189109458128595,0.6260616785489571,932.0867379735589,955.6537457736492,-1,0.0,0.045495264987912565,0.0211228932200076,-0.010184570161876016,0.3413226925725824,0.2650964911641436,0.54,242.637,2.6,2.0,1.0
2016-12-19,916.2000122070312,916.2000122070312,916.2000122070312,916.2000122070312,0,45.11869444315756,-8.950212971331894,-9.830297996972833,0.8800850256409394,5.96224619578721,0.3238416030719311,930.5737164719849,954.1065405357426,-1,0.0,-0.01800641778453238,-0.017479879670743936,-0.003588893738954546,0.3358212773068725,0.26451709708081284,0.54,242.637,2.54,2.0,1.0
2016-12-20,922.9000244140624,922.9000244140624,922.9000244140624,922.9000244140624,12,46.9135920747015,-8.52222041774678,-9.568682481127624,1.0464620633808437,5.920822835097808,0.45464577910144616,929.8428886569446,952.8827555897944,-1,3.2,0.0073128270222257985,-0.013468707200360863,-0.01156687121320732,0.3320901629778247,0.263078449274185,0.54,242.637,2.57,2.0,1.0
2016-12-21,917.5,917.5,912.5999755859376,913.2999877929688,12,44.659799229581736,-8.855594182657796,-9.426064821433659,0.5704706387758627,5.810168697236107,0.3010607909273512,928.2673742889469,951.3304901859974,-1,2.7586206896551726,-0.01040203312074739,-0.02799062204803493,-0.029849198950874678,0.33214483394346733,0.26352924011725165,0.54,242.637,2.55,2.0,1.0
2016-12-22,906.4000244140624,906.4000244140624,906.4000244140624,906.4000244140624,0,43.05864116065119,-9.566290431174252,-9.454109943381779,-0.11218048779247347,6.016374943950529,0.204252796626312,926.1847695389579,949.5685111361176,-1,0.0,-0.007554980259641075,0.015688031843334116,-0.024956918869594502,0.3303908322865997,0.2627572757389657,0.54,242.637,2.55,2.0,1.0
2016-12-23,892.4000244140625,892.4000244140625,892.4000244140625,892.4000244140625,0,39.93048810521462,-11.130895293331719,-9.789467013371768,-1.3414282799599508,6.51519362320061,0.005631504747529643,922.9671747651583,947.326609696037,-1,0.0,-0.015445718913180917,-0.04351551509746787,-0.01587997747326164,0.3231823094117826,0.26240182335586576,0.54,242.637,2.55,2.0,0.0
2016-12-27,903.2999877929688,903.2999877929688,903.2999877929688,903.2999877929688,0,43.37941293154805,-11.3603647557552,-10.103646561848455,-1.2567181939067442,6.760467925350502,0.21257620862589435,921.0941093392355,945.6000755037599,-1,0.0,0.012214212327104068,-0.014079921678878504,-0.01953761015792488,0.3208980184065704,0.26406227844536306,0.54,242.637,2.57,2.0,0.0
2016-12-28,898.7999877929688,898.7999877929688,898.7999877929688,898.7999877929688,7714,42.29962540776016,-11.769660035366087,-10.436849256551982,-1.332810778814105,7.092497044718351,0.17218144609839248,918.9708596681625,943.7647779464739,-1,19.9328165374677,-0.004981733710630154,-0.02611337737952113,-0.021874019030427627,0.3211695790953453,0.2631747035256768,0.54,242.637,2.51,2.0,0.0
2016-12-29,900.7000122070312,907.4000244140624,896.0,897.7999877929688,5519,42.04913914473801,-12.0359778751141,-10.756674980264407,-1.2793028948496925,7.325964429481235,0.17525232709762636,916.9545861562392,941.9622371561404,-1,8.32491138094879,-0.0011125945856491626,-0.01697142254152051,-0.011342350038411775,0.3186699019266295,0.2631855058107706,0.54,242.637,2.49,2.0,0.0
2016-12-30,899.9000244140625,906.7000122070312,898.2000122070312,901.5999755859376,123,43.42025842120531,-11.804336382883662,-10.96620726078826,-0.8381291220954026,7.471199302192836,0.24257852702445276,915.492242292401,940.3794033690737,-1,0.1838427621254017,0.004232554961723922,-0.005295728926339893,-0.00879507499419907,0.31903842979456504,0.25937507532267,0.54,242.637,2.45,2.0,0.0
2017-01-03,911.4000244140624,943.0,908.2999877929688,939.2999877929688,306,54.83699851935054,-8.480920150143561,-10.46914983865932,1.9882296885157587,7.63069617666398,0.7793563586562867,917.7596466257884,940.3370733464814,-1,0.44717229285401144,0.041814566579297496,0.05255486563853484,0.008915131893629136,0.34186104327391165,0.2711886510846622,0.65,243.618,2.45,2.0,0.0
2017-01-04,926.0,948.4000244140624,926.0,943.2999877929688,278,55.85481087933122,-5.461367031613349,-9.467593277250126,4.0062262456367765,7.784913796468556,0.8251793011733999,920.1920600702817,940.453266069873,-1,0.3981667144084789,0.0042584904205082985,0.0442820774278232,0.0067235728847052645,0.34144340296600173,0.27023658837293313,0.65,243.618,2.46,2.0,0.0
2017-01-05,952.0,973.4000244140624,950.9000244140624,972.0999755859376,242,62.421434401850455,-0.7359475617404314,-7.721264134148187,6.985316572407756,9.12946252943617,1.0963253099515113,925.1356710717728,941.6943135018756,-1,0.3407011122061101,0.030531101627968793,0.08155316954660763,0.04068087034919743,0.356969936906633,0.27657262121471005,0.65,243.618,2.37,2.0,0.0
2017-01-06,965.5999755859376,967.0999755859376,960.0,966.5,90,60.535833504686565,2.5279693273072326,-5.671417441857104,8.199386769164336,9.890540664322657,0.9747847870351004,929.0751309696992,942.66708552141,-1,0.1259093452714046,-0.0057606992352429165,0.0765203977958544,0.026335337656889113,0.357219348353577,0.2767327654354618,0.65,243.618,2.42,2.0,0.0
2017-01-09,970.2999877929688,979.9000244140624,965.0,978.5,21,63.10760665620282,6.013625359155981,-3.334408881654487,9.348034240810467,11.046009726025337,1.0240743540410377,933.7822613535374,944.0722978539037,-1,0.029335754697213102,0.012415933781686483,0.08529284216549149,0.03830642471426371,0.3593450135598254,0.2763289739735835,0.65,243.618,2.38,1.0,0.0
2017-01-10,970.5,978.4000244140624,969.5,978.4000244140624,65,63.07072970789491,8.668045846094742,-0.9339179361046411,9.601963782199384,12.023684489666065,0.9498999878323037,938.0315721212064,945.418483209204,-1,0.09039076623557224,-0.0001021722901763944,0.04162678284811361,0.07081100070333712,0.3380467318286252,0.2757760480063038,0.65,243.618,2.38,2.0,0.0
2017-01-11,970.5,972.5999755859376,967.0,972.2000122070312,5,60.70176887090432,10.15435099916283,1.2837358509488532,8.870615148213977,12.687037160993517,0.856109019325552,941.2857092722373,946.4687392483346,-1,0.006950719399457844,-0.0063368888515146216,0.030637151264763185,0.04257373963220501,0.3335585094858743,0.2752436934784813,0.65,243.618,2.38,2.0,0.0
2017-01-12,988.0,988.2999877929688,978.5,980.9000244140624,10,62.81252802780975,11.89713406153885,3.4064154930668527,8.490718568471998,13.5145807728045,0.8845147486136682,945.0585011905064,947.818985725422,-1,0.013891783010349377,0.008948788415750863,0.009052617065256507,0.04853022385255201,0.3344257617466192,0.27540538640509193,0.65,243.618,2.36,2.0,0.0
2017-01-13,981.2999877929688,986.2000122070312,981.2999877929688,982.4000244140624,26,63.179733117301225,13.246640631075138,5.37446052066851,7.872180110406628,14.260335956753547,0.8587697214620511,948.6148367356069,949.1751048896824,-1,0.0360535256188033,0.0015292078322619584,0.016451137521016346,0.04555135157537071,0.33435216214710034,0.27526919843798764,0.65,243.618,2.4,2.0,0.0
2017-01-17,988.2999877929688,988.2999877929688,979.0999755859376,979.0999755859376,10,61.735423646500124,13.889735721988814,7.0775155609325715,6.812220161056242,14.13881971247456,0.8026689763601189,951.5181832927813,950.348629230712,1,0.013857132959190744,-0.0033591701405881746,0.0006131584935489265,0.09715368534284963,0.2689326654187375,0.27458641069365125,0.65,243.618,2.33,2.0,0.0
2017-01-18,968.0,968.0,968.0,968.0,0,57.01422736440808,13.349829427706936,8.331978334287445,5.017851093419491,14.3505389825142,0.7024576098107754,953.0878801220402,951.0408398491155,1,0.0,-0.01133691743715437,-0.01062962403367751,0.037513397642015,0.22934090048771313,0.2755939088897721,0.65,243.618,2.42,1.0,0.0
2017-01-19,952.7999877929688,952.7999877929688,952.7999877929688,952.7999877929688,29,51.235942482776956,11.562154526182098,8.978013572666375,2.584140953515723,14.158685411082587,0.5771849129619996,953.0604618049858,951.1098260429922,1,0.04010510302862674,-0.015702491949412423,-0.01995476668429752,0.039947582512875,0.22676520564103372,0.27687346448634276,0.65,243.618,2.47,2.0,0.0
2017-01-20,963.2999877929688,979.5999755859376,960.7000122070312,972.2000122070312,29,57.19832089942238,11.577372382506042,9.49788533463431,2.0794870478717318,14.240649326533324,0.7023867465070831,954.8832761289901,951.9368921670722,1,0.040058015056288414,0.020361067026249735,-0.008869417871844809,0.053418557253012144,0.23522007336109105,0.2797291776301877,0.65,243.618,2.48,1.0,0.0
2017-01-23,976.0999755859376,976.0999755859376,976.0999755859376,976.0999755859376,25,58.30208676317703,11.768467526575591,9.952001773022566,1.8164657535530253,14.121042983171023,0.7091013808017043,956.903914172509,952.8844640658513,1,0.03450179409329285,0.0040114825446802005,-0.0064129159930368385,0.06876162118947127,0.23011771706699166,0.27948207883403237,0.65,243.618,2.41,1.0,0.0
2017-01-24,982.5,1003.7999877929688,982.5,1003.7999877929688,9,65.17196763365607,13.993759937714344,10.760353405960922,3.233406531753422,14.324663274666952,0.8723157263289723,961.370206898267,954.8811512708363,1,0.01241293703882491,0.02837825315014819,0.025227262611511758,0.10745803260747921,0.24207685084411731,0.2795015678241675,0.65,243.618,2.47,0.0,0.0
2017-01-25,991.9000244140624,993.0,978.0,978.0,4,55.929278889170796,13.519630920931377,11.312208908955014,2.2074220119763623,13.175709413530317,0.6644795386105816,962.9539967174798,955.7877727896271,1,0.005515339538090314,-0.02570231929340283,0.010330578512396604,0.09592108162720114,0.25636839187197336,0.28480542091878946,0.65,243.618,2.53,0.0,0.0
2017-01-26,977.0999755859376,977.9000244140624,977.0999755859376,977.9000244140624,21,55.89619786828225,12.986117189577271,11.646990565079467,1.3391266244978048,12.178566348348605,0.6445306372170935,964.3774279266781,956.654919912154,1,0.028913672036348616,-0.0001022245254985732,0.02634344767282637,0.08258611494434298,0.2552605961704601,0.28479967763781905,0.65,243.618,2.51,0.0,0.0
2017-01-27,979.4000244140624,979.4000244140624,979.4000244140624,979.4000244140624,60,56.31370784119821,12.539790281085175,11.825550508280608,0.7142397728045662,10.676355858552483,0.6396218914255992,965.8081514016671,957.5468847945818,1,0.17462165308498254,0.0015338991333995189,0.007405896026154268,0.0896751643477538,0.253264951065314,0.28267400085918554,0.65,243.618,2.49,0.0,0.0
2017-01-30,978.7999877929688,989.7999877929688,978.7999877929688,989.7999877929688,25,59.19774109956664,12.876827072110132,12.035805821046514,0.8410212510636175,8.722850141089026,0.7386551264674073,968.0930882008387,958.8117123631461,1,0.36284470246734396,0.010618708515071074,0.014035460044763637,0.10247271246478906,0.2533498528781794,0.2834449132503878,0.65,243.618,2.49,0.0,0.0
2017-01-31,993.0,993.0,993.0,993.0,0,60.07120663380004,13.24941439701115,12.278527536239443,0.9708868607717083,6.1211905491372764,0.8155199838304371,970.465175038854,960.1524295253756,1,0.0,0.003232988731558306,-0.010759103331645203,0.10137536256549118,0.2534086105190751,0.2806443328509514,0.65,243.618,2.45,0.0,0.0
2017-02-01,996.2999877929688,996.2999877929688,996.2999877929688,996.2999877929688,0,60.99843973881288,13.653583955309955,12.553538820053546,1.1000451352564085,5.457947967296321,0.8612677643187393,972.9256333963888,961.5699808299871,1,0.0,0.0033232505467963858,0.01871164396009073,0.060683488492244475,0.2144461907060949,0.28065457768940894,0.66,244.006,2.48,0.0,0.0
2017-02-02,996.0999755859376,996.0999755859376,996.0999755859376,996.0999755859376,0,60.90612043268262,13.798689228569287,12.802568901756695,0.9961203268125924,4.691542143898446,0.8573609427704288,975.1327136049173,962.9240982713969,1,0.0,-0.00020075500299288063,0.018611259553634074,0.05597369710192046,0.21466904150877422,0.28031766699693267,0.66,244.006,2.48,0.0,0.0
2017-02-03,1003.2000122070312,1003.2000122070312,1003.2000122070312,1003.2000122070312,0,63.04429922333473,14.321510364246478,13.106357194254652,1.2151531699918259,5.0656360250329255,0.9420032489764976,977.8057896622614,964.503545876716,1,0.0,0.007127835352989775,0.02430057912976613,0.03199263183022705,0.18990854782685562,0.2799216165966372,0.66,244.006,2.49,0.0,0.0
2017-02-06,1010.5999755859376,1010.5999755859376,1010.5999755859376,1010.5999755859376,0,65.18174874233392,15.158230436792337,13.51673184276219,1.6414985940301463,5.48468958552058,1.0036300038941177,980.9290454645163,966.3112490025678,1,0.0,0.007376358940254013,0.02101433425893262,0.04562853138741607,0.18888195545344277,0.280242348609239,0.66,244.006,2.42,0.0,0.0
2017-02-07,1009.5,1009.5,1009.5,1009.5,0,64.5837833274952,15.553289644190386,13.92404340304783,1.629246241142555,5.915423143516494,0.9207425681980579,983.65008875361,968.004925512271,1,0.0,-0.0010884381679306943,0.0166163141993958,0.03168114460909566,0.18533138217180495,0.2798742346631672,0.66,244.006,2.4,0.0,0.0
2017-02-08,1016.4000244140624,1016.4000244140624,1016.4000244140624,1016.4000244140624,0,66.65054797891591,16.23599279818302,14.386433282074869,1.849559516108151,6.481887136467582,0.9613973806930078,986.7691302450817,969.9027725280275,1,0.0,0.006835091049095965,0.02017468319518878,0.03883891971768616,0.1861324599228362,0.2799853790768883,0.66,244.006,2.34,0.0,0.0
2017-02-09,1019.2000122070312,1019.2000122070312,1019.2000122070312,1019.2000122070312,0,67.47988513652543,16.80920947726679,14.870988521113254,1.9382209561535362,6.905540560628766,0.9386491535639823,989.8577856700292,971.8359976134786,1,0.0,0.002754808860402136,0.02319048005949953,0.04834396154069509,0.1835602483124418,0.27641903091728104,0.66,244.006,2.4,0.0,0.0
2017-02-10,1008.7999877929688,1008.7999877929688,1008.7999877929688,1008.7999877929688,0,61.3747528054901,16.237121344062302,15.144215085703065,1.0929062583592373,7.056144587790761,0.7599415582105442,991.661804919833,973.2855658558116,1,0.0,-0.010204105464580726,0.005582112756974178,0.028443228345898186,0.1870652648692057,0.2565693324813563,0.66,244.006,2.41,0.0,0.0
2017-02-13,998.2000122070312,998.2000122070312,998.2000122070312,998.2000122070312,0,55.830448564789656,14.75828362778384,15.06702879411922,-0.30874516633538107,7.037286382655648,0.5971779410278985,992.2844913281376,974.2626029676242,1,0.0,-0.010507509629463674,-0.012269902709741265,0.01608304906383995,0.1918206307602078,0.25772380519671084,0.66,244.006,2.43,0.0,0.0
2017-02-14,1000.0999755859376,1000.0999755859376,1000.0999755859376,1000.0999755859376,0,56.58745161065297,13.583028551207349,14.770228745536848,-1.187200194329499,6.972713797427232,0.6102564552835053,993.0288231622138,975.2758332663816,1,0.0,0.0019033894566937715,-0.009311564550829488,0.021448269353119498,0.1912148277063252,0.2566463386439138,0.66,244.006,2.47,0.0,0.0
2017-02-15,1007.7999877929688,1007.7999877929688,1007.7999877929688,1007.7999877929688,0,59.608744688925775,13.121698299166155,14.44052265626271,-1.3188243570965543,6.696339633289281,0.7003229563359933,994.4356007460952,976.55129030664,1,0.0,0.00769924247075382,-0.00846127156092058,0.041115689868769456,0.18665780739896512,0.2569352890652149,0.66,244.006,2.51,0.0,0.0
2017-02-16,1013.0,1013.0,1013.0,1013.0,0,61.554638586512745,13.025537983749814,14.157525721760132,-1.1319877380103183,5.650009951335528,0.7755639823025711,996.2036387702766,977.9806514710855,1,0.0,0.005159766094479767,-0.00608321441598636,0.063182213453294,0.1745207350832894,0.2512970856502306,0.66,244.006,2.45,0.0,0.0
2017-02-17,1003.5,1003.5,1003.5,1003.5,0,56.225365018565824,12.04392476815292,13.73480553103869,-1.6908807628857705,5.15781364852799,0.5866513535807537,996.8985303159645,978.9814102369253,1,0.0,-0.009378084896347505,-0.005253754814731892,0.03219500864015967,0.16754011862769394,0.2506469658234046,0.66,244.006,2.42,0.0,0.0
2017-02-21,1003.5,1003.5,1003.5,1003.5,29,56.225365018565824,11.137601881082333,13.21536480104742,-2.077762919965087,4.710075657506615,0.5656836212706096,997.5272417144441,979.9429235609674,1,3.918918918918919,0.0,0.0053095449089910485,0.028070920089527274,0.16737604763088018,0.2502304870951445,0.66,244.006,2.43,0.0,0.0
2017-02-22,1002.0,1002.0,1000.0,1000.5,29,54.49734183587432,10.061279369775434,12.584547714793024,-2.5232683450175895,4.700605007608938,0.5055298887040146,997.8103615511637,980.7490834213216,1,3.452380952380952,-0.002989536621823663,0.0003999844253850249,-0.003287495350766445,0.135088731347198,0.2487567609816713,0.66,244.006,2.42,0.0,0.0
2017-02-23,1009.7999877929688,1009.7999877929688,1009.7999877929688,1009.7999877929688,0,58.73162993997899,9.845227660700289,12.036683703974477,-2.1914560432741883,4.290520761327454,0.6854187644800135,998.9522307170499,981.8883345731509,1,0.0,0.009295340122907225,0.001984520762279285,0.03251532494168585,0.09859105590741754,0.24325368338114203,0.66,244.006,2.38,0.0,0.0
2017-02-24,1026.5,1026.5,1026.5,1026.5,27,65.02545666916453,10.895954758017751,11.808537914783132,-0.9125831567653808,4.203342946184882,1.026858318699824,1001.5758277916166,983.6378116487136,1,3.176470588235294,0.01653794059111746,0.013326752221125338,0.04969830695633504,0.1113883873421857,0.24338928908613242,0.66,244.006,2.31,0.0,0.0
2017-02-27,1034.0,1043.699951171875,1025.199951171875,1037.4000244140625,5,68.4117064992794,12.464521186291222,11.93973456908475,0.5247866172064715,4.475206090162753,1.1709198857688752,1004.9876560413734,985.746133717943,1,0.8695652173913043,0.010618630700499176,0.033781788155518244,0.0592199290935278,0.11498265161159936,0.2438661867358966,0.66,244.006,2.36,0.0,0.0
2017-02-28,1029.5,1029.5,1025.0,1029.5,2,63.605038668799146,12.921207794371753,12.136029214142152,0.7851785802296014,4.569770935737384,0.9413906636170246,1007.322164989814,987.4619716113571,1,0.4347826086956522,-0.007615215180397317,0.025909317389138042,0.040109125779596466,0.11698614166565605,0.24300181335378904,0.66,244.006,2.36,0.0,0.0
2017-03-01,1027.4000244140625,1027.4000244140625,1017.4000244140624,1017.4000244140624,2,56.99926504156485,12.166520243484115,12.142127420010546,0.02439282347356908,4.369260249383056,0.6593600435496254,1008.2819611254567,988.6360128977377,1,0.425531914893617,-0.011753254575947225,0.016891578624750103,0.024572028614362917,0.12663450295320822,0.24466924699004702,0.79,243.892,2.46,0.0,0.0
2017-03-02,1013.9000244140624,1015.7999877929688,988.4000244140624,988.4000244140624,2,44.95001112183305,9.123200706538,11.538342077316038,-2.415141370778038,4.616627215515194,0.03738853009426283,1006.3884433434192,988.6267584473975,1,0.4166666666666667,-0.028504029196088854,-0.02119227930045675,-0.007929301892702578,0.1653194026510702,0.24852227497274093,0.79,243.892,2.49,1.0,0.0
2017-03-03,992.5999755859376,992.5999755859376,992.5999755859376,992.5999755859376,0,46.70709001764118,6.969904288663884,10.624654519585608,-3.6547502309217244,4.708891963498992,0.1383812966332058,1005.0752559379448,988.782570884203,1,0.0,0.004249242278565379,-0.03302486547887229,-0.0035137035295490504,0.16613924577333058,0.24835884227930413,0.79,243.892,2.49,1.0,0.0
2017-03-06,976.7000122070312,976.7000122070312,976.7000122070312,976.7000122070312,2,41.32902823717144,3.9350464348764262,9.286732902643772,-5.351686467767346,5.498117437841355,-0.07298079914817401,1002.3728517730959,988.3087450537257,1,0.4081632653061224,-0.016018500674977898,-0.05851167416476155,-0.02641547017299195,0.1729875069216392,0.25069864843310824,0.79,243.892,2.49,1.0,0.0
2017-03-07,977.0999755859376,977.0999755859376,959.5999755859376,959.5999755859376,2,36.46590206274233,0.14835948068366633,7.4590582182517515,-7.310698737568085,6.942672654174009,-0.1632521381505069,998.2992445171761,987.1829109569497,1,0.4,-0.017507972158670282,-0.06789706111127969,-0.05046507147442847,0.17900618195499549,0.2530182352137769,0.79,243.892,2.52,1.0,0.0
2017-03-08,948.2000122070312,948.2000122070312,948.2000122070312,948.2000122070312,0,33.62525650003559,-3.7295075419235673,5.2213450662166885,-8.950852608140256,8.567411753212463,-0.1361243666691529,993.5278890590671,985.6541698295019,1,0.0,-0.01187991211853201,-0.06801652304548012,-0.060723118170350476,0.18192738970637296,0.25426063674699534,0.79,243.892,2.57,2.0,0.0
2017-03-09,935.9000244140624,935.9000244140624,935.9000244140624,935.9000244140624,0,30.8343175557317,-7.706416542642728,2.6357927444448053,-10.342209287087533,10.289400630954457,-0.11231643980589393,988.0395209976381,983.7030268720338,1,0.0,-0.01297193380575834,-0.053116145996781716,-0.07920110002595371,0.18119226840570532,0.2474931021233657,0.79,243.892,2.6,2.0,0.0
2017-03-10,936.9000244140624,936.9000244140624,936.9000244140624,936.9000244140624,0,31.333329251064953,-10.654633947278626,-0.022292593899881002,-10.632341353378745,11.474579068099516,-0.006529722106321305,983.1690927515832,981.8676150109369,1,0.0,0.0010684901954416404,-0.05611520505931422,-0.08074959459110675,0.1804419885446694,0.24397833890707812,0.79,243.892,2.58,1.0,0.0
2017-03-13,939.9000244140624,939.9000244140624,939.9000244140624,939.9000244140624,0,32.89743149857641,-12.603754319032987,-2.538584938926502,-10.065169380106486,12.389422234608805,0.08172069599003064,979.0482291003907,980.2218271443928,-1,0.0,0.003202049228119286,-0.0376778819832434,-0.06829893359698014,0.18078155090500828,0.24397751467803896,0.79,243.892,2.62,1.0,0.0
2017-03-14,937.7000122070312,937.7000122070312,937.7000122070312,937.7000122070312,0,32.31609637610369,-14.162709950808448,-4.8634099413028915,-9.299300009505558,13.26852514133135,0.1145297607184561,975.1103036819756,978.5543049899865,-1,0.0,-0.002340687466629854,-0.022821971588248613,-0.06060909563228101,0.17888919415024046,0.24386077560183667,0.79,243.892,2.6,1.0,0.0
2017-03-15,935.5999755859376,935.5999755859376,935.5999755859376,935.5999755859376,0,31.739527116062632,-15.390239820681927,-6.968775917178699,-8.421463903503227,14.042296050118367,0.1427108583489289,971.3474152918767,976.8698214839453,-1,0.0,-0.0022395612602700288,-0.013288374244760592,-0.06449355221932762,0.17794677166917086,0.21905481364048157,0.79,243.892,2.51,1.0,0.0
2017-03-16,957.2999877929688,957.2999877929688,957.2999877929688,957.2999877929688,0,43.04703113782441,-14.445537294002861,-8.464128192543532,-5.981409101459329,14.114236155233653,0.31831171884792864,970.0095650538855,976.1023770254757,-1,0.0,0.023193686162124028,0.022865651053171288,-0.05010914924755305,0.19761707661939237,0.2046656824808552,0.79,243.892,2.53,1.0,0.0
2017-03-17,962.0,962.0,962.0,962.0,0,45.16574870451549,-13.16583448542849,-9.404469451120525,-3.761365034307966,13.961139318487175,0.3688340823728699,969.2467493344678,975.5493426323198,-1,0.0,0.0049096545147431225,0.026790452483588245,-0.050345508390918114,0.19749012035103108,0.20114164864335388,0.79,243.892,2.5,0.0,0.0
2017-03-20,971.4000244140624,971.4000244140624,971.4000244140624,971.4000244140624,0,49.233449785044904,-11.26332082761246,-9.776239726418913,-1.4870811011935476,13.823737137452452,0.44868515673640236,969.4518231515721,975.3866242708195,-1,0.0,0.009771335149753035,0.03351420276814787,-0.03198801752460145,0.2003686740738053,0.20153837475712064,0.79,243.892,2.47,0.0,0.0
2017-03-21,970.5999755859376,970.5999755859376,970.5999755859376,970.5999755859376,0,48.900953623158365,-9.708212075412007,-9.762634196217531,0.05442212080552444,13.655758223170952,0.45430160273973047,969.561171002464,975.198912557687,-1,0.0,-0.0008236038789554145,0.035085808841434085,-0.03278527594824354,0.20030135137456428,0.2001918199703104,0.79,243.892,2.43,0.0,0.0
2017-03-22,961.0999755859376,961.0999755859376,961.0999755859376,961.0999755859376,0,45.01353522025647,-9.137021889780158,-9.637511734930056,0.5004898451498985,13.5593873100987,0.396910314700705,968.7553428675567,974.6460130685988,-1,0.0,-0.009787760394558975,0.0272552379921025,-0.039380334246938875,0.2023644190375907,0.20065765372807315,0.79,243.892,2.4,0.0,0.0
2017-03-23,963.0999755859376,963.0999755859376,963.0999755859376,963.0999755859376,4,45.98702881753875,-8.425838446452872,-9.39517707723462,0.9693386307817491,13.211848999939338,0.4276875821389712,968.2167364597834,974.193227284965,-1,1.7391304347826089,0.002080948965564877,0.00605869410522053,-0.046246794188519735,0.1986375257632862,0.1976806444091335,0.79,243.892,2.41,0.0,0.0
2017-03-24,964.0,967.2000122070312,964.0,967.2000122070312,4,48.01876051110661,-7.4455540416339545,-9.005252470114488,1.5596984284805337,12.224196205654627,0.4812244053924392,968.1199055785689,973.9189835564187,-1,3.4782608695652177,0.0042571246236395854,0.005405418094627024,-0.05776910647147471,0.1877937578452497,0.1964852204359486,0.79,243.892,2.4,0.0,0.0
2017-03-27,968.4000244140624,968.4000244140624,968.4000244140624,968.4000244140624,0,48.62784658471378,-6.496947861324543,-8.5035915483565,2.006643687031957,10.43329316206517,0.5240618087126327,968.1465835629017,973.7025537861302,-1,0.0,0.0012407073944229463,-0.0030883260496206155,-0.06651243336819102,0.1816967675075555,0.19606897927509268,0.79,243.892,2.38,0.0,0.0
2017-03-28,956.9000244140624,956.9000244140624,956.9000244140624,956.9000244140624,0,43.38175340756886,-6.597077516508534,-8.122288741986907,1.5252112254783725,8.55873947561144,0.43389174789607676,967.0754826915837,973.043631065657,-1,0.0,-0.011875257858402266,-0.014114930472365561,-0.07051964602810845,0.18364783687241204,0.19787368265878189,0.79,243.892,2.42,0.0,0.0
2017-03-29,952.0999755859376,952.0999755859376,952.0999755859376,952.0999755859376,12661,41.375319666659465,-6.98325618402157,-7.89448223039384,0.9112260463722697,6.815309668270904,0.393213432632228,965.6492439196174,972.222311242923,-1,19.977909270216962,-0.005016249039249354,-0.009364270345042058,-0.064183258562169,0.18120811066353745,0.19815070819560687,0.79,243.892,2.39,0.0,0.0
2017-03-30,954.0999755859376,959.5999755859376,946.0999755859376,951.5999755859376,3505,41.161759288033515,-7.246122590944651,-7.764810302504003,0.5186877115593518,6.246522670627617,0.4056760936120859,964.3112183640288,971.413592197551,-1,4.333044875757201,-0.0005251549341678263,-0.011940608754562154,-0.03723193840463568,0.153987158747355,0.17971370917802015,0.79,243.892,2.42,0.0,0.0
2017-03-31,949.2999877929688,950.2000122070312,940.0,948.2000122070312,284,39.662594549626434,-7.640717309319143,-7.739991703867031,0.099274394547888,5.299609963737298,0.3652504573291043,962.7768177776481,970.5032557273346,-1,0.3450370550358401,-0.0035728914103984044,-0.019644333912532064,-0.044730973676174846,0.15234643913766252,0.17967956562207366,0.79,243.892,2.4,1.0,0.0
2017-04-03,953.0999755859376,955.9000244140624,950.2999877929688,954.7000122070312,57,43.87144137529391,-7.344280495403723,-7.66084946217437,0.31656896677064683,4.879199276984781,0.5167586954518419,962.0075981994942,969.8835206873227,-1,0.06901979778410122,0.006855093773802556,-0.014147058923630662,-0.022524828222625914,0.14633686637342908,0.16911430378256753,0.9,244.193,2.35,1.0,0.0
2017-04-04,958.9000244140624,961.2999877929688,956.7000122070312,961.2000122070312,50,47.793262040746185,-6.50981540763064,-7.430642651265624,0.9208272436349842,4.897319980826368,0.6541083574985671,961.930685247831,969.5429909429976,-1,0.06036824630244492,0.006808421406608867,0.004493664628759886,0.0016673996058791385,0.13501705789840115,0.16933636373002176,0.9,244.193,2.36,1.0,0.0
2017-04-05,960.2999877929688,964.4000244140624,955.5999755859376,956.4000244140624,44,45.27734534921159,-6.164751297758926,-7.177464380564285,1.0127130828053588,4.867109921909358,0.5428401978395953,961.4039556446149,969.0275804908824,-1,0.05298332229514119,-0.004993745039544417,0.004516383718504491,0.008647977327003842,0.12891990861856195,0.16762013532004955,0.9,244.193,2.34,1.0,0.0
2017-04-06,953.9000244140624,955.7000122070312,953.0999755859376,955.7000122070312,12,44.90607959742518,-5.879989777505671,-6.9179694599525625,1.0379796824468919,4.525443984433917,0.5069388592177477,960.8607229362736,968.5049307542608,-1,0.014439564406473739,-0.000731924079006574,0.00430857159130249,0.021156092826650985,0.11884806422490357,0.16762063607292946,0.9,244.193,2.34,1.0,0.0
2017-04-07,959.0,959.0,959.0,959.0,1,47.10792070916008,-5.326630702340935,-6.599701708430238,1.2730710060893022,4.16406976719777,0.5626419096073667,960.6835112280571,968.1321883717409,-1,0.001203224642040669,0.0034529535950804657,0.011389989088726793,0.02358840325546896,0.11915332015328306,0.16733422743350995,0.9,244.193,2.38,1.0,0.0
2017-04-10,947.4000244140624,947.4000244140624,937.5,937.5,18,36.79128555214047,-6.547484638296396,-6.58925829440347,0.04177365610707362,4.253094255171684,0.035720787140124124,958.475557777766,966.9309260826531,-1,0.021634615384615384,-0.022419186652763323,-0.018016143277582053,-0.0025534890432188373,0.14572923667534754,0.1724099248034197,0.9,244.193,2.37,1.0,0.0
2017-04-11,943.5,965.9000244140624,943.5,965.9000244140624,16,51.80560380528719,-5.163849909637747,-6.3041766174503255,1.1403267078125783,3.9285830608053955,0.7154000283519761,959.1826498383656,966.8904985662377,-1,0.01921229586935639,0.030293359374999884,0.004889733819540165,0.030073596928571922,0.17999715114738649,0.1834247917557413,0.9,244.193,2.32,1.0,0.0
2017-04-12,966.4000244140624,966.9000244140624,962.0,964.9000244140624,11,51.34314073183898,-4.100730393912158,-5.863487372742693,1.7627569788305344,3.3420875081675625,0.675924590120277,959.7271617027177,966.8124407563486,-1,0.013199736005279895,-0.001035303835515089,0.008887494545190444,0.03131685505846127,0.17971690004046284,0.18331969022081063,0.9,244.193,2.28,1.0,0.0
2017-04-13,973.0,977.2999877929688,971.2999877929688,973.7000122070312,13,55.138403090465005,-2.519076699885659,-5.194605238171286,2.6755285382856275,3.579124541243571,0.8963629988279134,961.0579093697952,967.0825415975519,-1,0.015587529976019185,0.009120103192362006,0.018834362006998395,0.01713154144279505,0.1638834042420581,0.18279948180155223,0.9,244.193,2.24,1.0,0.0
2017-04-17,976.2000122070312,987.5,972.7000122070312,987.5,9,60.36009933089342,-0.15032817891710692,-4.185749826320451,4.035421647403344,4.355568707903057,1.1243957012577661,963.576203715529,967.8832262407851,-1,0.01078554736652885,0.014172730430278113,0.029718456725756015,0.026507276507276467,0.1700115379948495,0.18194238344799807,0.9,244.193,2.26,0.0,0.0
2017-04-18,983.0999755859376,983.0999755859376,975.7999877929688,975.7999877929688,3,54.56159206655153,0.773907758932296,-3.1938183092699015,3.9677260682021975,4.459398669844899,0.8317358018225506,964.7403736276661,968.1936874781256,-1,0.0035945363048166786,-0.011848113627373369,0.04085332031250011,0.004529507173484326,0.17313100432524398,0.1790658661653049,0.9,244.193,2.18,1.0,0.0
2017-04-19,976.5999755859376,976.9000244140624,967.5,967.5,40,50.83105623204684,0.8270974844871262,-2.389635150518496,3.2167326350056222,4.4144514476073144,0.643256182954386,965.0031951869361,968.1664840476109,-1,0.047812574707147976,-0.008505828957572903,0.001656460860851805,-0.0031938756067515506,0.17589742006495038,0.17973088335049944,0.9,244.193,2.21,0.0,0.0
2017-04-20,974.0,979.9000244140624,974.0,978.0,10,55.02084389489653,1.696951571636987,-1.5723178060873995,3.2692693777243864,4.658748566020429,0.8509963751338274,966.2409861215136,968.5521121241752,-1,0.011946004061641381,0.010852713178294504,0.013576510782961737,0.01758404416123227,0.17608916277451564,0.1715039485992659,0.9,244.193,2.24,1.0,0.0
2017-04-21,975.0,976.5,974.5,974.5,3,53.38776814824319,2.0799204254252572,-0.8418701597848681,2.9217905852101254,4.786225310471749,0.7531275887559044,967.0275588718457,968.7853626291095,-1,0.0035840152917985786,-0.0035787321063395217,0.0008215957511958916,0.011836802723545592,0.1767207572939461,0.16315635634269765,0.9,244.193,2.24,1.0,0.0
2017-04-24,957.2000122070312,957.2000122070312,957.2000122070312,957.2000122070312,0,46.10365223502338,0.9762084450461543,-0.47825443881866364,1.454462883864818,4.7956520743051065,0.38873308892364306,966.0916020466253,968.331035161577,-1,0.0,-0.017752681162615414,-0.030683531942246822,-0.010339123111859028,0.18779374949638805,0.16720846500979628,0.9,244.193,2.28,1.0,0.0
2017-04-25,954.5,954.5999755859376,954.5,954.5999755859376,2,45.107552785491386,-0.10705837482578318,-0.40401522602008755,0.29695685119430437,4.811267038117584,0.34773204188027507,964.9971614313217,967.7925622370421,-1,0.0023896290100961825,-0.002716293969845074,-0.021725776257674134,-0.014250359851523786,0.18782769343861713,0.16723036471049316,0.9,244.193,2.35,1.0,0.0
2017-04-26,952.5,952.5,945.9000244140624,945.9000244140624,55,41.84934993504642,-1.6485648556747492,-0.6529251519510199,-0.9956397037237293,5.0074389754585615,0.18426833228473577,963.1783864772971,966.9340313420233,-1,0.06549958318447065,-0.009113714010452578,-0.02232555616117582,-0.011495453777144227,0.185865851663545,0.16657670273794797,0.9,244.193,2.32,1.0,0.0
2017-04-27,946.4000244140624,946.4000244140624,946.4000244140624,946.4000244140624,2,42.1081617307278,-2.797624749722445,-1.0818650715053049,-1.71575967821714,5.123028531584933,0.20724848231281354,961.5804472331795,966.1287761683778,-1,0.009673518742442563,0.000528597089644478,-0.032310813482553824,-0.005986714964851703,0.18514626544578688,0.16639272209426634,0.9,244.193,2.3,1.0,0.0
2017-04-28,946.2999877929688,946.2999877929688,946.2999877929688,946.2999877929688,0,42.06782012379854,-3.6739837162605227,-1.6002888004563485,-2.0736949158041744,5.2285536500563214,0.21636242648448273,960.1251653817309,965.3511766242442,-1,0.0,-0.00010570225962913682,-0.028937929406907426,-0.005569554359966644,0.1851454913260273,0.1661785466736563,0.9,244.193,2.29,1.0,0.0
2017-05-01,929.7999877929688,929.7999877929688,929.7999877929688,929.7999877929688,0,35.95001546307775,-5.63496030011504,-2.407223100388087,-3.227737199726953,5.842172424803516,-0.031991620969951215,957.2370532304202,963.9570123563511,-1,0.0,-0.017436331198188548,-0.02862518184771623,-0.019405214276716376,0.1948813949355927,0.16966937410140895,0.91,244.004,2.33,1.0,0.0
2017-05-02,923.5999755859376,923.5999755859376,923.5999755859376,923.5999755859376,0,33.95197654307806,-7.601709762099063,-3.446120432730282,-4.15558932936878,6.702242482164679,-0.03681453361416976,954.0335220261837,962.3743834633938,-1,0.0,-0.006668113883016802,-0.03247433563045299,-0.03257571616574928,0.19359937929086346,0.1691585525693793,0.91,244.004,2.29,1.0,1.0
2017-05-03,902.0,902.0,902.0,902.0,0,28.09381906358145,-10.779056142165928,-4.912707574617412,-5.866348567548516,8.434853345031163,-0.15924280948797545,949.0779484998806,960.0067605824764,-1,0.0,-0.023386721694350854,-0.046410850281197846,-0.061589691484814746,0.20577945070496562,0.17419047049886968,0.91,244.004,2.33,1.0,1.0
2017-05-04,905.2999877929688,905.2999877929688,905.2999877929688,905.2999877929688,0,30.07876564263421,-12.882344950560764,-6.506635049806082,-6.375709900754682,9.604055944723594,-0.016539042884144338,944.9086189087461,957.8613969436723,-1,0.0,0.003658523052071816,-0.04342776369489165,-0.05342956432105905,0.2070505099719069,0.1745547167636544,0.91,244.004,2.36,1.0,1.0
2017-05-05,907.7000122070312,907.7000122070312,907.7000122070312,907.7000122070312,1,31.558521248022174,-14.191958508716311,-8.043699741588128,-6.148258767128183,10.460630372014169,0.07285392143896652,941.3649420800114,955.8942838167452,-1,0.10869565217391305,0.0026510819026006605,-0.04079042173081204,-0.05022496535199572,0.2078324789211684,0.1738829369134399,0.91,244.004,2.36,1.0,1.0
2017-05-08,917.0999755859376,918.0,917.0999755859376,917.0999755859376,1,37.16722300726075,-14.306422667828883,-9.29624432683628,-5.010178340992603,10.86997646674567,0.1995744427162326,939.0539928900996,954.3729383959293,-1,0.10869565217391305,0.010355803957797338,-0.013658864673871118,-0.04369137060903272,0.21185351055538756,0.17542477734563372,0.91,244.004,2.39,1.0,1.0
2017-05-09,902.0,902.0,898.4000244140625,898.4000244140625,1,31.61643267317622,-15.724800405427686,-10.581955542554562,-5.142844862873124,11.790081723372143,0.07233122696575586,935.1821863685723,952.1779221613463,-1,0.11976047904191617,-0.020390308221224895,-0.02728448661541827,-0.04170664062499996,0.20931297605920596,0.17881321845456555,0.91,244.004,2.42,2.0,1.0
2017-05-10,907.4000244140624,907.4000244140624,907.4000244140624,907.4000244140624,0,36.529506658257354,-15.938916292088493,-11.653347692461349,-4.285568599627144,12.176986397191035,0.1884658522157824,932.5362661824284,950.4219261712567,-1,0.0,0.010017809166768199,0.005986723297186636,-0.06056527437763293,0.17869545255766942,0.17952926962344717,0.91,244.004,2.41,1.0,1.0
2017-05-11,915.2000122070312,915.2000122070312,915.2000122070312,915.2000122070312,0,40.518123419765615,-15.302809583997941,-12.383240070768668,-2.9195695132292734,12.278419279880284,0.279268897001501,930.8851943752478,949.0406746432479,-1,0.0,0.008595974854646471,0.010935628573460754,-0.05150793963054523,0.18336721286743665,0.18059752759232878,0.91,244.004,2.39,1.0,0.0
2017-05-12,915.0,915.0,915.0,915.0,0,40.44793038760361,-14.645999779827093,-12.835792012580354,-1.8102077672467392,12.092719771337611,0.29929574669471587,929.3723187204623,947.7057462258657,-1,0.0,-0.00021854480371885643,0.008042291169765514,-0.06028552066460313,0.17838594489365758,0.1796116828533388,0.91,244.004,2.33,1.0,1.0
2017-05-15,930.7000122070312,930.7000122070312,926.2000122070312,926.2000122070312,2,46.080859880063954,-13.071050956285262,-12.882843801321338,-0.1882071549639246,11.137452019913473,0.41839682521911054,929.0701942906118,946.8623841074801,-1,0.3333333333333333,0.012240450499487743,0.009922622247677593,-0.06207593700553793,0.17606293057259323,0.1813076489792797,0.91,244.004,2.34,1.0,1.0
2017-05-16,934.5,934.5,934.5,934.5,0,49.865444870661065,-11.026051558842823,-12.511485352825636,1.4854337939828124,10.405208413941516,0.5192699689843225,929.5873186438869,946.3775847307162,-1,0.0,0.008961334143357202,0.040182518482768215,-0.04232423479157821,0.17791293843720213,0.181777937363407,0.91,244.004,2.33,1.0,0.0
2017-05-17,943.5999755859376,943.5999755859376,943.5999755859376,943.5999755859376,0,53.70235528929384,-8.572267066141194,-11.723641695488748,3.151374629347554,9.908608327671512,0.6318092851556163,930.9218574002726,946.2686588819014,-1,0.0,0.009737801590088413,0.039894148333587065,-0.024702867611434032,0.1809864305889883,0.18312816430236564,0.91,244.004,2.22,1.0,0.0
2017-05-18,934.2999877929688,934.2999877929688,934.2999877929688,934.2999877929688,0,49.53036882417001,-7.293976053165693,-10.837708567024137,3.543732513858444,8.817361260645235,0.5616338253948467,931.2435841043389,945.799299231355,-1,0.0,-0.009855858450180555,0.02086972829018796,-0.04468303906649407,0.17759805004294102,0.18399103800120128,0.91,244.004,2.23,1.0,0.0
2017-05-19,937.7000122070312,937.7000122070312,937.7000122070312,937.7000122070312,0,51.02825722379985,-5.9381167472549805,-9.857790203070307,3.9196734558153263,7.684001431011456,0.6443964952830179,931.858482018881,945.4816801323619,-1,0.0,0.003639114265744814,0.024808756510416696,-0.03776294283526804,0.17874185598688988,0.18299288198460217,0.91,244.004,2.23,0.0,1.0
2017-05-22,947.7999877929688,947.7999877929688,947.7999877929688,947.7999877929688,0,55.274702540897785,-4.002466911013585,-8.686725544658962,4.684258633645378,7.393970193533611,0.8043580156020517,933.3767206640322,945.5725941582681,-1,0.0,0.010771009336094206,0.02332107028855157,-0.009820334615738946,0.1735904210897034,0.1810115183403453,0.91,244.004,2.25,0.0,1.0
2017-05-23,946.9000244140624,946.9000244140624,946.9000244140624,946.9000244140624,0,54.81856393858004,-2.5121119309536653,-7.451802821917903,4.939690890964238,7.160430913954588,0.8066534199469312,934.6646543545113,945.6246502467307,-1,0.0,-0.00094952879351895,0.013269154001136929,-0.008066154796567027,0.1734029089488103,0.17931065315819084,0.91,244.004,2.29,0.0,1.0
2017-05-24,944.5999755859376,944.5999755859376,944.5999755859376,944.5999755859376,0,53.60114135881087,-1.4993065176977325,-6.26130356107387,4.761997043376137,7.129176073679807,0.7741812819865599,935.6108754241709,945.5844669266996,-1,0.0,-0.002429030276504651,0.0010597711168645052,-0.0013744040538852254,0.17052125390103096,0.17886806564970567,0.91,244.004,2.26,0.0,1.0
2017-05-25,949.7999877929688,949.7999877929688,949.7999877929688,949.7999877929688,0,55.9812843854873,-0.27389610028171774,-5.06382206891544,4.789925968633722,7.222889704559283,0.8457257859478229,936.9622194592945,945.7497814704749,-1,0.0,0.005504988716314108,0.016589960614914023,0.003592522497039674,0.17165738375940987,0.17809068814373757,0.91,244.004,2.25,0.0,1.0
2017-05-26,959.7999877929688,959.7999877929688,959.7999877929688,959.7999877929688,3,60.2086054871724,1.4870254073836122,-3.7536525736556294,5.240677981039242,7.657545948053938,0.9571818859350787,939.1372450148825,946.30076995371,-1,7.5,0.01052853245790919,0.023568279085249833,0.014266089162154216,0.1754892046383371,0.16996508387293532,0.91,244.004,2.25,0.0,0.0
2017-05-30,961.2999877929688,961.2999877929688,939.0,939.2999877929688,12,49.676455883004046,1.2143909714247911,-2.7600438646395453,3.9744348360643365,7.733694115004909,0.6601303382014577,939.1527443270812,946.0262294768182,-1,12.0,-0.02135861665005767,-0.008968136853211961,0.010217251155864027,0.1814925507414391,0.17506221836870037,0.91,244.004,2.21,1.0,1.0
2017-05-31,948.5,948.5,948.5,948.5,8,53.59930964788318,1.720853387443185,-1.8638644142229994,3.5847178016661845,7.947693489079722,0.7633452204574265,940.0429591530735,946.1232400855705,-1,5.714285714285714,0.009794540963050657,0.0016896985369998507,0.026959749969964752,0.18222263978932665,0.17347774420896606,0.91,244.004,2.21,0.0,1.0
2017-06-01,925.0,931.2999877929688,925.0,927.2999877929688,8,44.91132309710119,0.4068744958718753,-1.4097166322040247,1.8165911280759,7.480708233811291,0.4566056325719703,938.8293428330636,945.3850733289979,-1,4.444444444444445,-0.022351093523491072,-0.018314618081836875,0.028048766954510862,0.18032341910017036,0.17584677940977017,1.04,244.163,2.21,1.0,0.0
2017-06-02,931.0,951.7000122070312,931.0,951.7000122070312,2,54.12750678749348,1.3192078019349083,-0.8639317453762382,2.1831395473111463,7.289681841225063,0.7803500105327184,940.0551208686795,945.6327179908816,-1,1.0526315789473684,0.026312978254357633,0.0020004468714276413,0.051253755704980364,0.20034327400816165,0.18241657733364014,1.04,244.163,2.15,1.0,0.0
2017-06-05,956.2999877929688,956.2999877929688,954.0999755859376,956.2999877929688,10,55.63440876597963,2.3859147659401287,-0.2139624431129648,2.5998772090530937,7.156389105781005,0.8172573652292734,941.6022510519451,946.0510422968458,-1,4.25531914893617,0.004833430205879674,-0.0036465930865952068,0.053541891519609974,0.20051321377480508,0.18059575308886824,1.04,244.163,2.18,1.0,0.0
2017-06-06,962.0999755859376,962.0999755859376,962.0999755859376,962.0999755859376,0,57.52885742014807,3.6571410173385175,0.5602582489773317,3.0968827683611857,7.332036219158129,0.8605690300325503,943.5544152932778,946.6804122297514,-1,0.0,0.0060650296632907,0.024273382401016397,0.04906771475078209,0.19890977425154388,0.18096704594666224,1.04,244.163,2.14,0.0,0.0
2017-06-07,946.4000244140624,946.4000244140624,946.4000244140624,946.4000244140624,0,51.16050232929736,3.35902142261682,1.1200108837052294,2.2390105389115904,6.282128420724997,0.6131547760697159,943.8254256857334,946.6694166291361,-1,0.0,-0.016318419675994345,-0.0022139964005668533,0.05342831555609706,0.19300669582673763,0.18414235153823594,1.04,244.163,2.18,1.0,0.0
2017-06-08,936.9000244140624,936.9000244140624,936.9000244140624,936.9000244140624,0,47.71829941979602,2.3293377353263622,1.361876254029456,0.9674614812969062,5.439384101248329,0.4161059469575701,943.16586365986,946.2863032089372,-1,0.0,-0.010038038625243773,0.010352676315614318,0.03251046859850937,0.195963150655474,0.18526471182026075,1.04,244.163,2.19,1.0,0.0
2017-06-09,939.0999755859376,939.0999755859376,939.0999755859376,939.0999755859376,0,48.581076827663686,1.6715550226948608,1.4238120077625371,0.24774301493232365,4.817376157200756,0.42753014187252525,942.7786362242483,946.0044864394077,-1,0.0,0.002348117317267695,-0.013239504528190227,0.026114470126886058,0.1942702102155779,0.18526763528579,1.04,244.163,2.21,1.0,0.0
2017-06-12,943.2999877929688,943.2999877929688,943.2999877929688,943.2999877929688,0,50.26842034531639,1.4721928452943303,1.433488175268896,0.03870467002543432,4.005959448983315,0.4866429860010618,942.8282887546027,945.8984276689591,-1,0.0,0.004472380274965548,-0.013594060614810388,0.030928948407616064,0.194498871398553,0.17930198167846037,1.04,244.163,2.21,1.0,0.0
2017-06-13,923.0,923.0,923.0,923.0,45,42.93477896320453,-0.3201519648749809,1.0827601472401207,-1.4029121121151016,4.14159464678475,-0.028248841190289274,940.9398803017834,945.0004501133137,-1,10.227272727272727,-0.021520182397610776,-0.040640241740080074,-0.003454990460868168,0.20676381240364683,0.18428717924155955,1.04,244.163,2.21,1.0,0.0
2017-06-14,925.4000244140624,950.7000122070312,925.4000244140624,950.7000122070312,2,53.008933332273344,0.4889253196258778,0.9639931817172722,-0.4750678620913944,4.086814441553702,0.6617958586666768,941.8694166737118,945.223962352283,-1,0.4444444444444444,0.030010847461572343,0.004543520374094445,0.01733548657788253,0.2304436406120459,0.19334242601913562,1.04,244.163,2.15,1.0,0.0
2017-06-15,920.2999877929688,920.2999877929688,920.2999877929688,920.2999877929688,0,43.85801421280439,-1.3078271921533542,0.5096291069431469,-1.817456299096501,4.6624602200672856,-0.02273161177455451,939.8151853517363,944.2465515852512,-1,0.0,-0.031976463683312084,-0.01771804481644168,-0.024692654086283183,0.2562192556360048,0.20425710452902068,1.04,244.163,2.16,1.0,0.0
2017-06-16,925.9000244140624,925.9000244140624,925.9000244140624,925.9000244140624,0,45.71702086581437,-2.253908692381515,-0.04307845292178545,-2.2108302394597295,4.870340715115925,0.130452720449541,938.4899319291007,943.5270799314791,-1,0.0,0.006085012164917414,-0.014055959445254285,-0.008990649136953355,0.2553345576304738,0.20388088969672452,1.04,244.163,2.16,1.0,0.0
2017-06-19,926.0,926.0,926.0,926.0,0,45.75155656317801,-2.961479807443993,-0.6267587238262271,-2.334721083617766,5.10013784783381,0.16113750303272154,937.3004146025197,942.839743463578,-1,0.0,0.00010797665331185868,-0.0183398579633669,-0.012477351023482797,0.2548929692696356,0.20380938083937855,1.04,244.163,2.19,1.0,0.0
2017-06-20,920.5999755859376,920.5999755859376,920.5999755859376,920.5999755859376,0,44.11882444451588,-3.912866761877467,-1.283980331436475,-2.628886430440992,5.452218280761182,0.10381067483231801,935.7098966009405,941.9675957036706,-1,0.0,-0.005831559842400025,-0.0026002431354955613,-0.028698050809610853,0.25188110186957824,0.2038223754537712,1.04,244.163,2.16,2.0,0.0
2017-06-21,926.0999755859376,926.0999755859376,926.0999755859376,926.0999755859376,0,46.22381756079546,-4.174917888435061,-1.8621678428361923,-2.312750045598869,5.591390876647642,0.23769123843731346,934.794666028083,941.3453360912105,-1,0.0,0.005974364703300594,-0.025875708746426862,-0.021966467728201544,0.2532544268776775,0.20425502617764996,1.04,244.163,2.16,2.0,0.0
2017-06-22,924.7000122070312,924.7000122070312,924.7000122070312,924.7000122070312,0,45.751397662964905,-4.4443291786316195,-2.378600109995278,-2.0657290686363416,5.748140326534033,0.23707018479160602,933.8332704260781,940.692578291831,-1,0.0,-0.0015116762939342276,0.004781076249511296,-0.021067080132584515,0.2532118304953986,0.20292590916910896,1.04,244.163,2.15,2.0,0.0
2017-06-23,928.5,928.5,928.5,928.5,0,47.3250778709761,-4.301625844974524,-2.763205256991127,-1.5384205879833965,5.72792473731138,0.32640804622747305,933.3253399093088,940.2144379666612,-1,0.0,0.004109427644430452,0.0028080521842333006,-0.022425761283134005,0.2527826253654899,0.20293176577091177,1.04,244.163,2.15,2.0,0.0
2017-06-26,915.7000122070312,915.7000122070312,915.7000122070312,915.7000122070312,0,42.81920845422905,-5.161881508984607,-3.2429405073898234,-1.9189410015947832,5.668838933720327,0.12442609100729098,931.6467372709967,939.2530879368718,-1,0.0,-0.013785662674172028,-0.011123096968648771,-0.04594704745448486,0.2527329216952229,0.20479927722660698,1.04,244.163,2.14,2.0,0.0
2017-06-27,917.7999877929688,917.7999877929688,917.7999877929688,917.7999877929688,0,43.76518829836797,-5.609526708872295,-3.716257747686318,-1.893268961185977,5.897685856725282,0.19618894860792213,930.3279992254702,938.4117898920128,-1,0.0,0.0022933008167993485,-0.003041481498179177,-0.022889386010232604,0.242637148599757,0.20479287559559126,1.04,244.163,2.21,2.0,0.0
2017-06-28,920.7000122070312,920.7000122070312,920.7000122070312,920.7000122070312,11457,45.11555915290388,-5.664978673373412,-4.1060019328237365,-1.5589767405496753,5.873950020745325,0.27277336877035024,929.411048080857,937.7172103749548,-1,19.883720930232556,0.003159756431285299,-0.005830864400455105,-0.029309423081675057,0.23981971203460137,0.204365517380434,1.04,244.163,2.22,2.0,0.0
2017-06-29,920.9000244140624,925.4000244140624,909.5999755859376,919.0,6606,44.44184608598276,-5.779479292579026,-4.440697404774794,-1.338781887804232,6.002459224800749,0.2545873790948361,928.419519692204,936.9832021249566,-1,7.290586028032226,-0.0018464344352033812,-0.0061641744693251566,-0.008950704089539796,0.22652800950776295,0.20379726315588956,1.04,244.163,2.27,2.0,0.0
2017-06-30,919.0,927.5999755859376,919.0,923.7000122070312,216,46.80687138316214,-5.428394994329324,-4.6382369226857,-0.7901580716436234,5.76320924653466,0.3576622860280558,927.9700427888541,936.4622927164105,-1,0.2356020942408377,0.005114267907542214,-0.005169615285911422,-0.029421035663398598,0.20536600569973482,0.20394793372747055,1.04,244.163,2.31,2.0,0.0
2017-07-03,929.2999877929688,929.2999877929688,903.4000244140624,903.7999877929688,100,39.19842612319287,-6.678933232499617,-5.046376184648484,-1.632557047851133,5.777603812547668,0.035665581977047695,925.668132789246,935.1814180135304,-1,0.10854227721697601,-0.021543817420240807,-0.012995549039451104,-0.054899090944426354,0.21595180732051808,0.20852498719808563,1.15,244.243,2.35,2.0,0.0
2017-07-05,905.7999877929688,906.7000122070312,902.5,905.7000122070312,99,40.19794878023324,-7.431017560058194,-5.523304459730426,-1.9077131003277685,5.161614984356922,0.07743232166506826,923.7664070195112,934.0252844524913,-1,0.10688259109311742,0.0021022620488215793,-0.013183673727251044,-0.05862172831317003,0.21424950619137506,0.20842245762715883,1.15,244.243,2.33,2.0,0.0
2017-07-06,906.5,907.2000122070312,904.9000244140624,907.2000122070312,23,41.02224408589683,-7.815915337375486,-5.981826635259438,-1.8340887021160484,5.036909789174731,0.14039988363368036,922.1886551326083,932.973312991885,-1,0.024800517576018977,0.001656177519910651,-0.014662756403835409,-0.04142013017307422,0.20876353544163118,0.20349847602798718,1.15,244.243,2.37,2.0,0.0
2017-07-07,907.2999877929688,910.7000122070312,900.0999755859375,901.0999755859376,34,38.68687126871071,-8.515015772712786,-6.488464462750108,-2.026551309962678,5.309464517834645,0.07016729356357394,920.1802094614968,931.7233781916518,-1,0.03659455386933592,-0.006724026167342689,-0.019477719710622843,-0.03821117290557674,0.2074031551042882,0.193740814011862,1.15,244.243,2.39,2.0,0.0
2017-07-10,899.4000244140625,899.4000244140625,898.2999877929688,899.2999877929688,13,37.99942986115751,-9.109295587043334,-7.012630687608754,-2.0966648994345807,5.457023421165092,0.08466970033109542,918.191616921637,930.4518726858212,-1,0.01398225329389621,-0.001997545046872773,-0.026415528950533007,-0.04238099119120542,0.20678274368403596,0.19374829783737893,1.15,244.243,2.38,2.0,0.0
2017-07-11,900.2999877929688,901.0999755859376,890.2999877929688,896.0,20,36.711472914298184,-9.734336683327797,-7.556971886752563,-2.177364796575234,5.415171148725414,0.06156854003269858,916.0781295957668,929.1008188550047,-1,0.021488047273704004,-0.0036695072142360896,-0.008630214536753722,-0.05014310230580643,0.20533596848630095,0.1926256455894968,1.15,244.243,2.37,2.0,0.0
2017-07-12,901.9000244140624,916.2999877929688,901.4000244140624,916.2999877929688,23,48.316459630329774,-8.493736388575144,-7.74432478711708,-0.7494116014580641,5.393262442166464,0.47665736980061635,916.0992589478813,928.5988254800229,-1,0.024740493734201043,0.022656236376081162,0.011703627518020232,-0.007258951470239694,0.2103862606045513,0.1962043733282238,1.15,244.243,2.33,2.0,0.0
2017-07-13,917.9000244140624,917.9000244140624,904.5,904.5,25,43.34145375317318,-8.36627095151482,-7.868714019996628,-0.4975569315181927,4.388678745084692,0.23495361243504737,914.9945676195116,927.6537735004142,-1,0.026858616244091107,-0.012877865273566824,-0.002976203891865814,-0.0485957837528358,0.18243760783940466,0.19645806282231604,1.15,244.243,2.35,2.0,0.0
2017-07-14,904.0999755859376,920.9000244140624,904.0999755859376,920.9000244140624,5,50.90738333502852,-6.862798693419791,-7.667530954681261,0.8047322612614707,4.395633726656762,0.6423153345858892,915.5569920761354,927.3889205950671,-1,0.005370280865689276,0.01813159139199816,0.02197319871776693,0.0006520011181707641,0.1587553020309481,0.1997488206282321,1.15,244.243,2.33,2.0,0.0
2017-07-17,927.5,927.5999755859376,927.2000122070312,927.5999755859376,5,53.63153577232628,-5.072187016603948,-7.148462167065799,2.076275150461851,4.437618153795847,0.8038225296638063,916.7039428865928,927.3971972613758,-1,0.005368839256952647,0.00727543815208187,0.0314689071245533,0.0018359986251765825,0.1594055827808055,0.19899891751078652,1.15,244.243,2.31,2.0,0.0
2017-07-18,926.4000244140624,929.0,926.4000244140624,927.7000122070312,13,53.67287122231996,-3.6035032998479437,-6.439470393622228,2.8359670937742845,4.479249526272038,0.8013374952532084,917.7511875837774,927.4090723572839,-1,0.013949246204195503,0.00010784457064105801,0.03537947790963303,0.001835866314288559,0.15940558260287446,0.19892854932971343,1.15,244.243,2.27,2.0,0.0
2017-07-19,924.5,924.9000244140624,920.0999755859376,921.5999755859376,9,50.7045880626008,-2.898372217464157,-5.7312507583906145,2.8328785409264574,4.49120187389178,0.6509277485925224,918.1177388220784,927.1812646407606,-1,0.009652509652509652,-0.006575440919291853,0.005784118589518439,0.0010862481278728353,0.15979721023196702,0.19610772944202165,1.15,244.243,2.27,2.0,0.0
2017-07-20,920.0,930.5,920.0,930.5,2,54.645646875304664,-1.602915749888325,-4.905583756690157,3.3026680068018317,4.608216531650709,0.8527792890137108,919.2970017914043,927.3114111254366,-1,0.0021447721179624667,0.009657144802335704,0.028745163073521374,0.004751133279404796,0.16209728370792104,0.19717219859462656,1.15,244.243,2.27,2.0,0.0
2017-07-21,934.7000122070312,934.7000122070312,934.7000122070312,934.7000122070312,0,56.416460876999615,-0.2346464240199566,-3.971396290156117,3.7367498661361602,4.883649135392881,0.915401840597052,920.7639551643211,927.60116018746,-1,0.0,0.004513715429372622,0.01498532677502018,0.010814318014479518,0.16264179138909424,0.19657549394405005,1.15,244.243,2.24,2.0,0.0
2017-07-24,929.4000244140624,929.4000244140624,929.4000244140624,929.4000244140624,2,53.57385985735764,0.41724244238105257,-3.093668543648683,3.5109109860297356,4.905864376806,0.7945790799108315,921.5864379500108,927.6717038826209,-1,0.002144542140253056,-0.005670255401467705,0.001940544281480605,0.000969331625269021,0.1635061376457869,0.19688969542768944,1.15,244.243,2.26,2.0,0.0
2017-07-25,929.2999877929688,929.2999877929688,928.5999755859376,928.9000244140624,5,53.30100900311344,0.883340643209408,-2.2982667062770648,3.1816073494864727,5.049029679109706,0.7609610945846046,922.2829699942062,927.7198733152266,-1,0.005359918529238355,-0.0005379814793046167,0.001293534753951553,0.0144152146238552,0.15507125734545749,0.1968898475052781,1.15,244.243,2.33,2.0,0.0
2017-07-26,919.5,919.5,919.5,919.5,0,48.318693517480014,0.4885912388253928,-1.7408951172565734,2.229486356081966,5.054285932485471,0.55599547158636,922.0179252328531,927.3975253420805,-1,0.0,-0.010119522195073505,-0.0022786194027429874,0.0018522687182849218,0.15963444272508698,0.19468331733939914,1.15,244.243,2.29,2.0,0.0
2017-07-27,923.2000122070312,923.2000122070312,923.2000122070312,923.2000122070312,19,50.2884474631671,0.4689043175603729,-1.2989352302931843,1.7678395478535571,5.076991090979101,0.6325244311266024,922.1305049446796,927.2329169838433,-1,0.05263886964953595,0.0040239393224918985,-0.007845231373421524,0.0027153252599694255,0.15988259555683998,0.19439163846575858,1.15,244.243,2.32,2.0,0.0
2017-07-28,933.2000122070312,933.2000122070312,933.2000122070312,933.2000122070312,0,55.252422106287355,1.2458572502722518,-0.7899767341800971,2.0358339844523488,5.299706286165019,0.8178617722171844,923.1847437315703,927.466920718086,-1,0.0,0.010831888938230838,-0.0016047929607470035,0.0154515910849089,0.1640291872240773,0.18923441011485684,1.15,244.243,2.3,2.0,0.0
2017-07-31,937.7000122070312,937.7000122070312,937.7000122070312,937.7000122070312,2,57.317875741901275,2.199357613504958,-0.19210986464308608,2.391467478148044,5.602916974476877,0.8742756083241049,924.5671502530428,927.8682184235349,-1,0.10025062656641605,0.0048221173822720065,0.008930479422142978,0.01515643587201998,0.1639305148212612,0.18932996748083297,1.15,244.243,2.3,2.0,0.0
2017-08-01,946.5,946.5,946.5,946.5,0,61.09931720131108,3.6233314814197684,0.5709784045694849,3.0523530768502836,5.982982024435876,0.9706974416928723,926.6559930860864,928.5988765245728,-1,0.0,0.009384651464658278,0.018947114999851022,0.04724497984482423,0.14309477477054736,0.1901364489173351,1.16,245.183,2.26,2.0,0.0
2017-08-02,950.7999877929688,950.7999877929688,950.7999877929688,950.7999877929688,0,62.83211939603619,5.040707965619276,1.4649243167794432,3.575783648839833,6.416326221217099,0.9723719564427185,928.9554211534085,929.4695083390197,-1,0.0,0.004543040457441805,0.034040225984740324,0.049795710475962984,0.14330824626308855,0.18925718987039894,1.16,245.183,2.27,2.0,0.0
2017-08-03,961.5999755859376,961.5999755859376,961.5999755859376,961.5999755859376,4,66.8287526131833,6.955281639395707,2.5629957813026962,4.392285858093011,7.162511767346805,1.0438006737245868,932.0644263374588,930.7295266624283,1,0.4419889502762431,0.011358843007600594,0.04159441385524487,0.059964685457358335,0.14666286979615728,0.1852408346182184,1.16,245.183,2.24,1.0,0.0
2017-08-04,962.5999755859376,966.0,962.5999755859376,966.0,4,68.32321207249747,8.72704037821245,3.795804700684647,4.931235677527804,7.656398040037573,1.0231869730437575,935.2963857338913,932.112682479588,1,0.5298013245033113,0.004575732659915399,0.03514786472773013,0.07202311194366784,0.14221154174007006,0.18446954901994195,1.16,245.183,2.27,1.0,0.0
2017-08-07,963.0,968.5999755859376,963.0,968.5999755859376,1,69.20606110570273,10.223122452480311,5.08126825104378,5.141854201436531,7.908972638809966,0.9928644568748058,938.4681561959909,933.5435567190527,1,0.14388489208633093,0.0026914861138069845,0.03295293054990811,0.07705992297747333,0.14078340874367087,0.18383911765321526,1.16,245.183,2.26,1.0,0.0
2017-08-08,971.7000122070312,971.7000122070312,971.7000122070312,971.7000122070312,0,70.270013647024,11.5260600764243,6.370226616119885,5.155833460304416,7.850403968020965,0.9852123439339416,941.6330948637091,935.0398883068166,1,0.0,0.0032005334495475157,0.02662441860225173,0.08448662076677604,0.1380878390249685,0.18387994819598896,1.16,245.183,2.29,1.0,0.0
2017-08-09,973.2999877929688,973.2999877929688,973.2999877929688,973.2999877929688,0,70.83018627433138,12.543162420256635,7.6048137769472355,4.9383486433094,8.296906874169732,0.9416600836014345,944.6489894284005,936.540284365097,1,0.0,0.0016465735986803676,0.02366428301311596,0.06220670169088627,0.11997698563323686,0.1824099093523395,1.16,245.183,2.24,0.0,0.0
2017-08-10,983.4000244140624,983.4000244140624,983.4000244140624,983.4000244140624,0,74.142341249677,14.002796381121243,8.884410297782038,5.118386083339205,8.522986497233765,1.0047407641498378,948.3395641889397,938.3779212297624,1,0.0,0.010377105463646563,0.02267060043844249,0.0872305410879628,0.1065667787854745,0.18269809372659615,1.16,245.183,2.2,0.0,0.0
2017-08-11,987.2000122070312,987.2000122070312,987.2000122070312,987.2000122070312,0,75.27964290136538,15.28994114441582,10.165516467108795,5.124424677307026,9.135242456786944,0.9748735733419014,952.0405592382817,940.2925130327925,1,0.0,0.0038641322947221557,0.02194618240893509,0.07199477254347264,0.09329814850369189,0.18188171843169346,1.16,245.183,2.19,0.0,0.0
2017-08-14,972.4000244140624,972.4000244140624,972.4000244140624,972.4000244140624,0,63.55499069891918,14.943517745912231,11.121116722869482,3.822401023042749,9.232038746120029,0.7741670117607673,953.9795559216894,941.5516311261756,1,0.0,-0.014991883721598986,0.003923238616464042,0.04829673351363106,0.1129766110430385,0.1834884972204277,1.16,245.183,2.22,0.0,0.0
2017-08-15,964.9000244140624,964.9000244140624,964.9000244140624,964.9000244140624,0,58.57615421871852,13.903516305535845,11.677596639402756,2.2259196661330893,9.10512481241175,0.6692637218453837,955.0196005400106,942.4672543923673,1,0.0,-0.007712875166286937,-0.006998032013526445,0.0400991826210404,0.1183593680638917,0.1841826555072303,1.16,245.183,2.27,0.0,0.0
2017-08-16,972.0,972.0,972.0,972.0,0,61.63980516652203,13.496635550779729,12.041404421678152,1.455231129101577,8.847422488707709,0.7280652346347316,956.636781440962,943.6254012789411,1,0.0,0.007358249980612408,-0.0013356496550632757,0.054687527939677905,0.11528054189373002,0.18350895942206,1.16,245.183,2.23,0.0,0.0
2017-08-17,978.9000244140624,978.9000244140624,978.9000244140624,978.9000244140624,0,64.39574201448957,13.57447581810925,12.348018700964372,1.2264571171448768,8.85932384678548,0.780122279414326,958.757090295543,945.0087198332596,1,0.0,0.007098790549446843,-0.004575960838196225,0.05201507191194232,0.11359167562603152,0.18398917991740962,1.16,245.183,2.19,0.0,0.0
2017-08-18,979.5999755859376,979.5999755859376,979.5999755859376,979.5999755859376,0,64.67300820510435,13.53660346214258,12.585735653200015,0.9508678089425651,8.875380898235063,0.7607777893914245,960.7421269898663,946.365239666698,1,0.0,0.0007150384660519205,-0.0076985783297375265,0.04803676344551211,0.11351710130385811,0.18388404845999026,1.16,245.183,2.19,0.0,0.0
2017-08-21,982.7000122070312,982.7000122070312,982.7000122070312,982.7000122070312,0,65.93817181848283,13.59996446969592,12.788581416499197,0.8113830531967228,8.707295562672437,0.7702778567032708,962.8333541534058,947.7901327074954,1,0.0,0.0031645944246163626,0.010592336008192982,0.05734881255955604,0.10948654822184119,0.18368162141504057,1.16,245.183,2.18,0.0,0.0
2017-08-22,978.5,978.5,978.5,978.5,1,62.66382019934088,13.159577225825501,12.86278057836446,0.29679664746104173,8.299334700096084,0.6992159800105826,964.3254156626052,948.9944412287701,1,0.6451612903225806,-0.004273951516087338,0.014094699183157644,0.05339646278642807,0.11177862393040987,0.18276982839088637,1.16,245.183,2.22,0.0,0.0
2017-08-23,978.0999755859376,978.0999755859376,978.0999755859376,978.0999755859376,0,62.34626481477743,12.632667013399782,12.816757865371525,-0.18409085197174235,7.288587777001017,0.6788339126253807,965.6372785124464,950.1358347329729,1,0.0,-0.0004088139131961377,0.0062756950472608874,0.06373026164865436,0.10192084987166757,0.17698721969629974,1.16,245.183,2.17,0.0,0.0
2017-08-24,979.7999877929688,979.7999877929688,979.7999877929688,979.7999877929688,0,63.19976463802927,12.211497114044278,12.695705715106076,-0.4842086010617983,6.157235266837975,0.6921227176309204,966.9861079677343,951.2991348529728,1,0.0,0.0017380761164140779,0.0009193618923903912,0.0613084649453457,0.1019670789122743,0.1759919898388741,1.16,245.183,2.19,0.0,0.0
2017-08-25,976.2999877929688,976.2999877929688,976.2999877929688,976.2999877929688,0,60.175526683463694,11.46315605769405,12.449195783623672,-0.9860397259296221,5.196224717857963,0.6150121217277925,967.8731441415661,952.2795604584628,1,0.0,-0.0035721576276847022,-0.003368709550033433,0.0461851425441,0.10011854380031646,0.16950430928060084,1.16,245.183,2.17,0.0,0.0
2017-08-28,986.5,986.5,986.5,986.5,0,65.37550233909073,11.559890892650742,12.271334805429087,-0.7114439127783445,4.350928210807092,0.8203256625166407,969.6471304137979,953.6215384796996,1,0.0,0.01044762095110685,0.0038668848537350975,0.05204221729517733,0.10389674185605169,0.16250773074843478,1.16,245.183,2.16,0.0,0.0
2017-08-29,1000.7000122070312,1000.7000122070312,1000.7000122070312,1000.7000122070312,18,71.04394078756764,12.636708151452353,12.344409474633741,0.29229867681861244,4.265254961975721,1.1019617499764494,972.6045477274391,955.4677531356733,1,12.857142857142858,0.014394335739514652,0.022687799904988593,0.05726361564398452,0.10953058537556686,0.16470293927992086,1.16,245.183,2.13,0.0,0.0
2017-08-30,993.5,993.5,993.5,993.5,18,65.21417438885894,12.762000378710809,12.427927655449155,0.33407272326165405,3.8534547342549472,0.9170813166650825,974.5945908010164,956.9592137970195,1,7.82608695652174,-0.007194975636256595,0.015744836722684674,0.04490956326803075,0.11485849972040364,0.16512661559964642,1.16,245.183,2.15,0.0,0.0
2017-08-31,996.7999877929688,996.7999877929688,996.7999877929688,996.7999877929688,0,66.56826224902495,12.97797479234157,12.53793708282764,0.4400377095139305,3.8871348366724248,0.9531694528048382,976.7093905145356,958.5215970909783,1,0.0,0.0033215780502957593,0.017350479905897,0.036605670861818096,0.10985886749471806,0.1613670772457962,1.16,245.183,2.12,0.0,0.0
2017-09-01,1007.2999877929688,1007.2999877929688,1007.2999877929688,1007.2999877929688,20,70.50274608005213,13.836895204247867,12.797728707111686,1.039166497136181,4.383009719457673,1.0971074358691515,979.6227807315292,960.434475157723,1,6.8965517241379315,0.01053370799416653,0.03175253547844337,0.04275361055172744,0.113770379621287,0.16090847485938656,1.15,246.435,2.16,0.0,0.0
2017-09-05,1007.4000244140624,1007.4000244140624,1007.4000244140624,1007.4000244140624,20,70.53832073605729,14.360133260794441,13.110209617848238,1.2499236429462037,4.75534394854513,1.0099298014646043,982.2682325108182,962.2762614030697,1,5.194805194805195,9.931164728071984e-05,0.021186035898694833,0.040057866824385835,0.11396182556636446,0.16090647658702503,1.15,246.435,2.07,0.0,0.0
2017-09-06,1005.5999755859376,1005.5999755859376,1005.5999755859376,1005.5999755859376,1,68.92744783428277,14.462835726092521,13.380734839497094,1.082100886595427,4.991162983724419,0.9139277739774592,984.4903032798771,963.9752305867116,1,0.25641025641025644,-0.001786826270102293,0.004896535744113306,0.034887272772498035,0.11461868833232218,0.16087013804186714,1.15,246.435,2.1,0.0,0.0
2017-09-07,1015.2999877929688,1015.2999877929688,1015.2999877929688,1015.2999877929688,0,72.56355500938339,15.152272127373067,13.73504229707229,1.4172298303007764,5.506721487207075,1.0141587658664133,987.4245589477906,965.9879661634276,1,0.0,0.009645994871249952,0.02194261478909798,0.043152163286509504,0.11798331246519436,0.1545827883023386,1.15,246.435,2.05,0.0,0.0
2017-09-08,1011.0999755859376,1011.0999755859376,1011.0999755859376,1011.0999755859376,0,68.80892228627928,15.18470967736107,14.024975773130047,1.1597339042310235,5.866486923301002,0.8856645455922961,989.679360532376,967.7570645721535,1,0.0,-0.0041367204348746744,0.014345894831550687,0.028167531507210963,0.11578567073538025,0.14356642150576512,1.15,246.435,2.06,0.0,0.0
2017-09-11,997.9000244140624,997.9000244140624,997.9000244140624,997.9000244140624,0,58.55441071323458,13.984091029853289,14.016798824474696,-0.03270779462140716,5.916072823944442,0.6475426044229458,990.4622809020605,968.9391414286989,1,0.0,-0.013055040540601137,-0.009331841053132561,0.01083874804975915,0.12623012851461363,0.12900126992424474,1.15,246.435,2.14,0.0,0.0
2017-09-12,986.0,987.0,985.5999755859376,985.5999755859376,7,50.93676489330741,11.902872057284753,13.594013471036709,-1.6911414137519554,5.715752664078321,0.42356143267823254,989.9992042052869,969.5925074740809,1,1.6470588235294117,-0.012325932986470223,-0.02163991294402079,0.013574610078634253,0.12208371595293122,0.13164240906816774,1.15,246.435,2.17,0.0,0.0
2017-09-13,991.2000122070312,991.2000122070312,982.2999877929688,982.2999877929688,1,49.09150439778458,9.873395237089312,12.84988982424723,-2.9764945871579176,5.278201156354298,0.337559612803861,989.2659454993518,970.0908400356059,1,0.23255813953488372,-0.0033482019832711263,-0.02317023504241089,0.01803291837356169,0.11902614490245493,0.13193809180768365,1.15,246.435,2.2,0.0,0.0
2017-09-14,980.0999755859376,980.0999755859376,980.0999755859376,980.0999755859376,0,47.84705015064568,7.995332421422631,11.878978343682311,-3.8836459222596798,5.0857550763318295,0.27980524839507176,988.3929959837885,970.4833551552267,1,0.0,-0.0022396541121558755,-0.03466956823622935,0.008333308215985102,0.11699223998921311,0.13134610263692667,1.15,246.435,2.2,0.0,0.0
2017-09-15,971.0,971.0,971.0,971.0,0,42.992338080069715,5.706876807746653,10.64455803649518,-4.937681228748527,5.287003571327088,0.12192592696015328,986.7365201758087,970.5036157373747,1,0.0,-0.009284742182038452,-0.03965975329264493,-0.00807030770970818,0.11907869527883713,0.13263318814598293,1.15,246.435,2.2,0.0,0.0
2017-09-18,960.2999877929688,960.2999877929688,960.2999877929688,960.2999877929688,0,38.0975480759334,2.995329392394069,9.114712307674958,-6.119382915280889,5.867518331477891,-0.008617290120971845,984.2187551869667,970.1034734650451,1,0.0,-0.011019580027838538,-0.03767916194126886,-0.019701907180453726,0.12482952974189407,0.13477459851012763,1.15,246.435,2.23,0.0,0.0
2017-09-19,950.4000244140624,950.4000244140624,950.4000244140624,950.4000244140624,0,34.21598983649011,0.047022180425642546,7.301174282225095,-7.254152101799453,6.814533358882543,-0.06167698745684532,980.9979236847854,969.330789188536,1,0.0,-0.01030924034650793,-0.03571423705743182,-0.032868614421227904,0.12804745030596723,0.13643285931041924,1.15,246.435,2.24,0.0,0.0
2017-09-20,944.9000244140624,944.9000244140624,944.9000244140624,944.9000244140624,2,32.25012238232523,-2.702187426449086,5.30050194049026,-8.002689366939347,7.796384494719106,-0.04144258954388602,977.5600285161452,968.3727199816939,1,0.4597701149425288,-0.0057870368883784495,-0.038073871366868905,-0.03433824791613449,0.1285716072314938,0.13380319225256798,1.15,246.435,2.28,1.0,0.0
2017-09-21,939.4000244140624,939.4000244140624,939.4000244140624,939.4000244140624,0,30.370943628504662,-5.264078857174809,3.1875857809572463,-8.451664638132055,8.840682907146196,-0.01937877059500518,973.925742411185,967.2365358417868,1,0.0,-0.005820721619105185,-0.04152632607458584,-0.03956645755838173,0.12926445766541403,0.13438029656701897,1.15,246.435,2.27,1.0,0.0
2017-09-22,931.7999877929688,931.7999877929688,931.7999877929688,931.7999877929688,100,27.947579856216834,-7.817539978005357,0.9865606291647259,-8.804100607170083,10.02594918144635,-0.011902124839884037,969.9137657808786,965.8468672908527,1,10.695187165775401,-0.008090309158586662,-0.04037076437387355,-0.048989590322532583,0.13020019977860722,0.13537242142251413,1.15,246.435,2.26,1.0,0.0
2017-09-25,940.0,940.0,940.0,940.0,0,34.061024936551604,-9.07489412763357,-1.0257303221949334,-8.049163805438637,10.718317528782482,0.11558538818638918,967.0648357065093,964.8332646519958,1,0.0,0.008800184926438526,-0.021139214881824242,-0.03718118226655798,0.13609391571779306,0.13642901089574852,1.15,246.435,2.22,1.0,0.0
2017-09-26,924.5,924.5,924.5,924.5,0,29.044497497315334,-11.193050294691147,-3.0591943166941764,-8.133855977996971,11.826203532197793,0.04320456612144756,963.0110418296988,963.2515679989764,-1,0.0,-0.01648936170212767,-0.02725170848983316,-0.06284845413076534,0.1375259805861379,0.1404236034720047,1.15,246.435,2.24,1.0,0.0
2017-09-27,921.2999877929688,921.2999877929688,921.2999877929688,921.2999877929688,12709,28.123580043175664,-12.980289857537173,-5.043413424862776,-7.936876432674397,12.65669253868821,0.07768738157418267,959.0385604928673,961.6064079908977,-1,19.737536884609412,-0.0034613436528191377,-0.024976226067650042,-0.07934448230788638,0.12093697992977602,0.1331090920938655,1.15,246.435,2.31,1.0,0.0
2017-09-28,921.2999877929688,924.5999755859376,914.0,921.0,4949,28.03384210410178,-14.256555893308246,-6.886041918551871,-7.370513974756375,13.37857839133057,0.12461097435723602,955.4158404459275,960.0139998343919,-1,5.557864001347633,-0.0003256135861755549,-0.01958699588659174,-0.07297433316557622,0.12107888163803213,0.1330633335088749,1.15,246.435,2.31,1.0,0.0
2017-09-29,922.0,922.2999877929688,910.2999877929688,910.2999877929688,232,24.972995911854596,-15.947573779521008,-8.698348290745699,-7.249225488775309,14.190349001024996,0.09796352656687872,951.1190925742171,958.0644307347283,-1,0.25719195166565045,-0.01161781998591882,-0.023073621250977006,-0.0867776896662299,0.12111360220475492,0.1352648169670228,1.15,246.435,2.33,1.0,0.0
2017-10-02,910.0,913.0999755859376,906.7999877929688,911.5999755859376,188,26.02970614313068,-16.987003880339444,-10.356079408664447,-6.630924471674996,14.465097848324385,0.1474277005235743,947.355367146762,956.2422952386972,-1,0.20649129551320775,0.0014280872354186513,-0.0302127919298536,-0.09500646616378239,0.10997765915626542,0.13454413995970987,1.15,246.626,2.34,1.0,0.0
2017-10-03,910.7999877929688,912.7999877929688,910.7999877929688,911.0999755859376,2,25.87873402509929,-17.647674143028212,-11.8143983555372,-5.8332757874910115,14.475911903344166,0.1771036439648819,943.9024727123978,954.472008193491,-1,0.0021988895607718104,-0.0005484861928376494,-0.014494347662587725,-0.09559266080436724,0.10960328026964622,0.1344759878935474,1.15,246.626,2.33,1.0,0.0
2017-10-04,912.5999755859376,912.5999755859376,910.5999755859376,910.5999755859376,21,25.718095035845977,-18.004066238946393,-13.05233193221904,-4.951734306727353,14.274165815507692,0.20221175031826497,940.7308063194015,952.7515363265281,-1,0.02306298391082313,-0.0005487871950369261,-0.011614037065889593,-0.09447096490296347,0.11017536831689859,0.13424177242188964,1.15,246.626,2.33,1.0,0.0
2017-10-05,910.0,914.2000122070312,910.0,914.2000122070312,67,29.12921337797522,-17.79093386296654,-14.00005231836854,-3.7908815445979993,13.287446657798762,0.24724597181076746,938.2040640229853,951.2397118512538,-1,0.07331217857533648,0.003953477616531975,-0.007383265790411264,-0.09957645700922924,0.10177152542147667,0.12634006323136315,1.15,246.626,2.35,1.0,0.0
2017-10-06,911.5999755859376,915.5,905.2000122070312,912.9000244140624,38,28.618152789198675,-17.52490685258715,-14.705023225212264,-2.819883627374887,12.066804517050498,0.2520165794006561,935.7941554888022,949.7361946968541,-1,0.041493775933609964,-0.0014219949415997801,0.002856241520333702,-0.09712190044804214,0.10261674539974494,0.12347951401614851,1.15,246.626,2.37,2.0,0.0
2017-10-09,913.5,914.4000244140624,913.5,914.4000244140624,2,30.141159013916266,-16.99710897434022,-15.163440375037856,-1.8336685993023654,10.989223814243891,0.2816068210500072,933.7566191959698,948.3504625289015,-1,0.0021836445026749644,0.0016431153027547385,0.0030715762429951443,-0.08367571696275766,0.1006669152289465,0.11782226311236055,1.15,246.626,2.37,1.0,0.0
2017-10-10,931.9000244140624,933.0999755859376,931.9000244140624,933.0999755859376,3,45.69639083315557,-14.898158873976172,-15.11038407482552,0.21222520084934793,9.92772836703709,0.4874931317282644,933.6940817093001,947.7524042174127,-1,0.0032761821557278584,0.02045051473380921,0.02414663658162386,-0.05326704677401073,0.1288651474941778,0.12413369043149598,1.15,246.626,2.35,1.0,0.0
2017-10-11,930.4000244140624,932.2000122070312,930.4000244140624,930.4000244140624,2,44.16722241195449,-13.29928343157303,-14.748163946175023,1.448880514601992,8.759862905225065,0.48450024460681823,933.3803619668965,947.0719187349284,-1,0.002184002184002184,-0.0028935282847690758,0.021743959322406248,-0.05283514611001394,0.12884635667946442,0.12428545516574029,1.15,246.626,2.35,1.0,0.0
2017-10-12,939.0999755859376,939.0999755859376,939.0999755859376,939.0999755859376,5,49.97615191409372,-11.201031257214936,-14.038737408383007,2.837706151168071,7.4223014710374775,0.6374657585091523,933.9250870734719,946.7592935133994,-1,0.0054585152838427945,0.009350764126811129,0.027236888040280904,-0.04183246711692734,0.1357449464403177,0.12492554096447488,1.15,246.626,2.33,1.0,0.0
2017-10-13,938.7999877929688,945.2000122070312,937.5,945.2000122070312,7,53.61982625071857,-8.942841803175156,-13.019558287341438,4.0767164841662815,6.4257587432267425,0.782891327456731,934.9988894671442,946.6981452268751,-1,0.007639002564522289,0.006495620040121608,0.035381736147614085,-0.026570533257434303,0.13623016090222428,0.12409117956679577,1.15,246.626,2.28,1.0,0.0
2017-10-16,940.0,940.0,939.4000244140624,939.4000244140624,1,49.8982486396558,-7.534369413230706,-11.922520512519291,4.388151099288585,5.727923132414186,0.7281893410185295,935.4180451763744,946.4119444106864,-1,0.0010912265386294195,-0.0061362544626146764,0.027340331728468392,-0.021763994214912152,0.1326367070005727,0.12445685749593653,1.15,246.626,2.3,1.0,0.0
2017-10-17,932.0999755859376,934.5,932.0999755859376,932.0999755859376,1,45.607606192862086,-6.92734372177722,-10.923485154370878,3.9961414325936584,5.286898719810342,0.6170977340120284,935.1020385487138,945.8506907312844,-1,0.0010911670031098259,-0.00777096938301447,-0.0010716965235928466,-0.019255101386815632,0.13055963579954072,0.12495014679939873,1.15,246.626,2.3,1.0,0.0
2017-10-18,930.0,930.0,921.9000244140624,921.9000244140624,1,40.38258401127186,-7.186481023132501,-10.176084328123203,2.989603304990702,4.974868159812255,0.42797951965957304,933.8447038692232,944.9114489149229,-1,0.0010912265386294195,-0.01094297976508729,-0.009135855306273255,-0.02434119949807645,0.13436089126716727,0.12698405930764053,1.15,246.626,2.34,1.0,0.0
2017-10-19,918.5999755859376,923.2000122070312,918.5999755859376,923.2000122070312,1,41.30552502894775,-7.203908873779369,-9.581649237254437,2.377740363475068,4.7774583467933525,0.47271505938816055,932.8309237109191,944.0600200244173,-1,0.0010911670031098259,0.001410117972168612,-0.016931065692963987,-0.01724506257825109,0.1335260818366285,0.1252776923806718,1.15,246.626,2.33,1.0,0.0
2017-10-20,921.0999755859376,925.0999755859376,917.5,924.0999755859376,102,41.975231449571616,-7.063675394643724,-9.078054468732295,2.0143790740885716,4.72269362212257,0.5018327204712864,931.9994048418732,943.2772731836926,-1,0.11128689105886204,0.0009748303368788402,-0.02232335627231452,-0.00826358908339242,0.13084963544171818,0.12502301163251642,1.15,246.626,2.39,1.0,0.0
2017-10-23,924.5,924.5,924.5,924.5,4,42.29042798669083,-6.841397354943979,-8.630723045974632,1.789325691030653,4.453542090658214,0.5305226217523497,931.2851758093138,942.5409095294302,-1,0.00436323970548132,0.0004328800179966841,-0.015861213569114074,-0.01648936170212767,0.12636560901602392,0.12300249229982586,1.15,246.626,2.38,1.0,0.0
2017-10-24,921.2000122070312,922.7999877929688,921.2000122070312,922.7999877929688,4,41.26455080960556,-6.72489676081193,-8.249557788942091,1.5246610281301614,4.452348502529256,0.49124112853152524,930.4770626649,941.7667557358435,-1,0.004362288020066525,-0.0018388450049012794,-0.009977457393583467,-0.0018388450049012794,0.11192704934701932,0.12261004569659502,1.15,246.626,2.42,1.0,0.0
2017-10-25,924.0,924.0,924.0,924.0,1,42.3280477579519,-6.46125689691894,-7.891897610537462,1.430640713618522,4.4484092498964065,0.517165048188553,929.8601995539572,941.0700202167908,-1,0.0035517670040845317,0.0013004033624894884,0.002277877785362037,0.002930654773478647,0.11129768645401741,0.12101580528000767,1.15,246.626,2.44,0.0,0.0
2017-10-26,920.2000122070312,920.2000122070312,918.2000122070312,918.2000122070312,5,38.68239417567211,-6.6437459796678695,-7.642267284363544,0.9985213046956742,4.470448323760293,0.37993490268369035,928.7497055209166,940.1731571575846,-1,0.14556040756914118,-0.006277043065983534,-0.005415944469115419,-0.003040160470107245,0.11362739079341284,0.12116508984253357,1.15,246.626,2.46,0.0,0.0
2017-10-27,910.5999755859376,910.5999755859376,910.5999755859376,910.5999755859376,5,34.490417131016216,-7.317280279462466,-7.5772698833833285,0.2599896039208627,4.462360620968594,0.1948666258391026,927.0211598128234,939.0134245469318,-1,0.21739130434782608,-0.008277103594047874,-0.014608808956455333,0.00032954827748188364,0.10964626531417834,0.11960936422311802,1.15,246.626,2.42,1.0,0.0
2017-10-30,914.4000244140624,918.9000244140624,914.0,918.9000244140624,16,41.8960299529371,-7.099478126010013,-7.481711531908665,0.38223340589865273,4.334437336264376,0.38421256847438134,926.2477183462747,938.2246637574075,-1,1.1111111111111112,0.009114923183238588,-0.0060573018777042575,0.008007951978533878,0.11421533566653752,0.12084106081569297,1.15,246.626,2.37,0.0,0.0
2017-10-31,915.7999877929688,915.7999877929688,915.7999877929688,915.7999877929688,9,40.07386271073038,-7.095226048195627,-7.404414435166058,0.3091883869704306,4.2283222189123855,0.2959544521890818,925.252696388817,937.3452646999785,-1,0.6101694915254238,-0.003373638631765652,-0.007585609116382508,0.005158613031471582,0.11496628586127995,0.12072564678187957,1.15,246.626,2.38,0.0,0.0
2017-11-01,933.0,933.0,933.0,933.0,0,52.43479778241845,-5.638956625435981,-7.051322873220043,1.4123662477840622,4.095780906438111,0.7140887869423338,925.9905348279773,937.1748621627245,-1,0.0,0.01878140689702601,0.009740259740259827,0.02459919285595058,0.1320274691830721,0.1269486580681581,1.16,247.284,2.37,0.0,0.0
2017-11-02,924.0999755859376,924.0999755859376,924.0999755859376,924.0999755859376,0,47.029132683454606,-5.143716642054528,-6.66980162698694,1.526084984932412,3.956001930378,0.46489793755497194,925.8104815668306,936.6621215126544,-1,0.0,-0.009539147281953264,0.006425575365355263,0.010829100029222438,0.13695973227513472,0.12815162907720667,1.16,247.284,2.35,0.0,0.0
2017-11-03,918.5,918.5,918.5,918.5,0,43.958340368739115,-5.143811953758586,-6.364603692341269,1.2207917385826832,3.8227093195527,0.2975158470569454,925.1142452271324,935.9498814533346,-1,0.0,-0.006059923962650093,0.00867562555004353,0.006134270386871643,0.1388282034751243,0.12643239586285376,1.16,247.284,2.34,1.0,0.0
2017-11-06,931.7000122070312,933.7999877929688,931.0,931.0,12,51.561327731676414,-4.088116691375603,-5.909306292148137,1.8211896007725334,3.67982576946059,0.6321370589918152,925.6747933007389,935.7557684551646,-1,1.340782122905028,0.013609145345672369,0.013167891244374674,0.018153953568160297,0.14653022428138981,0.12957357455048168,1.16,247.284,2.32,1.0,0.0
2017-11-07,928.2999877929688,928.7000122070312,922.0999755859376,922.0999755859376,8,46.703029186228925,-3.924390251697446,-5.512323084057999,1.5879328323605533,3.643340508616904,0.38602386063727895,925.3343344707578,935.2202471661753,-1,0.8695652173913044,-0.009559639542494502,0.006879218035535706,-0.01178866175952109,0.13183569518857782,0.12748559842770868,1.16,247.284,2.32,1.0,0.0
2017-11-08,934.5999755859376,934.5999755859376,934.5999755859376,934.5999755859376,0,53.35122562051356,-2.7542411579131567,-4.960706698829031,2.2064655409158744,3.7112289033820667,0.7456955001581667,926.2167764817273,935.1959227904798,-1,0.0,0.013556013806482303,0.001714872010651236,0.0045141348470194576,0.14054808851782857,0.12999715129007877,1.16,247.284,2.32,1.0,0.0
2017-11-09,937.2999877929688,937.2999877929688,937.2999877929688,937.2999877929688,0,54.66663128442786,-1.590684727089183,-4.286702304481062,2.6960175773918786,3.656486189568696,0.8317930922970308,927.2723204161313,935.2784351435187,-1,0.0,0.0028889495801007747,0.01428418196706649,-0.001916715834057836,0.1368437667857036,0.12916512659794208,1.16,247.284,2.33,1.0,0.0
2017-11-10,928.9000244140624,928.9000244140624,928.9000244140624,928.9000244140624,0,49.947822514401786,-1.331021528298379,-3.6955661492445255,2.3645446209461465,3.1500508210521962,0.6252332004813809,927.4273398445057,935.0283013894224,-1,0.0,-0.008961872920414171,0.011322835507961315,-0.017245014369930645,0.138010301493974,0.1292843824571839,1.16,247.284,2.4,1.0,0.0
2017-11-13,932.4000244140624,932.4000244140624,932.4000244140624,932.4000244140624,0,51.814220634824295,-0.8332110844787621,-3.123095136291373,2.289884051812611,2.9177123995118395,0.7779237076008736,927.9009288511302,934.9252317041141,-1,0.0,0.00376789741415684,0.001503785621978837,-0.007451564634955332,0.13746097678555702,0.12959458385545883,1.16,247.284,2.4,1.0,0.0
2017-11-14,924.0999755859376,924.0999755859376,924.0999755859376,924.0999755859376,2,47.3089403053238,-1.0958055312000852,-2.7176372152731156,1.6218316840730305,2.830412106314462,0.4847128475232322,927.5389333020643,934.5007118563425,-1,0.23529411764705882,-0.00890181103688914,0.002168962209037284,-0.008582770313850796,0.1383350161127671,0.13037679104011335,1.16,247.284,2.38,1.0,0.0
2017-11-15,928.2000122070312,929.9000244140624,926.4000244140624,929.9000244140624,2,50.54501550230522,-0.8263721509609923,-2.3393842024106912,1.513012051449699,2.860745643239838,0.6889723947789739,927.7637991222546,934.320292740959,-1,0.23391812865497075,0.006276430019865664,-0.005028837250855567,0.008677730543596107,0.1343494000665693,0.13103936071796773,1.16,247.284,2.33,1.0,0.0
2017-11-16,933.0,933.0,933.0,933.0,0,52.23357255726116,-0.35856877610103766,-1.9432211171487606,1.584652341047723,2.9523334478201897,0.778544545582894,928.2624849201351,934.268516555039,-1,0.0,0.0033336654527897913,-0.004587632400480213,0.010615237936945743,0.13470671885278443,0.13131648684994804,1.16,247.284,2.37,1.0,0.0
2017-11-17,951.4000244140624,951.4000244140624,951.4000244140624,951.4000244140624,0,60.790887092657414,1.4798383087554612,-1.2586092319679163,2.7384475407233775,3.824850481424623,1.1952642107671423,930.4660601100329,934.9403403926478,-1,0.0,0.019721355213357272,0.02422219766243705,0.029542310950516848,0.150677358959288,0.13768517951243914,1.16,247.284,2.35,1.0,0.0
2017-11-20,920.4000244140624,920.4000244140624,920.4000244140624,920.4000244140624,0,45.878376795642154,0.43038701274554114,-0.9208099830252249,1.3511969957707661,3.867438087136606,0.328374758475958,929.50739004375,934.3701319228994,-1,0.0,-0.032583560231766784,-0.012870012533023112,-0.00443480322978651,0.1944337617182664,0.15298233943156023,1.16,247.284,2.37,2.0,0.0
2017-11-21,934.7999877929688,934.7999877929688,934.7999877929688,934.7999877929688,0,51.79396658075098,0.7519776684597446,-0.586252452728231,1.3382301211879755,3.920876168116357,0.7104396705310251,930.011446972247,934.3869890158434,-1,0.0,0.015645331374337434,0.01157884697513012,0.01300390134236995,0.20213458894222514,0.15496052825157766,1.16,247.284,2.36,2.0,0.0
2017-11-22,937.5999755859376,937.5999755859376,937.5999755859376,937.5999755859376,0,52.87261524680127,1.2187274629061449,-0.22525646960135584,1.4439839325075008,4.023357044704486,0.7617197807210764,930.7341639830746,934.5129884891804,-1,0.0,0.002995280091498076,0.00828040753814041,0.014718588296469326,0.20229619873809307,0.1519304606881574,1.16,247.284,2.32,2.0,0.0
2017-11-24,942.2999877929688,942.2999877929688,942.2999877929688,942.2999877929688,0,54.704755647126994,1.9454557404502566,0.20888597240896667,1.73656976804129,4.1179389602182885,0.8467328227616375,931.8356710125884,934.8183610108977,-1,0.0,0.005012811784784743,0.009967832575529245,0.026246978071814198,0.20106198063000089,0.15188693607835363,1.16,247.284,2.34,1.0,0.0
2017-11-27,947.9000244140624,947.9000244140624,947.9000244140624,947.9000244140624,0,56.85690908930183,2.939385879349061,0.7549859537969855,2.1843999255520754,4.049124506447554,0.9510091820110599,933.3656094317763,935.3313674188649,-1,0.0,0.005942944596879274,-0.0036787890584253358,0.040962057795052687,0.19837265260268666,0.15228856032808563,1.16,247.284,2.32,1.0,0.0
2017-11-28,950.0999755859376,950.0999755859376,950.0999755859376,950.0999755859376,22,57.70705872394697,3.8601034790420954,1.3760094588460077,2.4840940201960877,4.237883406688912,0.9463944906812959,934.9593585893155,935.910528523456,-1,8.0,0.002320868356591843,0.03226852497182686,0.03395358618231614,0.19662261102861375,0.1506074203877917,1.16,247.284,2.34,2.0,0.0
2017-11-29,940.0,940.0,940.0,940.0,7,52.58399605291516,3.731777580447101,1.8471630831662265,1.8846144972808747,3.952087866753025,0.6715472814998007,935.4394196760474,936.0708999539088,-1,2.6415094339622645,-0.010630434528438815,0.005562700336901205,0.026424997302469944,0.2007787740626812,0.15189582333286558,1.16,247.284,2.37,2.0,0.0
2017-11-30,941.2999877929688,941.2999877929688,941.2999877929688,941.2999877929688,0,53.160387668812575,3.692412696594488,2.2162130058518787,1.4761996907426091,4.0128803107521875,0.6924833391898998,935.997569020516,936.2759622221073,-1,0.0,0.0013829657372008697,0.003946258855989093,0.008896021214328753,0.1901169913309432,0.15197822099363695,1.16,247.284,2.42,2.0,0.0
2017-12-01,939.4000244140624,939.4000244140624,939.4000244140624,939.4000244140624,2,52.162364522409355,3.467928455981223,2.4665560958777477,1.0013723601034754,3.913523349736265,0.6243666297015042,936.32161239133,936.3984744649291,-1,0.7272727272727273,-0.002018446195204082,-0.003077537319828072,0.016556702989223293,0.18669041617379126,0.15034051551884478,1.3,247.805,2.37,2.0,0.0
2017-12-04,924.7999877929688,927.7999877929688,924.7999877929688,924.7999877929688,2,45.148055113484624,2.0878546514708205,2.3908158069963625,-0.30296115552554204,3.7102219018490685,0.20126805705826403,935.2243148105337,935.9436318503424,-1,0.7017543859649122,-0.015541873793541994,-0.0243696972530123,0.006858995964037939,0.1943330813938263,0.15310121654855346,1.3,247.805,2.37,2.0,0.0
2017-12-05,917.5999755859376,917.5999755859376,915.9000244140624,916.2999877929688,3,41.63760314714025,0.3047443527635778,1.9736015161498057,-1.668857163386228,4.0975820868265105,0.026496021711436606,933.4219979517179,935.1732928677003,-1,1.25,-0.00919117659190849,-0.03557519067624859,-0.015789486795951935,0.1906193712933666,0.15203656478957683,1.3,247.805,2.36,2.0,0.0
2017-12-06,915.4000244140624,915.4000244140624,901.9000244140624,901.9000244140624,3,36.464810242104086,-2.2444672830339414,1.1299877563130563,-3.374455039346998,4.995960984820182,-0.1759113642990205,930.419905233846,933.868458810695,-1,1.3953488372093024,-0.01571533730300556,-0.04053188892121018,-0.021906465358096816,0.19565902746041752,0.1532553449071007,1.3,247.805,2.33,2.0,0.0
2017-12-07,893.5999755859375,893.5999755859375,893.5999755859375,893.5999755859375,0,33.85412281046716,-4.878247049129982,-0.0716592047755514,-4.80658784435443,6.2373907224971,-0.15016275064321535,926.9132452673784,932.2893026058025,-1,0.0,-0.009202847991402585,-0.05067461258431727,-0.04386903602720038,0.189742661483031,0.15403681281398665,1.3,247.805,2.37,2.0,0.0
2017-12-08,882.7999877929688,882.7999877929688,882.7999877929688,882.7999877929688,0,30.76739103692549,-7.74769464366841,-1.6068662925541233,-6.140828351114287,7.701545922475245,-0.141009505338444,922.711982650768,930.3485451621619,-1,0.0,-0.012085931163871355,-0.06025126160327399,-0.058145738514655765,0.19185334666879306,0.1555530612731445,1.3,247.805,2.38,2.0,0.0
2017-12-11,891.9000244140625,891.9000244140625,891.9000244140625,891.9000244140625,0,36.057689911949886,-9.181615682223423,-3.1218161704879837,-6.05979951173544,8.455058784128152,0.05468984411299632,919.7775104377484,928.8407600347855,-1,0.0,0.01030815218274328,-0.03557522038621763,-0.03983205837822967,0.19598955905288967,0.15664780204898487,1.3,247.805,2.39,2.0,0.0
2017-12-12,874.7999877929688,874.7999877929688,874.7999877929688,874.7999877929688,0,31.228645093378688,-11.564529779842587,-4.810358892358905,-6.754170887483682,9.768415554372185,-0.044199460223615955,915.4939368525313,926.7215140645181,-1,0.0,-0.01917259351161882,-0.045290844213540016,-0.06177609943467188,0.20394602155612832,0.15971775066945276,1.3,247.805,2.4,2.0,0.0
2017-12-13,874.5,874.5,874.5,874.5,0,31.149829846362067,-13.323626406420999,-6.513012395171324,-6.810614011249675,10.852874940201177,0.03066026432408007,911.5897523903855,924.6736115521842,-1,0.0,-0.0003429215788235407,-0.03038033448536981,-0.05367381982072672,0.20301060150194516,0.15867411033149945,1.3,247.805,2.36,2.0,0.0
2017-12-14,880.2999877929688,880.2999877929688,880.2999877929688,880.2999877929688,0,34.58721290997053,-14.087322726877574,-8.027874461512575,-6.059448265364999,11.515513323424514,0.13471801482096502,908.6097748096792,922.9334694439797,-1,0.0,0.006632347390473026,-0.014883603576922533,-0.05333910669842923,0.20322265729209105,0.15923686257027161,1.3,247.805,2.35,2.0,0.0
2017-12-15,888.5,888.5,888.5,888.5,0,39.208252065369265,-13.870988981638675,-9.196497365537795,-4.67449161610088,11.800866498130723,0.23905107096245745,906.6945581611383,921.5831373089217,-1,0.0,0.009315020243939598,0.006456742507758184,-0.04769560557341912,0.20664327070206118,0.16035615012756854,1.3,247.805,2.35,2.0,0.0
2017-12-18,912.2999877929688,912.2999877929688,912.2999877929688,912.2999877929688,0,50.203867189199464,-11.644848257791523,-9.68616754398854,-1.9586807138029823,11.305832429016622,0.4760690477733234,907.228408602265,921.2190922298647,-1,0.0,0.02678670545072448,0.022872477655001777,-0.041097367687344954,0.21754703283907775,0.16913275925960616,1.3,247.805,2.39,2.0,0.0
2017-12-19,913.2000122070312,913.2000122070312,913.2000122070312,913.2000122070312,0,50.567987937623094,-9.696219267241986,-9.688177888639231,-0.00804137860275489,11.296845498859433,0.48823830057730533,907.7971327550998,920.9046185034791,-1,0.0,0.0009865443670999952,0.04389577612014128,-0.007822698844032194,0.18415299390468493,0.16809056813511533,1.3,247.805,2.46,2.0,0.0
2017-12-20,920.5999755859376,920.5999755859376,920.5999755859376,920.5999755859376,0,53.57387208091653,-7.468706947927217,-9.244283700496828,1.7755767525696111,11.140247152561644,0.5677379698465659,909.0164511199415,920.8926717223991,-1,0.0,0.008103332544884712,0.05271580970375944,-0.015190428318850202,0.17738466516153742,0.1655601324795299,1.3,247.805,2.49,2.0,0.0
2017-12-21,918.7999877929688,918.7999877929688,918.7999877929688,918.7999877929688,0,52.73387398994031,-5.781980288667569,-8.551823018130976,2.7698427294634076,10.906779669158084,0.5606207273155803,909.9482165173727,920.8106056859509,-1,0.0,-0.001955233370306342,0.04373509091659167,-0.02005118204191514,0.1768637807963579,0.16545668368636549,1.3,247.805,2.48,2.0,0.0
2017-12-22,922.0999755859376,922.0999755859376,922.0999755859376,922.0999755859376,0,54.15313529048096,-4.131332395065897,-7.667724893517961,3.536392498452064,10.55789135332326,0.6074667980315056,911.1055269048551,920.8611692114406,-1,0.0,0.0035916280330996475,0.037816517260481186,-0.02143692292126953,0.176296101428215,0.16562241857683482,1.3,247.805,2.48,2.0,0.0
2017-12-26,922.5999755859376,922.5999755859376,922.5999755859376,922.5999755859376,4,54.3766683197214,-2.7511229924426743,-6.684404513302904,3.9332815208602296,9.999872535923346,0.6330068067726446,912.2002363030534,920.929357696715,-1,1.8604651162790697,0.0005422405522592655,0.011290132555944243,-0.026690629999470472,0.17448382671601606,0.1638171266628675,1.3,247.805,2.47,2.0,0.0
2017-12-27,922.7999877929688,922.7999877929688,922.7999877929688,922.7999877929688,8371,54.47229498300163,-1.6224551306535204,-5.672014636773028,4.0495595061195075,9.28534966004622,0.6619963691781762,913.2097364449502,921.0027157397053,-1,19.949952335557672,0.00021679190583556718,0.010512456699092843,-0.028733805383094224,0.17405638099115292,0.1637979296325243,1.3,247.805,2.42,2.0,0.0
2017-12-28,923.2000122070312,928.5,921.9000244140624,926.9000244140624,3210,56.48573889369609,-0.3926132277895249,-4.616134354976327,4.223521127186802,8.948814270706732,0.7266991767459977,914.5135733943895,921.2339827465429,-1,5.536869340232859,0.004443039310067176,0.0068434162450579095,-0.01393614424035916,0.17168123862635412,0.1640182638348102,1.3,247.805,2.43,2.0,0.0
2017-12-29,926.9000244140624,935.2000122070312,926.9000244140624,934.2000122070312,227,59.88720236283201,1.1577475539821762,-3.4613579731846267,4.619105527166803,8.722734394557596,0.8293044573592679,916.3884723289268,921.7424544900915,-1,0.38402977499577057,0.007875701370904098,0.01676101939340957,-0.007542734174027288,0.17423533275667394,0.16473614580091994,1.3,247.805,2.4,2.0,0.0
2018-01-02,937.9000244140624,945.7999877929688,937.9000244140624,943.7999877929688,45,63.88527920926923,3.1250339960834026,-2.144079579331021,5.269113575414424,8.882396684158577,0.9395655732342721,918.9990928493118,922.6074557960867,-1,0.07585335018963338,0.010276145857949226,0.023533253206347915,0.004683801644193908,0.17808329910908166,0.16580792649432993,1.41,248.859,2.46,2.0,0.0
2018-01-03,941.5,959.9000244140624,941.5,957.7999877929688,159,68.77333719228155,5.747551476406784,-0.5657533681834601,6.3133048445902435,9.955118518236942,1.0278170722963476,922.6944161772791,923.9875550900821,-1,0.2645150557311595,0.01483365138914472,0.038153059981034465,0.03568339147446831,0.1747408663665343,0.1682791328378506,1.41,248.859,2.44,2.0,0.0
2018-01-04,955.5,967.0,947.2000122070312,966.0999755859376,25,71.25713502287344,8.398838540185807,1.2271650134903933,7.171673526695414,11.280301972128907,1.0209852879945922,926.8282789781038,925.6390225605078,1,0.04151444702756559,0.008665679576896013,0.046922397448799336,0.054348999734157744,0.17131477323971447,0.16903580703424056,1.41,248.859,2.46,2.0,0.0
2018-01-05,963.0,971.2000122070312,963.0,971.2000122070312,8,72.69435622149498,10.787185018160585,3.1391690144244317,7.648016003736153,12.482526738611158,0.9833274954864579,931.0541583332397,927.4257280368421,1,0.013279110299609926,0.005278994669263293,0.04779370657690185,0.07683777127957292,0.15688126291562188,0.1644456597589628,1.41,248.859,2.47,1.0,0.0
2018-01-08,970.7999877929688,972.2999877929688,970.7999877929688,972.2999877929688,2,73.00784753589315,12.623213102994441,5.035977832138434,7.587235270856008,13.29918220593212,0.9285333632904713,934.9823325674996,929.1855029292392,1,0.0033192266201974943,0.0011325942875946016,0.04078353145803004,0.08807074122336145,0.1496819417155362,0.16427984462275858,1.41,248.859,2.49,1.0,0.0
2018-01-09,967.9000244140624,967.9000244140624,967.9000244140624,967.9000244140624,78,69.56728960371719,13.566848135210762,6.7421518927529,6.824696242457862,13.438019952121754,0.8524589010016181,938.1173508386008,930.7037194580558,1,0.12861736334405144,-0.004525314649950651,0.02553511012163745,0.09639786791779037,0.14079936118074932,0.16364262974307414,1.41,248.859,2.55,1.0,0.0
2018-01-10,974.4000244140624,974.4000244140624,974.4000244140624,974.4000244140624,9,71.68980645559664,14.670073893953258,8.327736292992972,6.3423376009602865,13.770892103677152,0.8609903142905606,941.5728435600734,932.4173000445659,1,0.014829461196243204,0.0067155696208758275,0.0173314228781154,0.09249915656656538,0.1394635955037393,0.16367729332035194,1.41,248.859,2.55,1.0,0.0
2018-01-11,986.9000244140624,986.9000244140624,984.0,986.9000244140624,100,75.26287305600664,16.36439522750993,9.935068079896364,6.4293271476135665,13.672642974447047,0.9154028666932043,945.8897179271199,934.5538774708207,1,0.16342539630658606,0.012828406903536926,0.021529913418649738,0.12814361932481355,0.11038056047251757,0.1649700405690577,1.41,248.859,2.54,1.0,0.0
2018-01-12,992.0,993.5,991.2000122070312,991.2000122070312,10,76.36782614143512,17.848385096516154,11.517731483220324,6.33065361329583,13.278625879917067,0.9127712681881317,950.2049840490163,936.7752945192996,1,0.016329196603527107,0.004357065241255675,0.02059308046604169,0.13344769834994996,0.10801991518298612,0.1641343122811978,1.41,248.859,2.55,1.0,0.0
2018-01-16,1000.2000122070312,1000.2000122070312,1000.2000122070312,1000.2000122070312,0,78.52952957061152,19.52560353979436,13.119305894535131,6.4062976452592295,12.994389065895195,0.9435796581197096,954.9664153021606,939.262538350191,1,0.0,0.009079903035877024,0.028694872739218003,0.13620359658832681,0.10846649195684685,0.16299662324517294,1.41,248.859,2.54,0.0,0.0
2018-01-17,1004.7000122070312,1006.2000122070312,1002.5,1006.2000122070312,54,79.85266263252521,21.095782051880747,14.714601126004256,6.381180925876491,12.810339264090276,0.9481133596949906,959.8458054835769,941.8875373249691,1,0.0877906031539587,0.005998800166739038,0.03957018992344219,0.13247046956334407,0.10793235301807029,0.16327172039436114,1.41,248.859,2.57,0.0,0.0
2018-01-18,1004.5,1005.0,1004.5,1005.0,1,78.80663337231934,21.989843649656677,16.169649630734742,5.820194018921935,13.047418797103527,0.891068583732807,964.1462049613315,944.3625358612449,1,0.0016256197675363732,-0.0011926179611140286,0.03140391504437656,0.10161132680851015,0.08032844234627748,0.1633582465379599,1.41,248.859,2.62,0.0,0.0
2018-01-19,1012.4000244140624,1017.2999877929688,1010.0999755859376,1016.2000122070312,28,81.27241054042528,23.333171018849384,17.60235390835767,5.730817110491714,13.37772069467256,0.9264119481166007,969.1037104133029,947.1796917963737,1,0.0454139972427216,0.01114429075326484,0.029688911812890684,0.1127901868409622,0.08188579135743287,0.16454301604486302,1.41,248.859,2.64,0.0,0.0
2018-01-22,997.0,998.5999755859376,994.0,994.2999877929688,10,65.27908667928233,22.372719904487212,18.55642710758358,3.8162927969036318,13.050502357840474,0.7322871086188157,971.503355878033,949.0275465413383,1,0.016206142127866464,-0.021550899577829186,0.0031274975259887317,0.0800565002840925,0.12560918886121708,0.1712527525493424,1.41,248.859,2.66,0.0,0.0
2018-01-23,1005.2999877929688,1005.2999877929688,1005.2999877929688,1005.2999877929688,0,68.61941666770596,22.242762821673523,19.29369425040157,2.9490685712719547,12.696574546811185,0.7919314687911833,974.7220827270744,951.2343089433631,1,0.0,0.011063059574622391,0.005098955732547816,0.09414453760255248,0.1260843937662638,0.17241673720981301,1.41,248.859,2.63,0.0,0.0
2018-01-24,1013.2999877929688,1013.2999877929688,1013.2999877929688,1013.2999877929688,0,70.81824641141736,22.525642453979913,19.940083891117236,2.5855585628626763,12.39437137936469,0.8261467164101338,978.3961689238263,953.6682571335438,1,0.0,0.007957823631892458,0.007056226893064954,0.09890468997038981,0.12660781791745226,0.17216665248198507,1.41,248.859,2.65,0.0,0.0
2018-01-25,1022.5999755859376,1029.300048828125,1022.5999755859376,1029.300048828125,56,74.64484721408222,23.76692746267713,20.705452605429215,3.061474857247916,12.280002356650908,0.9160788065296387,983.2441574861405,956.6342097490176,1,0.09037359799887033,0.015790053516141267,0.024179153062811043,0.11565150234739896,0.13129121395416588,0.17325491186445596,1.41,248.859,2.63,0.0,0.0
2018-01-26,1015.0,1015.0,1015.0,1015.0,9,66.27954124194527,23.327851395308244,21.229932363405023,2.0979190319032206,11.405267982654955,0.7773727885906426,986.2685234398414,958.923064268664,1,0.04465393202679235,-0.01389298372656822,-0.0011808819057431696,0.09991332187546198,0.1475164030291227,0.17568751676502192,1.41,248.859,2.66,0.0,0.0
2018-01-30,997.4000244140624,997.4000244140624,997.4000244140624,997.4000244140624,7,57.707685017021674,21.314014812647542,21.24674885325353,0.06726595939401392,10.098448866399256,0.600288930256629,987.3286663897671,960.4319646665228,1,0.16908212560386474,-0.017339877424569106,0.003117808165697289,0.07605998289250926,0.16735905584003988,0.17974941982862477,1.41,248.859,2.73,0.0,0.0
2018-01-31,1001.5999755859376,1001.5999755859376,1001.2999877929688,1001.2999877929688,1,58.97384716135575,19.804436052325855,20.958286293067996,-1.1538502407421412,8.8296467784217,0.6205414121520038,988.6592684281673,962.034632240109,1,0.03322259136212624,0.003910129620457337,-0.003978911815946229,0.07182613434934026,0.16663674494296205,0.17623676233544414,1.41,248.859,2.72,0.0,0.0
2018-02-01,1004.7999877929688,1004.7999877929688,1004.7999877929688,1004.7999877929688,0,60.1275474865174,18.675228350622774,20.501674704578953,-1.8264463539561788,7.7276710688889985,0.6431676021456133,990.1964797962436,963.7117050068878,1,0.0,0.0034954559499342786,-0.008388433931114103,0.06463233819555936,0.1647192932675794,0.17485801659370148,1.42,249.529,2.78,0.0,0.0
2018-02-02,996.4000244140624,996.4000244140624,996.4000244140624,996.4000244140624,0,56.053474624479755,16.90761579797254,19.78286292325767,-2.8752471252851315,6.962682016423645,0.5095920816611119,990.7872935693691,964.9935998856005,1,0.0,-0.008359836266874199,-0.0319634925224378,0.04030072782736038,0.16357718878006455,0.1753447095936198,1.42,249.529,2.84,0.0,0.0
2018-02-05,992.5,992.5,989.9000244140624,992.5,2,54.2166708440128,15.018941727418564,18.83007868408985,-3.8111369566712874,6.409914234511593,0.4287281880563963,990.9504084675244,966.072282243028,1,0.10666666666666667,-0.003914115132981677,-0.022167487684729092,0.027326389691761266,0.16287196600051668,0.17381456895568148,1.42,249.529,2.77,0.0,0.0
2018-02-06,991.2999877929688,991.2999877929688,991.2999877929688,991.2999877929688,0,53.634291722070834,13.272327829672463,17.718528513206376,-4.446200683533913,5.978243969776586,0.3867032051929399,990.9837017366143,967.0616040293002,1,0.0,-0.0012090803093514069,-0.006115937910345592,0.020696020730334164,0.16242764037899352,0.17245921532354103,1.42,249.529,2.79,0.0,0.0
2018-02-07,978.7000122070312,979.7999877929688,978.7000122070312,978.7000122070312,1,47.825316466438615,10.747520280939966,16.324326866753093,-5.576806585813127,5.7777504522506895,0.15883038634411353,989.8138265433207,967.5180121931328,1,0.0546448087431694,-0.012710557592147342,-0.022570634037209603,0.00658235574865107,0.16966380581108184,0.17288189834557188,1.42,249.529,2.84,0.0,0.0
2018-02-08,975.4000244140624,975.4000244140624,975.4000244140624,975.4000244140624,0,46.40765063272681,8.38366895550314,14.736195284503104,-6.352526328999964,5.488094480295306,0.07391228195668358,988.4410834833914,967.8271107116007,1,0.0,-0.0033718072461521587,-0.029259518049440936,0.007748734177933647,0.16927284745373353,0.17303076545081608,1.42,249.529,2.85,1.0,0.0
2018-02-09,958.5,958.5,958.5,958.5,0,39.88679166918173,5.087958203620246,12.806547868326533,-7.718589664706286,6.190128175923102,-0.13876980072556416,985.5895517230683,967.461341664087,1,0.0,-0.017326249734527677,-0.03803695652892991,-0.0163177586367812,0.17880388300940764,0.17590125672316972,1.42,249.529,2.83,1.0,0.0
2018-02-12,969.7999877929688,969.7999877929688,969.7999877929688,969.7999877929688,0,45.41014112546398,3.3492897381526063,10.915096242291748,-7.565806504139141,6.607744858581782,0.08557276234552352,984.0857837297254,967.5530532769843,1,0.0,0.011789241307218257,-0.0228715488232053,-0.01732702016219545,0.17780497548669266,0.17727802137933757,1.42,249.529,2.86,1.0,0.0
2018-02-13,972.7000122070312,972.7000122070312,972.7000122070312,972.7000122070312,0,46.76209517963587,2.1802575348407345,9.168128500801545,-6.987870965960811,6.9372768494933705,0.1602408900935941,983.0014245370879,967.7548948036529,1,0.0,0.0029903324918185703,-0.018763215792374277,-0.01866424512930287,0.1773396813241956,0.17620206521393336,1.42,249.529,2.83,0.0,0.0
2018-02-14,996.0999755859376,996.0999755859376,996.0999755859376,996.0999755859376,0,56.190111324433104,3.106166619055216,7.95573612445228,-4.849569505397064,6.928821398947751,0.5018109512980058,984.2489055893593,968.8664665990366,1,0.0,0.024056711303840128,0.017778648372209993,-0.004099216727708854,0.19515379092268645,0.18205485531674856,1.42,249.529,2.91,0.0,0.0
2018-02-15,998.0999755859376,998.0999755859376,998.0999755859376,998.0999755859376,0,56.89277727112512,3.9557402135928896,7.155736942280402,-3.1999967286875126,6.871225176806848,0.5369836812881422,985.568055112843,970.01287871617,1,0.0,0.002007830588313775,0.02327245294617608,-0.008050125743217507,0.19398915863797103,0.18200732838495998,1.42,249.529,2.9,0.0,0.0
2018-02-16,1009.2999877929688,1009.2999877929688,1009.2999877929688,1009.2999877929688,0,60.69468220325308,5.469729157867505,6.818535385397824,-1.3488062275303188,6.927434682025134,0.6959194795028721,987.8282391776169,971.5535496603583,1,0.0,0.011221333013715418,0.05299946561603419,0.004278594818874382,0.19823134765338285,0.17917836516637206,1.42,249.529,2.87,0.0,0.0
2018-02-20,1001.0,1001.0,1001.0,1001.0,0,56.70347284750996,5.931462448012553,6.64112079792077,-0.7096583499082172,6.694885373957378,0.589693458722225,989.0826925892724,972.7083124187757,1,0.0,-0.008223509257260897,0.03217159476154974,-0.014957697327732888,0.19604196899816478,0.16569838015172486,1.42,249.529,2.88,0.0,0.0
2018-02-21,994.4000244140624,998.0,993.5999755859376,993.5999755859376,2,53.33592276978393,5.635308947739304,6.439958427884477,-0.8046494801451729,6.696014304816959,0.4791365008250711,989.5129100175262,973.5275933272918,1,0.5128205128205129,-0.007392631782280112,0.021486545817435365,-0.0007040251590316737,0.1817074555067126,0.16400763079245317,1.42,249.529,2.94,0.0,0.0
2018-02-22,996.4000244140624,996.4000244140624,996.4000244140624,996.4000244140624,0,54.438526112282574,5.562425525577964,6.2644518474231745,-0.7020263218452101,6.633330011643619,0.5281185745629202,990.1688256743391,974.424551409126,1,0.0,0.0028180846386127723,0.0003012236075483621,-0.008853042362454766,0.17738378302499933,0.1639989469180347,1.42,249.529,2.92,0.0,0.0
2018-02-23,995.7999877929688,995.7999877929688,995.7999877929688,995.7999877929688,0,54.14328417038665,5.394067495414788,6.090374977021497,-0.6963074816067092,6.412279340063116,0.5334289128850664,990.7051268284944,975.2628038163356,1,0.0,-0.0006022045427452882,-0.002304366144903147,-0.017270305152293663,0.17460730927080906,0.1638190967362818,1.42,249.529,2.88,0.0,0.0
2018-02-26,998.7999877929688,998.7999877929688,998.7999877929688,998.7999877929688,9,55.44435986410482,5.440008440495831,5.960301669716364,-0.5202932292205338,5.546371394911011,0.6209381408660989,991.4760659679681,976.1858306389487,1,5.806451612903226,0.0030126531801319967,-0.010403249902895872,-0.029631846486241842,0.16417551194879687,0.16354728697985207,1.42,249.529,2.86,0.0,0.0
2018-02-27,984.7000122070312,984.7000122070312,983.0999755859376,983.0999755859376,94,47.800761642060536,4.161585034052564,5.6005583425836045,-1.4389733085310406,5.182148193530383,0.3548652902402556,990.6783430744414,976.4569735780464,1,16.20689655172414,-0.015718875048970737,-0.017882142271790635,-0.03142859548183485,0.16616478386402508,0.16705896946482207,1.42,249.529,2.9,0.0,0.0
2018-02-28,986.5999755859376,986.5999755859376,986.5999755859376,986.5999755859376,0,49.47306912725467,3.3917480628044814,5.15879628662778,-1.7670482238232985,5.15564904047968,0.43319117037794946,990.2899271231553,976.8547383626695,1,0.0,0.0035601669076574805,-0.007045088739934813,-0.010828201888674949,0.15594152712469528,0.1655026471403073,1.42,249.529,2.87,0.0,0.0
2018-03-01,956.2999877929688,956.2999877929688,956.2999877929688,956.2999877929688,0,38.0947887830085,0.33285399571741436,4.193607828445707,-3.8607538327282924,5.843306191957013,-0.04506555013197979,987.0527900440899,976.0486697128774,1,0.0,-0.03071152295029589,-0.040244917340979236,-0.04494157649915431,0.18893724665172257,0.1780104180081223,1.51,249.577,2.81,0.0,0.0
2018-03-02,963.5999755859376,963.5999755859376,963.5999755859376,963.5999755859376,0,41.58079216479353,-1.4851734294355765,3.0578515768694503,-4.543025006305027,6.000301481775095,0.12634155009321202,984.819188667123,975.5604856294681,1,0.0,0.007633575118845659,-0.03233582305860172,-0.04100319736022939,0.19116105275636844,0.17857495406311394,1.51,249.577,2.86,0.0,0.0
2018-03-05,960.5999755859376,960.5999755859376,960.5999755859376,960.5999755859376,0,40.56971033565572,-3.1319450767271064,1.819892246150139,-4.951837322877245,6.313899533794514,0.1247769310377882,982.5125969451053,974.9737989610943,1,0.0,-0.0031133251100133874,-0.038245907763216014,-0.0359293937685089,0.18976651469403258,0.1755731671721773,1.51,249.577,2.88,1.0,0.0
2018-03-06,969.0999755859376,969.0999755859376,969.0999755859376,969.0999755859376,0,44.674590983330795,-3.7083964234458335,0.7142345122309445,-4.422630935676778,6.3983722916290535,0.2830764507316039,981.2352044347084,974.7434529463823,1,0.0,0.00884863649389045,-0.014240667630630144,-0.02357685079502503,0.19325393679889105,0.17513571942622927,1.51,249.577,2.88,0.0,0.0
2018-03-07,951.7000122070312,951.7000122070312,951.7000122070312,951.7000122070312,0,38.77102924509637,-5.505802432742826,-0.5297728767638096,-4.976029555979016,6.917827004122808,0.07168541690363771,978.4223289844534,973.8397886036627,1,0.0,-0.01795476608941815,-0.03537397551442212,-0.03994751949316866,0.20237780677096442,0.17612691539049502,1.51,249.577,2.89,1.0,0.0
2018-03-08,950.7999877929688,950.7999877929688,950.7999877929688,950.7999877929688,0,38.48771637273552,-6.92307914618857,-1.808434130648762,-5.114645015539808,7.424240135193107,0.10714011979933188,975.7916298233597,972.9362670032433,1,0.0,-0.0009457017994307648,-0.005751333337035147,-0.028507228022963016,0.1983576904117958,0.17490285863928817,1.51,249.577,2.86,1.0,0.0
2018-03-09,962.7000122070312,962.7000122070312,962.7000122070312,962.7000122070312,0,44.28481633184478,-7.005295943963688,-2.8478064933117473,-4.157489450651941,7.570444702382428,0.2836541229922057,974.5448090979951,972.5348452465291,1,0.0,0.01251580202654945,-0.0009339595285472457,-0.01302031155336525,0.20417436099711178,0.17424098092039164,1.51,249.577,2.9,0.0,0.0
2018-03-12,961.4000244140624,961.4000244140624,961.4000244140624,961.4000244140624,0,43.79920228064491,-7.0935811115290335,-3.6969614169552045,-3.396619694573829,7.5087767958382265,0.2622503301961101,973.2929248423825,972.0981856060403,1,0.0,-0.00135035605742706,0.0008328636773458076,0.003025586243153189,0.19433876503456624,0.17335538866381558,1.51,249.577,2.87,0.0,0.0
2018-03-13,965.7999877929688,965.7999877929688,965.7999877929688,965.7999877929688,0,45.95919686565315,-6.730917641514679,-4.3037526618671,-2.4271649796475794,7.5589760723478685,0.32596128037578487,972.5793117900573,971.8511974565081,1,0.0,0.004576620831258982,-0.003405208828917372,-0.004124561817228978,0.19030743609852754,0.16805988494589805,1.51,249.577,2.84,0.0,0.0
2018-03-14,960.0,960.0,960.0,960.0,0,43.58140357980176,-6.832751069956657,-4.809552343485012,-2.0231987264716453,7.730657085539478,0.2614039354322034,971.3812820957661,971.3864446150765,-1,0.0,-0.006005371574111074,0.00872122274509679,-0.013056453220572362,0.1909886811191226,0.16874930733686658,1.51,249.577,2.81,0.0,0.0
2018-03-15,955.4000244140624,955.4000244140624,955.4000244140624,955.4000244140624,0,41.73708106086351,-7.201618605421004,-5.287965595872211,-1.913653009548793,7.80271905963366,0.22943355190880055,969.8592575546514,970.7595261758211,-1,0.0,-0.004791641235351696,0.004838069709878212,-0.04085930345288302,0.16807147279269827,0.16890983065946202,1.51,249.577,2.82,0.0,0.0
2018-03-16,948.7000122070312,948.7000122070312,948.7000122070312,948.7000122070312,0,39.13901439049681,-7.94302156732374,-5.818976790162517,-2.124044777161223,7.895205627650332,0.17689115855559695,967.8440913310685,969.8944471966529,-1,0.0,-0.007012782118296701,-0.014542432556850615,-0.04949400319332331,0.16821690499699696,0.16895574109904363,1.51,249.577,2.85,0.0,0.0
2018-03-19,952.9000244140624,952.9000244140624,952.9000244140624,952.9000244140624,0,41.593437912927286,-8.098330360648788,-6.274847504259771,-1.8234828563890169,7.3553981368062695,0.25049042420064765,966.4208468627822,969.2279992443945,-1,0.0,0.004427123593326865,-0.008841272918814869,-0.05588027748047031,0.1625429100578756,0.16067298642799202,1.51,249.577,2.85,0.0,0.0
2018-03-20,943.5,943.5,943.5,943.5,0,37.90865419040326,-8.877581871519283,-6.795394377711673,-2.0821874938076093,7.17665089903252,0.1495749676512803,964.2379090663268,968.2190580975555,-1,0.0,-0.009864649148101812,-0.023089654250181058,-0.05744255744255744,0.1633744423563312,0.1621435742194822,1.51,249.577,2.89,0.0,0.0
2018-03-21,949.0999755859376,949.0999755859376,949.0999755859376,949.0999755859376,0,41.247929274603706,-8.940215836183256,-7.224358669405991,-1.7158571667772655,6.943498598730277,0.2536816483315089,962.7962011158136,967.4692901559234,-1,0.0,0.005935321235758018,-0.011354192097981608,-0.044786635561014254,0.16539043529645497,0.16177633890569948,1.51,249.577,2.89,0.0,0.0
2018-03-22,947.5999755859376,947.5999755859376,947.5999755859376,947.5999755859376,0,40.61780332482666,-9.007063348826705,-7.580899605290134,-1.4261637435365708,6.48506172710031,0.25065006872312096,961.3489415415397,966.6901013492574,-1,0.0,-0.0015804446724108079,-0.008164170639317736,-0.048976362537548,0.16432341141775905,0.16175372969101495,1.51,249.577,2.83,0.0,0.0
2018-03-23,946.9000244140624,946.9000244140624,946.9000244140624,946.9000244140624,0,40.308359721927,-9.01262872031998,-7.867245428296104,-1.145383292023877,5.856994778423723,0.25422081936627094,959.9728541960657,965.9140199008184,-1,0.0,-0.0007386568065732568,-0.0018973203012629947,-0.049106210060601896,0.16430309220446165,0.16164581970405745,1.51,249.577,2.82,0.0,0.0
2018-03-26,948.9000244140624,948.9000244140624,948.9000244140624,948.9000244140624,0,41.675653667811304,-8.754736874962077,-8.044743717629299,-0.7099931573327787,4.689405260956516,0.29225849286982775,958.918298978732,965.2468043915338,-1,0.0,0.002112155400183502,-0.004197712139276777,-0.049959915887833994,0.16393295931144478,0.16168188268478131,1.51,249.577,2.85,0.0,0.0
2018-03-27,945.2000122070312,945.2000122070312,945.2000122070312,945.2000122070312,15580,39.85675638394539,-8.748073447109164,-8.185409663525272,-0.5626637835838917,4.186610400688782,0.22176624151727875,957.6117954766652,964.4606556784161,-1,20.0,-0.003899264529280466,0.001801814739831764,-0.03855148440657585,0.15640975196245446,0.16192997347261032,1.51,249.577,2.78,0.0,0.0
2018-03-28,944.9000244140624,947.7000122070312,933.4000244140624,934.7000122070312,6527,35.16622229358592,-9.48076650566179,-8.444481031952575,-1.0362854737092153,3.5361199899007545,-0.06470477284440967,955.4297208795572,963.2935716207147,-1,5.90491699461709,-0.011108759907315968,-0.015172230270068643,-0.0526048699201348,0.15824039294611,0.16342069298276887,1.51,249.577,2.77,1.0,0.0
2018-03-29,938.0,938.0,927.2999877929688,927.2999877929688,241,32.28272792606549,-10.537086188491116,-8.863002063260284,-1.6740841252308325,4.275862292216553,-0.11384420440758503,952.7506986808345,961.8820585294305,-1,0.21567925541435473,-0.007917004726029075,-0.021422528826487763,-0.030325212140730695,0.11950130657690314,0.16344541005106192,1.51,249.577,2.74,1.0,0.0
2018-04-02,934.2999877929688,934.2999877929688,930.0,930.7000122070312,32,34.92303387794088,-10.973379306526226,-9.285077511913473,-1.6883017946127534,4.567719459901079,0.04056653676807397,950.6506333023771,960.6592331834541,-1,0.028596961572832886,0.0036665852030848267,-0.017108471633059286,-0.03414276070202349,0.11627458704420811,0.162219531391577,1.69,250.227,2.73,1.0,0.0
2018-04-03,933.9000244140624,933.9000244140624,918.7999877929688,925.2999877929688,12,32.73966364732213,-11.620922821703743,-9.752246573871528,-1.8686762478322159,5.02178296779119,0.005046214241113378,948.2362861110048,959.2725961093175,-1,0.010718113612004289,-0.00580211060839797,-0.024870941104323863,-0.03674785414338255,0.11709246146154387,0.1595707080735339,1.69,250.227,2.79,0.0,0.0
2018-04-04,912.0999755859376,912.0999755859376,912.0999755859376,912.0999755859376,0,28.112835549137586,-13.048817742455526,-10.411560807588328,-2.6372569348671977,5.688668221243663,-0.13056578489977685,944.7947327276651,957.4226894221262,-1,0.0,-0.014265656955768313,-0.035019081880675595,-0.0588174609802633,0.11795013847730319,0.1608600152929124,1.69,250.227,2.79,1.0,0.0
2018-04-05,908.7000122070312,909.7999877929688,906.5,909.7999877929688,26,27.386590800077897,-14.202309168210718,-11.169710479712807,-3.0325986884979113,6.573961238972317,-0.05016400511888265,941.4618998767417,955.5551324954926,-1,0.0231956463556071,-0.0025216400115473103,-0.026639589268077635,-0.044026504020835966,0.10361207153758634,0.160364141084726,1.69,250.227,2.83,1.0,0.0
2018-04-06,907.5,912.0,905.5,912.0,2,29.268824192087095,-14.768692540327379,-11.889506891835723,-2.8791856484916565,7.17562076000458,0.0561758632513677,938.6560046503853,953.8470880839046,-1,0.001784121320249777,0.0024181273208940812,-0.016499501773297398,-0.04080772853503367,0.10485320345049744,0.16046156656006624,1.69,250.227,2.77,0.0,0.0
2018-04-09,933.9000244140624,933.9000244140624,933.9000244140624,933.9000244140624,0,44.64969312305694,-13.297125513481205,-12.17103061616482,-1.126094897316385,6.927533209991187,0.39778661933450765,938.2030541516879,953.0648502929305,-1,0.0,0.024013184664542164,0.003438285339056435,-0.02991584857981211,0.13019204889529684,0.16812454277554723,1.69,250.227,2.78,0.0,0.0
2018-04-10,931.7000122070312,933.7999877929688,927.5999755859376,927.5999755859376,13,41.83158097553278,-12.495222187985178,-12.235868930528893,-0.2593532574562847,6.725174071405854,0.3215091690854293,937.193237145426,952.0662277554014,-1,0.011590068203093655,-0.006745956380156959,0.00248566716017673,-0.03515711251279052,0.13151321941376243,0.16789513520155575,1.69,250.227,2.8,1.0,0.0
2018-04-11,929.5,929.5,928.7999877929688,928.7999877929688,8,42.575056713138,-11.628827187813613,-12.114460581985838,0.4856333941722255,6.252926518499667,0.35970559851411427,936.3938800642396,951.1538261882472,-1,0.007129807049596721,0.0012936742546518776,0.018309409773093144,-0.03831020963724785,0.1299187098227384,0.16556666554817834,1.69,250.227,2.79,0.0,0.0
2018-04-12,929.0,929.0,929.0,929.0,1,42.70650060544491,-10.80155004936546,-11.851878475461763,1.0503284260963035,5.8779177737343336,0.3823339997113296,935.6897010105025,950.2850486906689,-1,0.0008911861687906605,0.00021534475630913263,0.021103552939814252,-0.03229166666666672,0.1292118067116637,0.16521160380971706,1.69,250.227,2.83,1.0,0.0
2018-04-13,927.2999877929688,927.2999877929688,927.2999877929688,927.2999877929688,0,41.83008756525978,-10.165917367103816,-11.514686253790174,1.3487688866863579,5.591231619304795,0.3704659444028606,934.8906807040707,949.3836737535042,-1,0.0,-0.0018299377901305203,0.016776302404571064,-0.029411802284940447,0.12867677933331234,0.1638643486988731,1.69,250.227,2.82,0.0,0.0
2018-04-16,925.7000122070312,925.7000122070312,925.7000122070312,925.7000122070312,10,40.977755147720835,-9.679697023274457,-11.147688407687031,1.4679913844125743,5.4562161074216995,0.35825690062883286,934.0153789424479,948.4549027124662,-1,0.008907892392659898,-0.0017254131424562225,-0.008780396180175565,-0.02424370159592748,0.12701165331252837,0.16316924110427303,1.69,250.227,2.83,1.0,0.0
2018-04-17,933.9000244140624,933.9000244140624,933.9000244140624,933.9000244140624,4,46.94448770007846,-8.534313192952368,-10.625013364740099,2.0907001717877307,5.098524612922721,0.5407232530743628,934.0043927968874,947.8841231713523,-1,0.0035625222657641614,0.008858174461379598,0.006791773387170741,-0.01993913266156444,0.13051884603861055,0.16450548079312788,1.69,250.227,2.82,1.0,0.0
2018-04-18,942.2000122070312,942.2000122070312,939.5,939.5,21,50.61614512948833,-7.09295386954318,-9.918601465700716,2.825647596157536,5.029498115265048,0.6650552375213329,934.5277839590885,947.5553340273777,-1,0.018685767673621925,0.00599633305444125,0.01152025446561078,-0.004239533651298366,0.12830724067789184,0.16320210709161148,1.69,250.227,2.87,0.0,0.0
2018-04-19,947.7999877929688,947.7999877929688,933.7000122070312,933.7000122070312,21,46.989088846403156,-6.345529450134109,-9.203987062587395,2.858457612453286,4.7422817772686585,0.5612680881926634,934.4489485541307,947.0119880736387,-1,0.018668326073428748,-0.006173483547598502,0.005059216584533122,-0.01622586005167581,0.12783345721721676,0.15788703398335208,1.69,250.227,2.92,0.0,0.0
2018-04-20,925.9000244140624,925.9000244140624,925.5999755859376,925.5999755859376,2,42.41761670261619,-6.333783559115886,-8.629946361893094,2.296162802777207,4.47626359207214,0.39681508888521344,933.6061892238265,946.1723013094152,-1,0.0017777777777777779,-0.008675202436751794,-0.0018332926015423023,-0.023216547664426157,0.13086886006256482,0.15662490583410818,1.69,250.227,2.96,1.0,0.0
2018-04-23,919.2999877929688,919.2999877929688,916.2999877929688,916.2999877929688,4,37.862978277572026,-6.994280436428312,-8.302813176800138,1.3085327403718257,4.3243369299554715,0.1994688726421581,931.9579795637449,945.0008380342604,-1,0.003554923569143263,-0.0100475238097123,-0.010154503932274128,-0.03231601629752712,0.13461893469631148,0.15640806189258893,1.69,250.227,2.98,1.0,0.0
2018-04-24,928.9000244140624,928.9000244140624,928.9000244140624,928.9000244140624,0,46.27931824823219,-6.426925718834468,-7.9276356852070045,1.5007099663725363,3.825468962121096,0.5432693206352319,931.6667457399656,944.3694335785664,-1,0.0,0.013750995076887929,-0.005353892139725591,-0.021077036026371565,0.1447472496621639,0.1555079951547806,1.69,250.227,3.0,1.0,0.0
2018-04-25,906.5999755859376,906.5999755859376,906.5999755859376,906.5999755859376,10,36.7832882612976,-7.6880969922642635,-7.879727946618456,0.19163095435419297,3.8801915114189436,-0.0245260364230171,929.2794342967248,942.8882783631692,-1,0.02884338044418806,-0.02400694180430385,-0.035018652915446924,-0.040837956117841134,0.16652025462325837,0.16034517722149944,1.69,250.227,3.03,1.0,0.0
2018-04-26,907.5999755859376,908.0,904.0,904.0,4,35.859427305346955,-8.79598596272126,-8.062979549839017,-0.7330064128822436,4.262148972992498,-0.005358318437924111,926.8718691256082,941.3632478391233,-1,0.194647201946472,-0.0028678310787039196,-0.03180894486316643,-0.032844775656460934,0.16308450671721583,0.15703129432550084,1.69,250.227,3.0,1.0,0.0
2018-04-27,910.0,911.0,908.7999877929688,911.0,11,40.21328479279682,-9.005346427179234,-8.251452925307062,-0.753893501872172,4.418950693303811,0.2037313363048461,925.3602625422169,940.1725322375892,-1,1.2154696132596685,0.007743362831858391,-0.0157735263299843,-0.017577901442405675,0.16455639774613237,0.15779804718278417,1.69,250.227,2.96,1.0,0.0
2018-04-30,898.2000122070312,899.0,898.2000122070312,899.0,5,35.73507932406663,-10.024015207855086,-8.605965381816667,-1.4180498260384198,4.903031559019395,0.002007923913586175,922.84976134772,938.5579231302328,-1,0.6493506493506493,-0.013172338090010949,-0.018880266313915484,-0.03406039732594279,0.1692492629527601,0.15922892410873493,1.69,250.227,2.95,1.0,0.0
2018-05-01,888.7999877929688,888.7999877929688,888.7999877929688,888.7999877929688,0,32.429284039636045,-11.521559924810504,-9.189084290415435,-2.3324756343950686,5.786402175157986,-0.08018179874580829,919.606925771077,936.6066315483794,-1,0.0,-0.011345953511714413,-0.0431693783692042,-0.03944666646658024,0.172178438849058,0.1598766791680977,1.7,250.792,2.97,1.0,0.0
2018-05-02,888.5,888.5,888.5,888.5,0,32.33454357397136,-12.587480767165516,-9.868763585765452,-2.7187171814000646,6.478925164098012,-0.004044732540199107,916.6443614119269,934.7200969778547,-1,0.0,-0.0003375200237273335,-0.019964676895385502,-0.025874329807735075,0.16591302695866747,0.15985226525453475,1.7,250.792,2.97,1.0,0.0
2018-05-03,898.7000122070312,898.7000122070312,898.7000122070312,898.7000122070312,0,38.87351404522065,-12.465480672527633,-10.388107003117888,-2.077373669409745,6.706057466235229,0.18744733021153542,914.9353757733654,933.3075446339009,-1,0.0,0.011480036248769032,-0.005862818355053978,-0.01220045695193328,0.17183277280927456,0.16214381272323808,1.7,250.792,2.94,1.0,0.0
2018-05-04,905.0,905.0,905.0,905.0,0,42.56533118306649,-11.725276664212402,-10.655540935336791,-1.0697357288756102,6.799850086294894,0.298220194381562,913.9891495092354,932.1974448443361,-1,0.0,0.00701011205896962,-0.00658616904500553,-0.007675438596491224,0.17365750266363467,0.1613952373454669,1.7,250.792,2.95,1.0,0.0
2018-05-07,908.0,908.0,908.0,908.0,0,44.290787625095106,-10.772407123062635,-10.67891417288196,-0.09349295018067494,6.66263896794385,0.364126520202159,913.4187543178797,931.2485254386759,-1,0.0,0.0033149171270718814,0.010011123470522909,-0.027733187425829975,0.14949486118090552,0.16161011946706358,1.7,250.792,2.95,0.0,0.0
2018-05-08,907.0999755859376,907.0999755859376,907.0999755859376,907.0999755859376,0,43.8650265104148,-9.974891257778609,-10.53810958986129,0.5632183320826822,6.623934631465585,0.3652409340010942,912.8169658672185,930.3015234836665,-1,0.0,-0.000991216315046728,0.020589545504394735,-0.022100043703699668,0.14814671858936773,0.15800623809435704,1.7,250.792,2.97,0.0,0.0
2018-05-09,911.5999755859376,911.5999755859376,911.5999755859376,911.5999755859376,0,46.62759026257277,-8.877408556968817,-10.205969383282797,1.3285608263139803,6.495764123997929,0.4526915734585539,912.7010620309061,929.5681294484615,-1,0.0,0.004960864426319933,0.025998847029755412,-0.018518531904702207,0.14949773856133972,0.15629283962553495,1.7,250.792,3.0,0.0,0.0
2018-05-10,920.5,920.5,920.5,920.5,0,51.69128630603477,-7.206416931486615,-9.606058892923562,2.399641961436947,6.365235981037759,0.6119852971130544,913.4438180279626,929.212516528914,-1,0.0,0.00976308101406187,0.024257246574896918,-0.00914962325080737,0.15419668018321966,0.1576344730652644,1.7,250.792,2.97,0.0,0.0
2018-05-11,922.4000244140624,922.4000244140624,922.4000244140624,922.4000244140624,1,52.72252164763823,-5.663542149927366,-8.817555544324323,3.154013394396957,6.28539794906832,0.650786940966701,914.2967900647341,928.9453599753904,-1,0.2150537634408602,0.00206412212282725,0.019226546313880988,-0.00528411888645508,0.154356494356604,0.1491612645615884,1.7,250.792,2.97,0.0,0.0
2018-05-14,911.5,911.5,911.5,911.5,0,46.57952419525301,-5.259712947833918,-8.105987025026243,2.8462740771923247,6.17627464273968,0.4728681481150756,914.030429106188,928.2612282116496,-1,0.0,-0.011817025287901961,0.0038546255506608507,-0.015339755881795814,0.15975210687222316,0.1505645151244727,1.7,250.792,3.0,0.0,0.0
2018-05-15,893.7999877929688,893.7999877929688,893.7999877929688,893.7999877929688,0,38.69508595436616,-6.295349584386258,-7.743859536898246,1.448509952511988,6.074996369640847,0.18876878708661934,912.1037204096909,926.9098070187601,-1,0.0,-0.019418554258948117,-0.01466209695836207,-0.04293825417367647,0.16873195900351795,0.15269337257261228,1.7,250.792,3.08,0.0,0.0
2018-05-16,886.5,886.5,886.5,886.5,0,35.989364200005056,-7.617339142555693,-7.718555458029736,0.1012163154740433,5.807737732844414,0.08535557247777845,909.6652708468632,925.3251087042989,-1,0.0,-0.00816736170582677,-0.027533980098896405,-0.056412985630654555,0.16712196226916104,0.15268354761349265,1.7,250.792,3.09,0.0,0.0
2018-05-17,889.0,889.0,889.0,889.0,0,37.598616340710265,-8.36684846428318,-7.8482140592804255,-0.5186344050027545,5.507420614029317,0.15654710712977452,907.6971498138287,923.9005946374637,-1,0.0,0.0028200789622110367,-0.034220532319391594,-0.047874061928489975,0.16782817420803262,0.1525796443934232,1.7,250.792,3.11,0.0,0.0
2018-05-18,883.4000244140625,883.4000244140625,883.4000244140625,883.4000244140625,0,35.44878627185494,-9.30544386606141,-8.139660020636622,-1.1657838454247873,5.563878024919895,0.08985422163286666,905.3831378709938,922.3123369816441,-1,0.0,-0.006299185136037666,-0.042281004952026024,-0.0455919968506493,0.16685613858500398,0.15253423763945434,1.7,250.792,3.06,0.0,0.0
2018-05-21,896.7000122070312,896.7000122070312,896.7000122070312,896.7000122070312,0,43.68464499815728,-8.873798002305534,-8.286487616970405,-0.5873103853351296,5.466781353375646,0.3713738149384656,904.556173522045,921.3079320885221,-1,0.0,0.015055453277568409,-0.01623695863189112,-0.021390347972334522,0.1748831386376377,0.15642286372199987,1.7,250.792,3.06,0.0,1.0
2018-05-22,905.7000122070312,905.7000122070312,905.7000122070312,905.7000122070312,0,48.47531010989335,-7.716539299906458,-8.172497953557615,0.45595865365115706,4.81610832194135,0.5877155557011752,904.6651105396628,920.6958567990519,-1,0.0,0.010036801469254453,0.013313967975594698,-0.024975790286651534,0.17122747883317446,0.15797511269232514,1.7,250.792,3.06,0.0,1.0
2018-05-23,897.7000122070312,897.7000122070312,897.7000122070312,897.7000122070312,0,44.825064628691884,-7.36009399973716,-8.010017162793524,0.6499231630563642,4.809704132680468,0.41362402722267916,904.0017678413169,919.7940589719138,-1,0.0,-0.008832946772856287,0.012633967520621736,-0.009816858171824094,0.15129750570126752,0.1559289430306668,1.7,250.792,3.01,0.0,1.0
2018-05-24,909.5,909.5,909.5,909.5,0,50.71962880955713,-6.055642456293754,-7.61914222149357,1.5634997651998166,4.866047015650849,0.6773093040349384,904.5254089992867,919.39037038478,-1,0.0,0.013144689353359773,0.02305961754780661,0.006084070796460228,0.15837791687561148,0.15844507407229166,1.7,250.792,2.98,0.0,1.0
2018-05-25,898.2000122070312,898.2000122070312,898.2000122070312,898.2000122070312,0,45.68607395611534,-5.866049618490365,-7.2685237008929295,1.4024740824025645,4.785907708153396,0.4332174108687389,903.9229902571672,918.559375946437,-1,0.0,-0.012424395594248239,0.016753438288373612,-0.014050480563083112,0.16204674576250802,0.14767610862439828,1.7,250.792,2.93,0.0,1.0
2018-05-29,902.7999877929688,902.7999877929688,902.7999877929688,902.7999877929688,3,47.950596915471955,-5.28370903365817,-6.8715607674459775,1.587851733787808,4.782747323180829,0.5354940262520597,903.8160376415292,917.9413607247324,-1,15.0,0.005121326568048756,0.00680269376926157,0.004226905220209964,0.15618656289278976,0.14713926990559903,1.7,250.792,2.77,0.0,1.0
2018-05-30,902.7000122070312,908.5999755859376,902.7000122070312,906.5,14,49.76488095868905,-4.472088410409242,-6.391666296038631,1.9195778856293888,4.627766004758381,0.604072753484418,904.0716531042407,917.4926799119978,-1,15.555555555555555,0.004098374232454738,0.0008832811992784961,0.019914505456940068,0.1504762482882588,0.14745532164672465,1.7,250.792,2.84,0.0,1.0
2018-05-31,908.0999755859376,908.0999755859376,908.0999755859376,908.0999755859376,0,50.567295484133794,-3.6576059561604097,-5.844854228062987,2.187248271902577,4.43837905546278,0.623862545350706,904.4553028644023,917.1243385658778,-1,0.0,0.0017650034042333562,0.011585121128981246,0.022059623619513413,0.15041595222684928,0.14616147196110377,1.7,250.792,2.83,0.0,1.0
2018-06-01,904.7000122070312,904.7000122070312,904.7000122070312,904.7000122070312,0,48.784035612152486,-3.249018707916207,-5.325687124033631,2.076668416117424,4.415846829302341,0.5317090765307123,904.4786085160812,916.6371100812172,-1,0.0,-0.003744040821840766,-0.005277611647024449,0.0066763101351976495,0.1461842596227936,0.141913734188099,1.82,251.018,2.89,0.0,1.0
2018-06-04,901.5,901.5,901.5,901.5,0,47.10046182664759,-3.147146268309598,-4.889978952888824,1.7428326845792261,4.4174599052518335,0.4558909785212855,904.1949315145496,916.0434979211695,-1,0.0,-0.0035370975614610334,0.0036740010555780245,-0.003867403314917084,0.14459783710024865,0.1420214884251629,1.82,251.018,2.94,0.0,1.0
2018-06-05,899.2999877929688,899.2999877929688,899.2999877929688,899.2999877929688,0,45.92696922354718,-3.206966313414455,-4.55337642499395,1.3464101115794955,4.4078355582810484,0.4114208181502997,903.7287463982085,915.386889680848,-1,0.0,-0.0024403906899957972,-0.0038768276997391826,-0.009581511241223861,0.1441906408664586,0.1393063049342129,1.82,251.018,2.92,0.0,1.0
2018-06-06,905.5999755859376,905.5999755859376,905.5999755859376,905.5999755859376,0,49.78518373117875,-2.7147241166824188,-4.185645963331644,1.470921846649225,4.396285935691058,0.5718104604224102,903.9069587018017,915.0030891281064,-1,0.0,0.007005435203474297,-0.0009928564964836184,-0.0016536214754400147,0.14657395388987204,0.14029424770799512,1.82,251.018,2.97,0.0,1.0
2018-06-07,898.2999877929688,898.2999877929688,898.2999877929688,898.2999877929688,0,45.714849596920686,-2.8804624575230946,-3.924609262169934,1.0441468046468394,4.323607877713186,0.4029549041343732,903.3729614723891,914.3480655463363,-1,0.0,-0.00806094080142361,-0.01079174986944098,-0.014589719338704676,0.14794093068701122,0.14054903626380114,1.82,251.018,2.93,0.0,1.0
2018-06-08,903.7000122070312,903.7000122070312,903.7000122070312,903.7000122070312,0,49.034300214930674,-2.5467174726437634,-3.6490309042647002,1.1023134316209369,3.9083417563715845,0.569697634465681,903.4041091614026,913.9304948271479,-1,0.0,0.006011382041014812,-0.001105338771423825,-0.018250937309037263,0.14501451844063531,0.140947383771879,1.82,251.018,2.93,0.0,1.0
2018-06-11,904.4000244140624,904.4000244140624,904.4000244140624,904.4000244140624,0,49.465686280328924,-2.2003725081729044,-3.359299225046341,1.1589267168734367,3.2904919330072904,0.636874817925485,903.4989582330845,913.5567508893798,-1,0.0,0.0007746068358698288,0.003216887869176288,-0.01951430997785819,0.1447349713330075,0.14076918878387096,1.82,251.018,2.96,0.0,1.0
2018-06-12,899.5,899.5,899.5,899.5,0,46.49875967468748,-2.2948292840462727,-3.1464052368463276,0.8515759528000548,3.0899858803167763,0.49118763837085,903.1181050680289,913.005505756463,-1,0.0,-0.0054179835048511205,0.00022240877320833796,-0.013165112452002248,0.14002331379041175,0.14050921924044568,1.82,251.018,2.96,0.0,1.0
2018-06-13,900.5,900.5,900.5,900.5,0,47.19484982076348,-2.2629099000832866,-2.9697061694937195,0.7067962694104328,3.0290865112169425,0.5154047483249659,902.8687617282166,912.5150937660135,-1,0.0,0.0011117287381878782,-0.005631598634527224,0.007496097894983622,0.12083970531410151,0.14013894691756587,1.82,251.018,2.98,0.0,1.0
2018-06-14,908.9000244140624,908.9000244140624,908.9000244140624,908.9000244140624,0,52.75541465423498,-1.5420262710692896,-2.6841701898088335,1.142143918739544,2.8027092001246774,0.8048545676000437,903.4431676982971,912.3733263404469,-1,0.0,0.009328178138880983,0.011800107720291608,0.025267935041243472,0.12032323089834746,0.14041271836916455,1.82,251.018,2.94,0.0,1.0
2018-06-15,908.9000244140624,908.9000244140624,885.7999877929688,885.7999877929688,0,40.21421623699236,-2.802396420150444,-2.707815435877156,-0.09458098427328832,2.9535083188833164,-0.07266826080502259,901.7628648501706,911.3312346327026,-1,0.0,-0.025415376829795444,-0.01980748497540319,-0.0035995637874367548,0.1535153960686606,0.14885262576981387,1.82,251.018,2.93,0.0,1.0
2018-06-18,881.9000244140625,881.9000244140625,881.9000244140625,881.9000244140625,0,38.548091828091515,-4.069037958401509,-2.9800599403820267,-1.0889780180194824,3.044220205287095,-0.19510805881075374,899.8711657610174,910.1770695260893,-1,0.0,-0.00440275844733673,-0.0248783717300064,-0.001697985010805203,0.15265092673801955,0.14900063774543532,1.82,251.018,2.92,0.0,1.0
2018-06-19,862.9000244140625,862.9000244140625,862.9000244140625,862.9000244140625,0,31.664980443013334,-6.530719642690542,-3.69019188084373,-2.840527761846812,4.784427401409022,-0.34543506462539125,896.3501046803551,908.3230677569902,-1,0.0,-0.021544392191874207,-0.04068924467586155,-0.03769375190458346,0.16017202777301534,0.15484890348921565,1.82,251.018,2.89,0.0,1.0
2018-06-20,872.0999755859375,872.0999755859375,872.0999755859375,872.0999755859375,0,37.485714891845234,-7.651064234702517,-4.482366351615488,-3.168697883087029,5.416539370103092,-0.024388457264464362,894.0405685761249,906.9025543385176,-1,0.0,0.010661665212168714,-0.031538061536993345,-0.037098416880017915,0.1607956886012173,0.15667409275160946,1.82,251.018,2.93,0.0,1.0
2018-06-21,861.2000122070312,861.2000122070312,861.2000122070312,861.2000122070312,0,33.811053196226865,-9.311148224656563,-5.448122726223703,-3.86302549843286,6.480786816400036,-0.09549071150803676,890.9128965409731,905.1102977843417,-1,0.0,-0.012498525036172436,-0.052481033035268965,-0.040659462519403666,0.163445499628226,0.15826462514891293,1.82,251.018,2.9,0.0,1.0
2018-06-22,871.2999877929688,871.2999877929688,871.2999877929688,871.2999877929688,0,39.70879180033882,-9.699977819905826,-6.298493744960128,-3.4014840749456976,6.749639385286462,0.12607089648532424,889.0450004697345,903.7844032748761,-1,0.0,0.011727793129094222,-0.016369383833621076,-0.04200111292691722,0.16179389851104292,0.15925059804780234,1.82,251.018,2.9,0.0,1.0
2018-06-25,866.7999877929688,866.7999877929688,866.7999877929688,866.7999877929688,0,38.08068937079538,-10.25304969288004,-7.089404934544111,-3.1636447583359297,7.238166094182224,0.10532877571071278,886.926427833852,902.3340340402915,-1,0.0,-0.005164696502979016,-0.017122163740868723,-0.03495883320788129,0.15761035725085337,0.15884767574053352,1.82,251.018,2.87,0.0,1.0
2018-06-26,869.2999877929688,869.2999877929688,869.2999877929688,869.2999877929688,200,39.56323623434223,-10.370094041302764,-7.745542755895841,-2.6245512854069224,7.499269051147918,0.18086338583959544,885.2477192585297,901.0385812462789,-1,18.69158878504673,0.002884171706514893,0.0074168075070482065,-0.037106779411789526,0.1565135340883498,0.15875536451008423,1.82,251.018,2.88,0.0,1.0
2018-06-27,856.2999877929688,856.2999877929688,856.2999877929688,856.2999877929688,14318,34.88569405332083,-11.380654781049316,-8.472565160926537,-2.9080896201227784,8.041356345456476,0.05464951718079081,882.4907924522859,899.2841266010511,-1,19.724479955916795,-0.014954561351145479,-0.018117174905724842,-0.055377840272511025,0.16149794087249247,0.16103531261608153,1.82,251.018,2.83,0.0,1.0
2018-06-28,858.7999877929688,858.7999877929688,844.2999877929688,850.2999877929688,5722,32.94942238689241,-12.521343055425632,-9.282320739826357,-3.239022315599275,8.595959678429855,0.041151774165925324,879.4250015323508,897.3631799811263,-1,5.654150197628459,-0.007006890208493877,-0.012656786181561408,-0.0636493660906381,0.16118391660013007,0.1591819120096221,1.82,251.018,2.84,1.0,1.0
2018-06-29,849.7000122070312,852.4000244140625,844.0999755859375,852.4000244140625,178,34.32343169886914,-13.10482703787909,-10.046821999436904,-3.058005038442186,8.94897439032139,0.11764268475166463,876.851194187752,895.5999189784964,-1,0.17435596042707416,0.0024697596745173467,-0.021691683282104135,-0.057809204252558866,0.16245322005837642,0.15932899532749092,1.82,251.018,2.85,0.0,2.0
2018-07-02,838.9000244140625,838.9000244140625,809.0,809.0,119,23.572593790783387,-16.87474005957972,-11.412405611465468,-5.4623344481142535,11.357890562022886,-0.19169060951251315,870.3891756936804,892.2038437244377,-1,0.11588839655256368,-0.05091509053380838,-0.06668203577175635,-0.10260676650027734,0.23879376652957185,0.1905374129866103,1.91,251.214,2.87,1.0,1.0
2018-07-03,817.0,844.0,796.9000244140625,841.7999877929688,63,39.09824458697032,-17.01954764512459,-12.533834018197293,-4.485713626927296,11.706572716643041,0.17494493190476268,867.6663958936126,890.2272219232036,-1,0.06116504854368932,0.04054386624594408,-0.03163464901203861,-0.06393861979372928,0.2876984154860511,0.2022399284967808,1.91,251.214,2.83,0.0,1.0
2018-07-05,837.0999755859375,838.2999877929688,837.0999755859375,837.0999755859375,15,37.9098444779804,-17.313975671452795,-13.489862348848394,-3.8241133226044006,11.876950015871559,0.16603344530375652,864.7553082452627,888.1438004982128,-1,0.014552510308028135,-0.0055832885188722425,-0.022422062922735075,-0.07564046140314828,0.2851883302811242,0.2021296260693362,1.91,251.214,2.84,0.0,1.0
2018-07-06,844.2000122070312,844.2000122070312,842.5,844.2000122070312,8,40.83543400827695,-16.78095794827277,-14.14808146873327,-2.632876479539501,11.869216955329168,0.259840947344699,862.7976610035263,886.4205146828724,-1,0.007758328080298695,0.008481706878708195,-0.007173910000599415,-0.06022484283769791,0.28801679213754794,0.20311285396757736,1.91,251.214,2.82,0.0,1.0
2018-07-09,853.5,854.4000244140625,849.0,849.0,35,42.79774581321847,-15.789210472857576,-14.476307269558133,-1.3129032032994434,11.470244078735812,0.3265385725242051,861.4835980508095,884.9530435188382,-1,0.033885177655145704,0.005685841890027854,-0.003988766209151229,-0.060528949284223144,0.2878834397960188,0.2036270648021176,1.91,251.214,2.86,0.0,1.0
2018-07-10,851.0,851.0,842.0,842.0,29,40.67881295663679,-15.390670878468427,-14.659179991340192,-0.7314908871282348,11.00428244136641,0.27768913904350356,859.6280172840658,883.2686104396681,-1,0.028036931406197133,-0.00824499411071844,0.040791100123609425,-0.06899604459264552,0.28805197687803274,0.20409997233132487,1.91,251.214,2.87,0.0,1.0
2018-07-11,837.0,837.0,831.0,831.0,3,37.533962194340845,-15.780525374277886,-14.883449067927732,-0.8970763063501543,10.786814942454038,0.1906177196119701,856.9015394474881,881.2188610106615,-1,0.0028999516674722086,-0.013064133016627122,-0.012829636433333902,-0.07615341856586988,0.2900082516273409,0.20546639812450296,1.91,251.214,2.85,0.0,1.0
2018-07-12,842.2999877929688,842.2999877929688,842.2999877929688,842.2999877929688,24,42.45554945684939,-15.004708356179094,-14.907700925578006,-0.09700743060108863,10.022313822953775,0.33137126796625316,855.510915480391,879.692630688399,-1,0.023172733417012648,0.013598059919336603,0.006211936875749391,-0.06463077424434338,0.29615578097217327,0.20672169465997656,1.91,251.214,2.85,0.0,1.0
2018-07-13,826.9000244140625,830.5999755859375,826.2000122070312,826.2000122070312,5,37.876616043219904,-15.510209219439389,-15.028202584350284,-0.482006635089105,8.83505271538387,0.14895244952948108,852.7194008829281,877.5948809440317,-1,0.0048264877648535156,-0.019114301103248743,-0.021321961312156024,-0.09098911869910564,0.29737183620018537,0.2091770958073686,1.91,251.214,2.83,0.0,1.0
2018-07-16,820.7999877929688,822.2999877929688,820.7999877929688,822.2999877929688,4,36.840096690332544,-16.04061544198248,-15.230685155876724,-0.8099302861057573,8.627246060966993,0.1292598900106878,849.8223139219796,875.4264537616372,-1,0.0038604449162766004,-0.004720436161268493,-0.031448777629012103,-0.07168661196103043,0.2868843771095445,0.20907765787119223,1.91,251.214,2.85,1.0,1.0
2018-07-17,815.7999877929688,815.7999877929688,815.7999877929688,815.7999877929688,1,35.1153172963014,-16.791895354892404,-15.54292719567986,-1.2489681592125432,8.572444620744847,0.08138608183604867,846.5820923858834,873.0881609785522,-1,0.0009650646593321752,-0.00790465778486249,-0.031116404046355406,-0.07495184804537325,0.2872696877405453,0.20897900830477473,1.91,251.214,2.86,1.0,1.0
2018-07-18,813.7000122070312,813.7000122070312,813.7000122070312,813.7000122070312,0,34.55248673027404,-17.35666376240499,-15.905674509024887,-1.4509892533801043,9.014065948200864,0.1054681755475513,843.4504657021831,870.7592139679043,-1,0.0,-0.002574130445403222,-0.02081827652583479,-0.05701704811103658,0.27939246263162604,0.2083176005040899,1.91,251.214,2.88,1.0,1.0
2018-07-19,814.4000244140625,814.4000244140625,798.0,800.5999755859375,9,31.19364073765084,-18.646366561285276,-16.453812919476967,-2.19255364180831,9.537834241869865,0.006677669841878124,839.3694666434931,868.0078712862586,-1,0.008681811604688177,-0.016099344260253834,-0.049507316646525745,-0.08198601307374342,0.2783795327487624,0.20773970322658503,1.91,251.214,2.84,1.0,1.0
2018-07-20,825.5,826.5,823.5999755859375,823.5999755859375,2,41.87681259043247,-17.609565431504393,-16.684963421882454,-0.924602009621939,9.414376154474404,0.31435935791518027,837.8676103522973,866.2663851803637,-1,0.0019291053773812395,0.02872845453582107,-0.003146982065696524,-0.04366005119383898,0.29927942736172913,0.21207704072671013,1.91,251.214,2.89,0.0,1.0
2018-07-23,825.7999877929688,825.7999877929688,825.7999877929688,825.7999877929688,3,42.79179323791136,-16.421078496425707,-16.632186436791105,0.21110794036539815,8.786297960425825,0.36147266967147845,836.7183129656946,864.67946763576,-1,0.002893239463786286,0.0026712145121983166,0.004256354191848999,-0.052220820196787754,0.2954208453206092,0.21223896897625363,1.91,251.214,2.96,0.0,1.0
2018-07-24,829.5999755859375,829.5999755859375,829.5999755859375,829.5999755859375,5,44.4193199911763,-14.999660036780483,-16.30568115678898,1.3060211200084986,8.14185760119653,0.4335170890039751,836.0403760723844,863.3038012808651,-1,0.00482090343730415,0.004601583735941439,0.016915896052294155,-0.04291648907581236,0.29635966581021883,0.2117554244505603,1.91,251.214,2.95,0.0,1.0
2018-07-25,833.7999877929688,833.7999877929688,833.7999877929688,833.7999877929688,6,46.23979107040609,-13.38003308992461,-15.720551543416109,2.3405184534915,7.179885240885901,0.5244305338032592,835.8270057600591,862.1467889872221,-1,0.005839700228721592,0.0050626956733754724,0.02470194824185823,-0.040837455997358885,0.2969518350373846,0.21075681845889024,1.91,251.214,2.94,0.0,1.0
2018-07-26,826.5,832.7000122070312,826.5,832.4000244140625,25,45.70244977972972,-12.07029357956651,-14.990499950646191,2.920206371079681,6.687308737750816,0.5225800914154414,835.50062658425,860.9802492000393,-1,0.079923273657289,-0.0016790158304174074,0.03972027204329032,-0.027910736563836802,0.2929644630020214,0.20969483264830724,1.91,251.214,2.98,0.0,1.0
2018-07-27,827.5,827.9000244140625,826.4000244140625,826.4000244140625,17,43.37595206735856,-11.385223665986018,-14.269444693714158,2.88422102772814,6.365326164771748,0.4328026102975055,834.6339025680417,859.6241619535305,-1,0.617059891107078,-0.0072080728303960395,0.0033997679833985828,-0.02810768401977848,0.2930168593863393,0.21006476105096414,1.91,251.214,2.96,0.0,1.0
2018-07-30,825.0999755859375,829.2000122070312,824.4000244140625,826.5999755859375,20,43.479211265973895,-10.702791319230755,-13.556114018817478,2.853322699586723,5.874932229415661,0.4576852309006625,833.8687666649842,858.3290958214681,-1,1.0178117048346056,0.00024195446027097667,0.0009687428006710519,-0.030267536472514678,0.29273118091695577,0.20843896686677865,1.91,251.214,2.98,0.0,1.0
2018-07-31,840.9000244140625,840.9000244140625,840.9000244140625,840.9000244140625,0,50.43998499325521,-8.905408333982564,-12.625972881850496,3.720564547867932,5.571789394870532,0.7301127307662353,834.5384102601345,857.6456028250992,-1,0.0,0.01729984182250721,0.013621081437645843,0.03943142696423063,0.2302368750846387,0.21120745450438141,1.91,251.214,2.96,0.0,1.0
2018-08-01,812.4000244140625,812.4000244140625,812.4000244140625,812.4000244140625,0,39.89473441453621,-9.669220430053315,-12.03462239149106,2.3654019614377457,5.728206076907305,0.15486800708347623,832.4299925605086,855.8712664168233,-1,0.0,-0.033892257310681795,-0.02566558370377403,-0.034925117373768466,0.21904590638749263,0.22168169830704668,1.91,251.663,3.0,1.0,1.0
2018-08-02,823.4000244140625,823.4000244140625,823.4000244140625,823.4000244140625,0,44.7002259911941,-9.279965286746233,-11.483690970542096,2.203725683795863,5.6823309874773145,0.40011821612000054,831.5699955941805,854.5978843774994,-1,0.0,0.013540127608850927,-0.01081210924559406,-0.016365967711664986,0.22499316072225567,0.22388624012041294,1.91,251.663,2.98,0.0,1.0
2018-08-03,832.0999755859375,832.0999755859375,832.0999755859375,832.0999755859375,0,48.22593433479855,-8.175225519313358,-10.82199788029635,2.6467723609829914,5.4230184538323805,0.6026174090493625,831.6204698791097,853.7156134444971,-1,0.0,0.010565886463345553,0.006897326964524719,-0.014333139595035127,0.2262373634083286,0.22487051339436762,1.91,251.663,2.95,0.0,1.0
2018-08-06,821.5,821.5,821.5,821.5,0,44.50300259319641,-8.062105799327583,-10.270019464102596,2.2079136647750133,4.9055191099576705,0.38599767826356624,830.6566156049088,852.4522560545169,-1,0.0,-0.012738824536646987,-0.00616982305415914,-0.03239104829210837,0.2288149095979292,0.22480366256072543,1.91,251.663,2.94,1.0,1.0
2018-08-07,826.5999755859375,826.5999755859375,826.5999755859375,826.5999755859375,0,46.63746632865309,-7.474767729243126,-9.710969117130702,2.2362013878875757,4.583771829614835,0.5330401070419003,830.2702689364353,851.4384411341804,-1,0.0,0.006208126093654842,-0.017005646822390363,-0.018289815218601513,0.2290157098014838,0.22527265458654666,1.91,251.663,2.98,1.0,1.0
2018-08-08,824.7000122070312,824.7000122070312,824.7000122070312,824.7000122070312,0,45.9287607721216,-7.080984066619749,-9.184972107028512,2.1039880404087636,4.542408013518478,0.4910614452721463,829.7397682955396,850.3898752939001,-1,0.0,-0.002298528230126662,0.01514030948219136,-0.007581212747254762,0.2245270866883202,0.22429878646471435,1.91,251.663,2.96,1.0,1.0
2018-08-09,829.2999877929688,829.2999877929688,829.2999877929688,829.2999877929688,0,47.98947197493995,-6.324819508516725,-8.612941587326155,2.2881220788094296,4.1559409452760825,0.6434574846664958,829.697884438152,849.5628208820989,-1,0.0,0.0055777561753966864,0.007165367019638769,-0.015433931127154743,0.21972984851328214,0.2216149808889472,1.91,251.663,2.93,1.0,1.0
2018-08-10,824.7999877929688,824.7999877929688,824.7999877929688,824.7999877929688,0,46.137040250490934,-6.019279532697851,-8.094209176400495,2.074929643702644,4.151730660202517,0.5141713660090159,829.2314180909916,848.5917293884075,-1,0.0,-0.005426263193342051,-0.008772969603596414,-0.0016945344872636436,0.20950498425156772,0.22131714478615538,1.91,251.663,2.87,1.0,1.0
2018-08-13,794.5999755859375,794.5999755859375,794.5999755859375,794.5999755859375,0,36.07326410177992,-8.12041836550668,-8.099451014221733,-0.020967351284946645,5.217713588462828,-0.15978700056668288,825.9331854714626,846.4744057098793,-1,0.0,-0.036614952296303516,-0.03274500841638772,-0.033686018020476105,0.247535081260035,0.23316071018502801,1.91,251.663,2.88,2.0,0.0
2018-08-14,798.5,798.5,798.5,798.5,0,37.95543844071733,-9.362956319827617,-8.35215207534291,-1.0108042444847065,5.793798503947617,0.00523629499282848,823.3205011408471,844.5930564663546,-1,0.0,0.004908160752442381,-0.03399464845860756,-0.02120616333884906,0.24744744461734183,0.23337962281749924,1.91,251.663,2.89,2.0,0.0
2018-08-15,768.7000122070312,768.7000122070312,768.7000122070312,768.7000122070312,0,30.55313970658537,-12.606961363594223,-9.203113932993174,-3.403847430601049,8.100141866425698,-0.2697323632550866,818.118549813817,841.6168586522635,-1,0.0,-0.03731995966558388,-0.06790347904826011,-0.05530293637079431,0.2801551338782105,0.24234080684342474,1.91,251.663,2.86,2.0,0.0
2018-08-16,781.2999877929688,781.2999877929688,781.2999877929688,781.2999877929688,0,36.2172791634807,-13.99976542392244,-10.162444231179029,-3.8373211927434117,8.879096088339224,-0.01646029574253572,814.6120200975457,839.2514911675853,-1,0.0,0.01639127798341189,-0.057880140728981844,-0.02410690529792181,0.2832851192964253,0.24406316666532513,1.91,251.663,2.87,2.0,0.0
2018-08-17,774.0999755859375,774.0999755859375,774.0999755859375,774.0999755859375,0,34.48635959995811,-15.505812138143028,-11.23111781257183,-4.274694325571199,10.080357871326637,-0.013710201152677648,810.7537301440592,836.6965297722265,-1,0.0,-0.009215425981728198,-0.06146946284843713,-0.06010199303950192,0.26190517551932296,0.24410773850071718,1.91,251.663,2.87,2.0,0.0
2018-08-20,790.7000122070312,790.7000122070312,790.7000122070312,790.7000122070312,0,41.435856402605836,-15.184839410130166,-12.021862132083497,-3.16297727804667,10.401219317632467,0.2176930310649391,808.8438522452947,834.8927447696699,-1,0.0,0.0214443058321101,-0.0049080839400107434,-0.04250420937852717,0.2752592244814216,0.24688124100962516,1.91,251.663,2.82,2.0,0.0
2018-08-21,789.7999877929688,789.7999877929688,789.7999877929688,789.7999877929688,0,41.18079410271277,-14.832115266966866,-12.583912759060171,-2.2482025079066954,10.606639745516109,0.23512836544325208,807.0301508688826,833.1244013588189,-1,0.0,-0.0011382628053214772,-0.010895444216695416,-0.04797491437347068,0.2741412616645095,0.24597874442584422,1.91,251.663,2.85,2.0,0.0
2018-08-22,790.5,790.5,790.5,790.5,0,41.48250547610677,-14.330896058321173,-12.933309418912373,-1.3975866394088001,10.605054980786537,0.2677144935709924,805.4558507861319,831.4528562074927,-1,0.0,0.0008863157987470949,0.028359551771540037,-0.05193090480557794,0.27302488514256024,0.24559897616752707,1.91,251.663,2.82,2.0,0.0
2018-08-23,777.5,777.5,773.4000244140625,775.2000122070312,4,37.01357394646653,-14.995399738071228,-13.345727482744145,-1.6496722553270828,10.982298028941788,0.1346411577973884,802.5743423500271,829.2468623251217,-1,1.9512195121951221,-0.0193548232675127,-0.007807469193963246,-0.06871697564797064,0.2794572949313452,0.24777452727274796,1.91,251.663,2.82,2.0,0.0
2018-08-24,786.4000244140625,786.4000244140625,786.4000244140625,786.4000244140625,0,41.9441410261084,-14.451686265655553,-13.566919239326428,-0.8847670263291256,11.018738767548594,0.2836486086255823,801.0339311180305,827.5665941717468,-1,0.0,0.014447899936358644,0.015889483549995864,-0.04840270912184563,0.28611205611528023,0.2500535907115708,1.91,251.663,2.82,2.0,0.0
2018-08-27,801.2000122070312,801.2000122070312,801.2000122070312,801.2000122070312,0,47.76321513646503,-12.680382538646882,-13.38961189919052,0.7092293605436382,10.778995036187256,0.4638406429802208,801.049748364602,826.5326105652874,-1,0.0,0.01881992285541445,0.013279372502716935,-0.030728241143367363,0.2957304131649971,0.25372153865986363,1.91,251.663,2.85,2.0,0.0
2018-08-28,793.5,793.5,793.5,793.5,0,45.22349038478821,-11.762349167464208,-13.064159352845257,1.3018101853810489,10.015322502475222,0.3946082591844599,800.3307247108304,825.2372140725311,-1,0.0,-0.009610599213322968,0.004684745839729221,-0.056368204349965034,0.2884530377853415,0.2541867590559265,1.91,251.663,2.88,2.0,0.0
2018-08-29,794.7999877929688,794.7999877929688,794.7999877929688,794.7999877929688,22,45.747985576056415,-10.80534565764026,-12.612396613804258,1.807050956163998,9.980814014308722,0.4213929685953225,799.8039878615102,824.0435973556855,-1,16.923076923076923,0.0016382958953606863,0.005439579750751156,-0.02166424925182353,0.26341376856893517,0.25430257445241766,1.91,251.663,2.89,2.0,0.0
2018-08-30,792.2000122070312,792.2000122070312,790.5,790.5,4,44.23906719724064,-10.275437709979315,-12.14500483303927,1.869567123059955,9.722079855371666,0.384974988723319,798.9178937794617,822.7281621652664,-1,2.6666666666666665,-0.005410150803989211,0.019736826047524136,-0.039956307309408245,0.25805722418277366,0.2536891927176784,1.91,251.663,2.86,2.0,0.0
2018-08-31,785.9000244140625,785.9000244140625,785.9000244140625,785.9000244140625,0,42.619585723805294,-10.110118279664675,-11.738027522364352,1.6279092426996762,9.088583501296279,0.34499225091264424,797.6780966970427,821.2839214691409,-1,0.0,-0.005819070949952598,-0.0006358087289894954,-0.055522115764205515,0.25400557103633853,0.253509800400935,1.91,251.663,2.86,2.0,0.0
2018-09-04,777.0,777.0,777.0,777.0,0,39.59910707080787,-10.575352943877078,-11.505492606666898,0.93013966278982,8.911958978595667,0.2472530701390462,795.7087541544672,819.547297097802,-1,0.0,-0.011324626717880593,-0.030204707736297354,-0.05416920267802805,0.25331066215427955,0.25360501177470884,1.95,252.182,2.9,2.0,0.0
2018-09-05,783.0999755859375,783.0999755859375,781.0,783.0999755859375,1,42.60163890792452,-10.33272845520662,-11.270939776374844,0.9382113211682235,8.224387278772022,0.3522938809771028,794.5079181003215,818.1179903718465,-1,0.6451612903225806,0.007850676429778103,-0.01310652100070886,-0.05262521326493497,0.25414182509740085,0.2544054445012837,1.95,252.182,2.9,2.0,0.0
2018-09-06,793.7999877929688,793.7999877929688,789.7000122070312,789.7000122070312,6,45.74426591094085,-9.498387504791026,-10.91642932205808,1.4180418172670546,7.362426050754342,0.4780204414174447,794.0500223009606,817.0035598555793,-1,3.243243243243243,0.008428089422624963,-0.006416677987249764,-0.04243967440516261,0.2571828195081949,0.2552778616730426,1.95,252.182,2.88,2.0,0.0
2018-09-07,779.2000122070312,779.2000122070312,779.2000122070312,779.2000122070312,0,41.82126715466974,-9.574064680336846,-10.647956393713834,1.0738917133769874,5.98541848270924,0.3034690748700959,792.6357356253483,815.5210677909304,-1,0.0,-0.013296188220454641,-0.014294734715962987,-0.060412367446512905,0.2584203685936942,0.25620913977715565,1.95,252.182,2.94,2.0,0.0
2018-09-10,799.0999755859375,799.0999755859375,788.7999877929688,788.7999877929688,1,46.351346867495124,-8.758439746284125,-10.270053064227893,1.5116133179437679,4.253911225373594,0.5634998454650997,792.2704263079788,814.4731823008143,-1,0.5263157894736842,0.012320297016867654,0.0036899901880882435,-0.04364694535984437,0.2638776345636376,0.2568573111378566,1.95,252.182,2.94,2.0,0.0
2018-09-11,788.0999755859375,788.0999755859375,788.0999755859375,788.0999755859375,0,46.06965344929445,-8.075447512515552,-9.831131953885425,1.7556844413698727,4.1589787466518215,0.5535093157781124,791.8732405249273,813.4389389002309,-1,0.0,-0.0008874394242700534,0.014285682864784377,-0.008180216712449395,0.22904787441984398,0.25220203852622053,1.95,252.182,2.98,2.0,0.0
2018-09-12,798.7000122070312,798.7000122070312,798.7000122070312,798.7000122070312,0,50.93254220467401,-6.60272477825049,-9.185450518758438,2.5827257405079482,4.166537599463892,0.8766334150687998,792.5234092565562,812.8609417750074,-1,0.0,0.01345011667233309,0.01992087486584504,0.00025048491801027417,0.23357478696036726,0.25408336110551893,1.95,252.182,2.97,2.0,0.0
2018-09-13,802.0999755859375,802.0999755859375,802.0999755859375,802.0999755859375,0,52.414670377581935,-5.102415303477642,-8.36884347570228,3.2664281722246375,3.9675971038508817,0.9500109343744659,793.4354631926877,812.4389431009263,-1,0.0,0.004256871574987553,0.01570211876311256,0.043449932156252924,0.1855004600315526,0.25085516424925886,1.95,252.182,2.97,2.0,0.0
2018-09-14,797.4000244140625,797.4000244140625,797.4000244140625,797.4000244140625,0,50.15915294047631,-4.243736859135879,-7.543822152389,3.3000852932531206,4.011176801068553,0.7706889936065421,793.8130404518663,811.8491815837943,-1,0.0,-0.005859557804426596,0.02335730482791054,0.02060672836636468,0.17968394214102226,0.24980922390063764,1.95,252.182,2.99,2.0,0.0
2018-09-17,799.7000122070312,799.7000122070312,799.7000122070312,799.7000122070312,0,51.26439290118518,-3.339146608897522,-6.702887043690705,3.3637404347931827,3.787868759388445,0.8202634135188958,794.3737044285486,811.3727435690193,-1,0.0,0.002884358819350119,0.01381848958258769,0.033070711056044644,0.1755944864872525,0.2488865006093811,1.95,252.182,2.99,2.0,0.0
2018-09-18,813.7000122070312,813.7000122070312,813.7000122070312,813.7000122070312,0,57.44969641132504,-1.4755599842504807,-5.65742163180266,4.1818616475521795,4.5903657861362985,1.1176707157876387,796.2143051693565,811.4640090058042,-1,0.0,0.01750656469463152,0.03248323488661531,0.0290881492916657,0.17033542655365722,0.25041583446359883,1.95,252.182,3.05,1.0,0.0
2018-09-19,820.7000122070312,820.7000122070312,820.7000122070312,820.7000122070312,0,60.171538075973025,0.5597350633704536,-4.4139902927680374,4.973725356138491,5.601967628265471,1.127970049651886,798.5462772681827,811.8262052097739,-1,0.0,0.008602678991012525,0.027544759814398745,0.039123860333817095,0.17186797893676767,0.25105248491169724,1.95,252.182,3.08,1.0,0.0
2018-09-20,833.0999755859375,833.0999755859375,833.0999755859375,833.0999755859375,0,64.50321680633724,3.1371315660817345,-2.903765920998083,6.0408974870798176,7.109711082927528,1.1751833995022127,801.8371056793975,812.6604707147216,-1,0.0,0.015109008400719048,0.03864854873902024,0.053889912189674316,0.17793414991566125,0.2530538468577658,1.95,252.182,3.07,2.0,0.0
2018-09-21,828.5,828.5,828.5,828.5,0,61.8173000799481,4.7537589039022805,-1.3722609560180103,6.126019859920291,7.595228172703802,1.009987439202623,804.3764289480263,813.281628725909,-1,0.0,-0.005521516889617328,0.03900172389484191,0.06875643311875246,0.1609207160226083,0.2514930442646105,1.95,252.182,3.07,2.0,0.0
2018-09-24,828.2000122070312,828.2000122070312,828.2000122070312,828.2000122070312,0,61.637045742252724,5.942242733195485,0.09063978182468871,5.851602951370796,8.150614349015182,0.9373271970982141,806.6453416393601,813.8666633722274,-1,0.0,-0.0003620854471559909,0.03563836384264274,0.05315359422084631,0.15595426252065495,0.2511300549138807,1.95,252.182,3.08,2.0,0.0
2018-09-25,821.7999877929688,821.7999877929688,821.7999877929688,821.7999877929688,0,57.76698214002083,6.295129908492072,1.3315378071581654,4.963592101333907,8.489142133364911,0.8100417207574843,808.0886412730372,814.1777741338252,-1,0.0,-0.007727631393058543,0.009954498542979806,0.0257114019871163,0.14785275819194826,0.25149867605081655,1.95,252.182,3.1,2.0,0.0
2018-09-26,824.5,824.5,824.5,824.5,13923,58.93831895452494,6.715254681624515,2.4082811820514354,4.306973499573079,8.807208580265558,0.8145431477561341,809.6516278184622,814.5825673050477,-1,19.951278928136418,0.003285485820317957,0.004630178794258644,0.03906742281033404,0.14219575486848895,0.22738361237505214,1.95,252.182,3.06,2.0,0.0
2018-09-27,823.0,831.9000244140625,806.0,810.2999877929688,7848,50.9368546156279,5.835120641989192,3.093649074038987,2.7414715679502053,8.79624989194021,0.6026353884141725,809.7133763874629,814.4146230104565,-1,7.205619060735435,-0.0172225739321179,-0.027367649095095703,0.01950176174894147,0.15784046597741427,0.21486725909856091,1.95,252.182,3.06,2.0,0.0
2018-09-28,809.0,820.0,805.7999877929688,818.7000122070312,430,54.8423785354023,5.749147252035073,3.6247487096382045,2.124398542396868,8.81431566049552,0.7008247747391964,810.569246465517,814.5826774887536,-1,0.3872304020892431,0.010366561200305435,-0.01182859118040891,0.0356736397305899,0.15926889494090038,0.21577004736220365,1.95,252.182,3.05,2.0,0.0
2018-10-01,812.0,824.0,812.0,824.0,41,57.15954378391744,6.0390628843929335,4.10761154458915,1.9314513398037834,8.768803441035997,0.7494040347870915,811.8483658497535,814.9519842539005,-1,0.036853932584269666,0.006473662775063671,-0.005071253495684935,0.04847941774062603,0.15746632299266014,0.21546064483198557,2.19,252.772,3.09,1.0,0.0
2018-10-02,818.5,832.9000244140625,818.5,830.0999755859375,40,59.72130834775788,6.68399127119369,4.622887489910059,2.0611037812836317,8.426791907227429,0.8092064998705022,813.5866143960567,815.5460231296667,-1,0.03589053387169134,0.00740288299264269,0.01009976626461051,0.06833973691883855,0.14961614021684455,0.21569426144786327,2.19,252.772,3.05,1.0,0.0
2018-10-03,832.2999877929688,834.7999877929688,827.2000122070312,832.2000122070312,14,60.594924677882645,7.28063049249306,5.1544360904266595,2.1261944020664005,8.214797801938808,0.8109014676640293,815.3593189494828,816.1991207405437,-1,0.012554364883647938,0.0025298598757474977,0.009339008134664928,0.06269957623783062,0.14867450584749498,0.2151391128752545,2.19,252.772,3.15,1.0,0.0
2018-10-04,830.4000244140625,830.4000244140625,821.0,821.0,15,53.8826372752957,6.771664458562782,5.477881764053884,1.2937826945088977,7.873388046482105,0.624348208368969,815.8965266685797,816.3873905154243,-1,0.013445679455001793,-0.01345831776345252,0.013205001071485922,0.03963528847554709,0.15828904909751892,0.21524339196020179,2.19,252.772,3.19,1.0,0.0
2018-10-05,821.4000244140625,821.4000244140625,821.0999755859375,821.0999755859375,1,53.9316937893369,6.30370719144355,5.643046849531817,0.6606603419117327,6.899970987150153,0.6060552186762516,816.3920932321375,816.5721977730915,-1,0.0008963384574015148,0.00012177294267656791,0.0029314319569100356,0.05377305277527844,0.14785786975345214,0.21334195864095495,2.19,252.772,3.23,1.0,0.0
2018-10-08,821.7999877929688,821.7999877929688,809.5,814.0999755859375,72,49.927109757072714,5.306832327558823,5.575803945137219,-0.26897161757839605,6.226276966518371,0.45475189041591035,816.1737963134518,816.4752478833992,-1,0.06433166547533953,-0.008525149443592173,-0.012014592735512752,0.03207402153207073,0.14833680834158336,0.2103990905054159,2.19,252.772,3.23,2.0,0.0
2018-10-09,819.0,825.5999755859375,819.0,825.5999755859375,27,55.74138579553185,5.382707208246757,5.5371845977591265,-0.1544773895123699,5.402895782853079,0.6656839694605892,817.0715276727361,816.8330803423223,1,0.024095310338672973,0.014126029167023324,-0.005421033769846373,0.047582795535705324,0.15437288642238833,0.2121954611420498,2.19,252.772,3.21,1.0,0.0
2018-10-10,825.0,825.0,823.5,824.0999755859375,5,54.84679922044613,5.26115382749515,5.481978443706331,-0.2208246162111811,4.9554802760566865,0.6121574081943032,817.7409036644696,817.1180566263857,1,0.004461099214846539,-0.0018168605188432219,-0.009733281064983501,0.031801631389386076,0.1492997165718706,0.2115794931147283,2.19,252.772,3.22,1.0,0.0
2018-10-11,842.7999877929688,842.7999877929688,842.7999877929688,842.7999877929688,2,62.85113772654161,6.597702393820441,5.705123233729154,0.8925791600912873,5.124083991906578,1.004056385649015,820.127483105279,818.125191181938,1,0.0017842804888928538,0.022691436428857514,0.026552969297160445,0.050741819531037624,0.16659466727766847,0.21634986088385766,2.19,252.772,3.14,1.0,0.0
2018-10-12,836.2000122070312,836.2000122070312,836.2000122070312,836.2000122070312,0,58.883640086735056,7.043174558373039,5.972733498657931,1.0704410597151082,4.5682863492100205,0.837048479297881,821.6582001625887,818.834007692726,1,0.0,-0.007831010538123961,0.018390009828362697,0.048658122153281136,0.16805711309420238,0.21424115761788418,2.19,252.772,3.15,1.0,0.0
2018-10-15,844.7999877929688,845.2999877929688,842.5,842.5,4,61.38914367667097,7.814490242765032,6.341084847479351,1.4734053952856812,4.15396386188257,0.9909963599918242,823.6431334804374,819.762085822423,1,0.0035679243600035683,0.007534068047118092,0.03488518027975851,0.05352005394478909,0.16904054872058683,0.20690953922237162,2.19,252.772,3.16,1.0,0.0
2018-10-16,843.0999755859375,843.0999755859375,843.0999755859375,843.0999755859375,1,61.62895108500594,8.377604683343407,6.748388814652163,1.6292158686912437,4.309608111616678,0.9480153584033233,825.4961660619136,820.6772971856982,1,0.0008919413102617847,0.0007121371939911025,0.02119670605317059,0.036131206756607526,0.15985544712552627,0.20685592077151901,2.19,252.772,3.16,1.0,0.0
2018-10-17,839.9000244140625,839.9000244140625,836.9000244140625,836.9000244140625,1,57.644655209607684,8.228736932953552,7.044458438312441,1.1842784946411111,4.360589340102452,0.7481792502113458,826.5822478097374,821.3134825672028,1,0.0008919015340706386,-0.007353755605989831,0.015532155329848418,0.019739261564607702,0.16088880978005318,0.2072611103724274,2.19,252.772,3.19,1.0,0.0
2018-10-18,829.4000244140625,829.4000244140625,827.7999877929688,827.7999877929688,2,52.30013001876317,7.292399028453133,7.09404655634058,0.19835247211255247,4.324327876107876,0.5034922904563025,826.6982230462356,821.5678553211544,1,0.0017836439846606617,-0.010873505025244756,-0.017797817058920917,-0.0063617668326555465,0.15720790847773164,0.20823193390373404,2.19,252.772,3.17,0.0,0.0
2018-10-19,833.2000122070312,836.0999755859375,832.2999877929688,832.2999877929688,6,54.54448092957701,6.834671051668465,7.042171455406158,-0.20750040373769263,4.35023472449054,0.6231461608300959,827.2317244506864,821.9887232612256,1,0.005349500713266763,0.005436095755446457,-0.004663985119742975,0.004586587559407107,0.1571962851616556,0.20851312837407024,2.19,252.772,3.2,1.0,0.0
2018-10-22,833.2000122070312,833.2000122070312,819.0,819.0,26,47.43986760323549,5.337196590057147,6.701176482336356,-1.3639798922792092,4.451199818960544,0.27178609016262795,826.4477506934783,821.8715184274521,1,0.023154332531837206,-0.015979800538309163,-0.027893175074183985,-0.011108442491463588,0.16757623566749635,0.2106105249088342,2.19,252.772,3.2,1.0,0.0
2018-10-23,821.0,834.9000244140625,820.0,832.4000244140625,14,53.948272849224914,5.172086676354638,6.395358521140013,-1.2232718447853745,4.43247051243803,0.6216696553101769,827.0146339049625,822.2844010151623,1,0.01245995016019936,0.016361446171016425,-0.012691200903473865,0.012898560207528442,0.17535878384887113,0.2132692543168104,2.19,252.772,3.17,0.0,0.0
2018-10-24,828.7000122070312,828.7000122070312,828.7000122070312,828.7000122070312,0,52.03236782521714,4.68862822971505,6.05401246285502,-1.3653842331399701,4.415397530981839,0.5151785457479272,827.1751461242071,822.5359936109219,1,0.0,-0.0044449929102725605,-0.009798078585040448,0.005094011166805634,0.17596315104306667,0.21047633259479093,2.19,252.772,3.1,0.0,0.0
2018-10-25,828.7000122070312,828.7000122070312,828.7000122070312,828.7000122070312,0,52.03236782521714,4.256418583718528,5.694493687027722,-1.4380751033091945,3.943691590773103,0.4888369605776448,827.3203714654285,822.7777198303771,1,0.0,0.0,0.0010872486437962792,0.02270766961774129,0.16322649295758818,0.19801397938781387,2.19,252.772,3.14,0.0,0.0
2018-10-26,829.5,829.5,829.5,829.5,24,52.455761046902275,3.933103288046823,5.342215607231543,-1.40911231918472,3.770689180061214,0.49664355500945045,827.5279551353876,823.0413386605584,1,1.6271186440677967,0.0009653526984247929,-0.0033641569554668793,0.01319163018436309,0.15957751962167352,0.19612532062321228,2.19,252.772,3.08,0.0,0.0
2018-10-29,832.0,832.0,832.0,832.0,3,53.8273431730656,3.83440209299863,5.04065290438496,-1.2062508113863304,3.7241140802390897,0.5645416624305981,827.9538641701126,823.3926587130856,1,0.23346303501945526,0.003013863773357439,0.015873015873015817,0.009708737864077666,0.15838190547680672,0.19502784910361856,2.19,252.772,3.08,0.0,0.0
2018-10-30,834.5999755859375,834.5999755859375,831.7000122070312,834.5999755859375,6,55.27249196438547,3.920780666776409,4.81667845686325,-0.895897790086841,3.754291752830229,0.6402016083434635,828.5868271620959,823.8321613355504,1,0.5381165919282511,0.003124970656174897,0.0026429013783650923,0.005421033769846373,0.15663638453479556,0.19328107441249573,2.19,252.772,3.12,0.0,0.0
2018-10-31,839.4000244140625,839.4000244140625,839.4000244140625,839.4000244140625,6,57.89275900219502,4.3266848044097515,4.71867972637255,-0.39199492196279895,3.870729764496015,0.7740297687715899,829.616655471807,824.4426657700019,1,0.5581395348837209,0.005751316760769232,0.012911804090040446,0.008651780943786047,0.15765994597725191,0.19322384805350923,2.19,252.772,3.15,0.0,0.0
2018-11-01,858.2999877929688,858.2999877929688,858.2999877929688,858.2999877929688,0,66.2713316098252,6.103083303671497,4.99556044183234,1.1075228618391568,4.681339870510129,1.163201449433125,832.3484014071557,825.7704038885496,1,0.0,0.02251603863378393,0.03571856540354745,0.04543238464429811,0.16654554816841838,0.1983273225083955,2.2,252.594,3.14,0.0,0.0
2018-11-02,871.9000244140625,871.9000244140625,871.9000244140625,871.9000244140625,0,70.77738314183283,8.510200909007494,5.698488535267371,2.8117123737401233,6.055960119918462,1.2298248353937744,836.1152226459087,827.5794086150403,1,0.0,0.01584531843704773,0.05111515902840558,0.061868286857363675,0.17301625477743773,0.20047970582598135,2.2,252.594,3.22,0.0,0.0
2018-11-05,865.0,865.0,865.0,865.0,0,65.96246334553604,9.748707616237198,6.508532351461336,3.2401752647758615,6.3453156374496364,1.0167039183761637,838.8661538224889,829.0468827869995,1,0.0,-0.007913779356411244,0.03966346153846145,0.06252306343263059,0.17248284948476697,0.20087982858609021,2.2,252.594,3.2,0.0,0.0
2018-11-06,872.0999755859375,872.0999755859375,867.7000122070312,867.7000122070312,2,66.91105066952329,10.823336835097848,7.371493248188639,3.4518435869092094,6.910860325754473,0.9834845724787231,841.6122355733977,830.5626917838636,1,0.3921568627450981,0.003121401395411949,0.039659762268571264,0.05099326291914541,0.1675354829615791,0.18455599864536265,2.2,252.594,3.22,0.0,0.0
2018-11-07,875.0999755859375,875.0999755859375,875.0999755859375,875.0999755859375,0,69.4259504668505,12.132250403347598,8.32364467922043,3.808605724127167,7.580041048580701,1.015439076150204,844.8015441460205,832.3092519329646,1,0.0,0.008528250864125342,0.04253031943475949,0.06188569531717181,0.16801820434309903,0.18498802263786696,2.2,252.594,3.22,0.0,0.0
2018-11-08,866.7000122070312,866.7000122070312,866.7000122070312,866.7000122070312,0,63.523844679727986,12.349410674133651,9.128797878203075,3.2206127959305757,7.9826498616456245,0.8462317783431195,846.8871125327835,833.6579091986142,1,0.0,-0.00959886140241506,0.009786816420284783,0.0283578841483485,0.1570321147480729,0.16736669982744684,2.2,252.594,3.24,0.0,0.0
2018-11-09,852.4000244140625,852.4000244140625,852.4000244140625,852.4000244140625,0,54.95819048102302,11.238076695690665,9.550653641700594,1.6874230539900719,7.986497964855009,0.6216223103539102,847.412151759572,834.3928941090239,1,0.0,-0.0164993510921434,-0.022364949482716723,0.0193733699719445,0.166687721254125,0.1689667006111588,2.2,252.594,3.19,0.0,0.0
2018-11-12,841.7000122070312,841.7000122070312,841.7000122070312,841.7000122070312,0,49.5718681610289,9.385741958791868,9.51767130511885,-0.13192934632698083,7.989214940940704,0.4635242087473525,846.8681384688538,834.6794477599262,1,0.0,-0.012552806077623435,-0.02693640207279624,-0.0009495404070846147,0.17145729248029304,0.170018374003642,2.2,252.594,3.19,0.0,0.0
2018-11-13,837.0999755859375,837.0999755859375,837.0999755859375,837.0999755859375,0,47.42015402573123,7.460568038925885,9.106250651880258,-1.6456826129543725,8.024965232781733,0.4001760071987552,845.9378372419094,834.7743704197699,1,0.0,-0.00546517352308451,-0.03526568651677353,-0.0071165937299786375,0.17249920245512612,0.16546655574455174,2.2,252.594,3.14,0.0,0.0
2018-11-14,830.7999877929688,830.7999877929688,830.7999877929688,830.7999877929688,0,44.56699646525991,5.364657046555635,8.357931930815333,-2.993274884259698,8.111639400071592,0.3135944237300629,844.4961372943912,834.6185122775424,1,0.0,-0.007525968195804866,-0.05062277343032373,-0.007288847464623438,0.17259397630043222,0.16633265267188466,2.2,252.594,3.12,0.0,0.0
2018-11-15,842.2999877929688,842.2999877929688,842.2999877929688,842.2999877929688,0,50.43005280193516,4.578804764253505,7.602106497502968,-3.023301733249463,7.924619896490645,0.4704060233737094,844.2869801990176,834.9197466114807,1,0.0,0.013842080126349021,-0.028152791127726395,0.017516308545327597,0.17477233264825787,0.1684219125281611,2.2,252.594,3.11,0.0,0.0
2018-11-16,843.5999755859375,843.5999755859375,843.5999755859375,843.5999755859375,0,51.06020279990297,4.014631150330501,6.8846114280684745,-2.869980277737973,7.812851461186779,0.4811378285885292,844.2215511882481,835.260147747734,1,0.0,0.0015433786202170285,-0.010323848634535282,0.01357682080824385,0.17397256590136068,0.16285681531470483,2.2,252.594,3.08,0.0,0.0
2018-11-19,855.5,855.5,855.5,855.5,0,56.510310130765454,4.4761537006542085,6.402919882585621,-1.9267661819314128,7.3380470535335505,0.6421235277718637,845.2956891703197,836.0538674439013,1,0.0,0.014106240823201999,0.016395375540964485,0.04456654456654463,0.168187411651711,0.16274396380990117,2.2,252.594,3.06,0.0,0.0
2018-11-20,844.9000244140625,844.9000244140625,844.9000244140625,844.9000244140625,0,51.0560959441477,3.9411530457543904,5.910566515219376,-1.9694134694649854,7.17260102158482,0.46059149189133364,845.2580068125809,836.4007755603782,1,0.0,-0.012390386424240174,0.0093179417699365,0.01501681839665836,0.1672389179931508,0.16114859571389775,2.2,252.594,3.06,0.0,0.0
2018-11-21,848.0999755859375,848.0999755859375,848.0999755859375,848.0999755859375,0,52.54514271595522,3.7323463236233465,5.47492247690017,-1.7425761532768238,6.87621173059278,0.49717078596085396,845.5286705052815,836.8595677182433,1,0.0,0.0037873725641019984,0.020823288453489797,0.0234101159564839,0.16639528519242547,0.15974080217963504,2.2,252.594,3.06,0.0,0.0
2018-11-23,842.9000244140625,842.9000244140625,842.9000244140625,842.9000244140625,0,49.88897839147224,3.1114065324751436,5.002219288015166,-1.890812755540022,6.569784918529136,0.39108229458450117,845.2783232584987,837.0964483729813,1,0.0,-0.006131295037807849,0.000712378760286958,0.017135286590877596,0.16838271149643158,0.160426601918387,2.2,252.594,3.05,1.0,0.0
2018-11-26,845.7000122070312,845.7000122070312,845.7000122070312,845.7000122070312,0,51.316062644585685,2.812818468393857,4.564339124090904,-1.751520655697047,6.233102325258525,0.42287813732023805,845.31848411074,837.4338430331401,1,0.0,0.0033218504115184455,0.0024893749192382852,0.01952985196748802,0.1686108072578656,0.1599356423346946,2.2,252.594,3.07,1.0,0.0
2018-11-27,833.2000122070312,833.2000122070312,833.2000122070312,833.2000122070312,0,45.136186402115584,1.5496760424795184,3.9614065077686273,-2.411730465289109,6.195839668709992,0.18388608189067263,844.1643439294344,837.267810451724,1,0.0,-0.01478065486528568,-0.02606661343421246,0.00144232236422015,0.17747447326839927,0.16267210498405427,2.2,252.594,3.06,1.0,0.0
2018-11-28,824.2000122070312,824.2000122070312,824.2000122070312,824.2000122070312,0,41.28141842577105,-0.17557430309409483,3.1340103455960833,-3.309584648690178,6.564424105197129,0.04935415493795112,842.2629790034912,836.7553477754616,1,0.0,-0.010801728118270515,-0.024499954561353787,-0.012461015675928944,0.18118932347622776,0.162503987037261,2.2,252.594,3.06,0.0,0.0
2018-11-29,822.7000122070312,824.5999755859375,819.0999755859375,819.0999755859375,2,39.236486034076364,-1.932105850703806,2.1207871063361057,-4.052892957039912,7.2129413421732735,0.022619206764553656,840.0569786780098,836.0629802386176,1,10.0,-0.0061878628313010164,-0.03419408187102513,-0.024183998377049543,0.18058568332160127,0.1625259303626028,2.2,252.594,3.03,1.0,0.0
2018-11-30,801.0,801.0,798.0,798.0,2,32.14240622369793,-4.969476416504676,0.7027344017679493,-5.672210818272625,8.808191705594098,-0.13521417660722615,836.051552137247,834.5703143469071,1,6.666666666666667,-0.025759951428204864,-0.053268505295482105,-0.0702551423168769,0.17873791354695662,0.17075969556235504,2.2,252.594,3.01,1.0,0.0
2018-12-03,808.9000244140625,808.9000244140625,808.9000244140625,808.9000244140625,0,38.3441063477932,-6.42303287330094,-0.7224190532458286,-5.7006138200551115,9.104088119998718,0.0663865883022636,833.4656923540865,833.563636310325,-1,0.0,0.013659178463737431,-0.04351423348916772,-0.07225599063646948,0.1757815702369357,0.1705518104078107,2.27,252.767,2.98,1.0,0.0
2018-12-04,802.4000244140625,802.4000244140625,802.4000244140625,802.4000244140625,0,36.21835900143311,-8.00718071981305,-2.179371386559273,-5.827809333253777,9.658834231064544,0.04818115738865898,830.5070573121794,832.3415338830206,-1,0.0,-0.008035603664010682,-0.036965899353966436,-0.07236991397218207,0.17582097917660217,0.16971839638282438,2.27,252.767,2.91,1.0,0.0
2018-12-06,787.7999877929688,787.7999877929688,787.7999877929688,787.7999877929688,0,31.935689209618246,-10.32174755828089,-3.807846620903597,-6.513900937377294,10.544171946143045,-0.03631105420519765,826.4397173579689,830.5948065853715,-1,0.0,-0.018195458844552204,-0.044164066822313,-0.0920825438400461,0.18113654052683098,0.17395978642184715,2.27,252.767,2.87,1.0,0.0
2018-12-07,788.5999755859375,788.5999755859375,788.5999755859375,788.5999755859375,0,32.40731723413849,-11.953711182618235,-5.437019533246525,-6.51669164937171,10.693971119173053,0.02613986439387393,822.8359324272992,828.9479504677468,-1,0.0,0.00101547068464658,-0.03723599183137816,-0.09884584894666748,0.175705858361532,0.17173372624788774,2.27,252.767,2.85,1.0,0.0
2018-12-10,780.2999877929688,780.2999877929688,780.2999877929688,780.2999877929688,0,30.0786010454364,-13.758197821266208,-7.101255190850463,-6.656942630415745,11.213932554788595,0.0028008825955564477,818.7848900811725,827.0401872255986,-1,0.0,-0.010524965825419619,-0.022180466424851164,-0.09968850028517584,0.1760505329992564,0.17277456724499282,2.27,252.767,2.85,1.0,0.0
2018-12-11,783.7000122070312,783.7000122070312,783.7000122070312,783.7000122070312,0,32.2270216970839,-14.743953806307218,-8.629794913941815,-6.114158892365403,11.727265377828333,0.0934032228216213,815.4434731407781,825.3405725189882,-1,0.0,0.004357329831157886,-0.031153432372913126,-0.08059597634837645,0.17379357137505475,0.17267585373570873,2.27,252.767,2.89,2.0,0.0
2018-12-12,805.2999877929688,805.2999877929688,805.2999877929688,805.2999877929688,0,43.99925638554758,-13.625172507887783,-9.62887043273101,-3.9963020751567733,11.69911608071411,0.3353176390919216,814.4774269171772,824.5546672356149,-1,0.0,0.027561535344510668,0.003614111778004858,-0.04324584042551882,0.20317126633382424,0.1815399883416161,2.27,252.767,2.91,1.0,0.0
2018-12-13,795.7000122070312,795.7000122070312,795.7000122070312,795.7000122070312,0,40.621991655631476,-13.359171850649432,-10.374930716314694,-2.984241134334738,11.882787535545152,0.2600847186140774,812.6891017066871,823.4231121364548,-1,0.0,-0.011920993085132836,0.01002795701507253,-0.049456414510020585,0.2058587012404862,0.17958961289636102,2.27,252.767,2.91,1.0,0.0
2018-12-14,783.5,783.5,783.5,783.5,0,36.76033185536937,-13.971745849662966,-11.094293742984348,-2.877452106678618,12.416944593699206,0.1727553859890871,809.9091872584312,821.8574998958096,-1,0.0,-0.015332426818986833,-0.006467126228539621,-0.05693306269613918,0.21027299140991795,0.18122135850551369,2.27,252.767,2.89,2.0,0.0
2018-12-17,794.0999755859375,794.0999755859375,794.0999755859375,794.0999755859375,0,41.92597072021331,-13.446878470528532,-11.564810688493186,-1.882067782035346,12.326023227700308,0.29898892511565117,808.4035480515271,820.7689695307166,-1,0.0,0.013529005214980794,0.017685490207427934,-0.05722428221010312,0.20995069922241957,0.18066970120525988,2.27,252.767,2.86,2.0,0.0
2018-12-18,793.0,793.0,789.5,793.0,4,41.54671337822612,-12.970164149338075,-11.845881380662163,-1.1242827686759114,12.09875188150419,0.30913544691145656,806.9365434751911,819.6799903334336,-1,10.0,-0.0013851852660313746,0.011866769998865268,-0.05998100646078419,0.2093768923614064,0.180404862961614,2.27,252.767,2.82,2.0,0.0
2018-12-19,794.5999755859375,796.0,793.4000244140625,794.5999755859375,2,42.36341627222583,-12.32122850452049,-11.940950805433829,-0.38027769908666187,11.197877084071946,0.344297091397963,805.7616322476431,818.6964603433357,-1,4.0,0.0020176236897067046,-0.013286989158358353,-0.07118646921573646,0.20052666413107537,0.18049135537574898,2.27,252.767,2.77,2.0,0.0
2018-12-20,794.5999755859375,794.5999755859375,794.5999755859375,794.5999755859375,0,42.36341627222583,-11.672390281321327,-11.887238700611329,0.21484841929000176,10.532610900074662,0.3635649013639586,804.6986173274806,817.7515001567712,-1,0.0,0.0,-0.001382476566818891,-0.05953372869530693,0.19815981418740086,0.17989314538876958,2.27,252.767,2.79,1.0,0.0
2018-12-21,794.5999755859375,794.5999755859375,794.5999755859375,794.5999755859375,0,42.36341627222583,-11.03102255338672,-11.715995471166408,0.6849729177796888,9.476081231041789,0.382980371421799,803.7368419235241,816.8435972324247,-1,0.0,0.0,0.014167167308152484,-0.06308218552068434,0.19687702231514964,0.179719519278578,2.27,252.767,2.79,1.0,0.0
2018-12-24,788.7999877929688,788.7999877929688,788.7999877929688,788.7999877929688,0,39.84298531786912,-10.865493900416709,-11.545895157016469,0.6804012565997599,8.48067556709739,0.3232313568689845,802.3142843872807,815.7438478426421,-1,0.0,-0.007299254934776234,-0.006674207223162365,-0.06418321871410682,0.19715018037002977,0.17687542752966542,2.27,252.767,2.74,1.0,0.0
2018-12-26,799.5,799.5,799.5,799.5,0,46.202026311196036,-9.758420689689387,-11.188400263551053,1.4299795738616652,6.762492608295689,0.5186118339835325,802.0462573027778,815.1068342017543,-1,0.0,0.01356492440747803,0.008196721311475308,-0.054629314816329044,0.20483014540280586,0.17781286004107813,2.27,252.767,2.81,1.0,0.0
2018-12-27,795.2000122070312,795.5,795.2000122070312,795.5,9476,44.316089319063835,-9.098936884251316,-10.770507587691107,1.6715707034397909,5.475518017497796,0.4745522220679697,801.4228042263228,814.337938742862,-1,19.978916297701875,-0.00500312695434646,0.0011326761159271559,-0.04524725354620329,0.20004798989729095,0.1774793124704947,2.27,252.767,2.77,1.0,0.0
2018-12-28,796.7000122070312,800.2999877929688,787.7999877929688,789.5999755859375,4129,41.61759425137208,-8.949212922887455,-10.406248654730376,1.4570357318429217,4.509784277116705,0.3527083951196974,800.2968205462861,813.3678225406296,-1,6.065369078222549,-0.007416749734836636,-0.006292474394191894,-0.04198014572754283,0.19847389555117181,0.17723812985975484,2.27,252.767,2.72,1.0,0.0
2018-12-31,790.2000122070312,796.0999755859375,788.5,795.9000244140625,57,45.43812974035449,-8.227354494812971,-9.970469822746896,1.7431153279339249,3.5524678775693457,0.5773151938968145,799.8780780575029,812.6828108493917,-1,0.08339429407461595,0.007978785490019735,0.0016361047924351446,-0.028323711223747883,0.2009746169680125,0.17802345786284784,2.27,252.767,2.69,1.0,0.0
2019-01-02,791.9000244140625,800.2000122070312,787.2999877929688,799.0999755859375,229,47.32369544570287,-7.31277011158727,-9.438929880514971,2.1261597689277014,3.5710536829087767,0.6878556781032309,799.803973060211,812.1501506429818,-1,0.32956753256098437,0.004020544130816983,0.01305779405725871,0.0013784155212248628,0.17921287135197136,0.17625694504320993,2.4,252.561,2.66,1.0,0.0
2019-01-03,795.7000122070312,796.7999877929688,791.9000244140625,794.5,95,44.920474944882464,-6.879828603247688,-8.927109625061515,2.047281021813827,3.120979105797927,0.5583815852918935,799.2988327687623,811.4579878726688,-1,0.13579188107489995,-0.00575644565946154,-0.0062539086929330745,-0.017801982914382175,0.17293183537583504,0.17658888509173698,2.4,252.561,2.56,1.0,0.0
2019-01-04,796.5999755859375,822.9000244140625,796.5999755859375,822.0,87,58.49152842464246,-4.268494616904832,-7.995386623430179,3.7268920065253477,4.358358049583151,1.3080763740420762,801.4608486955468,811.8714001129563,-1,0.1235883230343064,0.03461296412838255,0.033312382149591535,0.024426688670965646,0.21030156861529936,0.189437493385487,2.4,252.561,2.67,1.0,0.0
2019-01-07,824.2000122070312,825.4000244140625,818.4000244140625,818.4000244140625,93,56.527994111259325,-2.4611114023588243,-6.8885315792159085,4.427420176857084,5.034163418882877,1.0701624783476111,803.0741035258817,812.1274245953526,-1,0.13124470787468248,-0.0043795323429897115,0.03647422710056869,0.03884239286017266,0.19857778799867526,0.18742896561424668,2.4,252.561,2.7,1.0,0.0
2019-01-08,822.0,822.0,816.5,816.5,6,55.469606089214686,-1.1685924678407673,-5.744543756940881,4.5759512891001135,5.4473122377553995,0.9500967639429103,804.3527603329405,812.2988981406329,-1,0.008463817181548879,-0.002321632890251668,0.025882617105211336,0.03537918498327697,0.19912937698848163,0.18745110975856194,2.4,252.561,2.73,1.0,0.0
2019-01-09,821.7000122070312,823.7999877929688,820.0,820.0,15,57.064357000320705,0.13658438932111494,-4.568318127688482,4.704902517009597,5.63140554019058,0.9679739323964002,805.8429736345653,812.600902135118,-1,0.02113718030014796,0.004286589099816274,0.02615445507771108,0.05087788392682202,0.19385247116896012,0.18170933134265663,2.4,252.561,2.74,1.0,0.0
2019-01-10,822.5,822.5,821.2000122070312,821.2999877929688,2,57.67072058363505,1.2613050627267057,-3.402393489605444,4.66369855233215,5.832413612752259,0.9383669936071055,807.3150702210798,812.9420427491514,-1,0.0028178936245156746,0.0015853509670351595,0.033731891495240696,0.047977510527337675,0.19374772663182968,0.18109537497668152,2.4,252.561,2.74,2.0,0.0
2019-01-11,813.0,813.0,813.0,813.0,0,52.56631113862222,1.4660153383179022,-2.428711724020775,3.8947270623386774,5.961975188085758,0.7468183728950902,807.8564921047865,812.944315582518,-1,0.0,-0.01010591491091195,-0.010948905109489093,0.009561669345276025,0.174638138521504,0.18146114673290362,2.4,252.561,2.71,2.0,0.0
2019-01-14,801.0,804.0999755859375,798.7999877929688,798.7999877929688,73,45.195996335932925,0.4769296478261822,-1.8475834496513839,2.324513097477566,5.934607066672596,0.44606558614623315,806.9939678846134,812.3896360613593,-1,0.1023268853378189,-0.01746618967654523,-0.02394921314320153,0.003895909938896658,0.18099432368046553,0.18475703177307623,2.4,252.561,2.71,2.0,0.0
2019-01-15,795.5999755859375,797.5999755859375,795.5999755859375,795.5999755859375,7,43.70871152870265,-0.5587017632091147,-1.58980711236293,1.0311053491538154,5.61416875953704,0.3585193734539264,805.90882576093,811.7312180034996,-1,0.009807355516637478,-0.00400602435645081,-0.025597090525489863,0.015443491494495865,0.17222220498035157,0.1843810217691518,2.4,252.561,2.72,2.0,0.0
2019-01-16,803.2000122070312,803.4000244140625,803.2000122070312,803.4000244140625,1,48.1846393252189,-0.7415008053582142,-1.4201458509619869,0.6786450456037727,5.539361613513457,0.5217105684839286,805.6698922993236,811.4045045294041,-1,0.0014009526478005044,0.009803983242182124,-0.02024387266577743,0.011711433212503009,0.1690964656125345,0.18442062839427306,2.4,252.561,2.73,2.0,0.0
2019-01-17,807.7999877929688,807.7999877929688,807.7999877929688,807.7999877929688,0,50.572174670908105,-0.5252750468404201,-1.2411716901376737,0.7158966432972536,5.4539144809068345,0.6055826751430016,805.8727585368136,811.2631509318969,-1,0.0,0.005476678174257232,-0.016437355656460872,0.01866328851572341,0.16978495212224456,0.18442618083293133,2.4,252.561,2.75,2.0,0.0
2019-01-18,797.7999877929688,797.7999877929688,797.7999877929688,797.7999877929688,26,45.44675125165956,-1.147602158578934,-1.2224577838259258,0.07485562524699185,5.401259937050912,0.3724365114062052,805.1039232278761,810.7351837499782,-1,0.03637381085618355,-0.012379301994447256,-0.018696201976668214,0.004027198974769108,0.17620180839682076,0.18325390457332366,2.4,252.561,2.79,2.0,0.0
2019-01-22,786.5,787.5999755859375,786.5,786.5,7,40.457045441478265,-2.523525820393502,-1.4826713911394411,-1.0408544292540607,5.633154987473586,0.1367479552337157,803.3321210156973,809.784784387234,-1,0.009788156330839685,-0.014163935780732495,-0.015398082099316035,-0.010193777793618186,0.18354064633301667,0.18206084654801186,2.4,252.561,2.74,2.0,0.0
2019-01-23,790.0,792.2999877929688,790.0,792.2999877929688,75,43.863859542401,-3.1100934714313553,-1.808155807197824,-1.3019376642335312,5.681507342020397,0.26946833798307535,802.2814416611518,809.0991060894197,-1,0.10432605369314231,0.007374428217379103,-0.004147797755446603,-0.0028945228588419525,0.18565347502388435,0.18269469925012446,2.4,252.561,2.76,1.0,0.0
2019-01-24,789.0999755859375,799.0,789.0999755859375,799.0,27,47.59405677179704,-2.9997384524934887,-2.046472336256957,-0.9532661162365317,5.46987350178373,0.40157232161798934,801.9689234077088,808.703062713364,-1,0.03748698368622006,0.008456408317883302,-0.005476754145323226,0.012931050158317747,0.18598917354402097,0.18365465079721477,2.4,252.561,2.72,1.0,0.0
2019-01-25,800.7999877929688,815.0999755859375,800.7999877929688,813.5,23,54.621767999673985,-1.7223977572858757,-1.9816574204627408,0.2592596631768651,5.553946175219465,0.7121818056386608,803.0671211784031,808.8911779010753,-1,0.0318824507901303,0.01814768460575711,0.007056217248287533,0.01751094434021261,0.19074558811709816,0.18754847079213421,2.4,252.561,2.76,1.0,0.0
2019-01-28,809.7000122070312,809.7000122070312,809.7000122070312,809.7000122070312,10,52.62988126814694,-1.005136720225778,-1.7863532804153484,0.7812165601895704,5.492488399273208,0.6123307081682728,803.6988250858915,808.9228968934657,-1,0.04030632809351068,-0.00467115893419634,0.014916049882355509,0.01785042389318825,0.19061274572886744,0.18762686976592133,2.4,252.561,2.75,1.0,0.0
2019-01-29,810.9000244140625,812.2999877929688,809.9000244140625,809.9000244140625,5,52.72759723792615,-0.4157701280054198,-1.5122366499333628,1.096466521927943,5.2291170180403,0.5984967672444166,804.2894154980983,808.9612156197636,-1,0.11933174224343676,0.0002470201358724111,0.029752097157104362,0.025709282492138996,0.18809379952696878,0.18748552408718147,2.4,252.561,2.72,2.0,0.0
2019-01-30,812.0,812.0,812.0,812.0,4,53.80504942495365,0.2182418656665277,-1.1661409468133848,1.3843828124799125,5.139743316374866,0.6313477276653191,805.0237568792318,809.0803836346748,-1,0.10191082802547771,0.0025928824825716124,0.024864334861228077,0.020228640648415785,0.18652586934030266,0.18714922699456593,2.4,252.561,2.7,1.0,0.0
2019-01-31,820.5,820.5,820.5,820.5,0,57.979863614405936,1.390550500416225,-0.6548026573674628,2.045353157783688,5.2696875986702905,0.8025189705405243,806.4976847954954,809.5282117274327,-1,0.0,0.010467980295566504,0.026908635794743452,0.026780159013734206,0.1892602850111644,0.1824949438301094,2.4,252.561,2.63,1.0,0.0
2019-02-01,822.5999755859375,823.0,822.5999755859375,822.5999755859375,1,58.966509056174594,2.4606986171135077,-0.031702402471268695,2.4924010195847766,5.2750419500376395,0.8179717683376211,808.031236299347,810.0408299179624,-1,0.04329004329004329,0.002559385235755718,0.011186202318300476,0.03536812534416289,0.18741962038045978,0.179387620720338,2.4,253.319,2.7,1.0,0.0
2019-02-04,818.7000122070312,818.7000122070312,818.7000122070312,818.7000122070312,0,56.32160661379101,2.9599834120249398,0.566634760427973,2.3933486515969666,5.188181246158339,0.7343601392529197,809.047310195317,810.3804056940043,-1,0.0,-0.004741020538115537,0.011115227694598051,-0.0040145836897430565,0.14442683523774294,0.1789762164819516,2.4,253.319,2.73,2.0,1.0
2019-02-05,815.7999877929688,815.7999877929688,815.7999877929688,815.7999877929688,0,54.36871075954102,3.086087974300767,1.070525403202532,2.0155625710982354,5.137894733659571,0.6700278747446369,809.6904223474743,810.5929383253363,-1,0.0,-0.0035422308181536355,0.007284804545072854,-0.0031769752486936476,0.14413405806918653,0.1788558616260218,2.4,253.319,2.71,2.0,1.0
2019-02-06,809.7999877929688,809.7999877929688,809.7999877929688,809.7999877929688,19,50.469578173348275,2.6710862726729374,1.390637577096613,1.2804486955763243,5.066373894589931,0.5341823294154433,809.7008571518071,810.5618422260278,-1,1.2881355932203389,-0.007354743919808282,-0.0027093746392010676,-0.008205771227227543,0.14624435277425585,0.17820443206610687,2.4,253.319,2.7,2.0,1.0
2019-02-07,793.2999877929688,793.2999877929688,793.2999877929688,793.2999877929688,0,41.62813264845409,0.9992634435038781,1.3123627503780662,-0.3130993068741881,5.144230537278065,0.1684511312007199,808.1388695938225,809.8849067580647,-1,0.0,-0.02037540164080409,-0.033150532854395176,-0.032560990496379616,0.16150447887749247,0.18176958520429914,2.4,253.319,2.65,2.0,0.0
2019-02-08,799.2999877929688,799.2999877929688,799.2999877929688,799.2999877929688,0,45.37555487653167,0.15667560363056054,1.0812253210285652,-0.9245497173980046,4.9481660218137575,0.3328754436745408,807.2970713270745,809.4698118966885,-1,0.0,0.007563343113987209,-0.0283248097307226,-0.026786801810528837,0.16444211347710838,0.17989830971665247,2.4,253.319,2.63,2.0,1.0
2019-02-11,782.7000122070312,782.7000122070312,782.7000122070312,782.7000122070312,0,38.089742817243504,-1.8294716179816533,0.4990859332265215,-2.3285575512081746,5.485295137301959,0.007098769434253788,804.9544942680227,808.4200158304275,-1,0.0,-0.020768141923501626,-0.04397215031541535,-0.03726935767892836,0.17620097292609088,0.1829797503814917,2.4,253.319,2.65,2.0,0.0
2019-02-12,785.7000122070312,785.7000122070312,785.7000122070312,785.7000122070312,7,39.96582999345767,-3.125404949809081,-0.22581224338059894,-2.8995927064284817,5.830019450810817,0.11386164023201487,803.1207340717378,807.5290352961766,-1,0.6603773584905661,0.003832886103503075,-0.03689626873784191,-0.016399569086288923,0.16702770834470249,0.1830462910370881,2.4,253.319,2.68,2.0,0.0
2019-02-13,788.0,788.0,788.0,788.0,3,41.43119471456549,-3.921645372174339,-0.964978869139347,-2.956666503034992,6.020399021734,0.18130276189154457,801.6806641601438,806.763190774758,-1,0.28846153846153844,0.0029273103693967517,-0.02692021254826449,-0.009552508571082252,0.16708709694696408,0.182716711213074,2.4,253.319,2.71,2.0,1.0
2019-02-14,785.7000122070312,786.7999877929688,785.7000122070312,785.7000122070312,7,40.37001053446737,-4.6842641552651685,-1.7088359263645114,-2.975428228900657,6.326822025056619,0.1685356113287492,800.1586973074665,805.937183772102,-1,0.6542056074766356,-0.002918766234731862,-0.00958020383572844,-0.02203138121627546,0.16279112979599264,0.18019264780611582,2.4,253.319,2.66,2.0,1.0
2019-02-15,803.4000244140625,803.4000244140625,803.4000244140625,803.4000244140625,0,50.81144353087634,-3.816408790399123,-2.130350499171434,-1.6860582912276891,6.301019419255032,0.5215616979751423,800.4673951271423,805.8376873266888,-1,0.0,0.0225276975079991,0.005129534197060082,-0.005446847543198907,0.18165102185586895,0.18642358484200164,2.4,253.319,2.66,2.0,0.0
2019-02-19,817.2999877929688,817.2999877929688,817.2999877929688,817.2999877929688,0,57.15611312671052,-1.9841443029088168,-2.1011092599189105,0.11696495701009368,6.473364759779439,0.7695212226024815,802.0704991905543,806.2871893057586,-1,0.0,0.01730142264937551,0.04420592186829486,0.02444221646824629,0.1856737396948421,0.18759958517195252,2.4,253.319,2.65,2.0,0.0
2019-02-20,830.5,830.5,830.5,830.5,0,62.14916174915341,0.526994309821589,-1.5754885459708108,2.1024828557924,6.792710881795181,0.9571933543059199,804.7780706962158,807.236711293768,-1,0.0,0.0161507554192879,0.05701920210886291,0.05594405594405605,0.1833084310727055,0.18908613407108255,2.4,253.319,2.65,2.0,0.0
2019-02-21,822.5999755859375,822.5999755859375,822.5999755859375,822.5999755859375,0,57.80709160531648,1.8582035909264505,-0.8887501185913586,2.746953709517809,6.845926432597982,0.7823697414227967,806.4753949714274,807.8391922464021,-1,0.0,-0.00951237135949734,0.0439085984593115,0.038243074920867315,0.18742633064522332,0.1898352173101376,2.4,253.319,2.69,2.0,1.0
2019-02-22,842.2000122070312,842.2000122070312,842.2000122070312,842.2000122070312,0,64.44428031800837,4.443533400985643,0.17770658532404185,4.265826815661601,7.735245998236865,1.027875681638638,809.8777394700563,809.1866753821131,1,0.0,0.02382693557355453,0.07191039725364323,0.054067599758487184,0.20158783913841255,0.19573057599447435,2.4,253.319,2.65,2.0,1.0
2019-02-25,850.0,850.0,850.0,850.0,1,66.68992982681516,7.040659390630822,1.550297146385398,5.490362244245423,8.877697688577504,1.0418991011114311,813.6989071395748,810.7871979161479,1,0.3508771929824561,0.0092614434575089,0.05800345303689025,0.04486785494775658,0.19502824030783833,0.1965316643471384,2.4,253.319,2.67,2.0,1.0
2019-02-26,857.0,857.0,857.0,857.0,36,68.6062351338775,9.553613833906866,3.150960483889692,6.402653350017173,10.128604811929936,1.029855138502779,817.8228207453295,812.5994646645343,1,8.674698795180722,0.008235294117647118,0.04857459048083057,0.058416681585617525,0.19436395249072655,0.19470558791863232,2.4,253.319,2.64,2.0,1.0
2019-02-27,861.7999877929688,873.5,861.7999877929688,867.7999877929688,5,71.34525746673889,12.275117180825418,4.975791823276837,7.2993253575485815,11.63211792466082,1.042989428598511,822.5825509403428,814.7641910617277,1,1.2048192771084336,0.012602086106147992,0.04491268849243668,0.07149026007351345,0.19705911358428843,0.19479131419059986,2.4,253.319,2.69,2.0,1.0
2019-02-28,869.7999877929688,873.0,868.5,873.0,4,72.58547722047834,14.682277561099454,6.917088970841361,7.765188590258093,13.048312189034213,1.0023658317355317,827.3842127555482,817.0479482749934,1,0.9638554216867469,0.00599217824403997,0.06126917810587407,0.07512315270935965,0.19722870932692582,0.19450342281709804,2.4,253.319,2.73,1.0,1.0
2019-03-01,861.5999755859375,861.5999755859375,861.5999755859375,861.5999755859375,0,65.85596827314134,15.491506366618637,8.631972449996816,6.859533916621821,13.76997533080226,0.8558805328326909,830.6428568346329,818.7950866009128,1,0.0,-0.013058447209693624,0.023034864756256157,0.050091377923141334,0.20407759956127008,0.18849679884988915,2.41,254.277,2.76,2.0,1.0
2019-03-04,836.7999877929688,836.7999877929688,836.7999877929688,836.7999877929688,0,54.10438300287822,13.97062955137119,9.69970387027169,4.270925681099499,13.85542384767151,0.6294117960583832,831.2292502592363,819.501161157464,1,0.0,-0.028783644957862675,-0.015529426125919121,0.017262354277261638,0.23294717252914884,0.19678649912042137,2.41,254.277,2.72,2.0,0.0
2019-03-05,840.2000122070312,840.2000122070312,835.9000244140625,835.9000244140625,2,53.729691608691176,12.54805799294411,10.269374694806174,2.278683298137935,13.91137789821332,0.6133829639960748,831.6740858930293,820.1442538341934,1,0.47619047619047616,-0.0010754820650510366,-0.02462074164053385,0.021008931172071144,0.23213743927657812,0.19599645004376126,2.41,254.277,2.72,2.0,0.0
2019-03-06,828.2999877929688,828.4000244140625,826.2000122070312,826.2000122070312,2,49.73199972182424,10.516719667200277,10.318843689284996,0.197875977915281,13.88333884945279,0.5241426654266086,831.1527455419819,820.3817345546968,1,0.46511627906976744,-0.01160427314717527,-0.04793728528590624,0.012748252720863995,0.2360253931824286,0.193685597433754,2.41,254.277,2.69,2.0,0.0
2019-03-07,825.0,825.0,815.2999877929688,815.2999877929688,4,45.62401911478284,7.935849006681451,9.842244752764287,-1.9063957460828362,13.827081737399864,0.426116541891781,829.6429590896948,820.1824503679624,1,1.1267605633802817,-0.01319296084848176,-0.06609394296338056,0.006791800546934734,0.23958424419249613,0.19581975104265142,2.41,254.277,2.64,2.0,0.0
2019-03-08,814.0,817.9000244140625,814.0,816.0,4,45.93289811250517,5.879203747785368,9.049636551768504,-3.170432803983136,13.423194225261643,0.42006952059898517,828.3436296525811,820.0184327064736,1,1.0666666666666667,0.0008585946492236651,-0.05292476425028547,0.028614663502245508,0.2264780116533803,0.19443973400900066,2.41,254.277,2.62,2.0,0.0
2019-03-11,815.2000122070312,815.2000122070312,815.2000122070312,815.2000122070312,0,45.614007354055204,4.137055829293331,8.06712040727347,-3.930064577980138,13.157462413866611,0.403851504353761,827.0918565625287,819.8294750398288,1,0.0,-0.000980377197265625,-0.025812590703910843,0.019892436703228045,0.22543868964603062,0.19432471652122346,2.41,254.277,2.64,2.0,0.0
2019-03-12,831.0,831.0,831.0,831.0,0,52.61159366483791,3.9853770751641378,7.2507717408516035,-3.2653946656874657,12.229745737411868,0.5290314017475725,827.4640606994308,820.2675348421885,1,0.0,0.01938173154609335,-0.005861974244464552,0.06170945067034572,0.21851262340531674,0.1903128382962195,2.41,254.277,2.61,2.0,0.0
2019-03-13,840.7999877929688,840.7999877929688,840.7999877929688,840.7999877929688,0,56.362009425871136,4.602888449856209,6.721195082652525,-2.1183066327963154,11.30935614492568,0.6062686969773571,828.7341489940534,821.0727290755525,1,0.0,0.011793005767712028,0.017671236226366682,0.07012851562921796,0.22069899578316307,0.18985692063868517,2.41,254.277,2.61,2.0,0.0
2019-03-14,825.5999755859375,825.5999755859375,825.5999755859375,825.5999755859375,0,49.78124759393752,3.821702502403241,6.141296566602668,-2.3195940641994275,10.279731753204896,0.41711307194437663,828.4356562885185,821.2502681543912,1,0.0,-0.01807803571326161,0.01263337170021428,0.047715705058296365,0.23369784779338526,0.19096822443900324,2.41,254.277,2.63,2.0,0.0
2019-03-15,830.2999877929688,830.2999877929688,830.2999877929688,830.2999877929688,0,51.66069359446988,3.5410398136218646,5.621245216006508,-2.0802054023846432,8.870639997759202,0.43755320139935855,828.6132116698948,821.6051591206099,1,0.0,0.005692844411357534,0.0175244948443245,0.056764636493584986,0.23312671289522074,0.18944319704899842,2.41,254.277,2.59,2.0,0.0
2019-03-18,832.5999755859375,832.5999755859375,832.5999755859375,832.5999755859375,0,52.59565421417566,3.464268473262223,5.189849867457651,-1.7255813941954283,8.16226664833123,0.44455644822661056,828.9929034714227,822.03632839376,1,0.0,0.002770068441265927,0.021344410105930356,0.03634546960982621,0.22145753464997572,0.1894350034489789,2.41,254.277,2.6,2.0,0.0
2019-03-19,851.2000122070312,851.2000122070312,851.2000122070312,851.2000122070312,0,59.42964870138741,4.848404749326733,5.1215608438314675,-0.2731560945047349,8.003136799032593,0.6956089246519834,831.1078662081472,823.1800022687902,1,0.0,0.02233970353891035,0.024308077264778793,0.041478067931465246,0.2266384809455264,0.1943841454363529,2.41,254.277,2.61,1.0,0.0
2019-03-20,855.2000122070312,858.5999755859375,855.2000122070312,858.2000122070312,40,61.66925973068397,6.435994085282459,5.384447492121666,1.0515465931607935,8.206511288456573,0.7719524040039556,833.6880705889934,824.5533359918585,1,8.16326530612245,0.008223684092590666,0.020694605930877907,0.033353416263734115,0.22188180164670715,0.1949017341134177,2.41,254.277,2.54,1.0,0.0
2019-03-21,859.7000122070312,859.7000122070312,859.7000122070312,859.7000122070312,0,62.151419891459014,7.726145341825713,5.852787062062475,1.873358279763238,8.22711580337064,0.7655443199106895,836.1653983621399,825.9316370199045,1,0.0,0.0017478443004708133,0.04130334015198178,0.04510094544394727,0.2179075389978249,0.19488548026303845,2.41,254.277,2.54,1.0,1.0
2019-03-22,847.2000122070312,847.2000122070312,847.2000122070312,847.2000122070312,0,55.84697036665486,7.651749370834523,6.212579523816885,1.439169847017638,8.24699340102936,0.581119186390758,837.2163139664152,826.7656909488115,1,0.0,-0.01453995559207899,0.020354118586686676,0.005936832020338345,0.21033789878478049,0.19683914823505677,2.41,254.277,2.44,2.0,1.0
2019-03-25,856.5,856.5,856.5,856.5,0,59.16574528678795,8.248141874245334,6.619691993902575,1.6284498803427594,8.345678952356012,0.707865307697112,839.0528554934233,827.9317422841523,1,0.0,0.010977322543635815,0.02870529079374884,0.00764705882352934,0.21137751361259177,0.1962265820957659,2.41,254.277,2.43,1.0,1.0
2019-03-26,858.9000244140625,858.9000244140625,858.9000244140625,858.9000244140625,0,60.001311756651,8.812859978332881,7.058325590788637,1.7545343875442443,8.385765299098352,0.7394939869004149,840.9430620572937,829.1461847206193,1,0.0,0.002802130080633347,0.009046066842816725,0.00221706466051641,0.20958859801489743,0.19583131336536969,2.41,254.277,2.41,1.0,1.0
2019-03-27,855.5999755859375,855.5999755859375,855.5999755859375,855.5999755859375,14238,58.23672622763362,8.891619726262434,7.424984417883397,1.466635308379037,8.056313071807148,0.7097830375636753,842.3389585838312,830.1835882839652,1,19.921645445641527,-0.003842180386915528,-0.003029639459462663,-0.014058553098230564,0.20472941439655185,0.19528524936499383,2.41,254.277,2.39,1.0,1.0
2019-03-28,853.4000244140625,864.4000244140625,833.4000244140625,838.2000122070312,6986,49.90329522419629,7.463965815054962,7.43278069731771,0.031185117737251744,7.297636143781837,0.47649916458847136,841.9447732146122,830.4979578495756,1,6.567023876668547,-0.02033656366924308,-0.025008723618375917,-0.03986252897247278,0.21465157541843272,0.19984369240642125,2.41,254.277,2.39,1.0,1.0
2019-03-29,840.9000244140625,855.0,840.9000244140625,848.9000244140625,62,54.239759850753785,7.113936336293136,7.369011825112796,-0.25507548881966,6.981291947235543,0.6689337566852781,842.6071780907503,831.2196075187712,1,0.05811228793701377,0.012765464150802819,0.002006624389207179,-0.01473996231631547,0.2164923164718605,0.20121302993389603,2.41,254.277,2.41,1.0,1.0
2019-04-01,849.9000244140625,856.2000122070312,847.7999877929688,850.0999755859375,38,54.71319695967561,6.854348817227219,7.266079223535681,-0.4117304063084619,7.064171154441179,0.675838265250957,843.3207778521967,831.9600141096405,1,0.035553892215568865,0.001413536502962387,-0.007472299374270297,0.015893867097258152,0.18858250388186446,0.20071703962596388,2.42,255.233,2.49,1.0,1.0
2019-04-02,850.0999755859375,851.7999877929688,848.2000122070312,848.2000122070312,34,53.76469651498484,6.421292014886944,7.097121781805934,-0.6758297669189899,7.099799334868083,0.6326718759456568,843.7854668383713,832.5968767801264,1,0.03176382660687593,-0.002234988158418272,-0.012457808712173168,0.014714663756099977,0.18877976474125618,0.1887296399580533,2.42,255.233,2.48,1.0,1.0
2019-04-03,849.7000122070312,870.0,848.9000244140625,869.4000244140625,52,61.735727113370515,7.699994445353468,7.217696314515441,0.48229813083802675,7.511068690489584,0.9259870712773226,846.2249485122467,834.0401374716533,1,0.04846677229937552,0.0249941191958587,0.01612908978716887,0.0522875957017126,0.20083044178750092,0.1948064834962742,2.42,255.233,2.52,0.0,1.0
2019-04-04,867.9000244140625,900.0,867.7000122070312,900.0,26,69.82277062627949,11.055101302912249,7.9851773121948035,3.069923990717445,8.977439494301262,1.2014849162229915,851.3463819872708,836.6267987472748,1,0.024208566108007448,0.03519665830071794,0.07372940454897581,0.1038881558631144,0.22160311370855068,0.20645220417246923,2.42,255.233,2.51,0.0,0.0
2019-04-05,901.0,901.0,901.0,901.0,8,70.0455735708766,13.637534296123135,9.115648708980471,4.521885587142664,9.899540729403574,1.0943861655430562,856.075297988483,839.1512380120877,1,0.007447402718301992,0.0011111111111110628,0.06137351170639738,0.10416666666666674,0.22154325708333242,0.20638028084469212,2.42,255.233,2.5,0.0,0.0
2019-04-08,905.5,907.5999755859376,904.0,907.5999755859376,4,71.539114023954,16.03188829143585,10.498896625471547,5.5329916659643015,10.650193519456879,1.0712387173316194,860.9824101406216,841.83550223067,1,0.003723008190618019,0.007325167132006261,0.06763910322473277,0.11334637143680526,0.2205483544406457,0.20671394408528734,2.42,255.233,2.52,0.0,0.0
2019-04-09,901.2000122070312,901.2000122070312,892.0,893.9000244140625,77,64.36501702852462,16.632233484406584,11.725563997258554,4.906669487148029,10.94845530595158,0.8744663954143296,864.1174210238064,843.8772481986463,1,0.07141201020171574,-0.015094702005727267,0.05387881578558229,0.07569196680392598,0.22569233019918855,0.2082021425615278,2.42,255.233,2.51,0.0,0.0
2019-04-10,900.0,903.2000122070312,900.0,903.2000122070312,11,66.79902798066584,17.654927650595937,12.91143672792603,4.743490922669906,11.609927703314279,0.9136180632180744,867.839572565066,846.2036311009359,1,0.010196514645902856,0.010403834365106723,0.0388773715709847,0.07421506341580408,0.22509217860221434,0.20505142951095173,2.42,255.233,2.48,0.0,0.0
2019-04-11,890.7000122070312,893.0,890.2999877929688,890.2999877929688,8,60.61438657137669,17.225926230384857,13.774334628417797,3.45159160196706,11.233866020800232,0.7598308224410245,869.9786597296281,847.9328999908196,1,0.007412898443291327,-0.01428257776762032,-0.01077779134114587,0.07836726516508552,0.22050114823069455,0.2074485145314977,2.42,255.233,2.51,0.0,0.0
2019-04-12,893.2000122070312,893.2000122070312,893.2000122070312,893.2000122070312,1,61.477863138146915,16.92484813384408,14.404437329503056,2.520410804341024,10.898691625656907,0.7642623846293202,872.1902171084284,849.7080808620436,1,0.000926569376882094,0.003257356457177618,-0.00865703417643593,0.07575578145106077,0.2203913611395015,0.2068203059464598,2.42,255.233,2.56,0.0,0.0
2019-04-15,890.2000122070312,890.2000122070312,890.2000122070312,890.2000122070312,2,60.01212551689145,16.256768734744128,14.774903610551272,1.481865124192856,10.392070311765272,0.7112729776894815,873.9054356892477,851.2959997383176,1,0.0018529670635104463,-0.0033587102093597387,-0.01917140132983486,0.0691809251862614,0.22178779071119525,0.20693760704207737,2.42,255.233,2.55,0.0,0.0
2019-04-16,882.2999877929688,888.2999877929688,880.2000122070312,880.2000122070312,22,55.280876362727255,14.75036158462592,14.769995205366202,-0.019633620740281188,10.194048937785242,0.5862887410950808,874.5049191671319,852.4294904233652,1,0.020361886251099078,-0.011233430535692146,-0.015326112353572618,0.03406954838359022,0.21594291132242005,0.2066141273290709,2.42,255.233,2.6,0.0,0.0
2019-04-17,886.7999877929688,886.7999877929688,886.7999877929688,886.7999877929688,6,57.65377156710535,13.928526552675066,14.601701474827976,-0.67317492215291,10.155564730629568,0.6447239403302498,875.6758780838783,853.7773530653105,1,0.005561993047508691,0.007498268000915687,-0.01815768843269605,0.03332553621432255,0.21566984368783154,0.2042566664946326,2.42,255.233,2.59,0.0,0.0
2019-04-18,894.2000122070312,899.7999877929688,894.2000122070312,899.7999877929688,15,61.937911040355644,14.162946096842575,14.513950399230897,-0.35100430238832203,10.328177397741293,0.7635105433134777,877.9734123418868,855.5821622703168,1,0.013895321908290875,0.014659449908602129,0.010670560631535375,0.04664414914103854,0.22049138940856688,0.20559177695835132,2.42,255.233,2.57,0.0,0.0
2019-04-22,907.9000244140624,907.9000244140624,897.5,897.5,9,60.7665776990341,14.001732228055175,14.411506764995753,-0.40977453694057786,10.04913864623415,0.7155094653296358,879.8330873569453,857.2259990440299,1,0.008333719153664522,-0.002556110051312843,0.004814137633455395,0.05937203383877776,0.2122034163654504,0.205385983026263,2.42,255.233,2.59,0.0,0.0
2019-04-23,889.0999755859375,889.0999755859375,889.0999755859375,889.0999755859375,2,56.559602059096854,13.045773748218949,14.138360161640392,-1.0925864134214436,9.81025725378232,0.6041801588568084,880.7156481406588,858.4759589084184,1,0.0018517661219387993,-0.009359358678621144,-0.001235718496977456,0.03806185123868944,0.2142495333433573,0.20391036007969396,2.42,255.233,2.57,0.0,0.0
2019-04-24,883.9000244140625,883.9000244140625,883.9000244140625,883.9000244140625,0,54.06432153367294,11.733322723260585,13.657352673964432,-1.9240299507038472,9.547981594352636,0.5302433011266132,881.0189220714592,859.4729810851104,1,0.0,-0.005848556196898058,0.004203603903337516,0.029106996494795645,0.2159509897863399,0.2040775206940118,2.42,255.233,2.53,0.0,0.0
2019-04-25,885.2999877929688,885.2999877929688,885.2999877929688,885.2999877929688,1,54.64447820769548,10.683014039080604,13.062484946987666,-2.379470907907063,9.151835185897566,0.5304468471769545,881.4266426163649,860.4858048775754,1,0.002715915263443781,0.0015838481052585784,-0.0016914749894541004,0.03471249772616214,0.2150470050636314,0.20406193134445466,2.42,255.233,2.54,0.0,0.0
2019-04-26,897.9000244140625,898.2000122070312,897.9000244140625,898.2000122070312,6,59.6957893234116,10.767440646738578,12.60347608693785,-1.8360354401992716,7.965201812652349,0.6751728282327453,883.0241063869046,861.9647934002992,1,0.3125,0.014571359530030081,-0.0017781458186745258,0.07158196030326502,0.20254446735000065,0.20578121505646266,2.42,255.233,2.51,0.0,0.0
2019-04-29,897.7000122070312,897.7000122070312,894.2999877929688,897.7000122070312,11,59.41956141958942,10.670994933117413,12.216979856173763,-1.5459849230563503,7.034209944061352,0.6507600143721688,884.4218117031071,863.366174529975,1,0.6606606606606608,-0.0005566688857767677,0.00022285482677575352,0.05748614252503059,0.1999805938797135,0.20501968232235648,2.42,255.233,2.54,0.0,0.0
2019-04-30,888.0999755859375,888.0999755859375,888.0999755859375,888.0999755859375,0,54.230868408262374,9.708010385057833,11.715185961950578,-2.0071755768927453,5.8158369912733825,0.4598228842847221,884.7721130252814,864.3361275125618,1,0.0,-0.010694036415897612,-0.0011247329068263534,0.04470062473982339,0.20567599019852859,0.2065349049085552,2.42,255.233,2.51,0.0,0.0
2019-05-01,874.2000122070312,874.2000122070312,874.2000122070312,874.2000122070312,0,47.73165922221824,7.734073727319924,10.918963515024448,-3.184889787704524,4.267991073927602,0.04584053501217654,883.7652462806861,864.7229465201881,1,0.0,-0.01565134980409788,-0.010974105599172668,0.030653147401339398,0.21494292632244558,0.20912841732484153,2.39,255.296,2.52,0.0,0.0
2019-05-02,851.0,851.0,851.0,851.0,0,39.27194634872685,4.248691341040512,9.58490908022766,-5.336217739187148,5.44920999806358,-0.3151913446904012,880.6447466349065,864.1847917546905,1,0.0,-0.02653856312408398,-0.03874391535741206,-0.021164048651210132,0.21912025181504072,0.21667981724433255,2.39,255.296,2.55,0.0,0.0
2019-05-03,871.5999755859375,871.5999755859375,871.5999755859375,871.5999755859375,0,48.07249457556367,3.1128634060412423,8.290499945390378,-5.177636539349136,5.667156183653752,0.1519073537246849,879.783339868338,864.4755832774846,1,0.0,0.024206786822488224,-0.029614825494972852,-0.03155558268229164,0.198375495021998,0.22114003675937044,2.39,255.296,2.54,0.0,0.0
2019-05-06,877.7000122070312,877.7000122070312,877.7000122070312,877.7000122070312,0,50.3662538634679,2.674108105875007,7.167221577487304,-4.493113471612297,5.641479652857518,0.29488966231003233,879.5849277101183,864.9941883335453,1,0.0,0.006998665433638918,-0.022279157544878747,-0.02586014183459351,0.2005197723618491,0.21669794241026116,2.39,255.296,2.51,0.0,0.0
2019-05-07,870.2000122070312,870.2000122070312,870.2000122070312,870.2000122070312,0,47.58322471078347,1.7015891885838528,6.074095099706614,-4.3725059111227615,5.526593405461341,0.17521894545348804,878.6911262336339,865.1983382893683,1,0.0,-0.008545060835923657,-0.020155347225515374,-0.04120754119099812,0.1993975869598866,0.2173558433422184,2.39,255.296,2.45,0.0,0.0
2019-05-08,861.2000122070312,861.2000122070312,861.2000122070312,861.2000122070312,0,44.411881757099486,0.20230412018088373,4.899736903801468,-4.6974327836205845,5.985913022061344,0.06047592484924865,877.0253058501479,865.0415411881002,1,0.0,-0.010342449866409309,-0.014870738753686163,-0.03658128572987296,0.19590288499503586,0.21374715530884178,2.39,255.296,2.49,0.0,0.0
2019-05-09,848.5999755859375,848.5999755859375,848.5999755859375,848.5999755859375,0,40.35662667156344,-1.979786009967711,3.5238323210476326,-5.5036183310153435,6.644493626967929,-0.06565337691324953,874.3181315392708,864.396773909584,1,0.0,-0.014630790109725123,-0.0028202402045387487,-0.06045176692112175,0.19539913557802174,0.21628978464547466,2.39,255.296,2.45,0.0,0.0
2019-05-10,862.4000244140625,862.4000244140625,862.4000244140625,862.4000244140625,4,46.15562329385266,-2.5659805243935807,2.3058697519593903,-4.871850276352971,6.855083682375287,0.2026436357411697,873.1830737178224,864.3184700077989,1,1.0126582278481011,0.016262136725371024,-0.010555244871009006,-0.03133771061602453,0.20197450865896968,0.21840096605581247,2.39,255.296,2.47,0.0,0.0
2019-05-13,852.2999877929688,852.2999877929688,852.2999877929688,852.2999877929688,0,42.8703275722479,-3.801708714593474,1.0843540586488174,-4.886062773242291,7.265453583034703,0.09255599080463332,871.1942083916458,863.8471569797663,1,0.0,-0.011711544915546601,-0.028939300513614596,-0.04579044318752479,0.20422896335039803,0.21991692204116897,2.39,255.296,2.4,0.0,0.0
2019-05-14,856.5,856.5,856.5,856.5,0,44.635131289687024,-4.391503801914723,-0.010817513463890724,-4.380686288450833,7.474760304136968,0.19301733232983817,869.7947599733939,863.5590331766382,1,0.0,0.0049278567020834,-0.01574352104671295,-0.03785667461796638,0.205789037811749,0.21570014907531537,2.39,255.296,2.42,0.0,0.0
2019-05-15,845.0,845.0,845.0,845.0,0,40.9087848688108,-5.720927260050416,-1.152839462781196,-4.568087797269221,8.109407183635229,0.07918435974306329,867.4333542616421,862.8312279540249,1,0.0,-0.013426736719206023,-0.018810975356949755,-0.039990924470416744,0.20727534207997686,0.2150878253299914,2.39,255.296,2.37,0.0,0.0
2019-05-16,830.9000244140625,830.9000244140625,830.9000244140625,830.9000244140625,0,36.84702669684486,-7.822086970458827,-2.486688964316722,-5.335398006142105,9.130408609698213,-0.016938090525843136,863.9539895142535,861.5790238936343,1,0.0,-0.016686361640162684,-0.020857826633395304,-0.063035593311213,0.21040836514589054,0.2155338552514674,2.39,255.296,2.4,1.0,0.0
2019-05-17,818.4000244140625,818.4000244140625,818.4000244140625,818.4000244140625,0,33.6566316078857,-10.37630512567398,-4.064612196588174,-6.311692929085806,10.150557179249157,-0.06284564604907046,859.6155166475687,859.8857297963962,-1,0.0,-0.015043927828519155,-0.051020406718906064,-0.09046450820538932,0.20336912086817874,0.21689676272840816,2.39,255.296,2.39,1.0,0.0
2019-05-20,811.5,811.5,811.5,811.5,0,32.009074655090245,-12.809654002526486,-5.813620557775836,-6.996033444750649,11.17944949339895,-0.04051656288358481,855.0330864906574,857.9882501965375,-1,0.0,-0.008431114623930536,-0.04787045450818361,-0.09582172701949865,0.20360952912075844,0.2118626839848353,2.39,255.296,2.41,1.0,0.0
2019-05-21,812.7000122070312,812.7000122070312,812.7000122070312,812.7000122070312,0,32.626773590110076,-14.474417487789765,-7.545779943778623,-6.928637544011142,12.003364598929622,0.04298547200024712,851.001365130312,856.2122408636156,-1,0.0,0.0014787581109443337,-0.05113833951309832,-0.0859295528925832,0.2041768574182484,0.21091926845668083,2.39,255.296,2.43,2.0,0.0
2019-05-22,802.7999877929688,802.7999877929688,802.7999877929688,802.7999877929688,0,30.189952651905244,-16.40351427437099,-9.317326809897096,-7.086187464473895,13.081482520569548,0.02645416074153566,846.4107577648508,854.1176427039825,-1,0.0,-0.012181646690489378,-0.04994084284855771,-0.09175249958258003,0.20599903623528845,0.21137822940619025,2.39,255.296,2.39,1.0,0.0
2019-05-23,797.2000122070312,797.2000122070312,797.2000122070312,797.2000122070312,0,28.876169690624536,-18.174701954196053,-11.088801838756888,-7.0859001154391645,14.033529446956766,0.04629488033218281,841.7240200926775,851.8855787629255,-1,0.0,-0.00697555514584991,-0.040558444117023584,-0.09951426273659914,0.20471425503359444,0.20978905017510005,2.39,255.296,2.31,1.0,0.0
2019-05-24,800.5999755859375,800.5999755859375,800.5999755859375,800.5999755859375,0,30.843895156765555,-19.084043348856312,-12.687850140776773,-6.39619320807954,14.081196202845927,0.11468599978304944,837.8074444253689,849.8743786383378,-1,0.0,0.004264881242906027,-0.021749814634804077,-0.10866180727527908,0.19463787697759907,0.2095599805278811,2.39,255.296,2.32,1.0,0.0
2019-05-28,795.0,795.0,795.0,795.0,0,29.401084640220475,-20.02573003416228,-14.155426119453875,-5.870303914708405,13.970184935651266,0.10529819934803834,833.7305449562862,847.7224422211481,-1,0.0,-0.006994723653144019,-0.020332717190388205,-0.11440348759107088,0.19369979860645764,0.20847228650793684,2.39,255.296,2.26,2.0,0.0
2019-05-29,789.5999755859375,789.5999755859375,789.5999755859375,789.5999755859375,0,28.03902159766521,-20.96607647836811,-15.517556191236721,-5.448520287131387,14.0590515443431,0.10144450831787978,829.5276335876815,845.443129804081,-1,0.0,-0.0067924835397012995,-0.02842381724390708,-0.11091093650240569,0.1929417151877072,0.20059058924859932,2.39,255.296,2.25,2.0,0.0
2019-05-30,788.5,793.2000122070312,788.4000244140625,792.5,10,29.91677496560213,-21.232544520104284,-16.660553857010235,-4.571990663094049,14.19980963232308,0.1625551260978738,826.0011922936166,843.3669286352934,-1,14.285714285714286,0.003672776727114968,-0.012830079658178839,-0.0934568875156716,0.19205406113985002,0.20081494109150352,2.39,255.296,2.22,2.0,0.0
2019-05-31,792.5999755859375,792.5999755859375,792.5999755859375,792.5999755859375,0,29.984603437113336,-21.191374198140693,-17.56671792523633,-3.624656272904364,14.67820029020098,0.1972085246082011,822.8201240357423,841.3760677313971,-1,0.0,0.00012615215891176312,-0.005770241533688214,-0.0686251755746915,0.17413233253005683,0.19956066170403722,2.39,255.296,2.14,2.0,0.0
2019-06-03,819.2000122070312,819.2000122070312,819.2000122070312,819.2000122070312,0,45.18542231018487,-18.795680862746963,-17.812510512738456,-0.9831703500085069,13.98818339017392,0.43390152449478536,822.475351480627,840.5064184951475,-1,0.0,0.033560481252133956,0.02323262201885634,-0.06011928045739112,0.1949070062129112,0.20939492190331568,2.38,255.213,2.07,1.0,0.0
2019-06-04,817.4000244140625,817.4000244140625,817.4000244140625,817.4000244140625,0,44.48165932763751,-16.848106126333505,-17.619629635457468,0.7715235091239627,12.865764555534037,0.4393352734571902,821.991986998097,839.6002853939285,-1,0.0,-0.002197250691097219,0.028176131338443433,-0.06870227521284944,0.19130487910964358,0.209440124222349,2.38,255.213,2.12,1.0,0.0
2019-06-05,801.0999755859375,801.0999755859375,801.0999755859375,801.0999755859375,0,38.616204569865744,-16.430516069833402,-17.381806922332654,0.9512908524992518,12.0278771178077,0.30465894135315597,820.0022716255104,838.0904693230269,-1,0.0,-0.019941336360748685,0.014564336823169599,-0.0794070738356345,0.19955464785943655,0.2134773096602274,2.38,255.213,2.12,2.0,0.0
2019-06-06,802.2000122070312,802.2000122070312,802.2000122070312,802.2000122070312,0,39.198891302569926,-15.828349815681008,-17.071115501002325,1.2427656853213165,11.297443930748814,0.33513485741716637,818.30681834756,836.6830004165173,-1,0.0,0.0013731577263988992,0.012239763037263485,-0.06850905615850889,0.19903037472808413,0.20961819794071876,2.38,255.213,2.12,2.0,0.0
2019-06-07,804.5999755859375,804.5999755859375,804.5999755859375,804.5999755859375,0,40.525355108597054,-14.984737012934488,-16.65383980338876,1.6691027904542715,10.836871639194435,0.3797324350458926,817.001404751215,835.424842580024,-1,0.0,0.002991726928928129,0.015140045886487652,-0.051850107548752966,0.1957303405282776,0.20818624212843245,2.38,255.213,2.09,2.0,0.0
2019-06-10,803.7000122070312,803.7000122070312,803.7000122070312,803.7000122070312,2,40.171434257568045,-14.224812528040843,-16.16803434831918,1.9432218202783353,9.530290783664551,0.38903774919008605,815.7346054612927,834.1807315850047,-1,3.3333333333333335,-0.0011185227519437957,-0.018920898155556642,-0.06806587493653382,0.18292111053719123,0.20496763443361452,2.38,255.213,2.15,2.0,0.0
2019-06-11,812.7999877929688,812.7999877929688,812.7999877929688,812.7999877929688,0,45.367017456613105,-12.741399992815332,-15.48270747721841,2.7413074844030785,8.41537979300638,0.5364415438408792,815.4551180643095,833.3422710441405,-1,0.0,0.011322602274134841,-0.005627644340225224,-0.0463451842845678,0.18735745292451625,0.20599678721859946,2.38,255.213,2.15,2.0,0.0
2019-06-12,809.0999755859375,809.0999755859375,809.0999755859375,809.0999755859375,0,43.705114769039305,-11.729138723979531,-14.731993726570636,3.0028550025911045,6.61322014506507,0.5216161684462683,814.8498663997027,832.3915927908777,-1,0.0,-0.004552180441190767,0.009986269184627972,-0.05534153463404845,0.18547853915948886,0.2060700267970335,2.38,255.213,2.13,2.0,0.0
2019-06-13,808.0,808.0,808.0,808.0,0,43.198476069315184,-10.89013847492106,-13.963622676240721,3.073484201319662,5.117432081193635,0.5461803354951449,814.1974981711596,831.435059740255,-1,0.0,-0.001359505152797591,0.0072301018507985315,-0.043786982248520734,0.18117191130734742,0.20063167896143935,2.38,255.213,2.1,2.0,0.0
2019-06-14,803.2999877929688,803.2999877929688,803.2999877929688,803.2999877929688,0,41.0108863476706,-10.483627703998309,-13.267623681792239,2.7839959777939303,4.278168606068852,0.45889836754945856,813.1596400399034,830.3317235854595,-1,0.0,-0.005816846790880237,-0.0016156945468734918,-0.0332170367193777,0.17347002223262487,0.19998485375692868,2.38,255.213,2.09,2.0,0.0
2019-06-17,793.9000244140625,793.9000244140625,793.9000244140625,793.9000244140625,20,36.9776923528125,-10.795519446988578,-12.773202834831508,1.97768338784293,4.137068741509588,0.2115011246691177,811.3253909326804,828.9030295003067,-1,12.5,-0.011701684951760383,-0.01219358920507807,-0.029936460495026074,0.1703705116825338,0.20107823129280245,2.38,255.213,2.09,2.0,0.0
2019-06-18,796.0,801.4000244140625,796.0,801.4000244140625,2,41.88828004554107,-10.318562613753215,-12.28227479061585,1.963712176862634,4.041253974553109,0.4511574497496304,810.3801179309073,827.8244802812384,-1,1.1764705882352942,0.009447033340924005,-0.014025545706344178,-0.012446057407193512,0.1725007258980068,0.20031290315411604,2.38,255.213,2.06,2.0,0.0
2019-06-19,805.0999755859375,805.0999755859375,805.0999755859375,805.0999755859375,0,44.19825035906193,-9.53213522797762,-11.732246878088205,2.2001116501105855,3.8980462544531544,0.5797477056438556,809.8772472313864,826.9333232343639,-1,0.0,0.004616859320138111,-0.004943764825976249,-0.009351589155824569,0.17336212879337184,0.19913316462833175,2.38,255.213,2.03,2.0,0.0
2019-06-20,804.5999755859375,804.5999755859375,804.5999755859375,804.5999755859375,0,43.944035285239565,-8.84724613395997,-11.155246729262558,2.3080005953025875,3.9036252119587487,0.5607955592653864,809.3746499318198,826.0575056795237,-1,0.0,-0.0006210408833214887,-0.004207951007503041,0.002242137294891089,0.16769723383689056,0.19897552788551998,2.38,255.213,2.01,2.0,0.0
2019-06-21,811.5,811.5,811.5,811.5,0,48.358334501553784,-7.659399498676635,-10.456077283145374,2.7966777844687396,3.9586752440092727,0.7543675524627778,809.5770642240275,825.4866231038561,-1,0.0,0.008575720387062669,0.010207907794895332,0.017937766650780063,0.16802765368875006,0.19985913150411125,2.38,255.213,2.07,2.0,0.0
2019-06-24,812.2000122070312,812.2000122070312,812.2000122070312,812.2000122070312,0,48.79884811843374,-6.585622391854713,-9.681986304887243,3.09636391303253,4.0526234797550025,0.7519747919132409,809.8268687938373,824.9655795392748,-1,0.0,0.0008626151657809,0.023050745975823572,0.014489179334041369,0.16755690301530005,0.19563346081915317,2.38,255.213,2.02,2.0,0.0
2019-06-25,810.2999877929688,810.2999877929688,810.2999877929688,810.2999877929688,0,47.61168365491507,-5.8208631031091045,-8.909761664531615,3.0888985614225106,3.9675500527818652,0.6736660127690847,809.8719277461355,824.3904582943217,-1,0.0,-0.0023393553133537193,0.011105519226073612,0.01924526766411172,0.1655017843259257,0.19371410726848404,2.38,255.213,2.0,2.0,1.0
2019-06-26,817.0999755859375,817.0999755859375,817.0999755859375,817.0999755859375,17109,52.102712756915984,-4.612908929261266,-8.050391117477545,3.437482188216279,3.777696078470831,0.8602249033488504,810.560313254688,824.1045570116399,-1,19.960333663886136,0.008391938659026765,0.014904981199715728,0.03482776196844872,0.16481726311388556,0.19457004566847036,2.38,255.213,2.05,2.0,1.0
2019-06-27,814.2000122070312,816.4000244140625,806.5999755859375,812.5999755859375,6783,49.1028122062455,-3.9729116827506914,-7.2348952305321745,3.261983547781483,3.4957291878736347,0.6936888875358381,810.7545668100452,823.65339695573,-1,5.672353236327146,-0.005507282014998283,0.009942829036471368,0.025362745218848515,0.16658992770931608,0.1948001460628004,2.38,255.213,2.01,2.0,1.0
2019-06-28,814.2999877929688,837.5999755859375,812.2000122070312,835.5,175,61.310806415672204,-1.5994314174653255,-6.107802467918805,4.50837105045348,4.275350788151121,1.2578132576264889,813.111274732898,824.1179696241328,-1,0.1452824706321863,0.02818117782682683,0.02957486136783727,0.05412569484669527,0.1912311758920736,0.19662457500182537,2.38,255.213,2.0,2.0,0.0
2019-07-01,830.7000122070312,840.0,829.9000244140625,831.0999755859375,35,58.411763337716366,-0.07263906695379774,-4.900769787725804,4.828130720772006,4.772032236960146,1.049194229969816,814.8244843379493,824.3917737794977,-1,0.029014341374450803,-0.005266336821140083,0.0232700850712233,0.014526322267557346,0.15553720799469484,0.18256671653514353,2.4,255.802,2.03,2.0,0.0
2019-07-02,830.9000244140625,836.5,824.7000122070312,827.2000122070312,198,55.88923567886402,0.8132853719326931,-3.757958755794105,4.571244127726798,5.064880535772035,0.9101698470934233,816.0031060397666,824.5019007766559,-1,0.16280217069560926,-0.004692532178402153,0.02085650335512579,0.011989218865015028,0.15641232300119348,0.1826239289821513,2.4,255.802,1.98,1.0,0.0
2019-07-03,830.0,841.0999755859375,830.0,837.2000122070312,15,60.58901110935412,2.295838304143672,-2.54719934380655,4.843037647950222,5.695742127445447,1.0410829968386768,818.0218590080775,824.9998659307884,-1,0.012325896708985578,0.012088974676534692,0.024599237818701658,0.04506308540914583,0.1407282821476562,0.18383836653993274,2.4,255.802,1.96,1.0,0.0
2019-07-05,820.7999877929688,820.7999877929688,805.2000122070312,805.2000122070312,5,44.317101216418585,0.8785126720679273,-1.8620569406316545,2.7405696126995815,5.639850782046413,0.3445881271520329,816.8007307413112,824.2234010788763,-1,0.004107788366743345,-0.03822264636098305,-0.009106526705923601,0.0037397157246934487,0.20298579792287863,0.19743949553748644,2.4,255.802,2.04,2.0,0.0
2019-07-08,815.7000122070312,815.7000122070312,814.2999877929688,814.2999877929688,51,48.54880324322451,0.4839847999800213,-1.3928485925093195,1.8768333924893408,5.571245610709867,0.5330141574742867,816.5625647462309,823.8342476166839,-1,0.041811846689895474,0.011301509498236051,-0.025374042138876396,0.012055695378274667,0.2065767649741419,0.19768003032919843,2.4,255.802,2.05,2.0,0.0
2019-07-09,809.0999755859375,809.0999755859375,809.0999755859375,809.0999755859375,0,46.379748790658084,-0.24544951859820685,-1.163368777727097,0.91791925912889,5.4921252723797505,0.4109839960558267,815.8518419690602,823.2564330272429,-1,0.0,-0.006385867966331449,-0.026470942902494632,0.00671887930432824,0.20800764686227002,0.19616821590258257,2.4,255.802,2.07,2.0,0.0
2019-07-10,824.0999755859375,824.0999755859375,824.0999755859375,824.0999755859375,0,52.914785857527356,0.38243469925191675,-0.8542080823312942,1.2366427815832108,5.613586990443834,0.7290119818093819,816.6373785040008,823.2895131275839,-1,0.0,0.018539118097411045,-0.003747626420873229,0.013902544245420145,0.21439364860931176,0.20016894608611288,2.4,255.802,2.07,2.0,0.0
2019-07-11,825.0,825.0,825.0,825.0,0,53.28269846879876,0.9418053679285094,-0.4950053922793335,1.4368107602078428,5.710189551562019,0.7271761713869515,817.4338186464769,823.3565910441492,-1,0.0,0.0010921301307194042,-0.014572398505907191,0.019651495357601467,0.21349379237942528,0.20018495978299317,2.4,255.802,2.13,2.0,0.0
2019-07-12,828.4000244140625,828.4000244140625,828.4000244140625,828.4000244140625,0,54.72202570021555,1.6405529349033259,-0.06789372684280162,1.7084466617461276,5.8414448163148345,0.7717582524871401,818.4782191957707,823.5543727449302,-1,0.0,0.004121241714015067,0.02881273206074675,0.02524755496789921,0.21358431900214453,0.19937687699248938,2.4,255.802,2.12,1.0,0.0
2019-07-15,839.5,839.5,839.5,839.5,7,59.147180792120636,3.054777110358259,0.5566404405974106,2.4981366697608482,6.192093662949588,0.9393764645527085,820.4802935580783,824.1796914608153,-1,0.005737704918032787,0.013399294131827943,0.030946840949036325,0.04506412642491031,0.21596406492723538,0.2007921555146249,2.4,255.802,2.09,1.0,0.0
2019-07-16,840.7000122070312,844.7000122070312,840.7000122070312,841.5,2,59.907502300398995,4.287519389015529,1.3028162302810342,2.9847031587344945,6.10440830010523,0.9367989063483125,822.4821703620709,824.8589192466658,-1,0.0016405545074235093,0.002382370458606342,0.04004452526475344,0.05995714085166903,0.2095660945222317,0.19832177244624893,2.4,255.802,2.13,1.0,0.0
2019-07-17,841.7000122070312,841.7000122070312,841.7000122070312,841.7000122070312,0,59.98770332454275,5.220437881527005,2.0863405605302283,3.1340973209967764,6.159420861145216,0.8959734604139638,824.3124410139718,825.5193542647194,-1,0.0,0.00023768533218215815,0.021356676547138687,0.050286980989841856,0.20832234500746036,0.19831769243409017,2.4,255.802,2.06,2.0,0.0
2019-07-18,850.0,850.0,843.7000122070312,843.7000122070312,5,60.8314507568884,6.05140891832059,2.8793542320883008,3.172054686232289,6.275111204419849,0.8891167481517243,826.1588763656918,826.2323212428493,-1,0.004100881689563256,0.0023761434846076845,0.022666681463068272,0.047944401678811754,0.20816698548638768,0.19767154694876388,2.4,255.802,2.04,2.0,0.0
2019-07-19,845.9000244140625,845.9000244140625,845.9000244140625,845.9000244140625,0,61.786049158429414,6.808992226701889,3.665281831011019,3.1437103956908703,6.307817261826363,0.8887233359812374,828.0389857036319,827.0036037201518,1,0.0,0.0026075763603181645,0.021125059734731444,0.051329915586995734,0.2078727651231041,0.19751998856040187,2.4,255.802,2.05,2.0,1.0
2019-07-22,845.2999877929688,847.2999877929688,845.2999877929688,847.2999877929688,12,62.41380085524945,7.436623040113318,4.419550072831479,3.0170729672818393,6.480813216516484,0.8702550788944217,829.8733668549972,827.7995403504583,1,0.00983727507480428,0.0016549986269074335,0.009291230247729265,0.044115819831138214,0.2066541348361799,0.19752359815444054,2.4,255.802,2.05,2.0,1.0
2019-07-23,855.7999877929688,855.7999877929688,855.7999877929688,855.7999877929688,6,66.05942645685926,8.521671420534176,5.239974342372018,3.281697078162158,6.878918437904293,0.9586533281678999,832.3425688490897,828.8975971129097,1,0.004917428185059213,0.010031866071591233,0.016993449546011563,0.05368132840513162,0.20842327735066093,0.1962596886210101,2.4,255.802,2.08,2.0,1.0
2019-07-24,875.2000122070312,875.2000122070312,875.2000122070312,875.2000122070312,6,72.59327218189969,10.822247781010901,6.356429030099795,4.465818750911106,8.01063680603636,1.1344598623685034,836.4242301212746,830.7133780969929,1,0.0049162194272604366,0.02266887671276252,0.039800403367179715,0.08009382375881802,0.21887959711770721,0.20194864829751538,2.4,255.802,2.05,2.0,1.0
2019-07-25,880.0,881.0,868.4000244140625,868.4000244140625,69,67.67546510000642,11.958914019768486,7.4769260280335335,4.481987991734952,8.595792433942496,0.9590445205147458,839.4695438634449,832.1912857957016,1,0.18727100013570364,-0.0077696385947492175,0.02927582298170006,0.06278307472881517,0.22196145411845647,0.20139370014155142,2.4,255.802,2.08,2.0,1.0
2019-07-26,868.7999877929688,868.7999877929688,862.7000122070312,862.7000122070312,1,63.77532564594777,12.258478742795205,8.43323657098587,3.825242171809336,8.633965747659751,0.8422374777338949,841.6819694199769,833.3877064392832,1,0.034071550255536626,-0.006563809358339445,0.019860488601600057,0.06165399720196696,0.2225369171148714,0.19926135760396704,2.4,255.802,2.08,2.0,1.0
2019-07-29,877.7000122070312,877.7000122070312,876.7999877929688,876.7999877929688,40,68.5965131024009,13.4782670626455,9.442242669317796,4.036024393327704,9.500840154692245,0.9610465303487418,845.0265425983571,835.0901488453101,1,1.7699115044247786,0.01634400763466526,0.03481647636611096,0.04943146354634198,0.20879305975531393,0.19413048997231538,2.4,255.802,2.06,2.0,1.0
2019-07-30,880.7000122070312,883.7999877929688,869.7999877929688,869.7999877929688,92,64.03968077108323,13.721938628765884,10.298181861207414,3.4237567675584692,9.906069904898919,0.83403990466114,847.3859183311772,836.4513190001202,1,3.614931237721022,-0.007983576753485155,0.016358962607728955,0.046564809702644094,0.21034968917473157,0.18862861700849604,2.4,255.802,2.06,2.0,1.0
2019-07-31,876.0999755859375,876.0999755859375,876.0999755859375,876.0999755859375,0,66.21494486923402,14.259037159737773,11.090352920913487,3.1686842388242855,10.338111645328091,0.8633144280618945,850.1205904506782,838.0061682779954,1,0.0,0.007243030445372112,0.001028294522799067,0.059115041897107146,0.20935746430885277,0.18866777527284498,2.4,255.802,2.02,2.0,1.0
2019-08-01,848.5,848.5,848.5,848.5,0,51.51341663182012,12.315637247977293,11.335409786326249,0.9802274616510438,10.308899171197993,0.5407553897620512,849.9662485029945,838.4176910906231,1,0.0,-0.03150322606444378,-0.022915734517038655,0.01349735741543956,0.23994537378611203,0.19902832391519493,2.13,256.036,1.9,2.0,1.0
2019-08-02,850.2000122070312,850.2000122070312,850.2000122070312,850.2000122070312,0,52.21714743150479,10.78829484646974,11.225986798354947,-0.43769195188520804,9.342217254292203,0.5379041805552345,849.9885117129028,838.8797428991097,1,0.0,0.0020035500377504345,-0.014489393558742902,0.05588673536734823,0.18878654576098428,0.19799336928276123,2.13,256.036,1.86,2.0,1.0
2019-08-05,855.2000122070312,855.2000122070312,855.2000122070312,855.2000122070312,0,54.317247031167625,9.867575929659324,10.954304624615823,-1.0867286949564985,8.6390305913086,0.5811679459818104,850.4848450932959,839.5197534602047,1,0.0,0.005880969099283595,-0.02463500899481963,0.05022721973128785,0.18652023093454528,0.19603029045484274,2.13,256.036,1.75,2.0,1.0
2019-08-06,850.5,850.5,850.5,850.5,0,52.00350926465938,8.65883419849581,10.49521053939182,-1.8363763408960097,7.453313368365541,0.48715543970780795,850.4862884177439,839.9503513637261,1,0.0,-0.005495804653816383,-0.02218899524468898,0.05116799612320011,0.1859826375629668,0.19348559721895994,2.13,256.036,1.73,2.0,1.0
2019-08-07,868.2999877929688,868.2999877929688,868.2999877929688,868.2999877929688,0,59.10782142241078,9.033080196613128,10.202784470836082,-1.1697042742229549,7.016156774080863,0.7467240631579033,852.1828312153845,841.0621018119317,1,0.0,0.02092885102053943,-0.008903079568918004,0.05363428408744331,0.1888002894461525,0.196635340042944,2.13,256.036,1.71,2.0,1.0
2019-08-08,864.7999877929688,864.7999877929688,864.7999877929688,864.7999877929688,0,57.31148676537644,8.944149509136764,9.95105747849622,-1.006907969359455,6.373990690683027,0.6702715808923321,853.3844651751543,841.9929993013842,1,0.0,-0.004030864965109848,0.019210356856769195,0.04824240944602276,0.19022138807233477,0.19659584738905997,2.13,256.036,1.72,2.0,1.0
2019-08-09,861.0999755859375,861.0999755859375,861.0999755859375,861.0999755859375,0,55.39488553946556,8.477389170420565,9.65632381688109,-1.1789346464605241,5.676687093769334,0.5811787997456831,854.119275690467,842.7422924890137,1,0.0,-0.004278460059272127,0.012820469562933923,0.03947362410449484,0.19152492600202742,0.1947543197492146,2.13,256.036,1.74,2.0,1.0
2019-08-12,861.0,861.0,861.0,861.0,0,55.34103217681493,8.007110064338235,9.32648106637252,-1.3193710020342841,5.354481489810751,0.5603871320905269,854.7745827675654,843.4582810188564,1,0.0,-0.00011610218182789289,0.0067820249183587755,0.025610482430017845,0.1868209906731555,0.19145526754362094,2.13,256.036,1.65,2.0,1.0
2019-08-13,857.0,857.0,857.0,857.0,0,53.116083889017524,7.228320336617344,8.906848920421485,-1.678528583804141,5.046984081861529,0.45386772238558354,854.9865272658925,843.9893288220385,1,0.0,-0.004645760743321681,0.007642563198118735,0.018419489007724277,0.18793014515130785,0.18895840748045623,2.13,256.036,1.68,2.0,1.0
2019-08-14,845.2999877929688,845.2999877929688,845.2999877929688,845.2999877929688,0,47.145413182182736,5.6024491164846495,8.245968959634117,-2.643519843149468,4.923912880638001,0.17190826419501523,854.0639996970426,844.0407272130553,1,0.0,-0.013652289623140357,-0.026488541199293336,0.00427702926663609,0.1950181036032913,0.19036500906312362,2.13,256.036,1.59,2.0,1.0
2019-08-15,839.2999877929688,839.2999877929688,839.2999877929688,839.2999877929688,0,44.389730548609705,3.7861403358509733,7.3540032348774895,-3.567862899026516,5.0925267677079775,0.050554051455886324,852.657903325226,843.8548158632481,1,0.0,-0.007098071793027794,-0.029486586910203116,-0.00521515272063644,0.19653068240548272,0.19102603502769588,2.13,256.036,1.52,2.0,1.0
2019-08-16,848.7999877929688,848.7999877929688,848.7999877929688,848.7999877929688,0,49.429852150367395,3.0777942503304985,6.498761437968092,-3.4209671876375936,5.0190274927208165,0.26100846898966484,852.2904827983443,844.0487441742175,1,0.0,0.01131895643771097,-0.014284041507026113,0.003428257826230796,0.2005615821842703,0.19037661120862312,2.13,256.036,1.55,2.0,2.0
2019-08-19,854.0999755859375,854.0999755859375,854.0999755859375,854.0999755859375,0,52.04134566411631,2.910538716665883,5.781116893707651,-2.870578177041768,4.889544131271234,0.372807108780826,852.4628154447818,844.4429101119321,1,0.0,0.006244095039102948,-0.00801396563770329,0.00802547845029622,0.20166303110885286,0.18995289559292597,2.13,256.036,1.6,1.0,2.0
2019-08-20,850.0999755859375,850.0999755859375,850.0999755859375,850.0999755859375,0,49.94502938685674,2.4272412049152763,5.110341755949176,-2.6831005510339,4.970751213772002,0.28785488743574084,852.2377830772728,844.664755816795,1,0.0,-0.004683292488395052,-0.008051370378135969,-0.006660449039887273,0.1991268267722484,0.19021307157582545,2.13,256.036,1.55,2.0,2.0
2019-08-21,854.0999755859375,854.0999755859375,854.0999755859375,854.0999755859375,0,52.02615135059266,2.3400167589009016,4.556276756539521,-2.2162599976386197,4.691507731521136,0.4005163963857075,852.4151347447646,845.0347644351928,1,0.0,0.004705328919981433,0.01041049085537682,-0.02410881664396325,0.18142254665435187,0.18961770332573105,2.13,256.036,1.59,2.0,2.0
2019-08-22,855.0,859.2999877929688,855.0,859.2999877929688,3,54.66499147403726,2.6598274486652826,4.176986894964673,-1.5171594462993907,4.566331107240856,0.5421313770777445,853.0708350350698,845.5941849590271,1,0.4411764705882353,0.006088294527188065,0.023829381974128427,-0.010479083792326982,0.1814310560253232,0.18913079728570448,2.13,256.036,1.62,1.0,2.0
2019-08-23,852.5,852.5,852.5,852.5,0,50.73489058149313,2.3376307868060167,3.809115673332942,-1.4714848865269254,4.564061707274086,0.3813920495943615,853.0164697936345,845.8650012351437,1,0.0,-0.007913403804920227,0.0043591096374211435,-0.011823359293732572,0.1820961181983441,0.19003393433118496,2.13,256.036,1.52,2.0,2.0
2019-08-26,855.0,855.0,855.0,855.0,0,52.09840870496531,2.2579880370667524,3.498890146079704,-1.2409021090129517,4.05645828731682,0.46976295328618345,853.205377432336,846.2232364808244,1,0.0,0.0029325513196480912,0.001053769394437687,-0.024863125110029305,0.17163993455610327,0.19005204062622863,2.13,256.036,1.54,2.0,2.0
2019-08-27,865.4000244140625,865.4000244140625,865.4000244140625,865.4000244140625,0,57.38269651847362,2.999489391104248,3.399009995084613,-0.3995206039803647,3.9169637415533596,0.7854804182510545,854.3667723829767,846.9752673801671,1,0.0,0.012163771244517507,0.017997940557026082,-0.005058592136878204,0.17592670195849414,0.1796792959633764,2.13,256.036,1.49,2.0,2.0
2019-08-28,906.0999755859376,906.0999755859376,906.0999755859376,906.0999755859376,5,70.90815510718906,6.7929752817265125,4.077803052412993,2.715172229313519,6.150786572956428,1.4248555956171551,859.293744116592,849.2938833882366,1,12.5,0.04703021726794132,0.060882802349135456,0.03424266731651948,0.2398709008446068,0.20185138646492057,2.13,256.036,1.47,1.0,1.0
2019-08-29,901.0,932.5,901.0,917.5,27,73.44988296156237,10.597070445224858,5.381656530975366,5.215413914249492,8.556135624234921,1.2701342786037724,864.837197057869,851.9686330592862,1,15.428571428571429,0.012581420065363558,0.06772956247388362,0.08131997642899225,0.20668705881801053,0.19779789086273775,2.13,256.036,1.5,1.0,1.0
2019-08-30,934.0,937.4000244140624,929.5999755859376,929.5999755859376,2,75.86060714004965,14.421962765986677,7.189717777977629,7.2322449880090485,10.891995046699664,1.188512575563118,871.0050807272089,855.0129994328804,1,1.081081081081081,0.013187984289850352,0.09043985405975086,0.09338974622311791,0.20907024738918428,0.19902961283389764,2.13,256.036,1.5,0.0,1.0
2019-09-03,951.5999755859376,953.5999755859376,951.5999755859376,953.5999755859376,2,79.78192704703328,19.1688503362019,9.585544289622483,9.583306046579416,13.953970533519422,1.1916157401140348,878.871261189945,858.8791553604513,1,1.0256410256410258,0.025817556616083648,0.11532160887244158,0.1150607600261413,0.22201884345523054,0.20455205509284322,2.04,256.43,1.47,0.0,1.0
2019-09-04,977.2000122070312,988.5999755859376,977.2000122070312,982.5999755859376,8,83.30997418666473,24.982863670858364,12.66500816586966,12.317855504988705,17.656163469514926,1.1872244224612398,888.7501863705157,863.7309522320389,1,3.404255319148936,0.03041107460408754,0.1354286432464893,0.1553203710593034,0.23416917311842303,0.21177579852224052,2.04,256.43,1.47,0.0,1.0
2019-09-05,982.5999755859376,982.5999755859376,962.0999755859376,962.0999755859376,2,73.5406875468428,27.61796968894123,15.655600470483975,11.962369218457255,19.472214024074074,0.9729706545537778,895.7358805815082,867.5885609910154,1,0.8163265306122448,-0.02086301700524218,0.06180333463069254,0.10802716700640325,0.2487688366800767,0.21692664751406485,2.04,256.43,1.57,0.0,0.0
2019-09-06,956.9000244140624,956.9000244140624,956.9000244140624,956.9000244140624,0,71.25808607070776,28.952965823996806,18.315073541186543,10.637892282810263,20.665488498521253,0.8897659293770971,901.5610371369896,871.0909713213309,1,0.0,-0.005404792956894444,0.042942805900885395,0.10649865624552035,0.24949080389052566,0.21705811171166775,2.04,256.43,1.55,0.0,0.0
2019-09-09,951.0999755859376,951.0999755859376,951.0999755859376,951.0999755859376,0,68.69681196682312,29.206272680568873,20.49331336906301,8.712959311505863,21.353734545646425,0.8211036756169021,906.2790312749847,874.2285793317077,1,0.0,-0.006061290291717092,0.023128227801908263,0.10451748060817145,0.2504605642665373,0.21765876771562553,2.04,256.43,1.63,0.0,0.0
2019-09-10,935.2000122070312,935.2000122070312,935.2000122070312,935.2000122070312,0,62.10647057522019,27.803524305143355,21.95535555627908,5.848168748864275,21.47978951132968,0.7157494428518457,909.0334104113701,876.6196159150537,1,0.0,-0.016717446942537184,-0.019295264104427612,0.08617887596635443,0.26176615160097444,0.22066085470612018,2.04,256.43,1.72,0.0,0.0
2019-09-11,938.7999877929688,938.7999877929688,938.7999877929688,938.7999877929688,0,62.97259974441793,26.674833182475822,22.89925108151843,3.7755821009573935,21.46057462711994,0.7124158548369484,911.868322542951,879.0580618710504,1,0.0,0.00384941781324577,-0.04457560439776154,0.0954492272963463,0.25971139253530695,0.2186485718077835,2.04,256.43,1.75,1.0,1.0
2019-09-12,951.7000122070312,951.7000122070312,951.7000122070312,951.7000122070312,0,65.97387457345714,26.515606094527925,23.62252208412033,2.8930840104075948,21.234647861523257,0.7529340465731996,915.661816796673,881.9067658057947,1,0.0,0.013740972072644908,-0.010809649353304085,0.12587250201182076,0.2521986547096467,0.2193684141641283,2.04,256.43,1.79,0.0,1.0
2019-09-13,951.2999877929688,951.2999877929688,951.2999877929688,951.2999877929688,0,65.7957756864534,26.05677259835261,24.109372186966787,1.9474004113858214,20.546913108459318,0.7276569749683328,919.0559283201297,884.6280686288212,1,0.0,-0.0004203261625843613,-0.0058522692843724355,0.13344453905511933,0.248695979112512,0.2194398510044023,2.04,256.43,1.9,1.0,1.0
2019-09-16,938.2999877929688,938.2999877929688,938.2999877929688,938.2999877929688,0,60.11612374026774,24.363307350940545,24.160159219761542,0.20314813117900243,19.698756919898056,0.6391591998329599,920.8886958889716,886.7328497725133,1,0.0,-0.013665510529607183,-0.013458088656855716,0.10544297983876727,0.25772373568750695,0.22194752997971978,2.04,256.43,1.84,1.0,1.0
2019-09-17,943.2999877929688,943.2999877929688,943.2999877929688,943.2999877929688,0,61.49293823123219,23.15773421007998,23.95967421782523,-0.8019400077452516,18.86314436715872,0.6477368870171873,923.0231046417332,888.9511689105705,1,0.0,0.00532878617185184,0.008661222711943584,0.10443743678348372,0.25768719828192865,0.22167484439665067,2.04,256.43,1.81,1.0,1.0
2019-09-18,933.7000122070312,933.7000122070312,933.7000122070312,933.7000122070312,0,57.39613131286605,21.18348102779146,23.40443557981848,-2.2209545520270204,17.568887812201766,0.5728229432791675,924.0399529812854,890.7060255104317,1,0.0,-0.010177012308034139,-0.005432441044153635,0.0983414175061843,0.2611649395337333,0.22318686885513808,2.04,256.43,1.8,1.0,1.0
2019-09-19,941.5,941.5,941.5,941.5,0,59.742904752815946,20.01751552626058,22.7270515691069,-2.70953604284632,16.214532551594278,0.6013708534024329,925.7028146021154,892.69794607865,1,0.0,0.008353847800142589,-0.010717675818220251,0.10232996945598027,0.26148248710018746,0.22330439951110204,2.04,256.43,1.79,1.0,1.0
2019-09-20,941.7999877929688,941.7999877929688,941.7999877929688,941.7999877929688,0,59.834541401974136,18.899820606537105,21.961605376592942,-3.061784770055837,14.772016088652832,0.5829459428133413,927.23587871553,894.6235163419567,1,0.0,0.00031862750182565236,-0.00998633461778986,0.09600838027694314,0.26192940547953025,0.22301153137483332,2.04,256.43,1.74,1.0,1.0
2019-09-23,952.2999877929688,952.2999877929688,952.2999877929688,952.2999877929688,0,63.00848552483465,18.64635797021208,21.29855589531677,-2.6521979251046908,12.65846885263368,0.6428136009186353,929.6229367229051,896.8853387518003,1,0.0,0.011148864022185734,0.01492060128118533,0.11706743436125366,0.25854573158797545,0.22309954566275592,2.04,256.43,1.72,1.0,1.0
2019-09-24,953.7999877929688,953.7999877929688,953.7999877929688,953.7999877929688,0,63.4527968036944,18.35494014437097,20.709832745127613,-2.354892600756642,9.936711362086257,0.6441599008611234,931.9255130152922,899.1172857730227,1,0.0,0.0015751339065710468,0.011131135519853785,0.11555554127832601,0.2587714638665067,0.21686011684999998,2.04,256.43,1.64,1.0,1.0
2019-09-25,926.2999877929688,926.2999877929688,926.2999877929688,926.2999877929688,0,51.289760227914805,15.723716034160702,19.712609402934234,-3.9888933687735317,6.909011899022044,0.23802461302654168,931.3897487084042,900.1832740875304,1,0.0,-0.028832040629014122,-0.007925483899877794,0.07037203797184999,0.28502440561497516,0.2257787823553514,2.04,256.43,1.73,1.0,1.0
2019-09-26,935.0,935.0,935.0,935.0,17489,54.27588792437295,14.177046083597702,18.60549673906693,-4.428450655469227,5.949051486362088,0.3252913792787289,931.7335821647466,901.5486358880195,1,19.953223046206503,0.009392218851001166,-0.006903876792352603,0.03189496213745491,0.23832318069350797,0.225884514382218,2.04,256.43,1.7,1.0,1.0
2019-09-27,933.2999877929688,936.4000244140624,919.7000122070312,931.0,4389,52.676943071954,12.484617534483164,17.381320898150175,-4.896703363667012,5.503544585590058,0.2214415995777315,931.6637171966755,902.7035913433913,1,4.009683902795542,-0.004278074866310155,-0.011467390032864233,0.014713896457765774,0.23554322433988908,0.2252798361070148,2.04,256.43,1.69,0.0,1.0
2019-09-30,934.2000122070312,935.2999877929688,880.0,883.4000244140625,216,38.23998528337753,7.219216857700644,15.348900090060269,-8.129683232359625,7.866395184705269,-0.3057853611838583,927.0671750269029,901.9465887187117,1,0.19542205735999277,-0.051127793325389415,-0.07235111231975067,-0.04969874396000795,0.29690479403465686,0.23710549941277276,2.04,256.43,1.68,1.0,0.0
2019-10-01,879.5,883.5999755859375,873.9000244140625,879.5999755859375,38,37.35969565982752,2.70849486130885,12.820819044309985,-10.112324183001135,9.77492420564228,-0.15210111772758916,922.5464893658585,901.0702509487991,1,0.034323909312618556,-0.0043016173003226355,-0.07779410060459868,-0.07760067312767172,0.2778085655519338,0.2365310511109732,1.83,257.155,1.65,1.0,0.0
2019-10-02,878.7000122070312,888.2999877929688,878.7000122070312,888.2999877929688,98,40.724050199637716,-0.16239455936374725,10.22417632357524,-10.386570882938987,9.970560393547624,0.001404437661566851,919.2849177874881,900.5694563152372,1,0.08816120906801009,0.009890873634046837,-0.04102342707629736,-0.09596986580091915,0.25325021494154704,0.23661815535957464,1.83,257.155,1.6,1.0,0.0
2019-10-03,887.5,897.0,887.5,889.0,27,40.99863745296802,-2.353974817627659,7.70854609533466,-10.06252091296232,10.496046470588661,0.06906903583432451,916.4006399029654,900.1157521460123,1,0.02426202992317024,0.0007880358174612301,-0.04919786096256684,-0.07597960444954621,0.24669338376607958,0.2340113611847613,1.83,257.155,1.54,1.0,0.0
2019-10-04,881.7000122070312,881.7000122070312,881.7000122070312,881.7000122070312,1,38.971202800251135,-4.6265341622294045,5.2415300438218475,-9.868064206051251,11.178644410441105,0.05959419692609936,913.0958182176383,899.3935662660523,1,0.0008985533291400844,-0.008211459834610468,-0.05295379999244765,-0.07858711494241866,0.24712004847149882,0.23482157640358045,1.83,257.155,1.52,1.0,0.0
2019-10-07,883.2000122070312,883.2000122070312,883.2000122070312,883.2000122070312,0,39.63180413517905,-6.234647219541557,2.9462945911491665,-9.180941810690724,11.692242280492017,0.12270326739810036,910.2485985975806,898.7585249304044,1,0.0,0.001701258908055614,-0.0002264118196780851,-0.07139098425176149,0.24783213246487834,0.23474174572346374,1.83,257.155,1.56,1.0,0.0
2019-10-08,890.0,890.0999755859375,885.2999877929688,885.2999877929688,9,40.601175434560616,-7.255995326311904,0.9058366076569524,-8.161831933968857,12.213445179404353,0.17865500335823725,907.8725404257127,898.2307391603089,1,0.008083711321686803,0.0023776897157075094,0.0064802323388359895,-0.0533575959823831,0.2436597473654149,0.23337157036091152,1.83,257.155,1.54,1.0,0.0
2019-10-09,891.9000244140625,891.9000244140625,891.9000244140625,891.9000244140625,0,43.66308128968402,-7.447008781200793,-0.7647324701145968,-6.682276311086197,12.422587207706313,0.26160154729374413,906.3513484246032,897.9824758369267,1,0.0,0.007455141434653756,0.0040527261854841345,-0.04995735405702728,0.24527173478783154,0.23373862695955896,1.83,257.155,1.59,1.0,0.0
2019-10-10,903.0999755859376,903.0999755859376,903.0999755859376,903.0999755859376,5,48.513322291909944,-6.618353602161278,-1.9354566965239333,-4.682896905637345,12.097669591143493,0.37745491174721796,906.0416938685398,898.1831621015938,1,0.004489942528735633,0.012557406508911129,0.0158604899729331,-0.05106655038113128,0.24428079304514638,0.23491831163685684,1.83,257.155,1.67,1.0,0.0
2019-10-11,895.5,895.5,895.5,895.5,0,45.64179034948401,-6.499965362166222,-2.848358429652391,-3.6516069325138307,11.772202045032351,0.3289743034595416,905.037723023917,898.077940058394,1,0.0,-0.00841543106122522,0.01565156810923174,-0.05865656313359746,0.24498357672166454,0.23572817125921403,1.83,257.155,1.76,1.0,0.0
2019-10-14,894.5999755859375,894.5999755859375,894.5999755859375,894.5999755859375,0,45.29982981942154,-6.404934183096202,-3.5596735803411534,-2.8452606027550487,11.669869344337638,0.3391384170687664,904.0436518393475,897.9415492947683,1,0.0,-0.0010050523886795393,0.012907567053151325,-0.04657360415171763,0.2417310444891281,0.2357388774439142,1.83,257.155,1.76,1.0,0.0
2019-10-15,884.4000244140625,884.4000244140625,884.4000244140625,884.4000244140625,0,41.50460041028568,-7.071160171232691,-4.261970898519461,-2.8091892727132297,11.53054117781454,0.2674312335107245,902.1728301797965,897.4105091033681,1,0.0,-0.0114016895263096,-0.0010165631891059235,-0.06244033090333645,0.24198143586284723,0.2370972250513968,1.83,257.155,1.77,1.0,0.0
2019-10-16,879.2999877929688,886.5,879.0,886.5,3,42.57137030805425,-7.345029657404552,-4.8785826502964795,-2.466447007108073,11.460340442258909,0.30833226942127445,900.6801796864826,896.9826460012753,1,0.0026936026936026937,0.0023744635096869526,-0.0060545176210865526,-0.05055158143937721,0.24127591697828613,0.2363384351443667,1.83,257.155,1.75,1.0,0.0
2019-10-17,889.0,889.0,889.0,889.0,0,43.883421175460064,-7.27646552654312,-5.358159225545808,-1.9183063009973118,11.030091970523317,0.35168775955276804,899.5677816211032,896.6696010600488,1,0.0,0.0028200789622110367,-0.015612862326554122,-0.055762081784386575,0.23875224054898858,0.23197974942824476,1.83,257.155,1.76,1.0,0.0
2019-10-18,887.2000122070312,893.4000244140625,887.2000122070312,892.2999877929688,13,45.64860493430166,-6.876577616867394,-5.6618429038101254,-1.2147347130572683,10.401586287634522,0.40389377978112345,898.8756107803285,896.498243677026,1,0.011665470208183775,0.00371202226430678,-0.0035734363004257252,-0.05255893039030424,0.23965282763073126,0.2314699390611741,1.83,257.155,1.76,1.0,0.0
2019-10-21,896.2000122070312,896.2000122070312,888.5,888.5,3,43.93479789936735,-6.788042495997956,-5.887082822247692,-0.9009596737502648,9.09865313279595,0.38227640558442344,897.8874573726782,896.1845870622408,1,0.002691669283567359,-0.0042586437800674615,-0.006818662812887011,-0.06699568267435385,0.2340700131690495,0.2312175421090221,1.83,257.155,1.8,1.0,1.0
2019-10-22,892.2999877929688,892.2999877929688,892.2999877929688,892.2999877929688,0,46.11350587931134,-6.338187833815027,-5.977303824561159,-0.3608840092538683,7.13058294705353,0.45698954030880873,897.3553174127059,896.0322498359949,1,0.0,0.004276857392198963,0.008932568024452747,-0.06447892722488602,0.23503284233584154,0.22903433153754457,1.83,257.155,1.78,1.0,1.0
2019-10-23,916.0,918.4000244140624,916.0,918.4000244140624,2,58.14450538828041,-3.83145333573475,-5.548133726795878,1.7166803910611277,6.822529495721192,0.8891038000432661,899.3595752223589,896.9094174665073,1,0.0017942852016327993,0.029250293598736876,0.035984235097645145,-0.008528515041578588,0.24043763992317205,0.23567768165961303,1.83,257.155,1.77,1.0,0.0
2019-10-24,924.7000122070312,924.7000122070312,921.5999755859376,921.5999755859376,1,59.34302128960406,-1.5685575148586395,-4.75221848440843,3.1836609695497904,6.12369144966609,1.0045244378141618,901.4777085903188,897.8776746476615,1,0.004162330905306972,0.0034842672983559364,0.03667038873558792,-0.014331576913435673,0.23816397829891733,0.23537444047403594,1.83,257.155,1.77,1.0,0.0
2019-10-25,929.0999755859376,929.0999755859376,929.0999755859376,929.0999755859376,0,62.08347485034351,0.820532458931666,-3.637668295740411,4.458200754672077,6.0111080931603205,1.1553770598744446,904.1084006851396,899.1020786060253,1,0.0,0.008138021048917254,0.04124172172633411,-0.0020408425500133553,0.23976030668144724,0.22561365802816047,1.83,257.155,1.8,0.0,0.0
2019-10-28,929.0,931.7999877929688,914.7000122070312,914.7000122070312,2,54.489257199741,1.534260773311189,-2.603282481930091,4.13754325524128,6.224501730104681,0.8453704264119869,905.1171255919865,899.713762276653,1,0.19801980198019803,-0.015498830865671942,0.029487914695589534,0.0354312734072304,0.15293652212554576,0.2283245594321015,1.83,257.155,1.85,1.0,0.0
2019-10-29,920.7000122070312,920.7000122070312,920.7000122070312,920.7000122070312,15,56.85729660307734,2.554597648983872,-1.5717064557472984,4.126304104731171,6.447117596289606,0.9008594813950641,906.6012100315145,900.5367524700013,1,1.6759776536312851,0.006559527626465167,0.03182788838124684,0.04672582737819586,0.152088789311236,0.22838733057871682,1.83,257.155,1.84,1.0,1.0
2019-10-30,926.5999755859376,926.5999755859376,923.0,926.5999755859376,10,59.11034832014302,3.795547007455184,-0.49825576310680186,4.293802770561986,6.942384720010368,0.9352891829609761,908.505854370031,901.5588396510184,1,2.197802197802198,0.006408127838255728,0.008928518024710286,0.043116051243147435,0.1502953372916391,0.22818902664663168,1.83,257.155,1.78,1.0,1.0
2019-10-31,930.0,930.0,930.0,930.0,0,60.393985679805276,4.995773700171867,0.6005501295489319,4.395223570622935,7.435542105326447,0.9256355409081142,910.5529158585995,902.6741792725471,1,0.0,0.0036693551733717467,0.009114610065741102,0.046119235095613,0.15030616694563018,0.22468295629425375,1.83,257.155,1.69,1.0,1.0
2019-11-01,950.2999877929688,950.2999877929688,950.2999877929688,950.2999877929688,0,67.0457747350679,7.498562600170544,1.9801526236732545,5.518409976497289,8.488021584892346,1.0910833189482332,914.3383512809204,904.5418580380539,1,0.0,0.02182794386340725,0.022817794386079226,0.07780421303865159,0.15968587847618793,0.22826949591331333,1.55,257.879,1.73,1.0,0.0
2019-11-04,935.0999755859376,935.0999755859376,935.0999755859376,935.0999755859376,0,59.04887259413928,8.161446803310355,3.2164114596006748,4.94503534370968,8.63783114080601,0.8521587598237181,916.3156488337792,905.7402155889513,1,0.0,-0.01599496201439765,0.022302353893802085,0.0587635446802286,0.17455703874827977,0.23084155376727095,1.55,257.879,1.79,1.0,0.0
2019-11-05,926.7999877929688,926.7999877929688,926.7999877929688,926.7999877929688,0,55.17861922904949,7.925685294612549,4.15826622660305,3.7674190680094988,8.501743647638111,0.7228132235506983,917.314157306083,906.5660890087167,1,0.0,-0.008876043214275597,0.00662536711747741,0.046876765584803026,0.17949981793942757,0.23178665242803348,1.55,257.879,1.86,1.0,0.0
2019-11-06,928.2999877929688,928.2999877929688,928.2999877929688,928.2999877929688,0,55.743174587534085,7.770308781591552,4.880674737600751,2.8896340439908013,8.46905109086656,0.7190808704575841,918.3604268762625,907.4183987649619,1,0.0,0.0016184721835958982,0.0018346775866857623,0.040811708019426574,0.17847639132627122,0.23146279588205745,1.55,257.879,1.81,1.0,0.0
2019-11-07,910.5999755859376,910.5999755859376,910.5999755859376,910.5999755859376,0,48.05189174254781,6.148057733147198,5.13415133671004,1.0139063964371573,8.425166114045924,0.48483399699741264,917.621336277184,907.5431664834316,1,0.0,-0.01906712532563193,-0.020860241305443394,0.008304728383071724,0.1889961522882822,0.23326242507967013,1.55,257.879,1.92,1.0,0.0
2019-11-08,889.4000244140625,889.4000244140625,889.4000244140625,889.4000244140625,0,40.79202956112058,3.115835789935545,4.730488227355142,-1.614652437419597,8.560501881573593,0.21727248191706752,914.9335922902201,906.8316707160054,1,0.0,-0.023281299956365298,-0.06408498806818241,-0.006811809699539317,0.2052962882124835,0.23815885139238951,1.55,257.879,1.94,2.0,0.0
2019-11-11,877.2999877929688,877.2999877929688,877.2999877929688,877.2999877929688,0,37.325754744637486,-0.2605898594478049,3.7322726099945527,-3.9928624694423576,9.043943589694768,0.09570719641562417,911.349439480958,905.6735655033374,1,0.0,-0.013604718112151248,-0.06181155951453332,-0.019338238615128178,0.2107129099816722,0.23904318237880517,1.55,257.879,1.94,2.0,0.0
2019-11-12,866.5999755859375,866.5999755859375,866.5999755859375,866.5999755859375,0,34.53138454082804,-3.756530132779858,2.2345120614396707,-5.991042194219529,9.689046356287443,0.010957942855402917,907.0875857766704,904.1412678595178,1,0.0,-0.012196526109557349,-0.06495469680614507,-0.0201266941844761,0.21126266096123114,0.24017069185494813,1.55,257.879,1.92,2.0,0.0
2019-11-13,871.5,871.5,871.5,871.5,0,36.86248754968022,-6.061820078766914,0.5752456333983539,-6.637065712165268,10.141157162252998,0.09366912463107836,903.698291893178,902.8612181395367,1,0.0,0.005654309430079829,-0.06118710388870152,-0.016920473773265665,0.21227336227705293,0.24019711188885068,1.55,257.879,1.88,2.0,0.0
2019-11-14,879.7999877929688,879.7999877929688,879.7999877929688,879.7999877929688,0,40.71327595226372,-7.136771066311667,-0.9671577065436502,-6.169613359768016,10.35787169751484,0.19506081941994247,901.4222629312533,901.9568561651615,-1,0.0,0.009523795516888978,-0.033823839906376274,-0.010348720142892343,0.2150995269382333,0.24076070407151384,1.55,257.879,1.82,2.0,0.0
2019-11-15,891.5,891.5,891.5,891.5,0,45.737357415081995,-6.9643041019603515,-2.166586985626991,-4.797717116333361,10.370729148747108,0.3200363062487512,900.4772855092292,901.5467833743709,-1,0.0,0.01329849098586755,0.002361114828303368,-0.0008965457849522407,0.2201629594625648,0.24190910939645335,1.55,257.879,1.84,2.0,0.0
2019-11-18,892.2000122070312,892.2000122070312,892.2000122070312,892.2000122070312,0,46.0320296967381,-6.693973693409589,-3.0720643271835106,-3.6219093662260784,10.305503929131236,0.32443407377307054,899.6889737661627,901.1802433285928,-1,0.0,0.0007852071867988641,0.016983956025745206,0.0041643356297482725,0.21960740199438886,0.24125069732632143,1.55,257.879,1.81,2.0,0.0
2019-11-19,909.0999755859376,909.0999755859376,909.0999755859376,909.0999755859376,0,52.70903007256902,-5.057746537470962,-3.469200769241001,-1.5885457682299609,10.163196989419978,0.49588869558345106,900.5852596537603,901.4908210641751,-1,0.0,0.018941899963777153,0.04904223539963115,0.01882773509223301,0.22899067060371123,0.24402611549675907,1.55,257.879,1.79,2.0,0.0
2019-11-20,917.2000122070312,917.2000122070312,917.2000122070312,917.2000122070312,0,55.547764866911244,-3.072007279853665,-3.389762071363534,0.3177547915098691,10.154326843712196,0.5842490642572822,902.1676170397861,902.1068677756597,1,0.0,0.008909951422969797,0.052438338734401846,-0.0013066334659526113,0.20660471138975578,0.24349099137667446,1.55,257.879,1.73,2.0,0.0
2019-11-21,914.7000122070312,914.7000122070312,914.7000122070312,914.7000122070312,0,54.46116110215248,-1.6806502286738123,-3.0479397028255897,1.3672894741517774,10.099473412110303,0.5612668424793623,903.3611784842857,902.6007165768899,1,0.0,-0.002725686836815844,0.03966813468776165,-0.007486939628573053,0.20636747917873344,0.22479469148930997,1.55,257.879,1.77,2.0,0.0
2019-11-22,889.7999877929688,889.7999877929688,889.7999877929688,889.7999877929688,0,45.01588141222028,-2.5577296976326807,-2.949897701787008,0.3921680041543274,10.069974709581267,0.31050013519239794,902.069636513684,902.0987272128145,-1,0.0,-0.027222066340616524,-0.001906912178386122,-0.042298987004261046,0.22498423161206454,0.2303430260262366,1.55,257.879,1.77,2.0,0.0
2019-11-25,897.5,897.5,897.5,897.5,0,48.0181920884599,-2.601506316938412,-2.880219424817289,0.27871310787887715,10.089166711790465,0.4043016532512763,901.6344330361903,901.9183849691748,-1,0.0,0.008653643866786354,0.005940358350655206,-0.01880399254125975,0.22218523186374212,0.22939230017924817,1.55,257.879,1.76,2.0,0.0
2019-11-26,908.7999877929688,908.7999877929688,908.7999877929688,908.7999877929688,2,52.147648543559654,-1.704733914767985,-2.6451223228074285,0.9403884080394436,9.994141410240287,0.5347465507985621,902.3168668225502,902.1882517465785,1,3.3333333333333335,0.012590515646761835,-0.0003299832812947434,-0.012924974754303209,0.22583706437827591,0.22458274768129682,1.55,257.879,1.74,2.0,0.0
2019-11-27,892.9000244140625,892.9000244140625,892.9000244140625,892.9000244140625,14,46.54472365974291,-2.2510804342933852,-2.56631394510462,0.31523351081123474,9.848735396651632,0.3756596783418391,901.4200246884085,901.8240075374603,-1,17.5,-0.01749555853045237,-0.026493662744831892,-0.03636947124951617,0.23193796948479337,0.21782394615855974,1.55,257.879,1.77,2.0,0.0
2019-11-29,897.9000244140625,897.9000244140625,897.9000244140625,897.9000244140625,0,48.42147840903539,-2.2546159645849,-2.5039743490006763,0.24935838441577607,9.51534699710158,0.44799898007985056,901.0847865670422,901.6701258463467,-1,0.0,0.005599731059791502,-0.018366664008709233,-0.03451610278057793,0.23264315795249269,0.2144636199606554,1.55,257.879,1.78,2.0,0.0
2019-12-02,897.2999877929688,897.2999877929688,897.2999877929688,897.2999877929688,0,48.2027620313919,-2.2795585069280833,-2.459091180586158,0.17953267365807468,8.199581160307986,0.4672642689848163,900.72432954094,901.4987478834692,-1,0.0,-0.0006682666274403504,0.008428860533705729,-0.05577186223383024,0.21582139454724666,0.21428068508070253,1.55,258.63,1.83,2.0,0.0
2019-12-03,909.2000122070312,909.2000122070312,909.2000122070312,909.2000122070312,0,52.76005952858741,-1.323832813261106,-2.2320395071211476,0.9082066938600417,7.454959273000342,0.6609513563065348,901.531537413901,901.8007582490991,-1,0.0,0.013262035635743352,0.013036225300313342,-0.027697534012528835,0.2170104426510242,0.2159852199586953,1.55,258.63,1.72,2.0,1.0
2019-12-04,899.5,899.5,899.5,899.5,0,48.977332378074216,-1.3337486103705487,-2.052381327771028,0.7186327174004794,6.883290875632035,0.5395971462122661,901.3380576601961,901.7105324354089,-1,0.0,-0.010668733036513056,-0.010233261353308154,-0.029456180570286206,0.21793471418010063,0.21439151350848168,1.55,258.63,1.77,2.0,1.0
2019-12-05,898.5,898.5,898.5,898.5,0,48.59055240513376,-1.4060900626885768,-1.923123074754538,0.5170330120659612,6.1137315157749565,0.5536049284954939,901.0677664544631,901.5846292026479,-1,0.0,-0.0011117287381878782,0.0062716714445296695,-0.03210167853585577,0.21763291214266417,0.21418860121031577,1.55,258.63,1.8,2.0,1.0
2019-12-06,896.7999877929688,896.7999877929688,896.7999877929688,896.7999877929688,0,47.89804666476594,-1.5823575297357593,-1.8549699657507823,0.27261243601502305,5.924292769037638,0.5363102376937025,900.6613113438447,901.3969962061899,-1,0.0,-0.0018920558787214325,-0.0012251214959166923,-0.015154829961519733,0.20747901287694467,0.21209027114975929,1.55,258.63,1.84,2.0,1.0
2019-12-09,896.4000244140625,896.4000244140625,896.4000244140625,896.4000244140625,0,47.725710344902595,-1.7343321677085441,-1.8308424061423347,0.09651023843379058,5.896553771727282,0.5222595522965221,900.2554744933892,901.2010365280673,-1,0.0,-0.00044598950083685196,-0.0010029682281840202,0.007870474261130855,0.18921990228145377,0.21208998302793342,1.55,258.63,1.83,2.0,1.0
2019-12-10,920.5,920.5,920.5,920.5,0,57.620302941383436,0.08886902783160622,-1.4469001193475466,1.5357691471791528,6.068730356154214,0.9244409115727793,902.1835245416379,901.9578586250059,1,0.0,0.026885291086075735,0.012428494985980754,0.0492420070764048,0.2028776023062464,0.21772735828798118,1.55,258.63,1.85,2.0,1.0
2019-12-11,937.4000244140624,937.4000244140624,937.4000244140624,937.4000244140624,0,62.920575197935044,2.864440356196269,-0.5846320242387836,3.4490723804350525,6.364844698888561,1.1360907843750707,905.5374769104402,903.3477474794787,1,0.0,0.01835961370348982,0.0421345463191356,0.0816986508455122,0.2024704680577953,0.22072967387369158,1.55,258.63,1.79,2.0,1.0
2019-12-12,942.7000122070312,942.7000122070312,942.7000122070312,942.7000122070312,0,64.42329587788356,5.429181131348969,0.618130606878767,4.811050524470202,6.805368966416935,1.1208417494993919,909.076765986306,904.8909735472258,1,0.0,0.005653923250409143,0.04919311319647335,0.0816982354641782,0.20247042500308093,0.22001520590353524,1.55,258.63,1.9,2.0,1.0
2019-12-13,926.7000122070312,926.7000122070312,926.7000122070312,926.7000122070312,0,56.92323719457354,6.100369133176855,1.7145783121383846,4.38579082103847,6.623967196436087,0.8307912191326533,910.7551703882798,905.7462299652574,1,0.0,-0.016972525504206915,0.03334079484952568,0.05330759839144128,0.21445361769289797,0.22215167878846828,1.55,258.63,1.82,2.0,1.0
2019-12-16,929.2999877929688,929.2999877929688,929.2999877929688,929.2999877929688,0,57.78331903697023,6.764114262453745,2.724485502201457,4.039628760252288,6.754048602353276,0.8353132789826254,912.5213434744406,906.6699067428148,1,0.0,0.002805628090740475,0.036702323162487005,0.04240043498930879,0.21077203007139095,0.22223776505620646,1.55,258.63,1.89,2.0,1.0
2019-12-17,927.7999877929688,927.7999877929688,927.7999877929688,927.7999877929688,0,57.07528927418166,7.087400454765316,3.5970684927142287,3.490331962051087,6.760691296803163,0.7810442230283018,913.9764524571576,907.4985373722326,1,0.0,-0.0016141181746514022,0.007930459307950777,0.03990133949659347,0.2111389833446893,0.2209979242145731,1.55,258.63,1.89,2.0,1.0
2019-12-18,933.7000122070312,933.7000122070312,933.7000122070312,933.7000122070312,0,59.19329806877581,7.730576479438696,4.423770090059122,3.306806389379574,7.103075678356342,0.8392481689637257,915.8548867190503,908.5260461892835,1,0.0,0.006359155520251125,-0.003947100608775789,0.027059770412201756,0.20244724049611668,0.2213982793229395,1.55,258.63,1.92,2.0,1.0
2019-12-19,933.5,933.5,933.5,933.5,0,59.086859588038244,8.13043619189034,5.165103310425366,2.965332881464974,7.382515761899221,0.8110490661790888,917.5353736981884,909.5054169269587,1,0.0,-0.00021421463469672997,-0.009759215113928299,0.017771464867021303,0.20052146466207862,0.2130485637703601,1.55,258.63,1.92,2.0,1.0
2019-12-20,933.5,933.5999755859376,912.0999755859376,912.0999755859376,4,48.94578693308471,6.643937595203511,5.460870167380995,1.1830674278225155,7.3804538117762455,0.49532187207117107,917.0177167351169,909.60716432535,1,4.0,-0.022924503925080275,-0.01575486827319894,-0.0028425020076474627,0.21781621017589015,0.2174261447275993,1.55,258.63,1.92,2.0,1.0
2019-12-23,936.7000122070312,936.7000122070312,936.7000122070312,936.7000122070312,0,57.8924167856898,7.365983637713271,5.841892861447451,1.5240907762658198,7.340948200105965,0.8267213126519576,918.8922210657754,910.6696289481611,1,0.0,0.026970767766209436,0.00796300926640181,0.05270850197513699,0.21210981437782925,0.22419170975202213,1.55,258.63,1.93,1.0,1.0
2019-12-24,941.2999877929688,941.2999877929688,941.2999877929688,941.2999877929688,0,59.327679142645195,8.214696012487025,6.316453491655366,1.8982425208316585,7.522442632919655,0.8530158073489923,921.0262940874129,911.8708194910947,1,0.0,0.004910831136960336,0.014550549878873609,0.048802214811107136,0.21111201669156576,0.19574518134677032,1.55,258.63,1.9,1.0,1.0
2019-12-26,952.0999755859376,952.0999755859376,952.0999755859376,952.0999755859376,0,62.55482958545354,9.647564323643564,6.982675658053006,2.664888665590558,8.155027626204255,0.9400690676673877,923.9856923253676,913.4484334555984,1,0.0,0.011473481284421494,0.019706504378653067,0.04764523368681317,0.2104449041161214,0.19655283114472302,1.55,258.63,1.9,1.0,1.0
2019-12-27,949.2999877929688,949.2999877929688,949.2999877929688,949.2999877929688,11063,61.19907014545187,10.436877343786932,7.673515995199792,2.76336134858714,8.16754122731365,0.8634156375082521,926.3965776079963,914.8543767629463,1,19.992771302069215,-0.002940854810174476,0.016925535932478475,0.06316492534079265,0.19803770004745302,0.19593077309606416,1.55,258.63,1.88,1.0,1.0
2019-12-30,947.2000122070312,960.5999755859376,945.5999755859376,957.7000122070312,2110,63.73817449360113,11.606433625148952,8.460099521189624,3.1463341039593278,8.435975322152347,0.9200500524240018,929.3778570936187,916.5345977607536,1,3.202549897548759,0.008848651134602648,0.04999455963344368,0.0665998286746814,0.19891150441961314,0.19656366670045408,1.55,258.63,1.9,1.0,1.0
2019-12-31,959.7999877929688,981.0999755859376,959.7999877929688,971.4000244140624,109,67.47637390291337,13.48336406580654,9.464752430113009,4.0186116356935315,9.00055268769962,1.0117143433972324,933.3799682669943,918.6861831197069,1,0.16408249284961615,0.014305118546943829,0.03704495756893578,0.08258111849901262,0.202032609544526,0.197319044241376,1.55,258.63,1.92,1.0,1.0
2020-01-02,985.0,990.0,978.5999755859376,978.5999755859376,2,69.26936298111475,15.374592122017702,10.646720368493948,4.727871753523754,9.884662821341076,1.004694250595362,937.6866356307032,921.0357436085787,1,0.0030102347983142685,0.007411932253366116,0.039626036626670746,0.07633079899596784,0.19956303125518407,0.19767312749723223,1.55,259.127,1.88,1.0,1.0
2020-01-03,986.5,987.2000122070312,980.5999755859376,984.5,32,70.69506382063237,17.151771696273386,11.947730634049837,5.204041062223549,10.434655889534787,0.9928104915127287,942.1450512849219,923.5245379768699,1,0.04804804804804805,0.006029046148841033,0.034030065376404295,0.09449694274597009,0.19225002669268448,0.19786576232488012,1.55,259.127,1.8,1.0,1.0
2020-01-06,985.7999877929688,985.7999877929688,960.0,960.4000244140624,65,58.712840454468385,16.42618189493146,12.843420886226163,3.5827610087052975,9.934086657883363,0.7245374787582499,943.8836201543638,924.9706354842108,1,0.09712364587224505,-0.024479406384903646,0.011692865020361154,0.06889262594776002,0.21806839473729045,0.20482187969577176,1.55,259.127,1.81,2.0,1.0
2020-01-07,965.2999877929688,973.0,959.9000244140624,966.0,55,60.3927178151751,16.11722859993847,13.498182428968626,2.6190461709698454,9.262282315717849,0.7644429409186185,945.9899420444244,926.5796301711046,1,0.0818452380952381,0.005830878221139368,0.008666584198784077,0.07716326176289656,0.21733405182474624,0.20371126018308824,1.55,259.127,1.83,1.0,1.0
2020-01-08,968.9000244140624,968.9000244140624,956.0,959.0,23,57.25665239204948,15.133094495884961,13.825164842351894,1.3079296535330673,8.15201633666624,0.668112596145296,947.2289951830506,927.8510172232182,1,0.03416771893337295,-0.007246376811594235,-0.012765106137959892,0.06983486599842115,0.22039757354025682,0.20348894589284672,1.55,259.127,1.87,1.0,1.0
2020-01-09,967.0999755859376,967.0999755859376,967.0999755859376,967.0999755859376,0,59.85446681327956,14.835744238927646,14.027280721667045,0.8084635172606003,7.956796954236908,0.7482786370270407,949.1214695071351,929.3901920609719,1,0.0,0.008446272769486507,-0.011751482001738589,0.050624633987982115,0.20391806415357125,0.20397898322732982,1.55,259.127,1.85,1.0,1.0
2020-01-10,972.0,981.5,972.0,981.2000122070312,12,63.96064519608289,15.55849844910324,14.333524267154285,1.224974181948955,8.405425471278484,0.8835507746300467,952.1765688118871,931.4219497137585,1,0.017810760667903526,0.014579709416858266,-0.003351942908043415,0.046724969759144974,0.2005137771130164,0.20397284293564105,1.55,259.127,1.83,0.0,1.0
2020-01-13,978.7999877929688,978.7999877929688,970.0999755859376,977.2999877929688,6,62.069560328159,15.636340985878519,14.594087610899132,1.0422533749793867,8.696695547723623,0.8020502006676894,954.569275381514,933.2210884619628,1,0.008901416808842075,-0.003974749659134358,0.017596796073820364,0.036703060504828855,0.20128556047544163,0.20430305127285986,1.55,259.127,1.85,0.0,2.0
2020-01-14,982.2000122070312,982.2000122070312,981.5,982.2000122070312,9,63.52859715387449,15.910021946742972,14.857274478067902,1.0527474686750704,8.714962863669196,0.8260722811701041,957.2007741268013,935.1418305696126,1,0.013343217197924388,0.005013838611753307,0.016770198972082095,0.05988993122792885,0.18862432250599892,0.20440651289780903,1.55,259.127,1.82,0.0,2.0
2020-01-15,993.4000244140624,1020.4000244140624,993.4000244140624,1020.4000244140624,1,72.4316521757529,18.99042798163657,15.683905178781638,3.306522802854934,10.146488754218,1.124286284768981,963.2197503446357,938.4852891517479,1,0.0014824697946779336,0.03889229457571952,0.06402505152665516,0.09803081654767976,0.22633478024514592,0.21764176448385414,1.55,259.127,1.79,0.0,2.0
2020-01-16,1035.0,1035.0,995.7000122070312,995.7000122070312,62,61.90830596135177,19.217065035403834,16.390537150106077,2.8265278852977573,10.136031695527423,0.8349009022285095,966.3131086172448,940.7290037813669,1,0.09149265845200324,-0.024206205033378447,0.029572988670344857,0.07318390311211553,0.2482905319576101,0.22408056482631494,1.55,259.127,1.81,0.0,1.0
2020-01-17,1016.4000244140624,1019.4000244140624,1013.2999877929688,1019.4000244140624,2,66.88047267975989,21.066231050905913,17.325675930266044,3.7405551206398684,10.887325795948321,0.9947655254841301,971.3690053597988,943.8141418453943,1,0.002950940612320177,0.02380236207339048,0.03893193205441081,0.09178538190704089,0.25816435763101153,0.22838368210744067,1.55,259.127,1.84,0.0,1.0
2020-01-21,1002.0,1002.0,1002.0,1002.0,0,60.62378581628066,20.886900698956424,18.03792088400412,2.8489798149523047,10.781292692146705,0.7988834810921398,974.28624294458,946.0959402043984,1,0.0,-0.017068887578322034,0.025273726097972293,0.07337975361542592,0.2690128805136988,0.2249375982375334,1.55,259.127,1.78,0.0,1.0
2020-01-22,1015.7999877929688,1015.7999877929688,1015.7999877929688,1015.7999877929688,0,63.537239751470466,21.609226079643577,18.75218192313201,2.8570441565115665,9.934464141251945,0.9114966710458668,978.2399329301408,948.8294322666953,1,0.0,0.013772442907154403,0.034208893472152724,0.11369369036592047,0.25169772955391523,0.22629729366650062,1.55,259.127,1.77,0.0,1.0
2020-01-23,1001.7000122070312,1001.7000122070312,1001.7000122070312,1001.7000122070312,0,58.753859162283256,20.804107159313503,19.16256697036831,1.6415401889451928,9.43416807628595,0.7440593124754958,980.4742261946066,950.902788342787,1,0.0,-0.013880661306732822,-0.018326158133687986,0.06939254740356882,0.2474949738494275,0.22811324975133346,1.55,259.127,1.74,0.0,2.0
2020-01-24,1005.2000122070312,1005.2000122070312,1005.2000122070312,1005.2000122070312,0,59.56757129123431,20.215434419347503,19.37314046016415,0.8422939591833511,8.970888706337162,0.7592893379153434,982.8290629576946,953.0320912394241,1,0.0,0.003494060055253989,0.009541026296607802,0.06788486693162143,0.24742887561906757,0.22542141616406478,1.55,259.127,1.7,0.0,2.0
2020-01-27,985.9000244140624,985.9000244140624,984.2999877929688,985.9000244140624,20,53.320771757800024,17.98424809635287,19.095361987401898,-1.1111138910490261,8.501350215503026,0.5222339538507026,983.1215354773487,954.3210297952922,1,0.029474614987841725,-0.019200146795256723,-0.03286246733146325,0.03550052483440469,0.25794107012723494,0.22921158107453465,1.55,259.127,1.61,0.0,2.0
2020-01-28,990.0999755859376,990.0999755859376,990.0999755859376,990.0999755859376,0,54.44046447688008,16.36625778753114,18.549541147427746,-2.183283359896606,7.85252299451682,0.5519160352547133,983.7861488210239,955.724125708651,1,0.0,0.004260017311969566,-0.011876271870321697,0.04297902487897942,0.2574702473078748,0.22904442055994395,1.55,259.127,1.65,0.0,2.0
2020-01-29,968.5999755859376,968.5999755859376,968.5999755859376,968.5999755859376,3,48.08220218840572,13.196991787314346,17.479031275405067,-4.282039488090721,7.578723798900882,0.2589385646274784,982.3398466081585,956.2290609979564,1,0.14962593516209477,-0.021714978820473574,-0.04646585230777833,0.011381396303616231,0.2697102723299967,0.2337899515927845,1.55,259.127,1.6,0.0,2.0
2020-01-30,973.7000122070312,977.0999755859376,973.7000122070312,977.0999755859376,4,50.54156249067381,11.241618234012662,16.231548667126585,-4.989930433113923,7.498787620512999,0.3674433525360768,981.8408112727088,957.0475282367007,1,0.27027027027027023,0.00877555256478102,-0.024558287233013787,0.005867769228555808,0.26672565126826636,0.23033665762707187,1.55,259.127,1.57,0.0,2.0
2020-01-31,959.2000122070312,959.2000122070312,959.2000122070312,959.2000122070312,0,45.63862509015941,8.153603491267972,14.615959631954864,-6.462356140686891,7.870102979151475,0.1553880433187528,979.6845446950252,957.1319393727921,1,0.0,-0.018319479916241166,-0.045762036849762655,-0.0198242017810093,0.2733316946771488,0.23111382767990965,1.55,259.127,1.51,0.0,2.0
2020-02-03,968.0,968.0,968.0,968.0,0,48.29421744913945,6.343293491220265,12.961426403807945,-6.618132912587679,8.035306039936406,0.28378410883053784,978.5717309145466,957.558137828761,1,0.0,0.009174299083588133,-0.018156023907901497,-0.016759776536312887,0.27461538532543917,0.23095830863155573,1.58,259.25,1.54,0.0,2.0
2020-02-04,963.4000244140624,963.4000244140624,963.4000244140624,963.4000244140624,0,47.0016818398827,4.48572158129366,11.266285439305088,-6.780563858011428,7.962090075617949,0.22127950651372422,977.126806485929,957.7872314203415,1,0.0,-0.004752040894563603,-0.026966924381625512,0.003123698379568829,0.2602896179800971,0.2312230413291305,1.58,259.25,1.61,0.0,2.0
2020-02-05,984.4000244140624,984.4000244140624,984.4000244140624,984.4000244140624,0,53.164395191607845,4.654453314755187,9.943919014395108,-5.289465699639921,7.751817254433621,0.4766508405273596,977.819493907656,958.8308703612718,1,0.0,0.021797798907854604,0.016312254002037063,0.0190476443209755,0.2706288074239334,0.2313718973315609,1.58,259.25,1.66,0.0,2.0
2020-02-06,964.7000122070312,964.7000122070312,964.7000122070312,964.7000122070312,0,47.57550967915537,3.1620973935188204,8.587554690219852,-5.4254572967010315,7.600128007522155,0.20962884000427037,976.5700194599775,959.0610327865957,1,0.0,-0.020012202070755825,-0.012690577923175628,0.005943704074067968,0.2795912298579125,0.2299356040330612,1.58,259.25,1.65,0.0,2.0
2020-02-07,966.5999755859376,966.5999755859376,966.5999755859376,966.5999755859376,0,48.141730421613005,2.108401401197739,7.29172403241543,-5.183322631217691,7.610918099236411,0.23567283090051205,975.6204914719738,959.3566776022561,1,0.0,0.0019694862183734507,0.007714724024950437,-0.0005170096294305759,0.27804218339326686,0.2277866259653734,1.58,259.25,1.59,0.0,2.0
2020-02-10,964.2999877929688,964.2999877929688,964.2999877929688,964.2999877929688,0,47.473285191551916,1.075353931977702,6.048450012327884,-4.9730960803501825,7.856205750977138,0.22491534210616262,974.5423482644495,959.5505329038527,1,0.0,-0.0023794618777790433,-0.00382232666015625,-0.017223832250112814,0.27277091351418725,0.2261069351351933,1.58,259.25,1.56,0.0,2.0
2020-02-11,970.9000244140624,970.9000244140624,970.9000244140624,970.9000244140624,0,49.63442768552578,0.7802301588359342,4.994806041629495,-4.214575882793561,7.934496268927798,0.3160586936376712,974.1954602786983,959.9956110022923,1,0.0,0.006844381110280295,0.00778492818137666,-0.006548617066249429,0.27382884897414544,0.22620609511135237,1.58,259.25,1.59,0.0,2.0
2020-02-12,964.5,964.5,964.5,964.5,0,47.589697192807,0.029573059567837845,4.001759445217163,-3.9721863856493256,8.150257921338385,0.2520276355095723,973.2720831092985,960.1722537080848,1,0.0,-0.006591847000853468,-0.020215383909511164,-0.01802078190495926,0.27393419862355023,0.22627703193276016,1.58,259.25,1.62,0.0,2.0
2020-02-13,971.9000244140624,971.9000244140624,971.9000244140624,971.9000244140624,0,50.14699105417167,0.03142972354714857,3.2076935008831606,-3.176263777336012,7.504630517426023,0.3633526968330552,973.1414108526093,960.6321662847898,1,0.0,0.007672394415824124,0.007463472702315954,-0.047530379105831355,0.23484639224640158,0.22533536123038242,1.58,259.25,1.61,0.0,2.0
2020-02-14,966.0,966.0,966.0,966.0,0,48.13052949935443,-0.438131016890452,2.478528597328438,-2.91665961421889,7.528399928829351,0.3037656767987995,972.4612764856942,960.8426695677392,1,0.0,-0.006070608360792429,-0.0006207072223169963,-0.029828273418616602,0.220556745093315,0.2258603545727587,1.58,259.25,1.59,0.0,2.0
2020-02-18,991.2999877929688,991.2999877929688,991.2999877929688,991.2999877929688,0,56.25388947877073,1.2172051046204615,2.226263898786843,-1.0090587941663816,6.696860483396194,0.6863722617502623,974.2554394673393,962.0370742040228,1,0.0,0.02619046355379795,0.027999585545775973,-0.027565269715630225,0.2241897999055984,0.22864822757938655,1.58,259.25,1.55,0.0,2.0
2020-02-19,1001.7000122070312,1001.7000122070312,1001.7000122070312,1001.7000122070312,0,59.090176763338235,3.3298811632836305,2.4469873516862006,0.8828938115974299,6.688442383267788,0.8456560552836911,976.869208299691,963.5924835374742,1,0.0,0.010491298842056018,0.03172313010451999,-0.0002993890149388667,0.2197558616821877,0.22888793751061778,1.58,259.25,1.56,0.0,2.0
2020-02-20,976.2000122070312,976.2000122070312,976.2000122070312,976.2000122070312,0,50.45272041547229,2.9129762957030607,2.5401851404895726,0.37279115521348816,5.746348659831358,0.4842378753963408,976.8054753384853,964.0868964264765,1,0.0,-0.025456723259707492,0.012130650292411893,-0.03898402841289306,0.23147726482427408,0.23547693586610624,1.58,259.25,1.52,0.0,2.0
2020-02-21,973.4000244140624,973.4000244140624,973.4000244140624,973.4000244140624,6,49.595459282742496,2.3297842672968727,2.4981049658510326,-0.16832069855415988,5.272760884153213,0.45587538048621823,976.4811466790164,964.4521171318721,1,3.6363636363636367,-0.0028682521593484944,0.0015433686205577057,-0.02825195911759637,0.2271644566989741,0.22794413885335085,1.58,259.25,1.46,0.0,2.0
2020-02-24,971.7000122070312,971.7000122070312,971.7000122070312,971.7000122070312,0,49.05051425340432,1.7107036784713046,2.340624708375087,-0.6299210299037825,4.494860388695568,0.4475786438503192,976.0258005388274,964.7363483112902,1,0.0,-0.001746468219018693,0.005900633754690743,-0.03332670074928368,0.22641920110529784,0.22755073618182867,1.58,259.25,1.38,0.0,2.0
2020-02-25,929.7999877929688,929.7999877929688,929.7999877929688,929.7999877929688,4,37.97516622623221,-2.1362782595192584,1.445244114796218,-3.5815223743154765,5.860909461592733,-0.2271539448161286,971.623342182079,963.3662949576305,1,4.705882352941177,-0.043120329204169305,-0.06203974655232636,-0.05690235848653602,0.26558349605305204,0.24458318179510732,1.58,259.25,1.33,0.0,2.0
2020-02-26,912.2999877929688,912.2999877929688,912.2999877929688,912.2999877929688,9,34.473991070318235,-6.521961792024399,-0.1481970665679055,-6.3737647254564935,7.657278138348446,-0.2425525578127833,965.9734989069257,961.3636946766634,1,6.9230769230769225,-0.01882125212922303,-0.08924830121254435,-0.07857791103057765,0.2700333163492543,0.24502359324259804,1.58,259.25,1.33,0.0,2.0
2020-02-27,903.5999755859376,903.5999755859376,903.5999755859376,903.5999755859376,0,32.85237719497614,-10.577732350621773,-2.234104123378679,-8.343628227243094,9.598160140537546,-0.15329442267784346,960.0331633525459,959.0984507907526,1,0.0,-0.00953635023944055,-0.07437004273023584,-0.06710716667185479,0.262648959519834,0.2456126637777402,1.58,259.25,1.3,0.0,2.0
2020-02-28,862.7999877929688,862.7999877929688,862.7999877929688,862.7999877929688,0,26.546001308538592,-16.889486289125898,-5.1651805565281235,-11.724305732597774,13.24205285361554,-0.25281785657383554,950.7728609183005,955.3220404771141,-1,0.0,-0.04515271015419431,-0.11362238940529024,-0.11697880529003857,0.29870133607659255,0.2633157935130723,1.58,259.25,1.13,0.0,2.0
2020-03-02,858.2999877929688,858.2999877929688,858.2999877929688,858.2999877929688,2,25.954224057768926,-22.001094231952493,-8.532363291612997,-13.468730940339496,16.14988019023009,-0.11699779421006917,941.9659206206499,951.5172540973438,-1,1.9047619047619047,-0.005215577264333193,-0.11670270967322105,-0.10519185063592817,0.29516505949057203,0.261885046360997,0.65,258.076,1.1,0.0,2.0
2020-03-03,868.2000122070312,868.2000122070312,868.2000122070312,868.2000122070312,0,29.668851794688024,-24.965445011883276,-11.818979635667054,-13.146465376216222,17.933929204981393,0.029010458612651373,934.940596009829,948.2499112781159,-1,0.0,0.011534457130215614,-0.06625078123753803,-0.10309916094314953,0.2968188250730968,0.262299701974629,0.65,258.076,1.02,0.0,2.0
2020-03-04,874.0999755859375,874.0999755859375,874.0999755859375,874.0999755859375,0,31.862656384376123,-26.532783216510325,-14.761740351835709,-11.771042864674616,19.196114534460833,0.11510563743345255,929.1462512075536,945.3420706627363,-1,0.0,0.006795626924616327,-0.04187220510595924,-0.09269259556271758,0.2999757053692019,0.26273008189373603,0.65,258.076,1.02,0.0,2.0
2020-03-05,864.5999755859375,864.5999755859375,864.5999755859375,864.5999755859375,0,30.227670936638035,-28.21622160228344,-17.452636601925256,-10.763585000358184,20.219359996588775,0.11374008021098542,922.9989868626378,942.1757139930579,-1,0.0,-0.010868322005880171,-0.04316069173719339,-0.12169854312979389,0.28374289637159944,0.2635917455329706,0.65,258.076,0.92,0.0,2.0
2020-03-06,895.2999877929688,895.2999877929688,895.2999877929688,895.2999877929688,0,40.79964003866985,-26.764598604795196,-19.315029002499244,-7.449569602295952,20.485011109200872,0.29585362338710247,920.3609869512408,940.3374502205054,-1,0.0,0.03550776436955827,0.03766805802018447,-0.07193948744261935,0.31417792459641003,0.273449749027297,0.65,258.076,0.74,0.0,2.0
2020-03-09,861.7000122070312,861.7000122070312,861.7000122070312,861.7000122070312,0,34.61732336739669,-28.002617401597945,-21.052546682318987,-6.950070719278958,21.415174357446634,0.16111294777559595,914.7742274517923,937.2536291219378,-1,0.0,-0.03752929302363317,0.003961347387182457,-0.1085246906977394,0.3361661554484551,0.2787614664918324,0.65,258.076,0.54,0.0,2.0
2020-03-10,868.5,868.5,868.5,868.5,0,36.707584011956286,-28.11100783268421,-22.464238912392034,-5.646768920292175,21.952587232104914,0.22481297926833363,910.3671581706692,934.5574083720579,-1,0.0,0.00789136323156403,0.00034552843670909716,-0.09934666494420474,0.3394744862867728,0.27650213268894624,0.65,258.076,0.76,0.0,2.0
2020-03-11,867.2999877929688,867.2999877929688,867.2999877929688,867.2999877929688,0,36.48590474221022,-27.971303214492877,-23.565651772812203,-4.405651441680675,22.19374723316171,0.2457793391163058,906.2655228966025,931.9198624669956,-1,0.0,-0.0013817066287060698,-0.007779416523162053,-0.10670515399730907,0.33685019479028955,0.27612679947217705,0.65,258.076,0.82,0.0,2.0
2020-03-12,780.9000244140625,780.9000244140625,780.9000244140625,780.9000244140625,0,24.84985229179729,-34.43539151007349,-25.73959972026446,-8.695791789809025,25.51639892484459,-0.05591403728226722,894.3259516125511,925.9975158766845,-1,0.0,-0.09961946799834454,-0.09680771863907556,-0.190357672976607,0.4876624865138549,0.3470405588918125,0.65,258.076,0.88,1.0,2.0
2020-03-13,743.0,743.0,743.0,743.0,0,21.596217146948703,-42.13078580875754,-29.01783693796308,-13.112948870794458,29.666621726577258,-0.0834787384858531,879.9139562208795,918.8211427050499,-1,0.0,-0.04853377286356242,-0.17011056614488296,-0.23551807661704838,0.5016070944880232,0.3598584869448565,0.65,258.076,0.94,2.0,2.0
2020-03-16,656.7000122070312,656.7000122070312,656.7000122070312,656.7000122070312,0,16.34750783466012,-54.56414748142481,-34.12709904665543,-20.43704843476938,37.62208459174599,-0.1813666270205498,858.6554853624178,908.5418826855197,-1,0.0,-0.1161507238128785,-0.237901818609638,-0.3201863227670484,0.6343200523388661,0.43550053168248043,0.65,258.076,0.73,2.0,2.0
2020-03-17,664.4000244140625,664.4000244140625,664.4000244140625,664.4000244140625,0,18.256453959496326,-63.069325624618386,-39.91554436224802,-23.153781262370366,42.38965765337434,-0.05069136147529049,840.1549652720983,898.9676921650704,-1,0.0,0.011725311502817082,-0.23500285041558722,-0.3297689573332051,0.6228152545731083,0.43626727572342316,0.65,258.076,1.02,2.0,2.0
2020-03-18,604.0999755859375,604.0999755859375,604.0999755859375,604.0999755859375,0,15.309992872987607,-73.82444828577866,-46.69732514695415,-27.12712313882451,48.582267951281274,-0.09002256583977022,817.67353768294,887.4042522992221,-1,0.0,-0.09075864932621558,-0.30347055910469944,-0.3969252588357939,0.6656533096345026,0.4730258610252717,0.65,258.076,1.18,2.0,2.0
2020-03-19,595.9000244140625,595.9000244140625,595.9000244140625,595.9000244140625,0,14.956490551359266,-82.06364934415035,-53.77058998639339,-28.29305935775696,54.085962178959676,-0.01800166967834683,796.5522507049517,875.9727139507845,-1,0.0,-0.01357383132472667,-0.2369061265413741,-0.389571791679424,0.666921367893368,0.4720569081066912,0.65,258.076,1.12,2.0,2.0
2020-03-20,621.5999755859375,621.5999755859375,621.5999755859375,621.5999755859375,0,21.105034579725668,-85.53352701042695,-60.12317739120011,-25.410349619226842,56.90630154469426,0.09087144031875745,779.8901292650456,865.9973124462807,-1,0.0,0.043127957910633175,-0.16339168830964002,-0.3614136429058451,0.7046240880920984,0.4778662580829962,0.65,258.076,0.92,2.0,2.0
2020-03-23,617.4000244140625,627.5,609.2000122070312,627.5,48,22.490489193833326,-86.80669386681052,-65.4598806863222,-21.346813180488326,58.294306172071785,0.1419357585912127,765.3767836207555,856.6444766640736,-1,15.238095238095239,0.009491674140593265,-0.04446476574424918,-0.35422456301636407,0.7100805752954533,0.47843379221227406,0.65,258.076,0.76,2.0,2.0
2020-03-24,701.7000122070312,701.7000122070312,701.7000122070312,701.7000122070312,0,37.38306087010898,-80.89584990168623,-68.547074529395,-12.348775372291229,57.6916798392471,0.32275624699814687,759.3123292004009,850.5682231559543,-1,0.0,0.11824703140562742,0.05614085855259221,-0.24532155149557466,0.8475824069351623,0.5355096824000741,0.65,258.076,0.84,2.0,2.0
2020-03-25,745.5,745.5,745.5,745.5,12,44.1987996938372,-71.84894064750085,-69.20744775301618,-2.6414928944846707,56.310797475259754,0.43619141696990305,757.9968692765532,846.4479006792503,-1,3.8709677419354835,0.06241981905516325,0.2340672572895135,-0.18283458294950805,0.8875433099361998,0.5521451341802314,0.65,258.076,0.88,2.0,2.0
2020-03-26,737.0,737.0,737.0,737.0,0,43.21571169409833,-64.62017766319605,-68.28999373505216,3.6698160718561184,54.837922535059235,0.4333588325057094,755.997167440691,842.1558261428091,-1,0.0,-0.011401743796110031,0.23678464474754546,-0.18437359460739933,0.8875540672197019,0.5516950830318841,0.65,258.076,0.83,2.0,2.0
2020-03-27,732.2999877929688,740.0,732.2999877929688,740.0,4971,43.69174897936379,-57.98088840012883,-66.2281726680675,8.247284267938667,54.048345991273884,0.45412396307910263,754.4736276844347,838.1497153136794,-1,19.75362606795152,0.004070556309362372,0.19047623723352847,-0.14232729430964586,0.8783896538417889,0.5506275612930422,0.65,258.076,0.72,2.0,2.0
2020-03-30,739.0999755859375,742.2000122070312,709.7000122070312,723.9000244140625,1529,41.67267244545194,-53.402743714836106,-63.66308687742123,10.260343162585123,53.27428160641969,0.429630990591613,751.5618559443993,833.6693352784004,-1,4.661585365853658,-0.02175672376478044,0.1536255369148407,-0.15658856494277962,0.8797854069333345,0.551203075946329,0.65,258.076,0.7,2.0,2.0
2020-03-31,717.7000122070312,724.4000244140625,713.0999755859375,724.4000244140625,69,41.76268108443575,-49.1674139048223,-60.76395228290144,11.596538378079146,51.91340684674547,0.4469752201310344,748.975014846272,829.3842642641126,-1,0.208176195504601,0.0006907031124978591,0.03235002395914699,-0.16563002277253847,0.8773669507971769,0.5508558496215851,0.65,258.076,0.7,2.0,2.0
2020-04-01,717.0,721.9000244140625,708.9000244140625,712.2999877929688,14,40.14803346115606,-46.2540682410546,-57.86197547453208,11.607907233477484,50.049217875611276,0.4335222362216882,745.4821551269098,824.7927240103423,-1,0.04214963119072709,-0.016703528731768058,-0.044533886260269995,-0.1851046703033128,0.8757201171919965,0.54988435849931,0.05,256.032,0.62,2.0,2.0
2020-04-02,721.0,726.0,721.0,726.0,4,42.842551956088684,-42.351542109153684,-54.759888801456405,12.408346692302722,47.90446809246687,0.4888887998818302,743.6267117814898,820.9184995393485,-1,0.01203550473897999,0.01923348651104173,-0.014925373134328401,-0.16030531980064955,0.8818494716836179,0.5516605225560934,0.05,256.032,0.63,2.0,2.0
2020-04-03,721.7999877929688,722.0,714.0999755859375,714.0999755859375,6,41.11124162929841,-39.76065843076174,-51.760042727317476,11.99938429655574,43.70536500010229,0.47865336283295573,740.8146416676277,816.7295378156854,-1,0.018036975800390802,-0.01639121820118805,-0.035000032991976404,-0.2023902766420369,0.8668710626256447,0.5521663260558293,0.05,256.032,0.62,2.0,2.0
2020-04-06,720.7999877929688,728.0,719.5,728.0,6,43.95996562907209,-36.168817037956615,-48.641797589445304,12.47298055148869,40.26868015631857,0.5481961555812769,739.5941996040441,813.2499480974233,-1,0.01802072383240727,0.01946509576989852,0.005663731796743843,-0.15515841976674893,0.8672070283964834,0.5537333986740788,0.05,256.032,0.67,2.0,2.0
2020-04-07,741.0,741.0,741.0,741.0,0,46.56352937546323,-31.905479000426,-45.29453387164145,13.38905487121545,35.62200844179929,0.6318220815517428,739.7280853560399,810.4166167994852,-1,0.0,0.017857142857142794,0.022915481814574035,-0.14680483592400695,0.8703560540440046,0.5542504331958076,0.05,256.032,0.75,2.0,2.0
2020-04-08,729.5999755859375,731.2999877929688,729.5999755859375,729.5999755859375,2,44.60642342397742,-29.111065345927727,-42.05784016649871,12.94677482057098,29.52650345760665,0.6387804686029572,738.7635034731729,807.2473367518951,-1,0.006005104338687885,-0.015384648332068096,0.024287502582404974,-0.15876860849201502,0.870388774735023,0.5546913412529205,0.05,256.032,0.77,2.0,2.0
2020-04-09,738.4000244140625,744.5999755859375,738.4000244140625,744.5999755859375,1,47.72009902702492,-25.393378689600922,-38.724947871119156,13.331569181518233,28.314969190527012,0.7300442921026444,739.3193579601029,804.790577490485,-1,0.0030021014710297205,0.0205592112142734,0.02561980108255857,-0.04648488627639913,0.7970796732176182,0.5567464104818253,0.05,256.032,0.73,2.0,2.0
2020-04-13,745.7999877929688,745.7999877929688,745.7999877929688,745.7999877929688,3,47.97205792092392,-22.095550521381142,-35.399068401171554,13.303517879790412,28.382465824818613,0.7347926867767844,739.9365608013283,802.4772210317589,-1,0.00900225056264066,0.001611619992448965,0.04439156041284065,0.003768489627145044,0.7771968820711607,0.549748663094886,0.05,256.032,0.76,2.0,2.0
2020-04-14,764.5999755859375,815.7000122070312,764.5999755859375,815.7000122070312,21,60.04989589354195,-13.683910544344826,-31.05603682980621,17.372126285461384,30.91175207079402,0.996559893859028,747.1521276018714,802.9957618621618,-1,0.06281782829793599,0.09372489348104751,0.12046704973493294,0.24211968485524205,0.6907470018209124,0.5814689449783946,0.05,256.032,0.76,2.0,2.0
2020-04-15,800.5999755859375,800.5999755859375,800.5999755859375,800.5999755859375,0,56.973039027479125,-8.142213648413986,-26.473272193527766,18.33105854511378,32.112147546292476,0.8778739948975917,752.242398838449,802.9018094591726,-1,0.0,-0.01851175235395397,0.08043181590544868,0.2049969087403185,0.6986235211167704,0.5795763921728248,0.05,256.032,0.63,2.0,2.0
2020-04-16,789.2999877929688,803.5999755859375,789.2999877929688,789.2999877929688,2,54.71372811558045,-4.609063099207447,-22.100430374663702,17.491367275456255,29.680187412846333,0.8078201492240318,755.7716930245938,802.3684046879489,-1,0.005980861244019139,-0.014114399372418873,0.08182567736393698,0.30657179223918907,0.58849836195955,0.5793172486942508,0.05,256.032,0.61,2.0,2.0
2020-04-17,781.2999877929688,781.2999877929688,781.2999877929688,781.2999877929688,0,53.10803142072336,-2.42657690710314,-18.165659681151592,15.739082774048452,25.331851177514203,0.7630223552475909,758.2029591930104,801.5421922606948,-1,0.0,-0.010135563313980911,0.04928822644420783,0.31112595365507256,0.5865043686583158,0.5782744227108659,0.05,256.032,0.65,2.0,2.0
2020-04-20,792.0,792.0,792.0,792.0,0,55.00982701919423,0.16456369760908274,-14.499615005399457,14.66417870300854,21.8700485141675,0.8146050657115786,761.4217249841523,801.1679886426284,-1,0.0,0.013695139350068164,0.0619469200364966,0.2741313241742629,0.5766584806208815,0.5790799109259535,0.05,256.032,0.63,2.0,2.0
2020-04-21,758.0,758.0,758.0,758.0,0,48.30568853563241,-0.5194664690420723,-11.703585298127981,11.184118829085909,16.656970687196342,0.5840042736528291,761.095846414233,799.4751263429175,-1,0.0,-0.04292929292929293,-0.07073680439321428,0.2079681274900398,0.6100288842150057,0.5846033444879505,0.05,256.032,0.58,2.0,2.0
2020-04-22,764.9000244140625,764.9000244140625,764.9000244140625,764.9000244140625,1,49.646864045022305,-0.49903839599130606,-9.462675917700647,8.963637521709341,15.707875667928423,0.6204218556576921,761.4581490808835,798.1192399927663,-1,0.003011594639361542,0.009102934583195887,-0.04459149670314089,0.09006699602049406,0.4757081414133653,0.5844588049007393,0.05,256.032,0.63,2.0,2.0
2020-04-23,787.5999755859375,787.5999755859375,787.5999755859375,787.5999755859375,0,53.8856182058378,1.3334758675000558,-7.303445560660506,8.636921428160562,16.215664437209515,0.785035759502711,763.9478468432695,797.7067198199495,-1,0.0,0.029677017188310062,-0.0021538226698631924,0.0564721335827465,0.43811787193006274,0.5882403283431641,0.05,256.032,0.61,2.0,2.0
2020-04-24,773.4000244140625,773.4000244140625,773.4000244140625,773.4000244140625,0,50.99377034617187,1.6212504719946992,-5.518506354129466,7.139756826124165,16.223431030161176,0.6533580886170393,764.8480542309641,796.7535160785422,-1,0.0,-0.018029395139722904,-0.010111306159394928,0.04938944967986769,0.4416487854042377,0.5877953372762471,0.05,256.032,0.6,2.0,2.0
2020-04-27,776.5999755859375,776.5999755859375,776.5999755859375,776.5999755859375,0,51.62382078670774,2.0835058770104524,-3.9981039079014824,6.081609784911935,16.271210957734823,0.6636680342677174,765.9672848361996,795.9631811572636,-1,0.0,0.004137511082055179,-0.019444475270280925,0.049459426467483025,0.4416521566850193,0.5874529290768224,0.05,256.032,0.67,2.0,2.0
2020-04-28,792.0,792.0,792.0,792.0,4,54.645883556817346,3.650420111953622,-2.468399103930462,6.118819215884084,16.186207729149775,0.7613167551562492,768.4465910422758,795.8077622883513,-1,0.6015037593984962,0.019830060389125492,0.04485488126649084,0.09407373019645737,0.43581860570929715,0.5885837323219145,0.05,256.032,0.62,2.0,2.0
2020-04-29,795.4000244140625,795.4000244140625,795.4000244140625,795.4000244140625,2,55.30967362801921,5.107686259404545,-0.9531820312634603,6.060868290668005,16.005639547490976,0.7618085181082945,771.0135846967318,795.791772567791,-1,0.6060606060606061,0.004292960118765787,0.03987449212511662,0.0980121446812885,0.4355891071079758,0.5882338537875341,0.05,256.032,0.63,2.0,2.0
2020-04-30,807.5999755859375,809.5,807.5999755859375,809.5,1,58.051568364926666,7.3159961224178005,0.7006535994727918,6.615342522945008,15.489782514261918,0.8464608719800986,774.6789575827573,796.3293501141521,-1,0.37735849056603776,0.017726898608438457,0.02780602474977223,0.13645937648855133,0.43013508617948876,0.5897710666679268,0.05,256.032,0.64,1.0,2.0
2020-05-01,769.9000244140625,769.9000244140625,769.9000244140625,769.9000244140625,0,48.96527613177942,5.8038078359013525,1.721284446758504,4.082523389142849,14.60225410768353,0.49497826198506195,774.2238210905007,795.2929059690506,-1,0.0,-0.0489190556960315,-0.004525471799217584,0.06046835318741395,0.4713100026034395,0.5953530048646679,0.05,255.802,0.64,2.0,2.0
2020-05-04,774.2000122070312,774.2000122070312,774.2000122070312,774.2000122070312,2,49.88259081038884,4.895923642361481,2.3562122858790997,2.5397113564823814,12.917432084536134,0.5073065363980463,774.2215535777893,794.4657336646577,-1,0.8888888888888888,0.0055851248949385646,-0.0030903469667192818,0.0841619362495849,0.46570094759636704,0.5947160443698847,0.05,255.802,0.64,2.0,2.0
2020-05-05,780.0999755859375,780.0999755859375,780.0999755859375,780.0999755859375,0,51.179244052308015,4.599476710214617,2.8048651707462033,1.7946115394684137,11.70730011043724,0.5442999398410425,774.7814032928511,793.9023706027472,-1,0.0,0.007620722404908076,-0.015025283351088992,0.0715659005301339,0.4624657284134747,0.5950552192610251,0.05,255.802,0.66,2.0,2.0
2020-05-06,760.9000244140625,760.9000244140625,760.9000244140625,760.9000244140625,0,46.92452745407396,2.783181992283744,2.8005285350537115,-0.0173465427699675,11.099527153036096,0.3125244245133055,773.459367209157,792.608160948289,-1,0.0,-0.024612167379512884,-0.04337440148485627,0.02685563348726383,0.4697432741660871,0.5966531073849637,0.05,255.802,0.72,2.0,2.0
2020-05-07,777.5,777.5,777.5,777.5,0,50.73767560354282,2.652656468084615,2.770954121659892,-0.1182976535752771,9.553230540945801,0.4736114490560579,773.8441893797135,792.0156840483561,-1,0.0,0.021816237420573703,-0.039530574428659704,0.06565244793983749,0.47056612084609134,0.5985548663503324,0.05,255.802,0.63,2.0,2.0
2020-05-08,784.7000122070312,784.7000122070312,784.7000122070312,784.7000122070312,0,52.33716065848792,3.0945231255484487,2.8356679224376036,0.2588552031108451,8.612695757572721,0.5479902024772004,774.8780772680295,791.7287949565394,-1,0.0,0.009260465861133493,0.019223259285167993,0.05385446942774652,0.46682243279880137,0.5991050640625977,0.05,255.802,0.69,2.0,2.0
2020-05-11,776.7000122070312,776.7000122070312,776.7000122070312,776.7000122070312,0,50.37983336918189,2.767273092216101,2.8219889563933034,-0.05471586417720253,7.547065442644989,0.3931377081275754,775.0515948812678,791.139430927147,-1,0.0,-0.010194978814259681,0.003229139706253825,0.041432052721674495,0.4690556719491559,0.5988134920537306,0.05,255.802,0.73,2.0,2.0
2020-05-12,772.7999877929688,772.7999877929688,772.7999877929688,772.7999877929688,0,49.409708567906264,2.1682316815921467,2.691237501433072,-0.5230058198409253,6.58916388948168,0.3431569753688657,774.8371561109535,790.420237078748,-1,0.0,-0.005021275077594534,-0.00935775928910354,-0.052592894167045934,0.3362343082747452,0.5987996910556672,0.05,255.802,0.69,2.0,2.0
2020-05-13,765.2000122070312,765.2000122070312,765.2000122070312,765.2000122070312,0,47.49056369507582,1.0679221914092523,2.3665744394283084,-1.298652248019056,6.394884587823108,0.2210100254720533,773.9193328820086,789.4312086524061,-1,0.0,-0.009834337093666656,0.005651186299119981,-0.04421679297828851,0.3321109037488092,0.5957324615292662,0.05,255.802,0.64,2.0,2.0
2020-05-14,770.4000244140625,770.4000244140625,770.4000244140625,770.4000244140625,0,48.95157855846326,0.6085020866540845,2.014959968873464,-1.4064578822193794,6.354794786165987,0.3431758065069727,773.5841606469661,788.6848877018829,-1,0.0,0.006795624835437497,-0.00913180139670422,-0.023945221932353156,0.33044327306728905,0.5953921769631565,0.05,255.802,0.63,2.0,2.0
2020-05-15,812.5,812.5,812.5,812.5,0,58.917848057068504,3.6000256742665897,2.3319731099520893,1.2680525643145004,7.414396306238197,1.0671049358910618,777.2904310615407,789.6188136743581,-1,0.0,0.05464690323440369,0.0354275358232492,0.03993346050748792,0.3804411603249997,0.6051871419384149,0.05,255.802,0.64,1.0,2.0
2020-05-18,864.7000122070312,864.7000122070312,864.7000122070312,864.7000122070312,0,67.41295319320774,10.06688956513051,3.8789564009877737,6.187933164142736,11.967068045926236,1.3677886752508261,785.615153075397,792.5631744011296,-1,0.0,0.0642461688701923,0.11329985659449604,0.09179294470584765,0.43543868468243735,0.6198197000860022,0.05,255.802,0.73,1.0,2.0
2020-05-19,885.0,885.0,885.0,885.0,0,70.01012172512596,16.63817067604259,6.430799255998737,10.207371420043854,15.964901153601499,1.255900264830094,795.0803765920258,796.1881479540265,-1,0.0,0.023476335730764797,0.1451863534929161,0.1675461741424802,0.40051887116699575,0.6219643694392919,0.05,255.802,0.7,0.0,2.0
2020-05-20,929.9000244140624,929.9000244140624,929.9000244140624,929.9000244140624,40,74.79505944139684,25.178769839548067,10.180393372708604,14.998376466839463,21.720241099814285,1.2613233163252933,807.9203430512674,801.4317509524593,1,16.3265306122449,0.05073449086334736,0.21523785883378976,0.21571446559489282,0.4271072794986799,0.6241988885539282,0.05,255.802,0.68,0.0,2.0
2020-05-21,861.9000244140625,861.9000244140625,861.9000244140625,861.9000244140625,0,59.35057160420637,26.15868348799779,13.376051395766442,12.78263209223135,22.661531435436583,0.8315635995580086,813.0612650858193,803.8030557940908,1,0.0,-0.07312614067608747,0.11876946664116672,0.09433729193915896,0.5171776151504847,0.6422478923991886,0.05,255.802,0.68,0.0,2.0
2020-05-22,881.7000122070312,881.7000122070312,881.7000122070312,881.7000122070312,0,61.82256891731752,28.207803652028474,16.34240184701885,11.865401805009625,23.839755442566492,0.8878259670151053,819.5982886211729,806.8578383985199,1,0.0,0.022972487796864005,0.08516924579326912,0.14003101160362408,0.5137349324470878,0.643801664333134,0.05,255.802,0.66,0.0,2.0
2020-05-26,868.7000122070312,868.7000122070312,868.7000122070312,868.7000122070312,0,59.27386204736912,28.45474618906644,18.76487071542837,9.689875473638072,24.32239002275639,0.7887987927480835,824.2746432483974,809.2830216851282,1,0.0,-0.014744243869815765,0.004625881743415938,0.11859392160243787,0.5193116056888384,0.6374515021153926,0.05,255.802,0.69,1.0,2.0
2020-05-27,873.5,873.5,873.5,873.5,1,59.930711640893705,28.706854084030283,20.753267389148753,7.95358669488153,24.95933000540474,0.7835837697471896,828.9627724628358,811.8013345602212,1,0.4347826086956522,0.005525483740668857,-0.012994350282485856,0.10290404040404044,0.5166630590849197,0.6374470007568895,0.05,255.802,0.68,0.0,2.0
2020-05-28,867.7000122070312,867.7000122070312,864.0,864.0,1,57.93897607240112,27.819396120437432,22.16649313540649,5.652902985030941,25.25385844387903,0.7166020051172651,832.299651275899,813.8483410480557,1,0.4444444444444444,-0.010875787063537534,-0.07086785964500486,0.08624588066422567,0.5197180529993458,0.6374228819668685,0.05,255.802,0.7,0.0,2.0
2020-05-29,870.5,870.5,870.5,870.5,0,58.94435450339728,27.325582660409623,23.19831104040712,4.127271620002503,25.70748830504374,0.7283121316678728,835.9377797258134,816.0699747324456,1,0.0,0.00752314814814814,0.009977927070815351,0.07535515750463251,0.5174891874666309,0.6374577725729984,0.05,255.802,0.65,1.0,2.0
2020-06-01,897.0,897.0,897.0,897.0,0,62.84376230346029,28.741249235482883,24.306898679422275,4.434350556060608,25.972457951128607,0.8178574805969269,841.7532292757359,819.2437012135263,1,0.0,0.0304422745548536,0.017352827017287353,0.16508633790818195,0.48412302125991885,0.6399908167737743,0.08,257.042,0.66,0.0,2.0
2020-06-02,864.5999755859375,864.5999755859375,864.5999755859375,864.5999755859375,0,55.858264557071244,26.938236778529813,24.833166299243786,2.1050704792860273,25.36528362239865,0.6489905096017009,843.9291098767075,821.0223786398954,1,0.0,-0.03612042855525366,-0.004719738187498268,0.11676564447629079,0.5092235640370466,0.6404519658620415,0.08,257.042,0.68,0.0,2.0
2020-06-03,857.7999877929688,857.7999877929688,857.7999877929688,857.7999877929688,0,54.489294824720595,24.676182559215476,24.801769551238124,-0.12558699202264734,24.674986975809077,0.6007118466788677,845.2501458687324,822.4646378223688,1,0.0,-0.007864894731647865,-0.017973683121959128,0.09960263381455725,0.5113517428734328,0.6358306882867267,0.08,257.042,0.77,0.0,2.0
2020-06-04,862.7999877929688,862.7999877929688,862.7999877929688,862.7999877929688,0,55.355695972784645,23.021568198679006,24.4457292807263,-1.424161082047295,23.191125233747155,0.6060210197556001,846.9215593853263,824.0464162525884,1,0.0,0.005828864620136542,-0.0013889030173972472,0.1339203050458242,0.4991949098866051,0.6357353373776886,0.08,257.042,0.82,1.0,2.0
2020-06-05,830.0999755859375,830.0999755859375,830.0999755859375,830.0999755859375,0,48.81104947561145,18.854315880333843,23.32744660064781,-4.473130720313968,22.085447388501997,0.4216073871190185,845.3195037853845,824.2838107362492,1,0.0,-0.03789987560231367,-0.04641013717870479,0.06765270171824755,0.5200484661416258,0.6406196635505791,0.08,257.042,0.91,1.0,2.0
2020-06-08,860.7000122070312,860.7000122070312,860.7000122070312,860.7000122070312,0,54.26073872825523,17.815539169007366,22.225065114319722,-4.409525945312357,21.04758958441867,0.56817141143511,846.7843141112556,825.7118970684368,1,0.0,0.036863073751441044,-0.04046821381601873,0.09685229873546697,0.5328024258508973,0.6069756847307156,0.08,257.042,0.88,2.0,2.0
2020-06-09,862.2999877929688,862.2999877929688,862.2999877929688,862.2999877929688,10,54.53330055728107,16.926290063923034,21.165310104240387,-4.239020040317353,19.490406815051017,0.5571246673421384,848.2619973190378,827.1467241556734,1,3.846153846153846,0.0018589236240798002,-0.0026601756395031595,0.11020982907248955,0.5300472985505152,0.5974594414312229,0.08,257.042,0.84,2.0,2.0
2020-06-10,849.5,849.5,849.5,849.5,49,51.87027507044044,15.015611082848977,19.935370299962106,-4.919759217113128,17.424558929505015,0.45216583293750545,848.3799023362724,828.0233232083921,1,9.702970297029703,-0.014844007855931873,-0.009675901038800117,0.09924949976523423,0.5337517756603425,0.5382026603212777,0.08,257.042,0.75,2.0,2.0
2020-06-11,826.0999755859375,826.0999755859375,826.0999755859375,826.0999755859375,0,47.320840460028194,11.480853681935855,18.244466976356858,-6.763613294421003,14.800326222684959,0.23604187255495676,846.2580045505262,827.9478978114331,1,0.0,-0.02754564380701885,-0.04253594428172092,0.07958698694117272,0.5440521171468289,0.5419902787447419,0.08,257.042,0.66,2.0,2.0
2020-06-12,820.5999755859375,820.5999755859375,820.5999755859375,820.5999755859375,0,46.29309363707805,8.141874479716876,16.223948477028863,-8.082073997311987,12.127252158959804,0.10219205047862562,843.8143827443748,827.6597439986685,1,0.0,-0.006657789810608494,-0.01144440462523122,0.06516088990269076,0.5451811858223647,0.5019744919858508,0.08,257.042,0.71,2.0,2.0
2020-06-15,823.2999877929688,823.2999877929688,823.2999877929688,823.2999877929688,0,46.902761564957586,5.6484658280581925,14.10885194723473,-8.460386119176537,11.685031440344734,0.10882179317623349,841.8606308442409,827.4887731670725,1,0.0,0.0032902903818676776,-0.0434530311184268,0.013292292668269257,0.5121974149924122,0.50046679335496,0.08,257.042,0.71,2.0,2.0
2020-06-16,845.5,845.5,845.5,845.5,1,51.75241760818056,5.401511694948567,12.367383896777497,-6.96587220182893,11.823874223350161,0.34027708597107964,842.2072374305036,828.1950957879717,1,0.19607843137254904,0.026964669666208918,-0.01948276473477384,-0.02220424648546704,0.4691418353613592,0.4965654765291642,0.08,257.042,0.75,2.0,2.0
2020-06-17,839.7999877929688,839.7999877929688,839.7999877929688,839.7999877929688,0,50.47760886443469,4.691771594715419,10.832261436365082,-6.1404898416496625,11.78228108100666,0.3053232299657512,841.9779755602622,828.6501895920892,1,0.0,-0.00674158747135567,-0.011418495829348174,-0.051073460120939274,0.46051160540190744,0.49707429372690143,0.08,257.042,0.74,2.0,2.0
2020-06-18,813.7999877929688,813.7999877929688,813.7999877929688,813.7999877929688,0,45.028962997663555,2.0081658569861247,9.06744232048929,-7.059276463503165,10.093536433009993,0.0368431622500026,839.2943576776628,828.0678287372217,1,0.0,-0.030959752772001248,-0.014889224254297506,-0.12485217074195609,0.4274722974855059,0.4499317243059396,0.08,257.042,0.71,2.0,2.0
2020-06-19,828.9000244140625,828.9000244140625,828.9000244140625,828.9000244140625,0,48.50544850860863,1.0873019939865571,7.471414255188744,-6.384112261202187,10.378728412677136,0.23810713202824016,838.3044211763676,828.1004638618037,1,0.0,0.018554972779054824,0.010114610132907265,-0.03828750326632613,0.3485926606780282,0.4347256184059904,0.08,257.042,0.7,2.0,2.0
2020-06-22,845.2999877929688,845.2999877929688,845.2999877929688,845.2999877929688,0,52.05215422362381,1.6616957384553643,6.309470551842068,-4.647774813386704,9.911107416066125,0.4413775831204432,838.9706656160439,828.7749549963593,1,0.0,0.01978521280717671,0.026721730020883072,-0.04128391052524505,0.345829263667461,0.4353465250746205,0.08,257.042,0.71,2.0,2.0
2020-06-23,847.5999755859375,847.5999755859375,847.5999755859375,847.5999755859375,0,52.54578924748746,2.276257433549972,5.502827928183649,-3.226570494633677,9.722352513885015,0.4808018252188602,839.7925046607957,829.5131910979114,1,0.0,0.002720913079596654,0.0024837085581757012,-0.024289209536772938,0.3428515620956774,0.43533179875398353,0.08,257.042,0.72,2.0,2.0
2020-06-24,805.7999877929688,805.7999877929688,805.7999877929688,805.7999877929688,0,43.73353943364522,-0.6026605772373159,4.281730227099456,-4.884390804336772,10.35167076345878,0.0431413021260256,836.555122101955,828.5832615565412,1,0.0,-0.04931570197848678,-0.0404858305480017,-0.0775043070486906,0.38360411729982163,0.4459434024785793,0.08,257.042,0.69,2.0,2.0
2020-06-25,803.9000244140625,803.9000244140625,803.9000244140625,803.9000244140625,0,43.37744384349739,-3.0029192247213814,2.8248003367352887,-5.82771956145667,11.04223142339389,0.08205934074769923,833.4451127983463,827.6152914725225,1,0.0,-0.002357859776233262,-0.012165106325148778,-0.06956015692816842,0.3827645562792779,0.4460192602387713,0.08,257.042,0.68,2.0,2.0
2020-06-26,811.0999755859375,811.0999755859375,811.0999755859375,811.0999755859375,5109,45.198459743472334,-4.274887368159398,1.4048627957563515,-5.679750163915749,11.112247097725662,0.19219931348729638,831.3170044924026,826.9676320259897,1,19.76784677887406,0.008956276841915578,-0.021474301247255467,-0.06823667365199593,0.38334407975082435,0.44455784773311197,0.08,257.042,0.64,2.0,2.0
2020-06-29,807.5,819.0,805.4000244140625,816.7999877929688,1851,46.66097451554823,-4.7680251122503705,0.1702852141550071,-4.938310326405378,9.46692152672177,0.25968689632831715,829.9344314734088,826.5689008795968,1,5.273504273504273,0.00702750878880698,-0.033715841016881964,-0.08940915519178516,0.3649257109195343,0.4432870965941725,0.08,257.042,0.64,2.0,2.0
2020-06-30,819.5,843.5,816.2999877929688,840.7000122070312,171,52.39744781383206,-3.1934954700346907,-0.5024709226829325,-2.6910245473517582,8.96156818393919,0.5812890823880033,830.959724876611,827.1230621081236,1,0.47559449311639546,0.029260559220429805,-0.008140589402608644,-0.0276427990443896,0.3626962905760406,0.44495147450455425,0.08,257.042,0.66,2.0,2.0
2020-07-01,845.0,845.0,817.9000244140625,825.2999877929688,38,48.758639121397266,-3.151988490274789,-1.0323744362013039,-2.119614054073485,8.649916392057415,0.3932041036578743,830.4207022972164,827.0515689977253,1,0.10513210679208743,-0.018318097050616045,0.02419955360561521,-0.037887620030887526,0.36713333995482805,0.44567970482736374,0.09,258.352,0.69,2.0,2.0
2020-07-02,828.0,829.2000122070312,817.7999877929688,822.5,8,48.10452365179656,-3.3069095296140176,-1.4872814548838467,-1.819628074730171,8.076381649312692,0.37364626727314354,829.6663496974815,826.8730760958538,1,0.022108608539450045,-0.0033926909419403906,0.023137175047972525,-0.04670837779686998,0.36601089700206096,0.4446198368163588,0.09,258.352,0.68,2.0,2.0
2020-07-06,820.0,840.0,820.0,827.7999877929688,67,49.48592124859363,-2.967809784590372,-1.783387120825152,-1.1844226637652202,8.084005618367723,0.4543675076944796,829.4886009446707,826.909425574172,1,0.18346111719605696,0.006443754155585069,0.02058933881112157,-0.0027707358879818234,0.3409167385632454,0.4432564881739707,0.09,258.352,0.69,2.0,2.0
2020-07-07,835.7999877929688,853.7999877929688,830.4000244140625,853.7999877929688,106,55.71380784058677,-0.5942380779811174,-1.545557312256345,0.9513192342752277,7.820152105284256,0.8584409376920128,831.8039711206991,827.9639574258896,1,0.28609986504723345,0.03140855325369074,0.04529872741547858,-0.008016758819799796,0.3339019712034755,0.4456390897827513,0.09,258.352,0.65,2.0,2.0
2020-07-08,851.5999755859375,874.0,851.5999755859375,874.0,105,59.854976705795394,2.8835668035754907,-0.659732489089978,3.5432992926654685,8.437284412572794,1.1117136422078606,835.8226405377753,829.7692924287959,1,0.2798134576948701,0.023658951154646113,0.03960983384019312,0.013568378026975303,0.3444116375024688,0.4477282343229437,0.09,258.352,0.67,2.0,2.0
2020-07-09,874.9000244140625,881.2000122070312,834.0,836.5999755859375,102,50.448850303812726,2.592003816737929,-0.009385227924396607,2.6013890446623256,8.223564567877279,0.5899059485608641,835.896672447124,830.037162356527,1,0.26991267531092883,-0.04279178994743993,0.013691976202722778,-0.015185431917672187,0.3754816313280453,0.4196356872200318,0.09,258.352,0.62,2.0,2.0
2020-07-10,844.5,845.0,836.5999755859375,836.5999755859375,17,50.448850303812726,2.334032772158821,0.45929837209224694,1.874734400066574,8.227651578684648,0.5821257712553942,835.9636536984397,830.2945275812098,1,0.044884488448844885,0.0,0.017142827460106425,0.012710326002070893,0.3615079115333861,0.4177448009145673,0.09,258.352,0.65,2.0,2.0
2020-07-13,836.7999877929688,859.0,836.7999877929688,854.0999755859375,17,54.34251095127982,3.501331437834324,1.0677049852406624,2.4336264525936615,8.467314195415678,0.8040962653101946,837.69092244963,831.2280745617874,1,0.04478398314014752,0.02091800204481631,0.031770944891033714,0.040823788687148976,0.367184628852688,0.4185364567290371,0.09,258.352,0.64,2.0,2.0
2020-07-14,841.2000122070312,842.5999755859375,817.5,828.2000122070312,20,48.29406369858447,2.309886516751817,1.3161412915428934,0.9937452252089236,8.417747685568203,0.4328932114914387,836.7870262360491,831.1093270184637,1,0.05254860746190226,-0.030324275985534555,-0.02998357455135625,0.005951687704014219,0.3850928564080493,0.4230613178359323,0.09,258.352,0.63,2.0,2.0
2020-07-15,834.2999877929688,838.7000122070312,832.0,835.0,25,49.87160825357913,1.892543949339938,1.4314218231023024,0.4611221262376357,8.312837176732787,0.5378644452583942,836.6168332611873,831.2619024295043,1,0.06547930853850183,0.008210562295027923,-0.04462242562929064,-0.012418687167356612,0.37378246954631816,0.4225152588533652,0.09,258.352,0.64,2.0,2.0
2020-07-16,838.2999877929688,839.0,828.7999877929688,828.7999877929688,5,48.421019677736844,1.049410833577781,1.3550196251973983,-0.3056087916196173,8.284706461291847,0.4560325146401013,835.8723717880235,831.1653567574833,1,0.013087292239235701,-0.0074251643197978945,-0.009323437748735008,-0.013098356942000566,0.3739404078146268,0.412510034017064,0.09,258.352,0.62,2.0,2.0
2020-07-17,824.0999755859375,843.7999877929688,824.0999755859375,841.9000244140625,12,51.62283267301561,1.421894523668243,1.3683946048915674,0.05349991877667559,8.085345541830561,0.6286186597278008,836.4464339428844,831.5863241165649,1,0.03136025088200706,0.015806028974467257,0.006335224698533981,0.034529413913240825,0.3596199703278055,0.4132516851292533,0.09,258.352,0.64,2.0,2.0
2020-07-20,847.0,850.7000122070312,847.0,850.7000122070312,8,53.7019552961955,2.3995158766120994,1.5746188592356738,0.8248970173764256,8.259456189142789,0.7376266177089198,837.8039175870888,832.3358805122695,1,0.020885001957968934,0.010452533006033882,-0.003980755738312469,0.026299900049320035,0.3558017152530179,0.40965570525603867,0.09,258.352,0.62,2.0,2.0
2020-07-21,863.2000122070312,911.4000244140624,863.2000122070312,911.4000244140624,103,64.90578684591918,7.980279837723174,2.855751054933174,5.12452878279,11.469612454100917,1.2678545947827053,844.8130706182292,835.4364351750849,1,0.26532715095311693,0.07135301673448069,0.10045883962898694,0.07819713424304808,0.4256705295956437,0.4303454340092264,0.09,258.352,0.61,2.0,2.0
2020-07-22,920.0,949.2999877929688,900.5,949.2999877929688,69,69.81711900826092,15.285088796595119,5.341618603265563,9.943470193329556,16.232673009140967,1.2791575656241558,854.764205587252,839.901672532649,1,0.17617770968977403,0.04158433439067788,0.13688621292571113,0.11998586023640101,0.445374067241632,0.43733647325933217,0.09,258.352,0.6,0.0,2.0
2020-07-23,949.5999755859376,964.0,939.5,955.0999755859376,123,70.49756648904824,21.296717761570903,8.532638434926632,12.764079326644271,19.26830046824357,1.1404775426129166,864.3199932061744,844.4192530445426,1,0.3092006033182504,0.006109752309650052,0.15238898365490572,0.18528169527762262,0.3927875287981895,0.43606074560333413,0.09,258.352,0.59,0.0,2.0
2020-07-24,939.7999877929688,949.0999755859376,939.7999877929688,947.9000244140624,15,68.43503970150985,25.18963075732472,11.86403689940625,13.325593857918472,20.841978326644142,1.0065617535600455,872.2799961783543,848.477322510014,1,0.03763643206624012,-0.007538426715442248,0.1259056858607086,0.17912675161934088,0.39512447755157093,0.4366017670704827,0.09,258.352,0.59,0.0,2.0
2020-07-27,951.7000122070312,965.5999755859376,951.7000122070312,958.5999755859376,5,69.84690820465208,28.806129855944278,15.252455490713857,13.553674365230421,22.4068279951831,0.9843257787832848,880.5009465981241,852.7958579247561,1,0.03487966515521451,0.011288058757556563,0.12683667783073593,0.1818518116628549,0.39526193049308334,0.4358854318783105,0.09,258.352,0.62,0.0,2.0
2020-07-28,954.5999755859376,979.4000244140624,942.9000244140624,977.9000244140624,143,72.25735812697138,32.85089937128373,18.772144266827834,14.078755104455897,24.279665415769863,0.9959056919773858,889.7770492472611,857.7019036694348,1,2.467644521138913,0.02013357951144079,0.07296466778432742,0.1972331525816906,0.3973352124365159,0.4229796720983811,0.09,258.352,0.59,0.0,2.0
2020-07-29,950.5999755859376,950.5999755859376,950.5999755859376,950.5999755859376,0,64.41344959190931,33.467727439789996,21.711260901420268,11.756466538369729,25.05889950278391,0.8284738445753006,895.5697088985636,861.3449653132193,1,0.0,-0.027917014159481557,0.0013694172650220438,0.13072435087801848,0.41104227885295,0.4281067774297447,0.09,258.352,0.58,1.0,2.0
2020-07-30,905.9000244140624,905.9000244140624,905.9000244140624,905.9000244140624,0,54.06460661100386,30.003790620039467,23.36976684514411,6.634023774895358,24.45080453090646,0.6092298354859139,896.5535484714683,863.0922225328602,1,0.0,-0.04702288272658828,-0.05151288077637306,0.09766150225766457,0.4465893455326199,0.44084655500769354,0.09,258.352,0.55,2.0,2.0
2020-07-31,912.2000122070312,912.2000122070312,912.2000122070312,912.2000122070312,0,55.15810104796654,27.45051959522914,24.185917395161116,3.2646022000680226,23.672166333740712,0.6208977939158762,898.0436878748552,865.0180182063572,1,0.0,0.006954396316573241,-0.037662212562025066,0.10905776560125391,0.4456216018837212,0.4372049810468594,0.09,258.352,0.55,2.0,2.0
2020-08-03,924.9000244140624,924.9000244140624,924.9000244140624,924.9000244140624,9,57.361630408247876,26.150373531391892,24.578808622407273,1.5715649089846195,23.001826929941117,0.6619930516811374,900.6014342119225,867.3663321752869,1,0.20361990950226244,0.01392239863744793,-0.035155384967829106,0.11729891042880536,0.4466701206039636,0.4360863347395041,0.1,259.316,0.56,2.0,2.0
2020-08-04,949.0999755859376,949.0999755859376,949.0999755859376,949.0999755859376,9,61.267399276288074,26.764211055983537,25.015889109122526,1.7483219468610116,23.18407205274203,0.7533784726839216,905.2203429142097,870.5715730933516,1,0.22871664548919948,0.026164937326286886,-0.029450913292880965,0.11161863335148858,0.4431818336704092,0.43843760754743716,0.1,259.316,0.52,1.0,2.0
2020-08-05,976.9000244140624,983.4000244140624,976.9000244140624,983.4000244140624,2,66.01868418152067,29.676318868593967,25.947975061016816,3.7283438075771507,24.38307668791002,0.8705550510837867,912.6660268665767,874.9962182431834,1,0.05847953216374269,0.036139552955892995,0.034504575710626595,0.12517165264766872,0.4517482776586298,0.4424640327525569,0.1,259.316,0.55,0.0,2.0
2020-08-06,1002.4000244140624,1009.5999755859376,993.7999877929688,1009.5999755859376,16,69.13336877421058,33.709717745534135,27.500323597920282,6.209394147613853,25.29023030628127,0.9300799228272836,921.8978315065158,880.2747969625071,1,0.5351170568561873,0.026642211227812407,0.11447173901882657,0.20678939164304233,0.41673949448102887,0.444406083840422,0.1,259.316,0.55,0.0,2.0
2020-08-07,965.0999755859376,965.0999755859376,965.0999755859376,965.0999755859376,0,59.20698539939353,32.935774213273135,28.587413720990853,4.348360492282282,24.47585093250529,0.7143780088672879,926.0123214188417,883.6012745555829,1,0.0,-0.044076863189476345,0.057991627571805315,0.15359790072908064,0.45881685997473415,0.45498330504199425,0.1,259.316,0.57,0.0,2.0
2020-08-10,997.5,997.5,997.5,997.5,0,63.3348615923209,34.538689071874046,29.777668791167493,4.761020280706553,24.573518412624512,0.822967142374837,932.8206717599044,888.0678912396777,1,0.0,0.03357167675233996,0.07849494396103052,0.16789606429351078,0.4656768978261174,0.45886229751628643,0.1,259.316,0.59,0.0,2.0
2020-08-11,966.5999755859376,966.5999755859376,966.5999755859376,966.5999755859376,0,57.37219536716971,32.93597153977714,30.409329340889425,2.5266421988877177,22.753775278000752,0.6676855570236498,936.0377483147647,891.1475808218839,1,0.0,-0.03097746808427304,0.018438521178125722,0.16710934718545922,0.46642237255710256,0.4530967884911852,0.1,259.316,0.64,0.0,2.0
2020-08-12,954.4000244140624,954.4000244140624,954.4000244140624,954.4000244140624,0,55.16400057574451,30.33172698052283,30.39380886881611,-0.0620818882932781,20.628180372923403,0.5897850088853975,937.7865365146978,893.628068805891,1,0.0,-0.012621509911046491,-0.029489525401709238,0.14299404121444592,0.47200952430379656,0.4368974174300491,0.1,259.316,0.69,0.0,2.0
2020-08-13,978.0999755859376,978.0999755859376,978.0999755859376,978.0999755859376,0,58.50520877505097,29.836298123245,30.28230671970189,-0.4460085964568883,17.856907381495184,0.6991575951886334,941.6259116643397,896.9406926011869,1,0.0,0.02483230361024491,-0.031200476190303417,0.18013994931460275,0.47295752875581876,0.4371848114033918,0.1,259.316,0.71,0.0,2.0
2020-08-14,954.4000244140624,954.4000244140624,954.4000244140624,954.4000244140624,0,54.15880156377117,27.21753242222826,29.669351860207165,-2.451819437978905,14.732960006912021,0.5304681533446528,942.84249383098,899.1939997311036,1,0.0,-0.024230601946061414,-0.011086883683090965,0.13362631754084653,0.4859715881425954,0.4288396774515478,0.1,259.316,0.71,0.0,2.0
2020-08-17,963.2999877929688,963.2999877929688,963.2999877929688,963.2999877929688,0,55.495893940684375,25.565590191860338,28.8485995265378,-3.2830093346774625,11.13044372868155,0.5708302847120875,944.7908265892646,901.7079600472553,1,0.0,0.009325191901970342,-0.03428572652333961,0.13236155397930638,0.4858619902442706,0.3985083871053793,0.1,259.316,0.69,0.0,2.0
2020-08-18,971.0999755859376,971.0999755859376,971.0999755859376,971.0999755859376,0,56.68823825735272,24.602208949935857,27.999321411217412,-3.397112461281555,10.319019907194784,0.6248309801477494,947.296459827043,904.4292155585762,1,0.0,0.008097153422413683,0.004655493599896143,0.06550356547363068,0.42602582932089833,0.3963585022072058,0.1,259.316,0.67,0.0,2.0
2020-08-19,952.0,952.0,952.0,952.0,0,52.947392885554045,22.043411246986466,26.808139378371223,-4.764728131384757,10.298953662588671,0.4302821215880933,947.7444160339913,906.2947365170634,1,0.0,-0.019668392612627872,-0.0025146944181354547,0.0028442138857587285,0.4091199519057308,0.3973791005399815,0.1,259.316,0.68,0.0,2.0
2020-08-20,923.0999755859376,923.0999755859376,923.0999755859376,923.0999755859376,0,47.80676428881394,17.482033193160873,24.942918141329155,-7.460884948168282,10.818061444134981,0.16990027174302633,945.3973264675101,906.9537655001565,1,0.0,-0.03035716850216641,-0.05623147057850797,-0.033504345951185455,0.4227607711517541,0.40276450232565125,0.1,259.316,0.65,0.0,2.0
2020-08-21,922.2999877929688,922.2999877929688,922.2999877929688,922.2999877929688,0,47.66879714472656,13.645261809178464,22.683386874899018,-9.038125065720553,11.269419285230807,0.18715246702795144,943.1975799270775,907.5555781390904,1,0.0,-0.0008666317995090767,-0.03363373407371917,-0.02700710619447244,0.4221969483400549,0.4020265065997387,0.1,259.316,0.64,1.0,2.0
2020-08-24,920.7999877929688,920.7999877929688,920.7999877929688,920.7999877929688,0,47.39261880531578,10.364084664358302,20.219526432790875,-9.855441768432573,11.734913396633452,0.20245043602683266,941.0644759143053,908.074966752968,1,0.0,-0.0016263688819831978,-0.044119174232912006,-0.039432494007590524,0.4195688690884263,0.40184024248557343,0.1,259.316,0.65,0.0,2.0
2020-08-25,930.5999755859376,930.5999755859376,930.5999755859376,930.5999755859376,0,49.453101141360406,8.45701801113944,17.86702474846059,-9.410006737321151,11.717195750092097,0.3103450511750877,940.0678568354131,908.9583004326922,1,0.0,0.010642906084803672,-0.041705283717635044,-0.04836900260480714,0.4143643034938091,0.3977959758499734,0.1,259.316,0.69,0.0,2.0
2020-08-26,936.4000244140624,936.4000244140624,936.4000244140624,936.4000244140624,1,50.68421705056104,7.329183155036162,15.759456429775705,-8.430273274739543,11.810204041900823,0.36965809585914455,939.7185394619511,910.0344464711774,1,0.5405405405405405,0.0062325907804510194,-0.016386528976825243,-0.01493788295452303,0.40380277124122604,0.3902166308878564,0.1,259.316,0.69,0.0,2.0
2020-08-27,925.5999755859376,925.5999755859376,925.5999755859376,925.5999755859376,0,48.32403050665102,5.500486046101628,13.70766235304089,-8.207176306939262,11.258262414594986,0.25345535192478785,938.3739143309022,910.6448593776386,1,0.0,-0.01153358452215203,0.002708265698320611,0.021746275130765325,0.36594654288989853,0.3906643270533359,0.1,259.316,0.74,0.0,2.0
2020-08-28,937.5,937.5,937.5,937.5,0,51.02992686003587,4.9543522411224785,11.957000330657209,-7.0026480895347305,10.678282334365914,0.3448843876468275,938.2906843946257,911.6980021471429,1,0.0,0.012856552212557215,0.016480551239520524,0.02773513204824063,0.36777012687050165,0.39127036555617295,0.1,259.316,0.74,0.0,2.0
2020-08-31,935.5999755859376,940.5999755859376,931.2999877929688,935.7000122070312,31,50.59834298542989,4.32642100597468,10.430884465720704,-6.1044634597460234,10.463211551011186,0.31833914430851684,938.0439537100929,912.6392574436092,1,10.508474576271185,-0.0019199869791666213,0.01618160796219792,0.011676924540910072,0.36493191841306305,0.3823640395957833,0.1,259.316,0.72,0.0,2.0
2020-09-01,950.5,950.5,950.5,950.5,0,54.04021511615761,4.96577395330678,9.33786236323792,-4.3720884099311395,10.457660200593613,0.46591676843904056,939.2302438329411,914.1239924458206,1,0.0,0.01581702212235747,0.02138408009470738,0.0014751074176333479,0.35732571002616087,0.37679801231725407,0.09,259.997,0.68,0.0,2.0
2020-09-02,917.7999877929688,917.7999877929688,902.0,902.0,2,43.375233598794544,1.5411556191276077,7.778521014415857,-6.23736539528825,11.114524019693564,0.046931815067818725,935.684506325042,913.6485417616708,1,0.8,-0.05102577590741719,-0.03673646253436147,-0.0827740719882154,0.3773548514267441,0.39272733267656595,0.09,259.997,0.66,0.0,2.0
2020-09-03,907.5999755859376,907.5999755859376,887.5999755859375,887.5999755859375,17,40.80059816845435,-2.3082328366259617,5.761170244207494,-8.069403080833457,11.00662885000464,-0.04037232021071536,931.105027207032,912.6270293626225,1,6.666666666666667,-0.01596455034818456,-0.041054452249682405,-0.12083993953069927,0.36140494403005274,0.39292859907278843,0.09,259.997,0.63,1.0,2.0
2020-09-04,896.2999877929688,896.2999877929688,896.2999877929688,896.2999877929688,17,43.00188055568841,-4.6038127573920065,3.6881736438875943,-8.291986401279601,11.666849334622984,0.0990053185229062,927.7902615485498,911.986753222636,1,5.0,0.009801726505555663,-0.04394667968749999,-0.07128793859019489,0.3351071802932174,0.3887548652188779,0.09,259.997,0.72,0.0,2.0
2020-09-08,908.4000244140624,908.4000244140624,908.4000244140624,908.4000244140624,17,46.00887301610778,-5.384633845114195,1.8736121460872366,-7.258245991201431,10.638637659035249,0.22443808609824514,925.9435722976463,911.8460971909273,1,4.0,0.013499985257043878,-0.02917600452796454,-0.0893232837954262,0.31311603707926383,0.3891603579146738,0.09,259.997,0.69,0.0,2.0
2020-09-09,923.0999755859376,923.0999755859376,923.0999755859376,923.0999755859376,17,49.494826369542096,-4.762379232380908,0.5464138703936076,-5.308793102774516,10.27825443753412,0.3899584798140433,925.6727535631978,912.2874257554375,1,3.3333333333333335,0.016182244360194664,-0.02882695887855069,-0.04500310479899505,0.3045094301847232,0.39026139198249143,0.09,259.997,0.71,0.0,2.0
2020-09-10,939.4000244140624,939.4000244140624,939.4000244140624,939.4000244140624,17,53.11006142071838,-2.920296888737994,-0.1469282814327127,-2.7733686073052812,10.102373850903247,0.5688626158833264,926.9801126918516,913.3506649185209,1,2.857142857142857,0.01765794524886455,0.04146344170073446,-0.015716680235008385,0.30966028512758653,0.38824109455228256,0.09,259.997,0.68,0.0,2.0
2020-09-11,938.0,938.0,938.0,938.0,17,52.760725842141255,-1.5554731039430862,-0.4286372459347874,-1.1268358580082989,9.118264022300576,0.5835863068956465,928.029625768818,914.3173055099514,1,2.5,-0.0014903389159859337,0.05678236345240051,-0.040997829042900724,0.29486135723179296,0.3878971122310172,0.09,259.997,0.67,0.0,2.0
2020-09-14,957.0999755859376,957.0999755859376,957.0999755859376,957.0999755859376,17,56.92354773548616,1.0552042454603452,-0.1318689476557609,1.187073193116106,9.184412350472316,0.8047575024403785,930.7982305133056,915.9950572776372,1,2.2222222222222223,0.020362447319763,0.06783441774074062,0.002828951281233172,0.2924198396951046,0.3833708445559899,0.09,259.997,0.68,0.0,2.0
2020-09-15,980.7999877929688,980.7999877929688,980.7999877929688,980.7999877929688,21,61.461686396176155,4.979180871958874,0.8903410162671662,4.088839855691708,9.86285894990508,1.0318589225597798,935.5603026351783,918.5364271017679,1,2.4137931034482762,0.02476231617550928,0.0797005299791862,0.01816671880178733,0.30346779720015427,0.3846324887461334,0.09,259.997,0.68,0.0,2.0
2020-09-16,972.2999877929688,972.2999877929688,972.2999877929688,972.2999877929688,4,59.05856471876827,7.318716053723165,2.176016023758366,5.142700029964798,9.90667750473117,0.9367591629663851,939.0593202692536,920.6448020308346,1,0.449438202247191,-0.008666394887633544,0.053298682166903255,0.001235724680465733,0.30405410479680406,0.38372797089244803,0.09,259.997,0.69,0.0,2.0
2020-09-17,930.0,930.0,930.0,930.0,4,48.82709204785457,5.693923041093967,2.8795974272254865,2.8143256138684807,9.720328993438178,0.4903298614765032,938.1965278626581,921.0116725394294,1,0.43956043956043955,-0.043505079012688075,-0.010006412784506313,-0.02310924369747902,0.3362950565937554,0.3955350125806012,0.09,259.997,0.69,0.0,2.0
2020-09-18,937.5,937.5,937.5,937.5,4,50.465670552291016,4.954339648964719,3.2945458715733333,1.659793777391386,9.700029868165574,0.5653461556446321,938.1301918757382,921.6582736163145,1,0.4301075268817204,0.008064516129032251,-0.0005330490405117683,0.015599636870233802,0.31866790190936023,0.38050058193330855,0.09,259.997,0.7,0.0,2.0
2020-09-21,875.0999755859375,875.0999755859375,875.0999755859375,875.0999755859375,4,39.214815853219896,-0.6593454650671902,2.503767604245229,-3.163113069312419,11.059256816182192,-0.026776985716313803,932.1273141338525,919.8324580072801,1,0.42105263157894735,-0.06656002604166666,-0.08567548019191995,-0.051176420721829596,0.40347490569215283,0.40760175159172046,0.09,259.997,0.68,1.0,2.0
2020-09-22,880.5,880.5,856.5,856.5,4,36.59582879219308,-6.53377663573599,0.696258756248985,-7.230035391984975,13.035378383218518,-0.07592472884408288,924.9247127877712,917.3488322030731,1,0.4123711340206186,-0.021254686441378956,-0.12673326808728147,-0.06983056977127788,0.4089420540377412,0.40996648364046046,0.09,259.997,0.68,1.0,2.0
2020-09-23,842.2999877929688,842.2999877929688,842.2999877929688,842.2999877929688,4,34.690978912817855,-12.194556713194174,-1.8819043376396472,-10.312652375554528,15.287282618043832,-0.0628925466594637,917.0556913596948,914.405740265422,1,0.40404040404040403,-0.016579115244636622,-0.13370359110575325,-0.09488500978884318,0.40784572071696573,0.41134013356984706,0.09,259.997,0.68,1.0,2.0
2020-09-24,837.0999755859375,837.0999755859375,837.0999755859375,837.0999755859375,4,33.99319416674095,-16.905487300787172,-4.886620930269152,-12.018866370518019,17.246830799984448,-0.003126947557705069,909.4408612860036,911.3741416505402,-1,0.3980099502487562,-0.006173586943360343,-0.0998924993699597,-0.10604447483890267,0.4056997811236848,0.407280949019223,0.09,259.997,0.67,2.0,2.0
2020-09-25,841.0999755859375,841.0999755859375,841.0999755859375,841.0999755859375,4,35.07501927607463,-20.084643888778373,-7.926225521970997,-12.158418366807377,18.730917618215795,0.08271811905691595,902.932205505045,908.6182920009479,-1,0.3902439024390244,0.004778401764018891,-0.10282669270833333,-0.09129213723942531,0.4066505821672888,0.40557444821135485,0.09,259.997,0.66,2.0,2.0
2020-09-28,881.9000244140625,881.9000244140625,881.9000244140625,881.9000244140625,6528,44.98039943864017,-19.091846506883712,-10.15934971895354,-8.932496787930171,18.826034487656575,0.3380422658299461,900.9291406392372,907.5705168014622,-1,19.391058963315018,0.0485079657738694,0.007770596523639428,-0.05930664062500002,0.44334878162848335,0.4167783812911893,0.09,259.997,0.67,1.0,2.0
2020-09-29,880.0999755859375,889.2000122070312,871.5,887.5,2922,46.19379339600337,-17.64972120074458,-11.657424015311749,-5.992297185432831,18.797201633893913,0.3843332132352072,899.6501748640717,906.7834377112088,-1,6.072319201995013,0.006349898436229351,0.036193812025685945,-0.051512249201901894,0.44459478729078994,0.416773397077274,0.09,259.997,0.66,1.0,2.0
2020-09-30,884.0,904.4000244140624,866.0,901.0,204,49.107656616921766,-15.241791445783747,-12.374297501406149,-2.867493944377598,18.334382935164896,0.4773933779207497,899.778729638922,906.5566362323378,-1,0.41514041514041516,0.015211267605633738,0.06969014965895881,-0.05207785376117835,0.4442733997924973,0.4131921290548901,0.09,259.997,0.69,0.0,2.0
2020-10-01,896.0,908.4000244140624,894.5999755859375,898.2000122070312,105,48.52074687668122,-13.404902015030984,-12.580418404131118,-0.8244836108998665,18.347460097951863,0.46167849307576353,899.6283755977895,906.2289254862474,-1,0.21145906756620683,-0.0031076446092882515,0.072990130692963,-0.004212846777127188,0.40374696552434286,0.4105931095484315,0.09,260.319,0.68,1.0,2.0
2020-10-02,890.0999755859375,890.4000244140625,880.9000244140625,883.4000244140625,137,45.430057924168565,-12.993607019834371,-12.66305612727177,-0.33055089256260217,18.394105006608672,0.3740586758820968,898.0828183421964,905.3336744638087,-1,0.27260969057805196,-0.016477385428444458,0.05029134473420638,-0.004731806317482712,0.40402308723920566,0.40179406050966343,0.09,260.319,0.7,1.0,2.0
2020-10-05,880.7000122070312,905.5,875.4000244140625,897.2000122070312,51,48.710684182245686,-11.422438330485306,-12.414932567914477,0.9924942374291703,18.389541271625678,0.45673856677252306,897.9987415674188,905.0147073164842,-1,0.10114030738720872,0.01562144828117007,0.017348891449610937,0.0010041553345088161,0.40641579551808876,0.40289884815183064,0.09,260.319,0.78,2.0,2.0
2020-10-06,900.0,900.0,856.7000122070312,863.9000244140625,89,42.12903367567955,-12.7177047558705,-12.475487005505682,-0.24221775036481752,18.83700211484023,0.2748053869578535,894.7512446956706,903.4023668105069,-1,0.1752485970266811,-0.037115456241528344,-0.026591521786971883,-0.04898722897844854,0.42436920476894835,0.4085898660942336,0.09,260.319,0.76,2.0,2.0
2020-10-07,859.5,869.2000122070312,854.4000244140625,861.2000122070312,176,41.637781478619424,-13.802969114144844,-12.740983427233516,-1.0619856869113278,19.174478149414053,0.2802984976067439,891.5558892205621,901.7473725123315,-1,0.34121752617293527,-0.003125375773501693,-0.04417312740618062,-0.06705661901855797,0.41866387919015446,0.4035319000700994,0.09,260.319,0.81,2.0,2.0
2020-10-08,863.5,863.5,857.4000244140625,858.2000122070312,12,41.064809958360634,-14.735264903514803,-13.139839722489775,-1.5954251810250284,19.18742716909801,0.2856232929481818,888.3791390287972,900.0396328925158,-1,0.023276112889147514,-0.003483511330093725,-0.0445335108621443,-0.08643816275997918,0.4112813895017569,0.4033108320587679,0.09,260.319,0.78,2.0,2.0
2020-10-09,870.0,892.5,870.0,887.9000244140625,133,48.60506191194903,-12.92854108774793,-13.097579995541407,0.1690389077934764,18.732813570304625,0.4724270914269343,888.3335090654891,899.5635698149295,-1,0.2551069339215498,0.0346073313733144,0.005093955032415609,-0.05341148783148986,0.43347058529243787,0.4087566240958123,0.09,260.319,0.79,2.0,2.0
2020-10-12,884.0,888.0,870.0,870.0,12,44.87831903534337,-12.793605104576613,-13.03678501734845,0.24317991277183637,17.70169564528292,0.3845237527656411,886.5874605830616,898.4042141359126,-1,0.023028209556706966,-0.02015995486189448,-0.030316553540967628,-0.09100405162231351,0.42891642244722744,0.40995622431261514,0.09,260.319,0.79,2.0,2.0
2020-10-13,870.0,874.4000244140625,861.5,867.2000122070312,99,44.306052714767524,-12.76545080945607,-12.982518175769975,0.21706736631390555,15.070086070820231,0.38514158644084545,884.7410369282015,897.1805199426232,-1,0.18857142857142858,-0.0032183767735273205,0.003819872322849971,-0.11582379384156016,0.4149213558971405,0.4095084066054294,0.09,260.319,0.74,2.0,2.0
2020-10-14,875.2000122070312,875.2000122070312,853.5999755859375,858.0999755859375,79,42.41312694559256,-13.3238462253953,-13.05078378569504,-0.2730624397002597,12.062481901093465,0.3235146183174151,882.2037929908431,895.6479495756944,-1,0.14940898345153664,-0.010493584516833798,-0.0035996708977618086,-0.11745347489539182,0.4151233170147746,0.38425359685341065,0.09,260.319,0.73,2.0,2.0
2020-10-15,852.0,856.2999877929688,849.2999877929688,856.2999877929688,178,42.030612932197386,-13.753085577773732,-13.19124414411078,-0.561841433662952,10.887473848216233,0.32347299444222355,879.7367639243789,894.1048922508817,-1,0.33119359940459575,-0.0020976434496920993,-0.0022139645619162485,-0.07924732495379705,0.3898425821119757,0.37427437109435435,0.09,260.319,0.74,2.0,2.0
2020-10-16,856.4000244140625,868.2000122070312,853.5,864.2999877929688,22,44.42942941505532,-13.294477257525841,-13.211890766793793,-0.08258649073204793,8.578847248206166,0.4313544264624289,878.2665947690065,892.9360724682184,-1,0.04086560787591715,0.009342520277991762,-0.026579610285141886,-0.07808001302083334,0.3903923066351368,0.3746178580750901,0.09,260.319,0.76,2.0,2.0
2020-10-19,863.0999755859375,873.5999755859375,851.7000122070312,858.5999755859375,58,43.062127931991206,-13.238366558661482,-13.217185925167332,-0.02118063349415067,8.630843199442424,0.36667445734535653,876.393583418238,891.5895588649918,-1,0.1071989649755106,-0.006594946531917167,-0.013103476338002906,-0.018854988527398975,0.306929237748262,0.37455897424120144,0.09,260.319,0.78,2.0,2.0
2020-10-20,851.0999755859375,872.4000244140625,848.4000244140625,872.4000244140625,51,47.29139032341059,-11.942682012764408,-12.962285142686747,1.0196031299223396,8.533836741561393,0.5405705311877606,876.0132444654594,890.8370281022103,-1,0.09385351490614649,0.016072733776526515,0.0059963239550668845,0.01856395144665801,0.30244312092720205,0.3753759283927483,0.09,260.319,0.81,2.0,2.0
2020-10-21,889.0999755859375,889.0999755859375,887.5999755859375,889.0999755859375,18,51.94335206399329,-9.459255770641107,-12.26167926827762,2.8024234976365126,8.224777893165012,0.742266290904333,877.2595998102668,890.7689083956898,-1,0.033082154015805915,0.01914253863425941,0.03612632663091753,0.05556213756525885,0.3013617002682995,0.37514332200580164,0.09,260.319,0.83,2.0,2.0
2020-10-22,879.0,879.0,879.0,879.0,0,49.11976821927763,-8.211449721466806,-11.451633358915458,3.240183637448652,7.375127654092739,0.5803001005424873,877.425352209289,890.307382576251,-1,0.0,-0.011359774899646569,0.026509415544356596,0.050053787643147496,0.30397121861698406,0.371583713975088,0.09,260.319,0.87,2.0,2.0
2020-10-23,915.5,918.5,901.7000122070312,901.7000122070312,31,55.03577036775048,-5.329418940253959,-10.227190475183159,4.8977715349292,7.003473446671897,0.9045738958628996,879.7372245900264,890.7541523656935,-1,0.05685465382851903,0.025824814797532625,0.04327204089122483,0.07204855353714379,0.31478815871287263,0.36246075502237235,0.09,260.319,0.85,2.0,2.0
2020-10-26,872.9000244140625,872.9000244140625,872.5,872.5,4,47.40081236625442,-5.3400292000897025,-9.249758220164468,3.9097290200747654,6.999120362926031,0.43666364984297495,879.0479651052619,890.0383032533134,-1,0.018260671079662175,-0.032383289133555926,0.016189174015031504,-0.010658832241566052,0.2946846961478412,0.3683229955094206,0.09,260.319,0.81,2.0,2.0
2020-10-27,881.4000244140625,884.5,879.2999877929688,882.0999755859375,120,49.86338144105107,-4.521677029856733,-8.304141982102921,3.7824649522461886,6.932205816622202,0.5985438760355171,879.3386327700882,889.7269962859654,-1,1.5199493350221658,0.011002837347779293,0.011118696584619947,-0.0060845345510562865,0.29655908488041194,0.36788299778031,0.09,260.319,0.79,2.0,2.0
2020-10-28,854.7000122070312,870.2999877929688,854.7000122070312,870.2999877929688,15,46.95351152316965,-4.7702984066932,-7.597373267020978,2.8270748603277776,6.450443224843134,0.424132444003121,878.477809438934,888.9651528156518,-1,0.2158273381294964,-0.01337715465316791,-0.02114496491868545,-0.034073265490600746,0.29420695497942484,0.36453836078432833,0.09,260.319,0.79,2.0,2.0
2020-10-29,871.0,871.0,845.4000244140625,845.4000244140625,90,41.455833141533695,-6.897046724677921,-7.4573079585523665,0.5602612338744457,6.594152465860861,0.038411508707500396,875.32754419847,887.2567164077464,-1,1.309090909090909,-0.02861078217644375,-0.0382252281978811,-0.058784220747481575,0.3097872951036608,0.36057061367402554,0.09,260.319,0.85,2.0,2.0
2020-10-30,842.7999877929688,845.7999877929688,840.2999877929688,844.5999755859375,32,41.28855338508175,-8.548525265232342,-7.675551419888362,-0.8729738453439806,7.028065346894541,0.08458794959993036,872.4011090925146,885.5839030421853,-1,0.5039370078740157,-0.0009463553406915404,-0.06332487063112457,-0.0439212675524433,0.3056386085940747,0.35555995308973337,0.09,260.319,0.88,2.0,2.0
2020-11-02,844.5,855.7999877929688,843.9000244140625,855.7999877929688,45,44.65537330686223,-8.851551350117347,-7.9107514059341595,-0.9407999441831878,6.5577319879800005,0.2868806752031948,870.8200499211293,884.4159063657454,-1,0.7120253164556962,0.013260729967771168,-0.0191404151369986,-0.046143584318754316,0.3039534678646223,0.34601072158249424,0.09,260.911,0.87,2.0,2.0
2020-11-03,868.0999755859375,871.4000244140625,868.0999755859375,871.4000244140625,4,49.03893764494156,-7.7436452035426555,-7.877330165455859,0.1336849619132039,6.549221977516484,0.5544254763315423,870.875285587123,883.9054796225422,-1,0.06785411365564037,0.018228601125976684,-0.012130088955923046,0.008681560120439746,0.2813779266558053,0.3408639980232881,0.09,260.911,0.9,2.0,2.0
2020-11-04,849.5,866.7000122070312,849.0,866.7000122070312,14,47.81027896842706,-7.162310647060281,-7.7343262617767445,0.5720156147164639,6.507006247270053,0.4667368251102646,870.4776405033048,883.2307554101692,-1,0.2753195673549656,-0.0053936333203474796,-0.004136476659119426,0.006386437438504977,0.28187618949547977,0.33546528452240143,0.09,260.911,0.78,2.0,2.0
2020-11-05,896.7999877929688,896.7999877929688,896.7999877929688,896.7999877929688,0,55.49987115532616,-4.224089672624018,-7.032278943946199,2.808189271322181,6.974019269990109,0.9330454885606803,872.9845307213681,883.762882170279,-1,0.0,0.03472940482519271,0.06079957640707545,0.04497783155079427,0.3057689013134286,0.34263306794995685,0.09,260.911,0.79,2.0,2.0
2020-11-06,891.0,896.0,890.0,896.0,4,55.26680212541582,-1.9377436086429043,-6.01337187688554,4.075628268242636,7.226372561104697,0.8985823393808484,875.1764801764758,884.2427691439935,-1,0.09132420091324202,-0.0008920470605018327,0.060857241179061106,0.009122621199703973,0.28174827178928175,0.3384666345684155,0.09,260.911,0.83,2.0,2.0
2020-11-09,884.4000244140625,884.4000244140625,847.5,864.5999755859375,46,46.93529688336718,-2.6292095390257373,-5.3365394093135805,2.707329870287843,7.255998206358026,0.4043115689267606,874.1691940249959,883.4724635142659,-1,1.010989010989011,-0.03504467010498047,0.01028276223240332,-0.006206924613864961,0.30131136292812166,0.34245782354675763,0.09,260.911,0.96,2.0,2.0
2020-11-10,890.0,890.0,890.0,890.0,0,53.09509186135748,-1.114781074938719,-4.492187742438609,3.3774066674998897,7.487099955737811,0.7790655877396491,875.6768898321392,883.7284453372358,-1,0.0,0.029377776001958456,0.021344933514827913,0.02629149846866663,0.3183538040021135,0.34747575920426255,0.09,260.911,0.98,2.0,2.0
2020-11-11,870.0,870.0,865.0999755859375,865.0999755859375,2,47.29867256839503,-1.901885723571354,-3.974127338665158,2.072241615093804,7.381475859898217,0.39072058710827745,874.6695646658343,882.9979171116947,-1,0.0544959128065395,-0.027977555521418562,-0.0018461250704489007,0.008157557626336187,0.3331002908500153,0.35127726403277626,0.09,260.911,0.98,2.0,1.0
2020-11-12,881.0999755859375,881.0999755859375,881.0999755859375,881.0999755859375,2,51.00038737848578,-1.2205359671032738,-3.4234090643527813,2.2028730972495074,7.2264903988079245,0.622396577890044,875.2819847534631,882.9234880322533,-1,0.07168458781362008,0.018494972201522852,-0.017506704305013554,0.02896179860622028,0.33890246317228495,0.3516666294493623,0.09,260.911,0.88,2.0,1.0
2020-11-13,893.4000244140625,893.4000244140625,893.4000244140625,893.4000244140625,2,53.693150630319565,0.308394785274686,-2.677048294427288,2.985443079701974,7.411938394333204,0.7863895111828731,877.0075123401868,883.3343325962459,-1,0.07434944237918216,0.01395987875263005,-0.0029017584664481344,0.03366890782377774,0.34069104415513696,0.3475363476014297,0.09,260.911,0.89,2.0,1.0
2020-11-16,925.0,925.0,925.0,925.0,2,59.80462756740278,4.023556307123954,-1.3369273741170395,5.360483681240994,8.69566602954303,1.1135331987543935,881.5782254506453,884.9682803375696,-1,0.08298755186721991,0.03537046644548991,0.06985892449641762,0.07733522746579258,0.35855516174175156,0.3549849480939216,0.09,260.911,0.91,2.0,1.0
2020-11-17,934.5999755859376,934.5999755859376,934.5999755859376,934.5999755859376,2,61.468371090031745,7.6542529159168,0.4613086838897284,7.192944232027071,10.274920046821585,1.089074672841846,886.6279159397208,886.9146213277016,-1,0.09237875288683603,0.01037835198479753,0.0501123321190311,0.0712975119569157,0.35656410757627754,0.3555884892267433,0.09,260.911,0.87,2.0,1.0
2020-11-18,946.7000122070312,946.7000122070312,946.7000122070312,946.7000122070312,135,63.51806685298665,11.376832919178923,2.6444135309475674,8.732419388231357,12.099043374761012,1.0848234508900885,892.3490679651788,889.2591464602244,1,4.909090909090909,0.0129467546941755,0.09432440055939839,0.06478465662214639,0.3536896131838035,0.35590173842753337,0.09,260.911,0.88,2.0,1.0
2020-11-19,948.2000122070312,948.2000122070312,948.2000122070312,948.2000122070312,112,63.7753230311456,14.283391805846577,4.97220918592737,9.311182619919208,13.572722707104509,1.0030237204076033,897.6682055120219,891.5705529600992,1,3.3836858006042294,0.0015844512312861436,0.07615485016495627,0.07872583868831762,0.34957573468356556,0.35569881544126436,0.09,260.911,0.86,2.0,2.0
2020-11-20,954.0999755859376,954.0999755859376,954.0999755859376,954.0999755859376,112,64.82596067033657,16.86848896031836,7.351465140805568,9.51702381951279,14.979475231420238,0.9790389544655663,903.0426598047758,894.0226871807204,1,3.0148048452220726,0.006222277265293119,0.06794263433301917,0.05811241285297353,0.34026981377741794,0.35504491725209303,0.09,260.911,0.83,2.0,2.0
2020-11-23,929.0999755859376,929.0999755859376,929.0999755859376,929.0999755859376,112,57.249051119682385,16.707314492051978,9.22263501105485,7.484679480997128,15.276505193998583,0.7642440789123621,905.5243089267912,895.3982671181799,1,2.6321974148061105,-0.026202704789554998,0.004432406038851422,0.06487103219018642,0.3320503012900591,0.3583724702122929,0.09,260.911,0.86,2.0,1.0
2020-11-24,955.7000122070312,955.7000122070312,955.7000122070312,955.7000122070312,112,62.29834312725033,18.512581696180632,11.080624348080006,7.431957348100626,16.328550718025873,0.9027373539933452,910.302947334433,897.7630414353898,1,2.65717674970344,0.028629897018690897,0.022576543090390366,0.08343729583736215,0.34292606865727904,0.36303206064594096,0.09,260.911,0.88,2.0,2.0
2020-11-25,967.2999877929688,967.2999877929688,967.2999877929688,967.2999877929688,5,64.27968549697466,20.641349419134826,12.992769362290971,7.648580056843855,17.357122272329093,0.9199673351008885,915.7312369019127,900.489980508236,1,0.12004801920768307,0.012137674414327115,0.021759771121068194,0.11145582139554722,0.33760503258199137,0.36245283694734787,0.09,260.911,0.88,2.0,2.0
2020-11-27,963.0,963.0,963.0,963.0,1,62.958844114398374,21.73093935626514,14.740403361085805,6.990535995179334,17.223442656672262,0.8553517566746714,920.2330238636353,902.9413538216386,1,0.026881720430107524,-0.0044453508190150925,0.015608508334143956,0.13910571586207943,0.3149922974579192,0.3456269604868394,0.09,260.911,0.84,2.0,2.0
2020-11-30,964.0999755859376,964.0999755859376,964.0999755859376,964.0999755859376,0,63.16734621821271,22.42470799356431,16.277264287581506,6.1474437059828055,16.69748231794864,0.8321844102906178,924.4108287895688,905.3397311457288,1,0.0,0.0011422384069965652,0.010481081915822088,0.1414870985724308,0.3144231123250103,0.343766814462326,0.09,260.911,0.84,2.0,2.0
2020-12-01,1002.2000122070312,1002.2000122070312,1002.2000122070312,1002.2000122070312,30,69.55898314103537,25.752025853033388,18.172216600671884,7.579809252361503,17.529502334498833,1.0046041814946136,931.8193224483747,909.1381735402897,1,0.860832137733142,0.03951876110974695,0.07867833230217558,0.17106803751144595,0.33400486161637083,0.351829570029465,0.09,262.045,0.92,2.0,2.0
2020-12-02,1010.4000244140624,1010.4000244140624,1010.4000244140624,1010.4000244140624,0,70.73601010875625,28.71956046767366,20.28168537407224,8.43787509360142,18.595004419774263,0.9793726154403477,939.3031988260592,913.1092265157317,1,0.0,0.008182011681453938,0.0572355462052474,0.15951342220063025,0.3318485579520874,0.3512567388156218,0.09,262.045,0.95,2.0,2.0
2020-12-03,1037.0,1037.0,1037.0,1037.0,1,74.21847878802775,32.839198910869186,22.79318808143163,10.046010829437556,20.03340711180243,1.037330689790792,948.6076560807202,917.9676882209972,1,0.029411764705882353,0.026326182643714002,0.0720562525448405,0.1964924257463707,0.33447787758907327,0.35356367045238435,0.09,262.045,0.92,2.0,2.0
2020-12-04,1071.199951171875,1071.199951171875,1071.199951171875,1071.199951171875,1,77.86560121889039,38.420801215848655,25.918710708315036,12.50209050753362,23.014219608045295,1.0805841252977166,960.2831127560682,923.976796572012,1,0.029368575624082235,0.03297970219081492,0.11235716632593462,0.1944691857189984,0.33283864623394244,0.35767595742033864,0.09,262.045,0.97,2.0,2.0
2020-12-07,1047.199951171875,1047.199951171875,1047.199951171875,1047.199951171875,69,70.34511082509515,40.44147765176308,28.823264097004646,11.618213554758434,24.130673844607852,0.9120172197555088,968.560906890907,928.8090771445557,1,1.8498659517426275,-0.022404780707602212,0.0861943550360873,0.16874994550432487,0.34985299458497227,0.36121939068382386,0.09,262.045,0.94,2.0,2.0
2020-12-08,1035.0,1035.0,1035.0,1035.0,59,66.8125465012287,40.59054168725288,31.176719615054296,9.413822072198585,23.48327465453649,0.827810827161919,974.8884395679635,932.9734270604555,1,1.5546772068511199,-0.01165006850718675,0.03272798582464298,0.19708539119328883,0.319382070569208,0.3602191982389666,0.09,262.045,0.92,2.0,2.0
2020-12-09,1016.9000244140624,1016.9000244140624,1016.9000244140624,1016.9000244140624,22,61.8500438454261,38.800886777293954,32.70155304750223,6.099333729791724,22.82423528508768,0.7243498778422643,978.8895428866396,936.2646661723617,1,0.5633802816901409,-0.017487899116847894,0.006433095648200604,0.1425842970944522,0.32356081058414815,0.3589911265803334,0.09,262.045,0.95,2.0,2.0
2020-12-10,1026.199951171875,1026.199951171875,1026.199951171875,1026.199951171875,22,63.35606493916236,37.698434645872,33.70092936717619,3.9975052786958116,21.038942332030683,0.7474439222039809,983.395296056662,939.7915400939113,1,0.5493133583021224,0.009145369785167556,-0.010414704752290227,0.18622122313299516,0.29589433521497777,0.3588743632157555,0.09,262.045,0.92,2.0,2.0
2020-12-11,1020.5999755859376,1020.5999755859376,1020.5999755859376,1020.5999755859376,22,61.77467571684943,35.958356608462395,34.15241481543343,1.805941793028964,19.273945021327098,0.7017730974406841,986.9385988689739,942.9604983485006,1,0.535931790499391,-0.005457002389780308,-0.04723672320053962,0.15832482563313155,0.29750778084468527,0.3464973299118531,0.09,262.045,0.9,2.0,2.0
2020-12-14,1014.4000244140624,1014.4000244140624,1014.4000244140624,1014.4000244140624,22,59.98937357819527,33.69068276363623,34.06006840507399,-0.3693856414377592,17.449746193712095,0.6504804060925625,989.5539727304109,945.7620483902873,1,0.5231866825208086,-0.0060748102294592154,-0.03132155107638013,0.13543765020530185,0.3001339536472772,0.3465778041188378,0.09,262.045,0.9,2.0,2.0
2020-12-15,1038.0999755859375,1038.0999755859375,1038.0999755859375,1038.0999755859375,22,64.24341006325447,33.42067021215678,33.932188766490555,-0.5115185543337759,16.829614840851498,0.7629954767660444,994.1774015737944,949.3831435744305,1,0.5110336817653891,0.023363515971487336,0.0029951454936594235,0.12227024387668917,0.2881053977197988,0.31701129528533206,0.09,262.045,0.92,2.0,2.0
2020-12-16,1034.199951171875,1034.199951171875,1034.199951171875,1034.199951171875,22,63.05531251482969,32.517146519566495,33.649180317105746,-1.1320337975392505,16.15417996352966,0.717604992081432,997.9890729640878,952.7092928919774,1,0.4994324631101022,-0.0037568871070063903,0.017012416503560335,0.10656963212896975,0.2894868317383825,0.31326029644318554,0.09,262.045,0.92,2.0,2.0
2020-12-17,1048.9000244140625,1048.9000244140625,1048.9000244140625,1048.9000244140625,22,65.63505316428248,32.6113472296538,33.44161369961536,-0.8302664699615576,15.877333058996722,0.7804216618918403,1002.8377350069425,956.4814784418631,1,0.5729166666666667,0.014213956619830048,0.022120516782587085,0.10795395678592357,0.2899672604213016,0.31127772736422166,0.09,262.045,0.94,2.0,2.0
2020-12-18,1040.4000244140625,1041.9000244140625,1040.4000244140625,1041.9000244140625,2,63.36600556882635,31.755107361720434,33.10431243203637,-1.3492050703159393,15.259123574844585,0.7145242148896614,1006.5579530457157,959.8312253427338,1,0.060790273556231005,-0.006673657962693147,0.0208701247674401,0.09881882619779248,0.29278437834745424,0.31134744459772656,0.09,262.045,0.95,2.0,2.0
2020-12-21,1015.0,1015.0,1015.0,1015.0,2,55.43495400571674,28.576511701542927,32.19875228593769,-3.62224058439476,14.382131517759541,0.5211632519996711,1007.3619575175524,961.9947067018422,1,0.07299270072992702,-0.025818239546726574,0.0005914585681168205,0.06382981445593483,0.31246965078249556,0.3172665475431422,0.09,262.045,0.95,2.0,2.0
2020-12-22,1008.5,1008.5,1008.5,1008.5,2,53.6863803459577,25.241982204805026,30.807398269711157,-5.565416064906131,12.23557595428416,0.44054711361879223,1007.4703425158807,963.8184436939268,1,0.09132420091324202,-0.0064039408866994885,-0.02851360782397694,0.08545907491170546,0.29481102125610914,0.3041121981785179,0.09,262.045,0.93,2.0,2.0
2020-12-23,1016.2000122070312,1016.2000122070312,1016.2000122070312,1016.2000122070312,2,55.477967592536935,22.95604716598666,29.23712804896626,-6.281080882979598,10.93140465669376,0.47562453646661945,1008.3017396293236,965.8726228513035,1,0.12195121951219513,0.0076351137402392855,-0.017404699105281973,0.06330438341241118,0.2812001926225652,0.3041968230876676,0.09,262.045,0.96,2.0,2.0
2020-12-24,1028.0,1028.0,1028.0,1028.0,2,58.149755991300566,21.844774612893048,27.758657361751617,-5.913882748858569,9.879312270190246,0.5599238149688086,1010.1777644265309,968.3089905826249,1,0.12307692307692308,0.011611875271818839,-0.019925659193055778,0.06275200348707433,0.28098568924993633,0.30364308823813924,0.09,262.045,0.94,2.0,2.0
2020-12-28,1042.199951171875,1042.199951171875,1042.199951171875,1042.199951171875,2,61.16962844654034,21.85793581591338,26.578513052583972,-4.720577236670593,8.43608058410381,0.6882218472072432,1013.227496497516,971.2066753116152,1,0.12269938650306748,0.013813182073808328,0.0002878651989486336,0.08224293995002596,0.281957033010608,0.30434427281474646,0.09,262.045,0.94,2.0,2.0
2020-12-29,1055.699951171875,1055.699951171875,1055.699951171875,1055.699951171875,4985,63.841024753081356,22.69607709103309,25.802025860273798,-3.105948769240708,6.728995909814355,0.8635617044797568,1017.2724921807883,974.5201371100568,1,18.772359254377704,0.01295336848252604,0.040098474060960676,0.09501086806922387,0.2834761492908006,0.30243641887743034,0.09,262.045,0.94,2.0,2.0
2020-12-30,1058.5,1075.199951171875,1053.800048828125,1072.5999755859375,1186,66.91005434388688,24.442245825755208,25.53006985337008,-1.0878240276148716,7.0991030069556595,1.025710223149626,1022.541776314612,978.3664052855815,1,3.667852172568424,0.01600835956779445,0.06355971798308135,0.0702454225917164,0.2572689507680853,0.3025048242642651,0.09,262.045,0.93,2.0,2.0
2020-12-31,1069.800048828125,1082.800048828125,1069.800048828125,1075.4000244140625,161,67.40370101266265,25.755148349781166,25.5750855526523,0.18006279712886553,7.556752596172357,0.9865844986133291,1027.5758951812263,982.1716452514044,1,0.4858177429088715,0.00261052479196211,0.0582562600825578,0.06433095648200715,0.25666198349463115,0.2903173690700901,0.09,262.045,0.93,2.0,2.0
2021-01-04,1085.4000244140625,1117.5,1052.300048828125,1066.0,293,63.95434310470879,25.740410221901584,25.608150486502158,0.13225973539942615,7.921960596014589,0.8316475050153025,1031.2353337353952,985.4590317121337,1,0.846820809248555,-0.008740956109968612,0.03696498054474717,0.027965284474445573,0.2449794828503774,0.29111062187748526,0.09,262.687,0.93,2.0,2.0
2021-01-05,1074.800048828125,1115.300048828125,1066.199951171875,1114.699951171875,225,71.96028363468379,29.32042163716642,26.35060471663501,2.9698169205314073,9.830588163120945,1.22137677748159,1039.1843449198218,990.5273030634961,1,0.62989921612542,0.04568475719688081,0.06956438629504746,0.04060866503252902,0.2682766490455085,0.30263658865591964,0.09,262.687,0.96,2.0,2.0
2021-01-06,1108.0,1115.0,1098.0,1105.699951171875,385,68.91403222004547,31.073189308531482,27.295121635014308,3.7780676735171745,11.198049094269365,1.0294883461274489,1045.5191645628745,995.0438774991188,1,1.032171581769437,-0.008073921588081512,0.04736194213563971,0.055863256997419786,0.25519633656970914,0.2972673470454777,0.09,262.687,1.04,2.0,2.0
2021-01-07,1098.5999755859375,1125.300048828125,1094.0,1119.699951171875,101,70.97253827196124,33.20913903044402,28.477925114100252,4.731213916343769,12.773169900420514,1.0352635572473445,1052.5840013827792,999.9323509764819,1,0.26926153025859767,0.012661662854522193,0.04391196779601625,0.08183570161533815,0.25151528977002363,0.2935406926959085,0.09,262.687,1.08,2.0,2.0
2021-01-08,1109.0,1117.0,1065.699951171875,1065.699951171875,53,55.66181998780658,30.19645987774925,28.821632066830052,1.3748278109191965,12.520429722565368,0.615680986944922,1053.833139457931,1002.5114725527718,1,0.14071419089340237,-0.04822720581838358,-0.009019967474403479,0.04798891295723107,0.3068917884929022,0.31315347775204666,0.09,262.687,1.13,2.0,2.0
2021-01-11,1044.800048828125,1045.5999755859375,1039.5999755859375,1039.5999755859375,17,50.04259902805499,25.40993018285394,28.13929169003483,-2.72936150718089,12.372719163213631,0.4111539060770995,1052.4776000415509,1003.9659236521117,1,0.045164718384697135,-0.02449092313201029,-0.024765501326512673,0.013057907865577478,0.32028634571591796,0.317205751522926,0.09,262.687,1.15,2.0,2.0
2021-01-12,1063.5999755859375,1067.699951171875,1049.4000244140625,1062.9000244140625,5,54.46228446742819,23.22892157989054,27.157217668005973,-3.9282960881154345,12.086650741036628,0.5756453679606276,1053.470211886552,1006.2770648584627,1,0.013313806417254694,0.022412513827727576,-0.046469838545660336,0.041446256946890525,0.32820754811316644,0.31936543558714353,0.09,262.687,1.15,2.0,2.0
2021-01-13,1105.9000244140625,1105.9000244140625,1105.9000244140625,1105.9000244140625,12,61.27178572878805,24.68563653107435,26.66290144061965,-1.9772649095452977,12.281470990551444,0.8698848218153626,1058.4635273653626,1010.1838475861333,1,0.03199573390214638,0.04045535705364611,0.00018094713848504362,0.09020110193003239,0.3524706041269288,0.3276321180955444,0.09,262.687,1.1,2.0,2.0
2021-01-14,1121.5999755859375,1121.5999755859375,1121.5999755859375,1121.5999755859375,0,63.42245274430539,26.798037380828646,26.68992862866145,0.10810875216719751,13.162201037168227,0.9262252887579482,1064.4765224339887,1014.5531075076943,1,0.0,0.014196537503643913,0.001696904971795199,0.08043541273842125,0.34752550116836056,0.3274860251787692,0.09,262.687,1.15,2.0,2.0
2021-01-15,1115.5999755859375,1116.0999755859375,1078.9000244140625,1085.699951171875,26,55.79279670909709,25.283841940843786,26.408711291097916,-1.12486935025413,13.0370785850774,0.6520617347898664,1066.4978013614066,1017.3431798082505,1,0.06949084591741281,-0.03200786839827441,0.01876700846050272,0.04979694684924718,0.37016926923029136,0.33519879938656144,0.09,262.687,1.11,2.0,2.0
2021-01-19,1083.0,1088.4000244140625,1083.0,1088.4000244140625,11,56.219385328268075,24.024761989339595,25.931921430746254,-1.9071594414066588,13.078255665771382,0.656500352263938,1068.5837273664215,1020.1297227339686,1,0.02944325481798715,0.002486942399944958,0.0469411792748653,0.03765849850376868,0.36759350291039244,0.33368057279507535,0.09,262.687,1.1,2.0,2.0
2021-01-20,1112.9000244140625,1113.199951171875,1112.0,1112.800048828125,6,59.977894037002436,24.710957570458504,25.687728658688705,-0.9767710882302012,13.372825085050433,0.7982787417135964,1072.7948056008695,1023.7638531690336,1,0.016051364365971106,0.022418250520711114,0.04694705359666407,0.06804877891612948,0.37293663170815133,0.33442029114495364,0.09,262.687,1.1,1.0,2.0
2021-01-21,1124.199951171875,1128.5,1124.199951171875,1124.199951171875,2,61.635051873894426,25.876362756073604,25.72545547816569,0.15090727790791547,13.119470703929114,0.8445897122350622,1077.690533750489,1027.702523678949,1,0.005350454788657036,0.010244340261986062,0.01654754168895911,0.10758615879002464,0.3568397907895389,0.3316642635930656,0.09,262.687,1.12,1.0,2.0
2021-01-22,1127.199951171875,1127.199951171875,1108.199951171875,1108.199951171875,1,58.00484210225942,25.218188895731373,25.624002161678828,-0.4058132659474545,11.983231334745183,0.7134591257894602,1080.5961925525257,1030.8592855414167,1,0.0026755852842809363,-0.01423234361762915,-0.011947240286860894,0.0988596441962073,0.36130743030220874,0.3250263236997807,0.09,262.687,1.1,2.0,2.0
2021-01-25,1107.0,1113.300048828125,1101.199951171875,1101.199951171875,12,56.43865602237012,23.85673428838936,25.270548587020937,-1.413814298631575,10.712436800542333,0.6410380404064396,1082.5584552781781,1033.617743017121,1,0.03206412825651302,-0.006316549637633395,0.01427650428027527,0.08364489071421755,0.36321166038934444,0.3253754625282187,0.09,262.687,1.05,2.0,2.0
2021-01-26,1103.800048828125,1103.800048828125,1103.800048828125,1103.800048828125,1,56.90412539781173,22.72561115506278,24.761561100629308,-2.0359499455665286,9.626343072992896,0.6450493704253444,1084.5814641876968,1036.369990303827,1,0.002672367717797969,0.0023611494474578,0.014149231963085596,0.0737354560584873,0.3621484287237971,0.32342012966430783,0.09,262.687,1.05,2.0,2.0
2021-01-27,1075.5,1075.5,1075.5,1075.5,5,50.57028064070384,19.322868495596822,23.67382257962281,-4.3509540840259895,8.869930892543735,0.3473205157558024,1083.7165628364876,1037.9045004879908,1,0.013356484573260318,-0.025638745765748427,-0.03351909345026105,0.03195168910791213,0.37457073504991323,0.32214730090204924,0.09,262.687,1.04,2.0,2.0
2021-01-28,1060.699951171875,1094.5999755859375,1060.699951171875,1068.699951171875,8,49.154498400231425,15.894244357354637,22.117906935169177,-6.22366257781454,8.58021293650077,0.26266707649194904,1082.2864093446196,1039.1121652206923,1,0.06374501992031872,-0.006322686032659175,-0.049368441923650974,0.012314104955266414,0.37309055218714854,0.3226914206368612,0.09,262.687,1.07,2.0,2.0
2021-01-29,1075.800048828125,1075.800048828125,1075.800048828125,1075.800048828125,0,50.706276767143265,13.593258941197973,20.412977336374936,-6.819718395176963,8.536750510458866,0.33600436286933294,1081.668660724001,1040.5509057543172,1,0.0,0.006643677346915178,-0.029236513058395697,0.0029834731633657796,0.36949460887790636,0.3221680670212402,0.09,262.687,1.11,2.0,2.0
2021-02-01,1092.9000244140625,1135.5,1092.9000244140625,1135.5,4,61.37938049408134,16.39797292297726,19.609976453695403,-3.2120035307181425,9.100399594036071,0.9160070582037636,1086.7954549407627,1044.2743996463048,1,0.06855184233076264,0.05549353826197212,0.031147884443350593,0.05588615791475671,0.4161350620681795,0.33703768060981265,0.08,263.579,1.09,2.0,2.0
2021-02-02,1092.699951171875,1092.699951171875,1092.699951171875,1092.699951171875,0,52.58828343915453,14.994278011609595,18.686836765278244,-3.6925587536686493,8.782581034704975,0.4717788788508406,1087.3577879151544,1046.1734408826017,1,0.0,-0.03769268941270365,-0.01005625762386464,0.02504685851020172,0.4396368039560706,0.3477661644419835,0.08,263.579,1.12,2.0,2.0
2021-02-03,1111.5999755859375,1111.5999755859375,1111.5999755859375,1111.5999755859375,50,55.61166013145384,15.23133633332236,17.995736678887067,-2.764400345564706,8.74180018849179,0.6706607680309334,1089.6665676933242,1048.739187341556,1,1.4306151645207439,0.017296627856341562,0.03356576065638084,-0.0027809955339807013,0.41365918035947014,0.3431605107244503,0.08,263.579,1.15,2.0,2.0
2021-02-04,1100.0999755859375,1100.0999755859375,1100.0999755859375,1100.0999755859375,0,53.381098406378634,14.326110387845802,17.261811420678814,-2.9357010328330126,8.710726830075933,0.55367949892398,1090.6602255878588,1050.7533359001593,1,0.0,-0.010345448230095755,0.029381515718823747,-0.005064643061621132,0.4143243764205645,0.3442409695375963,0.08,263.579,1.15,2.0,2.0
2021-02-05,1130.300048828125,1130.300048828125,1130.300048828125,1130.300048828125,0,58.13052068519149,15.862749915548875,16.981999119652826,-1.1192492041039515,8.944734610961046,0.8550351420522063,1094.4354468488366,1053.872814838511,1,0.0,0.027452117000640985,0.0506599716735161,0.00946690909931358,0.4233803393859551,0.33776487339155525,0.08,263.579,1.19,2.0,2.0
2021-02-08,1172.4000244140625,1172.4000244140625,1172.4000244140625,1172.4000244140625,0,63.68477785900733,20.24430030547046,17.634459356816354,2.6098409486541065,10.422988600432875,1.1236224323239763,1101.8606447121915,1058.520940704219,1,0.0,0.03724672544213892,0.03249671899080808,0.10012205886362002,0.3982515672373784,0.34047277907993767,0.08,263.579,1.19,1.0,2.0
2021-02-09,1191.4000244140625,1191.4000244140625,1191.4000244140625,1191.4000244140625,450,65.88435144977481,24.962104168736687,19.09998831920042,5.862115849536266,11.341272635047831,1.1599682422963071,1110.3882046837982,1063.7318851634284,1,15.177065767284992,0.016206072675148286,0.09032678471005307,0.14601774951232338,0.3841834774690475,0.33421777269818576,0.08,263.579,1.18,1.0,2.0
2021-02-10,1244.199951171875,1244.199951171875,1244.199951171875,1244.199951171875,450,71.11939685626679,32.5858807925033,21.797166813860997,10.788713978642306,14.859794943964488,1.2629852153217016,1123.1321805398056,1070.8090642225832,1,8.670520231213873,0.04431754715111724,0.1192874941509805,0.17057100629737643,0.4023567420452927,0.342218000371306,0.08,263.579,1.15,0.0,2.0
2021-02-11,1250.699951171875,1250.699951171875,1244.4000244140625,1244.4000244140625,3,71.13747032810569,38.20353634562866,25.07844072021453,13.125095625414133,17.693975696915697,1.1030244927757091,1134.6814990040207,1077.6165528575432,1,0.05830903790087463,0.00016080473399715522,0.1311699409422018,0.1252373604688013,0.3850284807379056,0.3419827720155251,0.08,263.579,1.16,0.0,2.0
2021-02-12,1256.4000244140625,1256.4000244140625,1256.4000244140625,1256.4000244140625,3,72.25881036460768,43.12673045311294,28.688098666794215,14.438631786318727,20.310711209928606,1.0450981760269893,1146.2737395192628,1084.6276693891714,1,0.05813953488372093,0.009643201353720876,0.11156327535920729,0.12018549550850688,0.38408807217701,0.33664101222157966,0.08,263.579,1.2,0.0,2.0
2021-02-16,1277.0,1277.0,1277.0,1277.0,3,74.11778921536605,48.13576399770545,32.577631732976464,15.55813226472899,22.63692702287118,1.0277155922364072,1158.7238595650472,1092.171682354302,1,0.05946481665014866,0.01639603246230803,0.08921867400865513,0.1761997397362327,0.35787074356431264,0.3372538089078534,0.08,263.579,1.3,0.0,2.0
2021-02-17,1255.300048828125,1255.300048828125,1255.300048828125,1255.300048828125,3,68.88144316474508,49.780614527504895,36.01822829188215,13.762386235622742,23.65406636206019,0.890816375348511,1167.9215918758166,1098.5688731964128,1,0.059940059940059943,-0.01699291399520364,0.05363439911417567,0.15334437768311582,0.36858376090141737,0.3399371780214074,0.08,263.579,1.29,0.0,2.0
2021-02-18,1272.4000244140625,1272.4000244140625,1272.4000244140625,1272.4000244140625,3,70.64163180154301,51.866115251126075,39.187805683730936,12.67830956739514,25.044627734979603,0.8980432707939283,1177.871918784221,1105.385781087301,1,0.06012024048096193,0.013622221716553806,0.022665226128345983,0.14342197032971926,0.36516863409099404,0.3403504389720889,0.08,263.579,1.29,0.0,2.0
2021-02-19,1290.5999755859375,1290.5999755859375,1290.5999755859375,1290.5999755859375,3,72.42914561113444,54.36083568076697,42.22241168313814,12.138423997628827,26.624231967473854,0.9035972235783718,1188.6079241939083,1112.6490828323456,1,0.06006006006006006,0.01430363943937829,0.03712628597353862,0.14801639534017563,0.3659536732810701,0.34087549765949327,0.08,263.579,1.34,0.0,2.0
2021-02-22,1280.0,1280.0,1280.0,1280.0,3,69.76490274569532,54.85030992299471,44.74799133110945,10.102318591885258,27.335685731309724,0.8304183115858634,1197.311931413536,1119.2118638977438,1,0.059940059940059943,-0.008213215393193418,0.01878380700998772,0.1550262194529548,0.3618836891739188,0.3356548989720187,0.08,263.579,1.37,0.0,2.0
2021-02-23,1237.4000244140625,1237.4000244140625,1237.4000244140625,1237.4000244140625,3,60.18353877103127,51.21043773072802,46.04048061103317,5.16995711969485,26.944976406792453,0.6779768008785396,1201.1298450326337,1123.8466937219132,1,0.06048387096774193,-0.033281230926513694,-0.031010160991337132,0.12368332662678205,0.38778766648643526,0.34163077611834525,0.08,263.579,1.37,1.0,2.0
2021-02-24,1255.5999755859375,1255.5999755859375,1255.5999755859375,1255.5999755859375,6,62.549940188793734,49.226939237896886,46.677772336405916,2.5491669014909704,26.616000293413627,0.7125703021361378,1206.3174765139008,1129.01348908913,1,0.12036108324974924,0.014708219502818531,0.0002389283407520093,0.13752484149549948,0.3887675351797203,0.3419162670365915,0.08,263.579,1.38,1.0,2.0
2021-02-25,1229.699951171875,1229.699951171875,1229.699951171875,1229.699951171875,2,57.328272302419165,45.04582662799953,46.35138319472464,-1.3055565667251088,25.119303532936314,0.6119168957410542,1208.5443788622792,1132.9619777982573,1,0.04024144869215292,-0.020627608249176643,-0.03355868628016634,0.14337512893712234,0.38348503160976316,0.3453506493293769,0.08,263.579,1.54,1.0,2.0
2021-02-26,1183.5,1183.5,1183.5,1183.5,3,49.40539784183014,37.571217206215124,44.59534999702274,-7.024132790807613,23.07225761352829,0.4339490196966552,1206.1591999230145,1134.9438610218551,1,0.06066734074823053,-0.03757010084276857,-0.08298464095144098,0.10742028078343391,0.41349444105016014,0.3560713626989308,0.08,263.579,1.44,1.0,2.0
2021-03-01,1189.5999755859375,1189.5999755859375,1189.5999755859375,1189.5999755859375,64,50.38047236666578,31.773487452912377,42.03097748820067,-10.257490035288292,20.915597157282665,0.42910498772246713,1204.582130938531,1137.087238063584,1,1.2155745489078822,0.00515418300459447,-0.07062501907348628,0.10578167093576107,0.41345564964503273,0.34840281900926806,0.07,264.961,1.45,1.0,2.0
2021-03-02,1212.699951171875,1212.699951171875,1212.699951171875,1212.699951171875,64,53.99619792021353,28.71174866213255,39.36713172298705,-10.655383060854497,20.123001615384545,0.5054764457531906,1205.35525667504,1140.0524424992034,1,1.1500449236298294,0.019418271738413262,-0.01996126778313545,0.0679876276282474,0.37549926152327423,0.3498592229524866,0.07,264.961,1.42,0.0,2.0
2021-03-03,1180.4000244140625,1180.4000244140625,1180.4000244140625,1180.4000244140625,81,48.657145773504595,23.409118715318527,36.175529121453344,-12.766410406134817,18.135916595148103,0.3396734932558751,1202.9785678882802,1141.6347006135115,1,1.3567839195979898,-0.026634722568100955,-0.059891647526340686,0.08025997726835521,0.3605593897529894,0.3518620557706699,0.07,264.961,1.47,1.0,2.0
2021-03-04,1134.199951171875,1134.199951171875,1134.199951171875,1134.199951171875,81,42.22576377437065,15.302390051454495,32.000901307453574,-16.69851125599908,17.478261928165708,0.11126403562887689,1196.4282234390987,1141.3431418118787,1,1.3224489795918368,-0.03913933606119735,-0.0776612212670178,0.02033103281963,0.38849577756810577,0.35648328526408335,0.07,264.961,1.54,2.0,1.0
2021-03-05,1127.0999755859375,1127.0999755859375,1127.0999755859375,1127.0999755859375,81,41.32183105126495,8.210198429874026,27.242760731937665,-19.03256230206364,16.569635758755922,0.0485400497467063,1189.825533167369,1140.7845862736065,1,1.2404287901990811,-0.006259897629691924,-0.04765528045125689,0.02454322388800989,0.38716454405322875,0.3534166334668889,0.07,264.961,1.56,2.0,1.0
2021-03-08,1151.0999755859375,1151.0999755859375,1151.0999755859375,1151.0999755859375,81,45.56396292935399,4.4746044422554405,22.68912947400122,-18.21452503174578,16.01911885054588,0.1509763078081791,1186.1373848262804,1141.1891113446784,1,1.1679884643114637,0.02129358576866558,-0.03236382043555175,0.018402128513908655,0.3823953252580692,0.3546733598485937,0.07,264.961,1.59,2.0,1.0
2021-03-09,1174.199951171875,1174.199951171875,1174.199951171875,1174.199951171875,81,49.35882787151635,3.3395974680165637,18.81922307280429,-15.479625604787728,15.990091266102763,0.2683824641764711,1185.0004863830036,1142.483654083,1,1.103542234332425,0.02006774048811799,-0.031747341923116346,0.0015352496761606993,0.3659831032952143,0.35423430159091046,0.07,264.961,1.55,2.0,1.0
2021-03-10,1188.0,1200.5999755859375,1188.0,1200.5999755859375,2,53.36049743227148,4.518273752364166,15.959033208716267,-11.440759456352101,15.910893593888007,0.4009707774380323,1186.4861520213783,1144.7627255144878,1,0.0392156862745098,0.02248341467542625,0.01711280138434601,0.007721966579948392,0.3701824768146952,0.35631213032023196,0.07,264.961,1.53,1.0,1.0
2021-03-11,1201.0999755859375,1201.0999755859375,1201.0999755859375,1201.0999755859375,0,53.435545989712594,5.430133818421382,13.85325333065729,-8.423119512235909,15.881940852012336,0.4143434791630665,1187.8779447418126,1146.9720294388585,1,0.0,0.00041645844591653436,0.058984330183527334,-0.03464071473828856,0.3336349586914226,0.3559454079722482,0.07,264.961,1.54,1.0,1.0
2021-03-12,1199.0999755859375,1204.199951171875,1199.0999755859375,1199.0999755859375,2,53.06770222629013,5.923128071675137,12.26722827886086,-6.344100207185724,15.830888387130216,0.4152843953344763,1188.9467095841103,1149.016262621097,1,0.070298769771529,-0.0016651403219155592,0.06388075730599674,-0.03640312434858317,0.33355827140207606,0.35559299967988073,0.07,264.961,1.64,2.0,1.0
2021-03-15,1208.300048828125,1208.300048828125,1208.300048828125,1208.300048828125,271,54.61540507526966,6.975786072071969,11.208939837503083,-4.233153765431114,15.560110442545803,0.4751252696427887,1190.789884750207,1151.341116982157,1,6.475507765830346,0.007672482219584609,0.04969166402168601,-0.03828396581603821,0.33273974746867724,0.3532262303810383,0.07,264.961,1.62,2.0,1.0
2021-03-16,1217.9000244140625,1217.9000244140625,1217.0999755859375,1217.9000244140625,50,56.23715843060534,8.486832004343114,10.66451827087109,-2.177686266527976,14.83560805714346,0.543784395694525,1193.3718028134313,1153.9512702147808,1,1.1312217194570136,0.007945026233548536,0.037216892402843316,-0.04628032543926197,0.32796325718632313,0.3531481565644403,0.07,264.961,1.62,1.0,1.0
2021-03-17,1198.0999755859375,1198.0999755859375,1198.0999755859375,1198.0999755859375,0,52.10182887127244,7.994492791151288,10.130513174927131,-2.1360203837758434,14.483732681742662,0.4480681437228164,1193.8221049822414,1155.682591994042,1,0.0,-0.016257532171124578,-0.002082292229582894,-0.045566853355567205,0.32752703976382475,0.3544773350705189,0.07,264.961,1.63,1.0,1.0
2021-03-18,1216.199951171875,1216.199951171875,1216.199951171875,1216.199951171875,50,55.335151444883294,8.961524305720786,9.896715401085864,-0.9351910953650773,13.670261821605214,0.57185331743198,1195.9533284288732,1158.0558217657217,1,1.0775862068965518,0.015107233081350868,0.012571789104042885,-0.0441685571863043,0.3285071664351678,0.3549348703732347,0.07,264.961,1.71,1.0,1.0
2021-03-19,1198.9000244140625,1198.9000244140625,1198.9000244140625,1198.9000244140625,50,51.74007510710607,8.236993308755018,9.564770982619695,-1.3277776738646772,12.033826196488363,0.49387061439860863,1196.2339661417484,1159.6575552029117,1,1.0256410256410255,-0.014224574455165118,-0.00016675104323748968,-0.07105218728230867,0.32513840079019213,0.3516568654051514,0.07,264.961,1.74,1.0,1.0
2021-03-22,1182.800048828125,1182.800048828125,1182.800048828125,1182.800048828125,18,48.57704214880323,6.291143411869143,8.910045468469585,-2.618902056600442,10.436078106225256,0.4027697063741959,1194.954545445213,1160.5651039725278,1,0.36363636363636365,-0.013428955924666086,-0.021104029603186136,-0.0759374618530273,0.32665481703240584,0.35274865500357755,0.07,264.961,1.69,2.0,1.0
2021-03-23,1176.5,1176.5,1170.5,1173.800048828125,4,46.852738995445414,3.976974479415958,7.92343127065886,-3.946456791242902,10.035235174339183,0.34995168389103043,1192.9398314816808,1161.0841214178454,1,0.08072653884964683,-0.007609062925654109,-0.03620984867551358,-0.05139807203095337,0.3075253612861167,0.3532182878402256,0.07,264.961,1.63,2.0,1.0
2021-03-24,1179.5999755859375,1179.5999755859375,1179.5999755859375,1179.5999755859375,4,48.13052776735409,2.5812297354743805,6.854990963621964,-4.273761228147584,8.79975090433176,0.4201710657683749,1191.6693690154195,1161.8102333460058,1,0.08088978766430738,0.004941153958549327,-0.015441115413555084,-0.060528832014777545,0.3022044629870621,0.35274682806943697,0.07,264.961,1.62,2.0,1.0
2021-03-25,1153.699951171875,1153.699951171875,1153.699951171875,1153.699951171875,4,43.14232526063861,-0.6078170084563226,5.362429369206307,-5.9702463776626296,8.54572238135362,0.1991411046496485,1188.053233982701,1161.4921830646674,1,0.08072653884964683,-0.0219566166074201,-0.05138957614640405,-0.06180369441144873,0.30329706308372334,0.35544812344448656,0.07,264.961,1.63,2.0,1.0
2021-03-26,1177.5,1177.5,1177.5,1177.5,4,48.431305533091766,-1.2008518214465767,4.049773131075731,-5.250624952522307,8.561880077279948,0.4374010723369673,1187.0481640795865,1162.1199405915431,1,0.08064516129032258,0.020629322904928582,-0.01784971555449033,-0.005069708491761693,0.2841681760941126,0.35679610935250844,0.07,264.961,1.67,2.0,1.0
2021-03-29,1181.300048828125,1181.300048828125,1181.300048828125,1181.300048828125,10709,49.243151271997334,-1.348657516885396,2.9700870014835057,-4.318744518368902,8.554843378112325,0.47896156069095996,1186.5007245318284,1162.8721016988602,1,18.405087221792556,0.0032272176884289294,-0.0012681771542757403,-0.006977073745924045,0.2837663278283999,0.3556063820139155,0.07,264.961,1.73,2.0,1.0
2021-03-30,1177.0,1186.0,1153.199951171875,1157.699951171875,5641,44.552151939365935,-3.3317192563531535,1.709725749916174,-5.041445006269328,8.458210906913287,0.26988756150610876,1183.7577937356423,1162.6692722664295,1,6.553967700708725,-0.019978072192295082,-0.013716218253972401,-0.04535334560445192,0.28217525444420644,0.35838875394623126,0.07,264.961,1.73,2.0,1.0
2021-03-31,1158.9000244140625,1193.800048828125,1158.800048828125,1188.5,108,51.099362961538134,-2.3904478436486443,0.8896910312032104,-3.2801388748518545,8.47488753644762,0.5740792473647326,1184.2094324274858,1163.6822419814716,1,0.12528275622063687,0.026604517687806695,0.007544951337966621,0.006862059825827549,0.2837225100391383,0.3613899465225944,0.07,264.961,1.74,1.0,1.0
2021-04-01,1188.4000244140625,1211.800048828125,1185.0,1206.199951171875,71,54.42949055250318,-0.21378099840399045,0.6689966252817703,-0.8827776236857607,7.8086979226711675,0.7325728571416732,1186.303767545999,1165.3496031261934,1,0.08240961058557252,0.014892680834560412,0.04550576598939182,0.0634808703047538,0.24448589674839225,0.3513002807171285,0.07,266.614,1.69,1.0,1.0
2021-04-05,1212.800048828125,1222.9000244140625,1206.699951171875,1207.0,13,54.58005487363538,1.5578425731728203,0.8467658148599804,0.7110767583128399,6.54245648468407,0.7355699269733975,1188.274837303523,1166.9829520232054,1,0.015148866748237488,0.0006632804348463139,0.025053078556263264,0.07088991761580465,0.24219305960311294,0.3507550353477458,0.07,266.614,1.73,1.0,1.0
2021-04-06,1211.0,1240.0999755859375,1211.0,1237.800048828125,24,60.052122888337635,5.385097499322001,1.7544321517523846,3.6306653475696162,6.782655784906629,1.0534614891202678,1192.99152411539,1169.7600930743788,1,0.02806032970887408,0.02551785321302824,0.047828661360040714,0.07531932506388506,0.24658506082486237,0.3534063158112498,0.07,266.614,1.67,1.0,1.0
2021-04-07,1245.9000244140625,1246.0,1228.699951171875,1229.300048828125,83,57.97622023617573,7.644227740614724,2.9323912695248526,4.711836471089871,7.0942961456537255,0.895254845179656,1196.449478849936,1172.0949933000159,1,0.09703062894552257,-0.006867021865160972,0.06184685209995311,0.04692565146273342,0.24145475835012473,0.3375311481820412,0.07,266.614,1.68,1.0,1.0
2021-04-08,1236.5,1236.800048828125,1230.300048828125,1233.300048828125,24,58.69975105975137,9.646176189027756,4.275148253425433,5.3710279356023225,7.590927774004761,0.8949103909047623,1199.9590569430968,1174.4951915560202,1,0.028021015761821366,0.003253884195167034,0.03769461407498942,0.02723644336759934,0.229780773325192,0.33274627159657055,0.07,266.614,1.64,1.0,1.0
2021-04-09,1207.300048828125,1207.300048828125,1207.300048828125,1207.300048828125,22,52.38615893376261,9.030652310274263,5.2262490647952,3.8044032454790635,7.619155776247063,0.6050348930943101,1200.6581990273853,1175.7816565470832,1,0.025652985074626863,-0.021081650020775555,0.0009120358985101884,0.0051619959771982415,0.24347389941620595,0.33389177767611733,0.07,266.614,1.67,0.0,1.0
2021-04-12,1170.4000244140625,1172.199951171875,1168.0,1172.199951171875,6,45.30215513190817,5.6454830502364075,5.3100958618834415,0.335387188352966,7.849072432962783,0.242608734205688,1197.947889707813,1175.6411975127614,1,0.006994637444625787,-0.02907321812031749,-0.02883185487002904,-0.02243351260258164,0.2654514292445156,0.33075356379836335,0.07,266.614,1.69,1.0,1.0
2021-04-13,1163.5,1180.300048828125,1155.0,1155.0,81,42.28464659649571,1.5568730458949176,4.559451298685737,-3.002578252790819,8.360355416077232,0.11216645382768271,1193.857614497545,1174.8317387867708,1,0.09548508782270423,-0.01467322290423223,-0.06689291126342667,-0.04411160032627515,0.2675432610801687,0.3311532237010655,0.07,266.614,1.64,2.0,1.0
2021-04-14,1157.5,1181.699951171875,1156.4000244140625,1175.199951171875,7,46.769021208778376,-0.05280390728171369,3.6370002574922466,-3.6898041647739603,8.262180160480264,0.3337216196676321,1192.0806941808146,1174.8461784881474,1,0.008272764876203983,0.01748913521374451,-0.04400886318016739,-0.035060409217686606,0.2743004985011277,0.3256391802782957,0.07,266.614,1.64,1.0,1.0
2021-04-15,1197.800048828125,1197.800048828125,1197.800048828125,1197.800048828125,30,51.32576240431599,0.48951172770557605,3.0075025515349125,-2.5179908238293365,8.260977543985353,0.5634439131596791,1192.6253946234156,1175.7463302661859,1,0.03539196602371262,0.019230853127345515,-0.028784560605289777,-0.00025033533421603416,0.2780906057638846,0.32765519275007277,0.07,266.614,1.56,1.0,1.0
2021-04-16,1206.199951171875,1206.199951171875,1202.800048828125,1206.199951171875,2,52.93828663841346,1.5789020933343636,2.721782459894803,-1.1428803665604392,8.127556923188797,0.6564501195066508,1193.9182095327926,1176.9405899095461,1,0.0023661638568470865,0.007012775088770518,-0.0009112048469788192,-0.008222332183424608,0.2737791446890731,0.3250502800595528,0.07,266.614,1.59,1.0,1.0
2021-04-19,1218.4000244140625,1218.4000244140625,1204.0,1204.0,1,52.448213073539605,2.2389251969300403,2.6252110073018504,-0.3862858103718101,8.162061469469123,0.6305079136533898,1194.878380053479,1178.0017432464267,1,0.0011865211200759373,-0.001823869392249322,0.027128519154376196,0.004253878957446888,0.26890546831411427,0.32458564302546233,0.07,266.614,1.61,1.0,1.0
2021-04-20,1199.4000244140625,1199.4000244140625,1188.5999755859375,1193.800048828125,4,50.13099220804487,1.9168511795185168,2.4835390417451837,-0.5666878622266669,8.133312950827502,0.5200133187118138,1194.7756818415405,1178.6212846417875,1,0.004750029687685548,-0.008471720242421044,0.03359311586850655,0.009299965798021725,0.2660844628891767,0.32361713004504244,0.07,266.614,1.58,1.0,1.0
2021-04-21,1212.199951171875,1212.199951171875,1212.199951171875,1212.199951171875,0,54.07291174535699,3.1104680060677765,2.6089248346097023,0.5015431714580743,8.125008766073833,0.6899067349156986,1196.435136063477,1179.9380950939478,1,0.0,0.015412884562881368,0.03148400403106266,0.03271417681579325,0.269257619401275,0.32448931705267137,0.07,266.614,1.57,0.0,1.0
2021-04-22,1209.9000244140625,1209.9000244140625,1205.9000244140625,1206.0,10,52.565151181060926,3.515607956108397,2.790261458909441,0.7253464971989558,8.086098826811458,0.612793274969652,1197.3460754860032,1180.9601305804597,1,0.011873664212776061,-0.005114627472044719,0.006845843076978886,0.02238048911534518,0.26997866004521087,0.32477720826439027,0.07,266.614,1.57,0.0,1.0
2021-04-23,1241.5,1241.5,1228.800048828125,1230.5,5,57.59683554945724,5.747377341968104,3.381684635521174,2.36569270644693,7.794932917145752,0.83769694230862,1200.5035921063838,1182.9028705576966,1,0.005936479667557139,0.02031509121061359,0.02014595408042963,0.06656847714183844,0.26322283493296234,0.3218606348809895,0.07,266.614,1.58,0.0,1.0
2021-04-26,1236.5,1242.5999755859375,1236.5,1242.5999755859375,5,59.86138271451527,8.39565765008706,4.384479238434351,4.0111784116527085,8.20160777204364,0.9097895899921441,1204.512771485389,1185.2439334999806,1,0.005936127270568681,0.009833381215715198,0.03205978038699131,0.055286603470010576,0.25663224325489337,0.32171998524519574,0.07,266.614,1.58,0.0,1.0
2021-04-27,1246.9000244140625,1246.9000244140625,1246.9000244140625,1246.9000244140625,1,60.66533837475266,10.717867967237908,5.651156984195063,5.066710983042845,8.620619115574296,0.8986264461886104,1208.5496527166913,1187.66181941818,1,0.003258390355164549,0.003460525440697415,0.044479790093878924,0.05553201800932284,0.2566399566321063,0.32161267048848136,0.07,266.614,1.63,0.0,1.0
2021-04-28,1209.4000244140625,1209.4000244140625,1209.4000244140625,1209.4000244140625,14,51.060364940171596,9.423669577914552,6.405659502938961,3.0180100749755914,7.799843519375655,0.5142212289444706,1208.6306404973934,1188.5142980454696,1,0.547945205479452,-0.030074584381872826,-0.0023097895319215134,0.04465757573009688,0.2711109912831614,0.31020391975250844,0.07,266.614,1.63,0.0,1.0
2021-04-29,1195.0999755859375,1195.0999755859375,1195.0999755859375,1195.0999755859375,17,47.94310757019091,7.161559599102247,6.556839522171618,0.6047200769306293,7.721172609348931,0.35755884922070913,1207.3420057439214,1188.7725599098017,1,0.8095238095238095,-0.011824085116132865,-0.009038162864065113,0.005553197800536314,0.25976767176871757,0.30039538855541187,0.07,266.614,1.65,0.0,1.0
2021-04-30,1203.0,1203.0,1203.0,1203.0,0,49.76762515382763,5.937839374099212,6.433039492557137,-0.4952001184579249,7.730615492141982,0.44400639814336507,1206.9284813873574,1189.3304987368683,1,0.0,0.006610346059281902,-0.02234863876472981,-0.002652919334614534,0.2552884771675955,0.2988201335643311,0.07,266.614,1.65,0.0,1.0
2021-05-03,1227.9000244140625,1227.9000244140625,1227.9000244140625,1227.9000244140625,0,55.10825330572269,6.897743260770312,6.525980246199772,0.37176301457053995,7.851628201035134,0.6961606560904745,1208.9257711994246,1190.843029155582,1,0.0,0.020698274658406124,-0.011829994737399985,0.017315678884890273,0.2655981362180274,0.3003479062954421,0.06,268.383,1.63,0.0,1.0
2021-05-04,1229.5999755859375,1229.5999755859375,1229.5999755859375,1229.5999755859375,0,55.45644217998154,7.706806590126234,6.762145514985065,0.9446610751411697,7.712236722518423,0.7224053966153712,1210.8947430457592,1192.3629094077528,1,0.0,0.0013844377702381117,-0.013874447421119096,-0.006624715558826155,0.24962532270062418,0.29570169385298767,0.06,268.383,1.61,0.0,1.0
2021-05-05,1226.5999755859375,1226.5999755859375,1226.5999755859375,1226.5999755859375,0,54.650850811017115,8.013545020930678,7.012425416174188,1.0011196047564903,7.676298678566101,0.6925940312621393,1212.3904794781572,1193.7055394539561,1,0.0,-0.0024398178753788358,0.014221887567935187,-0.002196431412136879,0.24857248176522184,0.2865523724856401,0.06,268.383,1.59,0.0,2.0
2021-05-06,1255.5,1255.5,1255.5,1255.5,0,60.59007890264618,10.46795975592022,7.703532284123394,2.764427471796825,8.206025216756107,0.9599124401566846,1216.4961480992852,1196.1288516322325,1,0.0,0.023561083474061828,0.05053972525139527,0.018000446195529873,0.2619796658461074,0.28857348917836445,0.06,268.383,1.58,0.0,2.0
2021-05-07,1252.300048828125,1252.300048828125,1252.300048828125,1252.300048828125,0,59.65840839319248,12.016374514569634,8.566100730212643,3.450273784356991,8.73611314468098,0.8797357828311823,1219.9060434067937,1198.3316436791301,1,0.0,-0.002548746453106321,0.040980921719139696,0.03727325286177163,0.24904083100073401,0.2747060707403563,0.06,268.383,1.6,0.0,2.0
2021-05-10,1263.0,1263.0,1263.0,1263.0,0,61.77497406101663,13.946138598281323,9.64210830382638,4.304030294454943,8.884321721256335,0.9289970537972454,1224.0102297490039,1200.8676576524977,1,0.0,0.008544239203605919,0.028585369238580016,0.07746122898004737,0.2205280362672652,0.27524500622527076,0.06,268.383,1.63,0.0,2.0
2021-05-11,1238.699951171875,1238.699951171875,1238.699951171875,1238.699951171875,0,54.74959641250296,13.360666237711712,10.385819890603447,2.974846347108265,7.66402254258338,0.6911530442168494,1225.4092508368963,1202.3512770061989,1,0.0,-0.01923994364855508,0.0074007610333606255,0.07246749019209964,0.2262427182260003,0.27745237506007053,0.06,268.383,1.64,0.0,2.0
2021-05-12,1241.0,1241.0,1223.5,1223.5,1,50.853766752731545,11.537172799193286,10.616090472321416,0.9210823268718702,6.840738105337421,0.5032266706625045,1225.2274174238585,1203.1806386922303,1,0.2222222222222222,-0.01227089026482564,-0.0025272914133693813,0.04109943059473542,0.22669542632080614,0.2763787255986623,0.06,268.383,1.69,0.0,2.0
2021-05-13,1204.5999755859375,1204.5999755859375,1204.5999755859375,1204.5999755859375,0,46.42971767514153,8.469337840836943,10.186739946024522,-1.7174021051875794,6.7198496752348795,0.26928310323031207,1223.2628991535803,1203.2362989625717,1,0.0,-0.015447506672711442,-0.04054163633139185,0.005677013258152064,0.22549398319817196,0.2759984540815091,0.06,268.383,1.66,0.0,2.0
2021-05-14,1220.800048828125,1220.800048828125,1220.800048828125,1220.800048828125,0,50.41183577849755,7.261560307702666,9.601704018360152,-2.340143710657486,6.5936542600764465,0.4566441240556484,1223.0283419797274,1203.9250734671032,1,0.0,0.01344850869211367,-0.025153716179662333,0.01210421012044094,0.2291113393512934,0.2759609651559182,0.06,268.383,1.63,0.0,2.0
2021-05-17,1242.5,1242.5,1242.5,1242.5,0,55.214219022124844,7.963593270579622,9.274081868804046,-1.310488598224424,6.520384018195358,0.7035530699853457,1224.8827856007058,1205.4378156840796,1,0.0,0.017775188650021256,-0.01623119556611241,0.03197674418604657,0.23665180943492295,0.2768359607188315,0.06,268.383,1.64,0.0,2.0
2021-05-18,1223.4000244140625,1223.4000244140625,1223.4000244140625,1223.4000244140625,0,50.57178435656683,6.899221120444508,8.799109719132138,-1.89988859868763,6.053302095594888,0.4420725785134171,1224.7415702495969,1206.142216026432,1,0.0,-0.015372213751257524,-0.012351600355952175,0.02479475152894639,0.24183937041840828,0.2780823120787462,0.06,268.383,1.64,0.0,2.0
2021-05-19,1195.0,1199.800048828125,1195.0,1199.800048828125,1,45.483070113728274,4.104068578634951,7.860101491032702,-3.7560329123977505,6.284786681287812,0.14619982025255754,1222.3661872570758,1205.8935035872826,1,0.37037037037037035,-0.019290481539135595,-0.019370618039946885,-0.01022925494408955,0.24646208382045193,0.272277191997012,0.06,268.383,1.68,0.0,2.0
2021-05-20,1203.199951171875,1203.199951171875,1203.199951171875,1203.199951171875,1,46.32106857410695,2.138581519697027,6.715797496765568,-4.5772159770685406,6.3383462527390995,0.19466820316316363,1220.5408314394376,1205.787874080796,1,0.4444444444444444,0.002833724125174575,-0.0011622318134130172,-0.0023217651974501985,0.24610474628323634,0.2705492698482149,0.06,268.383,1.63,0.0,2.0
2021-05-21,1167.800048828125,1167.800048828125,1167.800048828125,1167.800048828125,1,39.51101777525503,-2.249625126775072,4.92271297205744,-7.172338098832512,7.612388459078477,-0.10121565609676351,1215.5178997621697,1204.2981554434364,1,0.48780487804878053,-0.029421462583398283,-0.0434141529162585,-0.05095485670205202,0.2553834959799841,0.27402519715020124,0.06,268.383,1.63,0.0,2.0
2021-05-24,1175.800048828125,1175.800048828125,1175.800048828125,1175.800048828125,1,41.60056891580023,-5.023865375415198,2.9333973025629123,-7.957262677978111,8.218937304838326,0.05467941580740729,1211.7352472922607,1203.1805826349928,1,0.5405405405405405,0.006850487810843964,-0.05368205325704223,-0.0537581909466186,0.25368865645893507,0.2630823746585644,0.06,268.383,1.61,0.0,2.0
2021-05-25,1195.0999755859375,1195.0999755859375,1195.0999755859375,1195.0999755859375,1,46.41017413928927,-5.600568103778869,1.2266042212945563,-6.827172325073425,8.174275459188772,0.27117656046030164,1210.1509357011823,1202.8636960840495,1,0.5405405405405405,0.016414293210013087,-0.023132293823256322,-0.041543065052442096,0.2618134385533449,0.2650153617529712,0.06,268.383,1.56,0.0,2.0
2021-05-26,1198.4000244140625,1198.4000244140625,1198.4000244140625,1198.4000244140625,5,47.21073765854673,-5.725324829412557,-0.16378158884686633,-5.56154324056569,8.276887807146792,0.3121225007782864,1209.0318012928851,1202.688650136207,1,3.5714285714285716,0.002761316120441837,-0.0011668814444789621,-0.009095419032531749,0.23962138617902218,0.2620635638254476,0.06,268.383,1.58,0.0,2.0
2021-05-27,1172.300048828125,1177.4000244140625,1172.0,1177.4000244140625,8,42.82635752995432,-7.433036510984039,-1.6176325732743009,-5.815403937709737,8.629608192878877,0.12805247021203464,1206.0192511139496,1201.6969393235738,1,8.421052631578947,-0.01752336412899158,-0.02144275914629512,-0.0148104355564036,0.24412062333084894,0.25866780210592716,0.06,268.383,1.61,0.0,2.0
2021-05-28,1180.800048828125,1180.800048828125,1180.800048828125,1180.800048828125,8,43.73739177070393,-8.415053271082343,-2.9771167128359095,-5.437936558246433,8.965230377423424,0.18304215426273737,1203.6174223248236,1200.8774534217916,1,5.925925925925926,0.002887739377918308,0.011132042692621358,-0.018453824748025816,0.24299585982362085,0.2449918462636951,0.06,268.383,1.58,0.0,2.0
2021-06-01,1198.4000244140625,1198.4000244140625,1198.4000244140625,1198.4000244140625,8,48.327403901532506,-7.684554922183224,-3.9186043547053724,-3.765950567477852,9.001915815987251,0.3585165872634996,1203.1205272857035,1200.780299343057,1,4.571428571428571,0.014905127759271775,0.01922093438290129,-0.02402475723874753,0.2371104858441598,0.24624194413871406,0.08,270.654,1.62,0.0,2.0
2021-06-02,1191.4000244140625,1191.4000244140625,1191.4000244140625,1191.4000244140625,8,46.69569938959152,-7.583058438889793,-4.651495171542257,-2.9315632673475367,9.071431348857837,0.3130820356743974,1202.0042889169758,1200.412445424273,1,3.7209302325581395,-0.005841121376330527,-0.0030959344385066423,-0.031066974569247008,0.2374506842806116,0.24304124262478324,0.08,270.654,1.59,0.0,2.0
2021-06-03,1161.300048828125,1161.300048828125,1161.300048828125,1161.300048828125,8,40.38194016343093,-9.818259435314303,-5.684848024296667,-4.1334114110176365,9.718102537790758,0.0965906427582777,1198.1276946227995,1198.8786259499143,-1,3.1372549019607847,-0.02526437381998614,-0.030957922922337122,-0.05323653029311304,0.2523176809405134,0.24546942387242737,0.08,270.654,1.63,0.0,2.0
2021-06-04,1163.199951171875,1163.199951171875,1163.199951171875,1163.199951171875,8,40.92489716334965,-11.306037129475271,-6.809085845332388,-4.496951284142884,9.598906726596443,0.1463840979536991,1194.8012428655686,1197.4794622331285,-1,2.711864406779661,0.0016360133159962764,-0.012060534183574667,-0.07351656617134605,0.23371934229395183,0.24102387161980576,0.08,270.654,1.56,0.0,2.0
2021-06-07,1173.5999755859375,1173.5999755859375,1173.5999755859375,1173.5999755859375,8,43.93490695815171,-11.513199618884528,-7.749908600042816,-3.763291018841712,9.124735633734145,0.2576911615740819,1192.7820745532229,1196.543011776376,-1,2.388059701492537,0.00894087418382794,-0.006097622751060294,-0.06284442240167065,0.23803810304164247,0.24179180717016036,0.08,270.654,1.57,0.0,2.0
2021-06-08,1161.5999755859375,1161.5999755859375,1161.5999755859375,1161.5999755859375,8,41.318872528176094,-12.5015668157846,-8.700240243191173,-3.8013265725934264,8.201811462528223,0.15857922423502435,1189.8123508420529,1195.172696631653,-1,2.1333333333333333,-0.010224949087962343,-0.03070765026570965,-0.08028505495966942,0.2350571430282813,0.24262914297113172,0.08,270.654,1.53,0.0,2.0
2021-06-09,1150.5999755859375,1150.5999755859375,1150.5999755859375,1150.5999755859375,8,39.02498254754315,-14.01095345933004,-9.762382886418946,-4.248570572911094,8.123490666109518,0.08582787875614944,1186.077838912899,1193.424746786723,-1,1.9277108433734937,-0.009469697168727476,-0.03424546583183985,-0.07112293457555263,0.22908927796433418,0.24270865215197604,0.08,270.654,1.5,0.0,2.0
2021-06-10,1144.800048828125,1144.800048828125,1144.800048828125,1144.800048828125,8,37.832362535971406,-15.49652457715456,-10.90921122456607,-4.58731335258849,8.39589020779998,0.07921926754496811,1182.1466208095874,1191.517895886386,-1,1.7777777777777777,-0.005040784704396395,-0.014208214334142322,-0.06432362171791994,0.22688572944819346,0.24217096864405793,0.08,270.654,1.45,0.0,2.0
2021-06-11,1149.9000244140625,1149.9000244140625,1149.9000244140625,1149.9000244140625,8,39.580856785676886,-16.076999342644285,-11.942768848181714,-4.134230494462571,8.710840325797092,0.1694639870754611,1179.075516390966,1189.8858224953144,-1,1.6326530612244896,0.00445490510867641,-0.01143391275456418,-0.045409224871740594,0.22366007899226195,0.2402838893237914,0.08,270.654,1.47,0.0,2.0
2021-06-14,1164.0999755859375,1164.0999755859375,1164.0999755859375,1164.0999755859375,8,44.27995718194263,-15.215813958959188,-12.59737787033721,-2.618436088621978,8.355862631348732,0.3271957431063149,1177.6492744095347,1188.8746128125938,-1,1.509433962264151,0.012348857179223627,-0.008094751361303443,-0.04644501226602604,0.22268150572040674,0.23958925338486356,0.08,270.654,1.51,0.0,2.0
2021-06-15,1147.5999755859375,1147.5999755859375,1147.5999755859375,1147.5999755859375,8,40.35265719607023,-15.683935792722195,-13.214689454814208,-2.469246337907988,7.248229497723314,0.16212728113353542,1174.787436426335,1187.255999588019,-1,1.4035087719298245,-0.014174040328189919,-0.012052341851107595,-0.07637828926685108,0.21327497541652105,0.23957685042530039,0.08,270.654,1.51,0.0,2.0
2021-06-16,1141.0,1141.0,1141.0,1141.0,8,38.86768399835986,-16.39845738109875,-13.851443040071118,-2.5470143410276336,6.7361604518575255,0.10376010949626445,1171.5695853381126,1185.4420388198614,-1,1.3114754098360657,-0.0057511116472163115,-0.008343451929110901,-0.06735329636234666,0.20906077793978214,0.2383325800284875,0.08,270.654,1.57,0.0,2.0
2021-06-17,1054.300048828125,1054.300048828125,1054.300048828125,1054.300048828125,8,25.560684023728385,-23.687626156288616,-15.818679663314617,-7.868946492973999,10.830591813559568,-0.37745044336579014,1160.401058051447,1180.2992156829307,-1,1.2403100775193798,-0.07598593441882118,-0.07905310634170604,-0.12127020676663047,0.33711887582784605,0.287228303139292,0.08,270.654,1.52,1.0,1.0
2021-06-18,1040.0999755859375,1040.0999755859375,1040.0999755859375,1040.0999755859375,8,24.105038158514006,-30.261338291141556,-18.707211388880005,-11.554126902261551,13.984566446996578,-0.2217127835893206,1148.9438121023509,1174.8012062673624,-1,1.1764705882352942,-0.013468721032471875,-0.09548660448465873,-0.13555517138035433,0.33614483044956334,0.28787974333625094,0.08,270.654,1.45,1.0,1.0
2021-06-21,1049.699951171875,1049.699951171875,1049.699951171875,1049.699951171875,8,27.126500010533775,-34.30101398206375,-21.825971907516756,-12.475042074546995,16.18624297332293,-0.04351596733812712,1139.492015823258,1169.8952746949903,-1,1.1188811188811187,0.009229858485987785,-0.09827336724792946,-0.10113040993170208,0.32987603853748537,0.28569624602581284,0.08,270.654,1.5,1.0,1.0
2021-06-22,1069.300048828125,1069.300048828125,1069.300048828125,1069.300048828125,8,32.99198231245471,-35.51156675898801,-24.563090877811007,-10.948475881177004,17.258550014552558,0.11394753725500052,1132.8070665856262,1165.9503638766819,-1,1.0666666666666667,0.018672095425334323,-0.0682292858344079,-0.09057662491691887,0.33808216628778276,0.2850915331271311,0.08,270.654,1.48,0.0,1.0
2021-06-23,1085.699951171875,1085.699951171875,1085.699951171875,1085.699951171875,8,37.52325506817511,-34.74706100683193,-26.59988490361519,-8.147176103216736,17.43794596259907,0.22608429960825263,1128.3206746414594,1162.8032888686503,-1,1.019108280254777,0.015337044416787515,-0.04846630046286149,-0.0915404791640344,0.33722725000518655,0.28701349522925984,0.08,270.654,1.5,0.0,1.0
2021-06-24,1093.0999755859375,1093.0999755859375,1093.0999755859375,1093.0999755859375,8,39.51093689260962,-33.16179602260377,-27.912267127412907,-5.24952889519086,17.209129571710374,0.28600185522377697,1124.9663223504574,1160.0698256026615,-1,1.0,0.006815901949774439,0.03680159817970163,-0.0878671951626584,0.3387275856173563,0.28479236799685764,0.08,270.654,1.49,0.0,1.0
2021-06-25,1102.800048828125,1102.800048828125,1102.800048828125,1102.800048828125,8,42.11081193294717,-30.76807207521233,-28.483428116972792,-2.2846439582395384,17.073818642888096,0.353132584052006,1122.8552486816639,1157.82395200366,-1,1.0,0.008873912230203729,0.060282736961767114,-0.06335992359356579,0.3382223260281403,0.2798774960184741,0.08,270.654,1.54,0.0,1.0
2021-06-28,1096.9000244140625,1096.9000244140625,1096.9000244140625,1096.9000244140625,8875,40.957691763233676,-29.01267124831861,-28.589276743241957,-0.4233945050766543,16.8329991153275,0.3414890616906271,1120.3833225609399,1155.4347783726955,-1,19.663232524648276,-0.005350040037023995,0.0449653000264445,-0.07105354077290937,0.33749750000318945,0.27798805730182474,0.08,270.654,1.49,0.0,1.0
2021-06-29,1091.300048828125,1093.0999755859375,1057.5999755859375,1067.5,5260,35.710199618518914,-29.652029570838977,-28.801827308761364,-0.8502022620776124,16.46916053750403,0.21318186134413608,1115.346815650374,1151.9863556914133,-1,7.367462707472511,-0.02680282957397806,-0.0016833898306632955,-0.10922899010959541,0.3398842599988678,0.28283680079973633,0.08,270.654,1.49,0.0,1.0
2021-06-30,1057.0,1070.5,1048.199951171875,1070.5,82,36.60277482813139,-29.57572022727709,-28.95660589246451,-0.6191143348125792,15.908522848966147,0.2524839064411359,1111.0756903503384,1148.7908123309658,-1,0.11426182679579182,0.002810304449648804,-0.014000139868725725,-0.10147727206361423,0.34124779400848854,0.27729260203361505,0.08,270.654,1.45,0.0,1.0
2021-07-01,1063.199951171875,1086.9000244140625,1063.199951171875,1078.4000244140625,34,39.00433555008307,-28.548687082027982,-28.875022130377204,0.3263350483492218,15.711714610091304,0.31749868731060554,1107.9637221659311,1146.030389275401,-1,0.047291188538841365,0.0073797519047758,-0.013447947580453756,-0.0713855342533718,0.33531756103291827,0.27784764665166467,0.1,271.903,1.48,0.0,1.0
2021-07-02,1082.5999755859375,1092.0,1079.5999755859375,1085.4000244140625,14,41.13225418668609,-26.86028576216586,-28.472074856734935,1.611789094569076,15.241880593967064,0.3757916619407621,1105.814798570515,1143.6527279082895,-1,0.019464720194647202,0.006491097775895627,-0.015778041026160983,-0.06688439651276834,0.3367745977273947,0.2781948444284163,0.1,271.903,1.44,0.0,1.0
2021-07-06,1094.0,1114.5999755859375,1075.199951171875,1081.9000244140625,83,40.373832545812974,-25.51056637182205,-27.87977315975236,2.3692067879303096,14.339092574089147,0.3742899152139988,1103.5372010318051,1141.2310532614572,-1,0.11479944674965421,-0.0032246175799465204,-0.013674901692168895,-0.07813561100842081,0.33360641332634267,0.27532411203586815,0.1,271.903,1.37,0.0,1.0
2021-07-07,1087.199951171875,1096.800048828125,1072.5999755859375,1080.199951171875,57,39.98813785797866,-24.29799358820196,-27.163417245442282,2.8654236572403207,13.573839657638098,0.3826160663471178,1101.31460580705,1138.8376767089246,-1,0.07857192087669722,-0.0015713773951602228,0.011896909762880492,-0.07007578006619919,0.3328875641317225,0.2692144959160816,0.1,271.903,1.33,0.0,1.0
2021-07-08,1069.9000244140625,1079.300048828125,1062.199951171875,1073.199951171875,245,38.36306775599765,-23.62947652310686,-26.4566291009752,2.8271525778683397,12.99400042659235,0.3549221944182984,1098.637019651319,1136.2636482564913,-1,0.33229350332293506,-0.006480281722292203,0.0025221402819943783,-0.06726927347156153,0.33235275034530387,0.2679835437665879,0.1,271.903,1.3,0.0,2.0
2021-07-09,1072.0999755859375,1094.4000244140625,1067.9000244140625,1094.4000244140625,73,45.576638379199714,-21.145253874175978,-25.394354055615356,4.249100181439378,12.301037132783252,0.5230929401188069,1098.2334962953898,1134.6219375175724,-1,0.098575383161164,0.019754075854213626,0.014836794916333051,-0.04402517668098849,0.3421498483317343,0.26867921549136453,0.1,271.903,1.37,0.0,2.0
2021-07-12,1099.800048828125,1121.699951171875,1099.800048828125,1121.699951171875,12,53.17614267154755,-16.780182098758814,-23.671519664244048,6.891337565485234,11.59898514037786,0.7516288275412402,1100.468396759817,1134.115192954996,-1,0.01619979750253122,0.024945107957603296,0.033443823421146934,-0.024523934814730475,0.35467135303691505,0.27071427047555335,0.1,271.903,1.38,0.0,2.0
2021-07-13,1109.800048828125,1110.5,1102.199951171875,1109.800048828125,6,49.90492172490549,-14.118306882206525,-21.760877107836546,7.6425702256300205,9.98096562797831,0.7085054965051584,1101.3571255282275,1133.1616578911971,-1,0.008100992371565518,-0.010608810610464814,0.025787987600030426,-0.046645415253514844,0.35241774571192475,0.270880630357198,0.1,271.903,1.42,0.0,2.0
2021-07-14,1105.9000244140625,1128.800048828125,1103.5999755859375,1126.5,16,54.166159640095096,-10.539709888209018,-19.51664366391104,8.976933775702022,9.240610472855588,0.9023350112607905,1103.7516850017296,1132.9004164052678,-1,0.021590985763443763,0.015047711693209065,0.04286248002316184,-0.018386176398413,0.3545967677711823,0.27293522623866096,0.1,271.903,1.37,0.0,2.0
2021-07-15,1142.9000244140625,1142.9000244140625,1136.0,1136.0,1,56.436329109842205,-6.858020392761091,-16.98491900968105,10.12689861691996,9.047975900266302,1.010232858860228,1106.8229530968028,1133.0219687031006,-1,0.0013500742540839745,0.008433200177541122,0.058516634071358986,-0.004382120946538115,0.35559611797479695,0.2731766694169637,0.1,271.903,1.31,0.0,2.0
2021-07-16,1110.0,1110.0,1104.0,1107.0,49,48.53365448725012,-6.20874206564099,-14.82968362087304,8.620941555232049,8.764563237687872,0.6938624324367728,1106.8398147066312,1132.0014993421946,-1,0.06597105351733423,-0.0255281690140845,0.011513135329728641,0.049985723922190806,0.2256523475603424,0.27580997273514424,0.1,271.903,1.31,0.0,2.0
2021-07-19,1092.800048828125,1092.800048828125,1068.199951171875,1069.300048828125,85,40.578650269341225,-8.63669683655803,-13.591086264010038,4.954389427452007,7.939188457828078,0.2611937053487416,1103.2645989086782,1129.5426189298782,-1,0.11384945084382533,-0.0340559631182249,-0.046714722853474444,0.02807429470973477,0.2558769339762621,0.28397733035342126,0.1,271.903,1.19,0.0,1.0
2021-07-20,1076.5999755859375,1076.5999755859375,1052.800048828125,1064.300048828125,157,39.65041292930753,-10.839377106233087,-13.040744432454648,2.201367326221561,7.510089643322952,0.17776512820287832,1099.5536893771969,1126.9840867690252,-1,0.20820900470791062,-0.004675956019528527,-0.04099837628232672,0.013908829508804565,0.25500324042688516,0.28025139912091784,0.1,271.903,1.23,0.0,1.0
2021-07-21,1073.5999755859375,1073.5999755859375,1073.5999755859375,1073.5999755859375,0,42.294483120632144,-11.699723592036435,-12.772540264371006,1.0728166723345716,7.433737233547346,0.2865473050528348,1097.0819071113626,1124.8905922128258,-1,0.0,0.008738068524992038,-0.046959631082168274,0.004021253681345094,0.24820786348949903,0.28005831290801264,0.1,271.903,1.3,0.0,2.0
2021-07-22,1088.800048828125,1088.800048828125,1088.800048828125,1088.800048828125,0,46.42594749235341,-11.027912590459437,-12.423614729588692,1.3957021391292557,7.422197626541347,0.4720309741282238,1096.2931587034352,1123.4752767859748,-1,0.0,0.014158041717439174,-0.0415492527921435,0.0028553908037887155,0.247307978615244,0.28184851181251486,0.1,271.903,1.27,0.0,1.0
2021-07-23,1059.5999755859375,1059.5999755859375,1059.5999755859375,1059.5999755859375,0,40.4365430502098,-12.705241294122516,-12.479940042495457,-0.22530125162705872,7.84386913173708,0.15137601993177888,1092.7985698351022,1120.9703630134243,-1,0.0,-0.026818581863231494,-0.04281845023853881,-0.03064678505920093,0.2640336523937286,0.2804928679112094,0.1,271.903,1.3,0.0,1.0
2021-07-26,1060.5,1068.699951171875,1060.5,1068.699951171875,3,42.90846936561439,-13.14867466142914,-12.613686966282195,-0.5349876951469454,7.937560353016123,0.28010182705524445,1090.5034632957472,1118.9205429412066,-1,0.003986181238373638,0.008588123627414568,-0.0005612060496094085,-0.030921378442525405,0.26388764435830403,0.2806055360332249,0.1,271.903,1.29,0.0,2.0
2021-07-27,1059.800048828125,1062.5,1047.800048828125,1047.800048828125,5,38.91407408522964,-15.01348019700913,-13.093645612427583,-1.9198345845815474,8.526465610138512,0.09549072904745816,1086.436471441688,1116.13150395638,-1,0.016175994823681657,-0.019556379993123763,-0.015503146897501097,-0.04476248928170601,0.27146273134991966,0.28240313902929504,0.1,271.903,1.25,0.0,2.0
2021-07-28,1056.0999755859375,1056.0999755859375,1056.0999755859375,1056.0999755859375,36,41.25295821135674,-15.641313964182245,-13.603179282778516,-2.0381346814037293,8.738730221340802,0.19868783095108536,1083.5472813601878,1113.7773263732254,-1,0.7515657620041754,0.007921288767924084,-0.016300298433267968,-0.010679179778981251,0.25698651660303656,0.2792234306403685,0.1,271.903,1.26,0.0,2.0
2021-07-29,1071.199951171875,1074.699951171875,1063.0,1065.5,56,43.873983261257614,-15.205098427208213,-13.923563111664457,-1.2815353155437563,8.804856799223396,0.3019495650137777,1081.8284926592175,1111.884097888001,-1,1.2017167381974247,0.00890069560776885,-0.02139974998458427,-0.004670714619336769,0.2589227416636003,0.28008823631673363,0.1,271.903,1.28,0.0,2.0
2021-07-30,1046.9000244140625,1046.9000244140625,1046.9000244140625,1046.9000244140625,0,40.06492529065901,-16.173815378859445,-14.373613565103456,-1.8002018137559883,9.314826024680396,0.14372908906561838,1078.5019718739647,1109.3357028498074,-1,0.0,-0.017456570235511504,-0.011985609158637556,-0.029209939991530653,0.2643276385556788,0.28182064285845265,0.1,271.903,1.24,0.0,2.0
2021-08-02,1054.9000244140625,1054.9000244140625,1054.9000244140625,1054.9000244140625,0,42.38195361153874,-16.110288028969535,-14.720948457876673,-1.3893395710928615,9.590983116200315,0.24534353119676391,1076.254167353974,1107.200970362131,-1,0.0,0.007641608380396736,-0.012912816869393828,-0.028100238910962805,0.2648141605155106,0.2774581246650554,0.09,272.676,1.2,0.0,2.0
2021-08-03,1045.800048828125,1045.800048828125,1045.800048828125,1045.800048828125,53,40.46561875034998,-16.602846841136625,-15.097328134528665,-1.50551870660796,10.025047897186527,0.18855407792639725,1073.353775113417,1104.7930910862879,-1,1.2412177985948476,-0.008626386743134318,-0.0019087611250226955,-0.03336720100869639,0.2660051311612677,0.2777078560262825,0.09,272.676,1.19,0.0,2.0
2021-08-04,1020.4000244140624,1020.4000244140624,1020.4000244140624,1020.4000244140624,221,35.62379279002255,-18.82576128437063,-15.843014764497058,-2.9827465198735705,11.13277151209631,0.031774071378080825,1068.3105607610976,1101.4835590599262,-1,4.341846758349705,-0.02428764890814905,-0.03380357162878289,-0.05536005319472337,0.2781310894330914,0.2801205947411454,0.09,272.676,1.19,0.0,1.0
2021-08-05,1010.9000244140624,1010.9000244140624,1005.5,1005.5,145,33.12025479070826,-21.541428265412378,-16.982697464680122,-4.558730800732256,12.573268614656294,-0.0012321545287789207,1062.328602593374,1097.7194979203211,-1,3.159041394335512,-0.014602140393536689,-0.05631159080244019,-0.06308232785321166,0.2810719587087387,0.27914398313858385,0.09,272.676,1.23,0.0,1.0
2021-08-06,972.2999877929688,972.2999877929688,972.2999877929688,972.2999877929688,81,28.340953252969285,-26.07203524125771,-18.80056501999564,-7.271470221262067,14.930545733607545,-0.09458566040755148,1053.754448802859,1092.8010857584643,-1,1.7494600431965444,-0.03301841094682367,-0.07125803312770629,-0.11156801342951872,0.2870776296198214,0.28534683570595026,0.09,272.676,1.31,0.0,1.0
2021-08-09,965.0999755859376,970.9000244140624,965.0999755859376,970.9000244140624,50,28.156446729702964,-29.436216870892395,-20.927695390174993,-8.508521480717402,16.203385968618626,-0.016011686881792154,1045.8635512420212,1088.0206519802525,-1,1.0373443983402488,-0.0014398471628948029,-0.07962839895340545,-0.1344387388091327,0.26428446423873325,0.2843316880370903,0.09,272.676,1.33,1.0,2.0
2021-08-10,987.2000122070312,987.2000122070312,987.2000122070312,987.2000122070312,15,33.57847065696244,-30.436232319504484,-22.82940277604089,-7.6068295434635935,16.72173044609014,0.12441634686574209,1040.2765475244032,1084.0669014009106,-1,0.30832476875642345,0.016788533714175102,-0.05603369084440013,-0.11047038315645352,0.27703742283686417,0.2852481166388824,0.09,272.676,1.36,1.0,2.0
2021-08-11,1015.5,1015.5,1015.5,1015.5,15,41.79216810579327,-28.615319672459464,-23.986586155324606,-4.628733517134858,15.797279760988292,0.3048326736382999,1037.916876331603,1081.3780033067574,-1,0.30864197530864196,0.028666924071141242,-0.004802062227385884,-0.09853528628495345,0.2938328388970639,0.2894242124607684,0.09,272.676,1.35,1.0,2.0
2021-08-12,1017.2999877929688,1017.2999877929688,1017.2999877929688,1017.2999877929688,15,42.281063723501354,-26.71898943077747,-24.53306681041518,-2.185922620362291,14.026601890827015,0.3318721932705007,1035.9533631374472,1078.8651399532755,-1,0.30425963488843816,0.0017725138286250885,0.011735442857253808,-0.10448944736534438,0.2906941439562811,0.28849497075821834,0.09,272.676,1.36,0.0,2.0
2021-08-13,1025.5,1025.5,1025.5,1025.5,15,44.565325363159054,-24.274638672992523,-24.481381182930647,0.20674250993812393,12.896073110069386,0.4081329364596995,1034.9578047434047,1076.7723893668726,-1,0.31512605042016806,0.008060564538903803,0.05471563599192297,-0.07362240289069555,0.2840551096760367,0.2873197532298923,0.09,272.676,1.29,0.0,2.0
2021-08-16,1020.5,1020.5,1020.5,1020.5,15,43.43651068707579,-22.48177538785626,-24.08146002391577,1.5996846360595107,12.689746773678731,0.38693436039093004,1033.5808709583187,1074.5656289995443,-1,0.3401360544217687,-0.004875670404680621,0.05108659423082318,-0.04563737641423127,0.25983059817534554,0.2871302130590546,0.09,272.676,1.26,0.0,2.0
2021-08-17,993.4000244140624,993.4000244140624,993.4000244140624,993.4000244140624,50,37.84176299677935,-22.982729266609454,-23.86171387245451,0.878984605845055,12.929836832526698,0.21209359461265082,1029.7541236683894,1071.3826641138392,-1,1.2903225806451613,-0.02655558607147246,0.0062804012665782505,-0.06661657536531063,0.27408682004670853,0.2860022113805225,0.09,272.676,1.26,0.0,2.0
2021-08-18,995.7999877929688,995.7999877929688,995.7999877929688,995.7999877929688,50,38.5960597085007,-22.921852984504994,-23.673741694864606,0.7518887103596121,12.757442736723876,0.25506386877780624,1026.520396442159,1068.4186375914521,-1,1.2121212121212122,0.0024159083148018734,-0.01939932270510214,-0.07246645823599984,0.27128549360900994,0.28551710997611124,0.09,272.676,1.27,0.0,2.0
2021-08-19,970.5999755859376,970.5999755859376,970.5999755859376,970.5999755859376,50,33.93889078927495,-24.623197577895667,-23.86363287147082,-0.7595647064248467,12.492669520052521,0.09734097007239495,1021.1946420748998,1064.5826116304515,-1,1.1428571428571428,-0.02530629897162673,-0.04590584170589318,-0.10855994483964804,0.2732827449001419,0.2864916299745962,0.09,272.676,1.24,1.0,2.0
2021-08-20,993.5,993.5,993.5,993.5,50,40.91590325586633,-23.84877105161945,-23.860660507500548,0.011889455881096467,12.278852688469943,0.2984974451306401,1018.5570571153855,1061.795058233179,-1,1.0810810810810811,0.023593679157304592,-0.031204290589956107,-0.06238200935158156,0.27946485512066677,0.2914561735414909,0.09,272.676,1.26,0.0,2.0
2021-08-23,1013.4000244140624,1013.4000244140624,1013.4000244140624,1013.4000244140624,50,46.23040718400321,-21.38277942049092,-23.365084290098622,1.9823048696077024,11.456508657527817,0.4781771909744229,1018.0659111438309,1059.8972137696842,-1,1.02880658436214,0.020030220849584612,-0.006957349912726674,-0.051745044712665944,0.2884903697493312,0.29358638721690505,0.09,272.676,1.25,0.0,2.0
2021-08-24,1009.4000244140624,1009.4000244140624,1009.4000244140624,1009.4000244140624,50,45.34745713251109,-19.52614461638177,-22.59729635535525,3.07115173897348,11.11803702857958,0.4590205874003435,1017.2405885981387,1057.9169318341696,-1,0.983284169124877,-0.00394710864775516,0.016106301194664496,-0.03664823690074248,0.2814396000017991,0.29338522431442343,0.09,272.676,1.29,0.0,2.0
2021-08-25,992.7999877929688,992.7999877929688,992.7999877929688,992.7999877929688,50,41.78112122560376,-19.173215487592756,-21.912480181802753,2.7392646942099965,10.605643360893815,0.33158836530592894,1014.9129123309797,1055.3633261854952,-1,0.9699321047526673,-0.0164454489990028,-0.0030126531801321077,-0.05993749574499241,0.28358507271191824,0.29247849436992374,0.09,272.676,1.35,1.0,2.0
2021-08-26,975.0,975.0,975.0,975.0,50,38.30261287653141,-20.09814792587133,-21.54961373061647,1.4514658047451405,9.839975830752628,0.18360759480638109,1011.111682585172,1052.2118231978288,-1,0.975609756097561,-0.017929077368885493,0.004533303652110909,-0.08493664946034729,0.28465573800851146,0.29403507644376914,0.09,272.676,1.34,2.0,2.0
2021-08-27,1005.7999877929688,1005.7999877929688,1005.7999877929688,1005.7999877929688,16,46.58890045563248,-18.136792286612035,-20.867049441815585,2.7302571552035495,9.137752706222903,0.5166177635101076,1010.6058068906765,1050.3917512211676,-1,0.30739673390970224,0.031589731069711524,0.012380460788091296,-0.03925879803479515,0.3064403620858792,0.29863076443386977,0.09,272.676,1.31,1.0,2.0
2021-08-30,1010.0,1010.0,995.5,1001.9000244140624,14,45.75100746114388,-16.704538738653696,-20.034547301183206,3.3300085625295104,7.901220639143179,0.5034750596357327,1009.7766847500466,1048.490114875791,-1,0.26540284360189575,-0.003877474076594556,-0.011347937362296001,-0.05024172791107728,0.3043663235198617,0.29852679236675106,0.09,272.676,1.29,1.0,2.0
2021-08-31,1006.5,1013.9000244140624,1006.5,1013.9000244140624,16,48.80215481218732,-14.434772696935283,-18.914592380333623,4.47981968339834,6.914938009270225,0.7005745150113025,1010.1693837656671,1047.133640740037,-1,0.3143418467583497,0.011977242945989452,0.004458093809351915,-0.03050298615859537,0.3076510384056368,0.29907945538936814,0.09,272.676,1.3,1.0,2.0
2021-09-01,1001.7000122070312,1001.9000244140624,1000.0,1000.0,43,45.60266502297536,-13.600800991332562,-17.851834102533413,4.251033111200851,6.6649222421102685,0.5148685515883166,1009.2008710260798,1045.2852626718002,-1,1.0238095238095237,-0.013709462549914897,0.007252228339604594,-0.019992183384919593,0.2992062076765438,0.29956125125928385,0.08,273.91,1.31,2.0,2.0
2021-09-02,993.9000244140624,993.9000244140624,993.9000244140624,993.9000244140624,3,44.232170824153656,-13.27901721184594,-16.93727072439592,3.6582535125499795,6.655099654615198,0.4318251576254332,1007.743647539221,1043.2701552891438,-1,0.08595988538681949,-0.006099975585937667,0.019384640424679356,-0.011536524700087147,0.29552022858965454,0.2993021537475476,0.08,273.91,1.29,2.0,2.0
2021-09-03,1021.2000122070312,1021.2000122070312,1021.2000122070312,1021.2000122070312,0,51.28791372647102,-10.697802777631296,-15.689377135042996,4.9915743574117,6.4658543622879385,0.8140688918932079,1009.0252060790125,1042.4046594820022,-1,0.0,0.027467539110951344,0.01531121952770631,0.05029314514860905,0.2839211239869857,0.3052955628447957,0.08,273.91,1.33,1.0,2.0
2021-09-07,995.4000244140624,995.4000244140624,995.4000244140624,995.4000244140624,0,45.43715881035856,-10.611690178439176,-14.673839743722233,4.0621495652830575,5.877663243013361,0.3862483116886395,1007.7275697299697,1040.56134045973,-1,0.0,-0.02526438257399699,-0.0064876732624109534,0.02523431803885856,0.30075443937191637,0.30881223240563643,0.08,273.91,1.38,2.0,2.0
2021-09-08,975.2999877929688,975.2999877929688,975.2999877929688,975.2999877929688,41,41.468220875898346,-12.026713824875173,-14.144414559952823,2.1177007350776496,6.203985764361246,0.07824471765093784,1004.6392285931124,1038.0020717277002,-1,1.3827993254637438,-0.020192923576554445,-0.03807085086461137,-0.012054319557247783,0.30431966356951856,0.3094379946078947,0.08,273.91,1.35,2.0,2.0
2021-09-09,973.7999877929688,973.7999877929688,973.7999877929688,973.7999877929688,0,41.17913990436223,-13.117952136756685,-13.939122075313596,0.8211699385569116,6.521718468700628,0.10693052412387681,1001.7021580407178,1035.484342945946,-1,0.0,-0.0015379883305385311,-0.026200012207031276,-0.041063527530311394,0.2845669792572852,0.3085464371825912,0.08,273.91,1.3,2.0,2.0
2021-09-10,969.0,973.5,956.0,956.7000122070312,150,37.93270409336136,-15.187519212615939,-14.188801502774066,-0.9987177098418734,7.310412574822005,-0.04489117614865575,997.4162393898905,1032.3947613483417,-1,4.20757363253857,-0.01756004908635611,-0.03742832407008123,-0.05956942525617159,0.2894200496834011,0.31001587188240837,0.08,273.91,1.35,2.0,2.0
2021-09-13,955.0,957.7000122070312,953.5,957.7000122070312,39,38.239345382844284,-16.5561256770344,-14.662266337626134,-1.8938593394082677,7.563901392964328,0.030019844504118643,993.6337415629515,1029.465555499663,-1,1.0583446404341927,0.0010452597337100578,-0.06218174622105899,-0.06611407878397735,0.28691876776155134,0.2664415370157009,0.08,273.91,1.33,2.0,2.0
2021-09-14,939.0999755859376,939.0999755859376,939.0999755859376,939.0999755859376,73,34.795891591330516,-18.923485507226815,-15.514510171546272,-3.408975335680543,8.517816109682713,-0.09155799554996838,988.4400495651406,1025.9218072677522,-1,1.8364779874213837,-0.019421568741791684,-0.056560224479867305,-0.07976484508972304,0.292621985091992,0.267886594732727,0.08,273.91,1.28,2.0,2.0
2021-09-15,932.4000244140624,932.4000244140624,932.4000244140624,932.4000244140624,0,33.621420345508014,-21.097071387815276,-16.631022414800075,-4.4660489730152015,9.8797596643236,-0.04906125875248528,983.102904312657,1022.2542863715291,-1,0.0,-0.0071344386604790255,-0.04398642870486014,-0.061405273304658614,0.28039080445860326,0.2671420724617546,0.08,273.91,1.31,2.0,2.0
2021-09-16,925.2000122070312,925.2000122070312,925.2000122070312,925.2000122070312,0,32.357455316917594,-23.133960770742306,-17.93161008598852,-5.202350684753785,11.222971651108757,-0.01837263892844923,977.5883431597402,1018.448236404294,-1,0.0,-0.007722020611867442,-0.04990755411291903,-0.07089774698874118,0.28002840965173526,0.2639465967762921,0.08,273.91,1.34,2.0,2.0
2021-09-17,932.5,932.5,932.5,932.5,0,35.024570343320036,-23.88384418675048,-19.122056906140912,-4.761787280609568,12.05707687263211,0.09441851583570125,973.294215239765,1015.0777173296158,-1,0.0,0.007890172607709856,-0.025295298315303416,-0.039254045481442734,0.27026633198806715,0.26227193146636973,0.08,273.91,1.37,2.0,2.0
2021-09-20,912.0,917.0,900.7999877929688,900.7999877929688,5,29.571753976177632,-26.727955025645315,-20.643236530041793,-6.084718495603521,13.964578416015724,-0.05046052313084271,966.3900031019749,1010.5962377399434,-1,0.16666666666666666,-0.03399465116035527,-0.059413202139295906,-0.09330650448619149,0.27640074648391727,0.2695934213196213,0.08,273.91,1.31,2.0,2.0
2021-09-21,951.9000244140624,951.9000244140624,951.9000244140624,951.9000244140624,0,44.55638518656275,-24.575298715682152,-21.429648967169868,-3.145649748512284,13.694241591369543,0.34359140854499204,965.0100051316975,1008.294425452654,-1,0.0,0.05672739488628631,0.013630123693846752,-0.060686795459235054,0.3395929777507635,0.2940654576542857,0.08,273.91,1.33,2.0,2.0
2021-09-22,983.5,1001.2999877929688,980.0999755859376,1001.2999877929688,2,54.61051598692717,-18.667946423055355,-20.877308458346967,2.209362035291612,13.534763758305669,0.720132350801594,968.4661939565805,1008.0201337797251,-1,0.0796812749003984,0.0518961677822356,0.07389528268427958,-0.008024605136893626,0.38938813983025916,0.3134236060401211,0.08,273.91,1.32,1.0,2.0
2021-09-23,997.2000122070312,997.2000122070312,997.2000122070312,997.2000122070312,0,53.73950036429786,-14.154002406649852,-19.532647248007546,5.378644841357694,13.593605592585781,0.6864534506535634,971.202748075671,1007.5958152866783,-1,0.0,-0.004094652587557257,0.07782101064638614,0.00443193439581302,0.3850058944482138,0.3088934258087562,0.08,273.91,1.41,2.0,2.0
2021-09-24,980.9000244140624,980.9000244140624,980.9000244140624,980.9000244140624,0,50.30434891618917,-11.75642133561007,-17.977402065528054,6.220980729917983,13.608746014897942,0.5608421710883533,972.1262982031369,1006.5489215269679,-1,0.0,-0.016345755709422094,0.05190351143599181,0.006051307091345937,0.38403084720410546,0.3103676738722141,0.08,273.91,1.47,2.0,2.0
2021-09-27,985.7000122070312,986.9000244140624,979.7999877929688,982.5999755859376,10,50.65858898278098,-9.608389675522062,-16.303599587526858,6.695209912004795,13.304762236126022,0.5844286572072714,973.1237912872132,1005.6097471763393,-1,0.5050505050505051,0.001733052430996418,0.09080815819434607,-0.023066228364089558,0.3665423990277155,0.3098996434363165,0.08,273.91,1.48,2.0,2.0
2021-09-28,960.5999755859376,960.5999755859376,960.5999755859376,960.5999755859376,8611,46.08066141421145,-9.570947324450003,-14.957069134911487,5.386121810461484,13.050783739838048,0.4287196606371106,971.9310469347107,1003.8446580943628,-1,19.150450350272436,-0.022389579225137957,0.009139563975986364,-0.041221726541306514,0.3743526053411435,0.31241492309034086,0.08,273.91,1.54,2.0,2.0
2021-09-29,962.0999755859376,969.2000122070312,939.0,944.2999877929688,1695,42.98148348467528,-10.732825450833275,-14.112220398095845,3.37939494726257,12.576423319599673,0.3202554570989688,969.29951749264,1001.5095729845042,-1,3.1765367316341826,-0.016968549039392156,-0.056925996898928855,-0.06864585752556407,0.3741199211973338,0.31393368812787903,0.08,273.91,1.55,2.0,1.0
2021-09-30,946.5999755859376,966.9000244140624,946.5,960.9000244140624,152,46.898379410487756,-10.196597979498279,-13.329095914376332,3.132497934878053,12.186915696363398,0.4720437798997442,968.4995657708707,999.9170416680163,-1,0.2819775531026807,0.01757919817397391,-0.03640191270418125,-0.039099975585937585,0.3791635671935767,0.31651720173102105,0.08,273.91,1.52,2.0,1.0
2021-10-01,957.7000122070312,976.0,957.7000122070312,972.0999755859376,154,49.42286064604158,-8.766832796171684,-12.416643290735403,3.6498104945637184,11.898616214396371,0.5785808813295154,968.8424619437343,998.8261763314642,-1,0.2817416758141237,0.011655688299836209,-0.008971402394837846,-0.02193384474557858,0.3818092790830326,0.3175756473207156,0.08,276.55,1.48,2.0,1.0
2021-10-04,960.0,963.7999877929688,951.2000122070312,960.2000122070312,94,46.8730843325964,-8.496024300473323,-11.632519492682988,3.136495192209665,10.565579022124789,0.501528190819837,968.0193714926197,997.3114247971728,-1,0.170506076546345,-0.012241501571619295,-0.022796625214191568,-0.0597336459761354,0.3685951945099743,0.315192784137207,0.08,276.55,1.49,2.0,1.0
2021-10-05,963.7999877929688,963.7999877929688,955.7999877929688,959.0,25,46.611930732016276,-8.282759081891982,-10.962567410524787,2.679808328632806,10.029830103830296,0.5080638163548727,967.1603837314178,995.8090159815974,-1,0.045244774228576604,-0.0012497523346963746,-0.0016656002775365941,-0.036568237413384774,0.35887863398333725,0.31021007682002805,0.08,276.55,1.54,2.0,2.0
2021-10-06,957.2999877929688,975.9000244140624,949.2000122070312,975.7999877929688,13,50.74902401003302,-6.6811105643975,-10.10627604129933,3.42516547690183,10.037084954110075,0.6824695456914516,967.9832031658513,995.0243482094944,-1,0.023587045268983038,0.01751823544626574,0.03335804342603277,0.00051266277684614,0.3580430321353976,0.31241335177269103,0.08,276.55,1.53,2.0,2.0
2021-10-07,986.0999755859376,995.0,977.7000122070312,983.9000244140624,54,52.65403198294552,-4.70396295767614,-9.025813424574691,4.321850466898551,10.20853260202153,0.7569100343717123,969.4990909037762,994.5881002175167,-1,0.09749932292136859,0.008300918961286374,0.023935892825088567,0.01037177731331096,0.35916477119412715,0.31115246633410654,0.08,276.55,1.58,2.0,2.0
2021-10-08,1012.7999877929688,1030.5999755859375,1012.7999877929688,1026.5999755859375,25,61.17869413117656,0.30495463916599874,-7.159659811826554,7.464614450992553,11.877738767234607,1.0630237269833744,974.9372703973154,995.8434678790235,-1,0.045653761869978084,0.043398668678054086,0.056064192334898344,0.07306361710778342,0.38150656215760864,0.323724465166482,0.08,276.55,1.61,1.0,1.0
2021-10-11,1004.9000244140624,1007.0999755859376,1004.9000244140624,1004.9000244140624,15,55.69093838833003,2.494794775241303,-5.228768894412983,7.723563669654286,12.445683978528498,0.8356038965964385,977.7908660179579,996.198626958829,-1,0.02745241581259151,-0.021137689156372486,0.04655281362087016,0.04928475681884792,0.3915985134579385,0.3224192483934797,0.08,276.55,1.61,1.0,1.0
2021-10-12,1010.2000122070312,1010.2000122070312,1003.9000244140624,1009.7000122070312,6,56.61791975248739,4.564955790976001,-3.270023957335187,7.834979748311188,12.78432821706266,0.8357836641805342,980.8298323216792,996.7280930469938,-1,0.011048706380627936,0.004776582422483022,0.052867583114735384,0.0751784032121221,0.3828827824696811,0.31520735666662625,0.08,276.55,1.59,0.0,2.0
2021-10-13,1022.2999877929688,1022.2999877929688,1022.2999877929688,1022.2999877929688,45,59.04033768253949,7.13998078405109,-1.1880230090579313,8.328003793109021,13.134618673131063,0.8887612458220585,984.7793709379924,997.7309124487967,-1,0.0825233816247937,0.012478929814407014,0.047653208220643783,0.09641780461707006,0.3818700748579182,0.3162870766670428,0.08,276.55,1.56,0.0,2.0
2021-10-14,1033.5,1058.0,1033.5,1050.5,83,63.89905414343844,11.325656828940964,1.3147129585418478,10.010943870399117,13.985547220859731,1.0229922217862546,991.0384784677075,999.8002884311969,-1,0.15106015106015105,0.027584869944009105,0.06768977938139553,0.13543016227817617,0.3870004028333811,0.3208715480604637,0.08,276.55,1.52,0.0,2.0
2021-10-15,1057.300048828125,1057.4000244140625,1053.5999755859375,1056.699951171875,62,64.88528368809966,14.970548332762746,4.045880033386028,10.92466829937672,14.796227805748382,0.9911524844536268,997.2919520585806,1002.0316477543608,-1,0.11220704008686998,0.005901904970847305,0.029320062635651123,0.1331902961628686,0.3869617810332615,0.319737687977145,0.08,276.55,1.59,0.0,2.0
2021-10-18,1035.9000244140625,1035.9000244140625,1035.9000244140625,1035.9000244140625,0,59.05640943192893,15.996374603421373,6.435978947393097,9.560395656028277,13.103829888499188,0.8388031470111789,1000.9689113305312,1003.3598193880747,-1,0.0,-0.01968385324021782,0.030848839931191696,0.14997784019968696,0.3695049564705895,0.3174761711949246,0.08,276.55,1.59,0.0,2.0
2021-10-19,1044.5999755859375,1044.5999755859375,1044.5999755859375,1044.5999755859375,0,60.64875262259383,17.311802976156287,8.611143753145734,8.700659223010552,13.273737093846522,0.8636422784612378,1005.1242507834271,1004.977080415442,1,0.0,0.008398446729254605,0.03456468550755076,0.09738412521728446,0.32296358756230936,0.3174538123346156,0.08,276.55,1.65,0.0,2.0
2021-10-20,1041.0999755859375,1054.0999755859375,1041.0999755859375,1050.199951171875,17,61.68177593829886,18.591845446252364,10.607284091767061,7.984561354485303,14.04655420955864,0.8652788194666516,1009.417174629946,1006.7505263274589,1,0.03073863122683302,0.005360880448801897,0.027291366244794002,0.04883647655553247,0.27377525608888337,0.3150708287581975,0.08,276.55,1.65,0.0,2.0
2021-10-21,1039.0,1047.699951171875,1038.800048828125,1047.699951171875,10,60.912999325097736,19.183424641384477,12.322512201690545,6.860912439693932,14.63663886493049,0.8153873072224673,1013.0631533482249,1008.3563861252792,1,0.018065215427693977,-0.0023804990632596557,-0.0026654439106378325,0.050641735205233074,0.2733024432626416,0.31468051423732185,0.08,276.55,1.68,0.0,2.0
2021-10-22,1064.300048828125,1064.300048828125,1050.199951171875,1050.199951171875,203,61.430689417227065,19.627728288381036,13.783555419028644,5.844172869352391,15.043708649758866,0.7994120580584914,1016.5999912361916,1009.9973102447535,1,0.3601206315416001,0.00238617936099339,-0.006151225797627391,0.07064932718215466,0.2639982218300828,0.314169300108003,0.08,276.55,1.66,0.0,2.0
2021-10-25,1059.699951171875,1062.199951171875,1059.699951171875,1062.199951171875,131,63.90210246694653,20.70941657832566,15.168727650888048,5.5406889274376105,15.617084066391365,0.8381817405983542,1020.9428445633996,1012.0444726340525,1,0.22992540587977184,0.011426395503646436,0.025388479716166312,0.08100954362274515,0.2653939825280577,0.3129360159166615,0.08,276.55,1.64,0.0,2.0
2021-10-26,1032.199951171875,1032.199951171875,1032.199951171875,1032.199951171875,100,54.500006021398946,18.927726018272892,15.920527324365018,3.007198693907874,15.039474440654951,0.6294047241395637,1022.014949954683,1012.8348835571044,1,0.6934812760055479,-0.0282432699859404,-0.011870596117051435,0.07453672434486958,0.2740736128485351,0.3180700575071756,0.08,276.55,1.63,0.0,2.0
2021-10-27,1018.0,1018.4000244140624,1017.0,1018.4000244140624,5,50.79752916137776,16.215265171246187,15.979474893741253,0.2357902775049343,13.662175673129964,0.5158464089383753,1021.6706713317667,1013.0531243750244,1,0.08375209380234505,-0.013369431709568835,-0.03027987834347967,0.0784708647453034,0.2706974177001983,0.3187557709311542,0.08,276.55,1.54,0.0,2.0
2021-10-28,1018.4000244140624,1025.0,1015.4000244140624,1022.7000122070312,10,51.89418042995243,14.248347406533298,15.633249396299663,-1.3849019897663641,12.681975706948794,0.5263798845842701,1021.7687037960776,1013.4314337017697,1,0.19011406844106463,0.0042222974174050965,-0.02386173535360081,0.06431469062627326,0.2658813274680012,0.31487897219974914,0.08,276.55,1.57,0.0,2.0
2021-10-29,1019.5999755859376,1021.7999877929688,1019.5999755859376,1019.5999755859376,19,51.011439034789575,12.297644271738932,14.966128371387518,-2.6684840996485857,11.922839538898353,0.48304747921343494,1021.5621582522548,1013.6733373050705,1,0.4143947655398037,-0.0030312277149616706,-0.029137285287237136,0.04886328689738839,0.2647662934006652,0.3134493519688232,0.08,276.55,1.55,0.0,2.0
2021-11-01,1066.300048828125,1066.300048828125,1066.300048828125,1066.300048828125,0,61.60658605595795,14.354533478650183,14.843809392840052,-0.4892759141898697,11.08489900891019,0.8454897074017048,1025.822909735671,1015.7371299138177,1,0.0,0.0458023483330805,0.0038600055024731184,0.11049784968990117,0.29818591229153807,0.3184484855126458,0.08,278.919,1.58,0.0,1.0
2021-11-02,1038.199951171875,1039.0999755859375,1038.199951171875,1038.199951171875,1,54.03384466326744,13.56086870261322,14.587221254794686,-1.026352552181466,9.259936458350785,0.576154420457436,1027.001675586738,1016.6180248651141,1,0.025031289111389236,-0.026352899155479115,0.005812827246492347,0.08258597619590713,0.3185320078090567,0.32362544438610263,0.08,278.919,1.56,0.0,1.0
2021-11-03,1021.2999877929688,1021.2999877929688,1021.2999877929688,1021.2999877929688,0,50.049232785059246,11.436366529308316,13.957050309697413,-2.5206837803890974,7.906431846321936,0.3542655151937176,1026.458657701617,1016.8016312544418,1,0.0,-0.016278139254225832,0.0028475680571344864,0.04662840804385571,0.3222319821797118,0.3239407438948598,0.08,278.919,1.6,0.0,2.0
2021-11-04,1028.199951171875,1028.199951171875,1027.800048828125,1028.199951171875,1,51.61796911819069,10.191965990371955,13.204033445832323,-3.012067455460368,6.59993803784569,0.3943467876711946,1026.624495174975,1017.2486241923804,1,0.027285129604365622,0.006756059396237912,0.005377861444407994,0.04502482534665475,0.32189986653559294,0.31904602232426243,0.08,278.919,1.53,0.0,2.0
2021-11-05,1034.699951171875,1034.699951171875,1034.699951171875,1034.699951171875,0,53.11187058423943,9.619379061115524,12.487102568888965,-2.867723507773441,6.5516788482723785,0.4834222601009339,1027.3935862222988,1017.9329899562822,1,0.0,0.006321727590622439,0.014809705715479016,0.007890099141405482,0.2854010068238669,0.3192759182805379,0.08,278.919,1.45,0.0,2.0
2021-11-08,1058.9000244140625,1058.9000244140625,1058.9000244140625,1058.9000244140625,0,58.27721363875174,10.991638687871273,12.188009792685426,-1.196371104814153,6.202893747497719,0.8162912941163105,1030.3941993834192,1019.5395403271756,1,0.0,0.023388493654396214,-0.006939908163931197,0.05373668891239847,0.2841006455723865,0.32232298276532406,0.08,278.919,1.51,0.0,2.0
2021-11-09,1060.199951171875,1060.199951171875,1060.199951171875,1060.199951171875,0,58.54141655602869,12.045207895350131,12.159449413218368,-0.114241517868237,5.889223578850034,0.8123478591552157,1033.2328424108912,1021.1340662426541,1,0.0,0.001227619914856204,0.021190523054029686,0.0500147948443217,0.28402343223394266,0.32212720976774145,0.08,278.919,1.46,0.0,2.0
2021-11-10,1075.800048828125,1075.800048828125,1075.800048828125,1075.800048828125,0,61.67765782929243,13.977838763869386,12.523127283348572,1.454711480520814,6.304022881646187,0.987487758891582,1037.2868620696754,1023.2778302656137,1,0.0,0.014714297655840092,0.05336342082303447,0.05233303499362929,0.28515495307963384,0.3181743377249143,0.08,278.919,1.56,0.0,2.0
2021-11-11,1093.300048828125,1093.300048828125,1093.300048828125,1093.300048828125,0,64.88660958042954,16.728728033918742,13.364247433462607,3.364480600456135,7.519807600516981,1.1031386301839774,1042.621451284766,1026.0237996210064,1,0.0,0.01626696338140432,0.0633146282316519,0.04074255005057115,0.27497985243261774,0.3196138985202011,0.08,278.919,1.56,0.0,2.0
2021-11-12,1088.0999755859375,1088.0999755859375,1088.0999755859375,1088.0999755859375,0,63.19329275533821,18.278521727213956,14.347102292212877,3.9314194350010787,8.256495253400734,0.9702164962814326,1046.952739313449,1028.4581594627684,1,0.0,-0.004756309347796472,0.051609188106738646,0.029715175418755457,0.275581339862409,0.3148579005956842,0.08,278.919,1.58,0.0,2.0
2021-11-15,1095.800048828125,1095.800048828125,1095.800048828125,1095.800048828125,0,64.66381916662567,19.89869617031536,15.457421067833375,4.4412751024819865,9.081623233200082,0.97559664648571,1051.6048640291324,1031.099017869253,1,0.0,0.007076622934433008,0.03484750548993598,0.05782413650192142,0.2642645614058456,0.3118830289567829,0.08,278.919,1.63,0.0,2.0
2021-11-16,1073.0,1073.0,1073.0,1073.0,250,57.35655922349636,19.122490529244487,16.1904349601156,2.932055569128888,9.2411770825562,0.7175852862208039,1053.6424960263578,1032.7421936390863,1,6.693440428380187,-0.02080676018632044,0.012073240348649872,0.027187464175587817,0.2763877136598994,0.31293876658107295,0.08,278.919,1.63,0.0,2.0
2021-11-17,1067.699951171875,1067.699951171875,1067.699951171875,1067.699951171875,0,55.7786218509042,17.873636168563735,16.52707520180523,1.3465609667585063,9.324202634882152,0.6525594570106873,1054.9813012783118,1034.1130860913524,1,0.0,-0.004939467686975729,-0.007529370969143856,0.01666349344281759,0.2768253851410003,0.3130121893576559,0.08,278.919,1.6,0.0,2.0
2021-11-18,1055.0,1055.0,1055.0,1055.0,0,52.08123565603171,15.678399340432861,16.357340029530757,-0.678940689097896,9.31216724786673,0.5194768776278014,1054.9830821089488,1034.9321807544368,1,0.0,-0.011894681795139084,-0.03503159893679475,0.0069676903391659994,0.28036616201346537,0.31205021681972955,0.08,278.919,1.59,0.0,2.0
2021-11-19,1034.5999755859375,1034.5999755859375,1034.5999755859375,1034.5999755859375,50,46.723561529960485,12.152460854132414,15.51636419445109,-3.363903340318675,9.442812052529622,0.3217728301824433,1053.041833868662,1034.9191531007702,1,1.763668430335097,-0.0193365160322867,-0.049168276077931616,-0.014854290907679202,0.28891178128353207,0.312438840028079,0.08,278.919,1.54,0.0,2.0
2021-11-22,1030.0,1030.0,1014.0,1014.0,2,42.02248376789047,7.608180957962986,13.93472754715347,-6.3265465891904835,9.933542851134092,0.15577510829477798,1049.3235639764084,1034.098794155642,1,0.09132420091324202,-0.019911053616902374,-0.07464869974737087,-0.045377474475213675,0.29298653237830474,0.30896631126993895,0.08,278.919,1.63,1.0,2.0
2021-11-23,1002.0,1002.0,963.0999755859376,963.0999755859376,21,33.147811496769805,-0.09925601888085112,11.127930833946607,-11.227186852827458,12.261212281598507,-0.149575798626529,1041.1117936535065,1031.3145267607517,1,1.16991643454039,-0.05019726273576175,-0.10242313552102744,-0.06694437013631604,0.3292101702352391,0.3265241762736439,0.08,278.919,1.67,1.0,2.0
2021-11-24,974.2999877929688,974.2999877929688,974.2999877929688,974.2999877929688,0,36.33394336178837,-5.243266852953866,7.853691296566513,-13.096958149520379,13.515730799963462,0.0044519097830940215,1034.7487645239314,1029.0786624875054,1,0.0,0.011629127287867691,-0.08747772562543743,-0.04330325565974591,0.3311101284417568,0.326468386942561,0.08,278.919,1.64,1.0,2.0
2021-11-26,953.4000244140624,953.4000244140624,953.4000244140624,953.4000244140624,48,33.158164115880695,-10.880955988474284,4.106761839558354,-14.987717828032638,15.480219410092676,-0.04231682213864525,1027.0012654658487,1026.1108727591352,1,2.4489795918367343,-0.021451261049740933,-0.09630329439425367,-0.0677617942366271,0.337149454448997,0.32821791004375356,0.08,278.919,1.48,1.0,2.0
2021-11-29,962.7999877929688,970.0,957.2000122070312,963.5999755859376,42,36.09390229854846,-14.360278083920662,0.4133538548625507,-14.773631938783213,16.753009282859864,0.07229200783518897,1020.9630473820476,1023.659465026853,-1,2.0240963855421685,0.010698501060081078,-0.06862555738974341,-0.05492350072666319,0.34087875371081117,0.3288535522093473,0.08,278.919,1.52,1.0,2.0
2021-11-30,926.5999755859376,926.5999755859376,926.5999755859376,926.5999755859376,0,30.80798295945401,-19.87415974748785,-3.6441488656075296,-16.23001088188032,19.090723148453158,-0.03037388302429601,1011.9760881633705,1019.853210538974,-1,0.0,-0.038397676356832,-0.08619331796258622,-0.1310138486776956,0.3145934785130645,0.33309462602078144,0.08,278.919,1.43,2.0,2.0
2021-12-01,934.5,934.5,934.5,934.5,0,33.062068402871816,-23.33746497511538,-7.5828120875091,-15.75465288760628,20.843433018584662,0.07296795475568824,1004.5974131001924,1016.5060258119555,-1,0.0,0.008525819795178302,-0.029695749466235544,-0.09988437300042541,0.3101598860303327,0.3299274163859674,0.08,280.845,1.43,2.0,2.0
2021-12-02,932.4000244140624,932.4000244140624,932.4000244140624,932.4000244140624,0,32.756587872703136,-25.952446154897075,-11.256738900986695,-14.69570725391038,22.40445116784389,0.11124008764763069,997.721471320561,1013.2077512473322,-1,0.0,-0.0022471648859685445,-0.0430051974790846,-0.08704588704736926,0.30746936408131753,0.3274690535516818,0.08,280.845,1.44,2.0,2.0
2021-12-03,925.5,925.5,925.5,925.5,0,31.719533858112754,-28.25589550935331,-14.656570222660019,-13.59932528669329,23.953743009292623,0.12729630105428213,990.8432359566981,1009.7682315905741,-1,0.0,-0.007400283390595619,-0.029263712711995238,-0.09988324844289709,0.3046709255237208,0.327751936332517,0.08,280.845,1.35,2.0,2.0
2021-12-06,935.9000244140624,935.9000244140624,935.9000244140624,935.9000244140624,0,35.05690215595095,-28.90895621261336,-17.50704742065069,-11.401908791962672,24.967669855321354,0.20143889932559284,985.6105491431138,1006.8714391522795,-1,0.0,0.011237195477106887,-0.02874631784318138,-0.0954865481977788,0.30760064549137317,0.32674754344174045,0.08,280.845,1.43,2.0,2.0
2021-12-07,949.2999877929688,949.2999877929688,949.2999877929688,949.2999877929688,0,39.181639542676095,-28.02222371670655,-19.61008267986186,-8.412141036844687,25.25670080689986,0.27756836487483194,982.1524004431,1004.6137351774047,-1,0.0,0.014317729489638165,0.024498179155116873,-0.10350366804622602,0.29828162818662707,0.3281026883492729,0.08,280.845,1.48,2.0,2.0
2021-12-08,955.2000122070312,955.2000122070312,955.2000122070312,955.2000122070312,0,40.959700853193496,-26.537491480709605,-20.995564440031412,-5.541927040678193,25.239405627891102,0.32040055874193835,979.5855063253791,1002.675942119743,-1,0.0,0.006215131665364693,0.022150895887673938,-0.0990378643658526,0.30027460525375865,0.325817984870434,0.08,280.845,1.52,2.0,2.0
2021-12-09,937.2999877929688,937.2999877929688,937.2999877929688,937.2999877929688,0,37.38834772163296,-26.49974034900515,-22.096399621826162,-4.403340727178989,24.994209146398806,0.2731829271158155,975.5583140841971,1000.1121792049676,-1,0.0,-0.01873955630790214,0.005255215841490024,-0.12874145263892223,0.2944465993398296,0.3278498492647999,0.08,280.845,1.49,2.0,2.0
2021-12-10,933.7999877929688,933.7999877929688,933.7999877929688,933.7999877929688,0,36.71426992881203,-26.447374187709556,-22.96659453500284,-3.4807796527067154,23.917769311130655,0.2800392940553677,971.5813306278897,997.5117011103794,-1,0.0,-0.0037341299963540298,0.008968112147994312,-0.14588864347542974,0.2820208006070024,0.3275431191954907,0.08,280.845,1.48,2.0,2.0
2021-12-13,924.0999755859376,924.0999755859376,924.0999755859376,924.0999755859376,10,34.83955488577244,-26.878742138392568,-23.74902405568079,-3.129718082711779,22.677891815437057,0.25930013959320647,967.0592968143704,994.6328099133425,-1,0.4728132387706856,-0.010387676519419409,-0.012608236478583668,-0.15072144442580893,0.2819082402748695,0.3278515697270277,0.08,280.845,1.42,2.0,2.0
2021-12-14,910.2999877929688,910.2999877929688,910.2999877929688,910.2999877929688,10,32.31170463587061,-28.011251756875254,-24.60146959591968,-3.4097821609555723,20.699332057514688,0.2111874082650598,961.6536483361417,991.3256404184259,-1,0.4618937644341802,-0.014933435945844287,-0.04108290372010981,-0.16928276398010245,0.27695373993642725,0.32146919749201863,0.08,280.845,1.44,2.0,2.0
2021-12-15,893.5999755859375,893.5999755859375,893.5999755859375,893.5999755859375,10,29.52030301859655,-29.91152377924584,-25.663480432584915,-4.248043346660925,19.37398458665855,0.14694895684347953,955.1723461694556,987.4932614053872,-1,1.0362694300518134,-0.0183456140074445,-0.064489149742329,-0.16719480374097162,0.27568126088832823,0.30253387284679384,0.08,280.845,1.47,2.0,2.0
2021-12-16,928.2999877929688,928.2999877929688,928.2999877929688,928.2999877929688,10,40.93777119059925,-28.291376683057933,-26.18905968267952,-2.102317000378413,16.63973017962635,0.3489114516808813,952.6130739431236,985.1719565578414,-1,0.9852216748768473,0.038831706753660544,-0.009602048562053267,-0.1305609906846067,0.32270981577675567,0.29439572050942076,0.08,280.845,1.44,2.0,2.0
2021-12-17,933.9000244140624,933.9000244140624,933.9000244140624,933.9000244140624,10,42.55511760088963,-26.252895248372738,-26.201826795818164,-0.05106845255457415,13.510343275048395,0.40389816874672463,950.8308787498796,983.1612925522031,-1,0.9389671361502347,0.006032572115408197,0.00010712853116445764,-0.11478670671652857,0.3253373461486491,0.2947086589671451,0.08,280.845,1.41,2.0,2.0
2021-12-20,911.7000122070312,926.2000122070312,911.7000122070312,926.2000122070312,4,40.89679976293452,-24.970862103828495,-25.95563385742023,0.9847717535917369,10.596092562293881,0.35388892959144247,948.485081936275,980.9275168523925,-1,0.47904191616766467,-0.008245006966203006,0.0022725210221568037,-0.10477475926627078,0.3216079062025089,0.29335579732975003,0.08,280.845,1.43,2.0,2.0
2021-12-21,927.5,927.5,927.5,927.5,4,41.312608231294135,-23.578149222437787,-25.480136930423743,1.9019877079859562,7.910742501024946,0.37931865602440246,946.4865027042489,978.832320113083,-1,0.4733727810650888,0.0014035713407851702,0.018894883486412883,-0.08530571992110458,0.31771719445774643,0.29334369770527413,0.08,280.845,1.48,2.0,2.0
2021-12-22,968.0999755859376,968.0999755859376,968.0999755859376,968.0999755859376,120,52.542140357849604,-18.979551058111724,-24.18001975596134,5.200468697849615,8.074270721367343,0.9153062440182141,948.5449286929811,978.4114438571165,-1,8.955223880597014,0.04377355858322107,0.08337063790892585,0.005191569023722753,0.3088116927877238,0.30320444792560247,0.08,280.845,1.46,2.0,2.0
2021-12-23,974.5999755859376,974.5999755859376,974.5999755859376,974.5999755859376,120,54.057797372413454,-14.641851059758096,-22.27238601672069,7.630534956962595,8.08692033107308,1.0002598856116043,951.0263617304055,978.2619745131487,-1,6.185567010309279,0.006714182588493323,0.04987610514037266,0.00030790084853471456,0.30692551370436777,0.3013411494691983,0.08,280.845,1.5,2.0,2.0
2021-12-27,968.9000244140624,968.9000244140624,968.9000244140624,968.9000244140624,120,52.475133105115695,-11.531206413109203,-20.124150095998395,8.592943682889192,8.489921879153512,0.8947670295544684,952.7286153193252,977.8948392151453,-1,5.217391304347826,-0.005848503298441332,0.03747724497807914,0.016257603947016808,0.2970698928580372,0.29953710320052934,0.08,280.845,1.48,2.0,2.0
2021-12-28,979.0999755859376,979.0999755859376,979.0999755859376,979.0999755859376,120,55.01333348786398,-8.149010583213567,-17.72912219344143,9.580111610227863,9.021766114024137,0.9825321300960147,955.2401734399549,977.9420994649804,-1,4.4609665427509295,0.010527351548002661,0.057115053640359736,0.016085513068402557,0.296996126985174,0.2993635809835091,0.08,280.845,1.49,2.0,2.0
2021-12-29,968.2000122070312,968.2000122070312,968.2000122070312,968.2000122070312,3280,51.82781917763498,-6.275788586219846,-15.438455471997115,9.162666885777268,9.334537525439996,0.8174562411739261,956.4744437987241,977.5600568274137,-1,17.18177056050288,-0.01113263573761536,0.043881414778470296,0.04489535691471147,0.26158288958504744,0.2991732668345303,0.08,280.845,1.55,2.0,2.0
2021-12-30,967.2999877929688,971.0,955.7999877929688,963.5999755859376,1356,50.498852647245705,-5.103600044545942,-13.37148438650688,8.267884341960938,9.542403865264038,0.7426852525043355,957.1530658736968,977.0126026610814,-1,5.241592578275996,-0.004751122250667761,-0.004648280253572334,0.031139620744716545,0.26158350525485186,0.29932943221669994,0.08,280.845,1.52,2.0,2.0
2021-12-31,962.5,965.2999877929688,949.5999755859376,964.4000244140624,109,50.73545847734774,-4.063236465269597,-11.509834802259425,7.446598336989828,9.700068049103848,0.7295940267798249,957.8432524013507,976.5179917494336,-1,0.4126443308726103,0.0008302707019458566,-0.010465782297750303,0.03432003342139489,0.2612209765594104,0.2971610195315508,0.08,280.845,1.52,2.0,2.0
2022-01-03,978.2000122070312,978.2000122070312,928.7000122070312,953.7000122070312,231,47.4676234184083,-4.055394333175059,-10.018946708442552,5.9635523752674935,9.567582639555805,0.59845746413483,957.4486580971299,975.6231690222805,-1,0.837867247007617,-0.011094993712315704,-0.01568790569101619,0.030470029397116516,0.2632741935979021,0.2974644617459077,0.08,282.543,1.63,2.0,2.0
2022-01-04,950.9000244140624,975.0,950.9000244140624,970.4000244140624,58,52.599206335981776,-2.670840186577948,-8.549325404069632,5.878485217491685,9.788698008258926,0.7576836489923802,958.6821215558854,975.4183398219583,-1,0.20818377602297197,0.017510760190077246,-0.008885661718731841,0.036862911742735927,0.26717467190124095,0.2861939303833107,0.08,282.543,1.66,2.0,2.0
2022-01-05,980.0,1001.9000244140624,978.7999877929688,1001.9000244140624,37,60.44752178552513,0.9571818962156158,-6.648023944012583,7.605205840228199,11.010052427720277,1.004725191423171,962.7981123042832,976.4568372569428,-1,0.13193082545908363,0.032460840073679886,0.0348068702562927,0.05540928820970881,0.28491595008795645,0.2907596223200922,0.08,282.543,1.71,2.0,2.0
2022-01-06,964.0,973.5999755859376,960.5,960.5999755859376,7,48.99358566290059,0.49415049449441995,-5.219589056311182,5.713739550805602,11.044346127507142,0.6065727152561846,962.5887659501551,975.8349995443543,-1,0.02492877492877493,-0.041221726541306514,-0.0031133251100133874,0.0056532279207466285,0.3256964564879142,0.3030454697196853,0.08,282.543,1.73,2.0,2.0
2022-01-07,970.2000122070312,970.2000122070312,957.0,957.0,6,48.13735233258486,-0.16143228002852084,-4.20795770105465,4.046525421026129,10.989047057346687,0.563097847813105,962.0565025263309,975.0963721112424,-1,0.02134471718249733,-0.003747632393746092,-0.007673189783003576,0.02101783043166172,0.3182025810216041,0.30183870193512397,0.08,282.543,1.76,2.0,2.0
2022-01-10,924.0,934.4000244140624,924.0,934.4000244140624,17,43.050761124045806,-2.476072879116714,-3.8615807366670634,1.3855078575503494,10.980802829788782,0.3463102558683659,959.4225522299243,973.5004369074314,-1,0.060294378435892894,-0.023615439483738343,-0.020236958735384003,0.0006425751005971758,0.33004415591891234,0.2995283181973824,0.08,282.543,1.78,2.0,2.0
2022-01-11,947.5,973.7999877929688,947.5,973.7999877929688,23,52.478495722066235,-1.118303359525271,-3.3129252612387052,2.1946219017134343,10.842374605004139,0.7020426710074535,960.7918318073572,973.512184000982,-1,0.0813871196036801,0.042166055596598584,0.0035036719840968455,0.05378207284933456,0.3581726396745519,0.31201977929620445,0.08,282.543,1.75,2.0,2.0
2022-01-12,964.7000122070312,979.9000244140624,964.7000122070312,979.9000244140624,54,53.75495206403678,0.4448329843960437,-2.5613736121117556,3.0062065965077993,10.249799574547275,0.7396727476962593,962.6116596746624,973.7626875465929,-1,0.1896067415730337,0.006264157627398292,-0.021958278734313996,0.07645835170210158,0.3521681323767791,0.3099840842432386,0.08,282.543,1.74,2.0,2.0
2022-01-13,971.9000244140624,971.9000244140624,971.9000244140624,971.9000244140624,0,51.790209378322274,1.0262664961931023,-1.8438455904507842,2.8701120866438865,8.331249720031769,0.6447382065346041,963.4962658403196,973.6896419335526,-1,0.0,-0.008164098173978118,0.011763532287445644,0.08762315461880266,0.34538041069439784,0.30972220655701527,0.08,282.543,1.7,2.0,2.0
2022-01-14,964.4000244140624,964.4000244140624,964.4000244140624,964.4000244140624,0,49.947090463107514,0.8718196294107656,-1.3007125464784743,2.17253217588924,7.737539674632499,0.5305597998284042,963.5823380854379,973.3253432072981,-1,0.0,-0.007716843102788862,0.007732522898706851,0.03888833038436368,0.3233378720686078,0.3097021132084449,0.08,282.543,1.78,2.0,2.0
2022-01-18,971.5999755859376,979.2999877929688,963.4000244140624,979.2999877929688,21,53.48848866119987,1.929480050284269,-0.6546740271259257,2.5841540774101945,7.374711926521496,0.7095711457699426,965.0792571052027,973.5596429949716,-1,0.07385264638649551,0.01544998237423223,0.04805218557979174,0.04861330141563136,0.326582726883437,0.3115891024413771,0.08,282.543,1.87,2.0,2.0
2022-01-19,1027.0999755859375,1028.199951171875,1026.800048828125,1028.199951171875,3,62.79273496032706,6.636994780051964,0.8036597343096523,5.833335045742311,8.462952713758654,1.2154960387261737,971.0907517782191,975.7024001783795,-1,0.010552233556102708,0.04993358928668146,0.055863590122032125,0.11012733493901528,0.36262095794614013,0.3278676763694571,0.08,282.543,1.83,2.0,1.0
2022-01-20,1053.4000244140625,1053.4000244140625,1050.5999755859375,1050.5999755859375,1,66.13468888253601,12.036479837486809,3.0502237549450837,8.986256082541725,10.237918702886702,1.250353253986918,978.6630588075257,978.6395599982839,1,0.0035192679922576107,0.021785669595230317,0.07215016778283134,0.13272234564521557,0.3668338580440714,0.33008038047917027,0.08,282.543,1.83,2.0,1.0
2022-01-21,1036.4000244140625,1036.9000244140625,1027.0,1034.699951171875,5,61.88559557991408,14.861299745893916,5.41243895313485,9.448860792759067,11.440367851484782,0.9975044031570506,983.9999056993685,980.8380067109738,1,0.01795977011494253,-0.015134232613316811,0.06461562422088973,0.06879452253433649,0.34737787336597226,0.32626476883296324,0.08,282.543,1.75,2.0,1.0
2022-01-24,1019.0,1019.9000244140624,1017.5,1019.9000244140624,2,58.14107300207003,15.724497257602252,7.47485061402833,8.249646643573922,11.965747948861075,0.8292218343739555,987.4189646245774,982.3698505424675,1,0.007339449541284404,-0.014303592786537367,0.057548733507882144,0.046480658693727195,0.3526994705183001,0.3264379089246741,0.08,282.543,1.75,2.0,1.0
2022-01-25,1021.4000244140624,1031.699951171875,1012.7999877929688,1023.7999877929688,10,58.84769425961007,16.532703244208392,9.286421140064343,7.246282104144049,12.44346189505772,0.8251323209720781,990.883823973948,983.994561807193,1,0.03745318352059925,0.0038238683062556955,0.04544062141804872,0.05666215501656824,0.3514088414628092,0.3264171716328647,0.08,282.543,1.78,2.0,2.0
2022-01-26,1046.0999755859375,1046.0999755859375,1046.0999755859375,1046.0999755859375,0,62.72269583851738,18.756422593333696,11.180421430718214,7.576001162615482,13.542906308207122,0.9394434601096117,996.1425050798517,986.4300682298889,1,0.0,0.02178158630480298,0.017409088955568697,0.06843019269804818,0.35679239140577,0.3293101244711864,0.08,282.543,1.85,2.0,2.0
2022-01-27,1021.7000122070312,1021.7000122070312,1021.7000122070312,1021.7000122070312,0,56.45835780862074,18.338468621900006,12.612030868954573,5.726437752945433,13.70761217360969,0.7334803330327112,998.5765533776784,987.813203287816,1,0.0,-0.023324695486432345,-0.027508056396810976,0.05525717757227211,0.36607824290233754,0.3196477518243006,0.08,282.543,1.81,2.0,2.0
2022-01-28,1027.5,1027.5,1000.0999755859376,1004.9000244140624,5,52.56560680238611,16.46185644288289,13.381995983740238,3.079860459142653,13.511233480965945,0.5956416579568895,999.1787887144768,988.4832747045316,1,0.1697792869269949,-0.01644317078618629,-0.028800549109973317,0.04286015968712675,0.3716298965759915,0.31679135611987586,0.08,282.543,1.78,2.0,2.0
2022-01-31,1019.2000122070312,1019.2000122070312,1019.2000122070312,1019.2000122070312,5,55.38539702524851,15.944716508985152,13.89454008878922,2.050176420195932,13.419664800173312,0.6826197401988978,1001.0855719042439,989.6878526458062,1,0.20618556701030927,0.014230259175590065,-0.0006863537506367479,0.05682288096815791,0.3740188531548584,0.31644021955391977,0.08,282.543,1.79,1.0,2.0
2022-02-01,1021.7999877929688,1021.7999877929688,1021.7999877929688,1021.7999877929688,5,55.89872260539868,15.56524918291234,14.228681907613845,1.3365672752984938,13.010318470284709,0.6815244404528749,1003.0583734174559,990.947152063342,1,0.3861003861003861,0.0025509964234669003,-0.0019535065675391206,0.0714060760346873,0.37039988918372696,0.3161740292273798,0.08,284.5,1.81,1.0,2.0
2022-02-02,1042.300048828125,1042.300048828125,1042.300048828125,1042.300048828125,5,59.82385824702598,16.725896469472787,14.728124819985634,1.9977716494871522,13.240412116585915,0.8051756044922631,1006.7956758375196,992.960991152157,1,0.48543689320388345,0.020062694539109582,-0.0036324699803994553,0.07409318075551008,0.37175183776814535,0.3185603416106337,0.08,284.5,1.78,1.0,2.0
2022-02-03,1028.9000244140625,1028.9000244140625,1028.9000244140625,1028.9000244140625,5,56.29672588965876,16.375679188368736,15.057635693662256,1.3180434947064796,13.430442483247587,0.6909744728217897,1008.9008518924285,994.3703650055651,1,0.574712643678161,-0.012856206261458336,0.007047090262314981,0.02694879662847649,0.36028358641926245,0.31600301391206903,0.08,284.5,1.82,1.0,2.0
2022-02-04,1022.7999877929688,1022.7999877929688,1022.7999877929688,1022.7999877929688,5,54.715233411820115,15.428062395070356,15.131721033943876,0.2963413611264798,12.902028991399472,0.6272426832007284,1010.2245791210513,995.4852521736985,1,0.5813953488372093,-0.0059286971293129875,0.017812680808066972,0.06475121152183139,0.32346410945025833,0.3161795154929608,0.08,284.5,1.93,1.0,2.0
2022-02-07,1018.9000244140624,1018.9000244140624,1018.9000244140624,1018.9000244140624,5,53.67702345931021,14.198701020863155,14.945117031327733,-0.7464160104645785,12.088027530283348,0.5780652891421829,1011.0508120060999,996.4034785360658,1,0.5847953216374269,-0.003813026423007515,-0.00029433652803756427,0.06468132122681536,0.32348274233300534,0.3146459883418226,0.08,284.5,1.92,1.0,2.0
2022-02-08,1035.199951171875,1035.199951171875,1035.199951171875,1035.199951171875,5,57.321969537935566,14.373996653992322,14.830892955860651,-0.45689630186832986,10.109716019813593,0.7026723030878638,1013.350730021888,997.9249088355093,1,0.6289308176100629,0.01599757225168985,0.013114076667635644,0.10787663112596935,0.3099222798675242,0.3145851214418741,0.08,284.5,1.96,1.0,2.0
2022-02-09,1036.0,1036.0,1036.0,1036.0,5,57.49874092513695,14.411351866761606,14.746984738040844,-0.3356328712792376,9.53634569063127,0.6903958039400093,1015.5078033531368,999.4180496654893,1,0.7092198581560284,0.0007728447313191111,-0.006044371613728949,0.06387349865140379,0.27902155185943395,0.31449983830877326,0.08,284.5,1.94,1.0,2.0
2022-02-10,1041.0999755859375,1041.0999755859375,1041.0999755859375,1041.0999755859375,5,58.673825415275566,14.68322250052438,14.734232290537552,-0.05100979001317185,9.074956708645757,0.7215018277569342,1017.945153089594,1001.052634995703,1,1.0869565217391306,0.004922756357082614,0.01185727561705785,0.06245530120123233,0.2788620236114749,0.31430156397854225,0.08,284.5,2.03,0.0,2.0
2022-02-11,1017.2999877929688,1017.2999877929688,1017.2999877929688,1017.2999877929688,5,51.515686673556814,12.830321862574351,14.353450204944913,-1.523128342370562,7.947344925340268,0.43166415790045903,1017.8837087756297,1001.6897860857919,1,1.0309278350515465,-0.02286042488818041,-0.005377395449395861,0.046712585902317416,0.29157779121284255,0.31490598763250605,0.08,284.5,1.92,1.0,2.0
2022-02-14,1026.5999755859375,1026.5999755859375,1026.5999755859375,1026.5999755859375,5,53.883266201554015,11.974283957493526,13.877616955454636,-1.90333299796111,5.95353691960508,0.5103957068850404,1018.7138294242304,1002.6666562622682,1,0.9803921568627452,0.009141834173364227,0.00755712139304654,0.06449600746294637,0.29002017500479293,0.31544787866900753,0.08,284.5,1.98,0.0,2.0
2022-02-15,1019.0,1019.0,1019.0,1019.0,5,51.663037240188906,10.560874053979433,13.214268375159596,-2.653394321180164,4.311843023066554,0.29807606112639307,1018.7410837647799,1003.3071795461009,1,1.1627906976744187,-0.007403054516536223,-0.015649103493036498,0.040539173595317335,0.28856477306000405,0.31488967236324655,0.08,284.5,2.05,1.0,2.0
2022-02-16,1059.0,1062.199951171875,1059.0,1062.199951171875,1,61.39934452146343,12.779299732413051,13.127274646610289,-0.3479749141972377,5.190935212460164,1.1089970558470428,1022.8800235178365,1005.6167000020137,1,0.23809523809523808,0.04239445649840534,0.02528952815818042,0.03306749816633325,0.27384139210171526,0.3239241118737586,0.08,284.5,2.03,0.0,2.0
2022-02-17,1091.199951171875,1091.199951171875,1091.199951171875,1091.199951171875,1,66.30581603597702,16.685139796913404,13.838847676670913,2.8462921202424916,7.169098529853798,1.3047353182858534,1029.3866832944116,1008.9729059302435,1,0.23809523809523808,0.02730182765307565,0.04812215614330495,0.03864456170703234,0.27964267998517256,0.3255213620621206,0.08,284.5,1.97,0.0,2.0
2022-02-18,1075.300048828125,1075.300048828125,1075.300048828125,1075.300048828125,1,61.67691012619735,18.286758580175274,14.728429857371786,3.5583287228034877,8.046991174283958,0.9999852749639084,1033.7593847738128,1011.5739703576115,1,0.25,-0.014571025527149839,0.057013724300722046,0.03923852282999274,0.27918476042443735,0.30834155225231635,0.08,284.5,1.92,0.0,2.0
2022-02-22,1084.5,1084.5,1084.5,1084.5,1,63.27451725843624,20.067091240827267,15.796162134062882,4.270929106764385,8.976230869049216,1.0109686309894232,1038.591824319164,1014.4338146573131,1,0.2531645569620253,0.008555706085851211,0.05639979134133122,0.06333951763855539,0.27319405011879144,0.3079945036668446,0.08,284.5,1.94,0.0,2.0
2022-02-23,1090.0999755859375,1090.0999755859375,1090.0999755859375,1090.0999755859375,1,64.25142489319867,21.679975665676693,16.972924840385645,4.707050825291049,9.902057380776347,0.9839006172099126,1043.4973625350472,1017.4011150858865,1,0.2857142857142857,0.0051636473821461415,0.06977426455931068,0.06475873079066274,0.27328335630433087,0.30414607406026883,0.08,284.5,1.99,0.0,2.0
2022-02-24,1060.4000244140625,1060.4000244140625,1060.4000244140625,1060.4000244140625,19,55.777250828288,20.327339430230722,17.64380775835466,2.683531671876061,10.029179393457204,0.6861100280914519,1045.107139856858,1019.0873468242464,1,4.269662921348314,-0.027245162679607526,-0.0016945272458606109,0.013669868236174443,0.28484169799804626,0.3096868794549445,0.08,284.5,1.96,0.0,2.0
2022-02-25,1048.9000244140625,1048.9000244140625,1048.9000244140625,1048.9000244140625,0,52.86956713971803,18.11855218673054,17.738756644029838,0.3797955427007018,9.888302120973888,0.5637441155726599,1045.4683669575443,1020.2564714356118,1,0.0,-0.01084496391477785,-0.0387645973704317,0.02662230780273256,0.27384040362902085,0.2990384750331187,0.08,284.5,1.97,0.0,2.0
2022-02-28,1063.9000244140625,1063.9000244140625,1037.800048828125,1037.800048828125,8,50.151959064582414,15.296073505488948,17.25022001632166,-1.954146510832711,9.324178290183415,0.4365644280646664,1044.7380509452187,1020.9444548627692,1,1.7391304347826089,-0.010582491493541735,-0.03487398707074174,0.03273959957682959,0.2694687361084602,0.29985194501022533,0.08,284.5,1.83,0.0,2.0
2022-03-01,1051.0999755859375,1051.0999755859375,1051.0999755859375,1051.0999755859375,0,53.25259306101626,13.97137839966399,16.594451692990127,-2.6230732933261365,9.065467991847436,0.5583418257631697,1045.3439485300491,1022.1270243028936,1,0.0,0.012815500223603449,-0.03079762509364914,0.031299021778687264,0.2686529251713261,0.30057033010145645,0.2,287.674,1.72,0.0,2.0
2022-03-02,1056.199951171875,1067.5999755859375,1053.4000244140625,1067.5999755859375,59,56.839409607837574,14.090533192539851,16.093667992900073,-2.003134800360222,8.971014341774405,0.7099915661610098,1047.4635701544194,1023.9102772943855,1,8.368794326241135,0.01569784072233671,-0.02064030869086675,0.04482285020563981,0.27324158369940743,0.3011859434480708,0.2,287.674,1.86,0.0,2.0
2022-03-03,1080.0999755859375,1080.0999755859375,1080.0999755859375,1080.0999755859375,20,59.382024929744745,15.020463207556077,15.879027035831275,-0.858563828275198,9.326968630640458,0.8099788312814036,1050.5717992431353,1026.1137948744465,1,2.5641025641025643,0.011708505325826346,0.018577848659292906,0.03626587833351014,0.26769036074368674,0.3012455613587988,0.2,287.674,1.86,0.0,2.0
2022-03-04,1116.0999755859375,1116.0999755859375,1116.0999755859375,1116.0999755859375,0,65.65695943180023,18.449662356556928,16.393154099976407,2.0565082565805213,10.587855137295403,1.0554277892737511,1056.8125779424497,1029.6426647062697,1,0.0,0.03333024795271444,0.06406706989011113,0.08475065516840052,0.28310411178664646,0.30671432408572546,0.2,287.674,1.74,0.0,2.0
2022-03-07,1148.800048828125,1154.0,1115.9000244140625,1115.9000244140625,5,65.5963449069094,20.910153763213657,17.296554032623856,3.613599730589801,11.32597369426348,0.9764609872168014,1062.439953796889,1033.025306263438,1,0.6622516556291391,-0.0001791516676362681,0.07525532078566322,0.0910246751390642,0.28113178475521466,0.3066820393864501,0.2,287.674,1.78,0.0,2.0
2022-03-08,1152.5,1152.5,1152.5,1152.5,17,70.89334274690451,25.51925301729898,18.94109382955888,6.5781591877400984,13.080713065320262,1.1246421806889542,1071.0171010543281,1037.7105883707543,1,2.085889570552147,0.03279861527483652,0.09647038984806078,0.13112177091443966,0.2960081822636452,0.3092797957915289,0.2,287.674,1.86,0.0,2.0
2022-03-09,1106.699951171875,1106.699951171875,1106.699951171875,1106.699951171875,0,58.71137858581436,25.185987819626007,20.190072627572306,4.995915192053701,13.178918946310237,0.767451358779461,1074.4154677321897,1040.4160535786414,1,0.0,-0.03973973867950109,0.036624181791010235,0.06906878223773094,0.33645020130993636,0.3218763440165954,0.2,287.674,1.94,0.0,2.0
2022-03-10,1094.4000244140625,1094.4000244140625,1094.4000244140625,1094.4000244140625,0,55.9317209212201,23.656672065046678,20.883392515067182,2.7732795499794953,12.978648772045482,0.6614397214935872,1076.318758844749,1042.5330720427755,1,0.0,-0.011114057378233566,0.013239560366036907,0.056370679936353696,0.34031056591076575,0.3220091632341492,0.2,287.674,1.98,0.0,2.0
2022-03-11,1087.800048828125,1087.800048828125,1087.800048828125,1087.800048828125,0,54.44225815145341,21.662404722665542,21.039194956586854,0.6232097660786877,12.732186567830203,0.598882736786339,1077.412215033642,1044.3082476029854,1,0.0,-0.006030679311681442,-0.0253560858138675,0.04485647328529074,0.34160535781164164,0.3204010467357321,0.2,287.674,2.0,0.0,2.0
2022-03-14,1051.5,1051.5,1051.5,1051.5,0,47.02490494630239,16.957349152201232,20.22282579570973,-3.2654766435084994,11.930756386470827,0.3092669862439127,1074.944385030438,1044.5902771087506,1,0.0,-0.03337014818783157,-0.0577112850659518,0.03361841405427346,0.35416193727584966,0.3263230103909344,0.2,287.674,2.14,0.0,2.0
2022-03-15,1001.7999877929688,1001.7999877929688,1001.7999877929688,1001.7999877929688,0,39.15855207748657,9.113132570197422,18.00088715060727,-8.887754580409847,12.793882031331302,-0.030502965453261584,1067.978251960203,1042.9122265473475,1,0.0,-0.047265822355712084,-0.1307592296807213,-0.024157401502775233,0.3946585349729923,0.33432409580395994,0.2,287.674,2.15,0.0,1.0
2022-03-16,1003.5999755859376,1007.4000244140624,1003.5999755859376,1007.4000244140624,2,40.36897414684288,3.3102520432994424,15.062760129145705,-11.752508085846262,13.180038318654027,0.028413873211295307,1062.2088969558085,1041.5195911695716,1,0.2962962962962963,0.005589974734808045,-0.08972615084392543,-0.011383685560292012,0.3946451965681696,0.3342986387924594,0.2,287.674,2.19,0.0,1.0
2022-03-17,1030.5999755859375,1030.5999755859375,1030.5999755859375,1030.5999755859375,2,45.23033916172516,0.5768203616537448,12.165572175647313,-11.588751813993568,13.641139104325928,0.21304614772844624,1059.1985234920112,1041.0913709506056,1,0.29411764705882354,0.023029532072295744,-0.05829682694157767,-0.02974955473409191,0.3731454338201241,0.3365612692397833,0.2,287.674,2.2,0.0,1.0
2022-03-18,1035.199951171875,1035.199951171875,1035.199951171875,1035.199951171875,2,46.167435326705785,-1.204380998725128,9.491581540772826,-10.695962539497954,13.903512047774935,0.26747621759445217,1056.9129451758076,1040.8603348808515,1,0.29197080291970806,0.0044633957839192995,-0.04835456452949738,-0.051319650390251326,0.3586668577596161,0.3366047269469906,0.2,287.674,2.14,0.0,1.0
2022-03-21,1044.4000244140625,1044.4000244140625,1044.4000244140625,1044.4000244140625,2,48.080777867390466,-1.852275013904773,7.2228102298373065,-9.07508524374208,14.065449728683339,0.3413341960548368,1055.721238436594,1040.9991462350952,1,0.2898550724637681,0.008887242731969502,-0.006752235459759892,-0.028736188050709877,0.35790995544278803,0.3259552901343855,0.2,287.674,2.32,0.0,2.0
2022-03-22,1024.800048828125,1024.800048828125,1024.800048828125,1024.800048828125,2,44.45564829839579,-3.9023065538619903,4.997786873097447,-8.900093426959437,14.46133814042918,0.2373909807048021,1052.7763632357874,1040.3638875132533,1,0.28776978417266186,-0.018766732217316506,0.022958735591349866,-0.055048364381627524,0.3610193329771323,0.3283575709964065,0.2,287.674,2.38,0.0,2.0
2022-03-23,1020.7000122070312,1020.9000244140624,1020.5999755859376,1020.7000122070312,2,43.71317424503098,-5.791054339227912,2.8400186306323754,-8.631072969860288,14.781647281164059,0.2382276457596223,1049.72147266162,1039.5927551483035,1,0.2857142857142857,-0.004000816184369094,0.013202290520793358,-0.06366385187890977,0.3597955195388485,0.32821769858747507,0.2,287.674,2.32,0.0,2.0
2022-03-24,1030.5,1030.5,1030.5,1030.5,2,46.03325468468946,-6.4230821609246505,0.9873984723209701,-7.410480633245621,15.024873303257525,0.3130028214519811,1047.8908562176562,1039.2361765150367,1,0.3252032520325203,0.009601241967048146,-9.70071689363472e-05,-0.028196929201868115,0.35052893531663276,0.32810846440792163,0.2,287.674,2.34,0.0,2.0
2022-03-25,1007.7999877929688,1007.7999877929688,1007.7999877929688,1007.7999877929688,2,41.741368399907444,-8.655890320810158,-0.9412592863052557,-7.714631034504903,15.645342624777795,0.19537542546928635,1044.0726782724478,1038.003384800446,1,0.32,-0.022028153524533023,-0.026468281173978703,-0.03918394095190636,0.3568710637375565,0.33062209932727255,0.2,287.674,2.48,0.0,2.0
2022-03-28,990.4000244140624,990.4000244140624,990.4000244140624,990.4000244140624,2,38.75839592179911,-11.694630085182325,-3.0919334460806693,-8.602696639101655,16.585971036750998,0.12618243024525197,1038.9609969526016,1036.136586353921,1,0.3361344537815126,-0.017265294294169786,-0.051704326635089504,-0.04567356155705171,0.3598457642999596,0.33252135633854635,0.2,287.674,2.46,0.0,2.0
2022-03-29,972.2999877929688,972.2999877929688,972.2999877929688,972.2999877929688,8602,35.88551546085057,-15.386014530345506,-5.550749662933637,-9.835264867411869,18.034302821303537,0.08027447843209724,1032.612329413589,1033.633190331923,-1,19.7270955165692,-0.018275480790503784,-0.051229565313927194,-0.07496907013915732,0.3595448894446886,0.3347676900348475,0.2,287.674,2.41,1.0,2.0
2022-03-30,982.2000122070312,1004.7999877929688,981.2000122070312,996.7999877929688,1774,42.137530835560874,-16.14836969928706,-7.670273670204321,-8.478096029082739,18.59950375800204,0.23545388580230675,1029.2016302116251,1032.18875101667,-1,3.3997700268302036,0.02519798447762267,-0.023415326862183616,-0.06631696273139309,0.36765936926520804,0.337710736789458,0.2,287.674,2.35,0.0,2.0
2022-03-31,995.4000244140624,995.4000244140624,980.0999755859376,992.5,120,41.374947760070285,-16.904648476679995,-9.517148631499456,-7.387499845180539,19.015117148943883,0.24055349649202828,1025.7062368581371,1030.6323294081733,-1,0.22779043280182235,-0.004313791979963177,-0.03687530325084909,-0.08110358074808388,0.363321184598793,0.3360718069826805,0.2,287.674,2.32,0.0,2.0
2022-04-01,992.7999877929688,998.2999877929688,982.7000122070312,985.0,159,40.014705001033306,-17.902819615928706,-11.194282828385306,-6.7085367875434,18.628345617500305,0.22860361749959404,1021.8294523954575,1028.8428262941272,-1,0.2973352033660589,-0.007556675062972307,-0.022623524577430887,-0.11746257365260826,0.3360028187293971,0.32991939197058306,0.33,288.561,2.39,0.0,2.0
2022-04-04,985.0,986.5,985.0,986.5,41,40.43647340916727,-18.361183675272514,-12.627662997762748,-5.733520677509766,17.840971050473197,0.25817785634842166,1018.4647426435091,1027.1823233022008,-1,0.07641412729475353,0.001522842639593902,-0.00393782746155491,-0.11596023082982543,0.33646417477396157,0.31821102376358784,0.33,288.561,2.42,0.0,2.0
2022-04-05,979.2999877929688,979.2999877929688,969.4000244140624,969.4000244140624,2,37.22330769327944,-19.87515717391841,-14.077161832993882,-5.797995340924528,15.069715476269982,0.15954737722585113,1013.7919123359427,1024.9163507967835,-1,0.0037327360955580445,-0.01733398437500011,-0.0029825809064227826,-0.1588719961700109,0.3060619915291014,0.3202227161196313,0.33,288.561,2.54,0.0,2.0
2022-04-06,960.2999877929688,964.0,948.7999877929688,950.0999755859376,128,33.94476902181323,-22.374426264002295,-15.736614719195565,-6.6378115448067305,14.319706339753125,0.05995494768899688,1007.726013597847,1021.982375298319,-1,0.23607524898561413,-0.019909272067318518,-0.046849932563131746,-0.1415017461780088,0.28572989735557325,0.3190963400838124,0.33,288.561,2.61,1.0,2.0
2022-04-07,953.0,954.9000244140624,942.5999755859376,954.9000244140624,88,35.46713210945451,-23.694653977761845,-17.32822257090882,-6.3664314068530246,13.295745537831664,0.1107277488030811,1002.6949670089151,1019.3516948714854,-1,0.16099524332235637,0.0050521513014085695,-0.03788410638381623,-0.12746710241960002,0.28884026061817436,0.3076322283507594,0.33,288.561,2.66,1.0,2.0
2022-04-08,983.7000122070312,984.2000122070312,971.2999877929688,972.2000122070312,7,40.765818838473685,-23.07893986713418,-18.478366030153893,-4.600573836980288,11.449584242874641,0.24668053828766268,999.7906855992119,1017.502609276801,-1,0.012798244812140048,0.018117067075775095,-0.012994911464942915,-0.10626956373611895,0.30195719683032923,0.30963024105698256,0.33,288.561,2.72,1.0,2.0
2022-04-11,978.7000122070312,989.2999877929688,973.7000122070312,973.9000244140624,31,41.27608084962709,-22.197921400786527,-19.22227710428042,-2.9756442965061076,10.741940998956649,0.28102581787919256,997.3249083434833,1015.7927039880661,-1,0.056517775752051046,0.0017486239309665308,-0.012772403026799384,-0.07379931106603677,0.2835736981235729,0.3091941556607925,0.33,288.561,2.79,1.0,2.0
2022-04-12,960.2000122070312,974.0,960.2000122070312,969.0,5,40.20112665400535,-21.645582140800798,-19.706938111584495,-1.9386440292163023,11.03024729292385,0.2567157232778315,994.6272980250563,1013.9576959885342,-1,0.009111617312072893,-0.005031342325933719,-0.0004126515411470022,-0.03274105429490903,0.22982531429642292,0.30895316709772763,0.33,288.561,2.72,0.0,2.0
2022-04-13,970.0,986.0,970.0,985.2000122070312,275,45.27542163395554,-19.673855739501164,-19.70032163716783,0.026465897666664517,11.024088684249381,0.41417897291392586,993.7294612804825,1012.8299436833772,-1,0.48897581792318634,0.016718278851425517,0.03694351912749716,-0.02203693832541187,0.2376113500097923,0.3092268382180627,0.33,288.561,2.7,0.0,2.0
2022-04-14,986.2999877929688,989.5999755859376,986.2999877929688,989.5999755859376,2,46.60078804446004,-17.553858138575833,-19.27102893744943,1.717170798873596,10.537372253753487,0.4716986770646593,993.3361769286211,1011.9189645423012,-1,0.0035561877667140826,0.004466061027597501,0.03633883158937756,-0.03978265182539886,0.22154757797043356,0.2923410025331316,0.33,288.561,2.83,0.0,2.0
2022-04-18,1012.5999755859376,1015.4000244140624,1012.5999755859376,1015.4000244140624,5,53.68414843352665,-13.634723836592116,-18.14376791727797,4.509044080685854,10.027435145112852,0.7396685840773214,995.4374957367584,1012.055476694135,-1,0.008888098835659053,0.026071189838953623,0.044435313376473884,-0.01912666894487247,0.24176714368520752,0.29381997325430803,0.33,288.561,2.85,0.0,2.0
2022-04-19,1016.2000122070312,1016.2000122070312,983.9000244140624,984.4000244140624,50,45.81947879307055,-12.881730023509931,-17.091360338524364,4.209630315014433,8.789801190365175,0.4520103267625304,994.3863079917397,1010.97094915374,-1,0.08850340738118417,-0.03052983972290979,0.010781394123403176,-0.05744925181676608,0.2609394766367943,0.2989127657077395,0.33,288.561,2.93,1.0,2.0
2022-04-20,982.7999877929688,982.7999877929688,982.7999877929688,982.7999877929688,20,45.44938200952254,-12.272615512680773,-16.127611373355645,3.8549958606748724,8.14540095608149,0.4543257249391669,993.2828489251901,1009.8662055709647,-1,0.03534505611027657,-0.001625392707650497,0.014241473470556043,-0.04098366416276422,0.254016272211447,0.2975780130456441,0.33,288.561,2.85,2.0,2.0
2022-04-21,965.2999877929688,965.2999877929688,965.2999877929688,965.2999877929688,50,41.5010218130167,-13.051541573852546,-15.512397413455027,2.4608558396024804,7.711773476671642,0.25745001830865794,990.6178145316452,1008.1185107561413,-1,0.08798944126704795,-0.01780626802743357,-0.020198968907321424,-0.05427650019742092,0.26017033489157626,0.2995338238629459,0.33,288.561,2.9,2.0,2.0
2022-04-22,958.9000244140624,958.9000244140624,925.0999755859376,925.0999755859376,13,34.15968068474375,-16.719914344005474,-15.753900799565118,-0.9660135444403561,8.115749633285004,-0.17160418775718744,984.3780203463397,1004.8628819259372,-1,0.022855133614627286,-0.04164509760219015,-0.06517785124419573,-0.10228047007672236,0.29124013985606595,0.30763045891535834,0.33,288.561,2.9,2.0,2.0
2022-04-25,903.7000122070312,903.7000122070312,899.4000244140625,902.2999877929688,108,30.8287496640298,-21.222257684800866,-16.847572176612267,-4.374685508188598,10.176104751459238,-0.2154956543143759,976.5610648650662,1000.840807646213,-1,0.18812053649190036,-0.024645971672983658,-0.11138470937732947,-0.10468347021023461,0.29344758064032783,0.3080477750668831,0.33,288.561,2.81,2.0,2.0
2022-04-26,912.7000122070312,913.5,902.5,911.9000244140624,122,33.75768831522588,-23.742070683629663,-18.226471878015747,-5.515598805613916,11.453845504645505,-0.016420651114937172,970.4028705363992,997.3529337939718,-1,0.21030856748836407,0.010639517622709205,-0.0736489213753867,-0.07926090273113828,0.29522974062175117,0.30761308131878407,0.33,288.561,2.77,2.0,2.0
2022-04-27,910.0999755859376,910.0999755859376,910.0999755859376,910.0999755859376,6,33.47149738247481,-25.589311877734758,-19.69903987795955,-5.890271999775209,12.659575409315279,0.04197088001142953,964.6597376839743,993.9312491583627,-1,0.03992015968063872,-0.001973954139634304,-0.07397233731177633,-0.06397203845309041,0.29038614598146806,0.30585710219070733,0.33,288.561,2.82,2.0,2.0
2022-04-28,906.5999755859376,910.4000244140624,902.2000122070312,910.4000244140624,25,33.57259078593316,-26.721029010727534,-21.103437704513148,-5.617591306214386,13.311259981400376,0.09852454526346122,959.4921459439827,990.6555148546646,-1,0.39777247414478917,0.00032968776637054553,-0.05687347360733719,-0.08667733189905624,0.2712169665790074,0.3057534987876116,0.33,288.561,2.85,2.0,2.0
2022-04-29,922.2000122070312,937.5999755859376,922.0999755859376,937.5999755859376,202,42.15383934225489,-25.133392152373062,-21.90942859408513,-3.223963558287931,13.182977697533493,0.3303038387630976,957.4071773384546,988.5749054715773,-1,3.0171769977595218,0.02987692271799003,0.013512053107646915,-0.05531488605950874,0.29683267240550965,0.30927727218438517,0.33,288.561,2.89,1.0,2.0
2022-05-02,930.5999755859376,930.5999755859376,930.5999755859376,930.5999755859376,0,40.69677813884569,-24.161501255914573,-22.359843126451022,-1.8016581294635508,13.216693272837377,0.29639345566532765,954.8541105048815,986.3013788093954,-1,0.0,-0.007465870501570215,0.03136427815120646,-0.05522845118178921,0.29681347126044494,0.3086375289824787,0.77,291.298,2.99,1.0,2.0
2022-05-03,956.5,956.5,956.5,956.5,0,47.8758232765737,-21.058604717044204,-22.09959544456966,1.040990727525454,12.917091859134736,0.513499603110439,955.010861885369,985.1326972874583,-1,0.0,0.027831533519818485,0.048908843504632094,-0.030410542321338108,0.31554749741529325,0.3142018725691893,0.77,291.298,2.97,0.0,2.0
2022-05-04,978.2000122070312,979.5,978.2000122070312,978.2000122070312,40,53.008588222206676,-16.656521216034434,-21.010980598862613,4.354459382828178,13.022665343278819,0.6842813067493266,957.219352392194,984.8608272843044,-1,0.6796941376380629,0.022686892009442072,0.07482698434009927,0.0090777672491682,0.3205744410705647,0.3178229337724876,0.77,291.298,2.93,1.0,2.0
2022-05-05,971.7999877929688,971.7999877929688,971.7999877929688,971.7999877929688,120,51.40094523966829,-13.52832074866103,-19.514448628822297,5.986127880161266,13.082567297051098,0.6234049426155664,958.6079843351249,984.3486375003305,-1,2.0530367835757057,-0.006542654195661579,0.06744284021567726,0.022839714519146792,0.312556493218704,0.31615432498920487,0.77,291.298,3.05,0.0,2.0
2022-05-06,954.5999755859376,954.5999755859376,954.5999755859376,954.5999755859376,97,47.25324978188269,-12.295363285055714,-18.070631560068982,5.775268275013268,13.083094000534096,0.4860531542030513,958.2262692161547,983.1820233076093,-1,1.6468590831918506,-0.017699127827829786,0.018131399789527602,-0.00031422014918147667,0.3192529086169224,0.3179948535902292,0.77,291.298,3.12,1.0,2.0
2022-05-09,938.5,938.5,938.5,938.5,15,43.698693812107415,-12.473581406920516,-16.95122152943929,4.477640122518775,13.109627417625585,0.37087741354421105,956.3475769098543,981.4297870994677,-1,0.25295109612141653,-0.01686567776838188,0.008489173244484949,-0.034663661575695226,0.31726757733680855,0.3193178682976161,0.77,291.298,3.05,1.0,2.0
2022-05-10,958.7999877929688,958.7999877929688,953.5,953.5,29,47.64983420548466,-11.27448071713468,-15.81587336697837,4.54139264984369,12.992405674745516,0.4988700931400162,956.0763791089158,980.3345013308611,-1,0.48986486486486486,0.015982951518380473,-0.003136434918975417,-0.02094673365095756,0.3232354721326697,0.318152812362283,0.77,291.298,2.99,0.0,2.0
2022-05-11,995.7000122070312,995.7000122070312,995.7000122070312,995.7000122070312,0,56.82898058761571,-6.8401475138397245,-14.02072819635064,7.180580682510916,13.47096944617534,0.8165704718300006,959.8500584515934,980.9370703848286,-1,0.0,0.04425800965603699,0.017890001821321055,0.027554192164118918,0.35892267473213874,0.3303181277938953,0.77,291.298,2.91,0.0,2.0
2022-05-12,936.9000244140624,936.9000244140624,936.9000244140624,936.9000244140624,0,44.99139707139221,-7.9786017509954945,-12.812302907279612,4.833701156284118,13.273502157821673,0.37614511264038814,957.6643409242096,979.210127405583,-1,0.0,-0.059053918923466786,-0.03591270201409125,-0.049025565564872364,0.4160947958524796,0.3525103609257365,0.77,291.298,2.84,0.0,2.0
2022-05-13,936.4000244140624,936.4000244140624,936.4000244140624,936.4000244140624,0,44.90573817356155,-8.819514879809844,-12.01374530178566,3.1942304219758153,12.886841664967596,0.3897169920613285,955.6391679232431,977.5312998372881,-1,0.0,-0.0005336748713532513,-0.019065526542365596,-0.053759046568666036,0.41536260566357924,0.3409877364564573,0.77,291.298,2.93,1.0,2.0
2022-05-16,929.0,929.0,929.0,929.0,0,43.58319487961511,-9.968157998039032,-11.604627841036335,1.6364698429973021,11.391838447918074,0.34608094103201026,953.1021043115056,975.6281116083749,-1,0.0,-0.00790263159026805,-0.010122535961640922,-0.0850896418521554,0.40169127510764735,0.3357532506136099,0.77,291.298,2.88,1.0,2.0
2022-05-17,947.0999755859376,947.0999755859376,947.0999755859376,947.0999755859376,0,47.644797420976616,-9.310622126570706,-11.14582669814321,1.835204571572504,10.777122469003645,0.5332822237581812,952.5304730043086,974.5093611761224,-1,0.0,0.019483289112957713,-0.006712138871591389,-0.037891149840560634,0.3972388710617743,0.33778179847092,0.77,291.298,2.98,0.0,2.0
2022-05-18,927.9000244140624,927.9000244140624,927.9000244140624,927.9000244140624,0,44.02414617509875,-10.220974775153195,-10.960856313545207,0.7398815383920123,10.1941501249349,0.3637464225373789,950.1847159957138,972.6815440481985,-1,0.0,-0.02027235948348205,-0.06809278594130574,-0.05586076929263384,0.4026478451259784,0.3391078090009432,0.77,291.298,2.89,0.0,2.0
2022-05-19,957.5,957.5,957.5,957.5,0,50.295263129884454,-8.456484071031582,-10.459981865042483,2.003497794010901,10.054720646896953,0.6789100107160883,950.8814097104076,972.0861893796417,-1,0.0,0.03189996207256174,0.021987378641409316,-0.008080376972553815,0.4160165869419584,0.34587034330986827,0.77,291.298,2.84,0.0,2.0
2022-05-20,946.2000122070312,946.2000122070312,946.2000122070312,946.2000122070312,0,48.080708798006036,-7.879101672984689,-9.943805826630925,2.064704153646236,9.939469814990588,0.5487748646720199,950.4355623291337,971.0710451767943,-1,0.0,-0.011801553830776745,0.01046559967691274,0.022808385231800843,0.38813274288288985,0.3424067416831842,0.77,291.298,2.78,0.0,2.0
2022-05-23,955.5,955.5,955.5,955.5,0,50.030781919573315,-6.595066845754104,-9.274058030455562,2.6789911847014576,9.209286742314859,0.6288481322199987,950.9178897263591,970.460415954175,-1,0.0,0.009828775811655754,0.028525296017222868,0.05896044877176476,0.37658624668494817,0.34270722026978023,0.77,291.298,2.86,0.0,2.0
2022-05-24,946.7999877929688,946.7999877929688,946.7999877929688,946.7999877929688,0,48.206670163580974,-6.207917264345156,-8.660829877233482,2.4529126128883263,8.638842190601345,0.5092991215753359,950.5257085898457,969.5325560262846,-1,0.0,-0.009105193309294823,-0.00031674353363098096,0.03827169913865425,0.3777330946319345,0.3425519014452966,0.77,291.298,2.76,0.0,2.0
2022-05-25,933.4000244140624,933.4000244140624,933.4000244140624,933.4000244140624,0,45.45758052207874,-6.902792394443395,-8.309222380675465,1.4064299862320695,8.006945724316864,0.31797760131713854,948.8946910492949,968.1155940022759,-1,0.0,-0.014152897709834411,0.0059273627064220236,0.02560163658187542,0.3818859921757441,0.34221709987813065,0.77,291.298,2.75,0.0,2.0
2022-05-26,941.5,941.5,941.5,941.5,2,47.40989852049021,-6.7223940320303655,-7.991856710946445,1.2694626789160797,7.1917771722510775,0.3935994022939644,948.1904347588859,967.0718452178729,-1,0.07920792079207921,0.008677925191851621,-0.016710182767624038,0.034160780702915394,0.3827547732693011,0.34099047840383356,0.77,291.298,2.75,0.0,2.0
2022-05-27,944.5,945.5,944.5,945.5,11,48.392305816319826,-6.1853594856152085,-7.630557265880198,1.4451977802649898,7.116129935159277,0.4458863798521865,947.9342028770873,966.2258905034465,-1,0.7006369426751593,0.004248539564524645,-0.000739814202071809,0.008425794176376122,0.3687090286815512,0.34005320594715516,0.77,291.298,2.74,0.0,2.0
2022-05-31,969.2999877929688,969.2999877929688,969.2999877929688,969.2999877929688,1,53.90929744156331,-3.7955429716273557,-6.86355440702963,3.0680114354022745,7.093332680434067,0.7699216070746666,949.9690395357427,966.3464433383298,-1,0.06349206349206349,0.025171853826513768,0.014442687381442942,0.04158608770934502,0.37728548504626014,0.3369418571020072,0.77,291.298,2.85,0.0,2.0
2022-06-01,997.2000122070312,997.2000122070312,997.2000122070312,997.2000122070312,0,59.389968399010556,0.34571741819297586,-5.421700041985109,5.767417460178085,8.23631322007813,1.061448201066011,954.4672274091987,967.5563872155337,-1,0.0,0.02878368385992558,0.05323196563568522,0.04255097982961975,0.37812610806213043,0.3427599967773996,1.21,294.957,2.94,0.0,2.0
2022-06-02,1029.199951171875,1029.199951171875,1029.199951171875,1029.199951171875,0,64.59072663772167,6.139056530852258,-3.109548727417636,9.248605258269894,10.560411162715242,1.2285237124749113,961.5846296723107,969.9737818804883,-1,0.0,0.03208978998508094,0.10263544488114906,0.0521365143410466,0.385973127594913,0.3424706305686974,1.21,294.957,2.92,0.0,2.0
2022-06-03,1017.2000122070312,1017.2000122070312,1017.2000122070312,1017.2000122070312,0,61.41444891944453,9.650776584534015,-0.557483665027306,10.20826024956132,11.867140681012641,1.0212408167820022,966.8813327708556,971.8257909129018,-1,0.0,-0.011659482641036223,0.08040362422414371,0.046717457279629615,0.3880186307197181,0.3335496423753219,1.21,294.957,2.96,0.0,2.0
2022-06-06,1030.800048828125,1030.800048828125,1030.800048828125,1030.800048828125,0,63.59921417753176,13.377047051243267,2.229422478226809,11.147624573016458,13.528298272719283,1.0306704260256487,972.9688295382145,974.1385069095772,-1,0.0,0.013370071232682745,0.09021686814185625,0.07982408882360947,0.38228227209364574,0.334254905123515,1.21,294.957,3.04,0.0,2.0
2022-06-07,1013.7000122070312,1013.7000122070312,1013.7000122070312,1013.7000122070312,0,59.07033094098094,14.779939258506715,4.73952583428279,10.040413424223924,14.059892455394781,0.8549530377877067,976.8479897923876,975.6899384898696,1,0.0,-0.016589091784128374,0.045806277698567266,0.08012787661910625,0.3820800465742231,0.3356577623233914,1.21,294.957,2.98,0.0,2.0
2022-06-08,1012.4000244140624,1012.4000244140624,1012.4000244140624,1012.4000244140624,0,58.72794878391154,15.60693624357873,6.913007916141979,8.693928327436751,14.578031170909433,0.8112287167850442,980.2338978515947,977.1295497025831,1,0.0,-0.0012824186419200245,0.015242691557323607,0.06177244301422369,0.37977578914826343,0.32864158482558103,1.21,294.957,3.03,0.0,2.0
2022-06-09,976.7000122070312,976.7000122070312,976.7000122070312,976.7000122070312,0,50.134082958968506,13.229147309457971,8.176235794805178,5.052911514652793,14.388225621784139,0.5660165867209181,979.8973373140172,977.1127050949144,1,0.0,-0.03526275320636518,-0.05101043670383576,-0.019082052593215604,0.3722697001346193,0.32179614883264634,1.21,294.957,3.04,0.0,2.0
2022-06-10,971.7999877929688,971.7999877929688,971.7999877929688,971.7999877929688,0,49.072637461012164,10.82456260941592,8.705901157727327,2.1186614516885935,14.068957325987064,0.5186631482460923,979.1261611691555,976.9043632399362,1,0.0,-0.005016918555155958,-0.04463234749236533,0.03725046693293965,0.2985601656799565,0.32168582748781377,1.21,294.957,3.15,0.0,2.0
2022-06-13,933.0999755859376,933.0999755859376,933.0999755859376,933.0999755859376,0,41.584210092813024,5.730091427803131,8.110739211742489,-2.3806477839393576,14.139953928383447,0.2373544402488797,974.7427149231347,975.1865441162499,-1,0.0,-0.03982302191104348,-0.09478081937739391,-0.0035241870376816475,0.33453880751667336,0.3281922305481706,1.21,294.957,3.43,0.0,2.0
2022-06-14,911.5,911.5,911.5,911.5,0,38.09044199113229,-0.04967853533366906,6.478655662327258,-6.528334197660927,14.654588825860307,0.10028310077197998,968.7195992161695,972.6890325822794,-1,0.0,-0.023148618745139293,-0.10081879350531031,-0.018837459634015064,0.3436931948214557,0.33093593199671384,1.21,294.957,3.49,0.0,2.0
2022-06-15,925.4000244140624,925.4000244140624,925.4000244140624,925.4000244140624,0,41.49681435281847,-3.4685883419648462,4.489206861468837,-7.957795203433683,15.063305282317977,0.21355381254834066,964.5939254254927,970.834561673722,-1,0.0,0.015249615374725689,-0.08593441120307377,-0.02291199633750407,0.3407465799239944,0.332074735326993,1.21,294.957,3.33,0.0,2.0
2022-06-16,951.9000244140624,951.9000244140624,951.9000244140624,951.9000244140624,0,47.4349055138531,-3.9937331951150554,2.7926188501520586,-6.7863520452671136,14.660967156021648,0.38426864521459114,963.3849824720231,970.0920308007942,-1,0.0,0.028636264643259635,-0.025391612043629275,0.025864855446205093,0.34791021208869205,0.335856434598931,1.21,294.957,3.28,0.0,1.0
2022-06-17,931.0,931.0,931.0,931.0,0,43.67014318545294,-6.026897256168013,1.0287156288880444,-7.055612885056057,15.038336096848212,0.2524092784350364,960.3006984270685,968.5590099850768,-1,0.0,-0.021956112908944725,-0.041983935280374474,-0.027676240208877267,0.3382458184478416,0.3385577790866318,1.21,294.957,3.25,0.0,1.0
2022-06-21,940.0,940.0,940.0,940.0,0,45.66982557968466,-6.833200754073687,-0.5436676477043019,-6.289533106369385,15.12672343737724,0.3174441923480557,958.3672985768715,967.4390488091915,-1,0.0,0.009667024704618665,0.00739473217725628,-0.006552538709621913,0.3380270038408968,0.3385669198879685,1.21,294.957,3.31,0.0,1.0
2022-06-22,927.4000244140624,927.4000244140624,927.4000244140624,927.4000244140624,0,43.34965508538122,-8.392175042717554,-2.1133691267069525,-6.278805916010601,15.534685422559397,0.24732392875376888,955.4180343708896,965.8688909897747,-1,0.0,-0.013404229346742125,0.017443800783392582,-0.029408661000458025,0.3388902610466977,0.3367427174537809,1.21,294.957,3.16,1.0,2.0
2022-06-23,904.9000244140624,904.9000244140624,904.9000244140624,904.9000244140624,0,39.49140293588772,-11.312828117379013,-3.9532609248413646,-7.359567192537648,16.435336005929138,0.13175371919793388,950.6067953273822,963.4779550456292,-1,0.0,-0.024261375250896333,-0.022152582082521577,-0.044254292267765005,0.347807062344178,0.338509061333667,1.21,294.957,3.09,1.0,2.0
2022-06-24,904.5,904.5,904.5,904.5,0,39.42422034675848,-13.504078734633026,-5.863424486799698,-7.640654247833329,17.10818529363971,0.15205596603095442,946.2156719628696,961.1650940634477,-1,0.0,-0.0004420647621502516,-0.0497951709195924,-0.030962099483770933,0.34493513441957313,0.33666673519409546,1.21,294.957,3.13,2.0,2.0
2022-06-27,904.9000244140624,904.9000244140624,903.2999877929688,904.9000244140624,5,39.53499564971164,-15.035067114155936,-7.697753012270946,-7.33731410188499,17.824839782315493,0.1784416639983889,942.2808483867927,958.958620743864,-1,5.882352941176471,0.00044226026983129607,-0.028034345419911455,-0.03887411108437344,0.3429374220514843,0.33227412680758883,1.21,294.957,3.2,1.0,2.0
2022-06-28,911.2000122070312,911.5,910.5999755859376,910.5999755859376,7007,41.1854297304775,-15.608522678542613,-9.27990694552528,-6.328615733017333,18.377604277425974,0.22982488704157758,939.263622405759,957.0622032866904,-1,19.982888920576073,0.00629898443816046,-0.03127662171708767,-0.0369117127594526,0.3435042087343211,0.3326149139239005,1.21,294.957,3.2,2.0,2.0
2022-06-29,908.7999877929688,932.7999877929688,907.5,910.7999877929688,1039,41.246033736721024,-15.86398093408468,-10.596721743237161,-5.267259190847518,18.891781473700618,0.2536900354388011,936.5528000616837,955.2479987575249,-1,2.581045832815799,0.00021964881659752855,-0.017899543006354435,-0.060352832700638515,0.3288874053897696,0.33238305832512055,1.21,294.957,3.1,2.0,2.0
2022-06-30,912.7999877929688,912.7999877929688,888.0999755859375,898.4000244140625,297,38.59110879922319,-16.872511051312813,-11.851879604852291,-5.020631446460522,19.21813583956213,0.21576711736072038,932.9192023809578,953.0186664303303,-1,0.7115476760900815,-0.013614364893607012,-0.007183113962460963,-0.09907740331280368,0.3087547565665427,0.3332939590980978,1.21,294.957,2.98,2.0,2.0
2022-07-01,880.0,892.4000244140625,861.0,875.4000244140625,165,34.194494582053665,-19.305148481604874,-13.34253338020281,-5.962615101402065,18.95329724457121,0.12374958397321882,927.4411854317297,949.9747981159669,-1,0.3876424292258898,-0.02560106787062988,-0.03217244398666386,-0.14943639142490406,0.28436654961346924,0.33546101359060015,1.68,294.913,2.88,2.0,2.0
2022-07-05,890.9000244140625,890.9000244140625,856.7999877929688,856.7999877929688,11,31.107946200710714,-22.474822911218894,-15.168991286406026,-7.305831624812868,19.23927185717989,0.06732151150027271,920.7134523232762,946.3208839856533,-1,0.025809479117785077,-0.021247470987384776,-0.05315508379197931,-0.1576877924588701,0.28810027513318187,0.3357928055675748,1.68,294.913,2.82,2.0,2.0
2022-07-06,853.0999755859375,853.0999755859375,847.7999877929688,847.7999877929688,11,29.7104841520746,-25.420011448253035,-17.21919531877543,-8.200816129477605,18.595600912357423,0.04879034636718071,913.7693128441994,942.4573194290774,-1,0.025776215582893967,-0.010504201830328075,-0.06896550568492976,-0.17753206477163208,0.27629310747112196,0.3359728127782069,1.68,294.913,2.93,2.0,2.0
2022-07-07,882.0,882.0,876.4000244140625,876.4000244140625,19,39.07663838614718,-25.15632420181646,-18.806621095383637,-6.349703106432823,17.059306192642996,0.2307986990108926,910.2103329937102,939.8668372716259,-1,0.04442366144493804,0.03373441499515306,-0.03776895458932039,-0.13544439788852203,0.31386502231648006,0.3412385232908409,1.68,294.913,3.01,2.0,1.0
2022-07-08,872.5,894.0,872.5,894.0,3,44.02011950465608,-23.259063216108302,-19.69710951952857,-3.5619536965797316,14.468949375232274,0.3586552355709471,908.666491756214,938.0681377707778,-1,0.007011803202056795,0.020082125850811483,-0.004897622767688792,-0.11694984349944848,0.32790476150267406,0.34404027109496776,1.68,294.913,3.09,1.0,1.0
2022-07-11,872.2000122070312,872.2000122070312,872.2000122070312,872.2000122070312,12,39.72083434349774,-23.24657499465218,-20.407002614553292,-2.839572380098886,13.510526789289578,0.2125610535654417,905.1934937039109,935.4850740231799,-1,0.02800793558174816,-0.024384773817638372,-0.0036554856268974367,-0.10699293405747301,0.3166666220139381,0.3472624943772481,1.68,294.913,2.99,1.0,1.0
2022-07-12,839.7000122070312,839.7000122070312,839.7000122070312,839.7000122070312,13,34.336705414457754,-25.564465134598095,-21.438495118562255,-4.12597001603584,13.454406166732891,-0.004405819673541178,898.9560192756367,931.7287970892133,-1,0.030295968305756232,-0.03726209532806746,-0.019957954983152337,-0.13593329619806493,0.3367548304776914,0.3529121225576455,1.68,294.913,2.96,2.0,1.0
2022-07-13,849.9000244140625,849.9000244140625,849.9000244140625,849.9000244140625,10,37.21322464261613,-26.275466804540656,-22.405889455757936,-3.8695773487827196,13.954083995534416,0.1261673272714158,894.2840197650105,928.5198256117565,-1,0.023277467411545624,0.012147209787721769,0.002477042523391315,-0.08916509843399145,0.31907095777197075,0.35391241998212786,1.68,294.913,2.91,1.0,1.0
2022-07-14,830.5999755859375,830.5999755859375,830.5999755859375,830.5999755859375,12,34.16357258991857,-28.072688910533543,-23.53924934671306,-4.533439563820483,15.324099180059122,0.04652268047390544,888.2188727003369,924.6798314930969,-1,0.02789400278940028,-0.022708610746812075,-0.052259296613718975,-0.08875482656507128,0.31872376262665464,0.3513605074572715,1.68,294.913,2.96,2.0,1.0
2022-07-15,845.0,845.0,843.0,844.2000122070312,18,38.01820935484277,-28.07594901912421,-24.44658928119529,-3.629359737928919,15.70103857750936,0.18196907658012051,884.026600272403,921.5237601485453,-1,0.04175365344467641,0.016373750326081682,-0.05570468433217979,-0.08774585051307382,0.31965756461437955,0.3488081957849544,1.68,294.913,2.93,1.0,1.0
2022-07-18,864.7999877929688,864.7999877929688,864.7999877929688,864.7999877929688,0,43.42174548336088,-26.115246504536458,-24.780320725863525,-1.3349257786729325,14.485108272052782,0.3484143242029407,882.1954943219807,919.2992984875424,-1,0.0,0.02440177124859555,-0.008484320466056072,-0.09150124423487394,0.31433015628246197,0.3530640472524838,1.68,294.913,2.96,1.0,1.0
2022-07-19,880.2999877929688,880.2999877929688,867.5999755859375,867.5999755859375,5,44.134648726351365,-24.058113069399838,-24.63587919457079,0.5777661251709532,13.767584839160085,0.38915761069615573,880.805444918548,917.2718740600285,-1,0.011591515011011938,0.003237728760975722,0.033226108102077045,-0.06809884469824112,0.3085661248182298,0.3516733694074364,1.68,294.913,3.01,0.0,1.0
2022-07-20,855.0,855.0,842.0,851.5,15,40.940276101315085,-23.456560845656554,-24.400015524787943,0.9434546791313885,12.66064575013885,0.2736646053932086,878.0144501644006,914.6925848812039,-1,0.03471418653089563,-0.018556911063839387,0.0018825456406363905,-0.0941489361702128,0.3089559740405638,0.343170164734246,1.68,294.913,3.04,1.0,1.0
2022-07-21,857.0999755859375,857.0999755859375,857.0999755859375,857.0999755859375,24,42.49920165192187,-22.271226311986197,-23.974257682227595,1.7030313702413977,11.65889021160952,0.34277098208503964,876.0225954426422,912.4340511833503,-1,0.0553888760673898,0.006576600805563659,0.03190464818073924,-0.07580337176779883,0.3097922109974506,0.3399862979558442,1.68,294.913,2.91,0.0,1.0
2022-07-22,861.2000122070312,861.2000122070312,861.2000122070312,861.2000122070312,8,43.67152718804811,-20.76167381227708,-23.331740908237492,2.570067095960411,11.24446758634429,0.4007458641247328,874.6109208487745,910.424873184279,-1,0.018445930366612868,0.0047836153749634125,0.02013740790592511,-0.04829264120677601,0.301278841511198,0.33935914694787644,1.68,294.913,2.77,0.0,1.0
2022-07-25,864.2999877929688,864.2999877929688,864.2999877929688,864.2999877929688,0,44.59135617635741,-19.095084213771656,-22.484409569344326,3.3893253555726695,10.709047591007721,0.4504576630666516,873.6289272244121,908.6160541493257,-1,0.0,0.003599600025542271,-0.000578168370788279,-0.044444457940333026,0.30197963522245125,0.3394793757889966,1.68,294.913,2.81,0.0,1.0
2022-07-26,859.0999755859375,859.0999755859375,859.0999755859375,859.0999755859375,0,43.313639491647045,-17.98655961363727,-21.584839578202917,3.5982799645656485,10.069811973469921,0.41382742377977755,872.2452175445574,906.6742471468399,-1,0.0,-0.006016443689082718,-0.009797141815569455,-0.05061338003364646,0.3020823628487764,0.3396345908736259,1.68,294.913,2.81,1.0,1.0
2022-07-27,871.7999877929688,871.7999877929688,871.7999877929688,871.7999877929688,2,47.28638839112518,-15.899976008827025,-20.44786686432774,4.5478908555007145,8.980100312601252,0.591694380824487,872.2028147110727,905.3066291329626,-1,0.024038461538461536,0.014782926979330258,0.023840267519634528,-0.042609256351014646,0.306787544694648,0.3353092436302373,1.68,294.913,2.78,1.0,1.0
2022-07-28,884.2999877929688,884.2999877929688,865.7999877929688,871.9000244140625,21,47.31770803114412,-14.07601184714963,-19.173495860892118,5.097484013742488,7.608635483598146,0.6396205683375247,872.1739775399288,903.9965662028097,-1,0.65015479876161,0.00011474721552473532,0.017267587504021575,-0.0427096661179891,0.3067769023534111,0.33506295451501794,1.68,294.913,2.68,1.0,1.0
2022-07-29,887.5999755859375,887.5999755859375,884.9000244140625,884.9000244140625,2,51.36196748579676,-11.449532668090228,-17.62870322233174,6.179170554241512,7.03417493438457,0.8766568700039996,873.3859820041321,903.2476822110942,-1,0.11396011396011396,0.014909966321811075,0.027519753682183845,-0.015026713750152298,0.309251328903685,0.3314443120493616,1.68,294.913,2.67,1.0,2.0
2022-08-01,896.7000122070312,896.7000122070312,896.7000122070312,896.7000122070312,0,54.757034136753965,-8.319961263199048,-15.766954830505203,7.446993567306155,7.751673030584174,1.0018189271875717,875.6063658329796,902.990910838386,-1,0.0,0.013334825932208805,0.03748701246288055,0.024331719441321287,0.2980129745555279,0.3291618823383292,2.33,295.097,2.6,1.0,2.0
2022-08-02,900.0999755859375,900.0999755859375,900.0999755859375,900.0999755859375,0,55.716201810273525,-5.5019813315543615,-13.713960130715035,8.211978799160674,8.5420574991431,0.9709551511899815,877.9390905713565,902.8775408284861,-1,0.0,0.003791639715202022,0.04772436406139646,0.05053686789200973,0.28575444262099275,0.32915836416965377,2.33,295.097,2.75,1.0,2.0
2022-08-03,885.5999755859375,885.5999755859375,883.7999877929688,885.5999755859375,1,50.772518738232684,-4.38815681153028,-11.848799466878084,7.4606426553478045,8.54534950606109,0.7485707349760811,878.6686986679832,902.1999892503469,-1,0.12121212121212122,-0.016109321623479556,0.01582930487060974,0.04458597350463678,0.2898705000390194,0.3288269592162226,2.33,295.097,2.73,1.0,2.0
2022-08-04,922.4000244140624,922.4000244140624,922.4000244140624,922.4000244140624,0,60.38069653038374,-0.5298783572845878,-9.585015244959385,9.055136887674797,10.143245448740174,1.100044576900349,882.8335868342765,902.9921474920612,-1,0.0,0.041553805152012346,0.05791948455780482,0.05248744719142873,0.3015569081407025,0.3381578501569843,2.33,295.097,2.68,1.0,1.0
2022-08-05,921.9000244140624,921.9000244140624,921.9000244140624,921.9000244140624,0,60.208747669897406,2.4591418374354816,-7.176183828480411,9.635325665915893,11.170882054018819,1.0244932836361016,886.5541999371133,903.7336328615515,-1,0.0,-0.0005420641660516257,0.04181263304235916,0.031208081000069887,0.2946289273245461,0.336479622086434,2.33,295.097,2.83,1.0,1.0
2022-08-08,937.2999877929688,937.2999877929688,937.2999877929688,937.2999877929688,0,63.642937786153944,6.001429475064128,-4.540661167771503,10.542090642835632,12.954523650958146,1.0578447219176397,891.3871321138614,905.0499605059209,-1,0.0,0.01670459157292492,0.045277099401403564,0.07463881526578664,0.2820514894870104,0.3258851352002858,2.33,295.097,2.77,1.0,1.0
2022-08-09,931.9000244140624,931.9000244140624,931.9000244140624,931.9000244140624,0,61.634240087999075,8.277567389133196,-1.9770154563905635,10.25458284552376,13.56298868052078,0.9460354550967671,895.2455028091186,906.1029041885931,-1,0.0,-0.0057611900663964155,0.03532946304928419,0.1098011323885737,0.23897406317052106,0.3012915723457173,2.33,295.097,2.8,1.0,1.0
2022-08-10,945.0,945.0,945.0,945.0,0,64.55678893914259,11.01154736981323,0.6206971088501951,10.390850260963035,14.622511743517649,0.976084850287744,899.9840263511073,907.6282804949228,-1,0.0,0.01405727571922144,0.06707320014859053,0.11189548517956727,0.2397847381730729,0.3026611732502025,2.33,295.097,2.78,0.0,1.0
2022-08-11,958.2999877929688,958.2999877929688,958.2999877929688,958.2999877929688,0,67.28182633937246,14.089034445057905,3.3143645760917373,10.774669868966168,15.191742186708352,1.0061088982733208,905.5379274408084,909.6154062713168,-1,0.0,0.014074061156580608,0.03892016742054105,0.15374430045816778,0.21676357862592438,0.30349053869637965,2.33,295.097,2.87,0.0,2.0
2022-08-12,958.2999877929688,958.2999877929688,958.2999877929688,958.2999877929688,0,67.28182633937246,16.33961224537711,5.9194141099488125,10.420198135428299,15.724019590431803,0.9453495039214851,910.5628855695855,911.5246055466757,-1,0.0,0.0,0.03948363424986501,0.13515751473118387,0.21539186444232303,0.30095681976161404,2.33,295.097,2.84,0.0,2.0
2022-08-15,932.5,932.5,932.5,932.5,0,57.36010610085823,15.858560359061357,7.907243359771321,7.951316999290036,15.723420799533216,0.7372145597892825,912.6521345629584,912.3471700350414,1,0.0,-0.026922663176056072,-0.005121079542816487,0.07828401152017417,0.23548653781387563,0.303270283303641,2.33,295.097,2.79,0.0,2.0
2022-08-16,929.9000244140624,929.9000244140624,929.9000244140624,929.9000244140624,0,56.45658507521188,15.0935380611146,9.344502300039977,5.749035761074623,15.599493178196374,0.6976612264549902,914.294790739254,913.0355172655912,1,0.0,-0.002788177572051076,-0.0021461529644851707,0.07180734276306344,0.2366366360584611,0.2962014879287847,2.33,295.097,2.82,0.0,2.0
2022-08-17,918.0,918.0,918.0,918.0,0,52.38904304868317,13.372865788255467,10.150174997683076,3.2226907905723916,14.727618819014273,0.5944164977210287,914.647667811706,913.230202863019,1,0.0,-0.012797100872817713,-0.02857142857142858,0.07809747504403997,0.23017962864622235,0.2963741042417996,2.33,295.097,2.89,0.0,2.0
2022-08-18,903.5999755859376,903.5999755859376,903.5999755859376,903.5999755859376,0,47.892440792327065,10.723643503973335,10.264868698941127,0.458774805032208,13.860588806920573,0.4671347166437354,913.5955066473471,912.8525468913688,1,0.0,-0.015686301104643086,-0.05708025973475073,0.0542527141809932,0.24005660065670884,0.29722019485954315,2.33,295.097,2.88,0.0,2.0
2022-08-19,886.9000244140625,886.9000244140625,886.9000244140625,886.9000244140625,0,43.25559208495892,7.19364539854314,9.65062403886153,-2.4569786403183898,13.209495493955558,0.3157849971801022,911.0530797679867,911.8348009118666,-1,0.0,-0.018481575501422598,-0.07450690210624478,0.02984209456891307,0.2514322502393473,0.298976237983714,2.33,295.097,2.98,1.0,2.0
2022-08-22,866.9000244140625,866.9000244140625,866.9000244140625,866.9000244140625,0,38.453885077614956,2.7505569068408704,8.270610612457398,-5.520053705616528,13.12449107224046,0.14591422697802173,906.8480268771367,910.0726528139136,-1,0.0,-0.022550456025991372,-0.07034849928786868,0.0030082571535527958,0.26554529598226334,0.3010916580919931,2.33,295.097,3.03,2.0,2.0
2022-08-23,875.2999877929688,875.2999877929688,875.2999877929688,875.2999877929688,0,41.39634256547316,-0.09175815935884657,6.59813685809415,-6.689895017452996,12.597110945564857,0.19763222848373302,903.8434517262635,908.7090188915237,-1,0.0,0.009689656410592162,-0.05871602880696514,0.018856958057742013,0.26653172659921076,0.30123903095482846,2.33,295.097,3.05,2.0,2.0
2022-08-24,872.0,874.5,865.2000122070312,866.2999877929688,4,39.23212373296611,-3.0355462236536823,4.671400241744584,-7.706946465398266,12.771802944901845,0.1265809101600449,900.2678837326164,907.0459196327569,-1,2.857142857142857,-0.010282189107180373,-0.05631809608609073,-0.00630878650723965,0.26420565936536855,0.301592481938567,2.33,295.097,3.11,2.0,2.0
2022-08-25,873.2999877929688,873.2999877929688,873.2999877929688,873.2999877929688,0,41.78153648096388,-4.748935205951398,2.7873331522053877,-7.536268358156786,12.731427425943446,0.18525726159907477,897.6995126907452,905.7225497566868,-1,0.0,0.008080341796879775,-0.033532523917257584,0.0016056466793277213,0.2658727923667631,0.29726319611599655,2.33,295.097,3.03,2.0,2.0
2022-08-26,854.5999755859375,854.5999755859375,854.5999755859375,854.5999755859375,0,37.281759143285164,-7.528953927047951,0.7240757363547201,-8.253029663402671,13.62705178168838,0.06660247073205716,893.5947948712397,903.7177429264614,-1,0.0,-0.021413045309081613,-0.03641904153680031,-0.034241211427458396,0.27054416059633907,0.2932682239851356,2.33,295.097,3.04,2.0,2.0
2022-08-29,853.5,853.5,853.5,853.5,2,37.029134323974326,-9.708978568072553,-1.3625351245307344,-8.346443443541819,14.614202118448693,0.10291917225593179,889.7762429787407,901.7484196744433,-1,5.714285714285714,-0.0012871233528685133,-0.015457404587247092,-0.048176660665704474,0.26472068753521494,0.2845223766019488,2.33,295.097,3.12,2.0,2.0
2022-08-30,830.5999755859375,830.5999755859375,830.5999755859375,830.5999755859375,0,32.14555613081039,-13.133114025631585,-3.7166509047509044,-9.41646312088068,16.384276511870006,0.013102223325869312,884.14040798895,898.958284612149,-1,0.0,-0.026830725734109495,-0.051068219845107565,-0.07721364502288497,0.27754681958643734,0.28826298275601064,2.33,295.097,3.11,2.0,2.0
2022-08-31,826.4000244140625,826.4000244140625,826.4000244140625,826.4000244140625,0,31.32946154461291,-16.00121495879023,-6.173563715558769,-9.82765124323146,17.972865406142468,0.04700923045185939,878.6413238389607,896.1128626435966,-1,0.0,-0.005056526962828545,-0.046057905969221435,-0.06684728184720945,0.2738297467851175,0.2861790103752584,2.33,295.097,3.15,2.0,2.0
2022-09-01,804.0,804.0,804.0,804.0,0,27.342462656598556,-19.852849090919108,-8.909420790630838,-10.94342830028827,20.16766166873973,0.002201007354998128,871.5326263304883,892.5005935203184,-1,0.0,-0.0271055466509027,-0.07935416095459458,-0.1283608209889997,0.23167138037650153,0.28910548631083416,2.56,296.349,3.26,2.0,2.0
2022-09-02,809.7999877929688,817.0999755859375,806.4000244140625,817.0999755859375,4,32.73380286016989,-21.599255568313765,-11.447387746167424,-10.151867822146341,21.387803816008443,0.12434358742765583,866.3485643548167,889.5437065424995,-1,8.0,0.016293501972559188,-0.04388017911454889,-0.11367832308577419,0.24493045291248208,0.2919668303715771,2.56,296.349,3.2,2.0,2.0
2022-09-06,832.7000122070312,832.7000122070312,832.7000122070312,832.7000122070312,4,38.57867554630331,-21.476930023070622,-13.453296201548063,-8.023633821522559,21.55777812487661,0.2344942704017845,863.1439403407419,887.3145420587557,-1,5.714285714285714,0.019091955803703264,-0.02437022588514204,-0.11159711612952838,0.24792399550891175,0.2876217685196896,2.56,296.349,3.33,2.0,2.0
2022-09-07,846.0,846.0,846.0,846.0,4,43.116762315949586,-20.075371894189516,-14.777711340076355,-5.297660554113161,21.338672274041645,0.3242680747106946,861.5111841178141,885.6943639388045,-1,4.444444444444445,0.015972123931784044,0.018540843807753227,-0.09217729602279223,0.2596871818324513,0.29005817870824435,2.56,296.349,3.27,2.0,2.0
2022-09-08,865.2000122070312,865.2000122070312,865.2000122070312,865.2000122070312,4,48.97747597256921,-17.216880968787905,-15.265545265818666,-1.9513357029692386,20.312027915976493,0.44502724617743544,861.8625010786919,884.8906638708918,-1,3.6363636363636362,0.022695049890107954,0.046950613076855774,-0.08444443152695102,0.26939309227078545,0.2831837118361044,2.56,296.349,3.29,2.0,2.0
2022-09-09,876.0,876.0,876.0,876.0,4,51.9748527858746,-13.919581291968257,-14.996352471048585,1.0767711790803283,18.43031768652248,0.5320558141688766,863.2089295473879,884.5420103857588,-1,3.0769230769230766,0.012482648683070474,0.08955223880597019,-0.085881236399169,0.2680255370584249,0.28071593527045224,2.56,296.349,3.33,2.0,2.0
2022-09-12,903.2999877929688,903.2999877929688,903.2999877929688,903.2999877929688,4,58.59616209186676,-8.99982233328899,-13.797046443496667,4.797224110207678,16.438600973579643,0.7466287622376333,867.0271255707765,885.2776173429043,-1,2.6666666666666665,0.03116436962667657,0.10549506153787092,-0.0573933013676321,0.2955658282877859,0.28621045161757597,2.56,296.349,3.37,2.0,2.0
2022-09-13,882.7999877929688,882.7999877929688,882.7999877929688,882.7999877929688,4,52.71838197860827,-6.67807588608116,-12.373252332013566,5.695176445932406,15.116057858057601,0.6312976854780004,868.529302925271,885.1804553997696,-1,2.3529411764705883,-0.022694564681759344,0.060165695750562076,-0.05329760022201746,0.2911994180082781,0.2835485162438886,2.56,296.349,3.42,2.0,2.0
2022-09-14,904.5,904.5,904.5,904.5,4,57.570214489562986,-3.0518852355872923,-10.508978912728312,7.457093677141019,14.16911309287987,0.8278334628637152,871.9550835990548,885.9380845997787,-1,2.1052631578947367,0.02458089318882073,0.06914893617021267,-0.0273147905658645,0.30658707058791795,0.2848828523385558,2.56,296.349,3.41,2.0,2.0
2022-09-15,905.0,905.0,905.0,905.0,31,57.67797870739217,-0.13618731584892885,-8.434420593352435,8.298233277503506,13.70505984801635,0.8489042256456781,875.1022184943829,886.685610693905,-1,8.98550724637681,0.0005527915975678255,0.04600090988376593,-0.014161220043573008,0.3036004772184025,0.2841145647425407,2.56,296.349,3.45,2.0,2.0
2022-09-16,900.5,900.5,900.5,900.5,31,56.29224585451697,1.79076902942586,-6.3893826687967765,8.180151698222637,13.613969318345948,0.814342778516293,877.5210548282512,887.2273514510068,-1,6.2,-0.004972375690607711,0.027968036529680385,-0.003430694632242992,0.29885515913390814,0.2830021241875027,2.56,296.349,3.45,2.0,2.0
2022-09-19,918.0,918.0,918.0,918.0,31,60.28802257350748,4.676096433508064,-4.176286848335809,8.852383281843874,14.492236993690657,0.9219431678184863,881.3761924636558,888.4341219823399,-1,4.732824427480916,0.019433647973348123,0.01627367696854254,0.03506593159300442,0.2980477710948988,0.28132364781308616,2.56,296.349,3.49,1.0,2.0
2022-09-20,922.0,922.0,922.0,922.0,35,61.16201178608058,7.202480052848841,-1.9005334680988788,9.10301352094772,15.538206438297836,0.9015229166729324,885.2451265147362,889.7504309242089,-1,4.216867469879518,0.004357298474945592,0.044404182996232944,0.06355978086767222,0.28364210593457856,0.28144531555019286,2.56,296.349,3.57,2.0,2.0
2022-09-21,915.9000244140624,915.9000244140624,915.9000244140624,915.9000244140624,5,59.028480801985815,8.613153154561132,0.20220385643312344,8.41094929812801,16.2251997858745,0.8260226595309105,888.1646406003863,890.775905178713,-1,0.5847953216374269,-0.006616025581277274,0.012603675416321014,0.04638413936628161,0.28453261373465677,0.2818059274557973,2.56,296.349,3.51,2.0,2.0
2022-09-22,905.7999877929688,905.7999877929688,905.7999877929688,905.7999877929688,5,55.571860592741984,8.814524849609711,1.9246680550684412,6.88985679454127,16.573615185182064,0.7348809042149077,889.8441974758704,891.365084889076,-1,0.5813953488372093,-0.011027444428287958,0.0008839644121201307,0.045596214425250414,0.28498732813112987,0.28245310995406625,2.56,296.349,3.7,2.0,2.0
2022-09-23,859.2999877929688,859.2999877929688,853.7999877929688,858.5,4,42.90158278475715,5.098625871082049,2.559459618271163,2.5391662528108863,16.640191183093684,0.4129391312904294,886.8590358115017,890.0762580306808,-1,0.45454545454545453,-0.05221902012630597,-0.046640755136035494,-0.01694719798447697,0.3458802962510877,0.30301505270178686,2.56,296.349,3.69,2.0,2.0
2022-09-26,849.9000244140625,849.9000244140625,849.9000244140625,849.9000244140625,4,41.068181442767816,1.443167070553045,2.3362011087275394,-0.8930340381744943,16.700440792568433,0.35571548095393324,883.3391299641265,888.5007194574802,-1,0.4444444444444444,-0.010017443897422873,-0.07418297994110834,-0.0054995919800402415,0.33902348787416026,0.3024536097557906,2.56,296.349,3.88,2.0,2.0
2022-09-27,847.9000244140625,847.9000244140625,847.9000244140625,847.9000244140625,4,40.63328720998264,-1.596786885081542,1.5496035099657233,-3.1463903950472654,16.77658252723421,0.34454796247631114,879.9639770545966,886.9085353381305,-1,0.43956043956043955,-0.0023532179580519896,-0.08036873707802328,-0.00656118990736676,0.33908697320959785,0.2979527303033801,2.56,296.349,3.97,2.0,2.0
2022-09-28,871.0999755859375,871.0999755859375,871.0999755859375,871.0999755859375,7446,47.56923942815471,-2.1096118350719735,0.817760440958184,-2.9273722760301575,16.201123696079573,0.48917759948466094,879.1197864385339,886.2885918184367,-1,19.522810697430522,0.02736165880866337,-0.048913688867718075,0.048759934012073236,0.33668911136984525,0.29995188269499895,2.56,296.349,3.72,2.0,2.0
2022-09-29,870.5,877.4000244140625,846.2000122070312,871.2999877929688,1964,47.626050440816336,-2.4714012143033415,0.15992810990587894,-2.6313293242092204,15.41940142480301,0.473498893485641,878.3750437103848,885.700803425281,-1,4.095079232693911,0.0002296087850268691,-0.03808787863208207,0.054331996675268,0.335657860922524,0.2991009368428809,2.56,296.349,3.76,2.0,2.0
2022-09-30,869.0,883.4000244140625,866.0,870.0,56,47.26756046451218,-2.830393045170922,-0.43813612110948125,-2.392256924061441,13.48526713344227,0.430968527397218,877.577420499872,885.0850856438975,-1,0.11608623548922056,-0.0014920094240580273,0.013395457192778126,0.08208955223880587,0.3168737400186732,0.2912364682647049,2.56,296.349,3.83,2.0,2.0
2022-10-03,895.0,915.2000122070312,895.0,911.2999877929688,16,58.066653931050965,0.21518666108329398,-0.30747156467092623,0.5226582257542203,12.179568269320583,0.7642478313402972,880.789093575405,886.1131210222925,-1,0.033126293995859216,0.047471250336745596,0.07224374822348856,0.11528578512009013,0.34886416524431235,0.3038011345118808,3.08,298.007,3.67,2.0,2.0
2022-10-04,911.2999877929688,950.0,911.2999877929688,943.7000122070312,12,64.25172415204581,5.183489670112635,0.7907206822857861,4.392768987826849,12.337319509519322,1.004201105704713,886.7806096355599,888.3714304805176,-1,0.024824162184526273,0.03555363200709616,0.11298500416858803,0.13330130704069498,0.36147118067504763,0.3073913555946516,3.08,298.007,3.62,2.0,2.0
2022-10-05,946.4000244140624,946.4000244140624,918.9000244140624,924.5999755859376,102,58.750373885383496,7.493314010317704,2.1312393478921696,5.362074662425535,11.950624339062687,0.802269432824433,890.3824540117864,889.7921577395537,1,0.20888797870161785,-0.020239521430570284,0.061416601422831896,0.09290777256020988,0.3715188623624984,0.29982913954414486,3.08,298.007,3.76,2.0,2.0
2022-10-06,931.7000122070312,931.7000122070312,931.7000122070312,931.7000122070312,21,60.11740680129922,9.783996240818396,3.661790726477415,6.1222055143409815,12.150078948474912,0.8308921398205026,894.3174595541907,891.4356030127881,1,0.04293161606869059,0.0076790361329981405,0.06932173219359017,0.07686084033952523,0.36567844336697,0.29930597760864236,3.08,298.007,3.83,2.0,2.0
2022-10-07,945.0,945.0,929.2000122070312,929.2000122070312,28,59.371302344639105,11.267761563964882,5.182984893974909,6.0847766699899735,12.35462972880356,0.77795854781157,897.6396074258898,892.9165602360918,1,0.05710206995003569,-0.0026832671109211503,0.06804599104256459,0.06073060754227311,0.3648377427639553,0.29507049437252497,3.08,298.007,3.89,2.0,2.0
2022-10-10,913.2000122070312,913.2000122070312,906.2000122070312,906.2000122070312,8,52.870255235979336,10.46709038906306,6.239805992992539,4.22728439607052,12.367347995125776,0.5693395495164562,898.4548840717129,893.4374799212267,1,0.016308225461217,-0.024752474922348,-0.005596374030783058,0.003210477641152343,0.3622785497562198,0.2985989920096898,3.08,298.007,3.89,2.0,2.0
2022-10-11,902.7999877929688,909.5,899.0,909.5,2,53.65437901434479,9.983747721111058,6.9885943386162435,2.9951533824948147,12.284476859073028,0.5874800970408953,899.5067998744069,894.0673826694139,1,0.004077887654195127,0.003641566705491206,-0.036240343080051085,0.030244690276652886,0.3519227435694013,0.2948083689055021,3.08,298.007,3.93,2.0,2.0
2022-10-12,891.4000244140625,891.4000244140625,891.4000244140625,891.4000244140625,0,48.85335106299387,8.047412846531415,7.200358040199278,0.847054806332137,12.309783750969865,0.42975675670665664,898.7347260210407,893.9627803848903,1,0.0,-0.019901017686572264,-0.03590736756275126,-0.014483112864496994,0.34904924378265517,0.2978622269142152,3.08,298.007,3.91,2.0,2.0
2022-10-13,890.0,906.7999877929688,890.0,906.7999877929688,2,52.7290478599903,7.667120062240201,7.293710444607463,0.3734096176327384,12.318211898873944,0.5680216323773506,899.5028461897957,894.4662002832463,1,0.004091653027823241,0.01727615319399267,-0.026725366628555403,0.0019889367878107578,0.35476911297968566,0.2970635156806788,3.08,298.007,3.97,2.0,2.0
2022-10-14,916.7999877929688,916.7999877929688,905.2999877929688,905.2999877929688,16,52.31323260222547,7.162137167855576,7.267395789257086,-0.10525862140150988,12.328463938731485,0.5522564419952004,900.0549549139074,894.8910546953923,1,0.03278352627804528,-0.00165416852689948,-0.025721076302286372,0.005330358459709972,0.3543328774105633,0.29688998941993583,3.08,298.007,4.0,2.0,2.0
2022-10-17,924.0,924.0,924.0,924.0,1,56.878627809466145,8.176614367769162,7.449239504959501,0.7273748628096603,12.426607132281314,0.71638373968013,902.3354353982971,896.0325819622396,1,0.002055287226389888,0.020656149849973993,0.01964244929727732,0.006535947712418277,0.3552088518885695,0.29948670848674286,3.08,298.007,4.02,2.0,2.0
2022-10-18,924.5999755859376,924.5999755859376,917.7000122070312,917.7000122070312,2,54.96928850743961,8.375688767490033,7.634529357465608,0.7411594100244248,12.360465652871277,0.6628693008548564,903.7987284277004,896.8822851090943,1,0.0041245617653124355,-0.006818168607109043,0.009015956247423018,-0.004663761163740565,0.3557485912013694,0.2998897762557125,3.08,298.007,4.01,2.0,2.0
2022-10-19,891.5,891.5,891.5,891.5,7,47.78516829730497,6.346179830328879,7.376859452038262,-1.0306796217093837,12.284671666802899,0.43775019155843525,902.6274209583956,896.671215104816,1,0.01443298969072165,-0.028549647878963524,0.00011215569127132063,-0.02664048887832715,0.3696364785451231,0.3058104909984066,3.08,298.007,4.14,2.0,2.0
2022-10-20,939.9000244140624,939.9000244140624,930.0999755859376,930.0999755859376,16,56.75286713918777,7.762987919689522,7.454085145568515,0.3089027741210071,12.634119298012248,0.7684885931145459,905.2438547324473,897.9821468883895,1,0.03295232210894861,0.04329778528989081,0.025694737656181355,0.026827101038251477,0.39855738076101394,0.3163435953777706,3.08,298.007,4.24,2.0,2.0
2022-10-21,954.5999755859376,960.0,949.2999877929688,954.5999755859376,10,61.296480141569965,10.738971603152208,8.111062437085254,2.6279091660669547,12.903732576270189,0.9302480495590058,909.9444376708749,900.2024538961365,1,0.020582484305855717,0.02634125432006984,0.054457073299158276,0.11193940079899556,0.3502327056911032,0.32042836856929274,3.08,298.007,4.21,2.0,2.0
2022-10-24,947.2999877929688,947.2999877929688,947.2999877929688,947.2999877929688,6,59.29744367181541,12.365866099837376,8.962023169635678,3.403842930201698,12.2157143211427,0.8424786036711658,913.5021091110743,902.0494160097378,1,0.01234694927461673,-0.007647169473776749,0.025216437005377346,0.11460167146842437,0.34894097482891956,0.31975694973700636,3.08,298.007,4.25,2.0,2.0
2022-10-25,934.0999755859376,939.7000122070312,934.0999755859376,939.7000122070312,1,57.2057428967793,12.893311130557663,9.748280761820075,3.1450303687375882,10.793573802626238,0.762072000371091,915.9971475011655,903.5259099782592,1,0.0020584602717167557,-0.00802277597790746,0.023972975599173107,0.10826746685896937,0.35120555372241874,0.3192906408679477,3.08,298.007,4.1,2.0,2.0
2022-10-26,960.2999877929688,982.5,954.0999755859376,982.5,42,64.74745848249194,16.573863259130235,11.113397261282108,5.460465997848127,11.684477353489841,1.0871762220087853,922.3307525010545,906.6229331163667,1,0.3633217993079585,0.04554643741298503,0.10207515423443625,0.12788431584920001,0.3706691400752097,0.3316148624045611,3.08,298.007,4.04,2.0,2.0
2022-10-27,987.4000244140624,987.4000244140624,987.4000244140624,987.4000244140624,1,65.49714377223555,19.65949592555387,12.82261699413646,6.836878931417409,12.250257921801172,1.0485590353929497,928.5278260165791,909.7906621868646,1,0.05730659025787966,0.004987302202608124,0.061606333009553316,0.13324921180726612,0.3700686694238615,0.32962246289675384,3.08,298.007,3.96,2.0,2.0
2022-10-28,958.4000244140624,958.4000244140624,958.4000244140624,958.4000244140624,1,57.67920508137899,19.539584243400896,14.166010443989348,5.373573799411547,11.268764174123591,0.7744860600966634,931.3727972925299,911.6969116859703,1,0.06802721088435375,-0.029370062064976166,0.003980776163117206,0.10160922346443946,0.3909905357498954,0.3257376972991618,3.08,298.007,4.02,2.0,2.0
2022-10-31,939.4000244140624,939.4000244140624,939.4000244140624,939.4000244140624,1,53.19885004746125,17.707293503897517,14.874267055970984,2.8330264479265335,11.135981835266769,0.5805352603235916,932.1372951136282,912.7833082635426,1,0.07168458781362008,-0.019824707341400627,-0.00833945263454694,0.03083511137660344,0.36777865941169346,0.3284745336880494,3.08,298.007,4.1,2.0,2.0
2022-11-01,959.7999877929688,959.7999877929688,959.7999877929688,959.7999877929688,1,57.055915285525046,17.69729306865645,15.438872258508077,2.2584208101483725,11.393736785697326,0.763202113790587,934.7718372735653,914.6270996176378,1,0.07462686567164178,0.021715949381234667,0.021389778998437636,0.017060480425643343,0.354423906588792,0.32966608397250674,3.78,298.786,4.07,2.0,2.0
2022-11-02,960.2000122070312,960.2000122070312,960.2000122070312,960.2000122070312,1,57.13052414948066,17.519690195801218,15.855035845966706,1.664654349834512,11.646107445026024,0.7443160743695459,937.1935682196097,916.4142726603591,1,0.11976047904191617,0.00041677893222558104,-0.022697188593352458,0.038503177115631226,0.3454224680750704,0.32941497954797183,3.78,298.786,4.1,2.0,2.0
2022-11-03,933.4000244140624,933.4000244140624,933.4000244140624,933.4000244140624,1,50.76695232236358,15.04299729260606,15.692628135294578,-0.6496308426885182,11.643536798009203,0.49705679130071606,936.8322783333671,917.0803805722691,1,0.1360544217687075,-0.027910838838013263,-0.054689081086507385,0.0018246347373165328,0.3607118777394936,0.3334027602479813,3.78,298.786,4.14,2.0,2.0
2022-11-04,969.7999877929688,969.7999877929688,969.7999877929688,969.7999877929688,1,57.66441475278943,15.834838993632388,15.721070306962142,0.11376868667024631,12.08048164872928,0.8012123916740417,939.9720601866625,919.1478161495514,1,0.16666666666666666,0.03899717423058391,0.011894786194184492,0.04369347293647219,0.3849903386099265,0.3414305539946286,3.78,298.786,4.17,2.0,2.0
2022-11-07,998.7000122070312,998.7000122070312,998.7000122070312,998.7000122070312,1,62.1932257195606,18.580188838081085,16.292894013185933,2.2872948248951523,12.984044839157283,0.9776873414537789,945.5651984743166,922.2675101125899,1,0.17699115044247787,0.029799984303806815,0.06312538455590988,0.10207459584415379,0.38245304523896906,0.3466215871645834,3.78,298.786,4.22,1.0,2.0
2022-11-08,1023.7999877929688,1023.7999877929688,1023.7999877929688,1023.7999877929688,1,65.63192074013108,22.521641169355462,17.53864344441984,4.982997724935622,14.642417791026396,1.0609595932321183,953.0161307903787,926.2491759039773,1,0.17857142857142858,0.025132647721179957,0.06668055929774086,0.1256734335271783,0.3888933396802093,0.3451044597429447,3.78,298.786,4.14,1.0,2.0
2022-11-09,1006.5999755859376,1006.5999755859376,1006.5999755859376,1006.5999755859376,1,61.50367767142618,23.98093599735023,18.82710195500592,5.153834042344311,14.555907616279312,0.8951628646316516,958.1193541042414,929.4001876562111,1,0.17699115044247787,-0.01680016840409393,0.048323227232892396,0.12923485305892668,0.3862427031113911,0.3470789783985015,3.78,298.786,4.12,1.0,2.0
2022-11-10,1064.300048828125,1064.300048828125,1064.300048828125,1064.300048828125,1,68.63175844666219,29.45382598165338,20.952446760335413,8.501379221317968,17.024694048819914,1.140032368330279,968.2318012208018,934.6903782904038,1,0.17857142857142858,0.05732175108448656,0.14024000534629777,0.17368776263273955,0.4234218397070195,0.36320203038163984,3.78,298.786,3.82,1.0,2.0
2022-11-11,1047.4000244140625,1047.4000244140625,1047.4000244140625,1047.4000244140625,1,64.84452286880781,32.05789651773034,23.1735367118144,8.884359805915942,17.815497182398264,0.9677625001645219,975.7716320011124,939.1103644129003,1,0.2061855670103093,-0.015879003700761563,0.0800165370157333,0.156964584709119,0.430766179104456,0.3632443279879892,3.78,298.786,3.82,1.0,2.0
2022-11-14,1042.300048828125,1042.300048828125,1042.300048828125,1042.300048828125,1,63.70212712337919,33.325954907884125,25.204020351028348,8.121934556855777,18.44650354343663,0.8876283602452784,982.1076716989231,943.1570187036934,1,0.2061855670103093,-0.004869176500917671,0.0436567899150635,0.1280303558745941,0.4298876181661276,0.36091380277106655,3.78,298.786,3.88,1.0,2.0
2022-11-15,1031.699951171875,1031.699951171875,1031.699951171875,1031.699951171875,1,61.28540460763421,33.09407315086355,26.782030910995392,6.312042239868159,18.292490945159713,0.7975436505768533,986.8307459344423,946.6292905651908,1,0.20833333333333334,-0.010169909968024915,0.007716315172005883,0.12422353432324629,0.43139423371914587,0.3580257727364808,3.78,298.786,3.8,1.0,2.0
2022-11-16,1025.5,1025.5,1025.5,1025.5,1,59.8550724562228,32.0406759753746,27.833759923871234,4.206916051503363,16.69182961033486,0.7454105357359737,990.5135320359241,949.7222595626343,1,0.2222222222222222,-0.00600945184191648,0.018776102595334132,0.15030846887268656,0.41417896406500854,0.3582056373051211,3.78,298.786,3.67,2.0,2.0
2022-11-17,1000.7999877929688,1000.7999877929688,1000.7999877929688,1000.7999877929688,1,54.407167275720816,28.87985754529518,28.042979448156025,0.8368780971391558,15.86791766106089,0.5772549504220026,991.493194488976,951.7253077285299,1,0.26666666666666666,-0.024085823702614584,-0.05966368328656435,0.07601334701948792,0.40625497886825895,0.3615197444747438,3.78,298.786,3.77,2.0,2.0
2022-11-18,1002.0,1002.0,1002.0,1002.0,1,54.62325747723485,26.170045133169538,27.668392585158728,-1.49834745198919,15.545350985306538,0.5710751486233818,992.493842632883,953.6968642881953,1,0.30303030303030304,0.0011990529792846871,-0.043345449069910225,0.04965433231335248,0.3976155424375051,0.3613356125650237,3.78,298.786,3.82,2.0,2.0
2022-11-21,1005.5999755859376,1005.5999755859376,1005.5999755859376,1005.5999755859376,1,55.3075956916146,24.03591613755418,26.94189729563782,-2.9059811580836374,15.002723122094475,0.5780232582452667,993.7420457712692,955.7322804175186,1,0.3278688524590164,0.0035927900059258278,-0.03521066058036726,0.061543321592135714,0.39582707843769727,0.35787985552502954,3.78,298.786,3.83,2.0,2.0
2022-11-22,1013.4000244140624,1013.4000244140624,1013.4000244140624,1013.4000244140624,1,56.82686076610945,22.712190293802223,26.095955895270702,-3.383765601468479,14.16356142627814,0.6114629115249338,995.61423421344,957.9937605742458,1,0.3278688524590164,0.00775661199034916,-0.01773764429961089,0.07842929791384723,0.39394801352038544,0.35792638114779635,3.78,298.786,3.76,2.0,2.0
2022-11-23,1014.5,1014.5,1014.5,1014.5,1,57.04860255238508,21.50400211203373,25.177565138623308,-3.6735630265895765,14.141789115550237,0.6079173204928293,997.4128785740647,960.2096915321185,1,1.0,0.0010854307868934931,-0.010726474890297433,0.03256997455470745,0.3633165900032691,0.3524323709682279,3.78,298.786,3.71,2.0,2.0
2022-11-25,1005.5,1005.5,1005.5,1005.5,1,54.57858340831566,19.594407358659055,24.060933582630458,-4.466526223971403,14.095630834186638,0.537913640106735,998.18308061463,961.9857820602708,1,1.0,-0.008871365204534243,0.004696255260150384,0.018330945045984093,0.364946927133939,0.35291118733203736,3.78,298.786,3.68,2.0,2.0
2022-11-28,1017.0,1017.0,1017.0,1017.0,0,57.13259307471629,18.792366940959255,23.007220254296218,-4.214853313336963,13.58515945193162,0.6021129019315631,999.9751681751413,964.1432023716328,1,0.0,0.011437095972153255,0.014970059880239583,0.06114354558970714,0.3478484469443596,0.34739151039616845,3.78,298.786,3.69,2.0,2.0
2022-11-29,1021.5999755859376,1021.5999755859376,1021.5999755859376,1021.5999755859376,0,58.14635851411276,18.316779287896452,22.069132061016266,-3.7523527731198136,12.292609427605134,0.61634690772158,1002.0346736428362,966.3964091643506,1,0.0,0.004523083172013331,0.015910899352078012,0.08750260702105717,0.33707583563045584,0.346456728699367,3.78,298.786,3.75,2.0,2.0
2022-11-30,1052.300048828125,1052.300048828125,1052.300048828125,1052.300048828125,0,64.22681810890361,20.18443834498305,21.692193317809625,-1.5077549728265751,12.030451198014033,0.8325491213747542,1006.8218522319113,969.7651793472438,1,0.0,0.03005097295991943,0.038385655690658105,0.09637430945155279,0.343770372239919,0.3491427498447149,3.78,298.786,3.68,1.0,2.0
2022-12-01,1067.9000244140625,1067.9000244140625,1067.9000244140625,1067.9000244140625,0,66.861370789843,22.66212439548201,21.886179533344105,0.775944862137905,11.934537734433944,0.9175910714622955,1012.6388210111638,973.6136046439818,1,0.0,0.014824645882426823,0.052636790945354894,0.11216414375946693,0.3452063530280181,0.34898526164371746,4.1,298.832,3.53,1.0,2.0
2022-12-02,1039.5999755859375,1039.5999755859375,1039.5999755859375,1039.5999755859375,0,58.451438999596505,22.08751983456409,21.926447593588104,0.1610722409759866,9.31349867831361,0.6794038482311411,1015.2065500182852,976.201305465235,1,0.0,-0.02650065378887201,0.03391345160212578,0.11377753202710883,0.3433671325469536,0.3523955757633639,4.1,298.832,3.51,1.0,2.0
2022-12-05,1020.5,1020.5,1020.5,1020.5,0,53.55533898848254,19.861976672179594,21.513553409306404,-1.6515767371268097,8.012952609758434,0.4446045541116807,1015.7106881117818,977.9385091724807,1,0.0,-0.018372427890037568,0.003441494591936989,0.052278833620540865,0.3301953794359562,0.3545912248099657,4.1,298.832,3.6,1.0,2.0
2022-12-06,1008.4000244140624,1008.4000244140624,1008.4000244140624,1008.4000244140624,0,50.66026986676798,16.926729969186113,20.596188721282346,-3.669458752096233,7.806292655541851,0.2859632905366482,1015.0144344262848,979.1330783976408,1,0.0,-0.011856908952413092,-0.012920860892057462,0.009712638518542871,0.31802436524346683,0.35088051725251274,4.1,298.832,3.51,1.0,2.0
2022-12-07,1024.5,1024.5,1024.5,1024.5,0,54.207398121950284,15.718466588007573,19.620644294627393,-3.9021777066198204,7.805069560772264,0.48663270835021144,1015.9178216237815,980.9121733624393,1,0.0,0.01596586195571814,-0.02641836694684563,0.0006837392218965732,0.31041420081081383,0.34817071943820566,4.1,298.832,3.42,1.0,2.0
2022-12-08,1027.5999755859375,1027.5999755859375,1027.5999755859375,1027.5999755859375,0,54.8800135458746,14.83998516416159,18.664512468534234,-3.824527304372644,7.610974737722212,0.512541900757532,1017.0304077154154,982.7430675672823,1,0.0,0.0030258424460103406,-0.03773766074238727,0.02086230926816368,0.3039544182687118,0.345197895281329,4.1,298.832,3.48,1.0,2.0
2022-12-09,1049.199951171875,1049.199951171875,1049.199951171875,1049.199951171875,0,59.359332651593725,15.705674577813852,18.072744890390158,-2.367070312576306,7.14202764992708,0.8184895358158654,1020.0941737588878,985.3492198655017,1,0.0,0.021019828823585884,0.009234297625417609,-0.014187820129179074,0.2388897390624853,0.3472916152059609,4.1,298.832,3.57,1.0,2.0
2022-12-12,1021.0,1021.0,1021.0,1021.0,0,52.08878612168735,13.955370468499495,17.249270006012026,-3.29389953751253,6.893507908733219,0.449806821362911,1020.180442924708,986.7472896746978,1,0.0,-0.026877575757011662,0.0004899559039686086,-0.025205292914549315,0.2514335454096573,0.3522913351733336,4.1,298.832,3.61,1.0,2.0
2022-12-13,1051.9000244140625,1051.9000244140625,1051.9000244140625,1051.9000244140625,0,58.13914690888525,14.88997323675676,16.777410652160974,-1.8874374154042144,7.123076444898098,0.8680839281534023,1023.2013554475037,989.3022988801631,1,0.0,0.03026447053287229,0.04313764274775389,0.009210376222020589,0.2739886332262441,0.3551435271717618,4.1,298.832,3.51,0.0,1.0
2022-12-14,1051.699951171875,1051.699951171875,1051.699951171875,1051.699951171875,0,58.08799694044951,15.436565309527282,16.509241583634235,-1.0726762741069535,7.453596631465362,0.8357266756911725,1025.9155074212533,991.7492656367009,1,0.0,-0.00019020176589401583,0.026549488698755397,0.019385481192746523,0.27110085964646774,0.35515185792623644,4.1,298.832,3.49,0.0,1.0
2022-12-15,1026.199951171875,1026.199951171875,1026.199951171875,1026.199951171875,0,51.8292486982875,13.654703653612273,15.938333997629844,-2.2836303440175705,7.453205013440598,0.5018301123968659,1025.9425973022649,993.1002729125901,1,0.0,-0.024246459241142104,-0.0013624216108648612,0.0006825462426864881,0.2850414028972584,0.3589298411971938,4.1,298.832,3.44,1.0,1.0
2022-12-16,1013.0,1013.0,1013.0,1013.0,0,48.892542300466914,11.050061480382737,14.960679494180424,-3.910618013797686,7.2027454540215325,0.31514150087468407,1024.7099689877634,993.8806543669983,1,0.0,-0.012862942701177493,-0.034502433145791156,0.012190260147719956,0.27475580610398637,0.35923692352603404,4.1,298.832,3.48,1.0,1.0
2022-12-19,1000.7000122070312,1000.7000122070312,1000.7000122070312,1000.7000122070312,0,46.262104480645824,7.902265179064216,13.548996631157182,-5.646731452092967,7.237760568975057,0.15136118655311342,1022.4233064372175,994.1480801646467,1,0.0,-0.012142139973315702,-0.019882456212506172,-0.0012973930069548611,0.27847327756602713,0.34149881862261094,4.1,298.832,3.57,1.0,1.0
2022-12-20,1026.0,1026.0,1026.0,1026.0,0,51.98437424200419,7.3642213460848325,12.312041574142713,-4.94782022805788,6.984547917952772,0.47735983495079515,1022.7639439193873,995.3971750601507,1,0.0,0.025282289881429998,-0.02462213500611865,0.020286420952005058,0.2921962818262006,0.3435101840305962,4.1,298.832,3.69,0.0,2.0
2022-12-21,1015.0,1015.0,1015.0,1015.0,0,49.51557077010649,5.981261404621478,11.045885540238466,-5.064624135616988,6.960599903919132,0.32239328384311366,1022.0245206889695,996.1659132930861,1,0.0,-0.010721247563352798,-0.0348958380486577,0.0015788193678627493,0.2939280642965356,0.3445178885138566,4.1,298.832,3.68,0.0,2.0
2022-12-22,997.5999755859376,997.5999755859376,997.5999755859376,997.5999755859376,0,45.80952054132592,3.4415471222434917,9.52501785663947,-6.083470734395979,7.346739085896732,0.11214557407588073,1019.6983735362998,996.2221510300607,1,0.0,-0.01714288119612062,-0.027869788488371516,-0.016658476504743613,0.30026362785231187,0.3432956167903433,4.1,298.832,3.67,1.0,2.0
2022-12-28,1029.800048828125,1029.800048828125,1029.800048828125,1029.800048828125,3920,52.184298836655366,5.996195652546135,7.704501720932803,-1.7083060683866682,7.1517682698675005,0.4917231008757217,1024.427872860392,1000.9690024143069,1,20.0,-0.012371634168824919,0.003703751294468871,0.008026696787540866,0.33932031449680594,0.343330901735078,4.1,298.832,3.88,0.0,1.0
2022-12-29,1013.2999877929688,1058.0999755859375,1010.2999877929688,1049.699951171875,3288,56.135283855063896,7.374430638936246,7.638487504533492,-0.2640568655972455,7.095856823167056,0.7656368103669574,1026.8347374614857,1002.880020012643,1,9.123196448390678,0.019324044863267664,0.03418714401169942,-0.00247087098318155,0.3292538769682024,0.33835601394394316,4.1,298.832,3.83,0.0,1.0
2022-12-30,1055.800048828125,1077.5,1052.0999755859375,1073.699951171875,361,60.38658719458011,10.284735193641382,8.16773704235507,2.116998151286312,7.338298115829773,1.0703038021056808,1031.2980911481895,1005.6572722149658,1,0.9538908706566257,0.022863676399343058,0.07628305678459979,0.005431151442284898,0.33510971987294336,0.337783012901138,4.1,298.832,3.88,0.0,1.0
2023-01-03,1078.699951171875,1092.9000244140625,1074.5,1082.0,156,61.766663374736304,13.109795532549924,9.156148740394041,3.953646792155883,8.496215155507606,1.062004311609649,1036.1268443721715,1008.6511046771241,1,0.40388349514563104,0.00773032430435161,0.03779016433596194,0.04078494171776503,0.3201206669719605,0.33778634848753536,4.33,300.42,3.79,0.0,1.0
2023-01-04,1100.0,1100.5,1080.699951171875,1080.699951171875,249,61.40580736168394,15.07005491682935,10.338929975681102,4.731124941148247,9.300399394538122,0.9671718013563979,1040.3719021626193,1011.4765496377025,1,0.6245297215951844,-0.0012015238707254738,0.03644384940969103,0.05899064299056844,0.3111542812592176,0.33770280911927114,4.33,300.42,3.69,0.0,1.0
2023-01-05,1079.0,1079.0,1059.0999755859375,1059.0999755859375,10,55.59430534818761,14.711057180656326,11.213355416676148,3.497701763980178,9.146268703573861,0.7197245760755641,1042.1555282029353,1013.3441349690058,1,0.025050100200400802,-0.019987023745596688,0.028452054154740836,0.05027761795358421,0.3176776019886907,0.33614654857517134,4.33,300.42,3.71,0.0,1.0
2023-01-06,1063.800048828125,1096.4000244140625,1063.800048828125,1092.5999755859375,95,61.655500296937475,16.934508445128813,12.35758602236668,4.576922422762133,10.089568095194837,0.9848854537530664,1046.9597612870307,1016.452207150062,1,0.23517762099269712,0.03163063050914183,0.04086884482196007,0.06647142565733288,0.3306092044667504,0.34119728567059854,4.33,300.42,3.55,0.0,1.0
2023-01-09,1093.699951171875,1093.699951171875,1086.300048828125,1086.300048828125,251,59.99696676779033,17.98098455547256,13.482265728987857,4.498718826484703,10.636876714167297,0.8755288139060979,1050.7064553385635,1019.1913381962606,1,0.602641056422569,-0.005765995697038173,0.011735213029019587,0.057123466949010604,0.3321520097777896,0.3382957197251102,4.33,300.42,3.53,0.0,1.0
2023-01-10,1078.0,1078.0,1074.5,1076.5999755859375,32,57.43511430140389,17.822166724536146,14.350245928097515,3.4719207964386314,10.950608966485591,0.7676418727215082,1053.1725048859325,1021.4426573095814,1,0.07653671370485529,-0.008929460375751375,-0.004990780419651064,0.026115159825788048,0.3275034531976383,0.33796560782881563,4.33,300.42,3.61,0.0,1.0
2023-01-11,1080.0,1091.0,1073.800048828125,1073.800048828125,69,56.682743343467116,17.27127920423868,14.934452583325749,2.336826620912932,10.927787067437864,0.720051408729036,1055.1370328804271,1023.4958883495243,1,0.16368165104969754,-0.0026007122620346212,-0.006384660549181964,0.05171405370041615,0.31025450473683375,0.33802533329067996,4.33,300.42,3.54,0.0,2.0
2023-01-12,1068.0,1074.5999755859375,1064.0,1074.5999755859375,2,56.856626243006204,16.706660299167652,15.28889412649413,1.417766172673522,11.12677355682444,0.7130136721327507,1056.9906464714281,1025.4999702019327,1,0.004743270484999408,0.0007449494518887434,0.014635067847513339,0.02157995117883904,0.2930159866292911,0.3360493550585123,4.33,300.42,3.43,0.0,2.0
2023-01-13,1067.300048828125,1067.300048828125,1049.0,1063.699951171875,18,53.69375415315359,15.204388151916874,15.27199293157868,-0.06760477966180645,11.18035465819289,0.6139404090932651,1057.6296278714708,1026.9980086713422,1,0.042598509052183174,-0.010143332087941936,-0.0264506910670248,0.011410098466419827,0.2957252117662509,0.33651819007857947,4.33,300.42,3.49,0.0,2.0
2023-01-17,1056.0,1056.0,1037.5,1037.5,8,46.93515766033842,11.764100328799941,14.570414411022933,-2.8063140822229915,11.036116945976795,0.384589182572252,1055.7125204551403,1027.4098514685445,1,0.01891476533869252,-0.024630960209230612,-0.04492317650244915,0.011011546838626263,0.29617209018468443,0.3350102213465208,4.33,300.42,3.53,0.0,2.0
2023-01-18,1052.699951171875,1052.699951171875,1034.5,1034.5,27,46.217780914996155,8.695338070474008,13.39539914291315,-4.700061072439141,10.627553986026756,0.3438250377945617,1053.6922804117935,1027.6878965089938,1,0.06363422106999764,-0.0028915662650602636,-0.03910456672918339,0.021224086870681225,0.2922210226569435,0.324693300899159,4.33,300.42,3.37,0.0,2.0
2023-01-19,1042.0,1042.0,1014.0,1032.0,22,45.59239960041016,5.992514784657715,11.914822271262063,-5.922307486604348,9.807604447205634,0.2916780024967574,1051.6263489440037,1027.8569986066805,1,0.051716031969910675,-0.0024166263895601947,-0.03892721822255718,0.03127809274623372,0.28836575465585795,0.3208368770475124,4.33,300.42,3.39,0.0,2.0
2023-01-20,1028.5,1044.199951171875,1028.5,1038.0999755859375,8,47.46047634492916,4.293235165478791,10.390504850105408,-6.0972696846266174,9.606481684001196,0.34170204908733015,1050.338122909902,1028.258683978416,1,0.018788163457022077,0.005910829056140932,-0.03396612770263463,0.01179334852430558,0.2754725281219835,0.3204203821942326,4.33,300.42,3.48,0.0,2.0
2023-01-23,1046.699951171875,1046.699951171875,1046.0,1046.699951171875,1,50.06366482138872,3.5990029161057464,9.032204463305476,-5.4332015471997295,9.002929644973632,0.4051501219454122,1049.9916303634234,1028.9818709271792,1,0.002348244687096395,0.00828434234485309,-0.015981950531511413,0.031231478987068906,0.2733327489030482,0.3200802972827718,4.33,300.42,3.52,0.0,2.0
2023-01-24,1057.699951171875,1057.699951171875,1057.699951171875,1057.699951171875,2,53.2540534621837,3.891567359860801,8.004077042616542,-4.112509682755741,7.4315260694336915,0.48703553590929005,1050.7257561547044,1030.1080701524613,1,0.004695386782486207,0.010509219941860604,0.019469832454819258,0.06024456401037681,0.2656171732336777,0.308035261312616,4.33,300.42,3.46,0.0,2.0
2023-01-25,1040.4000244140625,1041.0,1035.199951171875,1037.0,14,47.149357711662475,2.425158014506451,6.8882932369945244,-4.463135222488074,7.5338436750868665,0.2311304517524252,1049.4185412828278,1030.3783419111883,1,0.03281378178835111,-0.019570721497094268,0.0024166263895601947,-0.005371164125330341,0.2283979485603119,0.31090952961725343,4.33,300.42,3.46,0.0,2.0
2023-01-26,1013.5999755859376,1013.5999755859376,1013.5999755859376,1013.5999755859376,4,41.375264269139265,-0.6180439388388095,5.387025801827858,-6.005069740666667,8.320777251895137,0.006704691213575025,1046.0072493116954,1029.7203667611784,1,0.009370973409862949,-0.022565115153387105,-0.01782948102137827,-0.02790829284419971,0.24199675517056543,0.3082886850431983,4.33,300.42,3.49,0.0,2.0
2023-01-27,1007.4000244140624,1007.4000244140624,1007.4000244140624,1007.4000244140624,0,39.97828852064384,-3.489858737206532,3.61164889402098,-7.101507631227513,9.03007169297744,-0.008309551202271816,1042.330370750016,1028.8450592181543,1,0.0,-0.006116763339789166,-0.029573212497714496,-0.021751819141544004,0.23920048417599396,0.3055580014654392,4.33,300.42,3.52,1.0,2.0
2023-01-30,1011.4000244140624,1011.4000244140624,1011.4000244140624,1011.4000244140624,0,41.354048056712294,-5.380997297327212,1.8131196557513418,-7.194116953078554,9.760944614927292,0.08639351552298329,1039.3846234799253,1028.1609402062293,1,0.0,0.003970617334783766,-0.0337249722026749,-0.03648654714621535,0.22797158177098736,0.3026779031582735,4.33,300.42,3.55,1.0,2.0
2023-01-31,1012.0,1012.0,1012.0,1012.0,0,41.57038240096202,-6.753475355553974,0.09980065349027875,-6.853276009044253,10.21666061754746,0.13800491640153106,1036.7765641008848,1027.5271778452006,1,0.0,0.0005932129438945832,-0.04320691432503321,-0.057464798340107426,0.2092633191780174,0.30267698399425824,4.33,300.42,3.52,0.0,2.0
2023-02-01,992.5999755859376,992.5999755859376,992.5999755859376,992.5999755859376,0,36.83841495480607,-9.299396290550703,-1.7800387353179177,-7.519357555232785,10.95787488485053,0.03084102196280993,1032.569269956604,1026.157483638955,1,0.0,-0.019169984598875867,-0.04281583839350278,-0.08262479151022406,0.21298952687587025,0.2995301375876366,4.57,301.45,3.39,1.0,2.0
2023-02-02,1023.5,1023.5,1023.5,1023.5,0,47.1563296468348,-8.723128451143566,-3.1686566784830474,-5.554471772660518,10.711565815846672,0.3207623733297706,1031.705529960737,1026.05326859429,1,0.0,0.031130390060529534,0.009767190856865726,-0.0529286145611918,0.24653707402583977,0.295877836467482,4.57,301.45,3.4,0.0,2.0
2023-02-03,971.7999877929688,971.7999877929688,971.7999877929688,971.7999877929688,0,36.432605184992035,-12.29644518093096,-4.99421437897263,-7.30223080195833,12.215074516751983,-0.030742489257197424,1026.0002402304733,1023.9256889550227,1,0.0,-0.05051295770105646,-0.03533853063166226,-0.08242846738304455,0.2967524418333778,0.3090142861777489,4.57,301.45,3.53,1.0,2.0
2023-02-06,966.0999755859376,966.0999755859376,966.0999755859376,966.0999755859376,1,35.47476081468126,-15.410623704477075,-7.077496244073519,-8.333127460403556,12.793456461407393,-0.00512143814716656,1020.2954531214699,1021.6580139209409,-1,0.04357298474945534,-0.005865417039134013,-0.04478944802712315,-0.11577887866248637,0.26556717080111114,0.30466300404324353,4.57,301.45,3.63,1.0,2.0
2023-02-07,977.7000122070312,977.7000122070312,977.7000122070312,977.7000122070312,0,38.990146375341844,-16.74952847304303,-9.011902689867421,-7.7376257831756075,12.740834715029498,0.12021004655009576,1016.2387444629519,1019.9341707164739,-1,0.0,0.012007076818378204,-0.0338932685701272,-0.09997241253763078,0.27323120006660173,0.30394251736368344,4.57,301.45,3.67,1.0,2.0
2023-02-08,978.7000122070312,978.7000122070312,978.7000122070312,978.7000122070312,0,39.29717408571607,-17.527878038466042,-10.715097759587145,-6.812780278878897,12.643890345793944,0.16106248198939976,1012.6636271052452,1018.3171448925742,-1,0.0,0.0010228086197345831,-0.014003590288928947,-0.09093439123071168,0.2737366392857507,0.2804916254692985,4.57,301.45,3.63,1.0,2.0
2023-02-09,957.9000244140624,957.9000244140624,957.9000244140624,957.9000244140624,0,35.31611785549177,-19.59720646165863,-12.491519500001443,-7.105686961657186,12.979326915633221,0.05423494658522836,1007.4480458965611,1015.9478460502796,-1,0.0,-0.02125266939157744,-0.06409377194522481,-0.10793445627102394,0.2798909194518247,0.2819304178532359,4.57,301.45,3.67,1.0,2.0
2023-02-10,957.5,967.5,945.5999755859376,945.5999755859376,2,33.17576037301568,-21.976345657438856,-14.388484731488926,-7.587860925949929,13.32278031298384,0.019490397551043953,1001.5577534860255,1013.1891060320702,-1,0.3738317757009346,-0.012840639434839374,-0.026960292792895912,-0.12004467051068113,0.27991492587346817,0.282824163490004,4.57,301.45,3.74,2.0,2.0
2023-02-13,953.2999877929688,953.2999877929688,953.2999877929688,953.2999877929688,0,35.79892135655189,-22.97565492927049,-16.10591877104524,-6.869736158225251,13.3314921955801,0.11586074649582573,996.9617758009724,1010.8405131599486,-1,0.0,0.008142991122921606,-0.013249133750578679,-0.10378863255307946,0.28412804611411085,0.2829387586090218,4.57,301.45,3.72,1.0,2.0
2023-02-14,933.0999755859376,933.0999755859376,933.0999755859376,933.0999755859376,0,32.22512034194702,-25.108155703724833,-17.90636615758116,-7.201789546143672,14.41367306826071,0.03886894217349868,990.8796995900167,1007.7918646276345,-1,0.0,-0.021189565158599377,-0.04561730189653457,-0.10062652955572282,0.28118837205971736,0.28577670813869127,4.57,301.45,3.77,2.0,2.0
2023-02-15,911.7000122070312,911.7000122070312,911.7000122070312,911.7000122070312,0,28.930111286925424,-28.199905176002403,-19.96507396126541,-8.234831214736992,16.026543900603066,-0.013137230905306833,983.3387769821134,1004.0235566895716,-1,0.0,-0.022934266358187738,-0.06845815792819976,-0.11870467645526217,0.2880374264454151,0.2853846772782386,4.57,301.45,3.81,2.0,2.0
2023-02-16,903.4000244140624,925.0999755859376,903.4000244140624,925.0999755859376,1,33.51433048636815,-29.231906627748685,-21.81844049456207,-7.413466133186617,16.76195323179506,0.11990487747582514,977.7922244681919,1000.9285142933506,-1,0.6060606060606061,0.014697776899736947,-0.03424162020268062,-0.10358529497486668,0.2972717996325627,0.28725007183317536,4.57,301.45,3.86,2.0,2.0
2023-02-17,915.0,915.5,915.0,915.5,1,31.92553107169155,-30.473137650898252,-23.549379925829307,-6.9237577250689455,17.35322638527353,0.11019941689204411,971.8596316616974,997.5783764779252,-1,0.7692307692307692,-0.010377230395944181,-0.03183161628920972,-0.1181003549458115,0.29463311705752987,0.2876614083702151,4.57,301.45,3.82,2.0,2.0
2023-02-21,942.7000122070312,942.7000122070312,942.7000122070312,942.7000122070312,0,40.5282008773711,-28.928538331712048,-24.625211607005856,-4.303326724706192,16.65901082597371,0.2909188875659921,969.0825250469674,995.4262837614195,-1,0.0,0.029710554021880053,-0.0111192444368724,-0.09935983932014747,0.3169963835517546,0.2939562003284787,4.57,301.45,3.95,2.0,2.0
2023-02-22,947.4000244140624,947.4000244140624,947.4000244140624,947.4000244140624,0,41.89460763245556,-27.01378246874924,-25.102925779354536,-1.9108566893947057,15.073031345582288,0.3373866462646756,967.0175249866907,993.5429010419153,-1,0.0,0.004985692315869983,0.015325312616308873,-0.10428281351020785,0.3139816608910221,0.2941935135023444,4.57,301.45,3.93,2.0,2.0
2023-02-23,939.5999755859376,939.5999755859376,939.5999755859376,939.5999755859376,0,40.24213982297191,-25.827994363329708,-25.247939496149574,-0.5800548671801344,14.032067945213408,0.3028343940377133,964.4063298056666,991.4274922005045,-1,0.0,-0.008233110224953655,0.030602131189366277,-0.09392480657093771,0.3096797304523504,0.29412383848678075,4.57,301.45,3.88,2.0,2.0
2023-02-24,902.0,902.0,902.0,902.0,0,33.40255822258651,-27.604050232168902,-25.71916164335344,-1.8848885888154605,14.50193749864085,0.07829753485979589,958.4628698241745,987.9205317220534,-1,0.0,-0.040017003579092436,-0.0249702477522028,-0.11010258314324084,0.32945686114307493,0.3039446275232622,4.57,301.45,3.95,2.0,2.0
2023-02-27,941.5999755859376,941.5999755859376,941.5999755859376,941.5999755859376,0,44.165752420024305,-25.521998513068866,-25.679729017296527,0.15773050422766133,13.931252406835412,0.38106009755391346,956.8568798967234,986.1040393245587,-1,0.0,0.0439024119578022,0.028508984801679516,-0.06531670362664155,0.37218971308018367,0.31738302310625965,4.57,301.45,3.92,2.0,1.0
2023-02-28,955.2000122070312,955.2000122070312,955.2000122070312,955.2000122070312,0,47.314956567817944,-22.515009219064837,-25.04678505765019,2.5317758385853537,12.974884241630868,0.5044000710839524,956.6990829738955,984.8921166924988,-1,0.0,0.014443539691715301,0.013259785550161718,-0.05556655215584916,0.3766996983542753,0.3125254019141598,4.57,301.45,3.92,2.0,2.0
2023-03-01,961.5,961.5,961.5,961.5,0,48.756808393324356,-19.39996149561614,-23.917420345243382,4.517458849627243,11.811456518478945,0.5833182397451909,957.1563131668579,983.9747787829891,-1,0.0,0.0065954645230923425,0.014882811085695336,-0.04990118577075098,0.3780224062616362,0.31115078494169235,4.65,301.821,4.01,2.0,2.0
2023-03-02,962.9000244140624,962.9000244140624,962.9000244140624,962.9000244140624,0,49.090246222874704,-16.626631998395055,-22.459262675873717,5.832630677478662,11.228744869212733,0.6148060206558816,957.7033332856392,983.148317827345,-1,0.0,0.0014560836339703176,0.024797838903300118,-0.029921370040678408,0.3729417846601939,0.30677158458077264,4.65,301.821,4.08,2.0,2.0
2023-03-03,977.2000122070312,977.2000122070312,977.2000122070312,977.2000122070312,0,52.49073796531265,-13.12357844303176,-20.592125829305328,7.468547386273567,9.208928162518621,0.8305813979224674,959.5601598495814,982.9150509402739,-1,0.0,0.014850957971125345,0.08337030178163118,-0.045236920168997274,0.3587401122765229,0.30635385240744617,4.65,301.821,3.97,2.0,2.0
2023-03-06,976.0999755859376,976.0999755859376,976.0999755859376,976.0999755859376,0,52.20188087034785,-10.31721657378273,-18.53714397820081,8.21992740441808,9.312183910296158,0.8119540129272742,961.135380395901,982.6477930832411,-1,0.0,-0.001125702627253533,0.03663976305705763,0.004424766255384016,0.30738468800207136,0.3054648965267448,4.65,301.821,3.98,2.0,2.0
2023-03-07,933.4000244140624,933.4000244140624,933.4000244140624,933.4000244140624,0,42.43913832614633,-11.407188803053145,-17.111152943171277,5.703964140118131,9.264790147772597,0.34600369737924164,958.4939179214402,980.716508037391,-1,0.0,-0.04374546894773057,-0.022822432489923328,-0.033847378116372284,0.3461082835636389,0.3166091786614495,4.65,301.821,3.97,2.0,1.0
2023-03-08,938.0999755859376,938.0999755859376,938.0999755859376,938.0999755859376,0,43.68750201862976,-11.756234315943857,-16.040169217725794,4.283934901781937,8.814498223343675,0.41799790515841073,956.5516376990114,979.0452714706673,-1,0.0,0.005035302173712175,-0.024336998870579718,-0.04050325879786143,0.34334923444416804,0.3167591906151782,4.65,301.821,3.98,2.0,1.0
2023-03-09,946.7999877929688,946.7999877929688,946.7999877929688,946.7999877929688,0,46.02121862975895,-11.201710774588605,-15.072477529098357,3.870766754509752,8.20244335589549,0.5447809010630129,955.6229091365311,977.7807505421301,-1,0.0,0.00927407785251999,-0.016720361629329772,-0.03259428222763161,0.34555834782238803,0.3141536036202391,4.65,301.821,3.93,2.0,2.0
2023-03-10,959.7000122070312,959.7000122070312,959.7000122070312,959.7000122070312,0,49.37159012980168,-9.610538408307093,-13.980089704940106,4.369551296633013,8.232022484690244,0.7095595597194583,956.0112046670549,977.0717019799695,-1,0.0,0.013624867533144958,-0.017908309231879582,0.001879097762911064,0.34124029709118037,0.3110980643450583,4.65,301.821,3.7,2.0,2.0
2023-03-13,1002.5,1002.5,1002.5,1002.5,0,58.561507976951034,-4.840127546302028,-12.15209727321249,7.311969726910462,9.85140305092294,1.1031911195917254,960.4387089844782,978.0688901376178,-1,0.0,0.04459725669330905,0.027046434867714186,0.06017346222836406,0.3704278867334269,0.31815770629370554,4.65,301.821,3.55,2.0,2.0
2023-03-14,994.9000244140624,994.9000244140624,994.9000244140624,994.9000244140624,2,56.59695544352055,-1.653733868722611,-10.052424592314516,8.398690723591905,10.791271309668511,0.9548609489086499,963.720739025391,978.728934619047,-1,10.0,-0.007581023028366718,0.06588814912299412,0.04363792841055614,0.37170817214909524,0.3184600249965468,4.65,301.821,3.64,2.0,2.0
2023-03-15,967.9000244140624,967.9000244140624,967.5999755859376,967.9000244140624,2,50.15915044506944,-1.292271769551121,-8.300394027761838,7.008122258210717,10.808095899738811,0.6734405003014231,964.1187662052645,978.3042714737535,-1,6.666666666666667,-0.027138405203981586,0.03176638908823293,0.037295091349961895,0.377417456897202,0.31945686085982916,4.65,301.821,3.51,2.0,1.0
2023-03-16,974.7000122070312,974.7000122070312,974.7000122070312,974.7000122070312,0,51.650787639338695,-0.45189905572340194,-6.730695033354151,6.278795977630749,10.327333300892093,0.7179914512440464,965.1265039197184,978.1629279730978,-1,0.0,0.007025506376121093,0.029467706774161107,0.06910167725838945,0.3658998810076671,0.3188791671956113,4.65,301.821,3.56,2.0,1.0
2023-03-17,976.7000122070312,976.7000122070312,976.7000122070312,976.7000122070312,0,52.10480893495958,0.3712066209874365,-5.310314702485834,5.68152132347327,10.138955973652052,0.7154573463179191,966.2287428042243,978.1055587273697,-1,0.0,0.0020519133835561476,0.017713868692056156,0.0557777948144591,0.36348583534825474,0.3180066428184862,4.65,301.821,3.39,2.0,2.0
2023-03-20,994.9000244140624,994.9000244140624,994.9000244140624,994.9000244140624,0,56.14100166673942,2.463712536680873,-3.755509254652493,6.219221791333366,9.917524360159561,0.8688515088887662,968.9593410527804,978.7641652248872,-1,0.0,0.018634188573321442,-0.007581023028366718,0.08672859029389657,0.3640961748867146,0.3160632786162709,4.65,301.821,3.47,2.0,2.0
2023-03-21,974.7999877929688,974.7999877929688,974.7999877929688,974.7999877929688,0,51.0266895113029,2.471642027502412,-2.510078998221512,4.981721025723925,9.849128118406139,0.6415685019689766,969.5155931232745,978.6087072863805,-1,0.0,-0.020203071794004046,-0.020203071794004046,0.034051103394796556,0.3613390558173097,0.3180096699876499,4.65,301.821,3.59,2.0,1.0
2023-03-22,985.0999755859376,985.0999755859376,985.0999755859376,985.0999755859376,0,53.370859131731294,3.27133917869628,-1.3537953628379538,4.6251345415342335,9.958384239772743,0.7274640672072565,970.9998200244805,978.8632668275396,-1,0.0,0.010566257613819685,0.0177703799339064,0.03979306544264816,0.36254225317320865,0.31690674554399206,4.65,301.821,3.48,2.0,2.0
2023-03-23,991.0,991.0,991.0,991.0,0,54.70822637333609,4.331259530426337,-0.2167843841850957,4.548043914611433,9.964452651992326,0.7613212959618486,972.9045990697681,979.3392171480283,-1,0.0,0.005989264602867417,0.016723081552097563,0.054704156821640204,0.3607380791584409,0.3034727927182183,4.65,301.821,3.38,2.0,2.0
2023-03-24,982.0,982.0,982.0,982.0,0,52.24658620335478,4.394373657503479,0.7054472241526193,3.6889264333508596,7.9558643150624375,0.6574650696458536,973.7708277297902,979.4435615735958,-1,0.0,-0.00908173562058523,0.005426423391756252,0.08869179600886912,0.3258941151243938,0.303938362508882,4.65,301.821,3.38,2.0,2.0
2023-03-27,975.2000122070312,975.2000122070312,975.2000122070312,975.2000122070312,0,50.40129899300429,3.8512945467144846,1.3346166886649924,2.5166778580494924,7.488460178810014,0.5504450071952179,973.9069405371465,979.2771478729463,-1,0.0,-0.006924631153735983,-0.01980099680732572,0.03568398204363277,0.2938298910158026,0.30326169677920367,4.65,301.821,3.53,2.0,2.0
2023-03-28,961.5,961.5,961.5,961.5,0,46.81390998623585,2.289037351698198,1.5255008212716337,0.7635365304265644,7.390348222901791,0.35596475834203045,972.7253271526564,978.5800048191053,-1,0.0,-0.014048412669751653,-0.01364381202248588,0.0065954645230923425,0.29504233060259205,0.30153090445469655,4.65,301.821,3.55,2.0,2.0
2023-03-29,963.5999755859376,963.5999755859376,963.5999755859376,963.5999755859376,3892,47.431556277877135,1.206480196057214,1.4616966962287499,-0.25521650017153585,7.367020059724753,0.3833856150254467,971.8562460510641,977.9925526923145,-1,19.979466119096507,0.0021840619718540566,-0.021825195952534404,0.0021840619718540566,0.29422005502482096,0.29744504635228247,4.65,301.821,3.57,2.0,2.0
2023-03-30,967.5,987.7000122070312,962.0,985.2000122070312,892,53.42308223035215,2.067653662738394,1.5828880895306787,0.4847655732077152,7.3979684382990785,0.6685721411539829,973.1270809230609,978.2751981634799,-1,3.725981620718463,0.022415978796553215,-0.005852661748707133,0.023159193298949887,0.3044847108460086,0.30087748060406144,4.65,301.821,3.55,2.0,2.0
2023-03-31,984.2000122070312,997.0,979.4000244140624,994.0999755859376,37,55.665283902466406,3.4287678031821542,1.952064032260974,1.4767037709211803,7.622486542309975,0.7719695539315008,975.1244994623826,978.895777670243,-1,0.1533678756476684,0.009033661458213826,0.01232176739912183,0.01729427258267968,0.30175141133300126,0.3016540440502449,4.65,301.821,3.48,2.0,2.0
2023-04-03,985.0,989.2000122070312,985.0,986.9000244140624,11,53.42464641454718,3.8817384145689857,2.3379989087225765,1.5437395058464092,7.7051946802117675,0.6658161850976068,976.2459780292093,979.2096696994124,-1,0.045492142266335814,-0.00724268317945731,0.011997551333651213,0.011064490419274486,0.3030718909554186,0.29936869272207095,4.83,302.845,3.43,2.0,2.0
2023-04-04,986.0999755859376,1021.0,986.0999755859376,1018.7000122070312,24,60.90888050615717,6.729144746979955,3.2162280763740525,3.5129166706059025,7.622009201142328,1.0360082721626003,980.289219379478,980.7583105820642,-1,0.09876543209876543,0.03222209647005436,0.059490392311004836,0.09138631407955611,0.2714097294042286,0.2996351562179925,4.83,302.845,3.35,2.0,2.0
2023-04-05,1016.7999877929688,1023.2000122070312,996.0,997.5,13,54.608779483525836,7.192164178969165,4.011415296893075,3.18074888207609,6.746496455350035,0.7387913783943875,981.9283413433373,981.4148474219833,1,0.05335522265544839,-0.020810849075284743,0.03518059907945603,0.0633195032085585,0.2859480849493361,0.30225631070278647,4.83,302.845,3.3,2.0,2.0
2023-04-06,999.4000244140624,1006.9000244140624,999.4000244140624,1006.9000244140624,0,56.745162584632325,8.222826203684008,4.853697478251262,3.3691287254327458,6.2412113619217005,0.861393642368425,984.3065968738825,982.414266127555,1,0.0,0.009423583372493605,0.022025996689158722,0.06347701457114452,0.2859908968617122,0.3026381027553257,4.83,302.845,3.3,2.0,2.0
2023-04-10,993.0999755859376,993.0999755859376,993.0999755859376,993.0999755859376,0,52.815081147426426,7.83575892389581,5.450109767380172,2.3856491565156377,5.81452742826376,0.6175190333100743,985.1440615131258,982.8333135572956,1,0.0,-0.01370548067684807,-0.0010059350413026413,0.03480250385961359,0.2891770876186462,0.3037411376534191,4.83,302.845,3.41,2.0,2.0
2023-04-11,996.5,996.5,995.5999755859376,995.5999755859376,2,53.44413978436409,7.642634885043094,5.888614790912757,1.754020094130337,5.6896223026051285,0.6708535237075388,986.1398628533937,983.3339669701835,1,0.008205128205128205,0.0025173699138649752,0.008815433130666461,-0.006882817370635785,0.24331596060867922,0.3038137084772499,4.83,302.845,3.43,2.0,2.0
2023-04-12,1018.0,1018.0,1018.0,1018.0,0,58.750532952911946,9.191127857604556,6.549117404251117,2.642010453353439,6.3108983656131015,0.994869140096897,989.1741616292609,984.6934192458626,1,0.0,0.02249902065423348,-0.0006871622643006559,0.023218388801972578,0.2543279806147804,0.30700332325804947,4.83,302.845,3.41,1.0,2.0
2023-04-13,1043.0,1056.0999755859375,1043.0,1056.0999755859375,5,65.87508464071641,13.338906696437107,7.907075262688315,5.431831433748791,8.482151231047931,1.2671149263345767,995.5480486727539,987.4936763572381,1,0.02050861361771944,0.03742630214728626,0.058746842692669166,0.09112506348501093,0.26048844870957033,0.31221077189684543,4.83,302.845,3.45,1.0,2.0
2023-04-14,1044.5999755859375,1044.5999755859375,1044.5999755859375,1044.5999755859375,1,62.37325179025969,15.519201721773811,9.429500554505415,6.089701167268396,9.480432435998168,1.024977070939669,1000.2196607597238,989.7331390720891,1,0.004100881689563256,-0.01088912060017766,0.03744160319572298,0.07171433518363313,0.2658131768781661,0.3129976424488569,4.83,302.845,3.52,1.0,2.0
2023-04-17,1050.4000244140625,1050.4000244140625,1050.4000244140625,1050.4000244140625,0,63.42916351688497,17.513235033078672,11.046247450220067,6.466987582858605,10.43448120959374,0.9955123218575017,1004.9987430125179,992.1122326149116,1,0.0,0.005552411414591063,0.057698167593164484,0.07545818704403695,0.2658555034818781,0.3131420717289281,4.83,302.845,3.6,1.0,2.0
2023-04-18,1086.5,1087.9000244140625,1086.5,1087.9000244140625,1,69.40692242324724,21.86738380936515,13.210474722049085,8.656909087316066,12.940375901941822,1.1506989891678039,1012.8941031459984,995.8686166070352,1,0.004100041000410004,0.03570068462338272,0.09270796614253007,0.09347672903593662,0.28406324990283277,0.3209846575831345,4.83,302.845,3.58,0.0,1.0
2023-04-19,1062.300048828125,1096.699951171875,1062.300048828125,1096.699951171875,1,70.6205344334749,25.731541437456485,15.714688065130566,10.016853372325919,14.882830041494929,1.0803598574742064,1020.8756124817962,999.8227865899701,1,0.004099200655872105,0.008088911260528908,0.07730839997237227,0.12505125657100002,0.2685451893825305,0.32096563671280587,4.83,302.845,3.6,0.0,1.0
2023-04-20,1098.699951171875,1101.699951171875,1098.699951171875,1098.699951171875,3,70.90304832794956,28.62532258268527,18.29681496864151,10.328507614043762,16.466664800409585,0.9995896417085387,1028.2874542618038,1003.7003224559271,1,0.012290045063498567,0.0018236528577053601,0.040337067106078095,0.11531821987749824,0.2683338876650955,0.3203409881844295,4.83,302.845,3.54,0.0,1.0
2023-04-21,1129.800048828125,1129.800048828125,1129.800048828125,1129.800048828125,0,74.93871826641313,33.04723500143791,21.246898975200793,11.800336026237119,18.87375867771558,1.0581522533782783,1037.9553204109773,1008.6454097646408,1,0.0,0.02830627017237841,0.08156239252676323,0.14006059417570627,0.27994387494588313,0.3222696053327025,4.83,302.845,3.57,0.0,1.0
2023-04-24,1088.800048828125,1088.800048828125,1088.800048828125,1088.800048828125,0,62.60998316234282,32.864434360843006,23.570406052329236,9.29402830851377,19.227367624185774,0.8104715809166946,1042.7976754983247,1011.788728943601,1,0.0,-0.03628960721193708,0.03655752429697712,0.1087576871976832,0.3157741878012009,0.32806570975538285,4.83,302.845,3.52,0.0,1.0
2023-04-25,1089.300048828125,1089.300048828125,1089.300048828125,1089.300048828125,0,62.69059548028805,32.38657705711944,25.333640253287278,7.052936803832161,19.207428492236758,0.7828488373409811,1047.2264729583057,1014.8283885469157,1,0.0,0.0004592211403169344,0.0012869053981467982,0.1170016767769182,0.31308942291706227,0.3277147091881898,4.83,302.845,3.4,0.0,1.0
2023-04-26,1097.0999755859375,1097.0999755859375,1097.0999755859375,1097.0999755859375,0,63.99471444838003,32.26532601001486,26.719977404632797,5.545348605382063,18.696688458954096,0.7939266050658078,1051.9763303514135,1018.054725293544,1,0.0,0.007160494269878859,0.00036475283292847216,0.14102961579400675,0.3043379472212985,0.3278891246119685,4.83,302.845,3.43,0.0,1.0
2023-04-27,1091.300048828125,1091.300048828125,1091.300048828125,1091.300048828125,0,62.252223892618936,31.33996050798487,27.643974025303212,3.6959864826816577,17.77714254116569,0.7417365529666792,1055.7214463968146,1020.9270909223511,1,0.0,-0.005286598201512893,-0.00673514396342445,0.13252394819181745,0.306925478755537,0.32817001200034746,4.83,302.845,3.53,0.0,1.0
2023-04-28,1088.199951171875,1088.199951171875,1088.199951171875,1088.199951171875,0,61.29157506254773,30.010507261645216,28.117280672571614,1.8932265890736026,17.1679603364014,0.7033860512780109,1058.8146373277727,1023.5652423046854,1,0.0,-0.0028407381265849185,-0.03682076107130583,0.10454723679317124,0.30250003856922203,0.32547370458016883,4.83,302.845,3.44,0.0,1.0
2023-05-01,1062.800048828125,1062.800048828125,1062.800048828125,1062.800048828125,0,53.946229402901615,26.60070971915252,27.813966481887796,-1.213256762735277,16.382117513223356,0.5455972980289514,1059.1942003278064,1025.1038621683497,1,0.0,-0.023341208861842877,-0.023879499296481255,0.06910781101437458,0.3184767853414254,0.3237321920254819,5.06,303.334,3.59,0.0,1.0
2023-05-02,1076.4000244140625,1076.4000244140625,1076.4000244140625,1076.4000244140625,0,56.92301477150271,24.710972264292423,27.193367638368724,-2.482395374076301,15.282849842958765,0.6050303672245085,1060.832850240783,1027.115476374064,1,0.0,0.012796363343164252,-0.01184248952154221,0.09068801072645383,0.31754516314620146,0.30557292462812335,5.06,303.334,3.44,0.0,1.0
2023-05-03,1059.9000244140625,1059.9000244140625,1059.9000244140625,1059.9000244140625,0,52.49009203207463,21.63256289351284,26.081206689397547,-4.448643795884706,14.84250743630703,0.4901300245110657,1060.7440096858572,1028.4011449246523,1,0.0,-0.015328873676848653,-0.03390753076264297,0.040443714256732655,0.3075958221689591,0.3072115317470073,5.06,303.334,3.38,0.0,1.0
2023-05-04,1048.4000244140625,1048.4000244140625,1048.4000244140625,1048.4000244140625,0,49.59136758390522,18.05679984924359,24.476325321366758,-6.419525472123169,13.80697342608132,0.3938099148190056,1059.5683920409244,1029.1854147085508,1,0.0,-0.010850079946320812,-0.039310934201945646,0.05102759339755636,0.2995455305445999,0.30747849976816594,5.06,303.334,3.37,0.0,1.0
2023-05-05,1066.4000244140625,1066.4000244140625,1066.4000244140625,1066.4000244140625,0,53.88415261168089,16.485398035651087,22.878139864223627,-6.3927418285725395,12.86297067679458,0.495810535749817,1060.2190236955091,1030.6448111675904,1,0.0,0.01716901905840751,-0.020033015747093486,0.059092261949863945,0.3030857442648745,0.3091909512127785,5.06,303.334,3.44,0.0,1.0
2023-05-08,1088.800048828125,1088.800048828125,1088.800048828125,1088.800048828125,0,58.608150820545724,16.853271519164537,21.67316619521181,-4.819894676047273,11.229460470092363,0.6415839899747483,1062.9410260890916,1032.9254087229056,1,0.0,0.0210052737258426,0.024463679719123332,0.09636499405381982,0.3027198562800265,0.30794494832114033,5.06,303.334,3.52,0.0,1.0
2023-05-09,1117.0999755859375,1117.0999755859375,1117.0999755859375,1117.0999755859375,0,63.6714040411497,19.206975425455994,21.17992804126065,-1.9729526158046546,9.685751154397511,0.8761141137400811,1068.0990212792674,1036.226372129299,1,0.0,0.025991849273217627,0.03781117637379272,0.12203696562818189,0.31162277188042864,0.31003122584132675,5.06,303.334,3.53,0.0,1.0
2023-05-10,1122.199951171875,1122.199951171875,1122.199951171875,1122.199951171875,0,64.51384833303186,21.238998185953278,21.191742070199176,0.04725611575410227,8.84402498991354,0.9087804710299346,1073.2514907928492,1039.5978850329295,1,0.0,0.004565370779157307,0.05877905964975638,0.10235751588592823,0.305471333560342,0.3098556318083341,5.06,303.334,3.43,0.0,1.0
2023-05-11,1108.0999755859375,1108.0999755859375,1108.0999755859375,1108.0999755859375,0,60.347219720213495,21.464214567681893,21.24623656969572,0.21797799798617135,8.7325712897114,0.7368549504994756,1076.5703941064767,1042.2842415252044,1,0.0,-0.01256458403087024,0.05694386663644013,0.049237762713846944,0.28686787960078053,0.3074491117168652,5.06,303.334,3.39,0.0,1.0
2023-05-12,1070.0999755859375,1070.0999755859375,1070.0999755859375,1070.0999755859375,0,50.820919192618575,18.36472068364924,20.669933392486428,-2.305212708837189,8.12939248844119,0.3096419987688451,1075.9541637711873,1043.3750546256254,1,0.0,-0.034292934606289904,0.0034695715371049207,0.024411258468292063,0.313048336490199,0.3125747529874274,5.06,303.334,3.46,0.0,1.0
2023-05-15,1077.800048828125,1077.800048828125,1077.800048828125,1077.800048828125,0,52.45862063997865,16.341308575209723,19.80420842903109,-3.462899853821366,7.564409799578647,0.37257515034016236,1076.1299623480386,1044.7250543982725,1,0.0,0.007195657805684208,-0.01010286508697289,0.026085323474118294,0.31340142090610446,0.3117347901381131,5.06,303.334,3.5,0.0,1.0
2023-05-16,1070.0,1070.0,1070.0,1070.0,0,50.61970795156661,13.947562332163443,18.63287920965756,-4.685316877494117,7.71157651454995,0.2925592331311082,1075.5461564101302,1045.7162287355952,1,0.0,-0.0072370091619552435,-0.04216272188282233,-0.01645374024483859,0.2878494961792025,0.3112386787335292,5.06,303.334,3.54,0.0,1.0
2023-05-17,1085.699951171875,1085.699951171875,1085.699951171875,1085.699951171875,0,54.10691070866437,13.16559129696725,17.5394216271195,-4.3738303301522485,7.675983096880981,0.4862745952539236,1076.5131844826774,1047.2842178507435,1,0.0,0.014672851562500089,-0.03252539795772069,-0.010030090717379925,0.2914202215700531,0.30728776924046297,5.06,303.334,3.57,0.0,1.0
2023-05-26,1031.199951171875,1031.199951171875,1031.199951171875,1031.199951171875,75,42.07023896305819,-3.223551648886996,5.886104422080549,-9.109656070967546,9.36738561949636,0.09940218421577175,1063.184398517398,1048.4654832534231,1,20.0,0.0017485202206373174,-0.04412318826640471,-0.05238007954201529,0.2794020659934441,0.2949089597084261,5.06,303.334,3.8,0.0,1.0
2023-05-30,1030.0,1030.0,1030.0,1030.0,75,41.808003132155484,-5.276117240419808,3.6536600895804776,-8.929777330000285,9.955298954851678,0.12661374963024982,1060.023979610979,1047.7413466552498,1,10.0,-0.0011636454894236037,-0.046649410658238466,-0.03086191881934075,0.26824079696047215,0.2935746106331476,5.06,303.334,3.69,0.0,1.0
2023-05-31,1007.0999755859376,1007.0999755859376,1007.0999755859376,1007.0999755859376,75,37.060305012600566,-8.65090855752419,1.192746360159544,-9.843654917683734,11.197494932378852,0.004182784482673595,1054.9835982752609,1046.1475673976297,1,6.666666666666667,-0.022233033411711012,-0.05053264641590627,-0.06438131480519826,0.27244914807329806,0.29743465041685285,5.06,303.334,3.64,0.0,1.0
2023-06-01,1018.2000122070312,1018.2000122070312,1018.2000122070312,1018.2000122070312,75,40.5824831684766,-10.31091696944145,-1.1079863057606547,-9.202930663680796,11.887590236448457,0.13627252891081354,1051.4803996020962,1045.0515848411358,1,5.0,0.011021782236302347,-0.013945345457455738,-0.03934334488772562,0.2729938269654777,0.282782167742295,5.08,304.014,3.61,0.0,1.0
2023-06-02,1011.5999755859376,1011.5999755859376,1011.5999755859376,1011.5999755859376,75,39.178564897044666,-12.020488681094093,-3.290486780827343,-8.73000190026675,12.616433992281953,0.12117759760367715,1047.6822639815098,1043.7397570272065,1,4.0,-0.006482062995449733,-0.017291673213488346,-0.03510115220446697,0.27153219068444917,0.28314638557125726,5.08,304.014,3.69,1.0,1.0
2023-06-05,1044.5,1044.5,1044.5,1044.5,75,48.70467419262204,-10.598407719232,-4.752070968508274,-5.846336750723726,12.707757339014563,0.37557920999700056,1047.379191221366,1043.76957047712,1,3.3333333333333335,0.03252276117840558,0.012897642996404945,-0.02053640651977251,0.28988467944078977,0.28965752808606415,5.08,304.014,3.69,0.0,1.0
2023-06-06,1046.800048828125,1046.800048828125,1046.800048828125,1046.800048828125,75,49.30249496689345,-9.179982469726156,-5.63765326875185,-3.5423292009743053,12.553628522766092,0.4068935562509377,1047.3240348029622,1043.8884127653946,1,2.857142857142857,0.002202057279200531,0.01631072701759706,-0.0385745757866236,0.2786130094001053,0.28859876111340077,5.08,304.014,3.7,0.0,1.0
2023-06-07,1032.699951171875,1032.699951171875,1032.699951171875,1032.699951171875,75,45.78008762422309,-9.088859566256133,-6.327894528252707,-2.760965038003426,11.714209003406948,0.31987373402850955,1045.931264933335,1043.4496495656488,1,2.5,-0.013469714366210472,0.025419497772346977,-0.07555279407269999,0.26127593817728956,0.2764384472376481,5.08,304.014,3.79,0.0,1.0
2023-06-08,1022.0,1022.0,1022.0,1022.0,75,43.25458849191213,-9.767447589313633,-7.0158051404648925,-2.7516424488487408,10.48646400712961,0.24614596106172695,1043.6520968444459,1042.6084868375842,1,2.2222222222222223,-0.010361142323801809,0.0037320641793472387,-0.08928885718381974,0.26023113570892276,0.27684920796724594,5.08,304.014,3.73,0.0,1.0
2023-06-09,1020.9000244140624,1020.9000244140624,1020.9000244140624,1020.9000244140624,75,42.99201893096166,-10.275542268487015,-7.667752566069318,-2.6077897024176977,9.462260122368662,0.25044610874280243,1041.485232803457,1041.7571745856815,-1,2.0,-0.0010762970508195746,0.009193405548213907,-0.07869321640023119,0.2587689320175012,0.2706774611061794,5.08,304.014,3.75,0.0,1.0
2023-06-12,1003.4000244140624,1003.4000244140624,1003.4000244140624,1003.4000244140624,0,38.9418895242628,-11.952533344551739,-8.524708721765803,-3.427824622785936,9.856707315963165,0.1217832033315647,1037.8580700997052,1040.252972618167,-1,0.0,-0.01714173727250523,-0.03934894742550277,-0.06233057909879247,0.23766550390871868,0.27290329745596137,5.08,304.014,3.73,0.0,1.0
2023-06-13,990.0,990.0,990.0,990.0,100,36.13478395311401,-14.199151852054115,-9.659597347823466,-4.539554504230649,10.296210407903416,0.052080693053860275,1033.300158661638,1038.2822678096113,-1,2.3529411764705883,-0.013354618385511108,-0.054260647858883515,-0.08146227950498663,0.23697897867057374,0.27436697615434963,5.08,304.014,3.84,0.0,1.0
2023-06-14,988.0999755859376,988.0999755859376,988.0999755859376,988.0999755859376,100,35.74136871206622,-15.949078250198454,-10.917493528298463,-5.031584721899991,10.730876544044698,0.08830830712208676,1028.9953793210952,1036.314334781232,-1,2.1052631578947367,-0.0019192165798610494,-0.04318773864114811,-0.0765420788916471,0.23683627578588315,0.2717475846338879,5.08,304.014,3.83,0.0,1.0
2023-06-15,1000.0,1000.0,1000.0,1000.0,100,40.13734222726182,-16.189057631666287,-11.971806348972029,-4.217251282694258,10.07932905640629,0.21584880030432513,1026.233914623848,1034.8902432211837,-1,1.9047619047619047,0.012043340459557905,-0.021526418786692814,-0.07893520772417173,0.23430660500642111,0.2695118134369604,5.08,304.014,3.72,0.0,1.0
2023-06-16,995.4000244140624,995.4000244140624,995.4000244140624,995.4000244140624,100,39.025944817665795,-16.559534599709536,-12.889351999119532,-3.670182600590005,10.08628505320919,0.2025251048232788,1023.2973536514875,1033.341607189532,-1,1.7391304347826086,-0.00459997558593761,-0.024977960025650447,-0.06209367886756312,0.22380179778677195,0.26887583242804464,5.08,304.014,3.77,0.0,1.0
2023-06-20,976.0999755859376,976.0999755859376,976.0999755859376,976.0999755859376,100,34.68619232749714,-18.200686722218165,-13.951618943739259,-4.249067778478906,9.834953384222747,0.052331273497985935,1018.8023652642922,1031.0968373227242,-1,1.6,-0.01938923885348065,-0.027207542519312455,-0.09519843214110724,0.21843227532907614,0.27160761172705866,5.08,304.014,3.74,0.0,1.0
2023-06-21,957.0999755859376,957.0999755859376,957.0999755859376,957.0999755859376,100,31.028160794549677,-20.794743949571625,-15.320243944905734,-5.474500004665892,9.819156276757225,-0.07990878107902988,1012.925947199687,1028.1949996075562,-1,1.4814814814814814,-0.019465219214450435,-0.03323234789299234,-0.11412444098656394,0.22295132118633101,0.2739251247399274,5.08,304.014,3.72,0.0,1.0
2023-06-22,934.5999755859376,934.5999755859376,934.5999755859376,934.5999755859376,100,27.349768290839492,-24.385019623998687,-17.133199080724324,-7.251820543274363,11.205634264415927,-0.15462840075103343,1005.4663308555204,1024.5246065086692,-1,1.3793103448275863,-0.023508515906319527,-0.05414431871458636,-0.1188837384659257,0.22767682285198035,0.2777843741333598,5.08,304.014,3.8,1.0,1.0
2023-06-23,931.7999877929688,931.7999877929688,931.7999877929688,931.7999877929688,100,26.922039682459143,-27.143382558968938,-19.13523577637325,-8.008146782595688,12.847127518840235,-0.05647902577913274,998.4504886590869,1020.8883469511908,-1,1.2903225806451613,-0.0029959211064749525,-0.0682000122070312,-0.09761765463510774,0.21452563250143397,0.2764169046364598,5.08,304.014,3.74,1.0,1.0
2023-06-26,936.7000122070312,936.7000122070312,936.7000122070312,936.7000122070312,100,29.014284032535144,-28.60428168514329,-21.02904495812726,-7.5752367270160335,13.914151713539272,0.052413493848001216,992.5694909017483,1017.5868436278904,-1,1.2121212121212122,0.005258665462819501,-0.058971278649088466,-0.09005246746501328,0.21759937674660687,0.2766161359887106,5.08,304.014,3.72,0.0,1.0
2023-06-27,936.5999755859376,936.5999755859376,936.5999755859376,936.5999755859376,100,28.99603205139148,-29.430866181861234,-22.709409202874056,-6.721456978987177,14.65655044686125,0.10483813630768549,987.2390608716711,1014.410888018402,-1,1.1940298507462686,-0.00010679686109738018,-0.04046716626162061,-0.09173776189422056,0.21696740975725415,0.2725663078043271,5.08,304.014,3.77,0.0,1.0
2023-06-28,923.4000244140624,923.4000244140624,923.4000244140624,923.4000244140624,7773,26.616723627689055,-30.79606818950367,-24.32674100019998,-6.469327189303691,15.587749613779847,0.07538470769769806,981.1591526376131,1010.841834543722,-1,16.585938333511148,-0.014093478022586203,-0.035210481696276386,-0.10349512192809474,0.21898286058159672,0.2731339691852956,5.08,304.014,3.71,1.0,1.0
2023-06-29,910.9000244140624,919.7000122070312,887.2999877929688,897.7999877929688,2013,22.72249739042536,-33.55688672151018,-26.17277014446202,-7.384116577048161,17.509145555254474,0.0029395907638384514,973.2201845571708,1006.4088209456534,-1,3.559366987887897,-0.02772366898878731,-0.039375121714397165,-0.10852943147911154,0.22560069171005798,0.2783932689092114,5.08,304.014,3.85,1.0,1.0
2023-06-30,899.2000122070312,904.5,884.0,904.5,33,25.78297912263926,-34.80303261216227,-27.898822638002073,-6.904209974160196,18.61911986773518,0.0978886781784613,966.6754050755355,1002.4123965948435,-1,0.058567752240660215,0.0074627002652356556,-0.029298119929825894,-0.11166765944205526,0.22246267531382274,0.2703221404600615,5.08,304.014,3.81,1.0,1.0
2023-07-03,900.0,911.0,900.0,909.2999877929688,36,27.98346289431639,-34.99983697477637,-29.319025505356933,-5.680811469419439,19.384303015585804,0.16432183283735394,961.2110796200529,998.7609295830052,-1,0.06411398040961709,0.0053067858407613855,-0.02925165373864269,-0.10112691801293772,0.2259657615648108,0.2677702902769949,5.12,304.609,3.86,1.0,1.0
2023-07-05,917.0999755859376,918.0999755859376,909.7999877929688,918.0999755859376,59,31.966064518820616,-34.05317655772967,-30.26585571583148,-3.7873208418981896,18.840392858875276,0.23542698276666996,957.1052601882325,995.5977549164536,-1,0.10522561084358836,0.009677760817228265,-0.019752296051925855,-0.12101486301011244,0.1876414845300958,0.2678146482702569,5.12,304.609,3.95,0.0,1.0
2023-07-06,899.0999755859375,904.5,899.0999755859375,904.5,24,29.271887645386883,-34.00831899501611,-31.014348371668408,-2.9939706233477033,18.11670780966432,0.1854973498072499,952.0952354084009,992.0252939393378,-1,0.042999193765116905,-0.014813174978311028,-0.020467862155467587,-0.13593813736198002,0.1870167710828631,0.2680441946127369,5.12,304.609,4.05,1.0,1.0
2023-07-07,897.7999877929688,910.9000244140624,897.7999877929688,910.0999755859376,3,31.8200454949872,-33.138893290934675,-31.43925735552166,-1.6996359354130135,17.30243446460011,0.23971407429458289,948.0956868538806,988.8125363568515,-1,0.005409791723018665,0.006191238900981277,0.013700142526405612,-0.11871790586105369,0.1913301484967854,0.26838613771195907,5.12,304.609,4.06,1.0,1.0
2023-07-10,913.0,929.2000122070312,913.0,929.2000122070312,35,39.78805212459735,-30.556418455673338,-31.262689575552,0.7062711198786609,16.161839461450214,0.3748660780695566,946.2960987922759,986.4747903117606,-1,0.06334268392000725,0.020986745559241182,0.02730791841573388,-0.09080233639233737,0.21324174324928544,0.267843395936158,5.12,304.609,4.01,1.0,1.0
2023-07-11,922.5,929.2999877929688,922.5,925.5999755859376,14,38.866073091511936,-28.472073076388597,-30.70456627571932,2.2324931993307224,14.737048480090872,0.37045240702729937,944.3250394392912,984.0875426754538,-1,0.025477707006369428,-0.0038743398340501667,0.017925863864280744,-0.09334905137535043,0.2128312895627212,0.2557201102216397,5.12,304.609,3.99,1.0,1.0
2023-07-12,948.9000244140624,948.9000244140624,948.9000244140624,948.9000244140624,4,47.366912456375104,-24.655877524262223,-29.494828525427902,4.838951001165679,13.603350664945493,0.5625820032439827,944.7607522940314,982.7076399985366,-1,0.007276696379843551,0.02517291426393453,0.033547597916520955,-0.05431532656362592,0.23201341420487204,0.2609633684018479,5.12,304.609,3.86,1.0,1.0
2023-07-13,974.4000244140624,975.2999877929688,974.4000244140624,975.2999877929688,1,55.00184794515674,-19.279022078275943,-27.451667235997512,8.172645157721568,13.195856666481594,0.7832868667756753,947.6692509129778,982.4171438336124,-1,0.0018357044515832951,0.027821648961604994,0.07827527671970014,-0.01484849717881942,0.25167518627156826,0.2673066083421923,5.12,304.609,3.76,0.0,0.0
2023-07-14,973.5,974.0,967.0,974.0,28,54.58197642704178,-14.95038481971119,-24.951410752740248,10.001025933029059,12.80033155467899,0.7873116535306093,950.176941302218,982.0870597617061,-1,0.05174166127691029,-0.0013329107036190724,0.07021209331746481,-0.014269786392390515,0.2516475132145424,0.2563705761848894,5.12,304.609,3.83,0.0,0.0
2023-07-17,965.2000122070312,977.7999877929688,965.0,977.7999877929688,38,55.64779182899229,-11.085494667040962,-22.178227535600392,11.09273286855943,12.002648190968939,0.8503641943662676,952.8077076346705,981.9189392923439,-1,0.07062540656072856,0.003901424838776979,0.05230302943120191,-0.022200012207031272,0.24784978772724875,0.2558254002049678,5.12,304.609,3.81,1.0,1.0
2023-07-18,985.2000122070312,985.2000122070312,985.2000122070312,985.2000122070312,38,57.72816158180196,-7.340801065199912,-19.210742241520297,11.869941176320385,11.598773139325843,0.9354791753934518,955.8926890225143,982.0476088184101,-1,0.07103467613795682,0.007568034880799379,0.06439070677736858,-0.010247148841527665,0.24932989833344255,0.25644948347041846,5.12,304.609,3.8,1.0,1.0
2023-07-19,975.4000244140624,975.4000244140624,975.4000244140624,975.4000244140624,38,54.10850097194806,-5.105033867011912,-16.389600566618622,11.28456669960671,11.578362389783214,0.8463306136060346,957.7505304883761,981.7869192339259,-1,0.07144871674344269,-0.009947206325155333,0.027927072734942326,-0.000717089631577017,0.2418187773216316,0.24934820879005345,5.12,304.609,3.75,1.0,1.0
2023-07-20,954.7000122070312,954.7000122070312,954.7000122070312,954.7000122070312,3,47.3543637392376,-4.946470410679012,-14.100974535430701,9.15450412475169,11.545538415737191,0.6572609820719879,957.4600049377718,980.7246875858124,-1,0.0056925996204933585,-0.021222074727203277,-0.021121681373700962,-0.002507536767449081,0.24382420253590326,0.2420975453823618,5.12,304.609,3.85,1.0,0.0
2023-07-21,963.0999755859376,963.0999755859376,963.0999755859376,963.0999755859376,3,50.077635600619644,-4.095787200583118,-12.099937068461186,8.004149867878068,11.76031276265915,0.717310216342679,957.9971449995019,980.0335224093467,-1,0.005745475438092502,0.00879853699748856,-0.01119099015817493,0.030494329921346486,0.22884020712392986,0.24308129016895766,5.12,304.609,3.84,1.0,0.0
2023-07-24,960.5,960.5,960.5,960.5,3,49.228798377993044,-3.5900273282969692,-10.397955120428342,6.807927792131373,11.881517334644002,0.6786580137129767,958.2355121424065,979.2675019227057,-1,0.005799342741156003,-0.0026995905428778277,-0.0176927674462517,0.03080061449132354,0.2287650784244051,0.2423281359957474,5.12,304.609,3.86,0.0,1.0
2023-07-25,967.7000122070312,967.7000122070312,967.7000122070312,967.7000122070312,7,51.67183272160454,-2.5785047756223776,-8.83406505146715,6.255560275844772,12.115786262507127,0.7244155350859106,959.1368931009422,978.8138748750322,-1,0.013654540134594753,0.007496108492484277,-0.01776289056350777,0.03309490722324049,0.2293809199327621,0.24304580684247443,5.12,304.609,3.91,0.0,1.0
2023-07-26,964.0,964.0,964.0,964.0,7,50.331518063866206,-2.0517743502915664,-7.477606911232034,5.425832560940467,12.250509354726388,0.6777586876210101,959.6000461389477,978.2329386054231,-1,0.013779527559055118,-0.0038235115845380863,-0.011687537552513949,0.029254778057111297,0.2301341277760017,0.2430687871580333,5.12,304.609,3.86,0.0,1.0
2023-07-27,937.0,937.0,937.0,937.0,0,41.808999318327366,-3.769557927593155,-6.735997114504258,2.966439186911103,12.105377880954899,0.4375717182991498,957.4476607923813,976.6159606208968,-1,0.0,-0.028008298755186734,-0.01853986800116736,0.014728151642152465,0.2477960662224183,0.24507666164392936,5.12,304.609,4.01,0.0,1.0
2023-07-28,922.2999877929688,937.5999755859376,922.2999877929688,937.5999755859376,2,42.04384468754718,-5.024580536257872,-6.393713798854981,1.369133262597109,11.24326583559518,0.4198590511899876,955.5574050584343,975.0859219920749,-1,0.10638297872340426,0.0006403154599121663,-0.026477002020985574,0.04433057288272835,0.22320011572174603,0.2432011813762439,5.12,304.609,3.96,0.0,1.0
2023-07-31,949.7000122070312,949.7000122070312,949.7000122070312,949.7000122070312,0,46.71445246013327,-4.985355094226861,-6.112042057929358,1.1266869637024968,10.46916522321908,0.5132444479675499,954.9995581202054,974.0903961181516,-1,0.0,0.012905329496763152,-0.011244130966130972,0.04997237391601028,0.22569155412408917,0.24357470951424373,5.12,304.609,3.97,0.0,1.0
2023-08-01,931.4000244140624,931.4000244140624,931.4000244140624,931.4000244140624,0,41.294286378680184,-6.3576378328813234,-6.161161212919752,-0.1964766199615715,9.906351994401097,0.3076758525712994,952.7519834815251,972.4162638944618,-1,0.0,-0.01926922981757273,-0.03751161241610357,0.02430445058592201,0.23828743303091654,0.24555755518115563,5.33,306.082,4.05,0.0,1.0
2023-08-02,921.2999877929688,921.2999877929688,921.2999877929688,921.2999877929688,2,38.630218261755005,-8.166037340542516,-6.5621364384443055,-1.6039009020982107,9.81870272714577,0.19595660996251124,949.7565553207103,970.4117040473445,-1,0.16,-0.01084392995098693,-0.044294618472024094,0.003485472488972574,0.23979512037161044,0.24298664070435103,5.33,306.082,4.08,1.0,1.0
2023-08-03,912.7999877929688,912.7999877929688,912.7999877929688,912.7999877929688,0,36.49626714242854,-10.167876985114162,-7.283284547778277,-2.8845924373358853,9.500526495097308,0.08714241448707825,946.2368822228301,968.1524210569769,-1,0.0,-0.00922609368568672,-0.025827120818603277,0.009176327023735498,0.23588096386005458,0.23848180382802192,5.33,306.082,4.2,1.0,1.0
2023-08-04,908.5999755859376,919.4000244140624,908.4000244140624,919.4000244140624,8,39.30013247782372,-11.093897979205735,-8.045407234063768,-3.048490745141967,9.182445816830768,0.14333983833682742,943.6809910029475,966.240562365098,-1,0.6926406926406926,0.00723053977799859,-0.01941121122630307,0.010218711215915777,0.23624092655041193,0.23193855054902518,5.33,306.082,4.05,1.0,1.0
2023-08-07,921.5,921.5,921.5,921.5,8,40.2047749740735,-11.525467395308624,-8.74141926631274,-2.7840481289958845,9.36993361020448,0.1782471195878157,941.5685156693335,964.4860305076431,-1,0.7843137254901962,0.002284071710000113,-0.029693599920564973,-0.008286711263318036,0.22400904296721705,0.23165856943229077,5.33,306.082,4.09,1.0,1.0
2023-08-08,897.9000244140625,897.9000244140625,897.9000244140625,897.9000244140625,8,34.06107997329936,-13.61486635899314,-9.71610868484882,-3.8987576741443206,10.325479353128637,-0.01916999870373211,937.4096117402601,961.8748145824047,-1,0.8080808080808081,-0.02561039130324194,-0.035967360019208194,-0.02992648217642835,0.2415393546504418,0.23552503360551255,5.33,306.082,4.02,2.0,1.0
2023-08-09,886.2000122070312,886.2000122070312,886.2000122070312,886.2000122070312,8,31.491813624722738,-16.030038983990835,-10.978894744677223,-5.0511442393136115,11.85660905572519,-0.03001684976543368,932.5325070228097,958.9071752735666,-1,0.7920792079207921,-0.013030417517436055,-0.038098313308373766,-0.06607652080707649,0.2234688291566558,0.22721022224218976,5.33,306.082,4.0,2.0,1.0
2023-08-10,908.2000122070312,908.2000122070312,908.2000122070312,908.2000122070312,8,40.56960832135535,-15.984603986664297,-11.980036593074638,-4.004567393589658,12.0099633710962,0.1989386648396534,930.2151265641642,956.918659074879,-1,0.7655502392344498,0.024825095573188127,-0.005039412409568067,-0.06879931962039676,0.21830180862154558,0.2332760182043605,5.33,306.082,4.09,1.0,1.0
2023-08-11,907.9000244140624,907.9000244140624,907.9000244140624,907.9000244140624,8,40.490820326683284,-15.790776687495281,-12.742184611958768,-3.0485920755365132,12.035677787428519,0.225114941536679,928.089878740345,954.9963596764156,-1,0.8465608465608466,-0.0003303102718968942,-0.012508157161871925,-0.06786445132026453,0.21846676907345336,0.23314890752655063,5.33,306.082,4.16,1.0,1.0
2023-08-14,900.0999755859375,900.0999755859375,900.0999755859375,900.0999755859375,8,38.40249983571816,-16.08119193868049,-13.409986077303113,-2.671205861377377,11.971767167990446,0.18752653986879936,925.4241736780205,952.8435603003185,-1,1.0062893081761006,-0.008591308093816696,-0.023223032462357573,-0.07946411656479058,0.21735429744779552,0.2306281925567387,5.33,306.082,4.19,1.0,1.0
2023-08-15,885.9000244140625,885.9000244140625,885.9000244140625,885.9000244140625,8,34.8760177836689,-17.258223446184047,-14.1796335510793,-3.078589895104747,11.808262938179507,0.0974250223702822,921.659968986215,950.2183235988967,-1,1.2403100775193798,-0.01577597106658213,-0.013364516843432317,-0.10079170377852342,0.21657346670182284,0.22856413970285777,5.33,306.082,4.21,1.0,1.0
2023-08-16,885.2999877929688,885.2999877929688,885.2999877929688,885.2999877929688,2,34.73088230575456,-18.03159038683748,-14.950024918230937,-3.0815654686065415,11.688032684158765,0.12739943245585864,918.1971136344772,947.6725065084682,-1,0.4301075268817204,-0.0006773186641355622,-0.0010155996407865686,-0.09237239529004326,0.21642603222714268,0.2250386074530896,5.33,306.082,4.28,1.0,1.0
2023-08-17,889.5999755859375,889.5999755859375,889.5999755859375,889.5999755859375,2,36.76183634922995,-18.0889974778039,-15.577819430145531,-2.511178047658369,11.824535337957336,0.19967204355333612,915.4735766774734,945.3951523546435,-1,0.4347826086956522,0.004857096862373789,-0.020480110516507777,-0.06818899736954909,0.20969176633836972,0.22544871287626195,5.33,306.082,4.3,1.0,1.0
2023-08-18,909.2000122070312,909.2000122070312,909.2000122070312,909.2000122070312,2,45.14123285224328,-16.364296437102894,-15.735114831537004,-0.6291816055658899,11.189287798814183,0.3983513568114082,914.876094346955,943.9757350939528,-1,0.43956043956043955,0.022032415871171995,0.0014318622733906494,-0.05596507605154322,0.2244109754214314,0.22892417174838608,5.33,306.082,4.26,0.0,1.0
2023-08-21,908.0,908.0,908.0,908.0,2,44.75026364486744,-14.922274698799924,-15.572546804989589,0.6502721061896644,10.489684622821539,0.40607526280018086,914.2212282186736,942.5649219530135,-1,0.4444444444444444,-0.0013198550274083898,0.008776829939274089,-0.05465903175429465,0.2244790339297912,0.22326775271861315,5.33,306.082,4.34,0.0,1.0
2023-08-22,919.5,919.5,919.5,919.5,2,49.28356620532694,-12.705052257693069,-14.999047895530286,2.2939956378372166,9.22025574836771,0.5578080488393208,914.7239683883237,941.6604152097581,-1,0.47058823529411764,0.012665198237885367,0.037927502720366935,-0.04980883703525185,0.228289572786364,0.2252856227228161,5.33,306.082,4.34,0.0,1.0
2023-08-23,932.7000122070312,932.7000122070312,931.7000122070312,932.7000122070312,1,53.953808248431464,-9.770132821419566,-13.953264880708142,4.183132059288576,8.035904457010897,0.7676748628319807,916.435972561534,941.30902685671,-1,0.2531645569620253,0.014355641334454772,0.05354120079932412,-0.03246886700515428,0.23584885575151893,0.22759223748826252,5.33,306.082,4.19,0.0,1.0
2023-08-24,939.0999755859376,939.0999755859376,939.0999755859376,939.0999755859376,13,56.066213117160196,-6.8488155824728665,-12.532375021061087,5.683559438588221,8.097266898374537,0.8507503309965194,918.5944490400486,941.2223973951111,-1,2.8260869565217392,0.006861759724611005,0.05564298713856952,0.002241169248599295,0.21508260171027963,0.22825861508563144,5.33,306.082,4.23,0.0,1.0
2023-08-25,944.2999877929688,944.2999877929688,944.2999877929688,944.2999877929688,13,57.7617262583221,-4.067169300885666,-10.839333877026004,6.772164576140337,8.310564288331799,0.905706003945257,921.0425955879458,941.3430872146349,-1,2.524271844660194,0.005537229626469298,0.03860533998535076,0.007145917642376265,0.21593798072233208,0.22446735736084217,5.33,306.082,4.25,0.0,1.0
2023-08-28,968.2999877929688,968.2999877929688,968.2999877929688,968.2999877929688,13,64.55985747285257,0.07306262116571816,-8.65685457738766,8.729917198553379,9.21700330529989,1.139155679826848,925.5432996074718,942.400220570648,-1,2.241379310344828,0.025415652134120226,0.066409678186089,0.019585106188124035,0.22931900260522475,0.22951737721220383,5.33,306.082,4.2,0.0,1.0
2023-08-29,982.2000122070312,982.2000122070312,982.2000122070312,982.2000122070312,2,67.792985185724,4.424835303995337,-6.040516601111062,10.465351905106399,11.145082643179997,1.1382767581229536,930.939176997906,943.9609967132513,-1,0.3389830508474576,0.014355080645766183,0.06818924655468317,0.054541535818540376,0.22054374768641072,0.2312641437546421,5.33,306.082,4.12,0.0,1.0
2023-08-30,980.2000122070312,980.2000122070312,980.2000122070312,980.2000122070312,0,66.84802159626423,7.6243741830899125,-3.307538444270867,10.931912627360779,12.625266780884257,1.0190641924066506,935.6306851130607,945.3821345757525,-1,0.0,-0.0020362451386107816,0.05092741436509862,0.06393142862745615,0.21550273512846058,0.22113414631969264,5.33,306.082,4.12,0.0,1.0
2023-08-31,971.2999877929688,971.2999877929688,971.2999877929688,971.2999877929688,0,62.66218982038834,9.334274500539777,-0.7791758553087381,10.113450355848515,13.457671015758022,0.8901997254301482,939.0277615587663,946.3985209764277,-1,0.0,-0.009079804430958016,0.034288162117074306,0.06408851970018681,0.21539096554832557,0.22163814223075679,5.33,306.082,4.09,0.0,1.0
2023-09-01,965.5999755859376,965.5999755859376,965.5999755859376,965.5999755859376,0,60.06797764356541,10.112864664356493,1.399232248624308,8.713632415732185,14.006692722107314,0.8121551536120344,941.5584486089731,947.1515191964085,-1,0.0,-0.005868436403446253,0.02255637834196267,0.05025010870683699,0.21709250508997693,0.2203713538377638,5.33,307.276,4.18,0.0,1.0
2023-09-05,930.4000244140624,930.4000244140624,930.4000244140624,930.4000244140624,0,47.100010809599446,7.799651569141815,2.67931611272781,5.120335456414006,14.003386515904943,0.5370716069266871,940.4957415427912,946.4945978323949,-1,0.0,-0.036453968581052876,-0.03914072483393416,0.009658192527468579,0.25861739482202206,0.23169769309241633,5.33,307.276,4.27,0.0,1.0
2023-09-06,912.2000122070312,912.2000122070312,912.2000122070312,912.2000122070312,0,42.0456706546091,4.446567383223169,3.032766366826882,1.4138010163962869,13.791974598547954,0.38955556052871465,937.8009101774807,945.1497121215964,-1,0.0,-0.019561491540687537,-0.07126857985137669,0.015926035643333947,0.25105294263339756,0.2346726434210553,5.33,307.276,4.3,0.0,1.0
2023-09-07,906.5,906.5,906.5,906.5,0,40.57703992304484,1.3141321625466844,2.6890395259708426,-1.3749073634241582,13.352703273765787,0.331816322801662,934.8198711129587,943.6340371364357,-1,0.0,-0.0062486429848211955,-0.0751887485096917,0.022906778958863727,0.2471688174085318,0.23265895316497287,5.33,307.276,4.27,1.0,1.0
2023-09-08,891.7000122070312,891.7000122070312,891.7000122070312,891.7000122070312,0,36.966516933087085,-2.335656648106692,1.6841002911553358,-4.019756939262027,13.671306186236626,0.22525888403606603,930.7132178838227,941.5974087078316,-1,0.0,-0.01632651714613209,-0.08195199895637606,-0.018167804204167637,0.23838651344524153,0.23339077081531814,5.33,307.276,4.26,1.0,1.0
2023-09-11,899.2000122070312,899.2000122070312,899.2000122070312,899.2000122070312,0,39.885641058233766,-4.570270027984861,0.4332262273272963,-5.003496255312157,13.81195320561359,0.2899657748025243,927.7119602003188,939.9347657078002,-1,0.0,0.008410900411941036,-0.068765498195683,-0.00958256633228527,0.24066278923779225,0.2343093741396836,5.33,307.276,4.29,1.0,1.0
2023-09-12,909.7000122070312,909.7000122070312,909.7000122070312,909.7000122070312,0,43.809022746087024,-5.431345809621803,-0.7396881800625235,-4.69165762955928,13.665381496917986,0.3669599331887505,925.9965365819105,938.749089099927,-1,0.0,0.011677046104824118,-0.022248507807238527,0.010665522588026333,0.24229231547976987,0.23422116569239312,5.33,307.276,4.27,1.0,1.0
2023-09-13,902.0999755859376,902.0999755859376,902.0999755859376,902.0999755859376,0,41.6881898654616,-6.650352881138247,-1.9218211202776683,-4.728531760860578,13.284783773722234,0.2950031138651863,923.7206736299131,937.3118689621235,-1,0.0,-0.008354442694416542,-0.011072173301836519,0.018286432696048127,0.23694338030478346,0.2345579868921797,5.33,307.276,4.25,1.0,1.0
2023-09-14,908.0,908.0,908.0,908.0,0,43.95644230455239,-7.05897068612046,-2.949251033446227,-4.109719652674233,12.762411815788399,0.32708528197111064,922.2234666175405,936.1623839047854,-1,0.0,0.0065403221081234975,0.001654715940430318,0.02564103978316079,0.23768133950786471,0.23211798796743027,5.33,307.276,4.29,1.0,1.0
2023-09-15,926.4000244140624,926.4000244140624,926.4000244140624,926.4000244140624,0,50.43211019976273,-5.83086051527107,-3.5255729298111955,-2.3052875854598742,12.151974815058283,0.46523788696426766,922.6212340267331,935.7795462776983,-1,0.0,0.020264344068350537,0.03891444626219731,0.041366962497819904,0.24668726436200702,0.23290354406233887,5.33,307.276,4.33,0.0,1.0
2023-09-18,938.2999877929688,938.2999877929688,938.2999877929688,938.2999877929688,0,54.12405975432934,-3.8529325561427186,-3.5910448550775005,-0.2618877010652181,11.970417666164602,0.5584101802762078,924.1144486711364,935.8783871214343,-1,0.0,0.01284538327428586,0.04348306834423754,0.03200613197892399,0.2390552465601424,0.22934088308460102,5.33,307.276,4.32,1.0,1.0
2023-09-19,948.4000244140624,948.4000244140624,948.4000244140624,948.4000244140624,0,57.048203185616906,-1.4536649083493103,-3.163568865731863,1.7099039573825525,11.80107663680649,0.6324423703318803,926.4273606466531,936.3694317211452,-1,0.0,0.01076418709633642,0.04254151004476814,0.044493418958218456,0.24092772912044128,0.23027661929356774,5.33,307.276,4.37,1.0,1.0
2023-09-20,942.2999877929688,942.2999877929688,942.2999877929688,942.2999877929688,0,54.77725043230187,-0.043943434315224295,-2.5396437794485354,2.495700345133311,11.72500590505038,0.5670938556718151,927.9390394224927,936.6020025474913,-1,0.0,-0.00643192372845236,0.04456270180133881,0.024796071552984023,0.23949195375681673,0.23045028599167341,5.33,307.276,4.35,1.0,1.0
2023-09-21,924.5999755859376,924.5999755859376,924.5999755859376,924.5999755859376,0,48.71722461313259,-0.35092680383149855,-2.1019003843251283,1.7509735804936297,11.768560903835903,0.40962128322566066,927.6210333428207,936.1313348235088,-1,0.0,-0.01878384000459099,0.018281911438257303,-0.008684503607892857,0.24449603655137542,0.233738732471365,5.33,307.276,4.49,1.0,1.0
2023-09-22,934.0999755859376,934.0999755859376,934.0999755859376,934.0999755859376,0,51.799427113982084,0.17039308391304075,-1.6474416906774945,1.8178347745905352,11.763201317744167,0.49827097697288836,928.2380754612128,936.0516736769374,-1,0.0,0.010274713660877621,0.008311691460441528,-0.005324246757519413,0.24612106963374195,0.23285622094383568,5.33,307.276,4.44,1.0,1.0
2023-09-25,917.5,917.5,917.5,917.5,0,46.53623286312912,-0.7473217867768653,-1.4674177098973686,0.7200959231205033,11.836836171495726,0.3600945998541181,927.215401607764,935.3241570621556,-1,0.0,-0.017771090910825516,-0.022167737465172088,-0.028380798622698378,0.2527937337102185,0.22846216962650331,5.33,307.276,4.55,1.0,1.0
2023-09-26,906.5,906.5,906.5,906.5,0,43.39004627813786,-2.3353055539923844,-1.640995278716372,-0.6943102752760124,11.583936099516801,0.2831301743236156,925.2425062165483,934.1937979616789,-1,0.0,-0.011989100817438647,-0.0441796956299626,-0.06382318348865057,0.23482948362204473,0.22937615820246934,5.33,307.276,4.56,1.0,1.0
2023-09-27,886.7999877929688,886.7999877929688,886.7999877929688,886.7999877929688,9397,38.38494706684267,-5.124350156742139,-2.3376662543215256,-2.7866839024206134,11.092568538995225,0.12686207597648425,921.5813139857313,932.3352171707492,-1,20.0,-0.021731949483763113,-0.0588984407502654,-0.09712891796824141,0.23412484370072228,0.23347664521182646,5.33,307.276,4.61,1.0,1.0
2023-09-28,888.5999755859375,908.4000244140624,884.7000122070312,905.2999877929688,3673,44.821885426209384,-5.77531843346344,-3.0251966901499086,-2.750121743313531,9.822037117349351,0.32269697354101834,920.0307114911825,931.2750120971108,-1,5.620504973221117,0.020861524869933756,-0.020873878761177855,-0.07641300089908853,0.25128929370197906,0.2365725831648195,5.33,307.276,4.59,0.0,1.0
2023-09-29,904.4000244140624,920.9000244140624,902.7999877929688,906.7999877929688,140,45.32067786384016,-6.099862599744142,-3.6401298720687554,-2.459732727675387,8.573291380229895,0.35618645444056296,918.7706425675431,930.3152072224386,-1,0.21196063588190764,0.001656909334172063,-0.029225980630011583,-0.06640584866737187,0.2512734941110145,0.23460725738473887,5.33,307.276,4.59,0.0,1.0
2023-10-02,909.5,910.4000244140624,875.0,876.9000244140625,190,37.95537839186596,-8.669803254836893,-4.646064548622383,-4.02373870621451,8.070057098289618,0.001118526317888074,914.782964648164,928.2204941711298,-1,0.2835820895522388,-0.03297305225122338,-0.044250654589577665,-0.0918599351849102,0.2730625633080549,0.2440934707095267,5.33,307.696,4.69,1.0,1.0
2023-10-03,874.7999877929688,877.2999877929688,864.0,868.2999877929688,52,36.13629757383049,-11.270531153759407,-5.970957869649788,-5.299573284109619,8.993794703377336,-0.016266583058180174,910.3560144714787,925.8706703915941,-1,0.07731192387749034,-0.009807317119007064,-0.04214011274906926,-0.06674552342171569,0.24607772036142325,0.2406766013885198,5.33,307.696,4.81,1.0,1.0
2023-10-04,866.5999755859375,867.0,858.9000244140625,864.5,232,35.33055608584631,-13.482832309861351,-7.473332757692101,-6.00949955216925,10.038905791540191,0.02074545402217119,905.9887749980046,923.463977435061,-1,0.3390821397252265,-0.004376353617863704,-0.025146581077958752,-0.05229117690058238,0.23850490216391226,0.24070343707571185,5.33,307.696,4.73,2.0,1.0
2023-10-05,867.7999877929688,867.9000244140625,852.7999877929688,852.7999877929688,13,32.89827378455486,-15.995800487882661,-9.177826303730214,-6.8179741841524475,11.39661762316809,-0.010768222642672107,900.9231762165726,920.6928405863515,-1,0.01898225888880777,-0.013533848706803076,-0.05799182669602121,-0.05923884413351488,0.2413836413830379,0.23582110229081096,5.33,307.696,4.72,2.0,1.0
2023-10-06,854.5,871.7000122070312,850.5,871.7000122070312,13,40.07508713363508,-16.27466762010647,-10.597194567005467,-5.677473053101004,11.802013401445938,0.19264763337656596,898.1400177394735,918.7715531989272,-1,0.018964259664478483,0.022162317875936477,-0.03870751660613292,-0.02242906776517628,0.2513498514166678,0.23315530070145174,5.33,307.696,4.78,1.0,1.0
2023-10-09,876.4000244140625,880.7000122070312,876.4000244140625,879.2000122070312,2,42.694349408231076,-15.709396369055526,-11.619634927415479,-4.0897614416400465,12.05825458549607,0.276865211379879,896.3362076887647,917.2197280619902,-1,0.0029171528588098016,0.00860387736029855,0.002622862046908425,-0.022241992580617542,0.2514467729044551,0.23413372205473848,5.33,307.696,4.78,2.0,1.0
2023-10-10,880.5,880.5,880.5,880.5,5,43.158119468482035,-14.983792842792354,-12.292466510490854,-2.6913263323015,12.258963800936067,0.30512198784039135,894.8279974326919,915.7797387262259,-1,0.007290223809870963,0.001478603019698932,0.014050457651209936,-0.03209850699703609,0.24717708346739445,0.23393914101993726,5.33,307.696,4.66,2.0,1.0
2023-10-11,881.5999755859375,881.5999755859375,881.5999755859375,881.5999755859375,19,43.574232380326215,-14.15679723737992,-12.665332655868669,-1.4914645815112504,12.431340878471184,0.3265770018641809,893.568185828239,914.4393558579793,-1,0.027664531158998255,0.0012492624485378467,0.01978019153954591,-0.022724753968300315,0.24604696836331663,0.2332266862274418,5.33,307.696,4.58,2.0,2.0
2023-10-12,875.5,875.5,867.0,867.0,60,39.44655623253522,-14.512205601962023,-13.034707245087342,-1.4774983568746816,12.860420004581059,0.22342829536684022,891.0378824160258,912.578988961588,-1,0.08698173383589447,-0.016560771313808065,0.0166510464473395,-0.045154185022026394,0.25021746265515066,0.23462675469358596,5.33,307.696,4.7,2.0,1.0
2023-10-13,875.5,875.5,875.5,875.5,8,42.84131987210595,-13.947215510372985,-13.21720889814447,-0.7300066122285145,12.768696844203795,0.31714527650588337,889.55808409069,911.1249109630944,-1,0.01159084323384526,0.009803921568627416,0.004359283858844654,-0.054943893644925246,0.2404810635277965,0.2322608009380632,5.33,307.696,4.63,2.0,2.0
2023-10-16,890.4000244140625,890.4000244140625,890.4000244140625,890.4000244140625,0,48.311679215755795,-12.157010892645758,-13.005169297044729,0.8481584043989709,12.065806192776982,0.4663030695476664,889.6382688833922,910.3121703141128,-1,0.0,0.01701887425935178,0.012738867210563498,-0.05104973249714584,0.24442717055871493,0.23436952577203174,5.33,307.696,4.71,2.0,2.0
2023-10-17,896.9000244140625,896.9000244140625,896.9000244140625,896.9000244140625,0,50.53568897296848,-10.09736897399739,-12.423609232435261,2.3262402584378705,10.74341481146028,0.5568011121669957,890.329864648218,909.7862038082285,-1,0.0,0.007300089647096941,0.018625808533858645,-0.05430198088809357,0.24223857762157505,0.23500686795079778,5.33,307.696,4.83,2.0,2.0
2023-10-18,901.2999877929688,901.2999877929688,884.5999755859375,884.5999755859375,1,46.46172005827566,-9.349820152525126,-11.808851416453235,2.459031263928109,9.421953954428673,0.4525206897977843,889.7841609280008,908.798508583825,-1,0.0014487504527345165,-0.013713957512890618,0.0034029039054885857,-0.06123316667144907,0.24510355291232405,0.23572165521677244,5.33,307.696,4.91,2.0,2.0
2023-10-19,889.2999877929688,889.2999877929688,889.2999877929688,889.2999877929688,0,48.180765460519986,-8.282653348217764,-11.103611802806142,2.8209584545883786,8.677360918768967,0.5323578309514798,889.7380492008549,908.0338607096737,-1,0.0,0.005313149826754238,0.025720862506307673,-0.0381786596637087,0.23942017028105012,0.23607780391785527,5.33,307.696,4.98,2.0,2.0
2023-10-20,896.7000122070312,896.7000122070312,896.7000122070312,896.7000122070312,15,50.85629457961965,-6.761849450294335,-10.235259332303782,3.473409882009447,7.28384597650501,0.6824455250808719,890.4010932966812,907.5893960625112,-1,0.02170767004341534,0.008321179034790793,0.02421474838038984,-0.04003850161268474,0.23821093956106024,0.23001009842176434,5.33,307.696,4.93,1.0,2.0
2023-10-23,896.5999755859375,896.5999755859375,896.5999755859375,896.5999755859375,1,50.81809596408608,-5.5012584407800205,-9.28845915399903,3.7872007132190095,6.594903121877708,0.7179539784751796,890.9914630385151,907.1584383967632,-1,0.0014470732942623544,-0.00011156085617480826,0.006963107594201823,-0.022779318162465922,0.23072809278792375,0.22999609452796999,5.33,307.696,4.86,1.0,2.0
2023-10-24,883.4000244140625,884.5999755859375,881.2999877929688,884.5999755859375,2,46.32330630360611,-5.408188465339663,-8.512405016267158,3.104216550927495,6.173677730620738,0.5330263875292595,890.3827499477934,906.2737927963387,-1,0.0028937278448961878,-0.01338389507779969,-0.013713957512890618,-0.02415887966250685,0.2316666153551413,0.22968401123034785,5.33,307.696,4.83,1.0,2.0
2023-10-25,904.7999877929688,904.7999877929688,904.7999877929688,904.7999877929688,40,53.74060843615218,-3.66224163085451,-7.542372339184628,3.8801307083301184,6.531849016495858,0.8655453602272978,891.7558202187624,906.2159965216968,-1,0.17913121361397222,0.022835194171977324,0.022835194171977324,0.020297699873449204,0.23271615282809793,0.23154762577042695,5.33,307.696,4.95,1.0,2.0
2023-10-26,900.0999755859375,900.0999755859375,900.0999755859375,900.0999755859375,7,51.942102902273405,-2.627529368147975,-6.559403744977298,3.931874376829323,6.375801969443843,0.7957757601718628,892.5505016823029,905.9761525634317,-1,0.175,-0.005194531687048087,0.012144369662898225,-0.005743965842425758,0.221603956137193,0.23074571726284548,5.33,307.696,4.86,1.0,2.0
2023-10-27,904.7000122070312,905.5,897.2000122070312,897.2000122070312,19,50.81216364238345,-2.018250122827453,-5.651173020547329,3.632922897719876,6.082031161344504,0.7651677886021454,892.9933122084675,905.631990196514,-1,0.5596465390279822,-0.0032218236391112764,0.000557600081625198,-0.010586651648841094,0.22171370413627237,0.23008377139996655,5.33,307.696,4.84,1.0,2.0
2023-10-30,931.7999877929688,931.7999877929688,931.7999877929688,931.7999877929688,1,61.55740603744714,1.2422174252087643,-4.2724949313961105,5.514712356604875,7.692620125525494,1.1765351465942373,896.6891860736581,906.6581861806887,-1,0.04081632653061224,0.03856439491214969,0.03925943917634811,0.06260686720312258,0.22553669192232942,0.24257119177058822,5.33,307.696,4.88,1.0,2.0
2023-10-31,936.5,936.5,936.5,936.5,1,62.747873270106275,4.157488216678871,-2.5864983017811145,6.743986518459986,8.911496596584175,1.0980428983497572,900.4806921618812,907.8284533892892,-1,0.04555808656036447,0.005044014025116672,0.05867061479363622,0.07854429709296773,0.2203820286061888,0.2427362563581234,5.33,307.696,4.88,1.0,2.0
2023-11-01,922.5999755859376,922.5999755859376,922.5999755859376,922.5999755859376,1,57.11469041166477,5.285319644581477,-1.0121347125085962,6.297454357090073,9.076494125089125,0.8776978245288553,902.5872905832199,908.4077287695499,-1,0.09615384615384615,-0.014842524734716922,0.01967284265375313,0.06720644949211985,0.2286147152000081,0.2386780719424334,5.33,308.148,4.77,2.0,2.0
2023-11-02,922.5,922.5,922.5,922.5,1,57.07500198781567,6.100741432868176,0.4104405165667583,5.6903009163014175,8.558180413169877,0.8522361698587492,904.4837390991037,908.9603668570185,-1,0.1020408163265306,-0.00010836287511728493,0.024886151562753644,0.08173078471472972,0.22026085050485752,0.23700252079107137,5.33,308.148,4.67,1.0,2.0
2023-11-03,936.5999755859376,936.5999755859376,936.5999755859376,936.5999755859376,1,61.17289077912514,7.794864915641938,1.8873253963817942,5.907539519260144,9.041141416957126,0.9658043189277604,907.5424282883259,910.044273081682,-1,0.10869565217391305,0.015284526380420216,0.04391435894208917,0.07445217674666327,0.21416570450470865,0.23373452399422173,5.33,308.148,4.57,1.0,2.0
2023-11-06,910.2000122070312,910.2000122070312,910.2000122070312,910.2000122070312,1,51.29823520969798,6.927359284561817,2.8953321740177986,4.032027110544018,8.860498271744463,0.6241053790737319,907.7955315186788,910.0503804983624,-1,0.1092896174863388,-0.02818702121190053,-0.023180914218617343,0.03525932617105121,0.2415772736220503,0.24122620281343105,5.33,308.148,4.67,2.0,2.0
2023-11-07,891.5,891.5,891.5,891.5,1,45.674094849515186,4.67700649971232,3.251667039156703,1.4253394605556169,8.674771228278267,0.380353274567233,906.2435761359475,909.3229145964659,-1,0.111731843575419,-0.020544948314918043,-0.048051254671649724,0.01249290176036344,0.2544410156116515,0.24434930539461205,5.33,308.148,4.58,2.0,2.0
2023-11-08,865.4000244140625,865.4000244140625,865.4000244140625,865.4000244140625,1,39.212226276536626,0.7785610346447811,2.757045838254319,-1.978484803609538,9.16562979292987,0.08009271398289985,902.3537140671965,907.6004483148031,-1,0.12422360248447203,-0.02927647289505053,-0.06199864804412958,-0.018375625703832443,0.27623119130137047,0.24973006893980432,5.33,308.148,4.49,2.0,2.0
2023-11-09,856.5999755859375,856.5999755859375,856.5999755859375,856.5999755859375,1,37.2962798957003,-2.9866472679753997,1.6083072170083754,-4.594954484983775,9.587313841602336,0.0023177576604649854,897.9962151642195,905.6004297764163,-1,0.19607843137254904,-0.010168764247589723,-0.07143634082825201,-0.011995414549091699,0.2722536094612243,0.25054149984749047,5.33,308.148,4.62,2.0,1.0
2023-11-10,838.5999755859375,838.5999755859375,838.5999755859375,838.5999755859375,1,33.67214209283476,-7.338458362415963,-0.18104589887649236,-7.157412463539471,11.07860185665964,-0.09401824253780446,892.3394304424784,902.9729609846328,-1,0.21052631578947367,-0.021013309027574367,-0.10463378449128324,-0.04214737226049403,0.27876235332847643,0.253823463722072,5.33,308.148,4.61,2.0,1.0
2023-11-13,857.0,857.0,857.0,857.0,1,40.08171563122503,-9.196559598677368,-1.9841486388366676,-7.2124109598407005,11.77270099975738,0.13022831099617185,888.9737704003376,901.1700997695492,-1,0.20833333333333334,0.021941360541068766,-0.05844870522252921,-0.03751125729813598,0.2836184363308882,0.25378937820955116,5.33,308.148,4.63,2.0,1.0
2023-11-14,886.2000122070312,886.2000122070312,886.2000122070312,886.2000122070312,1,48.57468303426254,-8.218187119418872,-3.2309563349531083,-4.987230784465764,11.817621691956228,0.4124012981039965,888.709602953356,900.5830375121956,-1,0.2061855670103093,0.034072359634808924,-0.00594502276272435,-0.011929994331331906,0.3090313705036406,0.2634447312600125,5.33,308.148,4.44,2.0,1.0
2023-11-15,895.2999877929688,895.2999877929688,895.2999877929688,895.2999877929688,1,50.90994437169104,-6.632077442267928,-3.9111805564160727,-2.720896885851855,11.75820077451962,0.4933082328033809,889.3372586523667,900.3758590918337,-1,0.2061855670103093,0.01026853471066258,0.03455045358838604,0.012095876670066508,0.30717298220201494,0.262990040472561,5.33,308.148,4.53,2.0,1.0
2023-11-16,897.0999755859375,897.0999755859375,897.0999755859375,897.0999755859375,1,51.38025544139632,-5.170230920362769,-4.162990629205412,-1.0072402911573572,11.73324593800624,0.5067028788467138,890.0765650269925,900.2473930719947,-1,0.2040816326530612,0.0020104856668277105,0.04727994531204249,0.008770929832492724,0.3067272469929957,0.2612586197831305,5.33,308.148,4.45,2.0,1.0
2023-11-17,894.7000122070312,894.7000122070312,894.7000122070312,894.7000122070312,1,50.6830287970096,-4.157439630915405,-4.161880429547411,0.004440798632005638,11.73564967619231,0.48483658237031213,890.5168933298534,900.0298487243491,-1,0.23809523809523808,-0.0026752462871696414,0.06689725525200041,-0.002230400326501014,0.30547219910148543,0.2608214064317613,5.33,308.148,4.44,2.0,1.0
2023-11-20,921.5,921.5,921.5,921.5,1,57.60194834236146,-1.178673188394555,-3.56523898131684,2.386565792922285,11.97262733232166,0.7229685766654809,893.4676653936768,900.8718154410413,-1,0.23809523809523808,0.02995416053125899,0.07526254375729291,0.027771609516038742,0.323066931482729,0.2678481611068336,5.33,308.148,4.42,2.0,1.0
2023-11-21,940.0,940.0,940.0,940.0,1,61.606228669609514,2.6443338328214168,-2.323324418489189,4.967658251310606,12.533537818330586,0.8517348592209003,897.8993163085647,902.4062540511966,-1,0.24096385542168672,0.020075963103635353,0.06070862903621821,0.06262720545223499,0.32443049584340533,0.26593157028016623,5.33,308.148,4.41,1.0,1.0
2023-11-22,924.5999755859376,924.5999755859376,924.5999755859376,924.5999755859376,1,56.79737866919402,4.3809404194577155,-0.9824714508998083,5.363411870357524,12.734342404034868,0.7030063807260778,900.4422362397431,903.2765960721669,-1,0.45454545454545453,-0.016383004695811,0.032726447215974064,0.02188327592849104,0.32287630031360726,0.2661203171205846,5.33,308.148,4.42,1.0,1.0
2023-11-24,931.0999755859376,931.0999755859376,931.0999755859376,931.0999755859376,1,58.277718045818354,6.210122897084943,0.4560474186971422,5.754075478387801,13.032149262345852,0.7400968850859597,903.3620209393807,904.3677089942755,-1,0.5263157894736842,0.007030067241653226,0.037899900708160406,0.03444061864330128,0.3226308702689763,0.266615611941831,5.33,308.148,4.47,1.0,1.0
2023-11-27,917.0999755859376,917.0999755859376,917.0999755859376,917.0999755859376,1,53.986910550829045,6.45566332374915,1.6559705997075438,4.799692724041606,13.074601668849297,0.6121648473271866,904.6703975723862,904.8670135664976,-1,1.0,-0.0150359793438829,0.025036283752417177,0.02218007479731776,0.32777738524443767,0.26769794254212625,5.33,308.148,4.39,1.0,1.0
2023-11-28,944.0999755859376,944.0999755859376,944.0999755859376,944.0999755859376,68,60.089864668114515,8.728315642944835,3.0704396083550023,5.657876034589833,13.37324047795329,0.827723403936093,908.4255954784387,906.4055610966717,1,15.632183908045977,0.029440628850469164,0.024525204108450938,0.013200244638446712,0.3159414418141936,0.27442440966134757,5.33,308.148,4.34,0.0,1.0
2023-11-29,930.2000122070312,936.4000244140624,930.2000122070312,936.4000244140624,9,57.73791149008448,9.795174595635785,4.415386605811159,5.379787989824626,13.370975243325894,0.7641516201890247,911.089826805641,907.5818145600988,1,1.894736842105263,-0.00815586417857539,-0.003829761261635811,-0.00010675449646302404,0.3169964902418262,0.26408019401932836,5.33,308.148,4.27,1.0,1.0
2023-11-30,931.2000122070312,931.2000122070312,931.2000122070312,931.2000122070312,0,56.13982752042355,10.104591039540537,5.553227492557035,4.551363546983502,13.50365921823378,0.7153569096700336,913.0050825581544,908.5080183893903,1,0.0,-0.005553195292028024,0.007138261729794149,0.009321522706123853,0.3128500239484104,0.261106407050571,5.33,308.148,4.37,0.0,1.0
2023-12-01,932.0,932.0,932.0,932.0,0,56.34003742753713,10.295675985747835,6.501717191195195,3.7939587945526396,13.64774063190542,0.7156017340256954,914.8141223145207,909.4292725701985,1,0.0,0.00085909340902246,0.0009666248927737708,0.010298102981029844,0.3128453943805885,0.2607438457944916,5.33,308.741,4.22,0.0,1.0
2023-12-04,921.0999755859376,921.0999755859376,921.0999755859376,921.0999755859376,0,52.803282677518766,9.458539155748667,7.09308158410589,2.3654575716427777,13.391915595083107,0.636328293285268,915.4127750070365,909.8869471982667,1,0.0,-0.011695305165303038,0.004361574644514032,-0.016549221016478488,0.310710425914593,0.2596169755443257,5.33,308.741,4.28,1.0,1.0
2023-12-05,902.5999755859376,902.5999755859376,902.5999755859376,902.5999755859376,0,47.36822826507708,7.219089626196592,7.11828319252403,0.10080643367256137,13.386409936932964,0.4867398438014933,914.1925083955033,909.6011836056264,1,0.0,-0.020084681891595513,-0.043957209059605984,-0.008349853349996383,0.30215259121786414,0.26255182255775644,5.33,308.741,4.18,1.0,1.0
2023-12-06,889.7000122070312,889.7000122070312,889.7000122070312,889.7000122070312,0,43.96964898970561,4.353209416108257,6.565268437240876,-2.212059021132619,13.405573447618712,0.38106627837677237,911.8598897108869,908.8207455115638,1,0.0,-0.014292005016432796,-0.049871861372764226,-0.0020190552921690585,0.297275886511633,0.2630754720535554,5.33,308.741,4.12,1.0,1.0
2023-12-07,908.0999755859376,908.0999755859376,908.0999755859376,908.0999755859376,0,49.53178233004008,3.5260557955119793,5.957425908895097,-2.4313701133831174,12.787899178864166,0.5159632357522576,911.5018026513679,908.7924800242844,1,0.0,0.020681087025347544,-0.02480674003251393,0.04934128722816489,0.28405103191735354,0.2659508818692532,5.33,308.741,4.14,1.0,1.0
2023-12-08,916.2000122070312,916.2000122070312,916.2000122070312,916.2000122070312,0,51.80017493046525,3.483974760026399,5.462735679121358,-1.9787609190949587,11.740716043629691,0.5652928547356249,911.9492511804788,909.0829714824314,1,0.0,0.008919763064487718,-0.016952776601897757,0.06957744375409969,0.28086163037401496,0.26623776746410854,5.33,308.741,4.23,1.0,1.0
2023-12-11,912.0999755859376,912.0999755859376,912.0999755859376,912.0999755859376,0,50.56136554791832,3.084233423304795,4.987035227958046,-1.9028018046532509,9.291718492123833,0.4905096227947034,911.9636058857606,909.2012853688434,1,0.0,-0.004475045368332875,-0.009770926325641138,0.08764607934628788,0.2673714585005112,0.26313105631475725,5.33,308.741,4.23,1.0,1.0
2023-12-12,927.4000244140624,927.4000244140624,927.4000244140624,927.4000244140624,0,54.896233150087625,3.9564145227232075,4.780911086911079,-0.8244965641878714,7.4527621331064715,0.6606909990945027,913.4337409836941,909.9149614098324,1,0.0,0.01677453046558397,0.027476234765046792,0.08214705299190483,0.26354850541659874,0.2640674885101127,5.33,308.741,4.2,1.0,1.0
2023-12-13,918.5,918.5,918.5,918.5,0,52.03790404541509,3.884686490402487,4.601666167609361,-0.7169796772068739,6.798715640113527,0.5073701392301626,913.9162418423898,910.2516295898389,1,0.0,-0.009596748091186935,0.032370447788941936,0.036447740180602706,0.2430754496947314,0.2637723688065823,5.33,308.741,4.04,1.0,1.0
2023-12-14,965.0999755859376,965.0999755859376,965.0999755859376,965.0999755859376,0,62.9234104960651,7.501596352386628,5.181652204564815,2.319944147821813,7.71814532697612,1.112583032231911,918.7908831512991,912.4025451190977,1,0.0,0.05073486726830434,0.06276841926267163,0.07796268149744412,0.2954630729947268,0.2826509211480822,5.33,308.741,3.92,0.0,0.0
2023-12-15,949.7999877929688,949.7999877929688,949.7999877929688,949.7999877929688,0,58.24897818085382,9.029357516013306,5.9511932668545136,3.0781642491587924,7.734686247133834,0.8586253734378795,921.7441312124105,913.8691114984653,1,0.0,-0.015853267205482857,0.036673188319435335,0.05874485970486232,0.30365848654465377,0.2818433447811205,5.33,308.741,3.91,1.0,0.0
2023-12-18,951.5,951.5,951.5,951.5,0,58.61684100485012,10.259036238891213,6.812761861261854,3.4462743776293587,7.538657063183043,0.8505108878822725,924.5780234778952,915.3448326161725,1,0.0,0.0017898633700570432,0.04319704579396744,0.0634849525181691,0.3029921918480384,0.2811231703588117,5.33,308.741,3.95,0.0,0.0
2023-12-19,963.0,963.0,963.0,963.0,0,61.11289992722135,12.022926563209921,7.854794801651468,4.168131761558453,8.216249962885602,0.9443540943633483,928.2372593371432,917.213662709656,1,0.0,0.012086179716237488,0.038386860738363504,0.04503526858383067,0.28877440690850603,0.2795190886686798,5.33,308.741,3.93,0.0,0.0
2023-12-20,971.2999877929688,971.2999877929688,971.2999877929688,971.2999877929688,0,62.8543209851113,13.929985797221207,9.069833000765415,4.860152796455791,9.065917615483633,0.9818569272918419,932.3384715710314,919.3346950658644,1,0.0,0.008618886597060005,0.05748501664993877,0.03329785935422214,0.2823163860918528,0.27866023609315577,5.33,308.741,3.86,0.0,0.0
2023-12-21,967.5999755859376,967.5999755859376,967.5999755859376,967.5999755859376,0,61.53148495035388,14.970216578894565,10.249909716391246,4.720306862503319,9.653122836850406,0.8865337267565105,935.6967100486415,921.2274511646908,1,0.0,-0.003809340320736987,0.002590405204893065,0.046506598675551514,0.274986970975434,0.2746814562400319,5.33,308.741,3.89,0.0,0.0
2023-12-22,979.5,979.5,979.5,979.5,0,64.14514010594135,16.563901143676162,11.51270800184823,5.051193141827932,10.562001774150733,0.9483312566626598,939.8684519487709,923.5126491582324,1,0.0,0.012298495984206959,0.031269754252202686,0.05198155480951927,0.276795886568486,0.27270279802892144,5.33,308.741,3.9,0.0,1.0
2023-12-26,980.0999755859376,980.0999755859376,980.0999755859376,980.0999755859376,0,64.27692393501742,17.671613300788636,12.744489061636312,4.927124239152324,11.150239772068057,0.898881807940081,943.7000256285011,925.7317599985346,1,0.0,0.000612532502233476,0.03005777780970842,0.06869480065109501,0.26898416899545213,0.27270558047479576,5.33,308.741,3.89,0.0,1.0
2023-12-27,981.5,1000.0999755859376,981.5,1000.0999755859376,6515,68.44099806955371,19.93353463982794,14.182298177274639,5.751236462553301,12.501872658788571,1.0008784205420609,949.0714494339712,928.6481606098054,1,19.972409564684245,0.020406081520452313,0.03852541597709003,0.059315751984046594,0.2594680340327753,0.26553627540032215,5.33,308.741,3.79,0.0,1.0
2023-12-28,1003.0999755859376,1016.0,998.5,1007.4000244140624,1251,69.82366187577887,22.060872522631257,15.758013046345964,6.302859476285294,13.855905288578949,0.9788815793602232,954.6265518130275,931.736468994286,1,3.221735771310842,0.007299319074423272,0.03716672199607629,0.07582229618631975,0.2565062322129148,0.26453558429876217,5.33,308.741,3.84,0.0,1.0
2023-12-29,1005.5,1006.7000122070312,993.5,995.0,47,64.64287798460322,22.487008545670164,17.103812146210803,5.3831963994593615,14.483472850336277,0.843034142935247,958.4716421165487,934.2173917788239,1,0.12031230001279919,-0.012308937972554279,0.028317512510756426,0.06851373169740071,0.2608613123576203,0.26592624813849186,5.33,308.741,3.88,0.0,1.0
2024-01-02,990.0,998.2999877929688,985.4000244140624,985.5,47,60.91385800514163,21.80677883670444,18.044405484309532,3.7623733523949063,14.751226116332203,0.7490333648606451,961.0457714387821,936.2284744541641,1,0.11959287531806616,-0.009547738693467367,0.006125574272588086,0.05740343347639487,0.2647749758536566,0.26501876948448777,5.33,309.698,3.95,0.0,1.0
2024-01-03,974.7000122070312,975.7999877929688,965.2999877929688,974.4000244140624,37,56.79154634858732,20.139856894486115,18.46349576634485,1.6763611281412665,14.57659582127918,0.6522484870196994,962.3176050554755,937.7253979820033,1,0.09370647081170064,-0.011263293339358271,-0.005815683413794237,0.05786565002807542,0.2644606987610655,0.26331835595703024,5.33,309.698,3.91,0.0,1.0
2024-01-04,966.0,966.4000244140624,953.9000244140624,953.9000244140624,26,50.0542972494919,16.969022245802307,18.16460106223634,-1.1955788164340326,13.701431220943785,0.48541556003689884,961.5159307086742,938.3596970577704,1,0.06563170516218604,-0.02103858732180075,-0.0461953327664143,0.056835863301262,0.2656091922296437,0.2671400824825764,5.33,309.698,3.99,0.0,1.0
2024-01-05,949.7999877929688,965.7000122070312,944.5,959.2999877929688,7,51.68038512631813,14.72213722368872,17.476108294526817,-2.753971070838098,12.098558110350815,0.5000860885136744,961.304888526226,939.180884929739,1,0.017654476670870115,0.005660932215850734,-0.04774670980286133,0.078228587873439,0.25785048412776884,0.26728446121713434,5.33,309.698,4.05,0.0,1.0
2024-01-08,945.0,946.7000122070312,945.0,946.7000122070312,4,47.77212038795373,11.78885731946582,16.338658099514618,-4.549800780048798,11.12772721913683,0.3642509097426611,959.9139479243979,939.4757526661034,1,0.01008318628686665,-0.013134552013209011,-0.04854270129946603,0.04250637337170682,0.2566334629850677,0.2689658891253062,5.33,309.698,4.01,0.0,1.0
2024-01-09,944.4000244140624,944.4000244140624,931.0,931.0,9,43.37091360702918,8.10393496979043,14.69171347356978,-6.587778503779351,10.673064422785126,0.19845316512744052,957.1602385982648,939.1433702086092,1,0.02266146292332872,-0.01658393578175832,-0.05530187721968549,0.01615366469742474,0.2636339422489328,0.2689725839676087,5.33,309.698,4.02,0.0,1.0
2024-01-10,927.5,927.5,918.7999877929688,918.7999877929688,44,40.26645674625981,4.151314662563209,12.583633711368467,-8.432319048805258,10.413037940517267,0.06593600861852579,953.5068813787127,938.3455905060351,1,0.11017904094152998,-0.01310420215578012,-0.05706079149015586,0.007345699360124414,0.26772855833246917,0.26995940085978426,5.33,309.698,4.04,1.0,1.0
2024-01-11,907.2999877929688,909.0,907.2000122070312,909.0,30,37.918509834169015,0.22545853338704092,10.111998675772183,-9.886540142385142,11.069693616665099,0.007852155989185426,949.2681307712163,937.1947830352102,1,0.07484096295372333,-0.010666073055256686,-0.0470699478612997,-0.019840439863787585,0.263253720509818,0.268864834680905,5.33,309.698,3.98,0.0,1.0
2024-01-12,910.0999755859376,910.0999755859376,910.0999755859376,910.0999755859376,18,38.35301892369446,-2.765176661059513,7.536563608405844,-10.301740269465357,11.378320507688631,0.034893275224295806,945.5378302773803,936.1322415666114,1,0.044803982576229,0.0012100941539467946,-0.05128741043792162,-0.00914537225265366,0.26134064824744696,0.26848428542959135,5.33,309.698,3.96,1.0,1.0
2024-01-16,895.0999755859375,896.7999877929688,893.0999755859375,895.0999755859375,3,34.778329262791814,-6.273336124958632,4.774583661732949,-11.047919786691581,12.883066885037465,-0.005514704336361302,940.7342250686714,934.5231330967811,1,0.007464543418760886,-0.016481705749242348,-0.05450516103913339,-0.07253134573700648,0.1891392359172647,0.26917339122895634,5.33,309.698,4.07,1.0,1.0
2024-01-17,894.2000122070312,894.2000122070312,878.7999877929688,882.7999877929688,12,32.13351527899914,-9.931598706940235,1.8333471879983123,-11.764945894938547,14.616193984448739,-0.01131621383244612,935.2166786614616,932.4947744574159,1,0.02981366459627329,-0.013741468135910817,-0.05177230097425478,-0.07054116746799144,0.18744859747820894,0.2704777304036517,5.33,309.698,4.1,1.0,1.0
2024-01-18,903.2999877929688,903.2999877929688,903.2999877929688,903.2999877929688,2,40.28445500862964,-11.04925060214589,-0.7431723700305282,-10.306078232115361,15.376250196941335,0.16928618480506324,932.1769938168433,931.3498808627318,1,0.004967709885742673,0.023221568060111553,-0.016869830437451605,-0.05065687042252365,0.20938150901979677,0.2740724958151676,5.33,309.698,4.14,1.0,1.0
2024-01-19,897.2999877929688,898.0,897.2999877929688,897.2999877929688,2,38.81507270907866,-12.277618889248402,-3.050061673874103,-9.227557215374299,16.16568176126921,0.166638231806115,928.8553741955219,930.0145909384273,-1,0.004966476285075739,-0.006642311614173502,-0.012871300557790177,-0.06822431174146548,0.20247528944968438,0.2744251630622911,5.33,309.698,4.15,1.0,1.0
2024-01-22,894.4000244140625,894.4000244140625,894.4000244140625,894.4000244140625,12,38.091877342304414,-13.331435920603326,-5.106336523219948,-8.225099397383378,16.80083460907074,0.18389026587140783,925.5739123115734,928.6179412708052,-1,0.029754525167369202,-0.003231877207575895,-0.017250798366154507,-0.07917220667699354,0.19737795022377286,0.27307484449352015,5.33,309.698,4.11,1.0,1.0
2024-01-23,896.2000122070312,896.2000122070312,896.2000122070312,896.2000122070312,0,38.853411161688356,-13.861562079398368,-6.857381634455632,-7.004180444942736,17.27572898055118,0.22444664217459964,922.7763980159027,927.346649934971,-1,0.0,0.0020125086581341822,0.001228953916989628,-0.07379078666849859,0.19857849802556443,0.2690946030608299,5.33,309.698,4.14,1.0,2.0
2024-01-24,902.0999755859376,906.7000122070312,902.0,905.5999755859376,5,42.80984680383967,-13.369081939061289,-8.159721695376764,-5.209360243684525,17.211309856204974,0.30349798145723833,921.140548260668,926.4938391761854,-1,0.012390038409119068,0.010488689188652867,0.02582690089288464,-0.07544668138240163,0.19675270909927464,0.2697497128296783,5.33,309.698,4.18,1.0,2.0
2024-01-25,887.4000244140625,887.4000244140625,887.4000244140625,887.4000244140625,5,37.72074769609969,-14.282729421863337,-9.384323240674078,-4.898406181189259,17.357486127395752,0.22039188047480435,917.9271650371817,924.9607484012001,-1,0.012382367508667657,-0.020097119768691996,-0.017602085236106957,-0.09458213802776183,0.20422346592573598,0.2729009187510955,5.33,309.698,4.14,1.0,1.0
2024-01-26,911.2999877929688,911.2999877929688,911.2999877929688,911.2999877929688,0,46.68401535079899,-12.929234166802871,-10.093305425899837,-2.835928740903034,16.202637627135577,0.3874643793823357,917.2960052996376,924.4250322989166,-1,0.0,0.02693257011648953,0.015602362855743346,-0.08879111084963565,0.2155827910519698,0.267113157982651,5.33,309.698,4.15,1.0,1.0
2024-01-29,928.5999755859376,928.5999755859376,928.5999755859376,928.5999755859376,82,52.062184524958774,-10.341405705230272,-10.142925481765925,-0.19848022346434746,14.25342461261855,0.532753179220389,918.3725738983328,924.5887555650743,-1,4.183673469387755,0.018983856056957515,0.03823786922890582,-0.07822120996468862,0.22759435849986998,0.2697813836731436,5.33,309.698,4.08,1.0,1.0
2024-01-30,915.7000122070312,926.0,915.7000122070312,923.2999877929688,18,50.38533186427436,-8.618845045542912,-9.838109394521323,1.2192643489784114,12.45534877142946,0.5226724150818554,918.8418514121076,924.5382156524428,-1,0.9917355371900827,-0.005707503696222527,0.030238758331635918,-0.07206031377591082,0.2255868099459341,0.2682757802018197,5.33,309.698,4.06,1.0,1.0
2024-01-31,924.4000244140624,924.4000244140624,924.4000244140624,924.4000244140624,0,50.739968955237515,-7.083287817660334,-9.287145079149127,2.2038572614887926,10.706757479500414,0.5687534306591239,919.3712012218176,924.5327963881925,-1,0.0,0.0011914184291534902,0.020759771792132398,-0.06199896051338161,0.22512243833377824,0.26828648737776445,5.33,309.698,3.99,1.0,2.0
2024-02-01,914.0,914.0,914.0,914.0,0,47.29783900234706,-6.629126263971898,-8.755541316113682,2.126415052141784,9.108852629244101,0.4924981020090366,918.8596582483111,924.1197455494399,-1,0.0,-0.01125056700496574,0.029975180137617352,-0.061986887213372976,0.22511628008756057,0.26739383281448226,5.33,310.967,3.87,1.0,1.0
2024-02-02,893.7999877929688,893.7999877929688,893.7999877929688,893.7999877929688,0,41.42033861102518,-7.809153071597734,-8.566263667210492,0.7571105956127582,8.432461521728904,0.26818599629678513,916.47302296685,922.930735441343,-1,0.0,-0.022100669810756313,-0.01920333615101033,-0.06300454458842308,0.2263013700858807,0.264877318477734,5.33,310.967,4.03,1.0,2.0
2024-02-05,895.9000244140625,895.9000244140625,895.9000244140625,895.9000244140625,0,42.22415634520594,-8.47715801296556,-8.548442536361506,0.0712845233959456,7.072014197661604,0.3046566534251386,914.5136897713464,921.8707075579202,-1,0.0,0.0023495599124803146,-0.03521424944173812,-0.06608981985371287,0.2248795917295112,0.26146649815185896,5.33,310.967,4.17,1.0,2.0
2024-02-06,903.2000122070312,903.2000122070312,903.2000122070312,903.2000122070312,0,45.04697067788343,-8.321582709891914,-8.503070571067587,0.18148786117567361,5.945590231370298,0.44293261239721066,913.4361966699831,921.1385234265128,-1,0.0,0.008148216981848089,-0.02176971282538831,-0.045949085707297055,0.22529718131586063,0.254453556122903,5.33,310.967,4.09,1.0,2.0
2024-02-07,879.4000244140625,879.4000244140625,879.4000244140625,879.4000244140625,0,38.45094523373518,-10.003434900827301,-8.80314343701953,-1.2002914638077709,5.944308963055992,0.04773479004191113,910.1946564551336,919.5017195436717,-1,0.0,-0.02635073900720153,-0.04868022372513836,-0.05542424874966434,0.23626046538915607,0.25966755950860804,5.33,310.967,4.09,2.0,1.0
2024-02-08,886.5999755859375,886.5999755859375,886.5999755859375,886.5999755859375,0,41.25338987923931,-10.632771026443947,-9.169068954904414,-1.463702071539533,5.965010580200312,0.21222494378434156,907.9475439914006,918.211455074741,-1,0.0,0.008187344748679326,-0.029978144873153756,-0.03504572554945096,0.2360194266195702,0.25615115988323417,5.33,310.967,4.15,1.0,2.0
2024-02-09,871.4000244140625,871.4000244140625,871.4000244140625,871.4000244140625,0,37.38354576135121,-12.217201178156984,-9.778695399554929,-2.438505778602055,6.622343464791243,0.016813967769578247,904.466827841178,916.3757126958909,-1,0.0,-0.017144091575041598,-0.0250614943889379,-0.04136410955548675,0.24043041099806384,0.255106685268266,5.33,310.967,4.17,2.0,1.0
2024-02-12,891.0999755859375,891.0999755859375,891.0999755859375,891.0999755859375,0,44.63281033851594,-11.747830392390483,-10.17252239812204,-1.575307994268444,6.604626504400322,0.3626925578681713,903.1937942930598,915.38450731903,-1,0.0,0.022607241932453892,-0.005357795175041202,-0.020876827282373722,0.25554674404076083,0.24987381621512492,5.33,310.967,4.17,1.0,1.0
2024-02-13,872.7000122070312,872.7000122070312,872.7000122070312,872.7000122070312,0,39.97741391831904,-12.71401468570673,-10.680820855638977,-2.033193830067752,7.092495369552848,0.10070776764793211,900.2896245705809,913.7106055499321,-1,0.0,-0.02064859598588531,-0.033768821509945646,-0.025025096625930665,0.2593918909650305,0.2525988558655884,5.33,310.967,4.31,1.0,1.0
2024-02-14,891.2000122070312,891.2000122070312,891.2000122070312,891.2000122070312,0,46.06836957588172,-11.850324149863809,-10.914721514483944,-0.9356026353798654,6.954709296651627,0.38230489059875944,899.4239472026238,912.8278371835438,-1,0.0,0.021198578825745606,0.013418225455282373,0.00951520676281703,0.26635984661347684,0.25634324152264604,5.33,310.967,4.27,1.0,1.0
2024-02-15,899.0999755859375,899.0999755859375,899.0999755859375,899.0999755859375,0,48.472975072906344,-10.408400592696808,-10.813457330126516,0.4050567374297085,6.939856544489552,0.5121098442339351,899.3930927629394,912.2894896699122,-1,0.0,0.00886441121038839,0.014098804809620002,-0.004649631643738994,0.25502204425159447,0.25693435414075455,5.33,310.967,4.24,1.0,1.0
2024-02-16,907.5999755859376,907.5999755859376,907.5999755859376,907.5999755859376,0,51.004238413902655,-8.48201147420184,-10.347168158941582,1.8651566847397412,6.992225579711857,0.6390601532363697,900.174700650844,912.1055871568152,-1,0.0,0.009453898599497412,0.041542288452672826,0.011478867639687751,0.25602631455021996,0.2503159832053066,5.33,310.967,4.3,1.0,1.0
2024-02-20,909.7000122070312,909.7000122070312,909.7000122070312,909.7000122070312,4,51.6363790314598,-6.708546862026537,-9.619443899558574,2.9108970375320364,7.046793982636164,0.6589250989485951,901.0818731800047,912.0112508842747,-1,0.7017543859649122,0.0023138350347990944,0.020873119886310576,0.017106425956318727,0.2556891316303885,0.2468468904017216,5.33,310.967,4.27,1.0,1.0
2024-02-21,885.0,885.0,885.0,885.0,8,44.383194533533604,-7.213000953196229,-9.138155310286106,1.9251543570898768,7.1873435929618905,0.28233920061951395,899.5502662104805,910.9519861437149,-1,1.3114754098360657,-0.027151821342847215,0.014094176258646396,-0.012497223894752607,0.27469870301305316,0.25088728256439236,5.33,310.967,4.32,2.0,1.0
2024-02-22,901.7000122070312,901.7000122070312,901.7000122070312,901.7000122070312,4,49.543704381818294,-6.193834370466902,-8.549291122322266,2.355456751855364,7.1637067089908415,0.5439494493330074,899.7550039244377,910.589163636394,-1,0.6611570247933884,0.01887007029043075,0.011781866984042155,-0.004306496780085545,0.2806119875397867,0.253555919841306,5.33,310.967,4.33,1.0,1.0
2024-02-23,906.0,906.0,906.0,906.0,0,50.809327640184776,-4.981738057260259,-7.835780509309865,2.8540424520496064,7.088308907078772,0.5972082366003121,900.3497654554436,910.4091964349668,-1,0.0,0.004768756498565452,0.007674368369953388,0.020960080092649047,0.2707465299672416,0.25193182715120427,5.33,310.967,4.26,2.0,1.0
2024-02-26,876.7999877929688,876.7999877929688,876.7999877929688,876.7999877929688,0,42.93365830032009,-6.304663708075054,-7.529557149062903,1.2248934409878487,7.333646224744468,0.1769741668985629,898.1069294875889,909.0911882529277,-1,0.0,-0.03222959404749581,-0.033935641936398975,-0.03785800555484897,0.27833102960255857,0.25313825408065027,5.33,310.967,4.28,2.0,1.0
2024-02-27,892.7999877929688,892.7999877929688,892.7999877929688,892.7999877929688,112,47.71593807158778,-5.992942623008844,-7.222234243852092,1.2292916208432478,6.660119211878328,0.44161836568087165,897.6015064690537,908.4523176466548,-1,15.342465753424658,0.01824817543653756,-0.018577579627663376,-0.03855264778612488,0.27762830776629455,0.25576703987889193,5.33,310.967,4.31,2.0,1.0
2024-02-28,881.9000244140625,881.9000244140625,877.5999755859375,880.7000122070312,6,44.66737902228798,-6.64566127691478,-7.10691965046463,0.46125837354985055,6.2280571825204145,0.2583882975292735,895.991840348861,907.3639919431401,-1,0.8955223880597015,-0.013552840223317042,-0.004858743268891241,-0.04613882394579827,0.2804600813467292,0.25694386921845597,5.33,310.967,4.27,2.0,1.0
2024-02-29,879.9000244140625,879.9000244140625,879.9000244140625,879.9000244140625,6,44.465107825290296,-7.14513319406467,-7.114562359184639,-0.030570834880030873,5.552595324948941,0.257094126380318,894.4592864503088,906.2869736086666,-1,0.8571428571428571,-0.0009083544701719015,-0.0241765415302706,-0.048139332350414565,0.28020626016193284,0.2569168668375984,5.33,310.967,4.25,2.0,1.0
2024-03-01,884.2000122070312,884.2000122070312,884.2000122070312,884.2000122070312,0,45.883644796686816,-7.112012357132585,-7.114052358774228,0.0020400016416433076,5.116141288051308,0.363026447905152,893.4822127128538,905.4208182595829,-1,0.0,0.0048869049592676905,-0.024061796680980962,-0.03260392537523937,0.27931780863320443,0.2561898301324303,5.33,312.345,4.19,2.0,1.0
2024-03-04,900.5,900.5,900.5,900.5,0,50.99376168040344,-5.704730483092817,-6.832187983637946,1.1274575005451295,5.19991508195592,0.7099545065671141,894.1505734068677,905.2278449945013,-1,0.0,0.018434729210512923,0.02703012378762404,0.007496097894983622,0.2766068269817214,0.25577101966560767,5.33,312.345,4.22,2.0,1.0
2024-03-05,883.2999877929688,883.2999877929688,883.2999877929688,883.2999877929688,0,46.05204980748868,-5.909228786521794,-6.647596144214717,0.7383673576929226,5.224577892442341,0.3528154112582134,893.1171843007821,904.3679290258137,-1,0.0,-0.019100513278213493,-0.010640681149071574,-0.0140641101436898,0.28508787831408866,0.257136085711861,5.33,312.345,4.13,2.0,1.0
2024-03-06,910.7000122070312,910.7000122070312,910.7000122070312,910.7000122070312,0,53.74246419725834,-3.8163496831118664,-6.081346851994147,2.2649971688822808,5.45781802701677,0.9152012656092744,894.7917393394725,904.6162460133124,-1,0.0,0.031020066560313975,0.03406381240397627,0.008303808568019377,0.30474051866587043,0.2613777267388176,5.33,312.345,4.11,2.0,1.0
2024-03-07,920.0999755859376,920.0999755859376,920.0999755859376,920.0999755859376,0,56.05679997453754,-1.3832837948510814,-5.141734240565534,3.7584504457144527,6.0303517933949635,1.0117581597814695,897.2020475534216,905.2234510945918,-1,0.0,0.01032169018656992,0.045686953127026975,0.046281498796856724,0.28895535325757243,0.2615935456255423,5.33,312.345,4.09,1.0,1.0
2024-03-08,912.0,912.0,912.0,912.0,0,53.56963389843831,-0.10742357250103396,-4.134872106952634,4.0274485344516,6.274546783794759,0.8240705454943088,898.6113763578577,905.4891981104902,-1,0.0,-0.008803364635217359,0.031440836246515946,0.02864879890987604,0.2906521508072899,0.26206964487987616,5.33,312.345,4.09,1.0,1.0
2024-03-11,937.7000122070312,937.7000122070312,937.7000122070312,937.7000122070312,0,59.68200499049603,2.9435496389894524,-2.719187757764217,5.66273739675367,7.1435599041543885,1.1328826241964332,902.3341035815885,906.7523672907467,-1,0.0,0.028179837946306296,0.041310396676325745,0.07608444564544214,0.2961733735461152,0.26606092198758363,5.33,312.345,4.1,1.0,1.0
2024-03-12,925.4000244140624,925.4000244140624,925.4000244140624,925.4000244140624,0,55.88976410830477,4.31917293357867,-1.3115156194956397,5.63068855307431,7.602631536823257,0.8884449831893237,904.530857946586,907.4836479622494,-1,0.0,-0.01311718847482879,0.04766221804925608,0.03849180761740123,0.29329576613813946,0.26672194680583794,5.33,312.345,4.16,1.0,1.0
2024-03-13,942.2999877929688,942.2999877929688,942.2999877929688,942.2999877929688,0,59.680578892291706,6.695864354909418,0.2899603753853717,6.405903979524046,8.17306918059769,1.0419094188725195,908.1279179319558,908.8489946222776,-1,0.0,0.018262332972821094,0.03469855623407403,0.07975246317451212,0.2857165087586675,0.24908160259910125,5.33,312.345,4.19,0.0,1.0
2024-03-14,933.4000244140624,933.4000244140624,933.4000244140624,933.4000244140624,0,56.90696655229074,7.771669793191222,1.7863022589465418,5.985367534244681,8.593145025831896,0.8725543279409731,910.5347852159659,909.8117801043084,1,0.0,-0.009444936319856767,0.014455004000684779,0.047351898147447224,0.28191695832952196,0.24769872479697716,5.33,312.345,4.29,1.0,1.0
2024-03-15,941.2000122070312,941.2000122070312,941.2000122070312,941.2000122070312,0,58.71774985665205,9.148192512729338,3.2586803097031014,5.889512203026237,9.247122234080077,0.9133376743348929,913.4552830246388,911.0426911671602,1,0.0,0.008356532664401062,0.0320175572445518,0.04682464438246425,0.281768314635714,0.24829408571925263,5.33,312.345,4.31,1.0,1.0
2024-03-18,918.5,918.5,918.5,918.5,0,51.884686282490975,8.311584638157228,4.269261175393927,4.042323462763301,9.312705841291217,0.6350101645578289,913.9357322603875,911.335134650801,1,0.0,-0.02411815970316633,-0.020475644616705146,0.01200972312391868,0.2956662984269143,0.2518498532352725,5.33,312.345,4.34,1.0,1.0
2024-03-19,898.9000244140625,898.9000244140625,898.9000244140625,898.9000244140625,0,46.81853662442049,5.997872898937203,4.614983520102583,1.3828893788346202,9.34669682372113,0.40965756930111236,912.503760084547,910.8474832689682,1,0.0,-0.02133911332165217,-0.028636264643259524,-0.01187203215130972,0.3058080569156435,0.25462365403622095,5.33,312.345,4.3,2.0,1.0
2024-03-20,897.0999755859375,897.0999755859375,897.0999755859375,897.0999755859375,0,46.37072420139919,3.9731903146957848,4.486624879021224,-0.513434564325439,9.139227390036162,0.37865949007902716,911.0367329894414,910.308365320614,1,0.0,-0.002002501701230175,-0.047967752088055926,0.013672288797669463,0.2889533061965899,0.2545739618658691,5.33,312.345,4.27,2.0,1.0
2024-03-21,910.7000122070312,910.7000122070312,910.7000122070312,910.7000122070312,0,50.24305528681273,3.4265252248536626,4.2746049481877115,-0.8480797233340489,9.123350559395348,0.537316941668436,911.0046643434976,910.3237240220421,1,0.0,0.015160001104905785,-0.02431970389253091,0.009981146587734191,0.2862138912724325,0.2552773303436116,5.33,312.345,4.27,2.0,1.0
2024-03-22,896.0999755859375,896.0999755859375,896.0999755859375,896.0999755859375,0,46.372036575298694,1.7945023587665219,3.7785844303034737,-1.9840820715369518,9.194648053995179,0.36793488909647476,909.5851701761109,909.7659299657244,-1,0.0,-0.016031664022614134,-0.04791759034866361,-0.010927179264969666,0.29166392582573336,0.25707309435270426,5.33,312.345,4.22,2.0,1.0
2024-03-25,906.7000122070312,906.7000122070312,906.7000122070312,906.7000122070312,0,49.41904965402727,1.3409887627026364,3.2910652967833065,-1.95007653408067,8.65602367641724,0.4757151472433837,909.3103932266747,909.645697896756,-1,0.0,0.011829078127318038,-0.012847019916133684,0.034101305691535355,0.268331455790177,0.25460077141432663,5.33,312.345,4.25,2.0,1.0
2024-03-26,908.5999755859376,908.5999755859376,908.5999755859376,908.5999755859376,12088,49.96777544702415,1.1219539497141113,2.8572430273694676,-1.7352890776553562,8.50046741147866,0.48965079144134127,909.2427344037474,909.6046891786847,-1,19.9801652892562,0.0020954707768026104,0.010790912124179597,0.017697119185705823,0.2612741592362513,0.2540475149006392,5.33,312.345,4.24,2.0,1.0
2024-03-27,903.7999877929688,907.7999877929688,888.7999877929688,895.9000244140625,3032,46.34831492903555,-0.07554183998161079,2.270686053899252,-2.346227893880863,8.113642872441831,0.3068986728301751,907.9720001190154,909.0672513447779,-1,4.008991141081582,-0.013977494511471011,-0.0013375891255500427,0.017259012145282027,0.26159586395729,0.2543741005054784,5.33,312.345,4.2,2.0,1.0
2024-03-28,897.9000244140625,909.0999755859376,891.9000244140625,907.7000122070312,88,49.97418463985016,-0.07158034882286302,1.8022327733548291,-1.8738131221776921,7.516709259530155,0.4438109813030495,907.9460965083503,909.0136341236898,-1,0.11572856391372963,0.013171098863052455,-0.003294169276148007,0.03159448462509262,0.26503754123805245,0.25562966284422417,5.33,312.345,4.2,2.0,1.0
2024-04-01,909.0,911.2999877929688,894.5,900.9000244140624,79,47.962580026128165,-0.6101100546325142,1.3197642077573606,-1.9298742623898748,7.082717511463682,0.3222735133376929,907.2750420231799,908.6954533507633,-1,0.10335579250343428,-0.007491448387705768,0.005356599663989714,0.018887143153670127,0.26662545127213516,0.2551148161672935,5.33,313.023,4.33,2.0,1.0
2024-04-02,910.9000244140624,924.7000122070312,910.9000244140624,922.2000122070312,166,54.1837535748294,0.6740621086836427,1.1906237879426171,-0.5165616792589744,7.027759331702037,0.6359889019290471,908.6964677549753,909.2250438941463,-1,0.21484501391315602,0.02364300945248865,0.017094959513975105,0.024097737042788836,0.27159175880089886,0.25659569097698726,5.33,313.023,4.36,2.0,1.0
2024-04-03,927.0,938.7999877929688,927.0,934.0,36,57.23404689074308,2.6138078485137157,1.475260600056837,1.1385472484568788,6.575033581816621,0.7987830190341177,911.1063279687871,910.1966108002582,1,0.046484601975595584,0.01279547564169814,0.027955123372837898,0.05739840700520249,0.2632177497270534,0.2577327202209009,5.33,313.023,4.36,2.0,1.0
2024-04-04,940.0,943.2999877929688,939.7999877929688,939.7999877929688,8,58.68987082462818,4.566441766640082,2.0934968333734862,2.472944933266596,6.9141491230971495,0.8521737467277305,913.8390574758521,911.3575275450704,1,0.010324578950764664,0.006209837037439714,0.04900096236476581,0.03195341517061734,0.24253666482476507,0.25669094410973103,5.33,313.023,4.31,2.0,1.0
2024-04-05,929.0,929.5,928.5,928.5,3,54.77742875306215,5.142820405429347,2.7033615477846586,2.4394588576446887,6.987085710445773,0.6655931383388793,915.2353377162472,912.0297813668324,1,0.003870967741935484,-0.012023822025690523,0.0229150462853851,0.009129469228290166,0.24488275733391987,0.2555857294269266,5.33,313.023,4.39,2.0,1.0
2024-04-08,961.9000244140624,965.5,961.9000244140624,961.9000244140624,2,62.69369656629045,8.200180883033681,3.8027254148344634,4.397455468199218,8.084128333124003,1.0580997359842557,919.6795935922296,913.9854771726061,1,0.0025803122177783513,0.03597202414007805,0.0677100658751495,0.05471493905050706,0.27141877181355983,0.2641329185910641,5.33,313.023,4.42,2.0,1.0
2024-04-09,969.9000244140624,982.2999877929688,969.9000244140624,972.4000244140624,4,64.78092675952672,11.33970626140706,5.310121584148982,6.029584677258077,9.337144121955589,1.0840970208262721,924.7005870038328,916.2762437310946,1,0.005159293176834774,0.010915895346188531,0.05443505914393909,0.03700545137603117,0.25689437343024896,0.26382663856826666,5.33,313.023,4.36,2.0,1.0
2024-04-10,966.0,966.0,958.7000122070312,964.5999755859376,2,62.005614514177225,13.04799482784449,6.857696232888085,6.190298594956406,10.144252299407615,0.9323658469013846,928.500528773557,918.1712920391277,1,0.0025793139025019345,-0.00802144038696917,0.032762286494579795,0.0423600066324783,0.25352878747684493,0.26449593917582803,5.33,313.023,4.55,2.0,1.0
2024-04-11,976.0999755859376,976.0999755859376,976.0999755859376,976.0999755859376,0,64.42546811088836,15.155081370462426,8.517173260402954,6.637908110059472,11.14292685634583,0.9879948913481036,933.0338094223551,920.4430051193948,1,0.0,0.01192204052567436,0.03862522692537573,0.035869668078988726,0.24922602561389154,0.2628400887061477,5.33,313.023,4.56,2.0,1.0
2024-04-12,990.5,990.5,990.5,990.5,0,67.23914942965212,17.781945066564617,10.370127621635287,7.41181744492933,12.65827769680554,1.0264717392646046,938.5067799535594,923.1903382519675,1,0.0,0.014752612205956028,0.06677436725901997,0.06117417408659476,0.24949827004293496,0.2622483304999222,5.33,313.023,4.5,2.0,1.0
2024-04-15,969.7999877929688,969.7999877929688,969.7999877929688,969.7999877929688,0,59.90438179084462,17.986102885268224,11.893322674361876,6.092780210906348,13.175138432149652,0.8244385570294068,941.4870854620746,925.0181676457323,1,0.0,-0.02089854841699268,0.008212873665034648,0.030386713998093784,0.26266084817160873,0.2627024861061015,5.33,313.023,4.63,2.0,1.0
2024-04-16,964.0,964.0,964.0,964.0,0,57.99541245650685,17.47840866988156,13.010339873465814,4.468068796415746,13.45994112001277,0.7524509415417955,943.6311725609246,926.5468669537429,1,0.0,-0.005980602047818251,-0.008638445293256747,0.04953728905824706,0.24618425173991473,0.26262104505576334,5.33,313.023,4.67,2.0,1.0
2024-04-17,942.7000122070312,942.7000122070312,942.7000122070312,942.7000122070312,2,51.504277760212986,15.182314076964303,13.444734714165513,1.7375793627987903,13.046026002065334,0.5671772658112839,943.5424906224586,927.1803236303425,1,0.0025789813023855577,-0.022095423021751825,-0.022703673992530815,0.04872620603333422,0.2471965631094208,0.26688267588455594,5.33,313.023,4.59,2.0,1.0
2024-04-18,942.2999877929688,946.0999755859376,940.0,945.2999877929688,24,52.20745010305495,13.417767202451842,13.439341211822779,-0.02157400937093712,12.51288488605132,0.5714798056816647,943.7098713053643,927.8908986955436,1,0.03089996137504828,0.002758009496415026,-0.03155413232592297,0.05372869637584099,0.24665392830109198,0.26690052404879744,5.33,313.023,4.64,2.0,1.0
2024-04-19,944.0999755859376,944.0999755859376,934.0999755859376,934.0999755859376,8,48.91702297415196,10.988930162287716,12.949259001915767,-1.9603288396280512,12.237466401867577,0.46524322535683943,942.7946431416094,928.1343919069316,1,0.010294685368678419,-0.011848103619656492,-0.05694096356795797,0.025694480141927212,0.24720275850918377,0.26741695299576645,5.33,313.023,4.62,2.0,1.0
2024-04-22,922.2000122070312,922.2000122070312,922.2000122070312,922.2000122070312,0,45.626614234035834,8.011480358003723,11.96170327313336,-3.950222915129636,11.633399288421534,0.3426571460342824,940.8332497192687,927.9016711343864,1,0.0,-0.01273949650993389,-0.04908226045069719,0.029126255252967193,0.24434691355358545,0.2653611531692129,5.33,313.023,4.62,2.0,1.0
2024-04-23,915.0999755859376,926.0,913.7000122070312,913.7000122070312,10,43.3819229787626,4.909358940311222,10.551234406568932,-5.64187546625771,11.46779833328695,0.25832367558533714,938.2491318609603,927.3447433333138,1,0.01286008230452675,-0.00921708944641797,-0.05217841057361905,0.007720304296634062,0.24395880500126216,0.260520401486006,5.33,313.023,4.61,2.0,1.0
2024-04-24,910.5,910.5,908.0999755859376,910.0,30,42.403979175705416,2.127817152779585,8.866550955811062,-6.738733803031478,11.433188395921471,0.22252419761641348,935.5587383503927,926.6645573202427,1,0.17172295363480253,-0.004049482497098689,-0.03468761194823222,0.0015408589606877854,0.24436409391124603,0.2576858478115505,5.33,313.023,4.65,2.0,1.0
2024-04-25,905.4000244140624,913.7000122070312,905.4000244140624,913.7000122070312,10,43.76908074772424,0.21945556193793436,7.137131877036437,-6.917676315098503,10.911384841681377,0.2369061549918125,933.4769549081677,926.1561437863913,1,0.423728813559322,0.004065947480254017,-0.0334285158087384,0.01986827470465835,0.2388496822279292,0.2575922222574417,5.33,313.023,4.7,2.0,2.0
2024-04-26,914.2999877929688,914.2999877929688,914.2999877929688,914.2999877929688,149,44.00085701924662,-1.230339148383905,5.46363767195237,-6.693976820336275,10.743039460293897,0.23554763885518737,931.6505770876726,925.6911964925316,1,5.590994371482177,0.0006566439508830513,-0.021196861482143614,0.007271097826571538,0.23453321790857054,0.25758245749614445,5.33,313.023,4.67,2.0,2.0
2024-04-29,939.7999877929688,954.0999755859376,939.7999877929688,954.0999755859376,18,56.73941392349009,0.8227305651721508,4.535456250596326,-3.712725685424175,10.027721013490973,0.6099530412016506,933.7886150398883,926.8052662609005,1,0.7627118644067796,0.043530557064801245,0.03459115480009878,0.0590520032524986,0.2760219834134809,0.2709871176591788,5.33,313.023,4.63,1.0,1.0
2024-04-30,941.2000122070312,941.2000122070312,941.2000122070312,941.2000122070312,0,52.56562123270201,1.392828212915333,3.9069306430601274,-2.5141024301447943,9.803308934286878,0.4627997260363021,934.49446238914,927.3697661019252,1,0.0,-0.013520557288542179,0.030097405748714,0.020602905821405004,0.27075940196261145,0.2683903705071029,5.33,313.023,4.69,1.0,1.0
2024-05-01,950.4000244140624,950.4000244140624,949.0,949.0,1,54.73387198107356,2.445834476393429,3.614711409726788,-1.1688769333333586,9.747165513601596,0.5391213514092574,935.8759421616029,928.2180105685163,1,0.07380073800738007,0.008287279740549991,0.04285714285714293,0.016059957173447437,0.26865869517772417,0.2688026412205462,5.33,313.175,4.63,1.0,1.0
2024-05-02,956.7000122070312,956.7000122070312,956.7000122070312,956.7000122070312,0,56.83167017902973,3.857212614136415,3.6632116506087136,0.19400096352770158,9.776105471771334,0.6130745936517091,937.8591869278341,929.3349518092424,1,0.0,0.008113816867261647,0.04706139807980736,0.017982575690121738,0.2692452688131342,0.268798770573289,5.33,313.175,4.58,1.0,1.0
2024-05-03,959.5999755859376,959.5999755859376,959.5999755859376,959.5999755859376,0,57.62811182537424,5.150372477475798,3.960643815982131,1.1897286614936675,9.675490429622945,0.6287294045718546,939.9297382286059,930.5218154867599,1,0.0,0.0030312149492048857,0.04954608815244388,0.0334948579277734,0.26488590931611333,0.2625634553066824,5.33,313.175,4.5,1.0,1.0
2024-05-06,959.2999877929688,959.2999877929688,959.2999877929688,959.2999877929688,0,57.509909192630474,6.080907560966693,4.384696564979044,1.6962109959876495,9.645964614766905,0.6272815820508532,941.7745239014023,931.650371263474,1,0.0,-0.0003126175496052097,0.005450175390516732,-0.002703021681153883,0.23305816917530547,0.2622138553373944,5.33,313.175,4.49,1.0,1.0
2024-05-07,960.2000122070312,981.4000244140624,960.0,981.4000244140624,40,63.45660526034814,8.503627056997402,5.208482663382716,3.2951443936146863,9.879448468489434,0.855349093159146,945.5483810930842,933.6013380536931,1,2.7210884353741496,0.023037670074340877,0.04271144462988863,0.009255450199544324,0.24409376568686839,0.26292716161344376,5.33,313.175,4.47,1.0,1.0
2024-05-08,973.7999877929688,978.5999755859376,973.7999877929688,978.5999755859376,3,62.26753625075889,10.081495962960162,6.183085323298205,3.8984106396619564,10.159526549488115,0.8089884828949903,948.6961519971655,935.365990505938,1,0.2033898305084746,-0.0028531167296399484,0.03119070135504498,0.014513788466038235,0.2423805693009733,0.25963904908575974,5.33,313.175,4.48,1.0,1.0
2024-05-09,984.7000122070312,984.7000122070312,984.7000122070312,984.7000122070312,0,63.85649286002405,11.689441805349134,7.284356619708391,4.4050851856407425,10.388116215422802,0.8595526919822633,952.1250910647718,937.300658023628,1,0.0,0.006233432222845892,0.029267272543883616,0.008810610425362686,0.23975869537543737,0.25554773911020556,5.33,313.175,4.45,1.0,1.0
2024-05-10,1001.0999755859376,1001.0999755859376,1001.0999755859376,1001.0999755859376,0,67.78437586350447,14.124274608896144,8.652340217545943,5.471934391350201,10.793312074730698,1.000672007208174,956.7893657810733,939.8025920456794,1,0.0,0.01665478132994913,0.04324718742792788,0.010701641177120358,0.2413175359692396,0.2542945815458127,5.33,313.175,4.5,1.0,1.0
2024-05-13,1005.2999877929688,1005.2999877929688,1005.2999877929688,1005.2999877929688,0,68.72185497255175,16.205990461707188,10.163070266378192,6.042920195328996,11.798365176393224,0.9787678160057204,961.4094250203015,942.3711173691025,1,0.0,0.0041953973723483085,0.04795163200807573,0.03660548612790704,0.22752700515333127,0.25393541738029396,5.33,313.175,4.48,1.0,2.0
2024-05-14,1039.300048828125,1039.300048828125,1039.300048828125,1039.300048828125,0,75.05119729323819,20.364536349629134,12.203363483028381,8.161172866600753,14.204244190854348,1.1189239032059375,968.8275796686656,946.1722519361231,1,0.0,0.03382081114891866,0.058997374132562674,0.07811208384660273,0.25113834073457786,0.2615544181624887,5.33,313.175,4.45,0.0,2.0
2024-05-15,1055.0,1063.300048828125,1055.0,1063.300048828125,1,78.37735370895648,25.305111773503768,14.82371314112346,10.481398632380309,17.10274247478635,1.1201028151856158,977.8249576838523,950.7654988730643,1,0.06802721088435375,0.023092464998016204,0.0865522944566528,0.12793044983498758,0.239797031974522,0.26493064959807094,5.33,313.175,4.36,0.0,1.0
2024-05-16,1065.4000244140625,1065.4000244140625,1065.4000244140625,1065.4000244140625,0,78.64562092054841,29.055075052357893,17.669985523370347,11.385089528987546,19.315340881819473,1.0247611536733026,986.1654402295866,955.2609704629074,1,0.0,0.0019749604904579776,0.08195390596792662,0.1270496542600157,0.23995408886436145,0.2573930009612933,5.33,313.175,4.38,0.0,2.0
2024-05-17,1084.5999755859375,1084.5999755859375,1084.5999755859375,1084.5999755859375,2,80.9702916404067,33.19358854035772,20.774706126767825,12.418882413589898,21.545952518095664,1.0223851801204105,995.5401578825724,960.3330883108694,1,0.15151515151515152,0.018021354169232673,0.08340825295808019,0.16111765756721597,0.23369379687293787,0.25718282440479756,5.33,313.175,4.42,0.0,2.0
2024-05-20,1059.699951171875,1059.699951171875,1059.699951171875,1059.699951171875,0,70.28425037813273,34.071412390627756,23.434047379539813,10.637365011087944,22.05889274845349,0.859940925003917,1001.6506143863155,964.2298280309088,1,0.0,-0.022957795477185683,0.054113164268842384,0.1490999101548216,0.24814611205810097,0.26273626058275695,5.33,313.175,4.44,0.0,2.0
2024-05-21,1056.699951171875,1056.699951171875,1056.699951171875,1056.699951171875,0,69.10098663642262,34.131571676273666,25.573552238886585,8.558019437387081,21.892722193991382,0.8131679136018785,1006.8934083658926,967.8561073697703,1,0.0,-0.0028309900332470495,0.01674194316008104,0.15650644309331807,0.24358610038043463,0.2524861542158514,5.33,313.175,4.41,1.0,2.0
2024-05-22,1044.0999755859375,1044.0999755859375,1044.0999755859375,1044.0999755859375,0,64.211434888555,32.784614982374364,27.015764787584143,5.768850194790222,20.974990846173025,0.7322244463726953,1010.4368909582778,970.8460629860906,1,0.0,-0.011923891519029728,-0.018057060434962025,0.14736261053399735,0.25002665661666373,0.2523923738930966,5.33,313.175,4.43,0.0,2.0
2024-05-23,1025.699951171875,1025.699951171875,1025.699951171875,1025.699951171875,2,57.781494482106744,29.887884969993706,27.590188824066058,2.297696145927649,19.588948031734468,0.6248942910815394,1011.8905157405252,972.9971958561214,1,0.18518518518518517,-0.017622856856918,-0.037263067704566,0.12257845843113135,0.2648642587729953,0.25366866041284464,5.33,313.175,4.47,0.0,2.0
2024-05-24,1034.800048828125,1034.800048828125,1034.800048828125,1034.800048828125,2,59.91917856516789,28.003698192473394,27.672890697747526,0.33080749472586746,17.96577813900345,0.6523571778677282,1014.0723760345824,975.4208371491411,1,0.5797101449275363,0.008872085492305004,-0.04591547840567567,0.13179488422178776,0.2643555988864851,0.2538884758036655,5.33,313.175,4.46,0.0,2.0
2024-05-28,1061.699951171875,1061.699951171875,1061.699951171875,1061.699951171875,2,65.4828881378179,28.354214172635807,27.809155392725184,0.5450587799106223,17.775177595257173,0.772732247006769,1018.6083355714674,978.8043318166993,1,0.7547169811320755,0.02599526582378231,0.0018873266888312923,0.11277641582566589,0.23902041231585522,0.25818627056812493,5.33,313.175,4.54,0.0,2.0
2024-05-29,1042.699951171875,1042.699951171875,1042.699951171875,1042.699951171875,59,59.22900377201329,26.79004049130856,27.60533241244186,-0.8152919211333014,16.626448227675127,0.6478382979118464,1020.9027751524586,981.3100423796475,1,10.535714285714286,-0.017895828269586245,-0.013248794025658928,0.10784098772675876,0.24416148031547397,0.25976897286034084,5.33,313.175,4.61,0.0,2.0
2024-05-30,1034.800048828125,1038.300048828125,1032.699951171875,1032.9000244140625,11,56.24525780418697,24.477488145015172,26.979763558956524,-2.5022754139413514,15.398336092724302,0.5700340359141984,1022.0453703202304,983.3331789300167,1,1.8032786885245902,-0.009398606710203206,-0.010726895348876608,0.08840887714864332,0.24917895151048045,0.25702118511906563,5.33,313.175,4.55,0.0,2.0
2024-05-31,1028.0,1037.699951171875,1028.0,1037.699951171875,2,57.377813595839875,22.76961379005229,26.13773360517568,-3.3681198151233893,14.225263763200802,0.5806486294024583,1023.5362827822918,985.4652092140112,1,0.3225806451612903,0.004647039059308078,0.011699327845623664,0.08466597463292946,0.24877359284810513,0.2503900116102258,5.33,313.175,4.51,0.0,2.0
2024-06-03,1018.5,1018.5,1018.5,1018.5,2,51.6218476261242,19.64043277698238,24.83827343953702,-5.19784066255464,12.925098419072926,0.4219826395916783,1023.0566368030259,986.7606912056186,1,0.31746031746031744,-0.01850241117405127,-0.015751882546376272,0.0613797685625177,0.2615717291599407,0.2534024965216623,5.33,313.044,4.41,1.0,2.0
2024-06-04,991.5999755859376,991.5999755859376,991.5999755859376,991.5999755859376,2,44.83553568476055,14.819101741951386,22.834439100019893,-8.015337358068507,11.838141723889391,0.1812055190295347,1020.0607643061603,986.9504670636704,1,0.3125,-0.02641141326859342,-0.06602616446253295,0.03367037235899528,0.28204035742072336,0.2591820800338407,5.33,313.044,4.33,1.0,2.0
2024-06-05,996.0,996.0,996.0,996.0,2,46.08408120308487,11.223826078112097,20.512316495638334,-9.288490417526237,11.431670971569268,0.20123606049718132,1017.7692629436689,987.3053507082324,1,0.4444444444444444,0.004437297824117392,-0.04478752599862468,0.014876681498611655,0.2711254418024503,0.2533771248214983,5.33,313.044,4.29,0.0,2.0
2024-06-06,1008.2999877929688,1008.2999877929688,1008.2999877929688,1008.2999877929688,2,49.523377114058704,9.260303418097465,18.261913880130162,-9.001610462032698,10.6370670506512,0.2778324261558379,1016.8674272150307,988.1286698095946,1,0.449438202247191,0.012349385334305962,-0.02381647404360232,0.0303494920784646,0.2737710354458368,0.25265340133640046,5.33,313.044,4.28,0.0,2.0
2024-06-07,967.7999877929688,967.7999877929688,967.7999877929688,967.7999877929688,25,40.38776966859833,4.3856312096176,15.48665734602765,-11.10102613641005,11.294361952762968,-0.049673075339189424,1012.1943377462629,987.3314665932563,1,4.385964912280701,-0.04016661756452955,-0.06736047669653278,-0.017162612170770752,0.31164567262375803,0.2647383175932664,5.33,313.044,4.43,1.0,1.0
2024-06-10,972.5,972.5,972.5,972.5,25,41.73112969623134,0.8913946273568172,12.567604802293484,-11.676210174936667,12.12552469673254,0.03635623878045954,1008.4139246275712,986.7498404523443,1,3.597122302158273,0.004856387958579678,-0.04516445753559151,-0.028568550877446808,0.30570791761590044,0.2640697888322029,5.33,313.044,4.47,1.0,1.0
2024-06-11,955.5999755859376,955.5999755859376,955.5999755859376,955.5999755859376,25,38.38181760394173,-3.2045635556200978,9.413171130710769,-12.617734686330866,13.580044235725932,-0.01824789070460816,1003.3840247188442,985.5282771242499,1,3.048780487804878,-0.017377917135282694,-0.036304962571956034,-0.04943799145580652,0.31008597437245294,0.266182586273833,5.33,313.044,4.39,1.0,1.0
2024-06-12,968.2000122070312,968.2000122070312,968.2000122070312,968.2000122070312,25,42.112186494111434,-5.371997232843796,6.456137457999856,-11.828134690843651,14.491446064201071,0.12148613787822857,1000.0331663843858,984.8487373235747,1,2.6455026455026456,0.013185471895149181,-0.02791163433028987,-0.0684114627929282,0.28658397420142045,0.2624100534811287,5.33,313.044,4.31,0.0,1.0
2024-06-13,951.2999877929688,951.2999877929688,951.2999877929688,951.2999877929688,25,38.72574994984129,-8.357059785262322,3.4934980093474204,-11.850557794609742,15.394439228621188,0.06968066083034527,995.3919112804414,983.5331000870804,1,2.347417840375587,-0.01745509626212316,-0.056530795090819375,-0.10533250812749684,0.27284613717965717,0.26108501546318436,5.33,313.044,4.24,1.0,1.0
2024-06-14,955.2999877929688,955.2999877929688,955.2999877929688,955.2999877929688,25,39.95646843050508,-10.281458539604387,0.7385066995570592,-11.019965239161445,15.790150760997616,0.13759203196219802,991.573632853063,982.4259192128015,1,2.100840336134454,0.004204772470648432,-0.012915891876074337,-0.10334149999822406,0.27377322169950136,0.26109513443096766,5.33,313.044,4.2,1.0,1.0
2024-06-17,963.2000122070312,967.7999877929688,961.2000122070312,967.7999877929688,8,43.75814412123736,-10.674859745546428,-1.5441665894636383,-9.13069315608279,14.935568094710295,0.23652143827901248,989.3094761806731,981.8523532747689,1,0.6557377049180328,0.013084894964647376,-0.004832917436536022,-0.10768946194182738,0.26878103601609926,0.2606598668457545,5.33,313.044,4.28,1.0,1.0
2024-06-18,974.0999755859376,974.0999755859376,974.0999755859376,974.0999755859376,8,45.62671172127819,-10.358866111497264,-3.307106493870364,-7.0517596176268995,14.463688573161953,0.2996824369053769,987.8609523145078,981.5483384634422,1,0.6349206349206349,0.006509596892365854,0.01935956516601678,-0.08077755924332752,0.2637273638594176,0.2584088715864328,5.33,313.044,4.22,1.0,1.0
2024-06-20,981.5999755859376,981.5999755859376,981.5999755859376,981.5999755859376,8,47.84810524499475,-9.394952396940198,-4.524675674484331,-4.870276722455867,13.758064873207006,0.37047216087334933,987.2646688165487,981.5503634486381,1,0.6153846153846154,0.007699415037443869,0.013840077680190133,-0.07107029341929272,0.2670694810515955,0.2578432759407679,5.33,313.044,4.25,1.0,1.0
2024-06-21,993.7000122070312,993.7000122070312,993.7000122070312,993.7000122070312,8,51.304615184682326,-7.567439273061154,-5.133228394199696,-2.4342108788614585,13.16833957857483,0.4756998460601628,987.8775586632613,982.0268202626928,1,0.5970149253731343,0.012326850980075577,0.04457061385276706,-0.04827120444153099,0.270904750410752,0.25881151936751656,5.33,313.044,4.25,0.0,2.0
2024-06-24,999.0999755859376,999.0999755859376,999.0999755859376,999.0999755859376,8,52.80784822107336,-5.618622062894815,-5.23030712793872,-0.38831493495609504,12.919875684003157,0.5275217420911599,988.9463602749448,982.6963557655652,1,0.5839416058394161,0.005434198764789011,0.04584945917790706,-0.025933486255455662,0.26599153922204166,0.2568793718873329,5.33,313.044,4.25,0.0,2.0
2024-06-25,983.7000122070312,983.7000122070312,983.7000122070312,983.7000122070312,8,48.234734909260176,-5.256228198399299,-5.235491342030836,-0.020736856368462675,12.464862283239505,0.4248245100945491,988.4467080780007,982.7357148417011,1,0.5714285714285714,-0.015413836207807785,0.016429039692717806,-0.04938155605903072,0.26772033734985257,0.25820973718009427,5.33,313.044,4.23,0.0,2.0
2024-06-26,1020.7000122070312,1020.7000122070312,1020.7000122070312,1020.7000122070312,7691,57.710472814359335,-1.9608343934709183,-4.580559952318853,2.619725558847935,11.096662296636401,0.7705004580351467,991.5184513283846,984.2245108168121,1,19.30229639854436,0.03761309295603921,0.04783906969411733,-0.03861725614622957,0.2858200052716569,0.26758982425840994,5.33,313.044,4.32,0.0,2.0
2024-06-27,1016.5,1016.7000122070312,986.4000244140624,991.7000122070312,3307,49.98699991525483,-1.6700177725900858,-3.9984515163731,2.3284337437830143,10.039215441912324,0.5332065141861606,991.5357428406367,984.5176677340756,1,5.8964072390122135,-0.028411873864186754,0.01028936111684886,-0.048911423566794676,0.2962224719569316,0.2712088449173968,5.33,313.044,4.29,0.0,2.0
2024-06-28,988.9000244140624,1012.4000244140624,987.5,1001.9000244140624,67,52.399973491533714,-0.6094622636742315,-3.3206536658333263,2.711191402159095,9.270424480633316,0.6644523732377605,992.5228172762011,985.1993287803497,1,0.1188680919010024,0.010285380741632766,0.008251999704436574,-0.03001258521373895,0.2983384195760156,0.27080667873927516,5.33,313.044,4.36,0.0,2.0
2024-07-01,983.2000122070312,990.7999877929688,978.2999877929688,978.2999877929688,21,46.77662253817625,-1.6542212704664507,-2.9873671867599514,1.3331459162935007,8.015146628163142,0.42917804830859063,991.1682620873218,984.9287663886877,1,0.03719447396386823,-0.02355528101209059,-0.02081872515387706,-0.0572419448529663,0.30752000043529243,0.2753821467450599,5.33,313.569,4.48,0.0,2.0
2024-07-02,998.2000122070312,1003.5999755859376,998.2000122070312,998.2000122070312,2,51.50276407927194,-0.8664467923815664,-2.5631831078842744,1.696736315502708,7.481916218567713,0.7084652741035733,991.8379525749132,985.4492074011717,1,0.0035423308537017354,0.02034143377529496,0.014740266158447701,-0.019931259492360076,0.31201980433751797,0.2769189744364707,5.33,313.569,4.43,0.0,2.0
2024-07-03,1002.0,1002.0,1002.0,1002.0,0,52.372476296451076,0.06376240091185537,-2.0377940061250484,2.1015564070369037,7.63361427093103,0.7479079541721514,992.8057666153976,986.0982580913219,1,0.0,0.0038068400586039886,-0.018320772002928365,0.010488124919443509,0.29705578380198466,0.2677043329293433,5.33,313.569,4.36,0.0,2.0
2024-07-05,1039.0999755859375,1039.199951171875,1032.300048828125,1035.300048828125,7,59.26629489138797,3.448246291907708,-0.9405859465184971,4.388832238426205,8.848512935144234,1.0728348589869832,996.8528411118479,988.0277400810005,1,0.01239486498450642,0.03323358166479551,0.043964945128982746,0.03945788034952313,0.3181784159911433,0.27489363276206363,5.33,313.569,4.28,0.0,2.0
2024-07-08,1003.7000122070312,1003.7000122070312,1003.7000122070312,1003.7000122070312,0,51.62925427287817,3.539810563889432,-0.0445066444369113,3.5843172083263433,8.761182956073469,0.7152162291255993,997.5049526447225,988.6423389879037,1,0.0,-0.030522587782027433,0.0017965742580170474,-0.004562110127568464,0.3360998577888548,0.28206532748760105,5.33,313.569,4.28,0.0,1.0
2024-07-09,996.2999877929688,996.2999877929688,989.7000122070312,989.7000122070312,6,48.63887692368951,2.454400115283761,0.45527470750722315,1.9991254077765377,8.60779102409569,0.5409935089088457,996.76162498399,988.683816369046,1,0.010643959552953698,-0.013948390783831366,0.011652892319645947,0.02262866779323347,0.304911939165964,0.28267016255623684,5.33,313.569,4.3,0.0,1.0
2024-07-10,997.5,997.5,997.5,997.5,26,50.36383649000273,2.1982581904275094,0.8038714040912804,1.394386786336229,8.55276277885895,0.6187600967605931,996.8319464140862,989.029549060456,1,0.04611973392461197,0.00788116368269498,-0.0007012744925574133,0.02570694087403602,0.30558496411616204,0.2815309760635391,5.33,313.569,4.28,1.0,1.0
2024-07-11,994.5,1012.4000244140624,994.5,1005.5,8,52.13927024092411,2.6107024579569043,1.1652376148644052,1.445464843092499,8.131892757420653,0.6929744026343511,997.6574753270304,989.6754490973009,1,0.014212115828744005,0.008020050125313372,0.003493013972055925,0.05221852834756047,0.29809637576513426,0.27845564739927525,5.33,313.569,4.2,0.0,1.0
2024-07-12,1004.5,1004.5,996.0999755859376,999.0,25,50.55694717231509,2.3855724401184943,1.409304579915223,0.9762678602032713,7.895934878827868,0.595735511896695,997.7853348196942,990.0411177601519,1,0.044412861964825016,-0.006464445549477893,-0.03506234629198912,0.03181159616261464,0.29700383033997696,0.2785067276061842,5.33,313.569,4.18,0.0,1.0
2024-07-15,990.4000244140624,1015.2000122070312,990.4000244140624,998.5,22,50.4301639101362,2.142116472409043,1.5558669584139873,0.5862495139950559,6.960781450684619,0.566998350977653,997.8533981701995,990.3728386323029,1,0.03909373611728121,-0.0005005005005005447,-0.005180843024597537,0.0496163279855979,0.28843920738398365,0.2743901357607991,5.33,313.569,4.23,1.0,1.0
2024-07-16,1000.0,1010.0,1000.0,1000.0,3,50.828546239863265,2.0466211532930174,1.6540177973897934,0.39260335590322404,5.978446204300696,0.5654896998610102,998.0578364397043,990.7503743722126,1,0.005341404789459628,0.001502253380070151,0.010407181636786778,0.04679159717179715,0.28837790284945525,0.27436712436462407,5.33,313.569,4.17,0.0,2.0
2024-07-17,996.9000244140624,996.9000244140624,996.9000244140624,996.9000244140624,0,49.93535910418861,1.701188065611177,1.6634518510340701,0.037736214577106963,5.372505600181271,0.4877787783441935,997.9475686277384,990.9915371189518,1,0.0,-0.0030999755859376643,-0.0006014792841479988,0.03006823412702775,0.2860995948815904,0.2731951869899786,5.33,313.569,4.16,0.0,2.0
2024-07-18,974.7000122070312,974.7000122070312,974.7000122070312,974.7000122070312,0,43.97563067279859,-0.3597782967016201,1.2588058214869322,-1.6185841181885523,5.351500380072735,0.07132778139847398,995.7335156352901,990.3526537890726,1,0.0,-0.022269045705038848,-0.03063151446341994,0.000615990797795396,0.29766292351495405,0.2760125303686543,5.33,313.569,4.2,0.0,2.0
2024-07-19,963.0,963.0,962.5,962.5,4,41.07440626254712,-2.9436158415622913,0.41832148887708753,-3.3619373304393787,6.0334823518733005,-0.06758953972558007,992.5684189081196,989.2603928561679,1,0.007134575938642647,-0.012516684163578207,-0.036536536536536546,-0.01945800332211345,0.2994518076940571,0.27662215863210204,5.33,313.569,4.25,0.0,2.0
2024-07-22,961.0,961.0,945.4000244140624,945.4000244140624,5,37.354499329077335,-6.298545123262329,-0.9250518335507958,-5.373493289711533,7.537080634952079,-0.15143288136384261,988.0761908610665,987.5403784074579,1,0.008920606601248885,-0.017766208400974093,-0.053179745203743245,-0.04860620629931711,0.3009188616312697,0.2791254817617238,5.33,313.569,4.26,0.0,2.0
2024-07-23,945.0,945.0,945.0,945.0,5,37.26946591031748,-8.887183458214508,-2.5174781584835384,-6.36970529973097,8.685799787080082,-0.04005689272777912,983.9736964933459,985.8721282738321,-1,0.00892299455697332,-0.00042312714589820555,-0.05500000000000005,-0.054148710747600415,0.2995934310498777,0.27904191839578296,5.33,313.569,4.25,0.0,2.0
2024-07-24,958.7999877929688,958.7999877929688,958.7999877929688,958.7999877929688,0,42.160992723991946,-9.713186734783903,-3.9566198737436116,-5.756566861040292,9.143910953776432,0.15250816770693254,981.5762004266433,984.8104757059551,-1,0.0,0.01460316168568121,-0.03821851307856805,-0.025312619807939973,0.301600326504564,0.28050000726467234,5.33,313.569,4.28,0.0,2.0
2024-07-25,941.2000122070312,941.2000122070312,934.9000244140624,934.9000244140624,1,36.8078467949361,-12.156198497538412,-5.596535598502572,-6.55966289903584,9.945525136232824,-0.020852339109429123,977.130850330207,982.8532031062731,-1,0.005699629524080935,-0.024926954196068496,-0.040833063808883074,-0.08405994588698584,0.2768674356839344,0.271621991415065,5.33,313.569,4.27,1.0,2.0
2024-07-26,934.0999755859376,934.0999755859376,934.0999755859376,934.0999755859376,0,36.64013667071904,-13.995528434731568,-7.276334165748372,-6.7191942689831965,10.960124083881578,0.045283114321209184,973.0326717831337,980.9413118309659,-1,0.0,-0.0008557586985048493,-0.02950651887175315,-0.05808211748722736,0.2615047830787771,0.27021378254861594,5.33,313.569,4.2,1.0,2.0
2024-07-29,949.0,949.0,949.0,949.0,274,41.945441748585445,-14.088499760644595,-8.638767284727617,-5.449732475916978,11.240116676098067,0.21461939052284518,970.7438458990257,979.6887113670065,-1,13.398533007334963,0.015951209510219666,0.0038078860725319075,-0.05279970368799991,0.2659712090725278,0.27165846526945187,5.33,313.569,4.17,1.0,2.0
2024-07-30,955.0,965.0,955.0,965.0,8,47.07063774475298,-12.724434562876809,-9.455900740357457,-3.268533822519352,11.33087752850053,0.36682362441865574,970.1968129562614,979.1126834702611,-1,0.40404040404040403,0.01685985247629085,0.021164021164021163,-0.013594999446921552,0.26218129446879196,0.27332770009224244,5.33,313.569,4.15,1.0,2.0
2024-07-31,982.2000122070312,982.2000122070312,982.2000122070312,982.2000122070312,8,51.97861243020166,-10.138633966197176,-9.592447385525402,-0.5461865806717743,11.212043609659945,0.5292901031027957,971.3399747896681,979.2337551854285,-1,0.3980099502487562,0.017823846846664493,0.024405532657469253,-0.016028851737462713,0.25971415987273755,0.27562430404449734,5.33,313.569,4.09,1.0,2.0
2024-08-01,965.4000244140624,965.4000244140624,965.4000244140624,965.4000244140624,8,47.359314683815704,-9.337351795973518,-9.541428267615025,0.20407647164150688,11.07828183528097,0.3914109201836774,970.7742652300866,978.6912559394926,-1,0.3902439024390244,-0.017104446736076473,0.032623809181217656,-0.036526921742452756,0.2654479375076257,0.27798445167605523,5.33,314.062,3.99,2.0,2.0
2024-08-02,967.2000122070312,967.2000122070312,962.7000122070312,962.7000122070312,1,46.64190212862284,-8.818543641561632,-9.396851342404346,0.5783077008427142,9.728649670698045,0.3857048020582479,970.0052887517004,978.0641483421413,-1,0.04950495049504951,-0.002796780752797101,0.0306177468885529,-0.07012463362990373,0.23195495826490928,0.2739884114533731,5.33,314.062,3.8,1.0,2.0
2024-08-05,911.0,911.0,911.0,911.0,1,35.540132569584685,-12.435791290471457,-10.004639332017769,-2.431151958453688,10.837382983248066,-0.05132120102161945,964.3857374420146,975.4341817404887,-1,0.04938271604938271,-0.05370313862207887,-0.04004214963119068,-0.09235828542354363,0.28062169109419766,0.296159369358659,5.33,314.062,3.78,2.0,1.0
2024-08-06,911.2999877929688,915.4000244140624,911.2999877929688,915.4000244140624,1,36.91633399315785,-14.777099708404762,-10.959131407295168,-3.8179683011095946,11.69770700647954,0.0591363392112834,959.7204314393525,973.079901061021,-1,0.05,0.0048298840988609815,-0.05139893843102339,-0.07507324126154136,0.28040716977701957,0.29602404525887677,5.33,314.062,3.9,2.0,1.0
2024-08-07,924.0999755859376,924.0999755859376,924.0999755859376,924.0999755859376,1,39.65947475320071,-15.749044959930416,-11.917114117822218,-3.831930842108198,11.878954851361573,0.17250835980183327,956.3280070723606,971.1591196698413,-1,0.05333333333333334,0.009503988354647497,-0.05915295856140468,-0.07358398437499991,0.2813580329804816,0.29456782168596013,5.33,314.062,3.96,2.0,1.0
2024-08-08,934.2999877929688,934.2999877929688,934.2999877929688,934.2999877929688,1,42.799955230919856,-15.51738804406989,-12.637168903071753,-2.880219140998136,11.381075750595073,0.2831218848609829,954.2301004743233,969.713663517807,-1,0.05434782608695653,0.011037779976742934,-0.03221466318065347,-0.07081055415915594,0.28321610635406685,0.2954388531562825,5.33,314.062,3.99,2.0,1.0
2024-08-09,928.2999877929688,928.2999877929688,927.5999755859376,927.5999755859376,2,41.280150238424554,-15.693528037685269,-13.248440729994456,-2.4450873076908124,11.024722309354749,0.24552612097519558,951.6938981040008,968.0621463440083,-1,0.11594202898550725,-0.007171157331231637,-0.03645999395037436,-0.07147149590997237,0.2833210969650787,0.2867779758919757,5.33,314.062,3.94,2.0,2.0
2024-08-12,945.0999755859376,945.0999755859376,945.0999755859376,945.0999755859376,2,46.61264117739188,-14.256674436811977,-13.45008747135796,-0.8065869654540165,10.224033825934614,0.4321187363860735,951.0659054832329,967.1616690593781,-1,0.12307692307692308,0.018865890966572874,0.037431367273257576,-0.053480244781234254,0.2941833421827713,0.28537560221507796,5.33,314.062,3.9,2.0,2.0
2024-08-13,943.0999755859376,943.0999755859376,943.0999755859376,943.0999755859376,2,46.097414445530035,-13.128009371320786,-13.385671851350526,0.25766248002974024,9.146223442073461,0.4336286847426641,950.3072454930143,966.2180732368903,-1,0.1234567901234568,-0.0021161782368686044,0.030259941482529085,-0.05690002441406239,0.29377018917905345,0.2852576725554423,5.33,314.062,3.85,2.0,2.0
2024-08-14,927.5999755859376,927.5999755859376,927.5999755859376,927.5999755859376,2,42.2039668376888,-13.330587916918034,-13.37465506446403,0.044067147545995056,8.09363730528809,0.26743652692950265,948.144648359007,964.7036380348922,-1,0.12269938650306748,-0.016435161065898707,0.0037874689887107404,-0.06951554532146442,0.29773944999491175,0.28372556062967824,5.33,314.062,3.83,2.0,2.0
2024-08-15,960.0,960.0,960.0,960.0,50,51.43730730864123,-10.752770437652657,-12.850278139101755,2.097507701449098,7.728229041878768,0.71012122243361,949.273729467673,964.519181641367,-1,2.6595744680851063,0.034928875880571475,0.02750723808499722,-0.015081575893023502,0.31756117042450055,0.29030391259861227,5.33,314.062,3.92,2.0,1.0
2024-08-16,957.2999877929688,957.2999877929688,957.2999877929688,957.2999877929688,50,50.71026155441179,-8.82595976314633,-12.04541446391067,3.2194547007643415,7.637055873056012,0.6788576239946456,950.038135022463,964.2360760002534,-1,2.3696682464454977,-0.0028125127156575225,0.032018125257356145,-0.005402610085227244,0.31461051476711405,0.2903035911497785,5.33,314.062,3.89,1.0,2.0
2024-08-19,958.9000244140624,958.9000244140624,958.9000244140624,958.9000244140624,50,51.150906612014325,-7.088131273310296,-11.053957825790597,3.9658265524803014,7.7481581631167336,0.6887996791157559,950.8821244883296,964.0268190753048,-1,2.141327623126338,0.0016714056633202468,0.014601681498900732,0.014279669612201396,0.30763768314154477,0.2895727943503655,5.33,314.062,3.86,2.0,2.0
2024-08-20,951.5999755859376,951.5999755859376,951.5999755859376,951.5999755859376,50,48.998635856701036,-6.228148388379509,-10.08879593830838,3.8606475499288706,7.768756906473022,0.5843471618314084,950.9504912595304,963.5394918796434,-1,1.953125,-0.007612940496675269,0.009012830261944549,0.006984101149140276,0.30905395590896323,0.2878665528681045,5.33,314.062,3.82,2.0,2.0
2024-08-21,969.4000244140624,980.2000122070312,968.2000122070312,968.2000122070312,4,53.76296254432299,-4.159177128265355,-8.902872176299775,4.74369504803442,7.955877175882541,0.7966674844061059,952.59330277834,963.7222573826782,-1,0.15503875968992248,0.017444343260803796,0.0437689065218525,0.009803947156591164,0.31090586393881425,0.28964904565913757,5.33,314.062,3.79,1.0,2.0
2024-08-22,948.5999755859376,948.5999755859376,948.5999755859376,948.5999755859376,0,48.05488571981881,-4.054325904180359,-7.933162921875892,3.878837017695533,7.8810809791082885,0.5273458989051938,952.2129859028731,963.1292267239825,-1,0.0,-0.020243788859716005,-0.011875025431315023,0.01465392107617225,0.3060741758173342,0.28684824561585837,5.33,314.062,3.86,2.0,1.0
2024-08-23,960.4000244140624,960.4000244140624,960.4000244140624,960.4000244140624,0,51.4003137266669,-2.9846599286031505,-6.943462323221344,3.9588023946181936,7.871114535673965,0.6678770725161896,952.9927038563197,963.022199182417,-1,0.0,0.012439436149928262,0.0032383126090294034,0.02815549675143436,0.30875207115777087,0.28629338135932,5.33,314.062,3.81,1.0,2.0
2024-08-26,968.5999755859376,968.5999755859376,968.5999755859376,968.5999755859376,0,53.63496480482956,-1.4584621627609522,-5.846462291129266,4.388000128368314,8.090811376843709,0.7571963316846693,954.4791106877119,963.2409355119669,-1,0.0,0.008538058062709908,0.010115706460433582,0.020653293557363117,0.3052851317824652,0.28649414088344777,5.33,314.062,3.82,1.0,2.0
2024-08-27,959.0,959.0,959.0,959.0,0,50.69600569227458,-1.0119125392526485,-4.879552340753943,3.8676398015012943,8.005256070164489,0.6375532568722468,954.9096715745965,963.0746243154192,-1,0.0,-0.009911187102942365,0.007776402484148681,-0.006217616580310836,0.3017593931960426,0.2868137086511076,5.33,314.062,3.83,1.0,2.0
2024-08-28,933.7000122070312,933.7000122070312,933.7000122070312,933.7000122070312,57,43.87297268406715,-2.6687526007378892,-4.437392392750732,1.7686397920128432,7.430853436151656,0.32320049450695676,952.8897040157807,961.9226787425413,-1,4.042553191489362,-0.026381634820613953,-0.035633133200811073,-0.04937894461131098,0.30777404352516763,0.2893619344593552,5.33,314.062,3.84,2.0,2.0
2024-08-29,936.4000244140624,943.2000122070312,936.4000244140624,941.4000244140624,29,46.24426094805624,-3.322187542927736,-4.214351422786133,0.8921638798583968,7.209251708748031,0.448181915885561,951.7954488156171,961.1178687688755,-1,1.914191419141914,0.008246773167358334,-0.007590081548787597,-0.0248601609623601,0.3048804490957862,0.28513890420263616,5.33,314.062,3.87,2.0,2.0
2024-08-30,927.7999877929688,927.7999877929688,927.7999877929688,927.7999877929688,29,42.80444996312853,-4.881181515352523,-4.3477174412994115,-0.5334640740531116,7.170583404155298,0.2725183782792496,949.51016681346,959.811285201193,-1,1.7522658610271902,-0.014446607465894656,-0.03394422718906409,-0.0362522322338531,0.3085007562910568,0.2862846667418817,5.33,314.062,3.91,2.0,2.0
2024-09-03,905.2999877929688,905.2999877929688,905.2999877929688,905.2999877929688,29,37.79552789071979,-7.841861334028977,-5.046546219845324,-2.7953151141836523,7.4180618333036215,-0.03756605049089009,945.2996735734132,957.6735872636156,-1,1.615598885793872,-0.024250916464789496,-0.06535204355614055,-0.00625687399235042,0.252255006923882,0.28882745190744297,5.13,314.732,3.84,2.0,1.0
2024-09-04,903.7999877929688,903.7999877929688,903.7999877929688,903.7999877929688,29,37.480640131623545,-10.191774453117091,-6.0755918664996775,-4.1161825866174135,7.873694480621045,-0.01916972916807887,941.3473225467042,955.5608970882961,-1,1.4987080103359172,-0.001656909334172063,-0.05755997101880217,-0.012672095599427946,0.25155400438036135,0.2770344035071332,5.13,314.732,3.77,2.0,1.0
2024-09-05,925.9000244140624,925.9000244140624,925.9000244140624,925.9000244140624,29,44.78019903340123,-10.153763013077423,-6.891226095815227,-3.262536917262196,7.837098082499668,0.2764621234053446,939.8761512959763,954.3977256108752,-1,1.3975903614457832,0.02445235330779405,-0.008353847800142589,0.0019478940327679606,0.26445918015675424,0.2816063375091613,5.13,314.732,3.73,2.0,1.0
2024-09-06,914.2999877929688,914.2999877929688,914.2999877929688,914.2999877929688,29,42.007756021340235,-10.93362861799892,-7.699706600251966,-3.233922017746954,8.240699013477295,0.1505486131694104,937.4403262004519,952.8252653042907,-1,1.309255079006772,-0.0125283900153631,-0.02878695126225539,-0.021406400793437474,0.26484071065756004,0.28053713544265335,5.13,314.732,3.72,2.0,1.0
2024-09-09,942.5,942.5,942.5,942.5,29,50.09651834056169,-9.17046105413715,-7.9938574910290034,-1.176603563108146,8.123644272658192,0.5045076607187627,937.9221998956469,952.4203529394166,-1,1.2340425531914894,0.030843281836963943,0.01584394524729338,0.0160629849139986,0.28606751390366686,0.2863510979023151,5.13,314.732,3.7,2.0,1.0
2024-09-10,939.9000244140624,939.9000244140624,939.9000244140624,939.9000244140624,29,49.412211146165255,-7.891960746808763,-7.973478142184955,0.08151739537619207,8.123145228407909,0.4739258308701692,938.110564135496,951.9293596639126,-1,1.1670020120724345,-0.002758594786140711,0.03821941576012278,-0.005502011751350899,0.27830009429645347,0.28415891369331814,5.13,314.732,3.65,2.0,1.0
2024-09-11,952.4000244140624,952.4000244140624,952.4000244140624,952.4000244140624,16,52.75367682574595,-5.8031988450920835,-7.539422282766381,1.7362234376742975,8.176948871631486,0.6302946598564371,939.4714651144071,951.9478171050949,-1,0.6262230919765166,0.01329928681275705,0.05377299986446382,0.009861148413609966,0.2822459860224032,0.2853529417522284,5.13,314.732,3.65,2.0,1.0
2024-09-12,971.7000122070312,981.9000244140624,971.7000122070312,981.9000244140624,1,59.54507768817781,-1.7472948042019425,-6.380996787053494,4.6337019828515515,8.786945293410296,0.9434440260182037,943.5122802858028,953.1224134701525,-1,0.0392156862745098,0.03097437971838457,0.060481691892640965,0.058538217181199226,0.2937340074003525,0.2909718867354909,5.13,314.732,3.68,2.0,1.0
2024-09-13,1006.5,1006.5,1006.5,1006.5,1,64.17029294950586,3.4127111982705856,-4.422255189988678,7.8349663882592635,10.368792330023197,1.1016250354965615,949.511110734774,955.2156521575976,-1,0.04338394793926247,0.025053442279540983,0.10084218903862507,0.04843749999999991,0.28183233210116393,0.29502331653176556,5.13,314.732,3.66,1.0,1.0
2024-09-16,987.9000244140624,987.9000244140624,987.9000244140624,987.9000244140624,1,58.70517721613154,5.932800911890581,-2.3512439696128262,8.284044881503407,10.97502564207296,0.8741889003153305,953.167197751849,956.4973922460864,-1,0.04854368932038835,-0.018479856518566984,0.04816978717672393,0.03196493994702876,0.2911460580089688,0.29723197083359537,5.13,314.732,3.63,2.0,1.0
2024-09-17,994.7999877929688,994.7999877929688,982.7999877929688,982.7999877929688,20,57.26505086854438,7.432779379717772,-0.39443929974670666,7.827218679464479,11.365764209490994,0.8025770639803308,955.9893682319556,957.5288665812583,-1,1.0471204188481675,-0.005162502778678024,0.04564311337862814,0.02492435370779189,0.2921283388699867,0.29633498001622927,5.13,314.732,3.65,2.0,1.0
2024-09-18,974.7999877929688,974.7999877929688,974.7999877929688,974.7999877929688,0,54.986384547930975,7.885095508303493,1.2614676618633334,6.62362784644016,11.575451534742589,0.7135482902175067,957.7808558091949,958.2061654523058,-1,0.0,-0.008140008241112495,0.023519490555123923,0.024380005046496622,0.29234835780828167,0.2965464597055498,5.13,314.732,3.7,2.0,1.0
2024-09-19,994.0999755859376,994.0999755859376,994.0999755859376,994.0999755859376,0,59.203942056992176,9.689215769075531,2.9470172833057733,6.742198485769758,12.123126136403831,0.8595348445120681,961.2398195974562,959.6137658497031,1,0.0,0.01979892083981838,0.012424840481245036,0.0267506331877303,0.294145273141868,0.29763430813474273,5.13,314.732,3.73,1.0,1.0
2024-09-20,981.5999755859376,981.5999755859376,981.5999755859376,981.5999755859376,0,55.57222061685037,9.995130893394617,4.356640005323542,5.6384908880710745,12.379171286504127,0.7317019782425851,963.1788820725496,960.4759701530849,1,0.0,-0.012574188016283072,-0.024739219487394326,0.03478810968724333,0.2877226351190651,0.28869780295564756,5.13,314.732,3.73,1.0,1.0
2024-09-23,961.5,961.5,961.5,961.5,0,50.235851376174544,8.517486503673581,5.18880930499355,3.3286771986800305,12.383681165266427,0.5610532010340537,963.0189885418306,960.5161281862972,1,0.0,-0.020476748253726806,-0.026723376618722705,0.001145330651786125,0.2953118971532969,0.2857740140658291,5.13,314.732,3.75,1.0,1.0
2024-09-24,987.4000244140624,987.4000244140624,987.4000244140624,987.4000244140624,0,56.087349845679235,9.328821348134511,6.016811713621743,3.3120096345127683,12.677415121095203,0.7656944305035736,965.3409919582336,961.5703986266018,1,0.0,0.026937102874739827,0.004680542000640164,0.01940950784843043,0.3088318365171702,0.2903278065170566,5.13,314.732,3.74,1.0,1.0
2024-09-25,991.4000244140624,991.4000244140624,991.4000244140624,991.4000244140624,0,56.929662439487736,10.177259515753349,6.848901274048065,3.328358241705284,13.077638964846194,0.7761469259877932,967.8228045730744,962.7401878731689,1,0.0,0.004051043043445057,0.017029171962422263,0.03378521836711412,0.3062530150922784,0.2862440428146923,5.13,314.732,3.79,1.0,1.0
2024-09-26,1011.0999755859376,1011.0999755859376,1011.0999755859376,1011.0999755859376,11039,60.906834053287916,12.297516184826577,7.938624256203767,4.35889192862281,13.708544000254552,0.8825737151894174,971.9444399076328,964.6366501364148,1,19.52077807250221,0.01987083990997318,0.017100895702145014,0.08289596483559247,0.2932085259302441,0.2861084817201396,5.13,314.732,3.79,1.0,1.0
2024-09-27,1011.7999877929688,1018.5999755859376,998.0,1008.5,1555,60.1178140028877,13.611137845366557,9.073126974036326,4.538010871330231,14.1818142887597,0.8249645135055113,975.4259218211917,966.3567815036142,1,2.4228731692115923,-0.0025714327452445174,0.02740426353210257,0.07127679397257447,0.29364403783682513,0.28606550936873354,5.13,314.732,3.75,0.0,1.0
2024-09-30,1007.7999877929688,1008.4000244140624,969.7000122070312,979.0,243,51.90211533499361,12.131939569773976,9.684889493183857,2.44705007659012,13.76891228978971,0.5929415115816867,975.7663102191734,966.8525939936686,1,0.3724137931034483,-0.029251363411006426,0.018200728029121205,0.05518432084572966,0.3103837718046879,0.2842764192143422,5.13,314.732,3.81,1.0,1.0
2024-10-01,977.5999755859376,993.0999755859376,977.5999755859376,988.4000244140624,38,54.056660157677086,11.584627317713284,10.064837058089743,1.5197902596235409,12.53500427499277,0.6447556800157511,976.9695210948771,967.6975912650566,1,0.058197411746688105,0.009601659258490658,0.0010127607608612088,0.09179281756501867,0.2938611763240944,0.2780373379102672,4.83,315.631,3.74,0.0,1.0
2024-10-02,1004.4000244140624,1004.4000244140624,1004.4000244140624,1004.4000244140624,8,57.54288743448617,12.300156153646299,10.511900877201056,1.788255276445243,11.0930354740614,0.7640709270360335,979.5819499824186,969.1369023689392,1,0.012271820831415862,0.016187777827590732,0.013112769497542809,0.11130785348509864,0.29574698886441747,0.27850446569018905,4.83,315.631,3.79,0.0,1.0
2024-10-03,980.0999755859376,993.2000122070312,978.0,993.2000122070312,56,54.42938128444784,11.827134682051224,10.77494763817109,1.0521870438801333,10.102212177466747,0.6417324251307823,980.8789082895246,970.0805537351389,1,0.08572522005357826,-0.011150947764626884,-0.017703455455562844,0.0726860201084436,0.2924293465885469,0.279021042631145,4.83,315.631,3.85,0.0,1.0
2024-10-04,990.0,994.0,989.2000122070312,989.7999877929688,51,53.48330846575178,11.050524633587884,10.83006303725445,0.22046159633343443,8.06181976180488,0.5863784974946749,981.7285349089002,970.8538648746617,1,0.0779399403988691,-0.003423302831528474,-0.01854240179180089,0.08257683583945963,0.28749380543560604,0.27859311882780735,4.83,315.631,3.98,0.0,1.0
2024-10-07,981.0,981.0,971.2999877929688,977.0,23,49.96246113164363,9.295055915454327,10.523061612894425,-1.2280056974400981,7.145876507011449,0.39085323443468817,981.2781982509097,971.0948897815377,1,0.03516550722421834,-0.012931893262102201,-0.002042900919305368,0.036604774535809126,0.275642303896637,0.2795361198003351,4.83,315.631,4.03,1.0,1.0
2024-10-08,965.9000244140624,965.9000244140624,951.7000122070312,951.7000122070312,32,43.82180682556098,5.795529478554954,9.577555186026531,-3.7820257074715773,6.586606130897408,-0.017290238649244696,978.4612281514927,970.3343063472435,1,0.048914704983185564,-0.025895586277347782,-0.03713072774233028,0.012554513763658015,0.292850280599573,0.2845185036776129,4.83,315.631,4.04,1.0,1.0
2024-10-09,948.0,952.2000122070312,948.0,948.7000122070312,6,43.144658992746265,2.748373102311234,8.211718769283472,-5.463345666972238,6.746271312673791,-0.04750081058228191,975.6268266329726,969.4859026554705,1,0.009178522257916474,-0.0031522538210784212,-0.05545600443361687,-0.0038849350190929277,0.2892604859459457,0.28451774577985434,4.83,315.631,4.06,1.0,1.0
2024-10-10,967.7000122070312,967.7000122070312,967.7000122070312,967.7000122070312,3,48.565478490262876,1.845348897535473,6.938444794933872,-5.093095897398399,6.921426044073092,0.2552574703723601,974.87189192574,969.4158677359238,1,0.004588559192413582,0.02002740566620087,-0.025674586877355576,-0.014461769888950537,0.276431844297694,0.2876163337195064,4.83,315.631,4.09,1.0,1.0
2024-10-11,985.0,985.0,985.0,985.0,0,52.963020364666704,2.496877690412134,6.050131374029525,-3.553253683617391,6.616091589032604,0.5261312745287696,975.836473647098,970.0270101776523,1,0.0,0.017877428515798766,-0.004849452265271892,-0.021361152508693526,0.2688669048750341,0.28627433693641385,4.83,315.631,4.08,1.0,1.0
2024-10-14,994.9000244140624,994.9000244140624,994.9000244140624,994.9000244140624,0,55.31736073450324,3.7686258125578433,5.593830261735189,-1.8252044491773454,6.682729826824425,0.6711428838863515,977.6520499106184,971.0024225006488,1,0.0,0.010050786207169926,0.01832141700518153,0.007085737247705559,0.2632060776435469,0.2857137965085628,4.83,315.631,4.08,0.0,1.0
2024-10-15,987.7000122070312,987.7000122070312,987.7000122070312,987.7000122070312,0,53.2305991749081,4.147702418093331,5.304604693006818,-1.1569022749134863,6.69001487587457,0.5578069063441012,978.608998700753,971.6572299401148,1,0.0,-0.007236920324000917,0.037827045852941055,0.004985779889015163,0.2638910267107973,0.28359627377921404,4.83,315.631,4.03,0.0,1.0
2024-10-16,993.7999877929688,993.7999877929688,993.7999877929688,993.7999877929688,0,54.78676719110821,4.884040233637961,5.220491801133046,-0.336451567495085,6.681919636165745,0.6360804249059553,980.0557595666783,972.5255733853248,1,0.0,0.006175939567224509,0.04753871087343842,0.019491177921552527,0.2627251846696674,0.2838025812801993,4.83,315.631,4.02,0.0,1.0
2024-10-17,997.0,997.0,997.0,997.0,0,55.62098707840187,5.660556131464318,5.3085046671993,0.3520514642650179,6.718884405647306,0.6814737508041039,981.6694967508041,973.4853548211945,1,0.0,0.003219976098146171,0.030277965715991284,0.0029172361787386247,0.25358442997147185,0.28242194037396634,4.83,315.631,4.09,0.0,1.0
2024-10-18,1006.9000244140624,1015.0999755859376,1006.9000244140624,1015.0999755859376,2,60.10479237043521,7.64830246702752,5.7764642271649445,1.8718382398625755,7.203121748969997,0.9000942365059864,984.8533518779597,975.1173007335374,1,0.003063725490196079,0.018154438902645564,0.030558350848667537,0.034127955209048544,0.2563852626449655,0.2793735266375926,4.83,315.631,4.08,0.0,1.0
2024-10-21,1010.7000122070312,1010.7000122070312,1007.5999755859376,1007.5999755859376,2,57.511841213893035,8.520202844268965,6.325211950585749,2.194990893683216,7.012788905514242,0.7686199725575419,987.0196969930051,976.391131119906,1,0.003063256241384592,-0.007388434814679989,0.012765052628634477,0.04794589244507286,0.24510798494253913,0.27991986837113214,4.83,315.631,4.19,0.0,1.0
2024-10-22,1033.0,1033.0,1033.0,1033.0,0,63.28813457330575,11.132432120502813,7.286655984569162,3.845776135933651,7.9919215186808845,1.02701385885343,991.3987734698618,978.6110867622627,1,0.0,0.02520844087882379,0.045864115858159415,0.046181865969668445,0.24296182001407474,0.2825404344724719,4.83,315.631,4.2,0.0,1.0
2024-10-23,1024.0999755859375,1024.0999755859375,1019.7999877929688,1019.7999877929688,20,58.813254272380725,11.999192749236158,8.22916333750256,3.7700294117335975,8.365290758581898,0.8267109124701478,994.1036510244434,980.2263377830748,1,0.03058571647040832,-0.012778327402740763,0.0261622059965414,0.02864632104048148,0.24865646870612254,0.2821993770587411,4.83,315.631,4.24,0.0,1.0
2024-10-24,1024.199951171875,1024.199951171875,1024.199951171875,1024.199951171875,0,59.83276197216399,12.892530004262085,9.161836670854466,3.7306933334076184,8.667332785106995,0.8586158180206175,996.9699653241987,981.9507932100865,1,0.0,0.004314535626175564,0.027281796561559712,0.012956162498516388,0.23949994877983788,0.2801337266686423,4.83,315.631,4.21,0.0,1.0
2024-10-25,1027.199951171875,1027.199951171875,1027.0,1027.199951171875,1,60.54979501881007,13.684830930515886,10.066435522786751,3.6183954077291354,9.069882142496851,0.8652761972628061,999.849011595406,983.7252699929018,1,0.041237113402061855,0.0029291155467909835,0.011919984116789184,0.018542341271070795,0.23931528697487267,0.2776524355563514,4.83,315.631,4.25,0.0,1.0
2024-10-28,1036.9000244140625,1040.0,1036.9000244140625,1037.300048828125,4,62.947904356061734,14.95533282616475,11.044214983462352,3.9111178427023976,9.666715359093185,0.9162605572468171,1003.4157770461411,985.8262417119302,1,0.3252032520325203,0.009832650054867553,0.029476055936698664,0.05955061167326359,0.2117944463009207,0.27810759593423795,4.83,315.631,4.28,0.0,1.0
2024-10-29,1050.0,1051.0,1050.0,1051.0,108,65.96969062235782,16.873182748703925,12.210008536510667,4.663174212193258,10.669688454731402,0.9749861651224476,1007.9476078036515,988.3820753702859,1,6.8354430379746836,0.0132073175812073,0.01742497579864466,0.06333465604985977,0.21365200303066506,0.2529959190757975,4.83,315.631,4.28,0.0,1.0
2024-10-30,1053.800048828125,1053.800048828125,1013.0999755859376,1013.0999755859376,38,53.07415921941347,15.160120965540727,12.80003102231668,2.3600899432240467,10.718529426965032,0.6152288637734961,1008.4383094972026,989.3514047905076,1,2.1965317919075145,-0.036060917615663546,-0.006569927718406032,0.008661838869379324,0.25013820733568526,0.26531456283810856,4.83,315.631,4.29,0.0,1.0
2024-10-31,991.5999755859376,991.5999755859376,991.5999755859376,991.5999755859376,16,47.412178800356564,11.930113916446658,12.626047601142677,-0.6959336846960191,10.729279971614215,0.4156136914498616,1006.8346586485106,989.4395840373872,1,1.0457516339869282,-0.02122199241744649,-0.03182969843792416,-0.0016109913425575995,0.2589432490302978,0.2689854473139966,4.83,315.631,4.28,0.0,1.0
2024-11-01,995.0999755859376,995.0999755859376,995.0999755859376,995.0999755859376,5,48.377645539037275,9.542728178080097,12.009383716530161,-2.4666555384500644,10.693472989222442,0.4455776884704539,1005.7170697854084,989.6615601765461,1,0.38461538461538464,0.0035296491389402718,-0.031249977717888622,0.005354604827573883,0.2589268418185071,0.26825803514409413,4.64,316.528,4.37,0.0,1.0
2024-11-04,982.4000244140624,982.4000244140624,982.4000244140624,982.4000244140624,0,45.139282871553846,6.5504187092036545,10.917590715064861,-4.367172005861207,10.604130759212534,0.32296957630372186,1003.4963987976612,989.3767940682135,1,0.0,-0.012762487673057432,-0.0529258862718508,0.00552714883732075,0.25881076600851133,0.2692475477018808,4.64,316.528,4.31,0.0,1.0
2024-11-05,1000.4000244140624,1000.4000244140624,1000.4000244140624,1000.4000244140624,0,50.2249464658042,5.567265493312334,9.847525670714356,-4.280260177402022,9.566048745508173,0.46635717605043825,1003.2015059992232,989.809077611188,1,0.0,0.01832247511469265,-0.048144600938094806,0.05117159985539321,0.24615843481090013,0.2690996470916775,4.64,316.528,4.26,0.0,1.0
2024-11-06,986.0,986.0,986.0,986.0,0,46.510353786170015,3.584824239930299,8.594985384557544,-5.010161144627245,8.31888249374729,0.26693437294438743,1001.5632673326305,989.6597020185924,1,0.0,-0.014394266356097418,-0.026749557041755967,0.039316946677585785,0.25281477839990557,0.27089232104533356,4.64,316.528,4.42,0.0,1.0
2024-11-07,986.7999877929688,992.7999877929688,986.7999877929688,992.7999877929688,1,48.44925744189104,2.5332259965209687,7.38263350695023,-4.849407510429261,7.66680217113077,0.3192665641727767,1000.7286692812341,989.7828504803326,1,0.10152284263959391,0.006896539343781649,0.0012101777295043803,0.025937765081444963,0.24469981074261848,0.2687449238997996,4.64,316.528,4.31,0.0,1.0
2024-11-08,973.5999755859376,973.5999755859376,973.5999755859376,973.5999755859376,6,43.639289016561,0.1488306611349799,5.93587293778718,-5.7870422766522,7.983777308070959,0.0944286991366593,998.1449841673964,989.1482279354544,1,0.5911330049261083,-0.019339255079679707,-0.021605869286993262,-0.011573628846763828,0.24721806795527054,0.26293065837590895,4.64,316.528,4.3,1.0,1.0
2024-11-11,979.7999877929688,979.7999877929688,964.2999877929688,964.2999877929688,1,41.49061501149642,-2.4628607863829757,4.2561261929531495,-6.718986979336125,8.743986281296522,0.040675808021072644,994.9216511793556,988.1737871455531,1,0.09803921568627452,-0.00955216518711588,-0.018424303920278384,-0.030756896039996873,0.2458756059899333,0.2636331412034265,4.64,316.528,4.3,1.0,1.0
2024-11-12,942.9000244140624,942.9000244140624,942.9000244140624,942.9000244140624,1,36.97870993309439,-6.188110585617551,2.1672788372390097,-8.355389422856561,10.201520124131777,-0.08194163823615143,989.967210535042,986.3983454698084,1,0.0975609756097561,-0.02219222612237637,-0.05747700779363529,-0.0453578892773957,0.25622922368327156,0.26762909663695406,4.64,316.528,4.43,1.0,1.0
2024-11-13,938.0999755859376,938.0999755859376,938.0999755859376,938.0999755859376,1,36.03221487837184,-9.419143689989369,-0.1500056682066659,-9.269138021782704,11.658788013936327,-0.027911617269665154,985.0274738732226,984.5042917488723,1,0.0970873786407767,-0.005090729349707668,-0.04858014646456632,-0.056047507437316124,0.25439880225530026,0.2673813184913118,4.64,316.528,4.44,1.0,1.0
2024-11-14,938.7000122070312,938.7000122070312,938.7000122070312,938.7000122070312,1,36.251874785269756,-11.795373044837447,-2.479079143532822,-9.316293901304626,12.852654314846987,0.04716386878969734,980.6153346669187,982.7080454923296,-1,0.0966183574879227,0.0006396297161386233,-0.0544923209620537,-0.05847541403507395,0.2537433376900448,0.26488386796381086,4.64,316.528,4.43,0.0,1.0
