Date,Open,High,Low,Close,Volume,rsi,macd,macd_signal,macd_diff,bb_width,bb_pct_b,ema_short,ema_long,ema_cross,volume_ratio,return_1d,return_5d,return_20d,volatility_20d,volatility_60d,fed_rate,cpi,us_10y,target_trend,target_volatility
2015-03-31,16.649999618530273,16.649999618530273,16.58099937438965,16.58099937438965,24,53.03159474411709,0.1331941078835861,0.02041527340304856,0.11277883448053753,15.35875539725736,0.6611381667410381,16.461399096423186,16.43136274332196,1,0.23750618505690252,-0.004562659272546399,-0.02251960055757596,0.01986714022286118,0.26383298347870643,0.3131118766033452,0.11,235.976,1.94,2.0,2.0
2015-04-01,16.6200008392334,17.04400062561035,16.6200008392334,17.04400062561035,50,60.760726560248784,0.1609028815416984,0.04851279503077853,0.11239008651091988,15.996423919519787,0.8150907342184299,16.516884956345773,16.455387758313663,1,0.5437737901033171,0.02792360344309741,0.0037692040694599083,0.05653363859739646,0.2776979707547606,0.3129839333697786,0.12,236.222,1.87,1.0,2.0
2015-04-02,16.68600082397461,16.68600082397461,16.68600082397461,16.68600082397461,0,53.438184139897054,0.15221999488646887,0.0692542350019166,0.08296575988455226,16.14572543709556,0.6646726795165342,16.53299122945328,16.464431407947426,1,0.0,-0.02100444663782819,-0.025464252028465584,0.034341734164407,0.2904178453402854,0.3117958783697634,0.12,236.222,1.92,2.0,1.0
2015-04-06,17.03499984741211,17.094999313354492,17.03499984741211,17.094999313354492,17,59.450575403664985,0.17630912278647415,0.09066521255882812,0.08564391022764603,16.450991905093975,0.7888957689966526,16.586515808872445,16.489159561100646,1,0.2014218009478673,0.024511474840168468,0.002521655375480547,0.08305872299000328,0.28696078901529604,0.31543942212981035,0.12,236.222,1.92,2.0,1.0
2015-04-07,16.825000762939453,16.825000762939453,16.825000762939453,16.825000762939453,200,54.45190168502317,0.17163480446663115,0.10685913094038872,0.06477567352624243,16.287524877120454,0.6695331285778612,16.60922866164073,16.502329804310012,1,2.2002200220022,-0.015794007678264,0.010085920578857488,0.06791498830379439,0.29499459818898505,0.3165639542576271,0.12,236.222,1.89,1.0,2.0
2015-04-08,16.440000534057617,16.440000534057617,16.440000534057617,16.440000534057617,0,48.225213412469856,0.13530436810049196,0.11254817837240938,0.022756189728082576,15.681867120628358,0.5100038588677536,16.593111697109006,16.499885519202074,1,0.0,-0.02288262772206695,-0.008503639445871514,0.05296871981209694,0.3068196485454723,0.3202175820739932,0.12,236.222,1.92,2.0,1.0
2015-04-09,16.163999557495117,16.163999557495117,16.163999557495117,16.163999557495117,99,44.31310758857471,0.08328124896419098,0.1066947924907657,-0.023413543526574723,14.5526373636913,0.37839621441435184,16.552243874288635,16.486713520703763,1,1.2014563106796117,-0.01678838002412031,-0.051631133291144216,0.053372386850071285,0.30649285902969925,0.3215241700438462,0.12,236.222,1.97,2.0,1.0
2015-04-10,16.3700008392334,16.399999618530273,16.3700008392334,16.3700008392334,5,47.72189752324138,0.0580064715577322,0.09695712830415901,-0.03895065674642681,13.510359768927444,0.44210656439212764,16.534887394759565,16.482136552802963,1,0.06414368184733804,0.012744449850146111,-0.018938030033366582,0.05660626134307978,0.3076123290213426,0.31417279784296187,0.12,236.222,1.96,2.0,1.0
2015-04-13,16.280000686645508,16.280000686645508,16.280000686645508,16.280000686645508,0,46.38594306653308,0.03036375376437661,0.08363845339620253,-0.05327469963182592,12.31078836481403,0.37269850173086344,16.510612470177275,16.474209656090906,1,0.0,-0.005497870981911679,-0.04767468028339217,0.05188346823436407,0.3087525713636821,0.3137533161681625,0.12,236.222,1.94,1.0,1.0
2015-04-14,16.150999069213867,16.150999069213867,16.150999069213867,16.150999069213867,23,44.46451511944881,-0.0019303992165795592,0.06652468287364612,-0.06845508209022567,11.373100589740769,0.2793692251933311,16.476363574847426,16.461534731115336,1,0.31680440771349866,-0.007923931940461149,-0.04005953421471542,0.0352541018510244,0.310199389885755,0.3137003704545171,0.12,236.222,1.9,2.0,1.0
2015-04-15,16.268999099731445,16.268999099731445,16.268999099731445,16.268999099731445,0,46.64177723493023,-0.017796979325996887,0.04966035043371752,-0.06745732975971441,10.067076902573497,0.30072839912418264,16.456614577217334,16.453984314198323,1,0.0,0.007306051471608566,-0.010401546762235148,0.04543110221020541,0.31037140402302205,0.3034242669261731,0.12,236.222,1.91,1.0,1.0
2015-04-16,16.149999618530273,16.28499984741211,16.149999618530273,16.275999069213867,12,46.77508450621819,-0.029466843905133544,0.033834911565947305,-0.06330175547108086,8.344348968966676,0.23812772345015537,16.439413100264623,16.44700450066952,-1,0.17069701280227598,0.0004302642983451399,0.0069289479574885515,0.04837355678818955,0.30997878020701725,0.3022240894321255,0.12,236.222,1.9,1.0,1.0
2015-04-17,16.22100067138672,16.22100067138672,16.22100067138672,16.22100067138672,0,45.80676063507666,-0.04266143228918651,0.018535642794920544,-0.06119707508410705,8.132950428998797,0.18625186086266224,16.418611916561964,16.43814160540353,-1,0.0,-0.003379110406265484,-0.009102025669392555,0.007640769157491789,0.28329844507817775,0.30073102098804133,0.12,236.222,1.87,1.0,1.0
2015-04-20,15.883000373840332,15.883000373840332,15.883000373840332,15.883000373840332,0,40.28697240219534,-0.07947588929134497,-0.001066663622332558,-0.07840922566901241,8.978147138771781,0.021127816353360827,16.36760129344562,16.416371361028503,-1,0.0,-0.020837203844187413,-0.024385767571302064,-0.0583387782158562,0.23430829619807206,0.3023589392135313,0.12,236.222,1.9,2.0,1.0
2015-04-21,15.920000076293944,16.00200080871582,15.920000076293944,16.00200080871582,1,42.89598186167781,-0.09792050451047274,-0.020437431799960593,-0.07748307271051215,9.382529992353053,0.14519283928356175,16.33278219966183,16.400121535447614,-1,0.017286084701815037,0.007492314554842228,-0.009225327786815285,-0.051564660103165516,0.23701390652618254,0.3030251900171046,0.12,236.222,1.92,1.0,1.0
2015-04-22,15.791000366210938,15.791000366210938,15.791000366210938,15.791000366210938,0,39.592731242475935,-0.128087454816324,-0.04196743640323328,-0.08612001841309072,9.938466485858951,0.07088290320611862,16.281183929809362,16.376234430771667,-1,0.0,-0.013185878755234026,-0.02938095518908712,-0.06909149460555275,0.23788270523787827,0.3022400437863643,0.12,236.222,1.99,1.0,2.0
2015-04-23,15.824000358581545,15.824000358581545,15.824000358581545,15.824000358581545,0,40.366182026753116,-0.1476303657236393,-0.06310002226731448,-0.08453034345632482,10.189199951783529,0.13418724039785193,16.237642637311474,16.354578192646564,-1,0.0,0.00208979745458171,-0.0277708734628328,-0.06808004798700562,0.2381911207017184,0.3019402152439812,0.12,236.222,1.96,1.0,2.0
2015-04-24,15.630999565124512,15.630999565124512,15.630999565124512,15.630999565124512,0,37.353811785369835,-0.17665544051969206,-0.08581110591779001,-0.09084433460190205,10.334718595014722,0.06764609340371193,16.179867106627,16.32620256019472,-1,0.0,-0.012196713162507367,-0.03637267010924605,-0.08708096005518184,0.23580643078380323,0.3026031933121616,0.12,236.222,1.93,1.0,1.0
2015-04-27,15.9350004196167,16.389999389648438,15.9350004196167,16.389999389648438,70,52.39837852636108,-0.13683572177372483,-0.09601602908897698,-0.040819692684747846,9.608604411471502,0.5388781215532237,16.199879705009995,16.328704396643886,-1,2.75049115913556,0.048557344100846,0.031920859023786496,-0.03882246389577637,0.29944170240437606,0.2800604121576358,0.12,236.222,1.94,1.0,1.0
2015-04-28,16.586999893188477,16.586999893188477,16.586999893188477,16.586999893188477,60635,55.39271867604086,-0.08836341510319201,-0.09448550629182,0.006122091188627984,9.546007243914065,0.6677966033058956,16.236748294360325,16.338833631802498,-1,19.836103114367965,0.012019555270054605,0.03655787119783316,-0.004202419196467688,0.2920638738986787,0.2760344743924913,0.12,236.222,2.0,0.0,1.0
2015-04-29,16.56999969482422,16.684999465942383,16.385000228881836,16.670000076293945,16432,56.63054509709092,-0.04275844894432623,-0.08414009482232125,0.04138164587799502,9.626355564029867,0.7163196640668985,16.278010368830195,16.35182055119432,-1,4.238109976271536,0.005003929802854357,0.05566459943626256,0.005367631943932416,0.292142317080408,0.2762011334058731,0.12,236.222,2.06,0.0,1.0
2015-04-30,16.545000076293945,16.700000762939453,15.8149995803833,16.124000549316406,2479,47.32677797753373,-0.05009630440274648,-0.0773313367384063,0.027235032335659812,8.821072783786663,0.38864702352153935,16.26334276697174,16.342886433473616,-1,0.6199592362422317,-0.032753420784562115,0.01895855560772719,-0.053977941945833496,0.2966026566599616,0.28403712239530143,0.12,236.222,2.05,1.0,1.0
2015-05-01,16.09000015258789,16.190000534057617,15.904999732971191,16.111000061035156,733,47.128241002365726,-0.05631151438944215,-0.07312737226861347,0.016815857879171323,8.578921268141318,0.3965953109263639,16.24883393783492,16.333792850240737,-1,0.18164696552920476,-0.0008062818059009214,0.030708240628552597,-0.03446007039106014,0.28849836414280533,0.2838119153452899,0.12,237.001,2.12,1.0,1.0
2015-05-04,16.149999618530273,16.69499969482422,16.149999618530273,16.417999267578125,71,52.22503533384761,-0.03604928904921323,-0.06571175562473343,0.0296624665755202,7.250679199696062,0.667196251336805,16.26494492161999,16.337095062685343,-1,0.017582961862308073,0.01905525450809553,0.001708351371103367,-0.03960222714062933,0.28268726399704874,0.2859486035753965,0.12,237.001,2.16,1.0,1.0
2015-05-05,16.389999389648438,16.56999969482422,16.350000381469727,16.55699920654297,47,54.3698382807993,-0.00867519384757287,-0.05430444326930132,0.04562924942172845,6.699539767031889,0.8214501501067639,16.292759615422177,16.34571875460133,-1,0.011661518230426639,0.008466314116564622,-0.0018086867329050182,-0.01592876934584242,0.28000905998603665,0.28010113096492323,0.12,237.001,2.19,0.0,1.0
2015-05-06,16.520000457763672,16.545000076293945,16.3799991607666,16.483999252319336,98,53.023518496848034,0.007047251273736066,-0.042034104360693846,0.04908135563442991,6.749023989074192,0.7503131712406822,16.310972914174286,16.351141519217723,-1,0.024285979802986184,-0.004409008740834164,-0.011157817823835403,0.0026763209752074246,0.2678118410607791,0.27629441184938175,0.12,237.001,2.25,1.0,1.0
2015-05-07,16.329999923706055,16.329999923706055,16.229999542236328,16.27199935913086,101,49.21231841170179,0.0023734233363796875,-0.03315259882127914,0.03552602215765883,6.749283983601837,0.55157870291589,16.307261147027294,16.34803790509667,-1,0.02502880791009454,-0.01286095018225919,0.009178789678268018,0.006681502387548832,0.2647997076028956,0.27653414066762966,0.12,237.001,2.18,1.0,1.0
2015-05-08,16.3700008392334,16.454999923706055,16.31999969482422,16.441999435424805,67,52.1805381478922,0.012245804419318773,-0.02407291817315956,0.03631872259247833,6.808725226426129,0.7017985213267961,16.320093364969914,16.351722670991894,-1,0.01659052359197217,0.010447399397084611,0.020544930366562353,0.004398203573627857,0.2635168151009027,0.2771421296333165,0.12,237.001,2.16,1.0,1.0
2015-05-11,16.475000381469727,16.475000381469727,16.21500015258789,16.29800033569336,242,49.539442559729814,0.008353914925443462,-0.017587551553438954,0.025941466478882416,6.813924352408665,0.5705292969591057,16.317989266943574,16.34961591274489,-1,0.059744972904914144,-0.00875800417686401,-0.007308986310027188,0.001105629501761518,0.26471920951004024,0.2776427035525186,0.12,237.001,2.28,0.0,1.0
2015-05-12,16.46500015258789,16.540000915527344,16.30500030517578,16.510000228881836,28,53.28800324988881,0.02212118483644332,-0.009645804275462501,0.03176698911190582,6.9668907115846,0.74043514406522,16.33627602522341,16.35590549376987,-1,0.0069122148711365655,0.013007724188358605,-0.00283861689396947,0.022227798920023245,0.2667066267955134,0.272081778363625,0.12,237.001,2.28,0.0,1.0
2015-05-13,16.524999618530273,17.207000732421875,16.524999618530273,17.207000732421875,137,63.0157357443256,0.08825659391137108,0.009934675361904215,0.07832191854946687,8.673362103171824,1.152838589387836,16.419202187813738,16.389281777638576,1,0.03376338521065148,0.04221686819366233,0.04386080519876345,0.057655767692919246,0.3022318049536155,0.261962726881757,0.12,237.001,2.27,0.0,0.0
2015-05-14,17.125,17.448999404907227,17.125,17.448999404907227,15,65.68751135166215,0.15837104960809611,0.0396219502111426,0.11874909939695352,10.640091039065354,1.1356925829287052,16.517278113251212,16.43083933164911,1,0.003696584356055005,0.014063965954820512,0.07233284735326073,0.0720693292439476,0.3046321204088532,0.26282272724205386,0.12,237.001,2.23,0.0,0.0
2015-05-15,17.485000610351562,17.545000076293945,17.334999084472656,17.545000076293945,44,66.71477165928778,0.21915740264796568,0.07552904069850722,0.14362836194945847,12.334263188810056,1.0608883113816632,16.61515639544576,16.47453190987048,1,0.01083743842364532,0.005501786615897286,0.06708433759538335,0.08162254793828572,0.3036066780703902,0.26265683657356786,0.12,237.001,2.14,0.0,0.0
2015-05-18,17.6200008392334,17.711999893188477,17.594999313354492,17.711999893188477,215,68.48246505997402,0.2776064406776513,0.11594452069433603,0.16166191998331525,13.682514503145676,1.036279211530794,16.719617680945063,16.52306006607903,1,0.05281582018055641,0.009518370827491518,0.08675908260956366,0.11515453480442828,0.2892938163692944,0.2626931678942639,0.12,237.001,2.23,0.0,0.0
2015-05-19,17.46500015258789,17.46500015258789,16.905000686645508,17.049999237060547,24,55.82584332511086,0.26742707122998866,0.14624103080146655,0.1211860404285221,13.636062345732352,0.7199124513315113,16.7510825910513,16.543724347293992,1,0.005894054372651588,-0.037375827694224206,0.03270738950288221,0.06549171199728421,0.3277289901527926,0.27487090875290576,0.12,237.001,2.27,0.0,0.0
2015-05-20,17.091999053955078,17.100000381469727,17.091999053955078,17.091999053955078,8,56.376689949579976,0.25975459256907385,0.16894374315498803,0.09081084941408582,13.175311112719717,0.7161847779617483,16.783550825613567,16.565225316182662,1,0.001964491810524765,0.002463332479407887,-0.006683423814244804,0.08238861741324355,0.321965524351562,0.2747067881156666,0.12,237.001,2.26,0.0,0.0
2015-05-21,17.065000534057617,17.184999465942383,17.065000534057617,17.111000061035156,11,56.64011945016657,0.2522989748944724,0.1856147895028849,0.06668418539158749,12.597174148224699,0.7036558098060386,16.81473646708229,16.58662824735335,1,0.0027008114710829027,0.001111690155147782,-0.01937070063610713,0.08133213304407283,0.3220594334302019,0.2731693273144253,0.12,237.001,2.19,0.0,0.0
2015-05-22,17.030000686645508,17.09000015258789,17.030000686645508,17.030000686645508,15,55.11225884767825,0.23712098844716678,0.1959160292917413,0.04120495915542549,11.245600104987155,0.6470569672779773,16.835237821326405,16.604015401835394,1,0.0036822466614296937,-0.004733760393940911,-0.029353057133598037,0.08950170561340243,0.3181279264879386,0.27274596156171826,0.12,237.001,2.21,0.0,0.0
2015-05-26,16.9950008392334,17.079999923706055,16.733999252319336,16.733999252319336,114,49.823094035928534,0.19891452010548605,0.19651572745449025,0.0023987926509957957,11.05888421328422,0.4805075393508776,16.82559605284954,16.609112807736725,1,0.02796996908582364,-0.01738117571294573,-0.05521683868377003,0.02098839996834667,0.2829336681725484,0.27507244775172035,0.12,237.001,2.14,0.0,0.0
2015-05-27,16.649999618530273,16.69499969482422,16.63800048828125,16.63800048828125,94,48.20722006239511,0.15905582418682584,0.18902374680095738,-0.02996792261413153,11.036338036361121,0.42723249009267683,16.807729808604943,16.61024565795416,1,0.08963051251489869,-0.0057367496311308,-0.02416415056979948,0.0030747329487665898,0.2808504789435969,0.27500501308045683,0.12,237.001,2.14,0.0,1.0
2015-05-28,16.665000915527344,16.75,16.55500030517578,16.652999877929688,73,48.488329261004075,0.1272114316961641,0.17666128377999873,-0.04944985208383462,11.041748919170827,0.43582289048737133,16.79299362473111,16.611922294031633,1,0.31629116117850953,0.0009015139564998442,-0.02568448398806844,-0.001019807935600081,0.2802906970676123,0.27431484242072873,0.12,237.001,2.13,0.0,1.0
2015-05-29,16.684999465942383,16.690000534057617,16.670000076293945,16.68400001525879,24,49.10318209588916,0.10328536384287901,0.1619860997925748,-0.0587007359496958,10.45905069632629,0.4340678025760442,16.78261328097184,16.61474887133466,1,0.22211938917167978,0.0018615347118440262,-0.024954710084346465,0.03473080171571463,0.2512517713798721,0.2737979254053112,0.12,237.001,2.12,0.0,1.0
2015-06-01,16.635000228881836,17.100000381469727,16.614999771118164,16.663999557495117,24,48.699304922870866,0.08176734979043943,0.14594234979214774,-0.06417500000170831,9.783452393616832,0.4006868870361683,16.77131673587882,16.61668027079193,1,0.3305785123966942,-0.0011987807327606959,-0.02149155105069367,0.03432434326639999,0.2513077696845827,0.2738194528046556,0.13,237.657,2.19,0.0,1.0
2015-06-02,16.783000946044922,16.783000946044922,16.783000946044922,16.783000946044922,0,51.267652402151015,0.07346967348220801,0.1314478145301598,-0.05797814104795179,9.520994785899894,0.4608768779565445,16.772429517799402,16.623202650213617,1,0.0,0.007141226098765774,0.002928271537886884,0.022231800143126756,0.24400033418862888,0.27012748154407257,0.13,237.657,2.27,0.0,1.0
2015-06-03,16.375,16.464000701904297,16.3700008392334,16.464000701904297,2,44.79367869486441,0.04068407087642356,0.11329506579941256,-0.072610994922989,9.614886274408475,0.26711525638517924,16.743055344857012,16.616959436554428,1,0.029940119760479042,-0.019007342320135012,-0.010457974592530395,-0.005616869547346526,0.25254197011796053,0.27323529164802957,0.13,237.657,2.38,0.0,0.0
2015-06-04,16.114999771118164,16.135000228881836,16.089000701904297,16.089000701904297,11,38.61974651188373,-0.015380820861739863,0.08755988846718209,-0.10294070932892195,10.238647329988828,0.07477886757759963,16.680764426480565,16.5962551724505,1,0.17614091273018415,-0.022776966958986233,-0.03386772234189839,-0.023962543577491502,0.2649344501789275,0.2768547045729273,0.13,237.657,2.31,0.0,0.0
2015-06-05,15.979999542236328,16.059999465942383,15.9399995803833,15.970999717712402,14,36.896416855552935,-0.06854420975610154,0.056339068822525366,-0.12488327857862691,10.808439008559306,0.04015914883157962,16.613167787550264,16.571735350696066,1,0.24096385542168675,-0.007334264344828312,-0.04273557281792695,-0.01849801212347968,0.26238440277030967,0.27486350832307654,0.13,237.657,2.41,0.0,0.0
2015-06-08,16.03499984741211,16.059999465942383,15.899999618530272,15.951000213623049,16,36.59833295026725,-0.11101070896244636,0.02286911326553102,-0.13387982222797737,11.568593896553587,0.07208999122557558,16.550104209081006,16.547392796301047,1,0.28802880288028804,-0.0012522387103403032,-0.04278680765755161,-0.029862500830883265,0.25895052914552447,0.27425631991229643,0.13,237.657,2.39,0.0,0.0
2015-06-09,15.970000267028809,15.970000267028809,15.949000358581545,15.949000358581545,1,36.56652014688314,-0.1431766359911002,-0.010340036585795222,-0.13283659940530498,12.12503546913079,0.09890352970653132,16.49285622331915,16.5239264261944,-1,0.022988505747126436,-0.0001253748990484027,-0.0496931740720612,-0.021413668543587505,0.2575424138911581,0.2742411566055097,0.13,237.657,2.42,0.0,0.0
2015-06-10,15.95199966430664,15.95199966430664,15.95199966430664,15.95199966430664,0,36.65545188544765,-0.16650695744014143,-0.04157342075666447,-0.12493353668347697,12.808613870447594,0.1340905655882934,16.441346074841768,16.501497925728213,-1,0.0,0.00018805603220650724,-0.031098215243542615,-0.033797732092035626,0.2522698271519554,0.2737980654098336,0.13,237.657,2.5,0.0,0.0
2015-06-11,15.94499969482422,15.95300006866455,15.94499969482422,15.95300006866455,5,36.68733555933074,-0.18280837979542142,-0.06982041256441586,-0.11298796723100556,13.2030886925885,0.17262391099501356,16.39483693139632,16.479988205843362,-1,0.14084507042253522,6.271341392705132e-05,-0.008453019286875252,-0.07287735284363095,0.1948055601318529,0.2737335271702128,0.13,237.657,2.39,0.0,0.0
2015-06-12,15.994999885559082,15.994999885559082,15.817999839782717,15.817999839782717,5,34.186648986828686,-0.2042661120951692,-0.09670955247056653,-0.10755655962460267,13.265928744150516,0.14828985669398834,16.339900065528358,16.454027877762552,-1,0.14285714285714285,-0.00846237248798154,-0.009579856028674505,-0.09347238356061949,0.1836598002796447,0.2742868325457281,0.13,237.657,2.39,0.0,0.0
2015-06-15,16.200000762939453,16.200000762939453,16.076000213623047,16.076000213623047,2,42.28345819266926,-0.19816868037585778,-0.11700137805162479,-0.08116730232423298,12.473249401732147,0.2851408434213624,16.31476674629928,16.43920326348257,-1,0.060790273556231005,0.016310556104031093,0.007836499174092015,-0.08372754951741201,0.1952415186581248,0.2660178079406744,0.13,237.657,2.36,0.0,0.0
2015-06-16,15.958000183105469,15.958000183105469,15.958000183105469,15.958000183105469,0,39.867626103346865,-0.20054626559004163,-0.13371035555930816,-0.06683591003073347,10.945769771485026,0.23700305407097527,16.280788978376062,16.420332554448176,-1,0.0,-0.007340136162575006,0.0005642876871014835,-0.09902889118453218,0.18843477083107568,0.24794817193531057,0.13,237.657,2.32,0.0,0.0
2015-06-17,15.9399995803833,15.9399995803833,15.9399995803833,15.9399995803833,2,39.496903635443545,-0.20155956401671205,-0.14728019725078895,-0.0542793667659231,10.702655202016931,0.25151365305489803,16.248332845233893,16.401495967229945,-1,0.09501187648456057,-0.001127998653692508,-0.0007522620471331898,-0.06510262207311468,0.14312892115857606,0.24793543075475794,0.13,237.657,2.32,0.0,0.0
2015-06-18,16.148000717163086,16.148000717163086,16.148000717163086,16.148000717163086,46,45.77193607300805,-0.18346380043104915,-0.154516917886841,-0.028946882544208158,10.00109207176519,0.3895906274915128,16.238777404465246,16.391554977031245,-1,2.004357298474946,0.0130490051603116,0.012223446853834252,-0.05523042294889147,0.15329578422566031,0.24924600757780369,0.13,237.657,2.35,0.0,0.0
2015-06-19,16.104000091552734,16.104000091552734,16.104000091552734,16.104000091552734,0,44.71542616425771,-0.1707054737339213,-0.15775462905625706,-0.012950844677664247,9.062758318109715,0.38208625010878816,16.22594146990215,16.380278314855616,-1,0.0,-0.002724834261592868,0.0180806836936942,-0.05885102950677579,0.15258722821963724,0.24924675604231727,0.13,237.657,2.26,0.0,0.0
2015-06-22,16.100000381469727,16.136999130249023,16.100000381469727,16.136999130249023,1,45.72720044777284,-0.15613187025773456,-0.15743007729655256,0.001298207038818,8.05038492411256,0.4263102565952148,16.217470770887566,16.370737954674965,-1,0.04608294930875576,0.002049120622745093,0.0037944087966785833,-0.052436965378207745,0.15347839660055898,0.24858687832973955,0.13,237.657,2.37,0.0,0.0
2015-06-23,15.789999961853027,15.824999809265137,15.732000350952148,15.732000350952148,4,36.82067149539265,-0.17524211921309174,-0.1609924856798604,-0.014249633533231332,7.980948106499968,0.1506586630591835,16.171235492798477,16.34568942119564,-1,0.2469135802469136,-0.025097527491198757,-0.01416216503071499,-0.05987802952891308,0.16565759350970674,0.25351727606727176,0.13,237.657,2.42,0.0,0.0
2015-06-24,15.84000015258789,15.854999542236328,15.84000015258789,15.847999572753906,21,40.401280070701624,-0.17896397612312498,-0.16458678376851332,-0.014377192354611656,7.755607182224483,0.2638254058162773,16.1404511194609,16.32617217223714,-1,1.6733067729083664,0.007373456598908534,-0.005771644294308209,-0.04748172210259105,0.1693464608165594,0.24988208521793673,0.13,237.657,2.38,0.0,0.0
2015-06-25,15.80500030517578,15.80500030517578,15.80500030517578,15.80500030517578,1,39.507456952813925,-0.18327062637370517,-0.1683235522895517,-0.014947074084153467,7.40897759910916,0.2516225754911718,16.108503422862317,16.30573405980336,-1,0.111731843575419,-0.0027132299809025096,-0.021241045129676284,-0.05092173055725335,0.168888254378654,0.24979225873576472,0.13,237.657,2.4,0.0,0.0
2015-06-26,15.725000381469728,15.734999656677246,15.725000381469728,15.734999656677246,56759,38.03231142542968,-0.19014032572234818,-0.172686906976111,-0.01745341874623718,6.888072066720095,0.21165653650800634,16.072931635606597,16.283352318504296,-1,19.945531855079594,-0.004429019117172084,-0.02291358872191296,-0.056880865362839206,0.16815401591564877,0.24279540183204842,0.13,237.657,2.49,1.0,1.0
2015-06-29,15.9350004196167,15.994999885559082,15.635000228881836,15.663999557495115,19508,36.54195829465475,-0.19901955305877905,-0.17795343619264462,-0.021066116866134438,6.268946036045222,0.16125808807532582,16.033985723405504,16.25906397493531,-1,5.106939972250582,-0.004512240275264423,-0.0293114952127167,-0.06000960312977344,0.16811463587709133,0.23933744320345982,0.13,237.657,2.33,1.0,1.0
2015-06-30,15.725000381469728,15.770000457763672,15.420000076293944,15.550999641418455,1989,34.24210185627565,-0.21272242187766643,-0.18490723332964898,-0.027815188548017455,4.955945693640689,0.004802311328295971,15.987987048930547,16.231296746169942,-1,0.5074821080026025,-0.007213988717370112,-0.011505257150769,-0.07340768844542067,0.16422906374706484,0.2337694197142057,0.13,237.657,2.35,1.0,1.0
2015-07-01,15.635000228881836,15.640000343322754,15.489999771118164,15.552000045776367,220,34.2815365477895,-0.22095429628126162,-0.19211664591997152,-0.0288376503612901,4.425979203394956,0.010149878811566477,15.946464477201578,16.20465765988,-1,0.05597608294637746,6.433054986687559e-05,-0.018677406294635768,-0.05539362349653232,0.15423366671710056,0.23186821716377493,0.13,238.034,2.43,1.0,1.0
2015-07-02,15.470000267028809,15.69499969482422,15.44499969482422,15.536999702453612,257,33.95274868953037,-0.22608238143482673,-0.19890979302294257,-0.027172588411884163,4.701834563695772,0.05497386947591619,15.907467831987486,16.178474994882887,-1,0.06518623733370534,-0.00096452824579496,-0.01695669709252734,-0.03430921594685188,0.1345542953170156,0.22735781251057316,0.13,238.034,2.4,1.0,1.0
2015-07-06,15.654999732971191,15.72599983215332,15.484999656677246,15.72599983215332,87,41.558194910385566,-0.21244674114963757,-0.20161718264828157,-0.010829558501356001,4.7293034982435165,0.32558037128562695,15.890185165336613,16.160730870854277,-1,0.022046525771628404,0.01216451910402383,-0.0005719621684330267,-0.015340297407141601,0.14133273511873531,0.22641800208129856,0.13,238.034,2.3,1.0,1.0
2015-07-07,15.595000267028809,15.595000267028809,14.80500030517578,14.949999809265137,1041,27.537302386760857,-0.26124563743979223,-0.21354287360658372,-0.04770276383320851,6.851898953187295,-0.2910439900488975,15.800643702853614,16.113251221380192,-1,0.2604160152096962,-0.0493450356842543,-0.045582211976527676,-0.06275471073613315,0.2264752806167016,0.2469519534160703,0.13,238.034,2.27,1.0,0.0
2015-07-08,15.045000076293944,15.147000312805176,14.739999771118164,15.147000312805176,109,33.65666990941291,-0.28078609279851463,-0.22699151744496993,-0.053794575353544705,7.714223062183832,-0.009465238872180082,15.73839195142043,16.075359028887053,-1,0.027230598198783366,0.01317729137480983,-0.025978994143712075,-0.05028528608345306,0.23363247183394495,0.24860239954114113,0.13,238.034,2.22,1.0,0.0
2015-07-09,15.140000343322754,15.4399995803833,15.140000343322754,15.345000267028809,366,39.212966572500434,-0.2771008567135951,-0.23701338529869498,-0.0400874714149001,7.986090424936753,0.1886329578698053,15.700926076716467,16.046717508814183,-1,0.09101873842060107,0.013071892132744178,-0.013310170919384468,-0.03805161798216572,0.23997484017401485,0.2498741673249307,0.13,238.034,2.32,1.0,0.0
2015-07-10,15.329999923706056,15.585000038146973,15.329999923706056,15.468000411987305,51,42.438105691975586,-0.26124374158811037,-0.24185945655657806,-0.019384285031532306,8.025241931814474,0.3064527413269528,15.678742680075594,16.024022720703325,-1,0.012675688774559147,0.008015649580846329,-0.0044409661960288505,-0.03040178365133339,0.24248549165231542,0.24997620899192438,0.13,238.034,2.42,1.0,0.0
2015-07-13,15.494999885559082,15.494999885559082,15.300000190734863,15.435999870300291,152,41.816490703994255,-0.24839568899943743,-0.24316670304514995,-0.005228985954287474,8.150777336186085,0.29911608723354854,15.65562431723985,16.000963001079676,-1,0.037709635804306835,-0.0020688221382650918,-0.01844079644844565,-0.024149701185461225,0.24110991985755634,0.24997441782652396,0.13,238.034,2.44,0.0,1.0
2015-07-14,15.359999656677246,15.380000114440918,15.295000076293944,15.295000076293944,27,39.09894791850597,-0.24674667764415048,-0.24388269796495007,-0.002863979679200407,8.133343061137218,0.21810870322200854,15.621279151435479,15.973278180499843,-1,0.0066963455314294216,-0.009134477532462215,0.023076941232801573,-0.04858174464735776,0.23351798617145664,0.2505032099051083,0.13,238.034,2.41,0.0,1.0
2015-07-15,15.045000076293944,15.045000076293944,14.989999771118164,15.027999877929688,86,34.5236135065129,-0.26394195035332046,-0.24789454844262418,-0.016047401910696285,8.657627912596965,0.07120564269655905,15.564776363482546,15.936208443144151,-1,0.021306378287314034,-0.017456698073384458,-0.007856369737768265,-0.058277998151695765,0.2391193108957512,0.2494205977538547,0.13,238.034,2.36,0.0,1.0
2015-07-16,14.989999771118164,14.989999771118164,14.96399974822998,14.96399974822998,12,33.51132722185626,-0.2795115680889353,-0.25421795237188644,-0.025293615717048856,9.158401210918166,0.08271298361583723,15.507559542982301,15.898082611971047,-1,0.002972614786281383,-0.004258725726615009,-0.024828967883270048,-0.061229602123355376,0.2390526988794522,0.24889400819081195,0.13,238.034,2.36,0.0,1.0
2015-07-17,14.9350004196167,14.9350004196167,14.81999969482422,14.81999969482422,62,31.28834408562797,-0.3000118532749738,-0.26337673255250393,-0.03663512072246988,9.394784628668413,0.03815237079784972,15.442077652681531,15.855804850514309,-1,0.015355466669968917,-0.009623099159888238,-0.04189298551226439,-0.08223934625711182,0.2322078899197772,0.24825098482223604,0.13,238.034,2.34,1.0,1.0
2015-07-20,14.71500015258789,14.904999732971191,14.484999656677246,14.744999885559082,46,30.165954071221122,-0.31863728254131196,-0.27442884255026556,-0.0442084399910464,9.59810925402274,0.04118257144897255,15.375689293907964,15.812243871496458,-1,0.01138627953316254,-0.0050607159790516665,-0.044765482673443824,-0.08438898399575323,0.23214780960230905,0.248297256280183,0.13,238.034,2.38,1.0,1.0
2015-07-21,14.614999771118164,14.835000038146973,14.614999771118164,14.769000053405762,102,31.01872276800907,-0.3276841179212848,-0.28507989762446945,-0.042604220296815376,9.332899630479327,0.09051635007991037,15.317909366241087,15.771332349218392,-1,0.025216316440049444,0.0016276817926723641,-0.03439032496007899,-0.08477406894562745,0.23199742118896705,0.2472763646742804,0.13,238.034,2.35,1.0,1.0
2015-07-22,14.71399974822998,14.71399974822998,14.71399974822998,14.71399974822998,10,30.111260684092684,-0.3354252911484341,-0.2951489763292624,-0.04027631481917171,9.754558036907348,0.10416759805451331,15.260394164525744,15.72986832565022,-1,0.002472004548488369,-0.0037240371708914255,-0.020894339383170424,-0.06470891050168048,0.21834526681852925,0.22583901013542218,0.13,238.034,2.33,1.0,1.0
2015-07-23,14.68299961090088,14.68299961090088,14.635000228881836,14.68299961090088,172,29.585882176939265,-0.3401407478951217,-0.30414733064243427,-0.035993417252687454,9.834011398217427,0.12403994709709586,15.205404207037661,15.68881465056201,-1,0.04243927113019234,-0.002106846395238615,-0.01877841099017241,-0.0735108526792182,0.21475473500418135,0.22401469283376269,0.13,238.034,2.28,1.0,1.0
2015-07-24,14.595000267028809,14.630000114440918,14.329999923706056,14.47700023651123,29,26.30178799570797,-0.35639194475172786,-0.314596253464293,-0.04179569128743488,10.209824726886927,0.046223738614182226,15.136032400320858,15.641292516677666,-1,0.007152987605599063,-0.014029788180115021,-0.023144363385701028,-0.08402404574643751,0.2177782972290188,0.22487971982078053,0.13,238.034,2.27,1.0,1.0
2015-07-27,14.609999656677246,14.649999618530272,14.5600004196167,14.593999862670898,18,30.98736364661187,-0.3557296137662256,-0.3228229255246795,-0.03290668824154608,10.198664566929091,0.15685911239913283,15.084410253878005,15.600222216520539,-1,0.014788038120276042,0.00808175894510188,-0.010240761211267935,-0.07251349341607116,0.22220629832355718,0.2163781470424396,0.13,238.034,2.23,1.0,1.0
2015-07-28,14.640000343322754,14.640000343322754,14.630999565124512,14.630999565124512,168,32.449978353357594,-0.3482052515303877,-0.3278993907258212,-0.020305860804566533,10.054022712307686,0.2092326646803893,15.04122828352053,15.562213485093244,-1,0.6714628297362111,0.002535268110304134,-0.009343929025812825,-0.06594739667726313,0.22329517529386458,0.21654261543274148,0.13,238.034,2.26,1.0,1.0
2015-07-29,14.640000343322754,14.734000205993652,14.640000343322754,14.734000205993652,206,36.485507853224654,-0.3301253695779298,-0.32834458649624293,-0.0017807830816868875,9.815776650136582,0.29886621698797755,15.011968466613208,15.529734532971691,-1,1.2791058677429368,0.007039890911804791,0.0013592808281839286,-0.052536779259438116,0.2257727586075604,0.2130876283637194,0.13,238.034,2.29,1.0,1.0
2015-07-30,14.75,14.78499984741211,14.630000114440918,14.690999984741213,39,35.53117462476639,-0.31562832450622125,-0.32580133409823864,0.01017300959201739,9.487794750940507,0.2913505679437853,14.981400039768257,15.496842982060693,-1,0.2565789473684211,-0.0029184349566485634,0.0005448732583492877,-0.055362658082616534,0.225536823884463,0.21202626637434788,0.13,238.034,2.28,1.0,1.0
2015-07-31,14.854999542236328,14.864999771118164,14.746000289916992,14.746000289916992,101,37.773178507286424,-0.29628584804563296,-0.3198982368877175,0.023612388842084553,8.98131262606675,0.3494274545447022,14.958981015972899,15.467398170604078,-1,0.7004160887656034,0.0037438094910424713,0.01858120114741313,-0.050910692391382684,0.2266720611173044,0.2122863379868811,0.13,238.034,2.2,1.0,1.0
2015-08-03,14.729999542236328,14.729999542236328,14.414999961853027,14.515999794006348,131,32.65836912796017,-0.2961026271529086,-0.31513911494075575,0.019036487787847167,7.9737405805273385,0.1869266604064274,14.916792328166562,15.430088430345343,-1,0.8948087431693988,-0.01559748347949741,-0.005344666945219179,-0.07694264600416767,0.224228864211956,0.2129807077188149,0.14,238.033,2.16,1.0,1.0
2015-08-04,14.604999542236328,14.604999542236328,14.550000190734863,14.550000190734863,119,34.07941106918287,-0.2898724067468983,-0.3100857733019843,0.020213366555085988,8.212647088418606,0.2398504444153524,14.881859743649256,15.395575166046893,-1,1.1864406779661016,0.0023422704058286836,-0.005536147686226789,-0.026755827667795495,0.141952304292156,0.2116299523263169,0.14,238.033,2.23,1.0,2.0
2015-08-05,14.54599952697754,14.54599952697754,14.54599952697754,14.54599952697754,1,33.9885268754562,-0.28200693195078763,-0.304470005031745,0.022463073080957352,8.245518766703302,0.2616547504148712,14.849873056347189,15.362258474318683,-1,0.01053740779768177,-0.0002749597048026242,-0.012759649544434981,-0.03967787505223408,0.1314502039798157,0.21118760166342015,0.14,238.033,2.28,1.0,2.0
2015-08-06,14.670000076293944,14.670000076293944,14.670000076293944,14.670000076293944,0,39.384345206216,-0.2627389870003807,-0.2961238014254721,0.03338481442509145,7.687299331288547,0.3823831747545774,14.832742296342118,15.33511108616085,-1,0.0,0.008524718365790385,-0.0014294403695515046,-0.043988281459024225,0.1254703253955426,0.21005083984807624,0.14,238.033,2.23,2.0,2.0
2015-08-07,14.815999984741213,14.815999984741213,14.815999984741213,14.815999984741213,16,45.07689257253912,-0.23300212590098646,-0.283499466320575,0.05049734041958853,6.51220875901932,0.5465209060391893,14.831147790475365,15.314753788065962,-1,0.21376085504342018,0.009952277279343669,0.004747029258644897,-0.04215156515904983,0.1277114870612609,0.1914100752587289,0.14,238.033,2.18,1.0,2.0
2015-08-10,14.890000343322754,15.335000038146973,14.890000343322754,15.288999557495115,6,58.63144194344292,-0.16931656082108226,-0.26066288522067643,0.09134632439959417,6.00263643451235,1.0925139835491096,14.874752720667722,15.313743818239654,-1,0.08882309400444116,0.03192491720039414,0.05325156892106997,-0.009523212881597187,0.17470283939125686,0.200930579823882,0.14,238.033,2.24,0.0,2.0
2015-08-11,15.220000267028809,15.281000137329102,15.220000267028809,15.281000137329102,15,58.369083346586876,-0.1181290597509701,-0.23215612012673517,0.11402706037576507,5.957857027190191,1.088696788155648,14.91344295082595,15.312459752321594,-1,0.22404779686333084,-0.0005232141014807068,0.05024054549907997,-0.0009153278126844411,0.17166253183784025,0.20032483933910347,0.14,238.033,2.15,0.0,2.0
2015-08-12,15.479999542236328,15.510000228881836,15.472999572753906,15.472999572753906,4,62.685011114015346,-0.06136249785587111,-0.19799739567256236,0.13663489781669125,7.13428809997226,1.1518068218319855,14.96673405767623,15.318755431554234,-1,0.06364359586316627,0.012564585674976758,0.06372886538715461,0.029611372001522973,0.16388479714488574,0.2011746902432351,0.14,238.033,2.14,1.0,2.0
2015-08-13,15.395999908447266,15.395999908447266,15.395999908447266,15.395999908447266,0,59.99859763906492,-0.022330406938522174,-0.16286399792575434,0.14053359098723217,7.927655486184254,1.0017242911679454,15.007616519654425,15.32178462672651,-1,0.0,-0.004976388963535361,0.04948874085737098,0.028869297479665157,0.16423856112014257,0.18691959083161078,0.14,238.033,2.19,1.0,2.0
2015-08-14,15.210000038146973,15.210000038146973,15.175000190734863,15.210000038146973,1,53.98055839212727,-0.006332827845596967,-0.13155776390972287,0.1252249360641259,8.264903259699317,0.8129183323628311,15.026891140463238,15.31740091737045,-1,0.01689189189189189,-0.012081051663181741,0.026592876202182536,0.026315813181761127,0.1666832121961821,0.1879269820728692,0.14,238.033,2.2,0.0,2.0
2015-08-17,15.295000076293944,15.295000076293944,15.295000076293944,15.295000076293944,0,56.14537200417104,0.013053686769936235,-0.10263547377379106,0.1156891605437273,8.673119291834903,0.8422703672983735,15.052425324828068,15.31652245301451,-1,0.0,0.005588431159355034,0.00039247295261302106,0.03730079315046453,0.16556522406548968,0.18845852592348702,0.14,238.033,2.16,0.0,2.0
2015-08-18,14.786999702453612,14.786999702453612,14.786999702453612,14.786999702453612,0,43.09701222344436,-0.012430454812221825,-0.08459446998147722,0.0721640151692554,8.666835876105376,0.44722126437193516,15.027146694125738,15.295756854953298,-1,0.0,-0.03321349273006502,-0.032327755411029946,0.0012187452761027728,0.20832056170979008,0.19942366333757694,0.14,238.033,2.2,1.0,2.0
2015-08-19,15.175999641418455,15.175999641418455,15.175999641418455,15.175999641418455,0,52.24863188884373,-0.0012236708373762895,-0.06792031015265704,0.06669663931528075,8.80354520633541,0.7274780024599277,15.041323165296474,15.291060493638208,-1,0.0,0.026306887589934602,-0.019194722389731855,0.03139866121338297,0.2269867757334063,0.2051257670184087,0.14,238.033,2.12,0.0,2.0
2015-08-20,15.46500015258789,15.517000198364258,15.46500015258789,15.517000198364258,252,58.542985713900634,0.03477284161537142,-0.04738167979905135,0.08215452141442277,9.440604148925846,0.9240284766964586,15.086625739874357,15.299920874215701,-1,4.556962025316456,0.02246972621264054,0.007859203081094002,0.05680042290842269,0.23795545022603676,0.21066019600938138,0.14,238.033,2.09,1.0,2.0
2015-08-21,15.300999641418455,15.300999641418455,15.300999641418455,15.300999641418455,0,53.713169763540016,0.04534815205287046,-0.02883571342866699,0.07418386548153745,9.252578340448423,0.745652117654553,15.107042301926176,15.299963178811888,-1,0.0,-0.013920252251370835,0.005982879884500525,0.056917827688438116,0.23785116501235837,0.21224880741419144,0.14,238.033,2.05,1.0,2.0
2015-08-24,14.76200008392334,14.76200008392334,14.76200008392334,14.76200008392334,9,43.96577293186134,0.010119747928190037,-0.021044621157295586,0.031164369085485623,9.059227429226603,0.3470992660210625,15.074181138306859,15.278866586855475,-1,0.16853932584269662,-0.03522642769274309,-0.034847988866421264,0.011511595370242489,0.27334322529962435,0.22354374856170453,0.14,238.033,2.01,2.0,2.0
2015-08-25,14.609999656677246,14.654999732971191,14.609999656677246,14.609999656677246,13,41.669280842614214,-0.02972156856437458,-0.022780010638711386,-0.006941557925663193,9.088645944932333,0.23662444880541267,15.029973378151658,15.252636511162212,-1,0.2847754654983571,-0.010296736646928428,-0.01196997696206048,-0.001435302376559644,0.2759308045566227,0.22418250845705945,0.14,238.033,2.12,2.0,2.0
2015-08-26,14.664999961853027,14.699999809265137,14.045000076293944,14.045000076293944,35,34.46327257486497,-0.1056687594815564,-0.03935776040728039,-0.06631099907427601,10.523497438220707,-0.06558321489440075,14.936166397022351,15.205278219598751,-1,0.9433962264150944,-0.03867211455580555,-0.07452553978966758,-0.04676259807702665,0.3075649447892884,0.235921857687568,0.14,238.033,2.18,2.0,2.0
2015-08-27,14.1850004196167,14.42099952697754,14.130000114440918,14.42099952697754,59871,41.69005753914456,-0.133973083826735,-0.058280825091171315,-0.07569225873556369,10.869494168453766,0.19209480007783203,14.887102885589512,15.174522192437136,-1,19.767887212335328,0.02677105365903376,-0.07063225219925262,-0.01837863032088405,0.32408780186589886,0.24098905584497626,0.14,238.033,2.18,2.0,1.0
2015-08-28,14.470000267028809,14.649999618530272,14.34000015258789,14.53499984741211,13209,43.71654839791042,-0.14552803507302947,-0.07573026708754295,-0.06979776798548652,11.067204255137664,0.2728619673394923,14.85356926290595,15.149442884789096,-1,3.585407562226867,0.007905160819214219,-0.0500620751557207,-0.014308994870233405,0.32520834237239377,0.23788286242867956,0.14,238.033,2.19,2.0,1.0
2015-08-31,14.510000228881836,14.635000228881836,14.390000343322754,14.57699966430664,1441,44.48207670968422,-0.1495722076638888,-0.09049865520281213,-0.059073552461076664,10.992353566520157,0.2951225002586479,14.827229301134587,15.126994131044686,-1,0.3843076594836783,0.0028895643161639395,-0.012532205565977117,0.004202250700325871,0.3204984191029354,0.23776685402426387,0.14,238.033,2.21,2.0,1.0
2015-09-01,14.619999885559082,14.71500015258789,14.515000343322754,14.61299991607666,779,45.1704719614747,-0.14816437741394672,-0.10203179964503906,-0.04613257776890767,10.921193370005751,0.31399695454733273,14.80682650255764,15.106837495163587,-1,0.20594300216782108,0.0024696612882670888,0.00020535656878295505,0.004329877973604068,0.32050993762135105,0.23790699574049376,0.14,237.498,2.17,2.0,1.0
2015-09-02,14.53499984741211,14.8100004196167,14.44499969482422,14.66100025177002,382,46.12960366020151,-0.14154380696436242,-0.10993420110890374,-0.031609605855458675,10.796960536363324,0.33815383075974503,14.792938288196915,15.089353681697173,-1,0.10048268514986913,0.003284769449738434,0.04385903681950132,0.007906003611453105,0.32068599591801883,0.23809084160653393,0.14,237.498,2.2,2.0,1.0
2015-09-03,14.739999771118164,14.925000190734863,14.55500030517578,14.70199966430664,123,46.98270252788181,-0.1314731070996391,-0.11424198230705082,-0.017231124792588287,10.770586900465172,0.3622872295331798,14.784277466874032,15.074163328074015,-1,0.03230211670781028,0.002796494907069569,0.019485482736715243,0.0021812943317163214,0.3194138798306298,0.23822499632098165,0.14,237.498,2.18,2.0,1.0
2015-09-04,14.670000076293944,14.8100004196167,14.5,14.543999671936035,120,44.08531079260777,-0.13468867660157358,-0.11833132116595538,-0.0163573554356182,10.993099459629835,0.2768514741032732,14.761393867356128,15.053372596460761,-1,0.03147128245476003,-0.010746836891460165,0.0006191829802824067,-0.01835855244906226,0.3194501684109855,0.23898769646402873,0.14,237.498,2.13,2.0,2.0
2015-09-08,14.630000114440918,14.854999542236328,14.4399995803833,14.75,233,48.541105787715566,-0.11924000913956512,-0.11851305876067733,-0.0007269503788877862,10.79298608429052,0.41732553924059856,14.760308737131735,15.041475631893674,-1,0.060925386013309456,0.014163939267783476,0.011868034552883211,-0.03525407633561495,0.3015741025095331,0.24064982137510124,0.14,237.498,2.2,2.0,2.0
2015-09-09,14.789999961853027,14.864999771118164,14.5649995803833,14.567999839782717,85,45.12007018247523,-0.12029602309248055,-0.11886965162703798,-0.001426371465442569,10.675584800784895,0.3238823507810104,14.741993604050876,15.022907953771675,-1,0.022205676815967187,-0.012338993913036167,-0.003079455043617396,-0.04665926910141416,0.30385513069501785,0.2389768254636873,0.14,237.498,2.21,2.0,2.0
2015-09-10,14.574999809265137,14.8149995803833,14.5649995803833,14.633999824523926,155,46.59010098115793,-0.11448753355381314,-0.11799322801239302,0.003505694458579886,10.034586272316194,0.3847634869221212,14.731708482191166,15.007656654585489,-1,0.040412994733274234,0.00453047676188012,-0.001841649736199602,-0.0542234712981805,0.2999736279148524,0.2390021338806722,0.14,237.498,2.23,2.0,2.0
2015-09-11,14.699999809265137,14.704999923706056,14.279999732971191,14.489999771118164,47,43.83141732438171,-0.12011920517208274,-0.11841842344433097,-0.001700781727751774,9.520275248632998,0.3079253266240748,14.708688604946119,14.987356384645594,-1,0.012246759168783792,-0.009840102168406695,-0.01441979989315112,-0.05884646289404105,0.3009532168225414,0.23962630713194996,0.14,237.498,2.2,2.0,1.0
2015-09-14,14.510000228881836,14.53499984741211,14.354999542236328,14.357000350952148,33,41.39353602774078,-0.13377224402958632,-0.12148918756138205,-0.012283056468204268,9.398453814327237,0.2395524148377957,14.675194485518121,14.962636540187027,-1,0.008595204917499056,-0.00917870409019006,-0.012857489356570828,-0.05608150460588324,0.2999523633128508,0.23818007424666404,0.14,237.498,2.18,2.0,1.0
2015-09-15,14.375,14.375,14.265000343322754,14.319000244140623,24,40.69705423231461,-0.14597594687978166,-0.12638653942506198,-0.01958940745471968,8.979694527388787,0.23469904922999923,14.64127122443455,14.937395901126385,-1,0.006249104945906185,-0.0026467998803806347,-0.02922032243114414,-0.06381169187871039,0.29829239119752565,0.23817904887651908,0.14,237.498,2.28,2.0,1.0
2015-09-16,14.510000228881836,14.899999618530272,14.510000228881836,14.878000259399414,25,53.17780468982665,-0.10928111516764005,-0.1229654545735776,0.013684339405937551,9.037641520761088,0.6545897101258621,14.663816846812157,14.935066660274346,-1,0.006507366338695403,0.03903903943905118,0.02127954578707092,0.006154092025220104,0.31009076532966856,0.2519687942692655,0.14,237.498,2.3,2.0,1.0
2015-09-17,14.904999732971191,15.204999923706056,14.850000381469728,14.975000381469728,28,54.94957912228729,-0.07154833283294337,-0.11268203022545076,0.041133697392507385,8.700300730678617,0.7446071682300857,14.693453373922402,14.936632688556518,-1,0.007285595337218984,0.006519701598273198,0.02330193802342051,-0.013244548280045954,0.29610885047890345,0.24739802055885543,0.14,237.498,2.21,2.0,2.0
2015-09-18,15.265000343322754,15.265000343322754,15.154000282287598,15.154000282287598,3,58.10045407216799,-0.026891051646979136,-0.09552383450975643,0.0686327828627773,7.577868805859296,0.9588367074873515,14.737314984242897,14.945156907918522,-1,0.0007831364615284213,0.011953248498034474,0.04582474269550629,-0.023393691527755833,0.28766367463771286,0.24821100074871785,0.14,237.498,2.13,1.0,2.0
2015-09-21,15.149999618530272,15.234999656677246,15.149999618530272,15.215999603271484,57,59.16576304639513,0.013349112228453919,-0.07374924516211437,0.08709835739056829,7.317793238601755,1.037118128710041,14.782903995578952,14.955778190089227,-1,0.014868530884808013,0.004091284138113327,0.05983138756852968,-0.005555195094370413,0.28410601131283897,0.24837156495027937,0.14,237.498,2.2,1.0,2.0
2015-09-22,14.770000457763672,14.789999961853027,14.75,14.75,37,49.06756135764429,0.0075504219869397815,-0.05748931173230354,0.06503973371924332,7.3110050666415685,0.602819053249566,14.77977028171429,14.947708457144552,-1,0.009647979139504563,-0.030625631928335006,0.030099849745846896,-0.0008129036617746666,0.2766059973883519,0.2560112839451722,0.14,237.498,2.14,2.0,2.0
2015-09-23,14.739999771118164,14.84000015258789,14.739999771118164,14.779999732971191,12,49.663190287125374,0.005314385003547528,-0.04492857238513333,0.050242957388680856,7.350695514854282,0.6221715393701551,14.779792134214947,14.941131644431872,-1,0.0031291151123221945,0.0020338802014367996,-0.006586942110470062,0.011635871340780701,0.2739644184812576,0.2559869494277242,0.14,237.498,2.16,1.0,2.0
2015-09-24,14.744999885559082,15.125,14.744999885559082,15.125,189,56.031314424328606,0.03102333020685144,-0.029738191866736374,0.060761522073587815,6.812193234115795,0.9218922017815033,14.812669073813524,14.948342168179641,-1,0.04918480735950451,0.023342373021778995,0.010016668761884118,0.07689568656741774,0.24069991200400986,0.26031665621132655,0.14,237.498,2.13,1.0,2.0
2015-09-25,15.0649995803833,15.119999885559082,15.029999732971191,15.105999946594238,21,55.614031812025374,0.04929645019180917,-0.013931263455027267,0.06322771364683644,6.957534537085014,0.860183386066253,14.840605347411687,14.954524826156684,-1,0.02470152326060107,-0.0012562018780668538,-0.0031675026263173756,0.04750020401396293,0.22563603247366226,0.2603193095533607,0.14,237.498,2.17,1.0,2.0
2015-09-28,14.614999771118164,14.619999885559082,14.538000106811523,14.538000106811523,37,44.85869154745758,0.017740685750725405,-0.007596873613876733,0.025337559364602136,6.954281607786383,0.30597022802181406,14.811785800687861,14.938190523437266,-1,0.19316105455494648,-0.037600942790336433,-0.04455832769042589,0.00020641619751704532,0.266457369952171,0.2716282871688665,0.14,237.498,2.1,1.0,1.0
2015-09-29,14.630000114440918,14.640000343322754,14.569000244140623,14.569000244140623,19,45.47842967750238,-0.004711719146955673,-0.007019842720492522,0.0023081235735368487,6.9614013985645,0.33677187972229267,14.788663366730981,14.92371247326877,-1,0.15774180157741802,0.0021323522562484154,-0.012271169888771305,-0.0005487700041322263,0.2663627489251077,0.27032492483868326,0.14,237.498,2.05,1.0,1.0
2015-09-30,14.512999534606934,14.512999534606934,14.479999542236328,14.512999534606934,10,44.50532903016651,-0.026716232928203354,-0.010959120762034688,-0.015757112166168666,7.053679069188449,0.28977142151084345,14.762409668433452,14.907606083517326,-1,0.12195121951219512,-0.0038438265217417555,-0.018064966386206027,-0.0068432479329387785,0.2665221710880419,0.2501088597667993,0.14,237.498,2.06,1.0,1.0
2015-10-01,14.515000343322754,14.515000343322754,14.46500015258789,14.505999565124512,15,44.37750794162777,-0.04421018023201562,-0.017609332656030874,-0.026600847575984743,7.173212301959719,0.2938760026982895,14.737989658594506,14.891856808286235,-1,0.2356637863315004,-0.0004823241030036396,-0.04092564858680914,-0.01057231321081209,0.26617827157324847,0.24850149325145435,0.12,237.733,2.05,1.0,1.0
2015-10-02,14.40999984741211,15.256999969482422,14.40999984741211,15.256999969482422,3,58.236127297791455,0.0024964195810923684,-0.013588182208606227,0.016084601789698595,7.818823466040681,0.9383166811601797,14.787419212012402,14.906176147940988,-1,0.05203816131830009,0.05177171011113724,0.009996029618828839,0.03774998761040682,0.3220312635405787,0.26841312542199375,0.12,237.733,1.99,0.0,1.0
2015-10-05,15.140000343322754,15.70199966430664,15.140000343322754,15.70199966430664,8,63.9653312590619,0.07456001139123103,0.004041456511361224,0.0705185548798698,9.465722554450261,1.1367827576410865,14.8745221122309,14.93738491328866,-1,0.15369836695485112,0.029166919821349113,0.08006600281628451,0.07962046331760253,0.3318685362513754,0.27439021179763473,0.12,237.733,2.07,0.0,1.0
2015-10-06,15.59000015258789,15.984999656677246,15.59000015258789,15.979000091552734,37,67.0000100979901,0.15226730388443244,0.033686625985975466,0.11858067789845697,11.640155373027614,1.1402138777313242,14.979710491213932,14.978232567338232,1,0.8757396449704142,0.01764109241931555,0.09678082392641785,0.08332204010527011,0.33348689917292457,0.27660220869617064,0.12,237.733,2.05,0.0,0.0
2015-10-07,15.850000381469728,16.08799934387207,15.850000381469728,16.08799934387207,10,68.13712645209884,0.22010894287313398,0.07097108936340717,0.1491378535097268,13.407190854499712,1.0694761239439434,15.085261810514707,15.021752833084657,1,0.2597402597402597,0.006821406326730006,0.10852338315793886,0.10433824277911463,0.32786827302573196,0.2761335131067084,0.12,237.733,2.08,0.0,0.0
2015-10-08,15.609999656677246,15.760000228881836,15.609999656677246,15.760000228881836,7,61.29274782109331,0.24458768854456991,0.10569440919963972,0.13889327934493018,14.006380249648743,0.8601900740110316,15.149522612263958,15.050703711351213,1,0.22508038585209003,-0.020387812553906537,0.08644703580249691,0.07694413132839717,0.34020898532405147,0.2770526396702801,0.12,237.733,2.12,0.0,0.0
2015-10-09,15.809000015258787,15.8149995803833,15.809000015258787,15.809000015258787,1,61.908330537645334,0.26488768376970206,0.1375330641136522,0.12735461965604986,14.318057313888104,0.8429512786736727,15.212329983977751,15.080440821308374,1,0.034722222222222224,0.0031091234559219583,0.03618011711873215,0.0910283136628951,0.336427673450352,0.2768894025736346,0.12,237.733,2.12,0.0,0.0
2015-10-12,15.854999542236328,15.854999542236328,15.854999542236328,15.854999542236328,5,62.51108551282119,0.28144305330589425,0.16631506195210063,0.11512799135379362,14.245408105039449,0.8295989643105534,15.273536608573806,15.110815673109471,1,0.18248175182481752,0.002909705037202892,0.009743974092515373,0.10433928778060064,0.3326695957424816,0.27603409762960335,0.12,237.733,2.12,0.0,0.0
2015-10-13,15.710000038146973,15.897000312805176,15.699999809265137,15.897000312805176,15,63.08546220411384,0.2945569450014993,0.1919634385619804,0.10259350643951892,13.878709360871913,0.8190889248818174,15.33291410421489,15.141646443293617,1,0.5565862708719852,0.00264905529999937,-0.005131721526862476,0.1102032293986639,0.33159164015802023,0.27574687731896613,0.12,237.733,2.06,0.0,0.0
2015-10-14,16.010000228881836,16.104999542236328,15.979999542236328,16.101999282836914,18,65.83672774242828,0.31782778146068225,0.21713630714172077,0.10069147431896147,14.522747958303741,0.8685014372934237,15.4061603117027,15.179307338961982,1,0.6766917293233082,0.012895449833174588,0.0008702100656272638,0.08226905512145155,0.3094857619831863,0.2767626019962601,0.12,237.733,1.99,0.0,0.0
2015-10-15,16.135000228881836,16.152000427246094,16.0,16.152000427246094,16,66.49270293848755,0.3364266445486894,0.24099437462311452,0.09543226992557491,15.142556198717791,0.8482537819042681,15.477192703659215,15.217452165953516,1,0.6153846153846154,0.0031052755332361404,0.02487310867203396,0.0785976638259589,0.3093500868145166,0.2765714581619655,0.12,237.733,2.04,0.0,0.0
2015-10-16,16.101999282836914,16.101999282836914,16.101999282836914,16.101999282836914,12,65.1456092863308,0.3431757862226199,0.2614306569430156,0.08174512927960431,15.640529069042545,0.7956637643836608,15.53669809215233,15.252140288184238,1,0.45368620037807184,-0.003095662647756958,0.018533700252724605,0.06255767341230434,0.3087183448855123,0.27663499811391923,0.12,237.733,2.04,0.0,0.0
2015-10-19,15.81999969482422,15.82900047302246,15.81999969482422,15.82900047302246,1,58.21139438119243,0.32277505727856237,0.27369953701012495,0.04907552026843742,15.763092213007484,0.6678655054794918,15.564536414139962,15.27476225621711,1,0.042283298097251586,-0.01695434244028593,-0.00163980258369667,0.04028659869438855,0.31681424986807666,0.2774194273818359,0.12,237.733,2.04,0.0,0.0
2015-10-20,15.904999732971191,15.904999732971191,15.890000343322754,15.904999732971191,6,59.50368717504668,0.309175850981795,0.280794799804459,0.028381051177336025,15.400951621809519,0.6788270251199866,15.596961492123889,15.299477451383938,1,0.27149321266968324,0.004801267147490407,0.000503203120627127,0.07830506664211456,0.291734399320024,0.27717047252829097,0.12,237.733,2.08,0.0,0.0
2015-10-21,15.696000099182127,15.696000099182127,15.696000099182127,15.696000099182127,10,54.51127716686596,0.2783254951936698,0.2803009388823012,-0.0019754436886313953,14.824377272308938,0.5745196091381533,15.606393740415148,15.31502735914073,1,0.45454545454545453,-0.01314049904419723,-0.025214209522884556,0.06197566865766069,0.2979030851282597,0.2787808232012415,0.12,237.733,2.04,0.0,0.0
2015-10-22,15.822999954223633,15.822999954223633,15.822999954223633,15.822999954223633,0,56.878827971608416,0.2611142305744476,0.2764635972207305,-0.015349366646282891,14.684782329519647,0.6153679442888815,15.627022903635003,15.33494785306555,1,0.0,0.008091224148764065,-0.020369023298654976,0.046148757304041776,0.28912643164336815,0.2788824338254483,0.12,237.733,2.04,0.0,1.0
2015-10-23,15.817999839782717,15.859999656677246,15.817999839782717,15.817999839782717,5,56.75358589116389,0.24425509126695566,0.27002189602997556,-0.0257668047630199,14.465935992070456,0.5988491317185392,15.645211183268119,15.35389106823093,1,0.425531914893617,-0.0003160029359401406,-0.017637526748427557,0.04713358239809895,0.28899406847853076,0.2787694504049356,0.12,237.733,2.09,0.0,1.0
2015-10-26,15.899999618530272,15.899999618530272,15.899999618530272,15.899999618530272,1,58.37240518743059,0.23480412297722175,0.26297834141942483,-0.02817421844220308,13.077628682918474,0.6156532647795737,15.669476748531181,15.375307089811296,1,0.10050251256281408,0.0051839536969346955,0.00448538400316667,0.09368547955097406,0.24592349164617158,0.2788399530155676,0.12,237.733,2.07,0.0,1.0
2015-10-27,15.829999923706056,15.857999801635742,15.829999923706056,15.857999801635742,7,57.19154228796871,0.22137327498681536,0.254657328132903,-0.03328405314608762,11.377699707919128,0.5729001499536651,15.68743132501733,15.394236215765195,1,0.7486631016042781,-0.002641497981269225,-0.002955041315594542,0.08847549837975532,0.24710932141069403,0.27671939199339574,0.12,237.733,2.05,0.0,1.0
2015-10-28,16.059999465942383,16.288000106811523,16.059999465942383,16.288000106811523,45,64.9985407051881,0.24262977711676825,0.25225181792967605,-0.009622040812907795,9.264752664399527,0.8219047435198719,15.744628351854873,15.429285780119953,1,4.054054054054054,0.027115670989693585,0.0377166159460105,0.12230418446386748,0.25748313882549306,0.2815276035991195,0.12,237.733,2.1,0.0,0.0
2015-10-29,15.875,15.975000381469728,15.543999671936035,15.543999671936035,31,48.51304095137672,0.19716825803060267,0.2412351059498614,-0.04406684791925872,5.601031777503618,0.13523128686822872,15.725520858529269,15.433784364112741,1,2.6050420168067228,-0.0456778260066657,-0.017632578088526363,0.07155660677855624,0.3177234217846715,0.2986417505754809,0.12,237.733,2.19,0.0,0.0
2015-10-30,15.574999809265137,15.574999809265137,15.529999732971191,15.565999984741213,19,48.92555855524535,0.16105833773922562,0.22519975230773426,-0.06414141456850864,4.712692164433067,0.07564499350895536,15.710328394358978,15.438969290411897,1,1.4960629921259843,0.0014153572612909393,-0.015931208597418034,0.02025299966421068,0.2647325865683825,0.29824645290929863,0.12,237.733,2.16,0.0,0.0
2015-11-02,15.413000106811523,15.413000106811523,15.413000106811523,15.413000106811523,4,46.1559412252367,0.11872654852806619,0.20390511155180066,-0.08517856302373447,5.3014959584291175,-0.04225256460582459,15.682011414592553,15.43795089105502,1,0.32,-0.009829106904771234,-0.03062890084294001,-0.018405270900117454,0.24587112279996498,0.2984759807904464,0.12,238.017,2.2,0.0,0.0
2015-11-03,15.385000228881836,15.385000228881836,15.244000434875488,15.244000434875488,1,43.24395797372336,0.07072615239875013,0.17726931972119056,-0.10654316732244043,6.282068293298761,-0.09164119541726788,15.640296083190927,15.430344990812687,1,0.09345794392523366,-0.010964748638478738,-0.03871858837436237,-0.045997850457851985,0.23825880653185663,0.29240281148369046,0.12,238.017,2.23,0.0,0.0
2015-11-04,15.199999809265137,15.199999809265137,15.062999725341797,15.062999725341797,1,40.3106342688133,0.0178742053557297,0.1453902968480984,-0.1275160914923687,7.413108301174185,-0.11391063786249309,15.585315477681487,15.415939294127554,1,0.0975609756097561,-0.011873570215833573,-0.07520876555971046,-0.06371206242749483,0.23799797998729752,0.29341701177967855,0.12,238.017,2.25,0.0,1.0
2015-11-05,14.98799991607666,14.98799991607666,14.98799991607666,14.98799991607666,0,39.12631692692416,-0.02972060067753901,0.11036811734297092,-0.14008871802050993,8.634651865089518,-0.055131038718370155,15.52842828133817,15.399157357733403,1,0.0,-0.0049790752594224275,-0.03576941376698606,-0.048984790710244086,0.2292316192204752,0.29236372582333864,0.12,238.017,2.26,0.0,1.0
2015-11-06,15.03499984741211,15.045000076293944,14.696000099182127,14.696000099182127,14,34.835169031739795,-0.089964715006559,0.07030155087306493,-0.16026626587962395,10.418272118477708,-0.10634172776079304,15.449149406847118,15.371582563280413,1,1.3270142180094786,-0.019482240360925274,-0.05589103728715883,-0.07040292966047168,0.2359911429648085,0.29485865475538087,0.12,238.017,2.34,1.0,1.0
2015-11-09,14.41800022125244,14.41800022125244,14.41800022125244,14.41800022125244,0,31.313978882403745,-0.15831590920167393,0.02457805885811716,-0.18289396805979108,12.57213202938517,-0.10978485293937225,15.350944722504767,15.334187177318531,1,0.0,-0.018916703596454032,-0.06455588650254795,-0.09063382923196239,0.24076077906334492,0.29634274695423746,0.12,238.017,2.36,1.0,1.0
2015-11-10,14.355999946594238,14.355999946594238,14.355999946594238,14.355999946594238,3,30.57177052773497,-0.21500913557568957,-0.02333938002864419,-0.19166975554704538,14.338535132552307,-0.03056005054714174,15.256188077179955,15.295826893760717,-1,0.30927835051546393,-0.004300199313827968,-0.05825245755370534,-0.0969365500338858,0.23918771229025637,0.29611400692189865,0.12,238.017,2.32,1.0,1.0
2015-11-11,14.3100004196167,14.3100004196167,14.26200008392334,14.26200008392334,10,29.43273696130801,-0.2644752235111216,-0.07156654872513968,-0.19290867478598195,15.69423817268428,0.011558756853600416,15.161503506393611,15.255284665923957,-1,1.075268817204301,-0.0065477753566862695,-0.05317663520041538,-0.11427147440472352,0.22964189485835573,0.2884223626736057,0.12,238.017,2.32,1.0,1.0
2015-11-12,14.449999809265137,14.449999809265137,14.223999977111816,14.223999977111816,16,28.9629499482556,-0.3032480904026382,-0.1179028570606394,-0.18534523334199882,16.63994183603362,0.05928981547479925,15.072217455985822,15.214842129107796,-1,1.7204301075268815,-0.0026644304156440146,-0.05097410883658671,-0.11936604749477464,0.2274903564400107,0.28307624607822496,0.12,238.017,2.32,1.0,1.0
2015-11-13,14.20300006866455,14.20300006866455,14.20300006866455,14.20300006866455,0,28.690413598987107,-0.3318450803458859,-0.1606913017176887,-0.1711537786281972,17.317277345073826,0.1018849832903766,14.98943484766951,15.1751620483061,-1,0.0,-0.001476371518634445,-0.033546545127269956,-0.11793561661603735,0.227871007277371,0.2788797677847917,0.12,238.017,2.28,1.0,1.0
2015-11-16,14.449999809265137,14.454999923706056,14.1850004196167,14.220999717712402,4,29.304465306439837,-0.34903254968967445,-0.19835955131208585,-0.1506729983775886,18.00689149508948,0.15111500702066855,14.916250549578358,15.137743917694584,-1,0.4519774011299435,0.0012673131705154272,-0.013663510925020939,-0.10158574181930125,0.2256135945099565,0.27770016526797153,0.12,238.017,2.27,1.0,1.0
2015-11-17,14.135000228881836,14.170000076293944,14.135000228881836,14.170000076293944,2,28.554200122905783,-0.362589284249502,-0.2312054978995691,-0.1313837863499329,18.42228966451545,0.16988340099145466,14.845179075932222,15.099793178816128,-1,0.23121387283236994,-0.003586220549244401,-0.01295624623796554,-0.10908517358102054,0.2225552180182372,0.26821935786438367,0.12,238.017,2.25,1.0,1.0
2015-11-18,14.020000457763672,14.100000381469728,14.020000457763672,14.079999923706056,14,27.229314153929266,-0.3762580852164987,-0.260216015362955,-0.1160420698535437,19.008355319375557,0.17511367964538244,14.772304870958301,15.059801286458871,-1,1.5819209039548023,-0.006351457452597686,-0.012761194723483471,-0.10295617770544452,0.22083428987999099,0.26773033947739655,0.12,238.017,2.27,1.0,1.0
2015-11-19,14.241999626159668,14.241999626159668,14.241999626159668,14.241999626159668,33,33.2343707236751,-0.36975636514914,-0.282124085320192,-0.087632279828948,18.914136095144727,0.2571405840476899,14.721799609548908,15.027730633113805,-1,3.142857142857143,0.011505660747970436,0.001265442145445439,-0.09991786213978648,0.22387924631328934,0.2562773934205431,0.12,238.017,2.24,1.0,1.0
2015-11-20,14.105999946594238,14.105999946594238,14.105999946594238,14.105999946594238,1,30.92705239192746,-0.37129765446170815,-0.29995879914849527,-0.07133885531321288,18.769545642614762,0.23576660207141234,14.663152022600844,14.991584331681665,-1,0.0970873786407767,-0.009549198366472722,-0.00682955161595189,-0.10823112343715857,0.22358227598711233,0.25113600625173715,0.12,238.017,2.26,1.0,1.0
2015-11-23,14.041999816894531,14.145000457763672,14.041999816894531,14.041999816894531,3,29.87589293160923,-0.3733793284637059,-0.3146429050115374,-0.05873642345216851,18.242401056264647,0.2371597458324608,14.603994669676434,14.95434572325864,-1,0.28846153846153844,-0.00453708563320665,-0.012587012472472292,-0.11685533623978073,0.21993104112065076,0.2506845786483861,0.12,238.017,2.25,1.0,1.0
2015-11-24,14.274999618530272,14.279999732971191,14.168999671936035,14.168999671936035,5,34.6243564399237,-0.3606241919837423,-0.32383916240597843,-0.03678502957776386,17.26588725464497,0.3042059865390961,14.56256657465354,14.923547838893048,-1,0.48543689320388345,0.009044285479102854,-7.060016602133956e-05,-0.10650776584859634,0.22623429373749135,0.2513579847412981,0.12,238.017,2.24,1.0,1.0
2015-11-25,14.16800022125244,14.16800022125244,14.16800022125244,14.16800022125244,54195,34.60449726814693,-0.34660090229489704,-0.3283915103837622,-0.018209391911134853,14.277525208362038,0.31201565849972585,14.524988826710578,14.893918520554202,-1,19.940760909559202,-7.05378436541837e-05,0.006250021166422037,-0.13015716304376224,0.19288390376370546,0.2512850139103332,0.12,238.017,2.23,1.0,1.0
2015-11-27,14.15999984741211,14.350000381469728,13.904999732971191,14.008000373840332,17231,31.49060678663524,-0.34442764717788066,-0.3315987377425859,-0.012828909435294744,13.26869328545737,0.2533523491726807,14.475751831199126,14.859176632447776,-1,4.816088098831684,-0.011293043825063132,-0.016430224579526476,-0.09881622043963867,0.1250526951395308,0.252129850170913,0.12,238.017,2.22,1.0,1.0
2015-11-30,14.020000457763672,14.154999732971191,13.954999923706056,14.050000190734863,1623,33.19011789292226,-0.33544944028631996,-0.33236887825133277,-0.0030805620349871887,11.635247289892664,0.2875243461935644,14.435204055916815,14.827444222968838,-1,0.4436850738108256,0.0029982735418085937,-0.003969924576165629,-0.0973917381146363,0.1262807323902635,0.252142293321928,0.12,238.017,2.21,1.0,2.0
2015-12-01,14.039999961853027,14.21500015258789,14.039999961853027,14.05500030517578,281,33.401930962549045,-0.3241935774354072,-0.33073381808814767,0.006540240652740448,9.920994052558145,0.30087850755303036,14.39899417489386,14.797152304624012,-1,0.07652818061739995,0.00035588002655062567,0.0009258288314180074,-0.08810742828942164,0.12639518745696754,0.2512784025405843,0.24,237.761,2.15,1.0,2.0
2015-12-02,14.125,14.140000343322754,13.890000343322754,13.979000091552734,210,31.754032366301914,-0.31774306287045917,-0.32813566704461,0.010392604174150832,8.30774042821153,0.2504069195538142,14.358994738385181,14.765067904111413,-1,0.05702957390761209,-0.005407343434568168,-0.01340952676847229,-0.08298348906030362,0.12416945401078262,0.24959886504044845,0.24,237.761,2.18,1.0,2.0
2015-12-03,13.854999542236328,14.095000267028809,13.770000457763672,14.053000450134276,498,35.110901015579515,-0.3031650748444594,-0.3231415486045799,0.01997647376012046,6.700036796664209,0.32005123198611435,14.329852425218428,14.737143690229958,-1,0.13433500128130774,0.00529368038464062,-0.008116866835282899,-0.06705166923081807,0.12521089157958007,0.24874326746461184,0.24,237.761,2.33,1.0,2.0
2015-12-04,14.050000190734863,14.55500030517578,14.050000190734863,14.505000114440918,92,50.97357916356421,-0.2522317483284642,-0.30895958854935673,0.056727840220892556,4.957369744279431,0.9327637922789227,14.346533157525332,14.728040020591173,-1,0.024786152084596214,0.03216392583993155,0.03547970640611364,-0.032225767570071784,0.17641588163321553,0.25720253742445254,0.24,237.761,2.28,1.0,2.0
2015-12-07,14.479999542236328,14.604999542236328,14.307000160217283,14.307000160217283,60,45.70296955979465,-0.22524715269612727,-0.2922171013787109,0.0669699486825836,3.875740291630865,0.7294335923043085,14.34276811016266,14.711528653517687,-1,0.01615487136683674,-0.013650462093172222,0.018291812526230133,-0.026469783365508648,0.16949465510319042,0.25794655436909647,0.24,237.761,2.23,1.0,2.0
2015-12-08,14.19499969482422,14.25,14.090999603271484,14.090999603271484,72,40.752519859771894,-0.2187692700317534,-0.2775275351093194,0.058758265077565985,3.5949396465543355,0.35555891509766974,14.318790157125406,14.687194180959013,-1,0.019367073285543285,-0.015097543477102904,0.0025613160664570422,-0.022680025867869658,0.16458621323021774,0.25912992097659837,0.24,237.761,2.24,1.0,2.0
2015-12-09,14.140000343322754,14.265000343322754,14.109999656677246,14.163999557495115,37,42.9996596099709,-0.2053775505699562,-0.26309753820144677,0.057719987631490555,3.376991912357107,0.5189316749160466,14.304048195255854,14.666676744744743,-1,0.00994797478053961,0.00518060863522285,0.013234098628711832,-0.013374226094551633,0.16560563999938632,0.2593237761413681,0.24,237.761,2.22,1.0,2.0
2015-12-10,14.109999656677246,14.114999771118164,14.079999923706056,14.085000038146973,6,41.179426392899124,-0.19884693372515194,-0.2502474173061878,0.05140048358103588,3.3306460753859515,0.37031919274950836,14.28318646600739,14.643865893505616,-1,0.001613271849750615,-0.0055774867139373185,0.0022770644693455022,-0.012410604735298536,0.1651803724413507,0.24680590680928494,0.24,237.761,2.24,2.0,2.0
2015-12-11,14.024999618530272,14.024999618530272,13.859000205993652,13.859000205993652,20,36.42856429746877,-0.20949276829230534,-0.24209648750341134,0.032603719211106,3.7303335110551035,-0.01013601328049253,14.24278777457751,14.61308684693652,-1,0.005377283665156546,-0.01604542644950202,-0.0445363601068931,-0.02566083884318715,0.17411405157575635,0.2482678239799051,0.24,237.761,2.13,2.0,2.0
2015-12-14,13.875,13.925000190734863,13.666000366210938,13.666000366210938,90,32.93416664226538,-0.2308421385108641,-0.2398456177049019,0.009003479194037795,4.662956148728562,-0.16157284316683143,14.18785564044736,14.575946200633556,-1,0.02416853525249406,-0.013925956917097637,-0.04480322826784755,-0.037808892477468325,0.17988389961632462,0.2480734526611173,0.24,237.761,2.23,2.0,2.0
2015-12-15,13.635000228881836,13.739999771118164,13.635000228881836,13.739999771118164,2,35.48932498338033,-0.23903508699706855,-0.23968351156333523,0.000648424566266681,5.101999039112538,0.030844461827203233,14.145202700511247,14.543163987711385,-1,0.0005370929842228936,0.005414854597120433,-0.024909505502493157,-0.03382321609887584,0.18144892585004663,0.24821977185422678,0.24,237.761,2.28,2.0,2.0
2015-12-16,13.760000228881836,14.234999656677246,13.760000228881836,14.218000411987305,22,49.004785561257634,-0.2045989119012912,-0.23266659163092643,0.028067679729635225,5.144935854113862,0.6914072839727942,14.152135815889919,14.530412474937892,-1,0.005906436673602255,0.03478898463112867,0.0038125427971800185,0.003387461922012669,0.22145192284864518,0.2512386727271682,0.24,237.761,2.3,1.0,1.0
2015-12-17,13.885000228881836,13.885000228881836,13.68299961090088,13.68299961090088,150,39.12469608404711,-0.21796551768897032,-0.22972637684253522,0.011760859153564895,5.708243203506385,0.030870098462815163,14.107456177319534,14.497180597916833,-1,0.040197773043373394,-0.03762841367168346,-0.028541031321074772,-0.028196045096332667,0.2597666889724862,0.26279109229960546,0.24,237.761,2.24,2.0,1.0
2015-12-18,13.81999969482422,14.15999984741211,13.81999969482422,14.079999923706056,20,47.57180997030263,-0.19428445148473017,-0.2226379917709742,0.02835354028624404,5.58891510701936,0.5364180872446707,14.104841296023013,14.480820571477194,-1,0.005360636843657026,0.029014128779839776,0.015946295867491855,-0.011374786315543117,0.2775756996042795,0.2652123281098025,0.24,237.761,2.19,2.0,1.0
2015-12-21,14.104999542236328,14.300999641418455,14.104999542236328,14.300999641418455,19,51.59818657310334,-0.15588723465267051,-0.2092878403473135,0.05340060569464297,5.789292169071134,0.7946406854174157,14.123523043203532,14.47376877029842,-1,0.005091376815477785,0.015696002763487815,0.046465626971410545,0.013823883139266302,0.2810800402385779,0.2674288879210018,0.24,237.761,2.2,2.0,1.0
2015-12-22,14.225000381469728,14.380000114440918,14.225000381469728,14.302000045776367,35,51.61630068885673,-0.12394764807304703,-0.1922198018924602,0.06827215381941318,5.970386592477515,0.7711592464488125,14.140520852972374,14.467032741885792,-1,0.009374832592275138,6.995345661109376e-05,0.04090249519796507,0.01851589746989024,0.28041677679825433,0.2558099797994898,0.24,237.761,2.24,2.0,1.0
2015-12-23,14.300000190734863,14.300000190734863,14.239999771118164,14.277000427246094,71,51.10162611243932,-0.09950551820740294,-0.17367694515544876,0.07417142694804582,6.073892852410171,0.7308883438129832,14.15351890766511,14.459580494252863,-1,0.019000722562689004,-0.0017479805936412296,0.0041496703860723905,0.007622327462112333,0.2788977598637255,0.25577788809525626,0.24,237.761,2.27,2.0,1.0
2015-12-24,14.364999771118164,14.369000434875488,14.364999771118164,14.369000434875488,4,52.960490838942,-0.07188270339399949,-0.15331809680315892,0.08143539340915942,6.310244116662266,0.8142549423959811,14.174040957875622,14.456028335061594,-1,0.0038942705544467698,0.006443931139332504,0.05013526591260664,0.014186914912772464,0.27971010562577564,0.25604159984690267,0.24,237.761,2.25,2.0,1.0
2015-12-28,14.03499984741211,14.03499984741211,13.854999542236328,13.873000144958496,10,43.38480716029231,-0.08898869550344024,-0.14045221654321519,0.051463521039774945,6.437738015489973,0.2685351902219626,14.145370404264467,14.433164484469316,-1,0.060204695966285374,-0.034518774786388984,-0.014701688911165522,-0.009637366167832617,0.30489894824184416,0.26588042583643207,0.24,237.761,2.24,2.0,1.0
2015-12-29,14.020000457763672,14.020000457763672,13.916999816894531,13.916999816894531,108,44.34612149144177,-0.09786676454581311,-0.1319351261437348,0.034068361597921676,6.520348374905217,0.326544735676403,14.12362082451495,14.412922732799716,-1,1.1953514111787493,0.0031716046620258176,-0.026851257545086993,-0.009466218650163283,0.304925707223431,0.24370698420667403,0.24,237.761,2.32,2.0,1.0
2015-12-30,13.925000190734863,13.925000190734863,13.744999885559082,13.814000129699709,106,42.52576795551594,-0.1119237251438907,-0.12793284594376597,0.016009120799875265,6.725528176928326,0.2355397059470187,14.09413313929445,14.389435571893834,-1,1.2990196078431373,-0.007400997955736566,-0.03412109596662838,-0.01714693491591901,0.30589462817967905,0.23565186247033684,0.24,237.761,2.31,2.0,1.0
2015-12-31,13.774999618530272,13.774999618530272,13.774999618530272,13.774999618530272,13,41.8256648101741,-0.12477268120269258,-0.1273008129955513,0.002528131792858712,6.950315044503122,0.21442242537822281,14.063739470650244,14.36534004431095,-1,0.18118466898954705,-0.0028232597946475924,-0.03516150407601082,-0.01459335229175196,0.30552035057735005,0.23207735790453388,0.24,237.761,2.27,2.0,2.0
2016-01-04,14.100000381469728,14.100000381469728,13.81700038909912,13.81700038909912,27,42.91559574514124,-0.13006712740050475,-0.127854075876542,-0.0022130515239627557,7.110061952999801,0.27449080897777717,14.040240510502517,14.34383652842029,-1,0.5601659751037344,0.0030490578389814615,-0.0384160365418732,-0.016793571015142228,0.3050393424972667,0.23156373751597173,0.34,237.652,2.24,2.0,2.0
2016-01-05,13.949000358581545,13.949000358581545,13.949000358581545,13.949000358581545,4,46.31955913135206,-0.12220303922183895,-0.1267238685456014,0.0045208293237624375,6.461531106045157,0.4278336023589422,14.031550972224329,14.328352757054065,-1,0.09132420091324202,0.009553446172482216,0.005478282478838414,-0.03833159265582009,0.2830774903616562,0.22974635275864458,0.34,237.652,2.25,2.0,2.0
2016-01-06,14.0,14.0649995803833,13.95699977874756,13.95699977874756,105,46.527656212441286,-0.11401095896352231,-0.12418128662918558,0.010170327665663267,6.184075913898147,0.45396101232775465,14.024450858559875,14.313789895159692,-1,2.2801302931596092,0.000573476232015091,0.002874179951089184,-0.02446357570072244,0.2797104842168294,0.22956303754473859,0.34,237.652,2.18,2.0,2.0
2016-01-07,14.335000038146973,14.34000015258789,14.329999923706056,14.335000038146973,286,55.33822873408146,-0.07613952543054658,-0.11457293438945779,0.0384334089589112,6.508046378965268,0.8575128558442546,14.054026970901504,14.314621665472918,-1,5.039647577092511,0.027083203080292106,0.03771535424609773,0.017316048665478645,0.29129247661654606,0.236844629775368,0.34,237.652,2.16,2.0,1.0
2016-01-08,14.0600004196167,14.0600004196167,13.907999992370604,13.907999992370604,6,46.09809254223623,-0.0796631691868086,-0.10759098134892796,0.027927812162119356,6.460252213394611,0.4023990900523487,14.040119639612847,14.298675717508122,-1,0.10869565217391304,-0.02978723715661502,0.009655199820217675,-0.018073960259977984,0.3108062484041131,0.2437671739137803,0.34,237.652,2.13,2.0,1.0
2016-01-11,13.949999809265137,14.010000228881836,13.854999542236328,13.854999542236328,17,45.091657753788006,-0.08574397249160803,-0.10322157957746397,0.01747760708585594,6.495326757673133,0.3571588640227951,14.022489154148417,14.281276651811188,-1,0.30493273542600896,-0.0038107887664186046,0.002750173848673265,-0.01632946363420129,0.3105153973071106,0.24175875951683948,0.34,237.652,2.17,2.0,1.0
2016-01-12,13.859999656677246,13.859999656677246,13.710000038146973,13.739999771118164,15,42.90293002940987,-0.09870476625275337,-0.10231821691252185,0.00361345065976848,6.633343484028063,0.24246730049541237,13.99558540338363,14.260050107470287,-1,0.2702702702702703,-0.008300236370820002,-0.014983194644109465,-0.008586509351809046,0.3065964266786503,0.2417621851186983,0.34,237.652,2.12,2.0,1.0
2016-01-13,13.850000381469728,14.145000457763672,13.850000381469728,14.145000457763672,17,51.779940737741036,-0.07542664657534459,-0.09693990284508641,0.02151325626974182,6.365355836027836,0.6595943836447319,14.009815408562682,14.2555383565014,-1,0.32786885245901637,0.029476032997964863,0.013469992261688102,0.03505049602786903,0.3191363150984684,0.2503578986367592,0.34,237.652,2.08,2.0,1.0
2016-01-14,13.737000465393066,13.737000465393066,13.737000465393066,13.737000465393066,1,44.30666418504325,-0.08887624853770504,-0.09532717198361014,0.006450923445905102,6.370500742204525,0.2022545480674472,13.98383303302272,14.235203537242251,-1,0.019305019305019305,-0.02884411305527168,-0.04171604961022435,-0.00021829008552110007,0.33706062240574247,0.25466444428188656,0.34,237.652,2.1,2.0,1.0
2016-01-15,13.883999824523926,13.883999824523926,13.883999824523926,13.883999824523926,0,47.26010798234805,-0.08667440662839887,-0.09359661891256789,0.006922212284169019,6.255383514766322,0.38352555248228315,13.974325108403786,14.221430842625846,-1,0.0,0.010700979409674405,-0.0017256376085593716,-0.023491389631820514,0.3150031023988854,0.25564744085392,0.34,237.652,2.03,2.0,1.0
2016-01-19,14.0649995803833,14.109999656677246,14.0649995803833,14.109999656677246,3,51.51699720140262,-0.06593309764872579,-0.08806391465979947,0.02213081701107368,5.960360499854128,0.6230707576121447,13.98724649395364,14.21706099219649,-1,0.06920415224913494,0.016277717877389186,0.01840491684345147,0.031206610971192816,0.28796220294120095,0.25734948319216283,0.34,237.652,2.06,2.0,1.0
2016-01-20,14.147000312805176,14.147000312805176,14.147000312805176,14.147000312805176,1,52.197283433948954,-0.04597979072112679,-0.07964708987206494,0.03366729915093815,6.006663822749463,0.6620784107641542,14.002461143368071,14.214313514573302,-1,0.02358490566037736,0.002622300285487267,0.02962158285784966,0.004758550387938154,0.26976812530497357,0.2567022881807975,0.34,237.652,2.01,2.0,1.0
2016-01-21,14.083000183105469,14.083000183105469,14.083000183105469,14.083000183105469,2,50.86774537861087,-0.034928295175877366,-0.07070333093282742,0.035775035756950055,5.728081348800205,0.6038765902739864,14.010131528104967,14.209163972162798,-1,0.048134777376654635,-0.004523936402388906,-0.004383193542010333,-0.015243651757155363,0.26398669093819616,0.2567390581436638,0.34,237.652,2.02,2.0,1.0
2016-01-22,14.289999961853027,14.289999961853027,14.04300022125244,14.04300022125244,7,50.01035963937024,-0.02906255294293736,-0.06237517533484941,0.03331262239191205,5.392043443886811,0.5745853331292868,14.013261879833298,14.202647746636902,-1,0.17434620174346202,-0.0028403011668646228,0.022275587500361738,-0.018109343007617684,0.26406666574004906,0.25631652977634356,0.34,237.652,2.07,2.0,1.0
2016-01-25,14.095000267028809,14.239999771118164,14.095000267028809,14.239999771118164,8,54.11256926169242,-0.00842062495982887,-0.0515842652598453,0.04316364030001643,5.315678818453867,0.8431562337619354,14.03485596471757,14.204112531910678,-1,0.21621621621621623,0.014028309247449133,0.02564102211852659,-0.0025916267437604557,0.26922403558598845,0.25840030335516684,0.34,237.652,2.03,2.0,1.0
2016-01-26,14.385000228881836,14.543999671936035,14.385000228881836,14.543999671936035,1,59.61941972649356,0.032098491615938585,-0.034847713884688526,0.0669462055006271,5.907773608715079,1.1657081197795587,14.08334584159552,14.217441439362652,-1,0.027137042062415195,0.021348307984839332,0.030758329257180916,0.012178942985887842,0.27885439599967143,0.25598960151352496,0.34,237.652,2.01,2.0,1.0
2016-01-27,14.4399995803833,14.4399995803833,14.4399995803833,14.4399995803833,53,57.095050005174485,0.055182139844985656,-0.016841743138753692,0.07202388298373935,6.451413822303108,0.9620734390842067,14.117312864337213,14.226169209598757,-1,1.358974358974359,-0.007150721527683479,0.02071105259769568,0.0408707150220029,0.24720215081425131,0.2386226189195628,0.34,237.652,2.02,2.0,1.0
2016-01-28,14.354999542236328,14.354999542236328,14.21500015258789,14.215999603271484,27,51.98910112919444,0.05476981888908128,-0.002519430733186698,0.057289249622267974,6.513914742767449,0.6958207086463342,14.126711601378572,14.225770401507491,-1,0.7725321888412017,-0.015512464239688772,0.009443969213716708,0.02148450027382931,0.25491604686317054,0.24036779520863497,0.34,237.652,2.0,2.0,1.0
2016-01-29,14.229000091552734,14.265000343322754,14.229000091552734,14.229000091552734,27,52.25596727113884,0.05485969391314072,0.008956394196078785,0.04590329971706193,6.437251004879949,0.6892966666769046,14.13645336234754,14.22589705601907,-1,0.8709677419354839,0.0009144969502010714,0.013245023668005507,0.03004198334708197,0.2529427034466757,0.23978032974127844,0.34,237.652,1.94,2.0,1.0
2016-02-01,14.244999885559082,14.369999885559082,14.234999656677246,14.32900047302246,9,54.35756283196379,0.062282165528856126,0.019621548462634253,0.04266061706622187,6.356251166013706,0.7720870525411218,14.154791182411818,14.229940327274106,-1,0.2922077922077922,0.0070279275301354804,0.006250049391490098,0.04021784898976977,0.25312939196011247,0.23951393356316733,0.38,237.336,1.97,2.0,1.0
2016-02-02,14.260000228881836,14.276000022888184,14.255000114440918,14.276000022888184,2,53.02534234154661,0.06315976788910227,0.028329192347927856,0.03483057554117441,6.197738430887299,0.6917318102027701,14.166334881504806,14.231746589847207,-1,0.0676818950930626,-0.003698823950355812,-0.01842681896954257,0.03321991900291121,0.25388281408905955,0.23850359844818836,0.38,237.336,1.87,2.0,1.0
2016-02-03,14.399999618530272,14.774999618530272,14.399999618530272,14.720000267028809,47,61.531119726991115,0.09854640154565075,0.04237263418747244,0.05617376735817831,7.138233582422648,1.0675166177338238,14.219064918221378,14.250893792873937,-1,1.4826498422712935,0.031101165832780664,0.019390629832558126,0.055272771426444045,0.27292406383402384,0.24691268646217582,0.38,237.336,1.88,2.0,2.0
2016-02-04,14.765000343322754,14.899999618530272,14.734999656677246,14.836000442504885,23,63.39595138168721,0.13440151141088919,0.06077840963215579,0.0736231017787334,8.15696954986562,1.057344519825199,14.277820682438854,14.273839151682994,1,0.8333333333333333,0.007880446560582177,0.04361289086493225,0.06297919880286784,0.2733973237925954,0.24411575383423126,0.38,237.336,1.87,2.0,2.0
2016-02-05,14.859999656677246,14.899999618530272,14.725000381469728,14.763999938964844,7,61.40617751853755,0.1552178506364612,0.07966629783301687,0.07555155280344433,8.840737332653282,0.939086485619987,14.324123468774662,14.293061143341106,1,0.5128205128205128,-0.004853093919690132,0.037599258132672286,0.02992674570465681,0.25978003180513654,0.24104382179260808,0.38,237.336,1.86,2.0,2.0
2016-02-08,14.90999984741211,15.420000076293944,14.90999984741211,15.416000366210938,62,70.45071248193241,0.2217695140193019,0.10808694107027389,0.113682572949028,11.226396720854682,1.2034318157047015,14.428111744720974,14.337097975610511,1,3.7689969604863225,0.04416150297625965,0.07586013380591328,0.10842683165570643,0.27143099540258375,0.25627692925388085,0.38,237.336,1.75,1.0,1.0
2016-02-09,15.390000343322754,15.444000244140623,15.34000015258789,15.444000244140623,18,70.76754278355983,0.2736174512165519,0.1411930430995295,0.13242440811702239,12.818412274728452,1.0847233265963714,14.524863030379988,14.380505907709733,1,1.0909090909090908,0.0018162867971289742,0.08181564999858693,0.11468789277547797,0.26969431198561605,0.2557685790528053,0.38,237.336,1.74,1.0,2.0
2016-02-10,15.277000427246094,15.300000190734863,15.277000427246094,15.277000427246094,3,66.20786826944504,0.2977989841263273,0.17251423130488908,0.12528475282143825,13.217416530165233,0.936326019591095,14.596495163414856,14.415662555534688,1,0.18867924528301885,-0.010813248786232577,0.03783968411093741,0.11186322283343442,0.2715556755113272,0.25686619576383996,0.38,237.336,1.71,1.0,2.0
2016-02-11,15.300000190734863,15.788999557495115,15.300000190734863,15.788999557495115,58,72.13558641512984,0.3541941444130945,0.20885021392653016,0.14534393048656433,15.257812626580048,1.0697575692396244,14.71006701047012,14.469518908552745,1,3.231197771587744,0.03351437559272985,0.06423558146169261,0.11622474701505658,0.27640892263527894,0.2649107881564269,0.38,237.336,1.63,0.0,1.0
2016-02-12,15.729999542236328,15.78499984741211,15.729999542236328,15.78499984741211,2,72.0292884249308,0.39402292110507453,0.24588475536223905,0.14813816574283548,16.051999818575354,0.9924658326674127,14.812441566369356,14.521106396351152,1,0.1111111111111111,-0.0002533225787004767,0.06915469470794733,0.14908635893101008,0.24546184654558564,0.26494129737897826,0.38,237.336,1.74,0.0,1.0
2016-02-16,15.385000228881836,15.385000228881836,15.32900047302246,15.32900047302246,7,60.99401439974847,0.38436149495967165,0.2735801032817256,0.11078139167794604,15.776923477272545,0.7708313186358338,14.86163765271727,14.55278851700493,1,0.38147138964577654,-0.028888145631778994,-0.005643480223259889,0.10407668299924389,0.2764989837215695,0.2722938474023072,0.38,237.336,1.78,1.0,1.0
2016-02-17,15.371999740600586,15.371999740600586,15.371999740600586,15.371999740600586,0,61.59157504868248,0.37584195456754266,0.294032473538889,0.08180948102865365,15.734828593661415,0.7617426406227757,14.910243565849015,14.584914447342014,1,0.0,0.002805092716501756,-0.004662037192556645,0.08944012151879299,0.27337199907853216,0.27183705457474305,0.38,237.336,1.81,1.0,1.0
2016-02-18,15.427000045776367,15.427000045776367,15.427000045776367,15.427000045776367,0,62.385348377731034,0.369271490518587,0.3090802769348286,0.060191213583758396,15.640286249033334,0.7583076444101766,14.95945846869924,14.617937411986498,1,0.0,0.003577953818884927,0.009818656433546513,0.09047852581247184,0.27331598169485255,0.27108084911605757,0.38,237.336,1.75,1.0,2.0
2016-02-19,15.368000030517578,15.368000030517578,15.368000030517578,15.368000030517578,1,60.93063505219119,0.3552089150120814,0.3183060045502792,0.03690291046180222,15.16695554437193,0.7106527597658634,14.998367188872415,14.647351632321051,1,0.055248618784530384,-0.0038244645805224353,-0.02666410404563513,0.09124475116840847,0.2730250307587498,0.2703448995381343,0.38,237.336,1.76,1.0,2.0
2016-02-22,15.178999900817873,15.178999900817873,15.178999900817873,15.178999900817873,1,56.394110893063385,0.3250663293826541,0.3196580695167542,0.005408259865899934,14.25169000751127,0.6079565735552334,15.015570304295792,14.66820058402681,1,0.056179775280898875,-0.012298290559890068,-0.038390874403054775,0.08089437169175784,0.2784058690713227,0.2715570121966361,0.38,237.336,1.77,1.0,2.0
2016-02-23,15.234999656677246,15.234999656677246,15.234999656677246,15.234999656677246,0,57.406026728602455,0.30221310088817965,0.3161690757910393,-0.013955974902859658,13.602861380012124,0.6157939347285828,15.036468337855931,14.690427998640553,1,0.0,0.0036892915360224876,-0.006132220852275716,0.06987358859212622,0.27586850137466884,0.2711306997552626,0.38,237.336,1.74,1.0,2.0
2016-02-24,15.291999816894531,15.291999816894531,15.291999816894531,15.291999816894531,1,58.46263217440625,0.2854111471746492,0.3100174900677613,-0.024606342893112088,13.373631228736627,0.627232796236183,15.06080466919294,14.714019050336788,1,0.0574712643678161,0.003741395569530015,-0.005204262623994094,0.05143015414128693,0.2678198506061027,0.2711661369699959,0.38,237.336,1.75,1.0,2.0
2016-02-25,15.1850004196167,15.1850004196167,15.164999961853027,15.164999961853027,68976,55.17831595834516,0.2588636320718525,0.29978671846857957,-0.04092308639672709,12.850631121768854,0.547808346681351,15.070728030398662,14.7317045762786,1,19.914827272596035,-0.008304986696455186,-0.01698321664263369,0.05020778410926252,0.26840890317645366,0.27063583428758825,0.38,237.336,1.71,1.0,2.0
2016-02-26,15.135000228881836,15.229999542236328,14.675000190734863,14.689000129699709,23335,44.97912237608313,0.19714278739421864,0.2792579322537074,-0.08211514485948873,11.985106581543437,0.27502074772199064,15.034372992236857,14.730029892099036,1,5.041100033484915,-0.03138805363341102,-0.044182710793175484,0.03327240712073287,0.28839525349023226,0.27902869665353697,0.38,237.336,1.76,2.0,2.0
2016-02-29,14.734999656677246,14.925000190734863,14.609999656677246,14.895999908447266,1598,49.36257921793254,0.1630521616648899,0.25601677813594387,-0.09296461647105397,10.833140997449577,0.35759506633895144,15.021194603304515,14.736538520191125,1,0.3394583112055231,0.014092162633249972,-0.018644179077658363,0.04687608493941231,0.29167919428404543,0.28034493690151413,0.38,237.336,1.74,2.0,2.0
2016-03-01,14.925000190734863,15.039999961853027,14.725000381469728,14.732999801635742,921,46.238677804631756,0.12148198014651967,0.22910981853805903,-0.10762783839153936,9.995311169570645,0.224880092561059,14.99374747933606,14.736399746914444,1,0.19376827754518103,-0.010942542146438194,-0.03295043428645472,0.028194522665687893,0.2948066198256144,0.2811205401261334,0.36,238.08,1.83,2.0,2.0
2016-03-02,14.8100004196167,15.003000259399414,14.760000228881836,15.003000259399414,809,51.69221066643481,0.10906683763724523,0.2051012223578963,-0.09603438472065107,8.531273264768597,0.3587865462079357,14.99462869648495,14.746854668972679,1,0.16877197008417738,0.018326237792638533,-0.018898741888280113,0.05092464523295437,0.2999658989282095,0.28321400996100476,0.36,238.08,1.84,2.0,2.0
2016-03-03,14.94499969482422,15.329999923706056,14.920000076293944,15.130999565124512,678,54.07082709912259,0.1083077180352614,0.18574252149336934,-0.07743480345810794,8.05525283415979,0.43836306377128537,15.007616398260147,14.761919174704124,1,0.14051813471502592,0.008531580584683729,-0.0022420307823305397,0.027921147461953177,0.2821855365547615,0.27643333152917565,0.36,238.08,1.83,2.0,2.0
2016-03-04,15.220000267028809,15.779999732971191,15.140000343322754,15.680999755859377,912,62.59379431989548,0.15035334931130073,0.17866468705695562,-0.02831133774565489,8.143908363525917,0.8480708578642839,15.07174814660293,14.797961550435703,1,0.18729014570434033,0.03634923048987204,0.06753350244404599,0.056956004863250254,0.3068994465016907,0.28386942138339616,0.36,238.08,1.88,2.0,1.0
2016-03-07,15.56999969482422,15.795000076293944,15.524999618530272,15.623000144958496,933,61.3019114685589,0.1769549051473156,0.17832273067502763,-0.00136782552771203,7.838469133196749,0.7763978297702325,15.124248336922507,14.830316005122873,1,0.18979809795046534,-0.003698718946743673,0.04880506451258504,0.0581820786741265,0.30654432146447236,0.2819439253239325,0.36,238.08,1.91,2.0,2.0
2016-03-08,15.710000038146973,15.75,15.364999771118164,15.383999824523926,906,56.15834624179106,0.17671444720471285,0.17800107398096468,-0.0012866267762518258,7.8240348868707645,0.5784917275756775,15.148986573836929,14.852029096079777,1,0.18273681662784014,-0.015297978507136767,0.04418652220547137,-0.002075800527168603,0.2728939061117829,0.284017103169111,0.36,238.08,1.83,2.0,2.0
2016-03-09,15.385000228881836,15.395000457763672,15.19499969482422,15.354999542236328,163,55.54929031270124,0.17219880154349632,0.17684061949347102,-0.0046418179499747025,7.782728298713406,0.5582945997421831,15.168606856541635,14.871753427301602,1,0.03282848626440023,-0.0018850937739460782,0.023461926064847205,-0.0057628011200052676,0.2728650631298048,0.2837300320683085,0.36,238.08,1.9,2.0,2.0
2016-03-10,15.3149995803833,15.625,15.175000190734863,15.54599952697754,571,58.724354637005874,0.1819349890356481,0.17785949340190643,0.004075495633741655,7.915484935045426,0.7038811488862228,15.204549015630768,14.898194450818306,1,0.11434636334508169,0.01243894434616144,0.0274271346097692,0.017608109721048093,0.2733763552428035,0.2821864403144849,0.36,238.08,1.93,2.0,2.0
2016-03-11,15.604999542236328,15.65999984741211,15.550000190734863,15.607000350952148,379,59.71407881523835,0.1923558855470091,0.18075877183092698,0.01159711371608213,7.596326506794826,0.7729284157226926,15.242877714232804,14.925990760627476,1,0.07565398780353917,0.003923892051376443,-0.004719048916481117,-0.011526962546311026,0.24624781153698633,0.2802470027707967,0.36,238.08,1.98,2.0,2.0
2016-03-14,15.550000190734863,15.800000190734863,15.369999885559082,15.517999649047852,276,57.5459865448238,0.19122854464990446,0.1828527263947225,0.008375818255181966,7.146016153035445,0.7210826819608983,15.269079803262809,14.949206795467491,1,0.054943414255427155,-0.005702614205353451,-0.0067208919500988396,-0.016914805254688137,0.24691509821929397,0.28063314447918886,0.36,238.08,1.97,2.0,2.0
2016-03-15,15.385000228881836,15.40999984741211,15.244999885559082,15.255000114440918,259,51.58558380539549,0.16718603782854302,0.17971938868148662,-0.012533350852943603,7.141637460180187,0.4835434722260455,15.267738880517866,14.961198690329194,1,0.0514302167416277,-0.01694803070981321,-0.008385316663704567,-0.004827474479616289,0.23156617230130047,0.2751531305146967,0.36,238.08,1.97,2.0,2.0
2016-03-16,15.270000457763672,15.65999984741211,15.21399974822998,15.21399974822998,167,50.70388701647356,0.14317337748354575,0.17241018644189846,-0.029236808958352706,7.127090613797336,0.4530769302761159,15.26262086791902,14.971112457305695,1,0.033106674860733896,-0.0026876673814066887,-0.009182663510897915,-0.010278427988343997,0.2314295361591599,0.2626955337938996,0.36,238.08,1.94,2.0,2.0
2016-03-17,15.630000114440918,16.03499984741211,15.595000267028809,16.02199935913086,382,63.82581752317758,0.18718424358159602,0.17536499786983797,0.011819245711758047,8.287961498337173,1.0736698856928855,15.334942628986814,15.012323708357663,1,0.0754433779673737,0.05310895387617465,0.030618798831641536,0.038568698488945286,0.29669266007238015,0.27670272423617487,0.36,238.08,1.91,2.0,1.0
2016-03-18,16.084999084472656,16.149999618530273,15.805999755859377,15.805999755859377,118,59.28284043788868,0.20230180002329412,0.18075235830052921,0.021549441722764906,8.769008054329774,0.8643002520659712,15.379805212498487,15.043448259240083,1,0.02327760516841742,-0.013481438766154041,0.01275065037690526,0.02850076291462944,0.30116653376742136,0.277111884417506,0.36,238.08,1.88,2.0,1.0
2016-03-21,15.795000076293944,15.859999656677246,15.75,15.840999603271484,21,59.78236695566351,0.21463261640196407,0.18752840992081618,0.02710420648114789,9.192927570534994,0.8480980645295143,15.423728487810202,15.074724782535434,1,0.0041418076031753855,0.0022143393618068163,0.02081453547677148,0.04361286690686006,0.2967329209959262,0.27709390437958575,0.36,238.08,1.92,2.0,1.0
2016-03-22,15.949999809265137,15.954999923706056,15.845000267028809,15.876999855041504,45,60.32157892804445,0.2247193716386775,0.19496660226438844,0.029752769374289056,9.613159439342283,0.8348241852990897,15.466897189451279,15.106186550084692,1,0.008871365204534253,0.0022725997520121055,0.04077349956961185,0.042139823618760675,0.29667753813903996,0.2770024016280182,0.36,238.08,1.94,2.0,1.0
2016-03-23,15.5,15.5,15.255000114440918,15.262999534606934,215,48.40215072175398,0.1810811130386032,0.1921895044192314,-0.011108391380628219,9.62463593005683,0.4206584414690552,15.44747836518039,15.112336078889486,1,0.042296191375511494,-0.038672313789787194,0.003220703772040867,-0.0018964349094195976,0.33104531972339274,0.28938181588175177,0.36,238.08,1.88,2.0,1.0
2016-03-24,15.289999961853027,15.3149995803833,15.18000030517578,15.190999984741213,73,47.22376043173755,0.13908443792915826,0.18156849112121679,-0.04248405319205853,9.605251574788236,0.37089303094985004,15.423051852757611,15.115420937942496,1,0.044565184212936114,-0.004717260830839343,-0.051866147024657305,0.0017144756316245235,0.3300992757142263,0.27971337220087,0.36,238.08,1.91,2.0,1.0
2016-03-28,15.18000030517578,15.324999809265137,15.18000030517578,15.194000244140623,91,47.28135777069137,0.10483538908690626,0.16622187071435468,-0.06138648162744842,8.748905781662993,0.34198186399849795,15.401237413841708,15.11850247936203,1,0.19123673426499946,0.0001975024292293348,-0.03871944332353172,0.034379475116202984,0.3077677870314736,0.27970457049694564,0.36,238.08,1.89,2.0,1.0
2016-03-29,15.114999771118164,15.237000465393066,15.114999771118164,15.237000465393066,60,48.15467127859812,0.08023760050314976,0.1490250166721137,-0.06878741616896394,8.268598353644144,0.3533351721873812,15.385595799703742,15.123149459206385,1,0.15039478631407446,0.002830079015500031,-0.038128852534891844,0.022892089087112932,0.30438072648221404,0.2791010687278643,0.36,238.08,1.81,2.0,1.0
2016-03-30,15.364999771118164,15.364999771118164,15.206000328063965,15.206000328063965,36,47.54320567292512,0.05757849478303356,0.13073571229429767,-0.07315721751126411,7.3054653452396145,0.28582728698229004,15.368491469071381,15.126398512887075,1,0.10149422046800113,-0.002034530181941663,-0.042262362732495284,0.032104834914591374,0.3012880441675713,0.27905178768739947,0.36,238.08,1.83,2.0,1.0
2016-03-31,15.420000076293944,15.460000038146973,15.420000076293944,15.460000038146973,39,52.828482563263556,0.059431554128220654,0.11647488066108228,-0.05704332653286162,6.801333567427623,0.48997358460446266,15.377206570888104,15.139480925642365,1,0.12333965844402278,0.016703913231820078,0.012907063457177292,0.030460559277884824,0.3001754082537548,0.280711905593658,0.36,238.08,1.78,2.0,1.0
2016-04-01,15.041999816894531,15.041999816894531,15.041999816894531,15.041999816894531,4,44.82444852709713,0.026861351587893267,0.09855217484644448,-0.07169082325855121,6.9683445405875695,0.10648806117417832,15.34528211812681,15.13565813706402,1,0.01415929203539823,-0.027037530415332522,-0.009808450266364677,-0.005881947709199364,0.3157318436605485,0.28655802020700516,0.37,238.992,1.79,2.0,1.0
2016-04-04,15.020000457763672,15.020000457763672,14.94200038909912,14.94200038909912,4,43.14048940526818,-0.006939887965421221,0.07745376228407135,-0.08439365024949257,7.453306556802919,0.0763850290332897,15.306874334409887,15.1280637155752,1,0.01687051876845213,-0.006648014161195315,-0.016585484467047107,-0.047127056837311776,0.28608855894198665,0.28701601110287245,0.37,238.992,1.78,2.0,1.0
2016-04-05,15.11400032043457,15.11400032043457,15.11400032043457,15.11400032043457,8,46.83978280998859,-0.019622461321281648,0.05803851756300075,-0.07766097888428239,7.574986676992698,0.25172043499492647,15.288505380697952,15.127512209883411,1,0.04191773644223212,0.011511171654160268,-0.00807246447474086,-0.03258015872759101,0.2902065076809201,0.2828768298198615,0.37,238.992,1.73,2.0,1.0
2016-04-06,15.052000045776367,15.052000045776367,15.052000045776367,15.052000045776367,12,45.68593585104423,-0.034281223480842726,0.03957456935423206,-0.07385579283507479,7.841200930414727,0.22226224204342934,15.265981063086372,15.124550948545881,1,0.08210742387957577,-0.004102175026050259,-0.01012759956366549,-0.02158084909870528,0.28583862583505715,0.2755725345935751,0.37,238.992,1.76,2.0,1.0
2016-04-07,15.156000137329102,15.156000137329102,15.156000137329102,15.156000137329102,12,47.999928982314344,-0.03707903583548422,0.024243848316288803,-0.06132288415177302,7.954186768403772,0.31919311333001676,15.255506689204728,15.125784250066792,1,0.08658008658008659,0.006909386874597967,-0.019663641660269238,-0.012959909530433245,0.28720748636618637,0.27559362585037234,0.37,238.992,1.7,2.0,1.0
2016-04-08,15.381999969482422,15.381999969482422,15.381999969482422,15.381999969482422,14,52.71444715351736,-0.020820024308109808,0.015231073791409082,-0.03605109809951889,7.89469816807504,0.5107554912322466,15.267553668278794,15.135831925337992,1,0.12641083521444696,0.014911574960776441,0.02260338762974956,-0.010549309306907229,0.2887996021548332,0.27614694173862553,0.37,238.992,1.72,2.0,1.0
2016-04-11,15.470000267028809,15.973999977111816,15.470000267028809,15.973999977111816,14,62.345054557368435,0.03938085455480511,0.020061029944088288,0.019319824610716824,8.509101783404107,0.948094854644335,15.334834269120034,15.168701260701672,1,0.15135135135135136,0.03848654328461265,0.06906702992496161,0.02351506490081401,0.31911343516506774,0.28035435859615965,0.37,238.992,1.73,1.0,1.0
2016-04-12,15.960000038146973,16.219999313354492,15.960000038146973,16.219999313354492,7,65.49035811955706,0.10572187929519572,0.037193199814309776,0.06852867948088595,9.695056306028317,1.0334362209180497,15.419135701904267,15.209928635315508,1,0.08855154965211892,0.015399983510401505,0.07317711853059694,0.04523776776536481,0.32180335106765956,0.2739063970432731,0.37,238.992,1.79,1.0,1.0
2016-04-13,16.125,16.322999954223633,16.125,16.322999954223633,4,66.74296487118346,0.16471023322899292,0.06269660649724641,0.1020136267317465,10.844258435209253,1.004815856138235,15.505218011648969,15.253578490958965,1,0.06033182503770739,0.006350224736713539,0.08444059956031635,0.07000982181387916,0.31380765146401995,0.27351905627025624,0.37,238.992,1.77,1.0,1.0
2016-04-14,16.065000534057617,16.190000534057617,16.065000534057617,16.16900062561035,2,63.05764148807589,0.1967642936213192,0.08951014392206097,0.10725414969925823,11.359523930417451,0.8660259364053299,15.568435403454815,15.289477398200196,1,0.034453057708871665,-0.00943449911444949,0.06683824749949951,0.06277119056029146,0.3164642505642528,0.27317872958553996,0.37,238.992,1.8,1.0,1.0
2016-04-15,16.239999771118164,16.30900001525879,16.165000915527344,16.30900001525879,35,64.95226143975853,0.23080358804741863,0.11776883274713251,0.11303475530028612,11.869042730406122,0.9181216785868455,15.638965366483765,15.329458677300533,1,0.8599508599508598,0.008658506044380454,0.06026524818720036,0.017912911472210746,0.26051725709864126,0.27348823619118157,0.37,238.992,1.76,1.0,1.0
2016-04-18,16.21500015258789,16.249000549316406,16.21500015258789,16.249000549316406,4,63.45037327512053,0.2500560284138018,0.14422627188046638,0.10582975653333543,12.429094492466136,0.8562357774569517,15.69706395532497,15.365519142869783,1,0.11428571428571428,-0.0036789175232231353,0.017215510992777183,0.028027382025791026,0.25555484907996584,0.27340225746601626,0.37,238.992,1.78,1.0,1.0
2016-04-19,16.968000411987305,16.968000411987305,16.968000411987305,16.968000411987305,2,71.85041466913634,0.3196463222653261,0.17931028195743834,0.14033604030788774,14.619347076592954,1.0920240910513894,15.818105522626144,15.428361545580275,1,0.05873715124816447,0.04424886690653396,0.04611597597399131,0.07114455128722263,0.29577380136484616,0.28570972044194626,0.37,238.992,1.79,0.0,0.0
2016-04-20,16.96500015258789,17.131000518798828,16.940000534057617,17.131000518798828,2,73.34597861535781,0.38352879665515616,0.22015398489698193,0.16337481175817423,16.789970356904917,1.0515257043042658,15.943143141309257,15.495131701392769,1,0.06269592476489029,0.009606323836270692,0.04950073925388465,0.07898221800128913,0.29652365597749725,0.2851454187635905,0.37,238.992,1.85,0.0,0.0
2016-04-21,17.086000442504883,17.086000442504883,17.086000442504883,17.086000442504883,0,72.20543236085118,0.42561872011485136,0.2612469319405558,0.16437178817429554,18.204668303730937,0.9583023803364306,16.05198669380408,15.557518710848147,1,0.0,-0.0026268212556858073,0.05671345051728682,0.1194392297375444,0.25055383545450716,0.2828719712550395,0.37,238.992,1.88,0.0,0.0
2016-04-22,16.895999908447266,16.895999908447266,16.895999908447266,16.895999908447266,7,67.43714904361062,0.43858806232950265,0.2967151580183452,0.14187290431115746,18.7851456391539,0.8493393120947326,16.132368904722476,15.610008169577524,1,0.39215686274509803,-0.01112024635004416,0.03599239025319001,0.11223750414183797,0.2551027997346807,0.28358671144853237,0.37,238.992,1.89,1.0,0.0
2016-04-25,17.0049991607666,17.0049991607666,17.0049991607666,17.0049991607666,1,68.71359158522648,0.45244617037694823,0.3278613604900658,0.12458480988688242,19.275138531038564,0.8445279251809816,16.215476548155248,15.664713698643762,1,0.0749063670411985,0.00645118684362922,0.04652585303051149,0.11919171301345521,0.2544016888118674,0.2811155876880954,0.37,238.992,1.91,0.0,0.0
2016-04-26,17.106000900268555,17.106000900268555,17.106000900268555,17.106000900268555,2,69.891360266889,0.46620469954388355,0.35553002830082936,0.11067467124305419,19.697436364627556,0.8375675044530776,16.30028839121366,15.721234765374147,1,0.19138755980861244,0.005939532166222117,0.008132984731881399,0.12266196612124824,0.2541863327941445,0.2811453087448023,0.37,238.992,1.94,1.0,1.0
2016-04-27,17.285999298095703,17.285999298095703,17.285999298095703,17.285999298095703,75957,71.92009121085266,0.4860301464438592,0.38163005192943533,0.10440009451442389,20.068272183668995,0.852653521317582,16.39416562044052,15.782598080382837,1,19.95455142519375,0.010522529425584404,0.009047853283687957,0.13678803927111094,0.25295526595729945,0.28144184380369824,0.37,238.992,1.87,1.0,1.0
2016-04-28,17.229999542236328,17.655000686645508,17.139999389648438,17.55299949645996,24298,74.64881292231848,0.5173232600219713,0.40876869354794254,0.10855456647402872,20.903891511669485,0.8841752099379726,16.50453075148999,15.852025586895666,1,4.840769407006744,0.01544603778814646,0.027332262780078276,0.1353815946409178,0.25233346631923764,0.2821704562685115,0.37,238.992,1.84,1.0,1.0
2016-04-29,17.59000015258789,17.989999771118164,17.59000015258789,17.788999557495117,4872,76.79528393124399,0.5547714506284578,0.4379692449640456,0.11680220566441218,21.114711551038635,0.9056648813257056,16.62686111396667,15.927985350448585,1,0.9257341554480937,0.013444999020409742,0.05285272572719357,0.1826219767344548,0.21933175044182657,0.27724070138803425,0.37,238.992,1.83,1.0,1.0
2016-05-02,17.850000381469727,18.030000686645508,17.520000457763672,17.6560001373291,1122,73.04191550302676,0.5671793789749593,0.4638112717662284,0.10336810720873091,20.346537055892174,0.8375882110537566,16.7248743542869,15.995750636208607,1,0.21095182138660398,-0.007476498031052992,0.03828291730025302,0.18163563629739765,0.22011006854536433,0.27791540670154274,0.37,239.557,1.88,1.0,1.0
2016-05-03,17.584999084472656,17.729999542236328,17.360000610351562,17.474000930786133,452,68.13444393235194,0.5559186524683639,0.48223274790665555,0.07368590456170837,19.211906989469732,0.7611439509265038,16.796219742524922,16.053721235995962,1,0.08462913901085013,-0.010308065537345423,0.02151292009529837,0.1561466561014142,0.22944896016799102,0.27879827950311836,0.37,239.557,1.81,1.0,1.0
2016-05-04,17.475000381469727,17.475000381469727,17.200000762939453,17.277000427246094,421,63.18578472399312,0.525045750763784,0.49079534847808126,0.03425040228570275,17.231442796804366,0.682428116547535,16.842008379165033,16.101692968986164,1,0.07852426604991235,-0.011273920856497033,-0.0005205872506659492,0.14782091248359164,0.2355501308658706,0.26720454958688233,0.37,239.557,1.79,1.0,1.0
2016-05-05,17.364999771118164,17.604999542236328,17.270000457763672,17.302000045776367,242,63.54760889959413,0.49686842411715304,0.49200996360589566,0.004858460511257379,14.955579863618034,0.6762075584625795,16.885817109318495,16.148763834742642,1,0.04504085317054105,0.001446988360945367,-0.014299519049961518,0.1415940808262257,0.23634255285694852,0.26720611808175687,0.37,239.557,1.76,1.0,1.0
2016-05-06,17.34000015258789,17.59000015258789,17.334999084472656,17.506999969482422,128,66.45876864236855,0.4854831230900203,0.4907045955027206,-0.005221472412700323,12.875385907051298,0.7486057784485849,16.94497738171506,16.2020279968893,1,0.023798014353177407,0.011848336791335123,-0.01585247034838899,0.1381484855165751,0.23519569132590487,0.2666157215164497,0.37,239.557,1.79,1.0,1.0
2016-05-09,17.469999313354492,17.475000381469727,16.959999084472656,17.06999969482422,368,56.1621138013755,0.4361700234739203,0.4797976810969606,-0.04362765762304027,11.674340869008795,0.5257694702249636,16.956884268677836,16.236066102690668,1,0.06819487426570058,-0.02496145972582209,-0.03318987528018502,0.06861147610384344,0.23034997416657169,0.264688660837131,0.37,239.557,1.77,1.0,0.0
2016-05-10,16.969999313354492,17.1299991607666,16.959999084472656,17.075000762939453,190,56.2456607777622,0.392962751163104,0.4624306951101893,-0.06946794394708533,10.823789254850249,0.5072835745795514,16.968133458607515,16.268965501131795,1,0.03514971001489238,0.00029297411860818023,-0.02283393307732473,0.052712791971637696,0.2261301266691693,0.2646773337862265,0.37,239.557,1.77,1.0,0.0
2016-05-11,17.235000610351562,17.575000762939453,17.229999542236328,17.302000045776367,58,59.97442647470077,0.3727408965457464,0.4444927353973007,-0.07175183885155434,10.092109305563596,0.6108980484069606,16.99993027643312,16.309476659745307,1,0.010724554607398094,0.01329424730273554,0.001446988360945367,0.059976725742709736,0.228947142805728,0.2579236621720915,0.37,239.557,1.73,1.0,0.0
2016-05-12,17.31999969482422,17.31999969482422,17.086999893188477,17.086999893188477,36,55.17809048366249,0.3354987943280321,0.422693947183447,-0.0871951528554149,8.722609889172103,0.45362454310269,17.00822262088601,16.339967766939157,1,0.006654528314093736,-0.012426317883427296,-0.012426317883427296,0.05677526328523297,0.23135767972700894,0.2596268008348499,0.37,239.557,1.75,2.0,0.0
2016-05-13,17.155000686645508,17.18000030517578,16.985000610351562,17.114999771118164,54,55.67524556924211,0.30473076952702627,0.3991013116521629,-0.09437054212513662,7.447798666167585,0.43621027369065757,17.018391873289072,16.370361178867746,1,0.00998003992015968,0.0016386655413305196,-0.022391054952166534,0.04942055031610004,0.23033737866068452,0.25959950589576986,0.37,239.557,1.71,2.0,0.0
2016-05-16,17.219999313354492,17.219999313354492,17.142000198364258,17.142000198364258,30,56.17999189600104,0.2793059321039699,0.3751422357425243,-0.09583630363855439,5.479012135367172,0.39482952985030256,17.030164094724803,16.400621532573492,1,0.005543134827516121,0.0015775885251052557,0.004217955760237757,0.05495720468083931,0.2292445643614074,0.25934103301499134,0.37,239.557,1.75,2.0,0.0
2016-05-17,17.31999969482422,17.31999969482422,17.235000610351562,17.235000610351562,65,57.95594048931893,0.2636220503828497,0.3528381986705894,-0.08921614828773972,5.279269089547131,0.47837413400311746,17.049672334308305,16.433342280721654,1,0.012003139282581598,0.005425295234577021,0.009370415242345498,0.015735513430069847,0.1726654303488473,0.25773946019385524,0.37,239.557,1.76,2.0,1.0
2016-05-18,17.145000457763672,17.145000457763672,16.799999237060547,17.1200008392334,78,54.98821098583896,0.2391560980576415,0.3301017785479998,-0.09094568049035834,5.286650665870588,0.3529333794922303,17.056370287158312,16.460270067329958,1,0.01439366678661389,-0.006672455297105917,-0.010518969255661093,-0.0006420920688992027,0.17133857083184767,0.2583469737500445,0.37,239.557,1.87,2.0,1.0
2016-05-19,16.90999984741211,16.90999984741211,16.415000915527344,16.479000091552734,80,42.05992173733729,0.16612822849433329,0.2973070685372665,-0.13117884004293323,6.556774455291653,-0.1595085716851676,17.00138264948159,16.46100457808379,1,0.014751846285761702,-0.03744163062256989,-0.035582595273387585,-0.03552618139012287,0.21843054875758589,0.2710613762408695,0.37,239.557,1.85,2.0,1.0
2016-05-20,16.46500015258789,16.518999099731445,16.46500015258789,16.518999099731445,2,42.96111485850211,0.11021026605876827,0.25988770804156686,-0.1496774419827986,7.308523202215856,-0.04551916643750051,16.955441359029198,16.463278873050367,1,0.00036881315925352216,0.002427271555099697,-0.0348232941488249,-0.022313021470089844,0.21601235082559297,0.2703322008420231,0.37,239.557,1.85,2.0,1.0
2016-05-23,16.31999969482422,16.434999465942383,16.31999969482422,16.40999984741211,23,41.085736720035314,0.05644884213011636,0.21919993485927677,-0.1627510927291604,8.317069382087146,-0.03567695635756171,16.903494548399,16.461189499495926,1,0.004240491159497779,-0.006598417474404261,-0.04270215508584574,-0.03498967025692401,0.21492008252516007,0.26185784618905755,0.37,239.557,1.84,2.0,1.0
2016-05-24,16.31999969482422,16.31999969482422,16.238000869750977,16.238000869750977,10,38.24838339578478,-3.5939418065567e-05,0.1753527600038083,-0.17538869942187388,9.607732651517301,-0.04302029185395423,16.84011419805157,16.452437004211813,1,0.0018435558505244915,-0.010481351569802566,-0.05784738643999676,-0.05074242867039436,0.21503691990217652,0.2618232539338279,0.37,239.557,1.86,2.0,1.0
2016-05-25,16.2450008392334,16.334999084472656,16.2450008392334,16.2549991607666,205,38.698945194407386,-0.04293399930308084,0.1316954081424305,-0.17462940744551134,10.575381681910741,0.043126743269021654,16.784388956405383,16.44469434368455,1,0.1252520315268528,0.0010468216593886304,-0.05052579649905731,-0.05964365262022664,0.20998234399004753,0.26053924164875164,0.37,239.557,1.87,2.0,1.0
2016-05-26,16.28499984741211,16.454999923706055,16.280000686645508,16.33799934387207,197,40.964013653172664,-0.06943321680796188,0.09146968315235203,-0.16090289996031393,10.93816365307198,0.13392075768066064,16.74187565997364,16.440510226044843,1,0.45638827753967337,0.005106132721667489,-0.008556389762564676,-0.0692189476125108,0.20103791870395946,0.25836719365046634,0.37,239.557,1.83,2.0,1.0
2016-05-27,16.295000076293945,16.325000762939453,16.174999237060547,16.246000289916992,400,39.233559524696915,-0.09674240614515028,0.05382726529285157,-0.15056967143800185,10.843883715629259,0.12097403795705831,16.69464943425396,16.43288238541238,1,1.9226147560682527,-0.005630986513020297,-0.016526352968860625,-0.08673895699367795,0.1908563763301362,0.25833881564349465,0.37,239.557,1.85,2.0,1.0
2016-05-31,16.010000228881836,16.104999542236328,15.960000038146973,15.972000122070312,80,34.55207232706644,-0.1388935803413105,0.015283096166019158,-0.15417667650732966,11.266965661303322,0.03345843240173104,16.62582569023647,16.41480857116367,1,0.51298493106765,-0.01686570004659771,-0.026691025558471915,-0.09537834176260573,0.19573655182176655,0.2507302323411594,0.37,239.557,1.84,2.0,1.0
2016-06-01,16.0,16.0,15.906000137329102,15.906000137329102,7,33.51468958436885,-0.17560012779239997,-0.02289354862566467,-0.1527065791667353,11.816234685295303,0.0593207971080038,16.557270875673865,16.39485529924859,1,0.052356020942408384,-0.004132230418030791,-0.020445911727985155,-0.08973335870061039,0.19472448889232025,0.2507615615949138,0.38,240.222,1.85,2.0,1.0
2016-06-02,16.024999618530273,16.024999618530273,16.0049991607666,16.0049991607666,2,36.590036954502835,-0.19446031976285738,-0.05720690285310322,-0.13725341690975418,12.185134564384843,0.15086359448706335,16.50467356949222,16.379566823229688,1,0.017738359201773836,0.006224004940447836,-0.015379883906940117,-0.07362396452068887,0.19674020351456745,0.24888183953549217,0.38,240.222,1.81,2.0,1.0
2016-06-03,16.350000381469727,16.43000030517578,16.344999313354492,16.34600067138672,7,45.87675718576564,-0.17981835171573834,-0.08172919262563025,-0.0980891590901081,11.91959999423907,0.33775455390970327,16.489561864910744,16.378250503549573,1,0.06930693069306931,0.021305937425852628,0.0004897372895078522,-0.05525369158827509,0.21519729466014068,0.2523060711093329,0.38,240.222,1.71,2.0,1.0
2016-06-06,16.42799949645996,16.42799949645996,16.42799949645996,16.42799949645996,0,47.85444688163023,-0.15975629552806936,-0.09733461320611808,-0.06242168232195128,11.072693662506664,0.39867674184569696,16.483698782201145,16.38020144444802,1,0.0,0.005016445717928919,0.011202708561806718,-0.06163251698768124,0.21038229458424187,0.25134483253867757,0.38,240.222,1.73,2.0,1.0
2016-06-07,16.37700080871582,16.37700080871582,16.37700080871582,16.37700080871582,10,46.7112221101912,-0.14628584716087545,-0.10712485999706955,-0.039160987163805894,10.863609453594808,0.38743402491900486,16.47353707044064,16.38007592932127,1,0.1303780964797914,-0.003104376023089772,0.025356917327209016,-0.040597475014514606,0.19354174114295336,0.2513994669391711,0.38,240.222,1.72,2.0,1.0
2016-06-08,16.549999237060547,17.049999237060547,16.549999237060547,16.968000411987305,10,58.94994149363416,-0.08691973439385592,-0.10308383487642683,0.016164100482570914,10.738926337610948,0.7211346590506672,16.520628817254607,16.403131791386603,1,0.14771048744460857,0.03608716945027912,0.06676727432975693,-0.006266491723056822,0.2350301766677949,0.2608199655418808,0.38,240.222,1.71,2.0,1.0
2016-06-09,17.1299991607666,17.253000259399414,16.979999542236328,17.253000259399414,25,63.324357383193416,-0.016682253835323735,-0.08580351866820622,0.06912126483288249,10.64650053594966,0.8860100679509735,16.590378478411257,16.43645996660279,1,0.3785011355034065,0.016796313088887516,0.07797570534661857,-0.0028320301842164053,0.23796346101626806,0.25971872405676877,0.38,240.222,1.68,2.0,1.0
2016-06-10,17.315000534057617,17.315000534057617,17.315000534057617,17.315000534057617,0,64.21768025108273,0.04348311328537946,-0.05994619227748909,0.10342930556286856,11.020935007656197,0.9003252028471643,16.65939010275853,16.470912537875527,1,0.0,0.003593593793892458,0.059280547098417236,0.013343515087164581,0.23369282985714854,0.2595477141344183,0.38,240.222,1.64,2.0,1.0
2016-06-13,17.42799949645996,17.42799949645996,17.42799949645996,17.42799949645996,0,65.85029315531798,0.09913984961676903,-0.028128983898637466,0.1272688335154065,11.55844766838526,0.9320885827349168,16.73259099739676,16.5084453597808,1,0.0,0.0065260732842646885,0.060871684359102174,0.018288035613648557,0.23459902813804015,0.23831955473855237,0.38,240.222,1.62,2.0,1.0
2016-06-14,17.40999984741211,17.40999984741211,17.40999984741211,17.40999984741211,1,65.33889310002797,0.14017988642396517,0.005532790165883063,0.1346470962580821,11.991549424095096,0.9003845857762652,16.79710612596965,16.54380043772713,1,0.016638935108153077,-0.001032800640802578,0.06307620368111166,0.015634094384938013,0.23468302106538774,0.23633138279882704,0.38,240.222,1.62,2.0,1.0
2016-06-15,17.489999771118164,17.489999771118164,17.48900032043457,17.48900032043457,1,66.5661617284469,0.17703830186815495,0.03983389250633744,0.1372044093618175,12.430049418765002,0.9180483293054539,16.863000811156784,16.580867099794087,1,0.01757469244288225,0.004537649265643484,0.03070485005877277,0.01473743551424378,0.23447250561189842,0.23640416232091,0.38,240.222,1.6,2.0,1.0
2016-06-16,17.700000762939453,17.700000762939453,17.2549991607666,17.5939998626709,10,68.17886783302785,0.21227447913965491,0.07432200983300094,0.13795246930665397,13.18210280065492,0.9306813082033629,16.932619768443843,16.620597796377492,1,0.18691588785046728,0.006003747516297064,0.019764655314701507,0.027686857488420813,0.233463963663023,0.23656841140562646,0.38,240.222,1.57,2.0,1.0
2016-06-17,17.420000076293945,17.454999923706055,17.399999618530273,17.399999618530273,2,62.208284405711844,0.2219862853993888,0.10385486494627852,0.11813142045311029,13.67342940321477,0.8089024279417584,16.97713213511874,16.651162573716817,1,0.04032258064516129,-0.011026500264572303,0.0049089853797847915,0.0558892846568797,0.18802945503543636,0.22220285679825408,0.38,240.222,1.62,2.0,1.0
2016-06-20,17.44499969482422,17.503000259399414,17.44499969482422,17.503000259399414,3,64.01033556869345,0.2352820675195204,0.1301403054609269,0.10514176205859352,14.221032384491961,0.8187290590506296,17.02721481362166,16.68456797315535,1,0.06042296072507553,0.005919577191223047,0.004303463685243258,0.059567843894607675,0.18836208249284864,0.22185812984127154,0.38,240.222,1.67,2.0,1.0
2016-06-21,17.31100082397461,17.31100082397461,17.31100082397461,17.31100082397461,80,58.41836807283586,0.22770151943138117,0.14965254825501775,0.07804897117636342,14.351221547554118,0.7166065741236707,17.054242052702893,16.709133967305124,1,1.5238095238095237,-0.010969515658990958,-0.005686331091623531,0.0549056054198922,0.19193265212290303,0.2235128558559641,0.38,240.222,1.71,2.0,1.0
2016-06-22,17.229999542236328,17.30500030517578,17.229999542236328,17.30500030517578,3,58.247105519117575,0.21868878060422858,0.1634597947248599,0.05522898587936867,14.212328411954886,0.6932361721033228,17.078123791033644,16.7325012746726,1,0.05752636625119847,-0.0003466303802908133,-0.01052089953042079,0.0657100245272475,0.18594618236730892,0.2235678941442209,0.38,240.222,1.69,2.0,1.0
2016-06-23,17.347999572753906,17.347999572753906,17.347999572753906,17.347999572753906,34,59.17082590988032,0.21256547915779933,0.1732809316114478,0.03928454754635152,14.017982129236591,0.6903627986825682,17.103826246435574,16.75663846283265,1,0.7798165137614679,0.0024847886055954227,-0.013982055918900449,0.06724087778640997,0.18579725706500466,0.2234006933902352,0.38,240.222,1.74,2.0,1.0
2016-06-24,17.21500015258789,17.825000762939453,17.21500015258789,17.78499984741211,64,67.12986688684458,0.24020604290717174,0.1866659538705926,0.05354008903657914,14.32274312665249,0.8355494178261716,17.168699922719053,16.79696636026714,1,1.7320703653585925,0.025190240109559392,0.02212645042082806,0.08856656638823823,0.20104274022807184,0.22631479992416323,0.38,240.222,1.57,2.0,1.0
2016-06-27,17.864999771118164,17.864999771118164,17.739999771118164,17.739999771118164,1,65.70939117412641,0.2555346147681945,0.20043968605011298,0.055094928718081526,14.220099154819877,0.7871028299319193,17.223109432090396,16.833948062653455,1,0.058823529411764705,-0.002530226408772984,0.013540507810452462,0.09196106454143149,0.19930760476308812,0.21793722683289654,0.38,240.222,1.46,2.0,1.0
2016-06-28,17.839000701904297,17.839000701904297,17.839000701904297,17.839000701904297,61138,67.34643153364445,0.2725296143827798,0.21485767171664635,0.05767194266613343,13.459742064640265,0.8041192027245306,17.281765743501243,16.873361891643686,1,19.91530668751425,0.005580661333903336,0.030500829114307626,0.1168920965167124,0.1825510799096676,0.2171194211023957,0.38,240.222,1.46,2.0,1.0
2016-06-29,17.799999237060547,18.51499938964844,17.799999237060547,18.36199951171875,26073,74.32088712116314,0.3244597372069542,0.23677808481470794,0.08768165239224626,13.039767059868332,0.9894912770447934,17.38464514999815,16.931739837528983,1,5.961995792554651,0.029317718999732012,0.06108056561124875,0.15440710129416946,0.19647967025808832,0.22290302601737064,0.38,240.222,1.5,2.0,1.0
2016-06-30,18.315000534057617,18.854999542236328,18.2450008392334,18.582000732421875,1444,76.5863543237841,0.3789981389377459,0.26522209563931554,0.11377604329843038,12.777606563394833,1.0368564567340737,17.498679014990884,16.996455951054195,1,0.32483746878725844,0.011981332455799132,0.0711321875754507,0.16101229033315612,0.19714692106124823,0.22306317912725504,0.38,240.222,1.49,2.0,1.0
2016-07-01,18.790000915527344,19.924999237060547,18.774999618530273,19.54400062561035,1083,83.45844311621063,0.4941493210730563,0.3110075407260637,0.18314178034699263,15.471739937372375,1.2347495847984187,17.693471549335595,17.096359663781886,1,0.24071480962859237,0.051770522832343735,0.09890361502894218,0.19564418346205348,0.24570282475095534,0.24288624939123224,0.39,240.101,1.46,1.0,0.0
2016-07-05,19.7549991607666,21.094999313354492,19.625,19.86599922180176,948,85.04108762929854,0.6044226501222774,0.3696905626053064,0.23473208751697094,18.012175826424354,1.1720228739960463,17.900378946713325,17.204972979782667,1,0.20851204223028702,0.016475572343641165,0.11984213518113229,0.20927683410768605,0.24659162917751715,0.24319260009137092,0.39,240.101,1.37,1.0,0.0
2016-07-06,20.329999923706055,20.4950008392334,19.94499969482422,20.15999984741211,407,86.32737459464501,0.7073841669460315,0.43722928347345147,0.27015488347258,20.07724943732635,1.1256924921815181,18.115580937256066,17.320856386356372,1,0.08913026815728098,0.014799186405267672,0.13010813690141565,0.23099461756654383,0.24258072903780506,0.23404175708521088,0.39,240.101,1.38,1.0,0.0
2016-07-07,20.13999938964844,20.219999313354492,19.530000686645508,19.79800033569336,536,77.4917412804532,0.7511132100532194,0.5000060687894051,0.2511071412638143,21.27632874912347,0.9547067404075719,18.275811356154858,17.41799928633037,1,0.11670821856662277,-0.017956325121957772,0.0782050355168642,0.16678452705050373,0.24370858792980207,0.23708152367937693,0.39,240.101,1.4,1.0,0.0
2016-07-08,19.73500061035156,20.209999084472656,19.399999618530273,20.058000564575195,384,79.14291649039687,0.7975549206599304,0.5595158391635102,0.23803908149642017,22.762154556607396,0.950667690078721,18.4455436617187,17.521528748222327,1,0.08328634017264563,0.013132650998751938,0.07943169594100796,0.16258043604025452,0.2422841969590948,0.2378439318917662,0.39,240.101,1.37,0.0,0.0
2016-07-11,20.3700008392334,20.604999542236328,20.21500015258789,20.263999938964844,138,80.37152807733597,0.8412849298255018,0.6158696572959086,0.22541527252959326,24.15201096328154,0.9345372038722868,18.61872997383738,17.629076638055366,1,0.029886302111532214,0.010270184893377055,0.036839914567491805,0.17031471637016193,0.24199531705604024,0.23669898207382947,0.39,240.101,1.43,0.0,0.0
2016-07-12,20.40999984741211,20.46500015258789,20.100000381469727,20.1299991607666,141,77.18639285434126,0.8552695196023663,0.6637496297572002,0.1915198898451661,24.939096929395756,0.8593388051875008,18.762660372592542,17.727152031102865,1,0.03048945302786217,-0.006612750621883712,0.013289033993070687,0.15503785531182057,0.2474079552039322,0.23742521472523861,0.39,240.101,1.53,0.0,0.0
2016-07-13,20.385000228881836,20.420000076293945,20.19499969482422,20.3700008392334,86,78.8064176535614,0.8756248788824195,0.7061246795822441,0.16950019930017535,25.666372339990744,0.8656302153079355,18.915740417034527,17.830793160833473,1,0.018579329415831316,0.011922587604204171,0.01041671594299376,0.17001728993474252,0.24593957170118586,0.2375496990965121,0.39,240.101,1.48,0.0,0.0
2016-07-14,20.440000534057617,20.440000534057617,20.084999084472656,20.2810001373291,115,76.63317432246058,0.8744944077518326,0.7397986252161619,0.13469578253567072,25.951169700063108,0.8119763824980173,19.045765152300678,17.92687970893134,1,0.02481389578163772,-0.004369204626289314,0.024396393244066727,0.15964319090510237,0.2495413401967802,0.22333161315298816,0.39,240.101,1.53,0.0,0.0
2016-07-15,20.229999542236328,20.229999542236328,20.079999923706055,20.125,93,72.84140991746844,0.8511985073611399,0.7620786016451575,0.08911990571598238,25.85254254325713,0.7532063794148467,19.148549423510136,18.013080504659523,1,0.02004893665182758,-0.007691935125130667,0.0033402848508805594,0.14385586888056712,0.25525401565932737,0.22396173949373682,0.39,240.101,1.6,0.0,0.0
2016-07-18,20.024999618530273,20.094999313354492,19.7450008392334,20.04400062561035,301,70.88034610065796,0.8167849771053142,0.7730198767371889,0.04376510036812531,25.13746059086342,0.7140094325800797,19.233830490376825,18.09272443097132,1,0.06468110709987966,-0.0040248136342682095,-0.010856657817663318,0.1519540841980438,0.2498983118032723,0.22412230244090883,0.39,240.101,1.59,0.0,0.0
2016-07-19,19.959999084472656,20.010000228881836,19.920000076293945,19.975000381469727,46,69.17191745774588,0.7750104256389001,0.7734179865175311,0.0015924391213689715,24.221568196957648,0.6791328788038269,19.304418099052338,18.166539174128122,1,0.009880255597916554,-0.003442438734134856,-0.007699890002924925,0.14123293637859624,0.25266820487122627,0.22263739864124746,0.39,240.101,1.56,0.0,0.0
2016-07-20,19.625,19.625,19.40999984741211,19.582000732421875,136,60.262588129177765,0.7020986492025472,0.7591541190545343,-0.05705546985198717,22.491137211240282,0.5748271967896836,19.330854540325628,18.2220474705318,1,0.02919363321205096,-0.019674575296250163,-0.03868434336506288,0.13118825026581238,0.26260553293554173,0.2272770644374654,0.39,240.101,1.59,0.0,0.0
2016-07-21,19.375,19.784000396728516,19.325000762939453,19.784000396728516,28,62.907120658642185,0.653086847162033,0.7379406646760341,-0.08485381751400112,20.433630912849466,0.6015424333179105,19.374011288554474,18.283300526461083,1,0.006008841581183742,0.01031557842668196,-0.024505682029251186,0.14325339773679668,0.2618163172093447,0.2277419328477842,0.39,240.101,1.57,0.0,0.0
2016-07-22,19.790000915527344,19.795000076293945,19.656999588012695,19.656999588012695,75,60.194753375062135,0.5971135833619385,0.709775248413215,-0.1126616650512765,17.93138066637837,0.5456788525082794,19.400962555169542,18.33717107789448,1,0.016088033720518678,-0.006419369499043315,-0.023254678856512,0.1330989204591182,0.26560795089856726,0.22782735085837671,0.39,240.101,1.57,1.0,0.0
2016-07-25,19.5,19.665000915527344,19.399999618530273,19.614999771118164,122,59.28439028455291,0.5431047607080366,0.6764411508721794,-0.13333639016414278,15.943911712770472,0.5083886561078225,19.421347051926553,18.387282007040508,1,0.02615359879950694,-0.0021366341646638087,-0.021402955552897507,0.10289569521544517,0.2576681958907055,0.22631674741571642,0.39,240.101,1.58,1.0,1.0
2016-07-26,19.674999237060547,19.684999465942383,19.59000015258789,19.655000686645508,171,59.90631694276248,0.49779188424680854,0.6407112975471052,-0.14291941330029667,13.322020650693725,0.4887317989327899,19.443599779042643,18.436996465064233,1,0.0365912373615792,0.0020393023703340063,-0.016020009447462846,0.10794819279789869,0.2564278530071505,0.2250444766083865,0.39,240.101,1.57,1.0,1.0
2016-07-27,19.96500015258789,19.96500015258789,19.96500015258789,19.96500015258789,124,64.43967154616115,0.4813468030005481,0.6088383986377939,-0.12749159563724577,10.148740213886041,0.58670554405674,19.493256957475523,18.496918178300454,1,0.07642291454808789,0.015772040453451153,0.019558748127911363,0.11917704843504184,0.2591409916535663,0.22601648490173912,0.39,240.101,1.52,1.0,1.0
2016-07-28,20.290000915527344,20.5,20.15999984741211,20.15999984741211,23,66.96963788393106,0.478532577645435,0.5827772344393222,-0.10424465679388717,7.760828520962604,0.6809888456127622,19.556756280326628,18.562137067285224,1,0.07186377128573661,0.009767077051534345,0.019005228626348458,0.09791963748533283,0.24485161375788597,0.2250517769549809,0.39,240.101,1.52,0.0,1.0
2016-07-29,20.200000762939453,20.312000274658203,20.06999969482422,20.312000274658203,90,68.83114777974245,0.48299972772991495,0.5628217330974408,-0.07982200536752582,5.156840679272818,0.834813106781345,19.62868427978678,18.63075915384887,1,0.35664751337428174,0.0075397037895119645,0.03332149872175516,0.09310082198080138,0.2436214632107033,0.22345293713496703,0.39,240.101,1.46,0.0,1.0
2016-08-01,20.4950008392334,20.655000686645508,20.46500015258789,20.46500015258789,19,70.62567818804708,0.49320047970810066,0.5488974824195728,-0.055697002711472154,5.195587423109017,0.9344069295625528,19.708333410529743,18.702690173407266,1,0.09540547326136078,0.007532486995905252,0.043334202976708536,0.04712441145599766,0.17365593419235964,0.22365287792331812,0.4,240.545,1.51,0.0,1.0
2016-08-02,20.405000686645508,20.75,20.405000686645508,20.666000366210938,32,72.83815815082671,0.5116062086443236,0.541439227664523,-0.029833019020199414,5.8560578844521105,1.0217431901342153,19.799539787261285,18.7796827299878,1,0.20867297032931204,0.009821657079129187,0.05143727520967967,0.04026986689555612,0.16808951439498387,0.2233465558986297,0.4,240.545,1.55,0.0,1.0
2016-08-03,20.625,20.645000457763672,20.405000686645508,20.43600082397461,22,66.65175493934441,0.5018488395282752,0.5335211500372735,-0.031672310508998325,6.070754338583327,0.8028182638432019,19.860155124091126,18.844636380732382,1,0.16405667412378822,-0.011129368922899063,0.023591318196191757,0.013690524734697895,0.16722433551048516,0.2175835471566105,0.4,240.545,1.55,0.0,1.0
2016-08-04,20.395000457763672,20.420000076293945,20.100000381469727,20.4060001373291,28,65.86592428804585,0.48609188485277244,0.5240352970003733,-0.037943412147600886,6.100583280598217,0.7516179600384727,19.912140363447122,18.90586633197147,1,0.2575896964121435,-0.0014680311918128242,0.012202395425542134,0.03071016220459355,0.15216424756382324,0.2177070986610453,0.4,240.545,1.51,0.0,1.0
2016-08-05,20.270000457763672,20.270000457763672,19.780000686645508,19.780000686645508,10,52.07046227799589,0.41826990566669053,0.5028822187336368,-0.08461231306694628,6.257829736099027,0.2584339987088086,19.89955563232316,18.940146110586138,1,0.1111111111111111,-0.030677224662879476,-0.026191393305386668,-0.01385980008499288,0.18506648641210385,0.22755968802362772,0.4,240.545,1.59,1.0,1.0
2016-08-08,19.690000534057617,19.84000015258789,19.690000534057617,19.76799964904785,29,51.84626904706869,0.35940907104682296,0.4741875891962741,-0.11477851814945111,6.351857364080221,0.2717611525648243,19.887026491058844,18.972610955231694,1,0.34299231224127735,-0.0006067258433291034,-0.03405817240865738,-0.024476919236623762,0.18053167908622958,0.2255667758179341,0.4,240.545,1.59,1.0,1.0
2016-08-09,19.81399917602539,19.81399917602539,19.81399917602539,19.81399917602539,9,52.68714031612686,0.3128666805930358,0.4419234074756264,-0.12905672688259062,6.434497781462517,0.3224338911096055,19.880071508674707,19.00560657173341,1,0.11545862732520847,0.002326969232810283,-0.04122719322015378,-0.01569796313539329,0.1797796932745978,0.22556086985057058,0.4,240.545,1.55,1.0,1.0
2016-08-10,20.19499969482422,20.354999542236328,20.13400077819824,20.13400077819824,10,58.16067318481805,0.29836360584567245,0.41321144714963565,-0.1148478413039632,6.279268098068689,0.5817296205454563,19.90425524862933,19.04985732492811,1,0.13486176668914363,0.016150278362787374,-0.014777844666265527,-0.011585667712915138,0.18422269001571634,0.22726068674080807,0.4,240.545,1.5,1.0,1.0
2016-08-11,19.983999252319336,19.983999252319336,19.983999252319336,19.983999252319336,0,54.9514781016121,0.27163470925445665,0.3848960995705999,-0.11326139031614324,6.180468644075445,0.47384947814179046,19.911849915647426,19.08649034168855,1,0.0,-0.00745015993251219,-0.02068023533126373,-0.014644291849449154,0.1853944872903452,0.22813289409586793,0.4,240.545,1.57,1.0,1.0
2016-08-12,19.67200088500977,19.729999542236328,19.67200088500977,19.67200088500977,10,48.906749326980844,0.22270895516821554,0.35245867069012304,-0.1297497155219075,6.3416266855400805,0.24627905988747542,19.889007150824792,19.10945153946585,1,0.1556420233463035,-0.015612408876234163,-0.005460050449273002,-0.02250927279454562,0.19148102026527977,0.23042445212052617,0.4,240.545,1.51,1.0,1.0
2016-08-15,19.820999145507812,19.820999145507812,19.820999145507812,19.820999145507812,1,51.642490020982514,0.1937247189846154,0.32071188034902154,-0.12698716136440613,6.384212557906202,0.37336568731864933,19.88253019793746,19.137355367153773,1,0.02030456852791878,0.007574128395428259,0.0026810753440353885,-0.011125597342958038,0.193559104317619,0.21462965443787538,0.4,240.545,1.55,0.0,1.0
2016-08-16,19.950000762939453,20.065000534057617,19.847999572753903,19.847999572753903,27,52.14256478400042,0.17096246296313922,0.2907619968718451,-0.1197995339087059,6.413245402267329,0.39993110922688135,19.879241566967597,19.165223767373387,1,0.5590062111801243,0.0013622132289032862,0.0017159785072391465,-0.006357987799271325,0.19335981281043932,0.21465452937094034,0.4,240.545,1.57,0.0,1.0
2016-08-17,19.62700080871582,19.69499969482422,19.62700080871582,19.62700080871582,1,47.78663059785624,0.13355096538244382,0.25931979057396487,-0.12576882519152105,6.359867881082875,0.22339960622044058,19.855218637610285,19.183332670955444,1,0.024067388688327317,-0.01113456110415556,-0.025181282898896762,0.0022980326121344596,0.18394961197573312,0.21573826434726073,0.4,240.545,1.56,1.0,1.0
2016-08-18,19.829999923706055,19.850000381469727,19.719999313354492,19.719999313354492,12,49.6912290687888,0.11013669881167942,0.2294831722215078,-0.11934647340982837,6.406085679702897,0.30052795395365295,19.842340606728783,19.20437842163776,1,0.294478527607362,0.004738294227683237,-0.01321056589482228,-0.003234992018328442,0.18092384521325247,0.21391268253959955,0.4,240.545,1.53,1.0,1.0
2016-08-19,19.364999771118164,19.364999771118164,19.301000595092773,19.301000595092773,2,42.218987001434506,0.057112669713287545,0.19500907171986376,-0.1378964020065762,6.9340202685976235,0.02563660496549168,19.7907844151444,19.208167526479134,1,0.053908355795148244,-0.02124740024600158,-0.01885930628438015,-0.01811054588091965,0.1951569404034596,0.2197972860453556,0.4,240.545,1.58,1.0,1.0
2016-08-22,18.854999542236328,18.950000762939453,18.843000411987305,18.843000411987305,24,35.86955566143193,-0.021616856804840268,0.15168388601492297,-0.17330074281976324,8.38716241044616,-0.14397987545997984,19.700519271986582,19.193847247479454,1,0.7453416149068323,-0.023729349203891248,-0.04934154561739934,-0.03935760225027274,0.21172454468243626,0.22652793871495824,0.4,240.545,1.55,0.0,2.0
2016-08-23,18.924999237060547,18.924999237060547,18.90999984741211,18.90999984741211,26,37.35382179740501,-0.07770850402242502,0.10580540800745337,-0.18351391202987838,9.446505143265998,-0.01732696607145083,19.625231707741396,19.182715976888577,1,1.0420841683366733,0.0035556670360301634,-0.04725915686885751,-0.037903882635811126,0.21217525531601655,0.22591974007111762,0.4,240.545,1.55,0.0,2.0
2016-08-24,18.81999969482422,18.81999969482422,18.540000915527344,18.545000076293945,13,32.88809291592155,-0.14988617513369107,0.05466709137922449,-0.20455326651291555,11.139873030944315,-0.07348042557496144,19.5223525047464,19.15770751019859,1,0.6701030927835052,-0.01930194468870472,-0.05512817485294996,-0.07112447109647946,0.21021190021036074,0.22689145486704718,0.4,240.545,1.56,0.0,2.0
2016-08-25,18.47800064086914,18.5049991607666,18.47800064086914,18.47800064086914,3,32.12879026109525,-0.21007221230451023,0.001719230642477545,-0.21179144294698776,12.499894127221012,-0.0063280583094391775,19.422890422472378,19.13105233885234,1,0.16304347826086957,-0.003612803189494196,-0.06298167929672616,-0.0834325009560396,0.20417267384348353,0.22682888023044911,0.4,240.545,1.58,0.0,2.0
2016-08-26,18.69499969482422,18.69499969482422,18.594999313354492,18.645000457763672,4,36.08954261074895,-0.24151060689058212,-0.04692673686413439,-0.19458387002644773,13.108710254427647,0.11236358178995151,19.34880566392869,19.11199148077043,1,0.28368794326241137,0.009037764428104111,-0.03398788234304739,-0.08206970236084155,0.20538258196774728,0.22709581784143668,0.4,240.545,1.62,0.0,2.0
2016-08-29,18.761999130249023,18.761999130249023,18.761999130249023,18.761999130249023,47463,38.78480444784345,-0.25405634265701593,-0.08835265802271071,-0.16570368463430524,13.130771117913739,0.19004480825520456,19.292919327387768,19.098266290553905,1,19.889787537191467,0.006275069434853897,-0.00429874648236761,-0.08321529487618962,0.20447795380309092,0.22393733014774525,0.4,240.545,1.57,0.0,2.0
2016-08-30,18.86000061035156,18.940000534057617,18.549999237060547,18.57699966430664,14289,36.18616615766559,-0.27574818599470063,-0.1258317636171087,-0.14991642237759192,12.80830733016641,0.148207740029368,19.224736502332423,19.07782446207362,1,4.61061904070471,-0.009860328031042198,-0.0176097401265205,-0.10108393810540273,0.1982966107560858,0.2252492837815092,0.4,240.545,1.57,0.0,2.0
2016-08-31,18.579999923706055,18.795000076293945,18.520000457763672,18.621999740600582,1589,37.28686920399321,-0.28601104080283335,-0.15786761905425364,-0.1281434217485797,12.499665542574109,0.19390039954162075,19.167333001215106,19.05994898280017,1,0.5000786782061369,0.0024223543686876514,0.00415204443191497,-0.08876497407682238,0.1988437579126643,0.22499335229074777,0.4,240.545,1.58,0.0,2.0
2016-09-01,18.700000762939453,18.899999618530273,18.584999084472656,18.85700035095215,370,42.83243018815796,-0.27204586649850526,-0.18070326854310398,-0.09134259795540128,11.705408605658068,0.3102272346996773,19.13777751071387,19.051990212923776,1,0.11582044700431979,0.012619515284344462,0.020510861399406277,-0.07590903537941951,0.20782949960753017,0.21519152462075722,0.4,241.176,1.57,0.0,2.0
2016-09-02,18.86000061035156,19.395000457763672,18.780000686645508,19.275999069213867,508,51.13011130400485,-0.2245798536466168,-0.18947858556380656,-0.03510126808281025,11.481624353817804,0.5071444589991367,19.15094146866625,19.06077487395476,1,0.1577884764715018,0.0222197969169875,0.03384277800794866,-0.0254803640007919,0.20103268233815352,0.21703280913548204,0.4,241.176,1.6,0.0,1.0
2016-09-06,19.395000457763672,20.100000381469727,19.315000534057617,20.048999786376953,825,62.06860871046735,-0.12316819259413592,-0.17621650696987246,0.05304831437573654,11.806631202190678,0.8404536680153336,19.236470832257744,19.099528792088964,1,0.2531218359770503,0.04010171998802714,0.06859613664798458,0.014214899955374838,0.24743290794523357,0.2302094204935926,0.4,241.176,1.55,0.0,1.0
2016-09-07,19.969999313354492,20.01499938964844,19.73500061035156,19.75900077819824,236,56.921167267100145,-0.06544480988528534,-0.15406216755295504,0.0886173576676697,11.75667216607269,0.7151668549523768,19.28623558901398,19.125390438603056,1,0.072156910705823,-0.014464512507789351,0.06362712683699212,-0.002775734335030089,0.2531679543112374,0.2326599459670618,0.4,241.176,1.54,0.0,1.0
2016-09-08,19.795000076293945,19.875,19.579999923706055,19.590999603271484,237,54.120989382342394,-0.03287593072139927,-0.1298249201866439,0.09694898946524463,11.154673090079088,0.6614844352960288,19.315260733228982,19.143649621531228,1,0.07221206581352833,-0.008502513705658798,0.052035220500956214,-0.026969362965096,0.2473178240057894,0.23359717865280136,0.4,241.176,1.61,0.0,1.0
2016-09-09,19.614999771118164,19.6200008392334,19.024999618530273,19.281999588012695,125,49.31561586985374,-0.031633921987182845,-0.1101867205467517,0.07855279855956886,10.607421737526938,0.5357034721629267,19.312093005113145,19.149075110412856,1,0.038014141260548924,-0.015772549717534057,0.022538008652001063,-0.03512808699816017,0.25184200415948654,0.2363750881772785,0.4,241.176,1.67,0.0,1.0
2016-09-12,19.03499984741211,19.03499984741211,18.71500015258789,18.915000915527344,253,44.286169134949404,-0.0595765850633434,-0.10006469345007005,0.040488108386726646,10.467189674212186,0.3722289377407795,19.274274710866877,19.139895730221266,1,0.07665737486365289,-0.019033226860636798,-0.01872785697853041,-0.03848108659141358,0.2546861262552058,0.2400050070100611,0.4,241.176,1.68,0.0,1.0
2016-09-13,19.170000076293945,19.170000076293945,18.88999938964844,18.88999938964844,76,43.95727718742462,-0.08278447318385673,-0.0966086493968274,0.013824176212970662,10.082187234768252,0.3782023599364787,19.237677061227025,19.130095873728216,1,0.023001377056126385,-0.0013217829589624586,-0.05780838989863413,-0.04697037465290299,0.2522287937156193,0.23869927361659182,0.4,241.176,1.73,0.0,1.0
2016-09-14,18.9950008392334,18.9950008392334,18.98200035095215,18.98200035095215,107,45.55948155785654,-0.09268477068784975,-0.09582387365503187,0.003139102967182117,9.499834181649286,0.4450825742646222,19.213326898343702,19.12428820616837,1,0.032344361652283,0.004870352793876931,-0.03932387249579039,-0.043631561892541804,0.25322501698635697,0.23862420027873502,0.4,241.176,1.7,0.0,1.0
2016-09-15,18.96500015258789,19.040000915527344,18.809999465942383,18.958999633789062,133,45.21148006648208,-0.101219992372787,-0.0969030973985829,-0.004316894974204108,9.156579349689515,0.44888634859421184,19.189105254100404,19.117806301369182,1,0.04012368956934912,-0.0012117119764952777,-0.03225971018737017,-0.034034806511554105,0.25100644414609175,0.23729284136583803,0.4,241.176,1.71,0.0,1.0
2016-09-16,18.88999938964844,18.88999938964844,18.75,18.7810001373291,79,42.50558817375091,-0.12095301771394418,-0.10171308146165516,-0.019239936252289022,8.652206312759569,0.36606034861012887,19.150238100122184,19.104598216504865,1,0.023808806244537538,-0.009388654459527856,-0.025982753935699487,-0.04761659273433616,0.2512065685452728,0.23832582433884092,0.4,241.176,1.7,0.0,1.0
2016-09-19,18.875,19.23500061035156,18.875,19.20599937438965,48,50.17348544008213,-0.10113191019333811,-0.10159684720799175,0.000464937014653638,8.592170048611122,0.6283840779639739,19.155548697671467,19.108574732500347,1,0.014456089627755691,0.0226292121800169,0.015384533162957625,-0.004922087859386859,0.25532504360081976,0.24218087698079943,0.4,241.176,1.7,0.0,1.0
2016-09-20,19.200000762939453,19.200000762939453,19.13999938964844,19.19499969482422,13,49.98766645648324,-0.08532751936396821,-0.09834298163918705,0.01301546227521884,8.596684205226689,0.6107012345943834,19.15930593549554,19.11196394670913,1,0.003915839571064958,-0.0005727210207085998,0.01614612572951768,0.018680638706189523,0.23944687309914303,0.23734364171598696,0.4,241.176,1.69,1.0,1.0
2016-09-21,19.68600082397461,19.68600082397461,19.68600082397461,19.68600082397461,22,57.54593369094336,-0.03280458725074098,-0.08523530276149784,0.052430715510756856,9.091241182560582,0.865530884058661,19.209467353445927,19.134475196797972,1,0.0066272046751916615,0.02557963724702672,0.037087791592372854,0.0410365406041342,0.25452645199393065,0.24222426736548613,0.4,241.176,1.66,0.0,1.0
2016-09-22,19.98500061035156,20.020000457763672,19.8799991607666,20.020000457763672,42,61.777598653824434,0.03536354501773431,-0.06111553320565141,0.09647907822338572,9.718575968275747,0.9806243523112143,19.286660982428568,19.16920167762016,1,0.012646412333263076,0.016966352728295275,0.05596291178167845,0.07953628338644325,0.24634885787285435,0.24407661748736184,0.4,241.176,1.63,0.0,1.0
2016-09-23,19.854999542236328,19.854999542236328,19.732999801635746,19.732999801635746,48,56.56052469233727,0.06547398325755793,-0.03579762991300955,0.10127161317056749,9.537951418978528,0.7970324620941854,19.32916944140068,19.19131140797371,1,0.014443257556381362,-0.01433569678149671,0.050689508404531125,0.06791855813614545,0.25357446488642416,0.23974049160568164,0.4,241.176,1.62,0.0,1.0
2016-09-26,19.559999465942383,19.559999465942383,19.516000747680664,19.516000747680664,38,52.92147845688878,0.07100817434638529,-0.014436469061130582,0.08544464340751587,9.254176120747564,0.6590591133200049,19.34696289914163,19.204044323256337,1,0.011428399572938753,-0.010996759546771706,0.016140861365662174,0.046714951382814895,0.257544610674626,0.23997873782226006,0.4,241.176,1.59,0.0,1.0
2016-09-27,19.3799991607666,19.3799991607666,19.086999893188477,19.086999893188477,30,46.545629085225244,0.0403125786947065,-0.0034866595099631646,0.04379923820466967,9.002951034224974,0.4064334173643245,19.322204517622282,19.19945434560662,1,0.031466331025802395,-0.02198200645914461,-0.005626454980609541,0.017322288562281685,0.2712003935146825,0.22124540912939844,0.4,241.176,1.56,0.0,1.0
2016-09-28,19.049999237060547,19.05500030517578,19.04400062561035,19.04400062561035,56,45.948097049992874,0.012373779232660809,-0.00031457176143836986,0.012688350994099179,8.473351758208157,0.3600761337082927,19.29570890885924,19.19335812129304,1,0.23164426059979318,-0.002252803888445065,-0.03261201724539187,0.025138664463723703,0.26851735627086154,0.21850267575772947,0.4,241.176,1.57,1.0,1.0
2016-09-29,19.225000381469727,19.225000381469727,19.010000228881836,19.114999771118164,94,47.15443117561107,-0.0039928557951860455,-0.001050228568187905,-0.0029426272269981405,7.924361241666637,0.38088337573403197,19.278498514788662,19.190285244815595,1,0.562874251497006,0.00372816336775017,-0.04520482846914986,0.026474064943880382,0.2686328418348235,0.2163474140789684,0.4,241.176,1.56,0.0,2.0
2016-09-30,19.399999618530273,19.600000381469727,19.138999938964844,19.138999938964844,70,47.58032057113902,-0.014855672062335401,-0.0038113172670174045,-0.011044354795317997,7.68108963862576,0.3838748701648696,19.265212936138774,19.18827405635086,1,0.4605263157894737,0.0012555672578633548,-0.030101853171947135,0.014954636621113293,0.2653399823119591,0.2133793062244869,0.4,241.176,1.6,0.0,2.0
2016-10-03,18.8700008392334,18.8700008392334,18.795000076293945,18.795000076293945,13,42.31622418817297,-0.050638714626444425,-0.01317679673890281,-0.037461917887541614,8.037562456989795,0.18249683629453262,19.220430759010696,19.17285154732902,1,0.10216110019646366,-0.017973763716386926,-0.0369440788975377,-0.02495325877495691,0.2609316461507477,0.21445086430509142,0.4,241.741,1.63,0.0,2.0
2016-10-04,18.5,18.5,17.71299934387207,17.71299934387207,160,30.780862380481054,-0.1644102313057516,-0.04342348365227257,-0.12098674765347904,10.038132798539424,-0.25734691754761674,19.076865862330827,19.1156024413111,-1,1.702127659574468,-0.05756854099652797,-0.07198619777887372,-0.11651456269116056,0.2906112825649212,0.24407221436191423,0.4,241.741,1.69,0.0,2.0
2016-10-05,17.850000381469727,17.850000381469727,17.604999542236328,17.634000778198242,19,30.134953621938877,-0.2579757184865308,-0.08633393061912421,-0.17164178786740658,11.885027073110582,-0.1311952843472467,18.939450140032484,19.057500415306674,-1,0.2285027059530968,-0.004459920318416244,-0.07403905697818258,-0.1075459242020319,0.28895701548720143,0.24394610926367483,0.4,241.741,1.72,0.0,2.0
2016-10-06,17.735000610351562,17.764999389648438,17.280000686645508,17.288000106811523,16,27.4209222324875,-0.35594331079307295,-0.14025580665391396,-0.215687504139159,14.18345272114872,-0.11801833643922528,18.782169184487632,18.98810824634608,-1,0.22191400832177532,-0.01962122355208784,-0.09557937149793472,-0.11755395554575909,0.29317427079612,0.24478294020298835,0.4,241.741,1.75,0.0,2.0
2016-10-07,17.2450008392334,17.520000457763672,17.19499969482422,17.323999404907227,69,28.146020619092482,-0.42577047402511425,-0.19735874012815402,-0.22841173389696023,15.996866464553843,-0.006402739221135363,18.64329587214664,18.922849076093577,-1,0.9956709956709957,0.002082328659954058,-0.09483256909168392,-0.10154549449958117,0.29227363542268936,0.24495543021544164,0.4,241.741,1.73,0.0,2.0
2016-10-11,17.649999618530273,17.649999618530273,17.45599937438965,17.45599937438965,5,30.873095626212717,-0.46509636817669175,-0.25090626573786157,-0.2141901024388302,17.307255353878194,0.09318222014163287,18.530220015217402,18.8653255583797,-1,0.08787346221441125,0.007619485916458224,-0.07124238874535427,-0.07713462704302587,0.2908966465756287,0.2456042717078612,0.4,241.741,1.77,0.0,2.0
2016-10-12,17.5,17.5,17.454999923706055,17.454999923706055,11,30.86354428680714,-0.4906867386556577,-0.29886236032142083,-0.19182437833423688,18.418146331321648,0.13678811957672518,18.427818101740133,18.81001867074544,-1,0.20503261882572227,-5.725542618084667e-05,-0.014565541112339764,-0.07596609382257336,0.29108651585696754,0.24562453534942222,0.4,241.741,1.79,0.0,2.0
2016-10-13,17.440000534057617,17.450000762939453,17.40999984741211,17.40999984741211,9,30.407402368234628,-0.5087340522263801,-0.34083669870241273,-0.1678973535239674,19.397027770597948,0.16296169185102005,18.33088302989937,18.75511597179119,-1,0.18461538461538463,-0.0025780622452383772,-0.012702785579043141,-0.08281532370012767,0.289292827098361,0.24561372484220503,0.4,241.741,1.75,0.0,2.0
2016-10-14,17.344999313354492,17.434999465942383,17.329999923706055,17.39299964904785,32,30.225660324813305,-0.5184322874891798,-0.3763558164597662,-0.14207647102941362,20.235531077146877,0.19189485521998156,18.241560803151604,18.7016996454091,-1,0.7322654462242563,-0.0009764617181651225,0.006073550531443983,-0.08259929400231947,0.2893276110854505,0.2428744758177429,0.4,241.741,1.8,0.0,2.0
2016-10-17,17.415000915527344,17.426000595092773,17.415000915527344,17.426000595092773,13,31.08672556207513,-0.5174900056032996,-0.4045826542884729,-0.11290735131482671,20.943785231066208,0.227251366947669,18.163888402384096,18.651672231671206,-1,0.3217821782178218,0.0018973694423507492,0.005887854634574419,-0.07214735809213546,0.28946188302942705,0.24167602670702137,0.4,241.741,1.77,0.0,2.0
2016-10-18,17.649999618530273,17.649999618530273,17.4950008392334,17.590999603271484,21,35.38054000597015,-0.4976921145205786,-0.42320454633489407,-0.07448756818568453,21.11332420902024,0.2915090532968383,18.10932756437337,18.610077226635923,-1,0.5377720870678617,0.009468552883280301,0.007733743911557456,-0.08408829655965178,0.27735742535210417,0.24264833567811386,0.4,241.741,1.75,0.0,2.0
2016-10-19,17.584999084472656,17.709999084472656,17.584999084472656,17.615999221801758,9,36.0308904238293,-0.47451496972092855,-0.433466631012101,-0.04104833870882757,21.126120758394716,0.3175927425294291,18.062343912699884,18.571093775465958,-1,0.23166023166023164,0.001421159632430724,0.009223677960436216,-0.08226103142102292,0.27781124383450356,0.24273989267286708,0.4,241.741,1.76,0.0,2.0
2016-10-20,17.684999465942383,17.684999465942383,17.424999237060547,17.50200080871582,17,34.33398208915301,-0.46004255054035426,-0.43878181491775164,-0.02126073562260261,20.427439308086534,0.30893302266719735,18.00897790279664,18.5291685610836,-1,0.44041450777202074,-0.006471299847973011,0.00528437461861242,-0.11094178217238537,0.2549378401744858,0.24279467032466057,0.4,241.741,1.76,0.0,2.0
2016-10-21,17.447999954223633,17.447999954223633,17.447999954223633,17.447999954223633,0,33.52844904257981,-0.4477688709077654,-0.4405792261157544,-0.007189644792011007,18.696734540744863,0.31182516454911674,17.955551431503974,18.486769792187133,-1,0.0,-0.0030854103529291965,0.0031622092960137405,-0.1284715506858357,0.24082552690277706,0.24001988505602026,0.4,241.741,1.74,0.0,2.0
2016-10-24,17.562000274658203,17.562000274658203,17.562000274658203,17.562000274658203,12,36.89446935191986,-0.42395591833010116,-0.43725456455862377,0.013298646228522615,16.95342501399713,0.3642493342035554,17.918070368947234,18.450504320911488,-1,0.34582132564841495,0.006533718519810883,0.007804411507005726,-0.1100187274515444,0.2435655113981082,0.23942623544527064,0.4,241.741,1.77,1.0,2.0
2016-10-25,17.6299991607666,17.736000061035156,17.6299991607666,17.736000061035156,12,41.74347635769573,-0.3865873153365591,-0.4271211147142109,0.04053379937765178,15.114098715087387,0.4442556966658398,17.900730339622275,18.422484546014378,-1,0.3592814371257485,0.009907743062049335,0.00824287766663967,-0.09120724628262011,0.2488673476215631,0.2398849972948225,0.4,241.741,1.77,0.0,2.0
2016-10-26,17.655000686645508,17.655000686645508,17.584999084472656,17.584999084472656,6,38.94661565107676,-0.3649500283256728,-0.4146868974365033,0.04973686911083047,13.909974211166231,0.4085397772783624,17.87066069627469,18.389641978895096,-1,0.18633540372670807,-0.008513812361460205,-0.0017597717244863809,-0.07869234647252421,0.240754564840403,0.2393495564532908,0.4,241.741,1.79,0.0,2.0
2016-10-27,17.59000015258789,17.604000091552734,17.59000015258789,17.604000091552734,33,39.49596436733382,-0.34232301339821447,-0.40021412062884554,0.05789110723063107,12.446305522529077,0.43858495369291334,17.84526444820593,18.358832493116964,-1,1.0628019323671498,0.0010805236320345912,0.0058278641368887385,-0.07561439228903966,0.2413834190116425,0.2381009677506221,0.4,241.741,1.85,1.0,2.0
2016-10-28,17.625,17.854999542236328,17.604999542236328,17.761999130249023,38,44.007561008131695,-0.308090266269609,-0.38178934975699824,0.07369908348738924,10.261942454080884,0.5496553600677069,17.83733441792432,18.335427263200575,-1,1.345132743362832,0.008975178247818016,0.01799628478044446,-0.07078214266648641,0.2442680361366956,0.23859750146935693,0.4,241.741,1.86,0.0,2.0
2016-10-31,17.809999465942383,17.809999465942383,17.761999130249023,17.761999130249023,4,44.007561008131695,-0.2777587377070887,-0.3609832273470164,0.08322448963992768,6.951942532006987,0.6298454329161721,17.83015962862191,18.31293988543777,-1,0.16032064128256512,0.0,0.01138815923374148,-0.07194737515581484,0.2439728919926867,0.2386393256765818,0.4,241.741,1.84,0.0,2.0
2016-11-01,18.0,18.450000762939453,18.0,18.385000228881836,50,58.24564218535429,-0.2011312845240667,-0.3290128387824265,0.1278815542583598,5.223324813542575,1.3736973335067701,17.883001590551427,18.315765781259106,-1,1.8656716417910448,0.03507494252557586,0.036592251105844964,-0.021814304110019167,0.2725744998099577,0.24262805237653873,0.41,242.026,1.83,0.0,2.0
2016-11-02,18.329999923706055,18.65999984741211,18.329999923706055,18.65999984741211,14,62.74855155080281,-0.11686614468852596,-0.2865834999636464,0.16971735527512044,7.4446151306438155,1.284810807856208,17.95700142453816,18.32926515640236,-1,0.717948717948718,0.014957825134984892,0.06113169285795794,0.053463588246993377,0.17063667483880302,0.2448514519050688,0.41,242.026,1.81,0.0,2.0
2016-11-03,18.382999420166016,18.382999420166016,18.329999923706055,18.382999420166016,4,56.176796092530516,-0.07161154049867591,-0.24358910807065232,0.1719775675719764,8.306772737109291,0.9876016238050046,17.997572662217003,18.33137238243231,-1,0.21333333333333335,-0.01484461037037521,0.04425126815280378,0.04247468577260105,0.18019436318381307,0.246417055861932,0.41,242.026,1.82,0.0,2.0
2016-11-04,18.34199905395508,18.3700008392334,18.34199905395508,18.34199905395508,10,55.254360135797064,-0.038610252577601756,-0.2025933369720422,0.16398308439444045,8.666289412708457,0.9049680219782592,18.030375175715868,18.33178911464889,-1,0.5420054200542006,-0.0022303414842061997,0.03265397771123113,0.06096708356267766,0.16171814341271398,0.24377815851667672,0.41,242.026,1.79,0.0,2.0
2016-11-07,18.149999618530273,18.19499969482422,18.124000549316406,18.124000549316406,10,50.50570973738709,-0.029704733891779966,-0.16801561635598977,0.1383108824642098,8.608908449725893,0.7380068561318859,18.03929187796354,18.32364054345938,-1,0.6451612903225806,-0.011885209676295805,0.02038066866307231,0.046178779259399505,0.17018377039763286,0.24441495104186733,0.41,242.026,1.83,0.0,2.0
2016-11-08,18.299999237060547,18.700000762939453,18.299999237060547,18.329999923706055,21,54.48626106026032,-0.005955961649394936,-0.1356036854146708,0.12964772376527586,8.86843353790719,0.8332662319082592,18.066978358510443,18.323889930920036,-1,1.2883435582822085,0.011366109476167452,-0.0029915857759620357,0.050068777534369335,0.17222411129203635,0.24403011673462413,0.41,242.026,1.88,0.0,2.0
2016-11-09,18.770000457763672,18.799999237060547,18.35700035095215,18.35700035095215,19,54.997139604548835,0.014872380732786183,-0.1055084721851794,0.12038085291796559,9.047671803984574,0.81463087599037,18.09459950064775,18.325188378764434,-1,1.1377245508982037,0.0014730184047178074,-0.016237915269971648,0.051675762313872386,0.17201510836637676,0.24341947921314092,0.41,242.026,2.07,0.0,2.0
2016-11-10,18.475000381469727,18.715999603271484,18.459999084472656,18.715999603271484,4,61.22865420332278,0.05965951377298495,-0.07247487499354655,0.1321343887665315,9.64776799368842,0.9639184706736084,18.15378046280239,18.34051430913726,-1,0.24316109422492402,0.019556531320800152,0.018114572899358805,0.07501434619791247,0.18080292197517278,0.24702413275202892,0.41,242.026,2.15,0.0,2.0
2016-11-14,17.459999084472656,17.459999084472656,16.80500030517578,16.87700080871582,22,34.71245019350286,-0.05263149111760157,-0.06850619821835756,0.01587470710075599,10.63573771661623,-0.03159812434288816,18.032182400508432,18.283121622846224,-1,1.3793103448275863,-0.09825811249932992,-0.07987124200201967,-0.029667041381230552,0.42121626754044933,0.32372555903371286,0.41,242.026,2.23,0.0,1.0
2016-11-15,17.049999237060547,17.049999237060547,17.02899932861328,17.02899932861328,1,37.135727577744184,-0.1278837470244767,-0.08038170797958138,-0.047502039044895306,11.239270862714653,0.08195851967158482,17.936641155566036,18.233940356405718,-1,0.06514657980456026,0.009006251858384884,-0.060417191983832,-0.022782121710204106,0.4227185220303247,0.324246772043968,0.41,242.026,2.23,0.0,1.0
2016-11-16,16.913999557495117,16.924999237060547,16.913999557495117,16.913999557495117,1,36.04562438357596,-0.19455847345638944,-0.10321706107494301,-0.09134141238144643,12.13277409625854,0.0745070661194919,17.83924671765452,18.182177972134713,-1,0.06968641114982578,-0.006753172567511512,-0.07725042946561256,-0.03848559269198448,0.42125146165116834,0.3219530144633231,0.41,242.026,2.22,0.0,1.0
2016-11-17,16.76099967956543,16.76099967956543,16.76099967956543,16.76099967956543,0,34.59078552899555,-0.25678443487229075,-0.13393053583441256,-0.12285389903787819,13.225526325433595,0.061871845269093055,17.7365565235508,18.126445490073174,-1,0.0,-0.009045753927662159,-0.08694234574680593,-0.04853539850173083,0.42178321736682023,0.31907331429869584,0.41,242.026,2.29,1.0,2.0
2016-11-18,16.613000869750977,16.613000869750977,16.613000869750977,16.613000869750977,3,33.195098254002474,-0.31441682326171616,-0.17002779331987328,-0.14438902994184288,14.420657639208487,0.05671619871846545,17.629551223188912,18.067094720648775,-1,0.2272727272727273,-0.008829951234644362,-0.11236368765218996,-0.05079418911477429,0.4221667382365543,0.31917386676682347,0.41,242.026,2.34,1.0,2.0
2016-11-21,16.511999130249023,16.549999237060547,16.511999130249023,16.511999130249023,3,32.23908114694537,-0.3640444250283821,-0.20883111966157505,-0.15521330536680703,15.640442430010651,0.07062867341490728,17.52311769052797,18.006110579848784,-1,0.2247191011235955,-0.006079680624459405,-0.021627164838334267,-0.05364516428417532,0.4223474403809055,0.3172418562892287,0.41,242.026,2.33,1.0,2.0
2016-11-22,16.62299919128418,16.62299919128418,16.62299919128418,16.62299919128418,2,34.47262022335961,-0.3899230890646628,-0.24504951354219262,-0.14487357552247015,16.556397304444815,0.14734440855335534,17.43739211917142,17.95187091755213,-1,0.1556420233463035,0.006722387771436411,-0.02384169084127641,-0.05346777523565993,0.4224025187999058,0.31771242031631464,0.41,242.026,2.31,1.0,2.0
2016-11-23,16.2549991607666,16.382999420166016,16.2549991607666,16.382999420166016,2,32.01539257469629,-0.4249001085661632,-0.28101963254698675,-0.14388047601917647,17.76106108887541,0.1148202955811121,17.33697376688519,17.89034654510562,-1,0.16194331983805668,-0.014437814040441088,-0.031394120327607467,-0.07628555684557059,0.4216236947271973,0.31796977468413107,0.41,242.026,2.36,1.0,2.0
2016-11-25,16.540000915527344,16.540000915527344,16.464000701904297,16.464000701904297,1,33.73226864825891,-0.4409999491358967,-0.31301569586476874,-0.12798425327112795,18.671323086975654,0.1742990963211458,17.253833474982248,17.834411413999685,-1,0.08264462809917356,0.004944227834042136,-0.017719645805090334,-0.06374742342512763,0.42239549662480513,0.31783178866746775,0.41,242.026,2.36,1.0,2.0
2016-11-28,16.577999114990234,16.577999114990234,16.577999114990234,16.577999114990234,66688,36.17518998698971,-0.4394942533915298,-0.338311407370121,-0.10118284602140881,19.31013284176281,0.2331243488642237,17.18946829784015,17.785140343450294,-1,19.93751588262553,0.006924101568627439,-0.0021068893594338167,-0.058282263759747766,0.42369801983822253,0.31795217467770837,0.41,242.026,2.32,1.0,2.0
2016-11-29,16.604999542236328,16.700000762939453,16.389999389648438,16.660999298095703,17875,37.968215956950246,-0.42668499849061803,-0.35598612559422044,-0.07069887289639759,19.726926230176915,0.27810157980507566,17.13913791691211,17.74105638088737,-1,4.219085609082541,0.00500664661216077,0.009023750950526654,-0.06198625639375788,0.4224544353187409,0.31814521072430096,0.41,242.026,2.3,1.0,2.0
2016-11-30,16.545000076293945,16.71500015258789,16.395000457763672,16.4060001373291,1213,34.73926085048079,-0.4321285637605641,-0.37121461322748917,-0.06091395053307491,20.35247669084314,0.23108604632705582,17.069315271237535,17.68870123408116,-1,0.28228011589076485,-0.015305154042935865,-0.013054145732549594,-0.07634270123404241,0.42444795657632306,0.317902549627439,0.41,242.026,2.37,1.0,2.0
2016-12-01,16.4950008392334,16.6299991607666,16.25,16.427000045776367,777,35.22779377630579,-0.4297937169163184,-0.38293043396525506,-0.046863282951063345,20.211819121003124,0.2617652919129232,17.008142392622187,17.639222756108424,-1,0.17930079612322603,0.0012800139139024225,0.0026857490793896766,-0.10649987265322725,0.4002351549653182,0.31395124348545456,0.54,242.637,2.45,2.0,2.0
2016-12-02,16.614999771118164,16.774999618530273,16.30500030517578,16.753000259399414,144,42.432324699685196,-0.39706077181295996,-0.38575650153479607,-0.011304270278163886,19.017689402162887,0.3744922904296159,16.983843141839067,17.60446893270807,-1,0.03317972350230415,0.01984538946335901,0.017553422325941037,-0.10219719204752142,0.40384210940256304,0.30518251209506186,0.54,242.637,2.4,1.0,2.0
2016-12-05,16.905000686645508,16.959999084472656,16.524999618530273,16.823999404907227,204,43.895954090103366,-0.36122664342294897,-0.3808505299124267,0.019623886489477715,17.999322794690887,0.4152229682229734,16.96861992879794,17.573862284559016,-1,0.04689655172413793,0.0042379958460263545,0.014838961457933175,-0.08480661831216607,0.4035567027638617,0.3045678482418194,0.54,242.637,2.39,1.0,2.0
2016-12-06,16.84000015258789,16.860000610351562,16.739999771118164,16.739999771118164,268,42.51861616779467,-0.33573575414986934,-0.37182757475991524,0.0360918206100459,16.823690213164337,0.4075083979870665,16.946846580447485,17.541161793835848,-1,0.061427032478397404,-0.0049928457418134675,0.004741640738889608,-0.08734049533665622,0.40347639782369543,0.3043635458888535,0.54,242.637,2.39,1.0,2.0
2016-12-07,16.665000915527344,17.202999114990234,16.645000457763672,17.202999114990234,40,51.54374700429741,-0.2750037906310254,-0.3524628179341373,0.07745902730311188,15.79982428509864,0.5912321442672201,16.971242059927746,17.527900512312492,-1,0.009165062780680048,0.027658264647702824,0.04857972516089992,-0.05081667437716497,0.41773775281084397,0.3091455426656841,0.54,242.637,2.34,1.0,1.0
2016-12-08,17.100000381469727,17.110000610351562,16.9950008392334,17.024999618530273,75,48.39763953552873,-0.238487211630094,-0.3296676966733287,0.09118048504323467,14.02062143941228,0.5556036783293911,16.9763618274137,17.508178908634758,-1,0.017173868242082845,-0.010347003756156492,0.03640345596198258,-0.07119477962943332,0.415249159284396,0.3075604212838276,0.54,242.637,2.4,1.0,1.0
2016-12-09,16.979999542236328,17.020000457763672,16.81999969482422,16.89699935913086,186,46.21319836545354,-0.21737040020960308,-0.30720823738058356,0.08983783717098048,11.60581026650537,0.5392901891591969,16.96880349710105,17.484211083164016,-1,0.04250991326606406,-0.007518370764607596,0.008595421566393924,-0.07953374537826174,0.4149953418369146,0.3077875185345865,0.54,242.637,2.47,1.0,1.0
2016-12-12,16.829999923706055,17.145000457763672,16.829999923706055,17.115999221801758,104,50.3428695014165,-0.18087865976442075,-0.281942321857351,0.10106366209293027,5.677844204262189,0.8952700783184695,16.982822137548737,17.46977140232628,-1,0.023741853005969708,0.01296087299385218,0.017356147600038563,-0.08548837440614465,0.4107360849398185,0.3089714443381167,0.54,242.637,2.49,1.0,1.0
2016-12-13,17.075000762939453,17.149999618530273,16.764999389648438,16.910999298095703,201,46.72630876742138,-0.16658023982791548,-0.25886990545146393,0.09228966562354846,5.703333210304346,0.6769904315599825,16.975981867124638,17.44785877078783,-1,0.045792135599398556,-0.011977093539764394,0.010215025646091558,0.0020144864460944767,0.18451385622291103,0.30969208127563985,0.54,242.637,2.48,1.0,1.0
2016-12-14,17.139999389648438,17.152000427246094,16.799999237060547,17.152000427246094,164,51.16766256749358,-0.13425426245451888,-0.23394677685207493,0.09969251439755605,5.909962802454137,0.9080085918803106,16.99274553951716,17.4362564828058,-1,0.03729349296767518,0.014251146540910087,-0.0029645230696838665,0.007223037376373531,0.1886883407824357,0.31101224902047125,0.54,242.637,2.54,1.0,1.0
2016-12-15,16.5,16.5,15.890000343322754,15.897000312805176,420,34.86645580130727,-0.20751164814353373,-0.2286597511103667,0.021148102966832977,7.324981849332541,-0.1543343185865439,16.888388851258874,17.37589349574695,-1,0.09505488287880502,-0.07316931455105025,-0.066255467312749,-0.060127661777032326,0.33023486536066576,0.34247748030007796,0.54,242.637,2.6,2.0,0.0
2016-12-16,16.0,16.152999877929688,16.0,16.152999877929688,135,39.126669523346166,-0.24212061295384046,-0.23135192347906147,-0.010768689474778992,7.857113125290753,0.1075713892497788,16.818351806179905,17.327936883283527,-1,0.030506751031015196,0.016103639685928872,-0.04403145584539103,-0.03627467413993213,0.3361391937157907,0.34468172468963143,0.54,242.637,2.6,2.0,0.0
2016-12-19,16.0,16.025999069213867,15.979999542236328,16.025999069213867,9,37.80557331250564,-0.2766078081534502,-0.24040310041393922,-0.03620470773951098,8.558124503111173,0.0704987714193587,16.74288964075457,17.276880498418052,-1,0.002033645535583148,-0.007862366722935832,-0.06368311533921356,-0.03533388128606707,0.33588660866842546,0.33978541921557365,0.54,242.637,2.54,2.0,0.0
2016-12-20,15.710000038146973,16.054000854492188,15.699999809265137,16.054000854492188,17,38.30023581119001,-0.2982417040494205,-0.2519708211410355,-0.04627088290838505,9.08578587186932,0.12860396381057032,16.677281184920055,17.22892443395037,-1,0.0038407229596159275,0.001747272363949559,-0.05067698416261068,-0.027737300138165,0.33570887166941427,0.33734320546412455,0.54,242.637,2.57,2.0,0.0
2016-12-21,16.104999542236328,16.125,15.91800022125244,15.91800022125244,187,36.770565898256386,-0.3226416250918902,-0.26610498193120646,-0.05653664316068374,9.813377106370096,0.09348497064343544,16.604968712189805,17.17751564129555,-1,0.04215984669146658,-0.008471447988100289,-0.07194497290435198,-0.04241105722975591,0.3351780372339041,0.33675361143537685,0.54,242.637,2.55,2.0,0.0
2016-12-22,15.914999961853027,15.970000267028809,15.789999961853027,15.8149995803833,75,35.610563718932724,-0.3462981200510029,-0.28214360955516576,-0.06415451049583715,10.587712378397441,0.07999779849504549,16.52973355677966,17.124083638906836,-1,0.016895126319227783,-0.00647070231420277,-0.005158251922271262,-0.034670076291619556,0.33244230026345134,0.33645047765513036,0.54,242.637,2.55,2.0,0.0
2016-12-23,15.774999618530272,15.800000190734863,15.70400047302246,15.70400047302246,10,34.352839637798155,-0.3697406232978828,-0.2996630123037092,-0.07007761099417364,11.514968496181899,0.07453933282306027,16.451092310707548,17.068394102989803,-1,0.0022524551761419946,-0.0070185969210219135,-0.027796657481605536,-0.0461613336055029,0.33196035573985155,0.3342735303487372,0.54,242.637,2.55,2.0,0.0
2016-12-27,15.84000015258789,15.928999900817873,15.84000015258789,15.928999900817873,14,39.05192296365999,-0.3659450162364273,-0.3129194130902528,-0.053025603146174494,11.93389850267911,0.21956592476340447,16.40136922405139,17.023711977414433,-1,0.012659372456822497,0.01432752298893103,-0.006052612880923625,-0.03914822347803848,0.3356693406883338,0.33618431049809167,0.54,242.637,2.57,2.0,0.0
2016-12-28,16.0,16.024999618530273,15.875,15.98799991607666,397,40.259517994314656,-0.35409438252106185,-0.3211544069764146,-0.032939975544647226,12.187843374266972,0.27106769733056946,16.362000718529988,16.983095818146285,-1,1.7112068965517242,0.003703937197950369,-0.004111183188149625,-0.04039369847977636,0.335342471433259,0.33618226015598474,0.54,242.637,2.51,2.0,0.0
2016-12-29,15.994999885559082,16.200000762939453,15.994999885559082,16.163000106811523,119,43.815418039873926,-0.32681430519233245,-0.3222863866195982,-0.0045279185727342686,12.288753983327746,0.3654455141041056,16.343048279318705,16.95093520201551,-1,0.6711787930062041,0.010945721269293607,0.015391373423401467,-0.014811656008991037,0.3344414178454135,0.3372778064700742,0.54,242.637,2.49,2.0,0.0
2016-12-30,16.235000610351562,16.235000610351562,15.859999656677246,15.935999870300291,155,40.451911032504945,-0.31982492666282525,-0.3217940946282436,0.0019691679654183503,12.589499385699543,0.2704701437038968,16.304281764174092,16.91113381645805,-1,1.0601915184678523,-0.014044436986396347,0.007650982809198181,-0.029889826146455745,0.3376680102342836,0.3366016633947847,0.54,242.637,2.45,2.0,0.0
2017-01-03,16.040000915527344,16.434999465942383,16.030000686645508,16.356000900268555,6,48.35193109811162,-0.27719983366744927,-0.3128752424360848,0.03567540876863551,12.459254005915861,0.4831797135456219,16.30920739618309,16.88936389817611,-1,0.04307250538406317,0.026355486532791295,0.04151811052006482,-0.02369720963312938,0.343660965597315,0.32040854607301367,0.65,243.618,2.45,2.0,0.0
2017-01-04,16.399999618530273,16.499000549316406,16.395000457763672,16.499000549316406,7,50.747759225466105,-0.22923775366249544,-0.29614774468136695,0.06690999101887152,12.252541384409817,0.5622559700623205,16.32728293457674,16.874055531554163,-1,0.0540749324063345,0.008742947002742252,0.03578383150528275,-0.019317574125449877,0.34496342872859276,0.3209939249348716,0.65,243.618,2.46,2.0,0.0
2017-01-05,16.645000457763672,16.709999084472656,16.583999633789062,16.583999633789062,5,52.168070171850694,-0.18226767565324664,-0.2733717308757429,0.09110405522249626,12.14696574673571,0.6095064134414715,16.351732144025533,16.862680790465337,-1,0.04299226139294927,0.005151771722086362,0.03727794100831194,-0.009319004746837112,0.34527075053722295,0.3188490064183319,0.65,243.618,2.37,2.0,0.0
2017-01-06,16.375,16.489999771118164,16.375,16.465999603271484,4,50.01189849746963,-0.15280374032371924,-0.24925813276533818,0.09645439244161894,11.25591732094182,0.5742913387125163,16.362614759191814,16.84712466547734,-1,0.034934497816593885,-0.007115293844867088,0.018746488551482976,-0.04284133869870099,0.32985228010599155,0.319066393398803,0.65,243.618,2.42,2.0,0.0
2017-01-09,16.44499969482422,16.65999984741211,16.44499969482422,16.6299991607666,4,52.92410641000181,-0.11489552155797256,-0.22238561052386507,0.10749008896589252,10.720773955236632,0.6831824249557582,16.388079940294176,16.83860993980241,-1,0.03605227579990987,0.009959890771680469,0.04354915261763437,-0.023201202150615496,0.33102330756458737,0.31936371356719295,0.65,243.618,2.38,2.0,0.0
2017-01-10,16.635000228881836,16.80299949645996,16.594999313354492,16.80299949645996,242,55.84631771018098,-0.070085402907754,-0.19192556900064286,0.12184016609288886,10.579761779758773,0.7886903586698776,16.42759608850044,16.837213451828198,-1,2.1274725274725275,0.010402907060963695,0.027329333063564887,-0.005563109796775989,0.3325453292978821,0.3201792398846826,0.65,243.618,2.38,2.0,0.0
2017-01-11,16.610000610351562,16.783000946044922,16.610000610351562,16.783000946044922,3,55.41806447581143,-0.03577439199943555,-0.16069533360040142,0.12492094160096587,9.952399183776336,0.8051363558912583,16.461444170171344,16.835087471209246,-1,0.027598896044158234,-0.001190177409649551,0.017213187906723437,-0.019455380398281097,0.32889268061526544,0.3201558066502585,0.65,243.618,2.38,2.0,0.0
2017-01-12,16.780000686645508,16.780000686645508,16.780000686645508,16.780000686645508,5,55.349489651917104,-0.008724197399430977,-0.13030110636020734,0.12157690896077636,9.731340271892499,0.8144337651503134,16.491782886026026,16.83292720514792,-1,0.05055611729019211,-0.00017876775488834262,0.011818684104231592,-0.007746355442457276,0.32628369528459383,0.3201560919260672,0.65,243.618,2.36,2.0,0.0
2017-01-13,16.719999313354492,16.719999313354492,16.719999313354492,16.719999313354492,9,53.912705455489274,0.0077819617243584105,-0.10268449274329419,0.1104664544676526,8.807142009694093,0.8210756816006944,16.51351778386683,16.82849866037171,-1,0.09873834339001646,-0.0035757670343106174,0.015425708502540214,-0.02518663147916933,0.3218447215975189,0.32017068189572045,0.65,243.618,2.4,2.0,0.0
2017-01-17,17.101999282836914,17.101999282836914,17.101999282836914,17.101999282836914,104,60.8759078111835,0.05109838639003783,-0.0719279169166278,0.12302630330666563,9.59869853098899,0.9988981620073758,16.5695636409116,16.839224174978188,-1,1.3802256138022562,0.022846889065199605,0.028382450143704885,0.07580039921500803,0.17511987083136143,0.3230707369721882,0.65,243.618,2.33,2.0,0.0
2017-01-18,17.235000610351562,17.235000610351562,17.209999084472656,17.235000610351562,104,62.973485085288935,0.09506323085702206,-0.038529687361897824,0.1335929182189199,10.672375361861416,0.9923744141452235,16.63293859038207,16.854744819502635,-1,1.4092140921409215,0.007776946152028286,0.0257097617590607,0.06698450693980651,0.16979554191691829,0.3234887352841476,0.65,243.618,2.42,1.0,0.0
2017-01-19,16.966999053955078,16.966999053955078,16.966999053955078,16.966999053955078,4,56.41052367447055,0.10704623862309148,-0.009414502164899962,0.11646074078799144,10.896926691232428,0.8047859023671846,16.66475387262712,16.85914694634391,-1,0.054384772263766146,-0.015549843162495747,0.01096336158841238,0.05871708719544877,0.1785791663119788,0.3247759364317607,0.65,243.618,2.47,2.0,0.0
2017-01-20,16.924999237060547,17.1200008392334,16.924999237060547,16.996999740600586,67,56.951377545806686,0.11760795203406715,0.01598998867489346,0.1016179633591737,11.069443045913037,0.7897696698244147,16.69639633624364,16.864552938275544,-1,0.8809993425378041,0.0017681787185881426,0.012932005070046104,0.058739182503813714,0.17857746559209808,0.3247641301111443,0.65,243.618,2.48,2.0,0.0
2017-01-23,17.200000762939453,17.200000762939453,17.1299991607666,17.149999618530273,10,59.697825320212665,0.13674765562925728,0.040141522065766225,0.09660613356349106,11.140296550110213,0.8364863432270322,16.73959664884237,16.875746925736514,-1,0.1488095238095238,0.009001581471123954,0.02571772265758021,0.0773966189316273,0.17455717785117217,0.32502660070021927,0.65,243.618,2.41,1.0,0.0
2017-01-24,17.14900016784668,17.14900016784668,17.14900016784668,17.14900016784668,2,59.671044079584185,0.15010504379740652,0.06213422641209429,0.08797081738531223,10.806489680244015,0.8077402935544158,16.778587460176112,16.8864627391526,-1,0.03147128245476003,-5.8277009086005194e-05,0.0027482684470074847,0.08435033973178574,0.17101977685410563,0.32432488062899006,0.65,243.618,2.47,1.0,0.0
2017-01-25,16.829999923706055,16.959999084472656,16.829999923706055,16.944000244140625,5,54.29109916937682,0.14250636490077184,0.0782086541098298,0.06429771079094204,9.704447357694361,0.6762576948751039,16.79434105864892,16.888719111897228,-1,0.07898894154818326,-0.011954045232935306,-0.01688426782161867,0.07896075737187691,0.1761440053198264,0.3247685104694972,0.65,243.618,2.53,1.0,0.0
2017-01-26,16.81399917602539,16.81399917602539,16.81399917602539,16.81399917602539,0,51.14211292811946,0.12455852426429459,0.08747862814072277,0.03707989612357182,8.829561030855839,0.5750591036472297,16.796213260303823,16.885788918333628,-1,0.0,-0.007672395316459579,-0.00901749787591477,0.05555899809893772,0.17612713476262085,0.32507084755480625,0.65,243.618,2.51,1.0,0.0
2017-01-27,17.100000381469727,17.100000381469727,17.100000381469727,17.100000381469727,159,57.0449641944584,0.131892266373562,0.09636135578729062,0.03553091058627138,8.098906575390638,0.7513103650447991,16.82514536708153,16.89418936786838,-1,3.136094674556213,0.01700970735457963,0.006059930719602535,0.0695521935970802,0.18317525547799632,0.3264850892575315,0.65,243.618,2.49,1.0,0.0
2017-01-30,17.149999618530273,17.149999618530273,17.121999740600586,17.121999740600586,26,57.47060495790064,0.1378899645793119,0.10466707754569488,0.03322288703361703,7.589023411537137,0.7470841376341678,16.85341721217858,16.903123107975524,-1,0.5646036916395223,0.0012865122011751495,-0.001632645979737224,0.05933302155859743,0.18110313251914925,0.32650636851538506,0.65,243.618,2.49,1.0,0.0
2017-01-31,17.329999923706055,17.559999465942383,17.329999923706055,17.511999130249023,29,64.23627031629215,0.17212868269447057,0.11815939857545002,0.05396928411902055,6.800395115889274,1.0454621763710368,16.91613929961386,16.927000599045073,-1,0.7295597484276729,0.022777677581880207,0.021167354297596086,0.09889553669524687,0.18214856204156443,0.3219072402334043,0.65,243.618,2.45,0.0,0.0
2017-02-01,17.450000762939453,17.59000015258789,17.420000076293945,17.420000076293945,15,61.74110224830994,0.18965335289432161,0.13245818943922436,0.05719516345509726,6.672073564012237,0.9257316794312086,16.964126040250058,16.946333911878362,1,0.3731343283582089,-0.005253486667673779,0.02809252982145849,0.0650525261347914,0.16683570995599875,0.32036406754813723,0.66,244.006,2.48,1.0,0.0
2017-02-02,17.670000076293945,17.670000076293945,17.402000427246094,17.402000427246094,19,61.23989277854086,0.19978634639871728,0.14592382083112296,0.05386252556759433,6.6130949791313896,0.8721621235340248,17.00582836282111,16.964203186990822,1,0.46568627450980393,-0.0010332749121135798,0.03497093374782123,0.0547305805118663,0.16611581481150575,0.31906868646103187,0.66,244.006,2.48,1.0,0.0
2017-02-03,17.405000686645508,17.452999114990234,17.405000686645508,17.452999114990234,2,62.17677098999494,0.20951680533019967,0.15864241773093832,0.050874387599261356,6.6424943151489915,0.8762435792636766,17.048416053503882,16.983371654755505,1,0.04920049200492005,0.0029306221406759647,0.02064320033016087,0.05239987339547625,0.16586419638883013,0.31915277848980916,0.66,244.006,2.49,1.0,0.0
2017-02-06,17.594999313354492,17.729999542236328,17.56999969482422,17.66699981689453,25,65.9013425982982,0.23182400942750903,0.17327873607025246,0.058545273357256566,6.663865699901228,1.0089190260225256,17.10732879287442,17.01018060229037,1,0.5995203836930455,0.012261543159106214,0.031830398583736264,0.07293819036558413,0.16506831517402573,0.319392475404061,0.66,244.006,2.42,1.0,0.0
2017-02-07,17.575000762939453,17.732999801635742,17.575000762939453,17.732999801635742,6,66.98126241726753,0.2519242506292301,0.18900783898204798,0.06291641164718209,6.936201144934372,0.9964893136466035,17.166916507994546,17.03852645324509,1,0.14354066985645933,0.003735777745245583,0.012619956736120264,0.06632595890150927,0.16334357760202126,0.31858082249073694,0.66,244.006,2.4,1.0,0.0
2017-02-08,17.645000457763672,17.799999237060547,17.645000457763672,17.683000564575195,16,65.2941927588488,0.26081282809436246,0.2033688368045109,0.05744399128985156,7.183286405565657,0.9020445687743913,17.216067370526037,17.063799947807055,1,0.5245901639344263,-0.0028195588800454807,0.015097616941985859,0.05237166544584082,0.16239833668775222,0.31858589864612663,0.66,244.006,2.34,1.0,0.0
2017-02-09,17.75,17.815000534057617,17.719999313354492,17.719999313354492,109,65.9770963627289,0.267756054465746,0.21624628033675794,0.05150977412898808,7.308251899127814,0.8862739375065111,17.26406088889065,17.089533256259898,1,3.044692737430168,0.0020923343096768132,0.018273697178544657,0.0558302040452654,0.1618118538593319,0.315911700098924,0.66,244.006,2.4,1.0,0.0
2017-02-10,17.579999923706055,17.96500015258789,17.579999923706055,17.91200065612793,67,69.34780172819674,0.2854608995709391,0.2300892041835942,0.05537169538734493,7.626455068324751,0.9716294655914602,17.325769438151344,17.121786879784135,1,1.7223650385604115,0.010835290644099382,0.026299293211071273,0.06746125882958598,0.16387210389046056,0.2335969059793448,0.66,244.006,2.41,1.0,0.0
2017-02-13,17.899999618530273,17.899999618530273,17.804000854492188,17.804000854492188,8,65.42158853834911,0.28746373250496404,0.24156410984786816,0.04589962265709588,7.390354202506054,0.858635592536794,17.371315287326663,17.148540368988375,1,0.2059202059202059,-0.006029466150046958,0.00775462947968375,0.06483263072097678,0.16546426380240462,0.23343427026916808,0.66,244.006,2.43,1.0,0.0
2017-02-14,17.871999740600586,17.959999084472656,17.871999740600586,17.871999740600586,26,66.69993843151444,0.29118137620260853,0.25148756311881626,0.03969381308379227,7.707727550405201,0.8651238570421597,17.4189995209718,17.176911324737873,1,0.7439198855507868,0.0038193036870834973,0.00783848985054525,0.04502400245896521,0.14877376310990167,0.23298592716067978,0.66,244.006,2.47,1.0,0.0
2017-02-15,17.920000076293945,17.959999084472656,17.920000076293945,17.94700050354004,24,68.10073152391448,0.2967587205739619,0.2605417946098454,0.03621692596411652,8.143437676429013,0.8726590010026152,17.46928532883544,17.207110900377174,1,0.7754442649434572,0.0041965512549260175,0.014929589466491366,0.041311277515176936,0.14754575459344457,0.23213788716285744,0.66,244.006,2.51,1.0,0.0
2017-02-16,18.049999237060547,18.062999725341797,18.049999237060547,18.062999725341797,16,70.18941904744062,0.30700006823856896,0.2698334493355901,0.03716661890297884,8.359116194211,0.9038051019707867,17.52582955707414,17.240675168022847,1,0.5071315372424723,0.006463432247571177,0.019356683142126574,0.06459602360449446,0.1324802535827909,0.2314380543217491,0.66,244.006,2.45,1.0,0.0
2017-02-17,18.0049991607666,18.049999237060547,18.0049991607666,18.018999099731445,175,68.36094309345481,0.308015318431508,0.2774698231547737,0.03054549527673428,8.364234338208247,0.8375004313654415,17.572798084946264,17.271197675148674,1,4.7361299052774015,-0.002435953400841795,0.005973561840335817,0.06012822114067684,0.13388778361225115,0.23105322134453055,0.66,244.006,2.42,1.0,0.0
2017-02-21,17.989999771118164,18.049999237060547,17.959999084472656,17.989999771118164,189,67.11991172904523,0.3029872595373817,0.2825733104312953,0.020413949106086404,8.408452549802337,0.7868546835617829,17.612531578867397,17.299385992637674,1,4.11764705882353,-0.001609375107506028,0.01044702919001761,0.04897960182344763,0.13281513157122674,0.23087522075135494,0.66,244.006,2.43,1.0,0.0
2017-02-22,17.941999435424805,17.941999435424805,17.941999435424805,17.941999435424805,18,65.01596030664854,0.29176596428538915,0.2844118412021141,0.007354123083275044,8.289817350610743,0.7302496103257323,17.643909469968104,17.3245865198058,1,0.38543897216274087,-0.002668167665595078,0.003916724252474024,0.04624172020622819,0.13377484343074925,0.2286632792574861,0.66,244.006,2.42,1.0,0.0
2017-02-23,18.05500030517578,18.113000869750977,18.05500030517578,18.113000869750977,68,68.77152517404426,0.29329052300246516,0.2861875775621843,0.007102945440280839,7.865919027302061,0.8228582130472806,17.688584841375995,17.35550472960757,1,1.3640922768304915,0.009530790308049264,0.009249476879336749,0.06899200948811379,0.12479692714143284,0.22914384644930288,0.66,244.006,2.38,1.0,0.0
2017-02-24,18.334999084472656,18.334999084472656,18.334999084472656,18.334999084472656,75359,72.84683132621853,0.30885189498934196,0.29072044104761585,0.018131453941726106,7.172969088847878,0.9672229799000436,17.750148102623296,17.393916272935613,1,19.73885483786474,0.012256291285913878,0.01505837143701294,0.09046032966481987,0.12138392789364486,0.2299208603432717,0.66,244.006,2.31,1.0,0.0
2017-02-27,18.354999542236328,18.475000381469727,18.204999923706055,18.354000091552734,24873,73.16956846541704,0.3190399232362786,0.2963843374853484,0.022655585750930185,6.946493061715042,0.9454213782064373,17.80765781585467,17.431566618763735,1,4.921935292371623,0.0010363244084461432,0.018591542735927113,0.07333331474319116,0.11237101507428987,0.22982016803133531,0.66,244.006,2.36,1.0,0.0
2017-02-28,18.290000915527344,18.44499969482422,18.23500061035156,18.420000076293945,4006,74.31169891250688,0.3286511700958705,0.30283770400745286,0.02581346608841767,6.610726597764925,0.9672760448377313,17.865976126372697,17.47032871513747,1,0.7626844359828653,0.0035959455384109162,0.023902185138774623,0.07580892158381891,0.11205556586913007,0.22708719220670043,0.66,244.006,2.36,1.0,0.0
2017-03-01,18.295000076293945,18.454999923706055,18.25,18.44300079345703,985,74.71564385602329,0.33427085182399097,0.30912433357076047,0.0251465182532305,6.890187355982641,0.9280803784811131,17.920930856571204,17.508472718208825,1,0.1858385374412769,0.0012486817083505741,0.02792338500708258,0.05316364261347295,0.08724172947218345,0.22708758420685735,0.79,243.892,2.46,1.0,0.0
2017-03-02,18.405000686645508,18.405000686645508,17.690000534057617,17.704999923706055,898,48.41105493196981,0.2759925176784357,0.30249797039229553,-0.026505452713859845,6.504097332078997,0.3080369024833296,17.900366005822143,17.51617966744401,1,0.16802477336302146,-0.04001522734916296,-0.02252530925045615,0.016360496335470875,0.1759749488633058,0.24037268932006522,0.79,243.892,2.49,2.0,0.0
2017-03-03,17.790000915527344,17.94499969482422,17.625,17.69700050354004,451,48.21291605650493,0.22654950991379152,0.2873082782965947,-0.0607587683828032,6.046860734165955,0.27272450248307956,17.880997862747655,17.523270680624247,1,0.08404692464662088,-0.0004518170121708964,-0.034796760992091835,0.016952078442204144,0.17590613212347028,0.24028896578304132,0.79,243.892,2.49,2.0,0.0
2017-03-06,17.899999618530273,17.899999618530273,17.700000762939453,17.725000381469727,304,48.99974407335553,0.18746395836706498,0.2673394143106888,-0.07987545594362383,5.624198262359303,0.27008762204102893,17.866140959768806,17.531181649284854,1,0.05649350045993887,0.0015821821287786975,-0.03427044278879021,0.015584786585239208,0.17575930732784645,0.23998318355168102,0.79,243.892,2.49,1.0,0.0
2017-03-07,17.719999313354492,17.719999313354492,17.46500015258789,17.492000579833984,359,43.12758758215718,0.13611815507755054,0.24109516246406115,-0.10497700738651061,5.9082369541674495,0.06956469311470266,17.830508542632156,17.52964513675737,1,0.06650796150319108,-0.013145263561140874,-0.05037999417026451,-0.009905430399857695,0.17702168461040768,0.23531577631965175,0.79,243.892,2.52,2.0,0.0
2017-03-08,17.485000610351562,17.5,17.209999084472656,17.256999969482422,886,38.160356597439744,0.07559227013518566,0.20799458399828608,-0.13240231386310042,6.742894093710657,-0.052397762783660366,17.77588867852266,17.518953169413255,1,0.16281227891250216,-0.013434747459503682,-0.06430628276041517,-0.02684260065854238,0.1820809528507624,0.23600758993182203,0.79,243.892,2.57,2.0,0.0
2017-03-09,17.15999984741211,17.2549991607666,16.924999237060547,16.993000030517578,108,33.49336053860634,0.006250430446563371,0.16764575328794154,-0.16139532284137817,8.079785229592066,-0.12065646021860348,17.701327854903127,17.49832755612323,1,0.019829430179291098,-0.015298136375482718,-0.04021462277642529,-0.039020557146840384,0.1887863742355312,0.23765981205329378,0.79,243.892,2.6,2.0,0.0
2017-03-10,16.924999237060547,17.049999237060547,16.834999084472656,16.882999420166016,170,31.750922629321863,-0.05692342917167181,0.12273191679601887,-0.17965534596769067,9.458119049804592,-0.07182213921030772,17.62339181349959,17.47419704098765,1,0.031195522525002295,-0.006473289598894483,-0.04599655649053036,-0.04723475878228056,0.1887847861344178,0.23652259666529327,0.79,243.892,2.58,2.0,0.0
2017-03-13,16.975000381469727,17.09000015258789,16.934999465942383,16.934999465942383,207,33.5118290900883,-0.10162176648389121,0.07786118014003686,-0.17948294662392805,10.47388829166219,0.036312237748828836,17.557830637541763,17.4530520380447,1,0.03793640612113992,0.0030800241403938777,-0.04456986733570034,-0.05454450393017951,0.18355133565568363,0.2353219894264864,0.79,243.892,2.62,2.0,0.0
2017-03-14,16.924999237060547,16.959999084472656,16.88800048828125,16.88800048828125,92,32.69084449069476,-0.13923295471590436,0.03444235316884862,-0.17367530788475297,11.414422349674693,0.0728302452022446,17.49403728999314,17.43089315374025,1,0.016847656893804824,-0.002775257109139617,-0.034530074978906034,-0.05144913065873158,0.1831515813446355,0.23353198477563905,0.79,243.892,2.6,1.0,0.0
2017-03-15,16.899999618530273,17.219999313354492,16.81999969482422,16.88800048828125,122,32.69084449069476,-0.1671137095447932,-0.005868859373879748,-0.16124485017091347,12.187962060308454,0.12163076393665286,17.436319499353914,17.409603245290878,1,0.022321836977403715,0.0,-0.021382597314348772,-0.05505815054842145,0.1818655433266139,0.1721445821155499,0.79,243.892,2.51,1.0,0.0
2017-03-16,17.389999389648438,17.469999313354492,17.2549991607666,17.29599952697754,226,46.007874982234114,-0.15450624417804093,-0.03559633633471199,-0.11890990784332894,12.301136276990153,0.32708033657332847,17.422955692460924,17.405148197513885,1,0.04127401563298999,0.024159108651104377,0.017830841871111947,-0.036273525285414165,0.20401537604085254,0.17579898633678034,0.79,243.892,2.53,1.0,0.0
2017-03-17,17.299999237060547,17.378999710083008,17.280000686645508,17.378999710083008,59,48.25093232483977,-0.1362467482249876,-0.055726418712767116,-0.08052032951222049,12.230145347371936,0.380071245984734,17.418769408424932,17.40412276663424,1,0.010770845693943681,0.0047988081276255645,0.02937868311033287,-0.037867465296982705,0.20320627607635325,0.17493475890401497,0.79,243.892,2.5,0.0,0.0
2017-03-20,17.424999237060547,17.424999237060547,17.354999542236328,17.402999877929688,83,48.91185402220106,-0.11847366252784397,-0.06827586747578249,-0.050197795052061484,12.135904728327715,0.4045749313307727,17.417267548377765,17.404078731783084,1,0.015164941578432897,0.0013809867223115724,0.02763510048692308,-0.03418609537590456,0.20353136032091834,0.17493283820487793,0.79,243.892,2.47,0.0,0.0
2017-03-21,17.334999084472656,17.549999237060547,17.334999084472656,17.549999237060547,21,52.88127243007931,-0.09147230847516852,-0.0729151556756597,-0.018557152799508814,11.986881222122502,0.48344272784073405,17.42990866158565,17.409801104539063,1,0.0038428107415709777,0.008446782747914883,0.03919935632632554,-0.024458062237666667,0.2066996126956264,0.17429806575122916,0.79,243.892,2.43,0.0,0.0
2017-03-22,17.549999237060547,17.549999237060547,17.540000915527344,17.545000076293945,11,52.73122073426494,-0.06967377543550413,-0.0722668796276286,0.002593104192124468,11.854986101635054,0.490371404802487,17.440869748700724,17.41510302500004,1,0.0020130297928409343,-0.0002848524777165906,0.03890333781483446,-0.022126818170945972,0.20665367984755365,0.17352570621833832,0.79,243.892,2.4,0.0,0.0
2017-03-23,17.575000762939453,17.575000762939453,17.562999725341797,17.562999725341797,29,53.24563475146422,-0.05036528010505137,-0.06788655972311315,0.017521279618061783,11.522967221272946,0.5125936123339604,17.45250117504749,17.420902895601678,1,0.005308973079845124,0.0010259133069010495,0.015437107173124298,-0.030364992988416994,0.20304620295922227,0.17256849418049822,0.79,243.892,2.41,0.0,0.0
2017-03-24,17.719999313354492,17.719999313354492,17.719999313354492,17.719999313354492,244,57.58183602633791,-0.02213939463311121,-0.05873712670511277,0.03659773207200156,10.81766446156649,0.6125759337363318,17.477977188219587,17.4326321668861,1,0.14296595769613873,0.008939223963327914,0.019621359627139068,-0.03354239442744167,0.20042114704930833,0.17127932905290644,0.79,243.892,2.4,0.0,0.0
2017-03-27,18.079999923706055,18.100000381469727,18.079999923706055,18.079999923706055,10,65.48623736696939,0.028945201301816326,-0.04120066110372695,0.07014586240554327,10.340816289481293,0.824446034347103,17.535312686837347,17.458019137741786,1,0.021572645885017797,0.020316062319497563,0.03890134175286253,-0.014928634983105704,0.2148054819788102,0.17532187823843123,0.79,243.892,2.38,0.0,0.0
2017-03-28,18.145000457763672,18.225000381469727,18.13999938964844,18.225000381469727,74,68.06732767840381,0.08020587336529417,-0.01691935420992273,0.0971252275752169,9.926540515240244,0.9273430631974071,17.60099722918329,17.488096833574254,1,0.2772054691889867,0.008019936857054377,0.03846160534205456,-0.010586302606761522,0.21654493606100764,0.1747977607578117,0.79,243.892,2.42,0.0,0.0
2017-03-29,18.22800064086914,18.22800064086914,18.22800064086914,18.22800064086914,56,68.12045245988612,0.11969267845697118,0.010403052323456053,0.10928962613351513,9.433714161886291,0.9582865495500444,17.66071183982004,17.517112669154447,1,0.25396825396825395,0.00016462328321620312,0.03892850165888784,-0.011657547217813091,0.21646095472590896,0.1715830296915621,0.79,243.892,2.39,0.0,0.0
2017-03-30,18.15999984741211,18.25,18.15999984741211,18.184999465942383,61,66.41502047626963,0.14583532172886393,0.03748950620453763,0.1083458155243263,10.01504652421401,0.8928564757560001,17.710643994688834,17.54330430824417,1,0.3414497621046739,-0.00235907249368561,0.03541534762442078,0.0271109598590642,0.156290156140056,0.1644982037408821,0.79,243.892,2.42,0.0,0.0
2017-03-31,18.1200008392334,18.23500061035156,18.114999771118164,18.23500061035156,19,67.43591315572499,0.1686442039405769,0.06372044575174549,0.1049237581888314,10.619550474276943,0.8823387468924907,17.760582719990044,17.570429653424853,1,0.12098057943330148,0.0027495818464455812,0.029063279737767234,0.03040063804619897,0.15621673502518543,0.16387682554635097,0.79,243.892,2.4,0.0,0.0
2017-04-03,18.219999313354492,18.219999313354492,18.19099998474121,18.19099998474121,24,65.54767874158267,0.18108251811542075,0.08719286022448054,0.09388965789094021,11.077701096747308,0.8314157772449461,17.801574840442537,17.594765744849024,1,0.16777350576721425,-0.00241297637167992,0.006139383932718623,0.026290527122281748,0.15683140807002233,0.1639246842197529,0.9,244.193,2.35,0.0,0.0
2017-04-04,18.302000045776367,18.302000045776367,18.302000045776367,18.302000045776367,10,67.98319850900273,0.1976187233422131,0.10927803284802706,0.08834069049418602,11.6608581311973,0.8484930951616636,17.849234383807666,17.62250042331676,1,0.07961783439490447,0.0061019218914992734,0.004224947198625539,0.04630685108004218,0.14782533602493123,0.1631716828624672,0.9,244.193,2.36,0.0,0.0
2017-04-05,18.21500015258789,18.21500015258789,18.165000915527344,18.166000366210938,33,62.182983695017874,0.19747339717744694,0.12691710571391104,0.0705562914635359,11.83310486158954,0.7555715167537695,17.879402572607976,17.643814146567514,1,0.39783001808318263,-0.007430864344075583,-0.0034013754925590334,0.05267430018751851,0.14062373726523547,0.16334941690387422,0.9,244.193,2.34,0.0,0.0
2017-04-06,18.170000076293945,18.225000381469727,18.170000076293945,18.225000381469727,139,63.632601909489345,0.19981568248578085,0.141496821068285,0.05831886141749584,11.645372910972938,0.7575256569554489,17.912316649642428,17.666605763622503,1,1.6449704142011834,0.0032478263827699916,0.002199665477156554,0.07250046188075143,0.12353556704874283,0.16234612148956923,0.9,244.193,2.34,0.0,0.0
2017-04-07,18.350000381469727,18.424999237060547,18.1299991607666,18.1299991607666,9,59.66654439514144,0.19179525955176757,0.15155650876498153,0.04023875078678604,10.991096630260841,0.691273056227594,17.933048317368538,17.684778053706584,1,0.11772400261608894,-0.005212686897922758,-0.005758236691549734,0.07386126775027302,0.12225032190160513,0.16282624179673683,0.9,244.193,2.38,0.0,0.0
2017-04-10,17.81999969482422,17.893999099731445,17.75,17.893999099731445,57,51.13941766623097,0.16449953575106946,0.15414511416219911,0.010354421588870344,10.120792054350984,0.5495841192783011,17.929329344260243,17.69298280060952,1,0.8266860043509789,-0.013017102700471295,-0.016326803653394117,0.05662826477896776,0.13583874567149298,0.16545595999216192,0.9,244.193,2.37,0.0,0.0
2017-04-11,18.040000915527344,18.290000915527344,18.040000915527344,18.232999801635746,24,59.98569040038665,0.16828214961182297,0.15697252125212388,0.011309628359699092,9.107461800251498,0.7218499318500309,17.958250340200767,17.714159937904668,1,0.3661327231121282,0.01894493790990448,-0.0037700931028324947,0.07964230663587468,0.1453937245044173,0.16907159251082543,0.9,244.193,2.32,0.0,0.0
2017-04-12,18.31999969482422,18.38999938964844,18.27899932861328,18.27899932861328,137,61.01705861435647,0.17299746861077026,0.16017751072385317,0.012819957886917088,7.7433580288986334,0.7429688444702548,17.988797862906722,17.736310502246184,1,2.0663650075414783,0.0025228721262535725,0.006220354515269255,0.08236610611761042,0.14478688076853366,0.16325316292022715,0.9,244.193,2.28,0.0,0.0
2017-04-13,18.475000381469727,18.5,18.469999313354492,18.48900032043457,7,65.40144695803878,0.1914725416058225,0.16643651690024705,0.02503602470557545,7.410973486796816,0.8657269092254927,18.03643619219509,17.76582775001828,1,0.1264679313459801,0.011488648150041803,0.014485593055639345,0.06897553342298846,0.12782704416972257,0.16406342310959793,0.9,244.193,2.24,0.0,0.0
2017-04-17,18.493000030517575,18.493000030517575,18.43000030517578,18.493000030517575,7,65.4810781986709,0.20408435582103834,0.17396608468440533,0.030118271136633012,7.03583185073573,0.8433440816840716,18.079918462511518,17.79434431003786,1,0.13270142180094788,0.00021632916943503666,0.02002211177905111,0.06410037050568818,0.12816757340388057,0.16028446247294276,0.9,244.193,2.26,0.0,0.0
2017-04-18,18.250999450683594,18.250999450683594,18.250999450683594,18.250999450683594,67,56.94166061884416,0.19233476964026153,0.17763982167557657,0.014694947964684957,6.234994298368148,0.634516371259367,18.09621188995648,17.81225235476907,1,1.2897016361886429,-0.01308606388550404,0.019950842121005063,0.0487272067288429,0.14057644529335386,0.16305267063944118,0.9,244.193,2.18,0.0,0.0
2017-04-19,18.13599967956543,18.13599967956543,18.13599967956543,18.13599967956543,67,53.379202531978365,0.17176363325968325,0.17646458399239792,-0.004700950732714676,5.5697724048704496,0.5074276220472618,18.100001203252567,17.824948328290496,1,1.2350230414746544,-0.006301012250255478,-0.005320030884967908,0.033390340055822865,0.14191193891697607,0.1629480935601474,0.9,244.193,2.21,0.0,0.0
2017-04-20,17.992000579833984,17.992000579833984,17.992000579833984,17.992000579833984,0,49.226189107125435,0.14220211807399252,0.16961209080871686,-0.02740997273472434,4.78417087233814,0.31707134046322016,18.089715429593657,17.831499396978476,1,0.0,-0.007939959322655676,-0.015701009864913074,0.02547737256177096,0.14586442866176075,0.16395734594163766,0.9,244.193,2.24,1.0,0.0
2017-04-21,17.985000610351562,17.989999771118164,17.829999923706055,17.829999923706055,35,44.98577616217627,0.10449772058127849,0.1565892167632292,-0.05209149618195072,4.109179570343031,0.05225055833333782,18.06498061950912,17.831440594105047,1,0.6481481481481481,-0.00900403795615179,-0.03564283548636049,0.015202425698327637,0.1503871633434016,0.16307269776938593,0.9,244.193,2.24,1.0,0.0
2017-04-24,17.847999572753906,17.847999572753906,17.847999572753906,17.847999572753906,4,45.54703784344146,0.07520225044030582,0.14031182349864454,-0.06510957305833873,3.8072671141990644,0.0336819354042611,18.044315757913388,17.832089965816767,1,0.09523809523809523,0.0010095148135094156,-0.03487808666518544,0.007223491216669986,0.14729547323234662,0.16209586958162978,0.9,244.193,2.28,1.0,0.0
2017-04-25,17.58099937438965,17.58099937438965,17.559999465942383,17.58099937438965,29,39.16422424975343,0.030093792193213176,0.11826821723755827,-0.0881744250443451,4.741247735919954,-0.15631838263313327,18.000190388053984,17.82224327595688,1,0.6752037252619324,-0.014959670817778936,-0.03671032252805473,-0.02759958802113316,0.13732798415249925,0.1619540118812253,0.9,244.193,2.35,1.0,0.0
2017-04-26,17.35300064086914,17.35300064086914,17.35300064086914,17.35300064086914,102002,34.69324658483612,-0.023778474830425722,0.08985887882396149,-0.11363735365438721,6.070001585987585,-0.18170084020198615,17.938553269274475,17.803841603992655,1,19.84725694883594,-0.0129684740136351,-0.043173745728421364,-0.04784634964876011,0.13855654954095525,0.16429180782604214,0.9,244.193,2.32,1.0,0.0
2017-04-27,17.459999084472656,17.469999313354492,17.204999923706055,17.264999389648438,35737,33.12156378378732,-0.07273515450665968,0.057340072157837256,-0.13007522666449695,7.260249484319159,-0.10186576584381611,17.874405280738664,17.78271053676347,1,5.161770228500448,-0.005071241166985652,-0.04040691233638538,-0.05283087652858376,0.13849478961734918,0.15790527836653723,0.9,244.193,2.3,1.0,0.0
2017-04-28,17.225000381469727,17.375,17.1299991607666,17.19099998474121,1538,31.81631326247046,-0.11616572325406693,0.022638913075456422,-0.13880463632952336,8.350793481648223,-0.04087355499077622,17.80931906207224,17.75950620139005,1,0.21980063596412877,-0.004286093687995929,-0.035838471211391054,-0.05466040750030132,0.1385996177993979,0.15778553204690227,0.9,244.193,2.29,1.0,0.0
2017-05-01,17.184999465942383,17.21500015258789,16.760000228881836,16.780000686645508,1436,25.747365756678278,-0.18165496501817202,-0.018219862543269266,-0.16343510247490275,10.179944423454373,-0.13078879447775857,17.711288740603027,17.721094220419676,-1,0.20316633890295835,-0.02390781795477326,-0.05983857640487433,-0.07979160268742103,0.15616001588191952,0.16526005112667538,0.91,244.004,2.33,1.0,0.0
2017-05-02,16.854999542236328,16.954999923706055,16.7549991607666,16.768999099731445,543,25.606562162786986,-0.23177167743597593,-0.060930225521810606,-0.17084145191416533,11.581103734371371,-0.027623871741300716,17.62154687004383,17.683757156863276,-1,0.07654301844503492,-0.0006556368572033788,-0.046186241030248154,-0.07817057260197646,0.1565448982528005,0.16509593955662658,0.91,244.004,2.29,1.0,0.0
2017-05-03,16.799999237060547,16.834999084472656,16.420000076293945,16.48699951171875,1233,22.248024554845585,-0.2908913289160573,-0.10692244620065995,-0.18396888271539735,13.197199035015899,-0.04693022658803026,17.513494740679537,17.63682548450467,-1,0.17232222719141324,-0.016816721519008926,-0.04990497880296374,-0.09916951860550738,0.1580842289062005,0.16620606230053026,0.91,244.004,2.33,1.0,0.0
2017-05-04,16.424999237060547,16.549999237060547,16.209999084472656,16.243999481201172,679,19.833949933822453,-0.35327976109796566,-0.1561939091801211,-0.19708585191784456,15.063900588597454,-0.036938134096960146,17.392590430253026,17.58220485692414,-1,0.0944695652173913,-0.014738887469782247,-0.05913697912201643,-0.10580209436661248,0.16160813335371615,0.16822419575128014,0.91,244.004,2.36,1.0,0.0
2017-05-05,16.290000915527344,16.46500015258789,16.19499969482422,16.21500015258789,193,19.561165080534124,-0.4004469434535345,-0.2050445160348038,-0.19540242741873068,16.477836600654268,0.031020833572101354,17.2804389752373,17.528588986165857,-1,0.026842090623348448,-0.001785233288565502,-0.05677388360302604,-0.11028807609384217,0.15892561757276366,0.16820176541801846,0.91,244.004,2.36,1.0,0.0
2017-05-08,16.260000228881836,16.395000457763672,16.198999404907227,16.198999404907227,148,19.40259984278194,-0.43411420359321085,-0.2508584535464852,-0.18325575004672562,17.634249569780568,0.08549111833441761,17.17744473044396,17.47644821827336,-1,0.020563695351632244,-0.0009867867733637237,-0.034624628007356106,-0.10650854082983452,0.1598533620478014,0.16804371708562985,0.91,244.004,2.39,1.0,0.0
2017-05-09,16.145000457763672,16.184999465942383,16.007999420166016,16.007999420166016,89,17.57154652418349,-0.4707809822165494,-0.2948429592804981,-0.17593802293605132,19.029450613465556,0.08456362388333438,17.066068986607963,17.418861990896602,-1,0.012363257509984371,-0.011790850778311102,-0.0453813417866793,-0.10539844497889439,0.15914280730775626,0.167385078382785,0.91,244.004,2.42,1.0,0.0
2017-05-10,16.145000457763672,16.235000610351562,16.100000381469727,16.150999069213867,125,23.40003519121555,-0.4827361104764094,-0.33242158951968037,-0.15031452095672904,19.54243581872688,0.1662125274713759,16.97891947066567,17.369141876320807,-1,0.01735195313584497,0.008933011883277997,-0.02037972053471937,-0.11418860061826441,0.14205802544159388,0.16858982831632757,0.91,244.004,2.41,1.0,0.0
2017-05-11,16.155000686645508,16.315000534057617,16.155000686645508,16.208999633789062,71,25.695014073738506,-0.4819745720759876,-0.36233218603094186,-0.11964238604504573,19.609596598596188,0.21330454433222673,16.905593771915516,17.323646102103876,-1,0.009860426359280606,0.0035911440726754673,-0.0021546323891855623,-0.11324469450490737,0.14295884449459356,0.16855916277673252,0.91,244.004,2.39,1.0,0.0
2017-05-12,16.28499984741211,16.405000686645508,16.280000686645508,16.34600067138672,36,30.956959626872177,-0.46495647976500365,-0.38285704477775423,-0.08209943498724942,18.8275370298494,0.2755008328866438,16.852299190912774,17.285307065605164,-1,0.004998646199987504,0.008452158720027692,0.008078971172745808,-0.11590673437759358,0.1384227373356183,0.169403030448211,0.91,244.004,2.33,1.0,0.0
2017-05-15,16.434999465942383,16.735000610351562,16.424999237060547,16.56100082397461,82,38.336907440751034,-0.42917355789309397,-0.3921203474008222,-0.03705321049227178,17.435881446288,0.3615080023326051,16.824556489299617,17.25690289926671,-1,0.011379879817366807,0.013153073764657464,0.022347146883511915,-0.10447191928593169,0.15302033483266708,0.1712729765361781,0.91,244.004,2.34,1.0,0.0
2017-05-16,16.579999923706055,16.774999618530273,16.579999923706055,16.69300079345703,51,42.407162327980004,-0.38571772629236634,-0.3908398231791311,0.005122096886764738,16.113237270863152,0.4265614943993255,16.812027375409848,17.234789091195744,-1,0.007078516009937682,0.007970530941060705,0.04279119178553237,-0.08536511446600303,0.1573018306988237,0.17233348287165826,0.91,244.004,2.33,1.0,0.0
2017-05-17,16.854999542236328,16.954999923706055,16.739999771118164,16.851999282836914,124,46.94959846970605,-0.3345918507994696,-0.3795902287031988,0.04499837790372918,14.686326723457405,0.5094271655727197,16.815834223736235,17.219777726162064,-1,0.01720370434601644,0.009524859631121707,0.04340290099819599,-0.07079843512432626,0.16465196080436223,0.17373405392130734,0.91,244.004,2.22,1.0,0.0
2017-05-18,16.700000762939453,16.704999923706055,16.510000228881836,16.621000289916992,57,41.79234089063388,-0.3091502229875438,-0.36550222756006784,0.05635200457252404,13.321696356215144,0.43767756087791676,16.797278610991544,17.19629625807402,-1,0.007905028707735833,-0.01370751262464065,0.02541801872023486,-0.07620054722839731,0.16793963197377593,0.1756540302970532,0.91,244.004,2.23,1.0,0.0
2017-05-19,16.524999618530273,16.774999618530273,16.524999618530273,16.75,73,45.399356585139174,-0.2754036690771322,-0.3474825158634807,0.07207884678634852,12.005820937070464,0.5218626452595724,16.792775886135207,17.178794444031904,-1,0.010121317157712304,0.007761248290288902,0.024715484645762453,-0.06057206552593031,0.17172183682616982,0.17523129314078467,0.91,244.004,2.23,0.0,0.0
2017-05-22,17.14299964904785,17.14299964904785,17.14299964904785,17.14299964904785,2,54.624576028024926,-0.21447515860701216,-0.320881044412187,0.10640588580517485,10.582861155302137,0.7675910956136403,16.826130530222127,17.17739072658155,-1,0.00027730020520215184,0.02346266561479715,0.0351427326922602,-0.03950022078565496,0.19524484148342597,0.18023164837780556,0.91,244.004,2.25,0.0,0.0
2017-05-23,17.079999923706055,17.229999542236328,17.010000228881836,17.090999603271484,66,53.3403800724008,-0.168443136578599,-0.2903934628454694,0.12195032626687041,9.652086769015284,0.7767117800533837,16.851356156226828,17.17400283939292,-1,0.009148560141386838,-0.0030333107881300725,0.023842256688231478,-0.027870985072210974,0.1891480584218347,0.18021685346995692,0.91,244.004,2.29,0.0,0.0
2017-05-24,16.989999771118164,17.07699966430664,16.989999771118164,17.07699966430664,16,52.97925621954411,-0.13157538639879363,-0.2586298475561343,0.12705446115734065,9.17228513561515,0.7912971274006859,16.872846014139192,17.170198793311105,-1,0.007565190666446016,-0.0008191410268457711,0.013351554180214054,-0.01590508651930045,0.1840798877799922,0.17994391693404224,0.91,244.004,2.26,0.0,0.0
2017-05-25,17.165000915527344,17.190000534057617,17.149999618530273,17.152000427246094,86,54.74681334505205,-0.09520799549467185,-0.2259454771438418,0.13073748164916996,8.96678386347914,0.8521695675773495,16.899432148720802,17.169485131896792,-1,0.25872442839951865,0.0043919168714523504,0.031947543954453206,-0.006544973437421331,0.18422583598230188,0.1802450336603463,0.91,244.004,2.25,0.0,0.0
2017-05-26,17.104999542236328,17.309999465942383,17.100000381469727,17.283000946044922,448,57.73531575583885,-0.05517985017564442,-0.19179235175020234,0.13661250157455793,9.142919797593635,0.9284144702980318,16.935962510370718,17.173936732451622,-1,1.6120906801007557,0.007637623340466693,0.03182095200268198,0.005351693408491176,0.18566630307260953,0.16107705525039773,0.91,244.004,2.25,0.0,0.0
2017-05-30,17.334999084472656,17.399999618530273,17.209999084472656,17.38800048828125,884,60.014632142888615,-0.014813905599996957,-0.15639666252016127,0.1415827569201643,9.930244768261812,0.9388146225050211,16.9790137463622,17.18233138954298,-1,3.531761885737115,0.006075307324469925,0.014291596817888719,0.036233598138027734,0.1623915748383752,0.16161985924837435,0.91,244.004,2.21,0.0,0.0
2017-05-31,17.209999084472656,17.368000030517578,17.209999084472656,17.368000030517578,47,59.35796811877827,0.015385175776984283,-0.12204029486073216,0.13742547063771643,10.570036858146853,0.883202824526958,17.0160600591389,17.189612512718455,-1,0.20842572062084258,-0.0011502448356354167,0.016207385973671773,0.03572073247924057,0.16249952089407305,0.16158149314117876,0.91,244.004,2.21,0.0,0.0
2017-06-01,17.299999237060547,17.30500030517578,17.024999618530273,17.243000030517578,83,55.28642233310377,0.02889858510906862,-0.09185251886677201,0.12075110397584063,10.857513274317238,0.7825873871499017,17.037673389746395,17.191706140867442,-1,0.49404761904761907,-0.007197144160545843,0.009720698569661623,0.04585434228110907,0.15088759410275293,0.1599949658128138,1.04,244.163,2.21,0.0,1.0
2017-06-02,17.204999923706055,17.5049991607666,17.1200008392334,17.48699951171875,254,60.921294171541454,0.05862103154644771,-0.061757808784128065,0.12037884033057578,11.153525666723182,0.8711654203995366,17.080466353743763,17.20328627305769,-1,1.7308347529812607,0.014150639724487046,0.019531196136195694,0.07652056576067223,0.14208844737719484,0.16019506245450119,1.04,244.163,2.15,0.0,1.0
2017-06-05,17.545000076293945,17.600000381469727,17.545000076293945,17.547000885009766,11,62.1833670992524,0.0860262369488467,-0.03220099963753311,0.11822723658637982,11.296382815836736,0.8615588335411731,17.124898213864334,17.216765277447966,-1,0.07991282237559026,0.0034311988886832623,0.015275121478556475,0.08214620535845563,0.14062239677670046,0.15696074333107587,1.04,244.163,2.18,0.0,1.0
2017-06-06,17.510000228881836,17.69499969482422,17.510000228881836,17.677000045776367,18,64.83332870587437,0.11688749916915597,-0.0023832998761952953,0.11927079904535126,11.402216250122972,0.8856964766565616,17.1774793407131,17.234813699735355,-1,0.13724742661075104,0.007408625645973332,0.016620632009407332,0.09124024292644917,0.1398630017943377,0.15688262843302586,1.04,244.163,2.14,0.0,1.0
2017-06-07,17.625,17.690000534057617,17.510000228881836,17.586999893188477,97,61.61429454909542,0.13255500014194155,0.024604360127432078,0.10795064001450946,10.657743895149874,0.8175362396962573,17.216481298091708,17.248624923008027,-1,0.7373622196883314,-0.005091370275206564,0.012609388662257581,0.09863821403149986,0.13125783469354488,0.15726349279074875,1.04,244.163,2.18,0.0,1.0
2017-06-08,17.594999313354492,17.604999542236328,17.364999771118164,17.384000778198242,23,54.98309591680164,0.1271258478548276,0.04510865767291119,0.08201719018191642,9.704728937175998,0.687732329430938,17.23243553429233,17.25393378007431,-1,0.1818900751285093,-0.011542566453807579,0.008177274687183989,0.0763421323783402,0.142290717031327,0.15911145234059285,1.04,244.163,2.19,0.0,1.0
2017-06-09,17.454999923706055,17.454999923706055,17.174999237060547,17.19300079345703,34,49.576652891960975,0.10618704488294384,0.05732433511491772,0.04886270976802612,8.505606275478796,0.5486496508024207,17.228679844688966,17.251544251187358,-1,0.27287319422150885,-0.010987113218537625,-0.016812416450557977,0.060707087537761106,0.1515943761318635,0.16085590699569177,1.04,244.163,2.21,0.0,1.0
2017-06-12,17.114999771118164,17.114999771118164,16.913999557495117,16.913999557495117,7,42.935328299801654,0.06631538219424726,0.05912254453078363,0.007192837663463632,7.514081462498062,0.31644334700119564,17.198710293527647,17.238307204375896,-1,0.05684125050751116,-0.016227605600302786,-0.0360746164921788,0.034748492767571415,0.1646849784961186,0.15675201399766903,1.04,244.163,2.21,1.0,0.0
2017-06-13,16.915000915527344,16.915000915527344,16.738000869750977,16.738000869750977,35,39.353922624583156,0.02028138782101152,0.051354313188829215,-0.031072925367817694,7.179240478561279,0.15793139711725573,17.154833205548915,17.218687348116095,-1,0.2897350993377483,-0.010405503863582077,-0.05311982653129821,0.01068776263329041,0.16433612374675385,0.15771998027085118,1.04,244.163,2.21,1.0,0.0
2017-06-14,16.84000015258789,17.18000030517578,16.84000015258789,17.10700035095215,80,48.96566643261303,0.013419597136422823,0.04376736997834794,-0.030347772841925115,6.735246773730595,0.4368261989734295,17.150277695587317,17.214307465874374,-1,0.65439672801636,0.022045612500118272,-0.02729286092861316,0.024800787025505144,0.17931563971585562,0.16424988767876378,1.04,244.163,2.15,0.0,0.0
2017-06-15,16.6299991607666,16.729999542236328,16.6299991607666,16.69099998474121,13,41.06408131334155,-0.025294593976720847,0.029954977187334184,-0.05524957116405503,6.995738477189209,0.09956254797481558,17.10653696122102,17.193785603869152,-1,0.11139674378748929,-0.024317551743534227,-0.039864286840469054,-0.009553720920204123,0.19833615580883862,0.17060499786582625,1.04,244.163,2.16,1.0,0.0
2017-06-16,16.735000610351562,16.735000610351562,16.63599967956543,16.63599967956543,4,40.141774971598004,-0.059725456441476865,0.012018890461571974,-0.07174434690304884,6.963723317606635,0.05111998320286634,17.06172388677763,17.17191164605332,-1,0.035072336694432264,-0.003295207310889836,-0.03239696900982947,0.0009024360379523699,0.19239440686333562,0.1706752926043404,1.04,244.163,2.16,1.0,0.0
2017-06-19,16.510000228881836,16.530000686645508,16.482999801635742,16.482999801635742,13,37.61108134171841,-0.09822568987188518,-0.010030025605119458,-0.08819566426676573,7.519521787032494,-0.02425470295781618,17.00660730724031,17.14489549529185,-1,0.11706438541197658,-0.009196915176526654,-0.025481835587987,-0.015940310350104903,0.19283253876770895,0.17147867844583708,1.04,244.163,2.19,1.0,0.0
2017-06-20,16.469999313354492,16.56999969482422,16.375,16.398000717163086,51,36.244022408695756,-0.13405086308871716,-0.034834193101839,-0.09921666998687817,8.476233590493806,0.0010055391406866528,16.948644774852003,17.115605503992683,-1,0.44933920704845814,-0.00515677276561155,-0.020313068163494985,-0.04345790976704267,0.17107717890851892,0.1704101025999685,1.04,244.163,2.16,1.0,0.0
2017-06-21,16.459999084472656,16.469999313354492,16.329999923706055,16.354999542236328,22,35.54023344720774,-0.16402166673607965,-0.060671687828687135,-0.10334997890739252,9.355120325907626,0.04303112357057838,16.89210713365051,17.085777819217924,-1,0.1976639712488769,-0.0026223425445853765,-0.043958659805251266,-0.043063605296338237,0.1710573475324353,0.16447949463974584,1.04,244.163,2.16,1.0,0.0
2017-06-22,16.440000534057617,16.489999771118164,16.440000534057617,16.489999771118164,4,39.51140306984119,-0.17486462379416778,-0.08351027502178326,-0.09135434877238452,9.853568825584546,0.16319145000570887,16.853811194361715,17.062413974194403,-1,0.036133694670280034,0.008254370691555213,-0.012042430879324217,-0.034373713458306754,0.17499018843290406,0.16453850242975235,1.04,244.163,2.15,1.0,0.0
2017-06-23,16.649999618530273,16.649999618530273,16.628000259399414,16.628000259399414,1,43.35321232055244,-0.17035847286517125,-0.10087991459046086,-0.06947855827471039,10.090262233767767,0.26614286534170944,16.832305391031973,17.04537814224166,-1,0.009394081728511038,0.008368738034972845,-0.00048084998317488026,-0.030550382159173717,0.17737249909729544,0.16577412113959944,1.04,244.163,2.15,1.0,0.0
2017-06-26,16.424999237060547,16.559999465942383,16.424999237060547,16.559999465942383,4,41.93968095418267,-0.17031117035765675,-0.11476616574390004,-0.05554500461375671,10.288984626668137,0.25195549447064786,16.80637149340439,17.02634368434757,-1,0.04747774480712166,-0.00408953526558864,0.0046714593965473394,-0.04183309845087935,0.1741932711621271,0.165849439775394,1.04,244.163,2.14,1.0,0.0
2017-06-27,16.576000213623047,16.576000213623047,16.576000213623047,16.576000213623047,0,42.41545536929465,-0.1670568290298604,-0.12522429840109212,-0.041832530628768294,10.294760675522694,0.283931712156464,16.784431371520455,17.008683156083862,-1,0.0,0.0009662287558385163,0.010854951132771795,-0.046698887270302025,0.17193994265807866,0.1656920925656202,1.04,244.163,2.21,1.0,1.0
2017-06-28,16.7450008392334,16.7450008392334,16.684999465942383,16.71500015258789,76357,46.51567570821018,-0.15151503566154645,-0.130482445853183,-0.02103258980836345,10.127673760837233,0.3801095882990421,16.77781887447926,16.997166175554607,-1,19.804437758555846,0.008385613970407935,0.022011655177480716,-0.0375978740662305,0.17610643813361068,0.1669273739804593,1.04,244.163,2.22,1.0,1.0
2017-06-29,16.770000457763672,16.860000610351562,16.55500030517578,16.586000442504883,17565,43.42535571624221,-0.14790232501593792,-0.133966421685734,-0.01393590333020392,10.12833139725318,0.32367046777255604,16.75955045238646,16.981042029160502,-1,3.713805461292062,-0.007717601490002668,0.005821750922935909,-0.03810239441221963,0.17632572229722263,0.1666817612985833,1.04,244.163,2.27,1.0,1.0
2017-06-30,16.59000015258789,16.6299991607666,16.440000534057617,16.56800079345703,1336,42.996122428610384,-0.14482222657073507,-0.1361375826627342,-0.00868464390800086,9.731401485403781,0.33303152631906985,16.741307627726513,16.96484433364272,-1,0.2792788084661615,-0.001085231434199363,-0.0036083392474369758,-0.052553253498169306,0.16599937343759666,0.16624280602730887,1.04,244.163,2.31,2.0,1.0
2017-07-03,16.579999923706055,16.579999923706055,16.030000686645508,16.03700065612793,425,32.72091263672223,-0.18311763359780286,-0.14553359284974796,-0.03758404074805491,9.827395725394897,0.05746787314206742,16.674230773288553,16.928458307073512,-1,0.08845965719281083,-0.032049741181736424,-0.031582054751273514,-0.08605460493090955,0.1950299843604745,0.17765996894474956,1.15,244.243,2.35,2.0,0.0
2017-07-05,16.100000381469727,16.100000381469727,15.835000038146973,15.842000007629396,615,29.895431936512892,-0.226589954270203,-0.16174486513383898,-0.06484508913636403,9.669611903130809,-0.016265258657399546,16.594970700368634,16.885852099252176,-1,0.1272159361231202,-0.012159421370605328,-0.04428089988744144,-0.10380720899445917,0.19158017492238769,0.17875841064553333,1.15,244.243,2.33,2.0,0.0
2017-07-06,15.994999885559082,16.0,15.885000228881836,15.927000045776367,185,32.62644724418489,-0.2512866132437459,-0.17965321475582038,-0.07163339848792552,9.08104654218986,0.05902823757178211,16.531354447550324,16.8482500579394,-1,0.03823340980015293,0.005365486561421218,-0.047143290434820684,-0.0943878920505955,0.195408656260728,0.17797134276137952,1.15,244.243,2.37,2.0,0.0
2017-07-07,15.960000038146973,15.96500015258789,15.300000190734863,15.371000289916992,301,25.600988157946844,-0.3121254392517585,-0.20614765965500803,-0.10597777959675048,10.141410991046214,-0.1695487890576041,16.42084452777572,16.790318694487542,-1,0.06202860322301446,-0.034909258131559984,-0.07325455927724533,-0.11579615728076875,0.22275007390790402,0.1856125611805236,1.15,244.243,2.39,2.0,0.0
2017-07-10,15.539999961853027,15.614999771118164,15.149999618530272,15.57699966430664,286,31.487408892520364,-0.3398012025346233,-0.23287836823093108,-0.10692283430369223,10.494675590139883,0.0163369752395185,16.340478350302476,16.742737556049075,-1,0.0587848392666283,0.013401819693203532,-0.05981416475678547,-0.09399180216203884,0.2322329707022628,0.18824447539121525,1.15,244.243,2.38,2.0,0.0
2017-07-11,15.574999809265137,15.760000228881836,15.399999618530272,15.696999549865724,163,34.72719275549663,-0.3480394740360353,-0.25591058939195194,-0.09212888464408336,10.786670985919232,0.1302286236074394,16.279194655022785,16.701728222473257,-1,0.03344962035706957,0.007703658480140652,-0.02120104086497543,-0.07195223125627326,0.23222087137021177,0.1871999015160531,1.15,244.243,2.37,2.0,0.0
2017-07-12,15.770000457763672,15.875,15.760000228881836,15.83899974822998,61,38.43705541392767,-0.33920004729114694,-0.2725684809717909,-0.06663156631935602,10.911355398776916,0.23853326241686396,16.237271330566326,16.667895733287246,-1,0.012514617483536097,0.009046327478901661,-0.0001893864031038417,-0.05371018489703128,0.23500559082107617,0.1886514281778281,1.15,244.243,2.33,2.0,0.0
2017-07-13,15.890000343322754,15.890000343322754,15.640000343322754,15.642000198364258,20,35.428619675270184,-0.3441241066992138,-0.28687960611727553,-0.05724450058193825,10.517437786238082,0.1550239944189516,16.180578841785177,16.627664535839287,-1,0.004105680208568554,-0.012437625670632224,-0.01789413239109572,-0.08563746551313722,0.21841289089207272,0.1884986793311207,1.15,244.243,2.35,2.0,0.0
2017-07-14,15.635000228881836,15.96500015258789,15.585000038146973,15.883999824523926,62,41.48726048571128,-0.3247555322774236,-0.2944547913493052,-0.030300740928118408,10.362761210409053,0.3172890678249468,16.15233322109363,16.59850121382692,-1,0.012721210566812004,0.015471143273925625,0.03337450555794019,-0.0483494195048253,0.21558980129848612,0.19186038230231245,1.15,244.243,2.33,2.0,0.0
2017-07-17,16.100000381469727,16.110000610351562,16.040000915527344,16.049999237060547,55,45.28003877195236,-0.2926376871317622,-0.2940913705057966,0.001453683374034398,10.08851072395994,0.4317659634971872,16.142587127376196,16.576991332385102,-1,0.011279043537108053,0.010450731199350027,0.030365255373134836,-0.035224840934848456,0.22032686389898076,0.1931925418255696,1.15,244.243,2.31,2.0,0.0
2017-07-18,16.024999618530273,16.2549991607666,16.024999618530273,16.222000122070312,97,48.970947790613906,-0.2504183625053855,-0.2853567689057144,0.03493840640032886,9.938579481611535,0.5459841790867915,16.150150269728016,16.56307010845119,-1,0.019875012806064952,0.010716566553635953,0.03344591879083536,-0.015834476897799155,0.22271633448847164,0.19429884583337878,1.15,244.243,2.27,2.0,0.0
2017-07-19,16.139999389648438,16.250999450683594,16.1299991607666,16.250999450683594,47,49.58833909781266,-0.21217343679755984,-0.2707201024840835,0.05854666568652367,9.861061738760958,0.5692041865719344,16.159754953628546,16.550832043440696,-1,0.009630555498637379,0.0017876543209875972,0.026011724793395086,-0.00896458470852679,0.22227352491259333,0.19434950825880526,1.15,244.243,2.27,2.0,0.0
2017-07-20,16.18000030517578,16.325000762939453,16.135000228881836,16.298999786376953,72,50.65260045807391,-0.17596244615295475,-0.2517685712178578,0.07580612506490303,9.830007417916065,0.6014578245575652,16.173016366271252,16.540956268653883,-1,0.014745637748832637,0.0029536851465059577,0.04200227462478878,-0.0034240145170751912,0.22243070396269307,0.19249915373923376,1.15,244.243,2.27,2.0,0.0
2017-07-21,16.25,16.440000534057617,16.25,16.40999984741211,69,53.117459305188206,-0.13673203612200524,-0.22876126419868728,0.09202922807668204,9.753624628353688,0.6753560449605928,16.195586221618,16.535820722722832,-1,0.014121836657422662,0.006810237590648471,0.033115086168413965,-0.004851420546783336,0.22177067278135001,0.19160054806771928,1.15,244.243,2.24,2.0,0.0
2017-07-24,16.415000915527344,16.46500015258789,16.354999542236328,16.398000717163086,124,52.810374545521114,-0.10539495562050405,-0.20408800248305065,0.0986930468625466,9.47748108058082,0.6802674152606,16.214863792622296,16.53041601662245,-1,0.025346469890846653,-0.0007312084314806677,0.0216823362395544,-0.013832062704372095,0.21944287243830377,0.1914051420350069,1.15,244.243,2.26,2.0,0.0
2017-07-25,16.40999984741211,16.496999740600586,16.264999389648438,16.496999740600586,33,55.11594744221715,-0.07174467181240018,-0.17761933634892058,0.10587466453652039,9.395574441110085,0.7493213376955155,16.241733882905944,16.529105574425515,-1,0.006743432815996241,0.006037261806793426,0.016952263374485632,-0.003804331363135849,0.22029977123800537,0.19178101177098994,1.15,244.243,2.33,2.0,0.0
2017-07-26,16.399999618530273,16.610000610351562,16.364999771118164,16.415000915527344,100,52.814267206238135,-0.051104103059046224,-0.1523162896909457,0.10121218663189949,9.197431571281255,0.7049160664044642,16.258235505060362,16.524630881919705,-1,0.02041378747205863,-0.004970529572806859,0.010091777145242009,-0.009712795368051808,0.2208968012384124,0.18566486309333396,1.15,244.243,2.29,2.0,0.0
2017-07-27,16.625,16.649999618530273,16.52899932861328,16.52899932861328,159,55.59088251355575,-0.025256443840202536,-0.1269043205207971,0.10164787668059455,8.875573016891208,0.7987436919347308,16.284022535874925,16.52480219355475,-1,0.1460390355912744,0.006944770437271375,0.014111267271048611,-0.011127778778142083,0.2201951677314177,0.1862627654436494,1.15,244.243,2.32,2.0,0.0
2017-07-28,16.4950008392334,16.690000534057617,16.489999771118164,16.663999557495117,78,58.69094635570238,0.006051642966735216,-0.10031312782329063,0.10636477079002585,9.013555966603084,0.8844061106881456,16.320210823648278,16.530260913709274,-1,0.3638059701492537,0.008167477425456537,0.0154783493263142,0.004702707880698265,0.2205353145098932,0.18372417660231782,1.15,244.243,2.3,2.0,0.0
2017-07-31,16.735000610351562,16.825000762939453,16.729999542236328,16.75,276,60.57884512131373,0.0373722403746477,-0.07277605418370298,0.11014829455835068,9.343599893041239,0.9216903705113548,16.361143126157966,16.538878132779498,-1,1.7100371747211895,0.005160852423703011,0.021465987769380357,0.010984982968786694,0.22114943769314008,0.18129305463451212,1.15,244.243,2.3,2.0,0.0
2017-08-01,16.635000228881836,16.78499984741211,16.635000228881836,16.72800064086914,38,59.825637306317844,0.05973034085901574,-0.04627477517515924,0.10600511603417498,9.875977459338461,0.8626493948176119,16.39608193708284,16.54629470172419,-1,0.2675114396339317,-0.0013133945749767006,0.01400260070926973,0.04308785661096626,0.18372641467989295,0.18127005427650286,1.16,245.183,2.26,2.0,0.0
2017-08-02,16.69700050354004,16.69700050354004,16.69700050354004,16.69700050354004,6,58.717735181309294,0.07409373807995578,-0.022201072524136237,0.09629481060409202,10.107482690187856,0.8083456734337009,16.424740848174004,16.552204733167947,-1,0.053763440860215055,-0.0018531884350460048,0.017179383020682337,0.05397048955301598,0.17653266108764482,0.18130956720754818,1.16,245.183,2.27,2.0,0.0
2017-08-03,16.5939998626709,16.5939998626709,16.5939998626709,16.5939998626709,2,55.06868559609472,0.0762861635474863,-0.00250362530981173,0.07878978885729802,10.189615214488166,0.7227616324668402,16.440860754316564,16.553843757854338,-1,0.019521717911176184,-0.0061688110296997944,0.0039325147739037725,0.041878559363187184,0.1789078361133415,0.1800252231742816,1.16,245.183,2.24,2.0,0.0
2017-08-04,16.264999389648438,16.264999389648438,16.204999923706055,16.222000122070312,2,44.34900703341503,0.047459324836843564,0.007488964719519329,0.03997036011732424,8.950410694259318,0.4682366547012963,16.420016884578825,16.54083028194124,-1,0.022857142857142857,-0.022417725905700348,-0.026524210703426365,0.055363985173531916,0.14584397102649768,0.18535788049673654,1.16,245.183,2.27,2.0,0.0
2017-08-07,16.200000762939453,16.235000610351562,16.09000015258789,16.22100067138672,4,44.32404270814103,0.024253619526547254,0.010841895680924914,0.01341172384562234,8.052938319057743,0.4394748022292415,16.40106295951291,16.528287944272435,-1,0.0544959128065395,-6.161081716637984e-05,-0.03158204946944965,0.04134307125625436,0.14055999891061502,0.18521340492417093,1.16,245.183,2.26,2.0,0.0
2017-08-08,16.364999771118164,16.420000076293945,16.34000015258789,16.360000610351562,35,48.65305174667069,0.016884431072352157,0.012050402759210363,0.004834028313141794,7.287967060332774,0.5221781298263628,16.397152259592783,16.52168844098142,-1,0.5223880597014925,0.008569134653328536,-0.021999044501379128,0.04223743896912513,0.1410497511721857,0.1852360359549478,1.16,245.183,2.29,2.0,0.0
2017-08-09,16.5049991607666,16.850000381469727,16.475000381469727,16.833999633789062,85,60.058098227696284,0.04873032311525094,0.01938638683041848,0.02934393628483246,7.175582889240673,0.8833355433876997,16.438756771421,16.533935938738583,-1,1.2463343108504399,0.02897304436147663,0.008205014440765934,0.06281961622420473,0.1682620531609344,0.1924793151126359,1.16,245.183,2.24,1.0,0.0
2017-08-10,16.94499969482422,17.209999084472656,16.94499969482422,17.035999298095703,169,63.75307317315682,0.08923941035149596,0.03335699153463398,0.055882418816861984,6.6729402307688455,1.0309665184377632,16.495637012056687,16.55362469792906,-1,2.233972240581626,0.011999505090946272,0.026636099739828722,0.08911897980139538,0.16046868714627,0.19332969256322763,1.16,245.183,2.2,1.0,0.0
2017-08-11,17.094999313354492,17.104999542236328,17.020000457763672,17.041000366210938,49,63.842255929426145,0.12035927147909575,0.05075744752352634,0.06960182395556941,6.54936424855099,0.9902168048856199,16.547576379118997,16.57273746923423,-1,0.6533333333333333,0.00029355883548287665,0.0504870076425632,0.07284062921611678,0.1554987313907897,0.1923889189279509,1.16,245.183,2.19,1.0,0.0
2017-08-14,17.05500030517578,17.114999771118164,16.989999771118164,17.093000411987305,56,64.8117236057324,0.14751746522813391,0.07010945106444785,0.07740801416368606,6.6876497102469745,0.9784332305436161,16.599521525106454,16.59313993757749,1,0.7461692205196536,0.003051466736628594,0.053757456661645,0.06498449996922107,0.15335892440647544,0.19024327351401837,1.16,245.183,2.22,1.0,0.0
2017-08-15,16.690000534057617,16.690000534057617,16.690000534057617,16.690000534057617,15,52.96034918532073,0.13496600322825003,0.08308076149720829,0.05188524173104174,6.431671566815972,0.5970676729875757,16.608138573577993,16.596938392341418,1,0.2114164904862579,-0.02357689511591332,0.02017114372827411,0.02884973544973546,0.1779170816216205,0.19601923809645108,1.16,245.183,2.27,1.0,0.0
2017-08-16,16.69499969482422,17.065000534057617,16.69499969482422,16.91699981689453,28,57.65712415359747,0.14170236749193066,0.09480508269615277,0.046897284795777885,6.361126507486098,0.7811660634558689,16.63755393008433,16.609489820755265,1,0.4,0.013600915253040302,0.0049305087864486286,0.04098211732958501,0.1830282431028908,0.19207848381035186,1.16,245.183,2.23,1.0,0.0
2017-08-17,17.1299991607666,17.1299991607666,16.989999771118164,17.030000686645508,57,59.808479191120036,0.15437961836250835,0.10671998982942389,0.04765962853308446,6.434491355355525,0.8486831379087598,16.674929811661585,16.62598044294704,1,0.8231046931407943,0.006679722821662848,-0.00035211385873124,0.04484943308481659,0.18375300324510332,0.1924984725180157,1.16,245.183,2.19,1.0,0.0
2017-08-18,16.979999542236328,16.979999542236328,16.979999542236328,16.979999542236328,25,58.394679579503695,0.15856393024997928,0.11708877791353497,0.041475152336444304,6.485548515669873,0.772802119682772,16.703984071716324,16.639863544879955,1,0.37285607755406414,-0.0029360623836256483,-0.003579650411578039,0.03473489945913122,0.18377200562565596,0.19258328531994753,1.16,245.183,2.19,1.0,0.0
2017-08-21,16.9950008392334,16.9950008392334,16.9950008392334,16.9950008392334,16,58.710037062044805,0.16123192558892896,0.12591740744861377,0.03531451814031519,6.465446419512902,0.7594214089824157,16.731699954336996,16.653790497599697,1,0.259529602595296,0.0008834686337744202,-0.005733316000225419,0.036406884739641265,0.18357709227386743,0.19236921996095513,1.16,245.183,2.18,1.0,0.0
2017-08-22,16.961999893188477,16.961999893188477,16.961999893188477,16.961999893188477,15,57.67437180853652,0.15885228036556143,0.13250438203200332,0.026347898333558106,6.463093880611413,0.7071571362420526,16.75363328184666,16.665877140563964,1,0.24691358024691357,-0.001941803143000631,0.016297145022603043,0.028186952773205487,0.18331872202524918,0.19171799346201843,1.16,245.183,2.22,1.0,0.0
2017-08-23,17.031999588012695,17.031999588012695,17.031999588012695,17.031999588012695,37,59.31385886610423,0.1607616248019994,0.13815583058600253,0.02260579421599687,6.369532424622972,0.7464672943814483,16.780144358624376,16.68023488360117,1,0.642361111111111,0.0041268538654057885,0.006797882151852841,0.037587489373924976,0.1819640533551414,0.19148393137512382,1.16,245.183,2.17,1.0,0.0
2017-08-24,17.05500030517578,17.059999465942383,16.95199966430664,16.95199966430664,50,56.61479815825694,0.15404374832634105,0.14133341413407025,0.0127103341922708,6.2878176596023305,0.6535443228531149,16.796511530594117,16.69089232598178,1,0.9587727708533078,-0.004697036498425011,-0.004580212518724869,0.025591406187615018,0.18234327200572753,0.19168655959544897,1.16,245.183,2.19,1.0,0.0
2017-08-25,16.95199966430664,17.038000106811523,16.95199966430664,17.038000106811523,71,58.785984982689826,0.1538854046398015,0.1438438122352165,0.010041592404584992,6.367479519915259,0.7143355692886133,16.81951044261482,16.70450439581824,1,1.3706563706563708,0.005073173915049134,0.00341581661595014,0.02244362453479476,0.18112944599044478,0.19147303112778377,1.16,245.183,2.17,1.0,0.0
2017-08-28,17.430999755859375,17.430999755859375,17.430999755859375,17.430999755859375,0,66.93041171401839,0.18335806572521918,0.15174666293321704,0.03161140279200214,7.110197376569144,0.9912961938852963,16.877747520066684,16.7329944099375,1,0.0,0.023066066826160858,0.025654539281896538,0.040656701842350706,0.19653777839540476,0.19506199093951362,1.16,245.183,2.16,1.0,0.0
2017-08-29,17.422000885009766,17.422000885009766,17.422000885009766,17.422000885009766,115109,66.60584165387944,0.20364177271040518,0.16212568488865467,0.04151608782175051,7.663453959416591,0.9211039249480413,16.929581173870787,16.760014271705042,1,19.875335618271446,-0.0005162567251246752,0.02711950210576375,0.04148733964327289,0.19638006895528637,0.19492896136270238,1.16,245.183,2.13,1.0,0.0
2017-08-30,17.389999389648438,17.459999084472656,17.28499984741211,17.40399932861328,115109,65.9172044845061,0.21577684037702483,0.1728559159863287,0.042920924390696114,8.039392550976093,0.8613349051058189,16.974763855274833,16.78526858766223,1,9.968995470567348,-0.0010332657262102085,0.02184122531698529,0.04234286421224853,0.19618602225726206,0.194307868555768,1.16,245.183,2.15,1.0,0.0
2017-08-31,17.420000076293945,17.600000381469727,17.2549991607666,17.479999542236328,21198,67.44742132699757,0.22888807179656112,0.18406234714837522,0.044825724648185905,8.326502869068054,0.8704158800859548,17.022881539747356,16.812512938822,1,1.6815135049379288,0.004366824669896241,0.031146760758933967,0.053392773707232166,0.19385342973002193,0.19426772986237167,1.16,245.183,2.12,1.0,0.0
2017-09-01,17.565000534057617,17.719999313354492,17.44499969482422,17.7189998626709,1473,71.7437770396142,0.2556175456579659,0.19837338685029338,0.05724415880767253,8.169892276699125,0.9938252316120462,17.089178522882932,16.848061445639605,1,0.116166734358303,0.013672787568276723,0.03996946540616131,0.09228206937095829,0.17272658400974494,0.19475284364005765,1.15,246.435,2.16,1.0,0.0
2017-09-05,17.780000686645508,17.979999542236328,17.774999618530273,17.844999313354492,535,73.71348862040928,0.28369765890126075,0.21543824126048686,0.0682594176407739,7.912962886625871,1.0405233622454444,17.161161455308793,16.88715704829509,1,0.04210410337934616,0.007110979832955389,0.023750763771076988,0.10011704424822887,0.17213280455315755,0.1937759231198997,1.15,246.435,2.07,0.0,0.0
2017-09-06,17.915000915527344,17.969999313354492,17.799999237060547,17.81599998474121,309,72.46150157856675,0.30015138911530315,0.23238087083145012,0.06777051828385303,7.565631879620775,0.9846494686529826,17.223527029540453,16.923582261489056,1,0.024291879908492724,-0.0016250675107384316,0.022615031553031795,0.08899751345170404,0.1729634610684379,0.1905874850332704,1.15,246.435,2.1,0.0,0.0
2017-09-07,17.84000015258789,18.104999542236328,17.795000076293945,18.016000747680664,807,75.54629401344852,0.32557643645064616,0.25101998395528935,0.0745564524953568,8.377134494490381,1.0337348122654952,17.299000716982377,16.966422202124022,1,0.06326236242199994,0.01122590722444694,0.035164412932446654,0.07021510868510994,0.15005485051243284,0.1902506643125576,1.15,246.435,2.05,0.0,0.0
2017-09-08,18.09000015258789,18.15999984741211,17.915000915527344,18.027000427246097,364,75.70746674334387,0.34266353986730635,0.2693486951376928,0.07331484472961358,9.146155986819014,0.9630855478998179,17.36833402272178,17.008013505069986,1,0.028512903263709106,0.0006105505722100446,0.03129295762783468,0.058171000820666174,0.14686053481216385,0.18535367512970216,1.15,246.435,2.06,0.0,0.0
2017-09-11,17.889999389648438,17.889999389648438,17.69499969482422,17.80699920654297,397,66.29587418923983,0.33459591907079655,0.28239813992431356,0.05219777914648299,9.369346039488287,0.7919999731962957,17.41011165927618,17.03934627767677,1,0.031055536216465694,-0.012203983773729665,0.0049663832357411675,0.04495034469049486,0.15621989560354904,0.17974580855009364,1.15,246.435,2.14,0.0,0.0
2017-09-12,17.780000686645508,17.8700008392334,17.704999923706055,17.795000076293945,355,65.8152997948919,0.32350487906425585,0.290619487752302,0.03288539131195384,9.535058373835207,0.7579045435770242,17.446767698992158,17.068979759975484,1,0.027737625502988632,-0.0006738434763682299,-0.002801862649730036,0.04106942300278238,0.15650996617961443,0.1795529748849017,1.15,246.435,2.17,0.0,0.0
2017-09-13,17.860000610351562,17.90999984741211,17.635000228881836,17.77199935913086,428,64.84495382974669,0.3092938374727403,0.2943543576963897,0.014939479776350628,9.000137795876125,0.723213351278151,17.47774214281489,17.096549156020792,1,0.03338754909646895,-0.001292538188506498,-0.002469725283342883,0.06482916659381255,0.12419739381004422,0.1783286499013752,1.15,246.435,2.2,0.0,0.0
2017-09-14,17.649999618530273,17.760000228881836,17.579999923706055,17.697999954223633,275,61.69350183672146,0.28873202799992015,0.2932298917570958,-0.004497863757175646,8.668765253125096,0.6565413754428611,17.49871907723477,17.120135461832668,1,0.021431633090441493,-0.004163819917605838,-0.01765102021867815,0.0461665866159755,0.12042068885035291,0.17818679498951343,1.15,246.435,2.2,0.0,0.0
2017-09-15,17.760000228881836,17.799999237060547,17.549999237060547,17.611000061035156,244,58.11735357188733,0.2623917923124459,0.28706227186816585,-0.024670479555719937,8.3776825679659,0.5825107744359601,17.50941250426338,17.139385053958257,1,0.019001857353679857,-0.004915803673494423,-0.02307651613422035,0.03411622730263608,0.121819004164623,0.1784641055638509,1.15,246.435,2.2,0.0,0.0
2017-09-18,17.489999771118164,17.520000457763672,17.030000686645508,17.070999145507812,208,41.8873278039794,0.1956876395544107,0.2687873454054148,-0.07309970585100412,8.241847763499017,0.20618218343843578,17.467658851048565,17.136703253626866,1,0.016186770428015564,-0.03066270590289255,-0.0413320656949725,0.005359222951987208,0.16827371184691958,0.18975677665001384,1.15,246.435,2.23,1.0,0.0
2017-09-19,17.135000228881836,17.239999771118164,17.114999771118164,17.19499969482422,163,45.64134193017535,0.15108827435265226,0.2452475311948623,-0.09415925684221005,7.976500522319709,0.27822864581121914,17.441691312360533,17.138989388575784,1,0.012677573527982048,0.0072638132226159335,-0.033717357622775834,0.011768099188857795,0.17008417961282932,0.18957857616983767,1.15,246.435,2.24,0.0,0.0
2017-09-20,17.2549991607666,17.34000015258789,17.010000228881836,17.250999450683594,87,47.29713658401032,0.11889116505398434,0.21997625796668674,-0.1010850929127024,7.5770922353657415,0.298031782940736,17.423530182677016,17.14338194003099,1,0.006764663574619293,0.0032567465456967426,-0.029315773533358125,0.01703805915074752,0.17005947929804605,0.1894057436310835,1.15,246.435,2.28,1.0,0.0
2017-09-21,16.895000457763672,16.937000274658203,16.799999237060547,16.937000274658203,212,39.94909289655768,0.06726225723044976,0.18943345781943935,-0.12217120058898959,7.7511740642853875,0.07471767386302786,17.377194000960937,17.13528854138892,1,0.01647280045377903,-0.018201796187115926,-0.042999190955688604,-0.0055776958461972725,0.18259052722488167,0.19338493894339254,1.15,246.435,2.27,1.0,0.0
2017-09-22,16.985000610351562,16.985000610351562,16.902999877929688,16.902999877929688,90,39.23822903215961,0.02333345441337542,0.15621345713822657,-0.13288000272485115,7.848227092842161,0.05696184474179696,17.332032655910343,17.12617918203758,1,0.006992083407786073,-0.0020074627252257837,-0.04020215664367288,-0.002890501849178606,0.18197267232883593,0.19272071873591803,1.15,246.435,2.26,1.0,0.0
2017-09-25,16.850000381469727,17.09000015258789,16.809999465942383,17.05900001525879,172,44.148859365654545,0.001094848296187223,0.1251897353698187,-0.12409488707363148,7.815308424505318,0.1683328683856289,17.30602954727686,17.123544704908998,1,0.013357407730988022,0.009229139114695917,-0.0007028956036343459,0.0012325336492320371,0.18411504531890274,0.1928678241083441,1.15,246.435,2.22,1.0,0.0
2017-09-26,16.875,16.889999389648438,16.774999618530273,16.804000854492188,108,38.650197764993,-0.03668285135303151,0.09281521802524867,-0.12949806937828018,8.588653834374496,0.048698775098209905,17.25821729082118,17.111013573520104,1,0.00838369371572292,-0.014948072017029856,-0.022739101324306787,-0.035970335043830404,0.17064795191410131,0.19545803969916342,1.15,246.435,2.24,1.0,0.0
2017-09-27,16.700000762939453,16.815000534057617,16.69499969482422,16.74799919128418,136,37.54426686786074,-0.07033009513635946,0.06018615539292705,-0.1305162505292865,9.354269928885612,0.07117181110712036,17.209625090865273,17.096777715393205,1,0.0190649751174038,-0.0033326386789034323,-0.029157745951900904,-0.038686813195234704,0.17065345477723792,0.18330180385834333,1.15,246.435,2.31,1.0,0.0
2017-09-28,16.75,16.829999923706055,16.655000686645508,16.773000717163086,177,38.39181613079116,-0.09389598953881162,0.029369726406579318,-0.12326571594539093,9.962773108005136,0.12922592106450553,17.16804181717935,17.08408057820771,1,0.12762275578628596,0.0014928067283355162,-0.009682916386350882,-0.03625595471109866,0.17107269851214185,0.18130528328202603,1.15,246.435,2.31,1.0,0.0
2017-09-29,16.809999465942383,16.809999465942383,16.60700035095215,16.60700035095215,23,34.99604208677492,-0.12453145180782954,-0.001410509236302455,-0.12312094257152709,10.770418090373628,0.09077842098615205,17.114609296586284,17.065371549687885,1,0.07008989791254,-0.009896879455867258,-0.017511656458332414,-0.0499427468046999,0.17172613234765774,0.18242683156448758,1.15,246.435,2.33,1.0,0.0
2017-10-02,16.594999313354492,16.635000228881836,16.524999618530273,16.584999084472656,19,34.55973342997528,-0.14886951955191563,-0.03090231129942509,-0.11796720825249055,11.331471683349585,0.12745051880498978,17.06417022876594,17.046533413797093,1,0.07437854766099042,-0.001324818812220352,-0.02778597399391247,-0.06399914142938012,0.1609563898821756,0.1661545067629791,1.15,246.626,2.34,1.0,0.0
2017-10-03,16.530000686645508,16.584999084472656,16.530000686645508,16.58099937438965,38,34.47558383223172,-0.16656035269647518,-0.058033919578835115,-0.10852643311764007,11.584295206764958,0.16386701443069546,17.018153956920578,17.028277176957587,-1,0.16478751084128362,-0.00024116432341270144,-0.013270737250821063,-0.07083216517800117,0.15672737253279376,0.16426866524366496,1.15,246.626,2.33,1.0,0.0
2017-10-04,16.645000457763672,16.81999969482422,16.514999389648438,16.562999725341797,54,34.07349816629211,-0.17995843781701026,-0.08241882322647015,-0.09753961459054011,11.719434953579409,0.18869564439521336,16.974805934865454,17.01003100238442,-1,0.24787697957310076,-0.0010855587556232171,-0.011046063701666387,-0.07033005503326029,0.1568326500694655,0.16373800443504502,1.15,246.626,2.33,1.0,0.0
2017-10-05,16.649999618530273,16.709999084472656,16.582000732421875,16.582000732421875,19,34.9361665366238,-0.1868889547931829,-0.1033128495398127,-0.0835761052533702,11.276904662048148,0.2221091711840572,16.937395915585114,16.993245501601574,-1,0.10647240123283834,0.001147196002847517,-0.011387347318584928,-0.07959591228610485,0.14807315794792053,0.16286509479754546,1.15,246.626,2.35,1.0,0.0
2017-10-06,16.59000015258789,16.733999252319336,16.43000030517578,16.733999252319336,24,41.52763154697451,-0.17806382029787216,-0.11826304369142461,-0.059800776606447545,10.353479893455997,0.31887778320723226,16.9180248047979,16.98307898202188,-1,0.14865283369464233,0.009166476491601294,0.007647311295438497,-0.0717258081922777,0.1546401873637982,0.16135997210248954,1.15,246.626,2.37,2.0,0.0
2017-10-09,16.864999771118164,16.93000030517578,16.864999771118164,16.916000366210938,4,48.28363228675568,-0.15460171643357867,-0.12553077823985542,-0.02907093819372325,9.565421019299981,0.4426864492748418,16.91783200112295,16.98044844806851,-1,0.028208744710860365,0.01087612776523672,0.0199578715713149,-0.050036439604301486,0.15934882663740774,0.15991312911933817,1.15,246.626,2.37,1.0,0.0
2017-10-10,16.934999465942383,17.165000915527344,16.924999237060547,17.155000686645508,33,55.54716054691291,-0.11539233067693289,-0.12350308872727092,0.008110758050338035,8.644485360911656,0.6211169779464996,16.94041949498224,16.98729363389506,-1,0.26252983293556087,0.014128654248078965,0.034618016640326266,-0.03596512429921417,0.16986571329449118,0.16098995066583088,1.15,246.626,2.35,1.0,0.0
2017-10-11,17.145000457763672,17.200000762939453,17.065000534057617,17.08099937438965,49,53.062139922004604,-0.08926095272074619,-0.11665466152596599,0.027393708805219796,7.554065147795623,0.6080580574624672,16.953808054925805,16.990968368816418,-1,0.45901639344262296,-0.004313687513487929,0.03127450689112177,-0.038881386994097045,0.1700787314561981,0.16011968349306083,1.15,246.626,2.35,1.0,0.0
2017-10-12,17.204999923706055,17.219999313354492,17.204999923706055,17.211000442504883,43,56.72482166036598,-0.05739997649265405,-0.1048037245193036,0.04740374802664955,6.554709292947402,0.7638990610418415,16.978302568028575,16.999597077588515,-1,0.4519180241723594,0.007610858431980949,0.0379326789470682,-0.027517206067261157,0.1731616888273522,0.1607023873250764,1.15,246.626,2.33,1.0,0.0
2017-10-13,17.21500015258789,17.3799991607666,17.21500015258789,17.354999542236328,70,60.41000332846458,-0.020296434722919088,-0.0879022665600267,0.06760583183710761,5.902973702532028,0.9503818505258999,17.014178470334073,17.01353442914333,1,0.8097165991902834,0.008366689676901018,0.037110094278922645,-0.014536398723047905,0.17594810475089495,0.16136469781969068,1.15,246.626,2.28,1.0,0.0
2017-10-16,17.420000076293945,17.43000030517578,17.280000686645508,17.315000534057617,25,58.909356672275706,0.005813786065012039,-0.06915905603501896,0.074972842100031,6.215511654282337,0.8777852758331312,17.042828190688695,17.02535662933605,1,0.3234152652005175,-0.0023047542053439285,0.023587145850603397,0.014293327910687159,0.13480916784418076,0.16105883683921327,1.15,246.626,2.3,1.0,0.0
2017-10-17,16.98699951171875,17.010000228881836,16.98699951171875,16.98699951171875,55,48.311245370213,3.893406197263971e-05,-0.05531945801562064,0.05535839207759328,6.050007627577776,0.5778667104651779,17.03751117364394,17.023852428645174,1,0.7649513212795549,-0.018943171367145406,-0.009793131343768469,-0.012096550555222074,0.14955018069995946,0.16618181188760664,1.15,246.626,2.3,0.0,0.0
2017-10-18,16.94300079345703,16.94300079345703,16.94300079345703,16.94300079345703,5,47.08747726287719,-0.00799583559162187,-0.04585473353082089,0.03785889793919902,5.767234410871715,0.5524028377742797,17.02851018505471,17.020681776284857,1,0.07374631268436578,-0.0025901406679481598,-0.008079069491655488,-0.017853960178194628,0.14898740584611328,0.16591675868483952,1.15,246.626,2.34,0.0,0.0
2017-10-19,16.989999771118164,17.219999313354492,16.989999771118164,17.201000213623047,7,54.384225171259004,0.006381387919137893,-0.03540750924082913,0.041788897159967024,5.977323031659991,0.792783153206426,17.044937806823125,17.02775308755302,1,0.12163336229365769,0.015227492656769925,-0.0005810370475116677,0.015587172148768813,0.14424827539074875,0.16820452810989167,1.15,246.626,2.33,0.0,0.0
2017-10-20,17.170000076293945,17.170000076293945,16.989999771118164,17.02199935913086,16,49.3040941227842,0.003293601560166337,-0.02766728708063004,0.030960888640796377,6.005435968686503,0.6091974794651837,17.042753192757196,17.02752745114431,1,0.2971216341689879,-0.01040642127022473,-0.01918756507570374,0.007040139742090945,0.149437011435699,0.16926259713970523,1.15,246.626,2.39,0.0,0.0
2017-10-23,16.920000076293945,17.02400016784668,16.8700008392334,17.02400016784668,16,49.36103471019844,0.0009964704749378939,-0.021934535569516453,0.022931006044454347,5.9846152022513905,0.6132951966380846,17.040967190384766,17.027389126309107,1,0.34744842562432143,0.00011754252092299744,-0.016806257998003282,-0.0020516939668681067,0.14574658698957743,0.16851185325192106,1.15,246.626,2.38,0.0,0.0
2017-10-24,16.889999389648438,16.94499969482422,16.889999389648438,16.906999588012695,57,46.10026867498755,-0.010148011478591457,-0.019577230751331456,0.00942921927274,5.955568660342558,0.49255439746475727,17.028208371111237,17.022667967944543,1,1.3103448275862069,-0.006872684367976167,-0.004709479366904357,0.006129417298438966,0.13726763797407793,0.1688565423513982,1.15,246.626,2.42,0.0,0.0
2017-10-25,16.868000030517578,16.868000030517578,16.868000030517578,16.868000030517578,28,45.03240245290249,-0.02187487216568229,-0.020036759034201625,-0.0018381131314806655,5.8914611318160865,0.44733491627560146,17.01295043391184,17.016602558633682,-1,0.7349081364829396,-0.002306710737886797,-0.004426651680758731,0.007165085086453082,0.1369536415752348,0.16890584602819284,1.15,246.626,2.44,0.0,0.0
2017-10-26,16.763999938964844,16.763999938964844,16.763999938964844,16.763999938964844,64,42.22356251432582,-0.03910960083737436,-0.023851327394836173,-0.015258273442538186,5.8980936234867345,0.3436310534298252,16.989240862964508,17.00669657354863,-1,1.9722650231124805,-0.00616552592865649,-0.025405515332306283,-0.0005366230139746131,0.13880816819771788,0.16935661335049368,1.15,246.626,2.46,0.0,0.0
2017-10-27,16.70199966430664,16.70199966430664,16.70199966430664,16.70199966430664,158,40.59782935591763,-0.05711279078551357,-0.03050362007297165,-0.026609170712541916,5.77462463320404,0.27203489136579706,16.961884558330425,16.994747675146986,-1,4.030612244897959,-0.003698417733472681,-0.01879918381342005,0.0057204378483104446,0.1345969332080498,0.16904112672472071,1.15,246.626,2.42,0.0,0.0
2017-10-30,16.71500015258789,16.844999313354492,16.71500015258789,16.802000045776367,123,44.321527187621676,-0.06258975771270059,-0.03692084760091744,-0.02566891011178315,5.517057971597526,0.3569594104620777,16.946657461896706,16.987188944583433,-1,2.77027027027027,0.005987329869454827,-0.01304042057574728,0.01308417083404434,0.1359233913801801,0.162624160395025,1.15,246.626,2.37,0.0,0.0
2017-10-31,16.795000076293945,16.795000076293945,16.645000457763672,16.645000457763672,297,40.07417524086634,-0.07869173873401536,-0.04527502582753703,-0.03341671290647833,5.410101621210045,0.17934670685200255,16.917928223407845,16.97376978823756,-1,5.178727114210985,-0.009344101153729079,-0.015496488829087385,0.003859905059334201,0.140518918330116,0.1639008756066826,1.15,246.626,2.38,0.0,1.0
2017-11-01,16.989999771118164,17.131999969482422,16.989999771118164,17.131999969482422,29,54.605912059469276,-0.051561515081026243,-0.04653232367823487,-0.005029191402791372,5.082567604604767,0.6909842381592761,16.93831600874828,16.97997489338442,-1,0.5169340463458111,0.029258005306428192,0.015650933038132253,0.0343536951987049,0.17324361311072176,0.17320701544899825,1.16,247.284,2.37,0.0,0.0
2017-11-02,17.065000534057617,17.0939998626709,17.059999465942383,17.0939998626709,18,53.5154177619481,-0.03274939378708197,-0.04377573770000429,0.011026343912922322,4.660836520184973,0.6276495348580853,16.953143042455196,16.98444646080742,-1,0.32114183764495985,-0.0022180776838205407,0.01968503489069029,0.030876800605124766,0.17379480652606658,0.163316103112591,1.16,247.284,2.35,0.0,0.0
2017-11-03,17.104999542236328,17.104999542236328,16.790000915527344,16.79400062561035,10,45.748012255399416,-0.04156890292301796,-0.043334370744607026,0.0017654678215890673,4.577116884517817,0.24046321057247982,16.937986621803304,16.976977996682045,-1,0.18066847335140018,-0.017549973059007185,0.005508380023520498,0.0035855967474540673,0.18401911767889137,0.1655463601965974,1.16,247.284,2.34,0.0,0.0
2017-11-06,17.19499969482422,17.225000381469727,17.19499969482422,17.19499969482422,10,55.124036869039024,-0.016016525323877318,-0.037870801660461084,0.021854276336583767,4.661284391955887,0.7335161147958641,16.962464057329107,16.985527867197426,-1,0.17969451931716082,0.023877519011304305,0.023390051659156086,0.01649322077165305,0.1988144194582021,0.1726044495191869,1.16,247.284,2.32,0.0,0.0
2017-11-07,16.905000686645508,16.924999237060547,16.905000686645508,16.905000686645508,1,48.58461068079229,-0.018948155773863107,-0.03408627248314149,0.015138116709278386,4.625367034231135,0.382535571406066,16.95699135535924,16.98236993854833,-1,0.018501387604070305,-0.016865310458016536,0.015620319719520603,-0.014573010200729097,0.20196101951645884,0.17602670926628458,1.16,247.284,2.32,0.0,0.0
2017-11-08,17.106000900268555,17.106000900268555,17.106000900268555,17.106000900268555,5,52.76703884923208,-0.004994878763049826,-0.02826799373912316,0.023273114976073334,4.639301474411912,0.6361889148094118,16.9711827405887,16.987218211556968,-1,0.09643201542912247,0.011889985534388803,-0.0015175735033959858,0.0014637039280260833,0.20623982471294536,0.17063483632364043,1.16,247.284,2.32,0.0,0.0
2017-11-09,16.93000030517578,16.94300079345703,16.93000030517578,16.94300079345703,2,49.26704011770941,-0.007008759953070154,-0.02401614698191256,0.017007387028842406,4.504689132563714,0.44484688879578105,16.968498745623776,16.985484195160893,-1,0.040160642570281124,-0.009528826039577942,-0.008833454453431422,-0.015571416080264022,0.20694524971832404,0.1696209935667386,1.16,247.284,2.33,0.0,0.0
2017-11-10,17.0,17.0,16.8439998626709,16.8439998626709,1,47.21845954310622,-0.016404225336131617,-0.022493762652756374,0.006089537316624757,4.091608932571483,0.333338359264437,16.956641709152073,16.979935789965207,-1,0.02157497303128371,-0.005843175715624427,0.00297720824091785,-0.029443946588522008,0.2047733391865083,0.16947047214949287,1.16,247.284,2.4,1.0,0.0
2017-11-13,16.84000015258789,17.023000717163086,16.84000015258789,17.023000717163086,3,51.17183020298392,-0.00929913175555086,-0.019854836473315273,0.010555704717764413,3.6393658427455273,0.6264010666270479,16.96296161467693,16.981624610639635,-1,0.06629834254143646,0.010626980286842835,-0.010002848543981369,-0.016863979664348494,0.20915084676996043,0.17078853330216887,1.16,247.284,2.4,1.0,0.0
2017-11-14,16.905000686645508,17.052000045776367,16.905000686645508,17.052000045776367,1,51.80167699821504,-0.001313153228903019,-0.016146499824432822,0.014833346595529803,3.6747211823615684,0.6665051582979681,16.97144146525783,16.98438443162539,-1,0.023501762632197415,0.0017035380010319567,0.008695613910680633,0.0038264870739987966,0.1977713443272181,0.17081400329593663,1.16,247.284,2.38,1.0,0.0
2017-11-15,16.950000762939453,16.950000762939453,16.940000534057617,16.950000762939453,1,49.38852651372241,-0.0031780626639168474,-0.013552812392329628,0.01037474972841278,3.6745405508262197,0.5021686352696092,16.96939949360846,16.983036052461237,-1,0.023612750885478158,-0.005981660952562473,-0.009119614703554269,0.00041314815290127704,0.1987744118168907,0.1712185540542858,1.16,247.284,2.33,1.0,0.0
2017-11-16,16.950000762939453,17.055999755859375,16.950000762939453,17.055999755859375,9,51.89641012965355,0.0038528033126787875,-0.010071689251327945,0.013924492564006732,3.4685325619046705,0.6950240005810028,16.977647137632356,16.985897374163127,-1,0.21201413427561835,0.006253627619397184,0.006669359446998424,-0.00842976896476244,0.19222407350833243,0.17149123269553143,1.16,247.284,2.37,1.0,0.0
2017-11-17,17.125,17.357999801635742,17.125,17.357999801635742,3,58.2447407199225,0.03340858169459082,-0.0013756350621441909,0.034784216756735015,4.061669741463829,1.0804409260937415,17.013871200870774,17.000489626220876,1,0.07177033492822966,0.017706381924203374,0.030515313652071052,0.01973918782488071,0.1984404046676199,0.17490164586678394,1.16,247.284,2.35,1.0,0.0
2017-11-20,16.82699966430664,16.82699966430664,16.82699966430664,16.82699966430664,0,46.59977586038058,0.013825108426878785,0.0016645136356604046,0.012160594791218381,4.101356476537606,0.3254231916777604,16.99607391167419,16.99368609830267,1,0.0,-0.03059109018304418,-0.011513895588269096,-0.01157192796039297,0.22878910146642975,0.18609909846052317,1.16,247.284,2.37,1.0,0.0
2017-11-21,16.948999404907227,16.948999404907227,16.93000030517578,16.948999404907227,1,49.11689641578565,0.008056553311458714,0.0029429215708200664,0.005113631740638648,4.094741027621358,0.4979098438720199,16.991590625315432,16.99193367895383,-1,0.026178010471204185,0.007250237299247786,-0.006040384740360838,0.002484167381438196,0.22911040873987665,0.180526257511415,1.16,247.284,2.36,1.0,0.0
2017-11-22,17.10099983215332,17.10099983215332,17.10099983215332,17.10099983215332,0,52.14361085271675,0.01557060770719687,0.005468458798095427,0.010102148909101443,4.136375087604312,0.6979710998447454,17.002010549776184,16.99621078300087,1,0.0,0.00896810623535016,0.008908499257653135,0.01381312551661118,0.23099209262676682,0.1815500192259791,1.16,247.284,2.32,1.0,0.0
2017-11-24,16.989999771118164,16.989999771118164,16.981000900268555,16.981000900268555,1,49.63351589749261,0.011707680172229118,0.0067163030729221656,0.004991377099306952,3.9928025665951337,0.511879549547128,17.00000963077546,16.995614317011366,1,0.02971768202080238,-0.007017071110610895,-0.004397212515499405,0.012944462067154605,0.23135001423637153,0.18206911670401157,1.16,247.284,2.34,1.0,0.0
2017-11-27,17.020000457763672,17.020000457763672,17.009000778198242,17.009000778198242,2,50.23548234999981,0.010781357634410682,0.007529313985219869,0.0032520436491908127,3.7126870972426853,0.532820380368143,17.00086593053001,16.996139276273595,1,0.07736943907156672,0.0016488944376209513,-0.02010594696542234,0.018381099273261592,0.23079520962102726,0.18185061978809539,1.16,247.284,2.32,1.0,0.0
2017-11-28,17.020000457763672,17.024999618530273,16.81100082397461,16.81100082397461,96960,46.04462189983203,-0.005862126259316369,0.004851025936312622,-0.010713152195628992,3.7003364316435063,0.21724805259014593,16.982783539429498,16.988878944810892,-1,19.919058282145574,-0.011640892772338818,-0.0009507838979736505,0.0005356968321461597,0.23416246805757593,0.18089687354903156,1.16,247.284,2.34,1.0,0.0
2017-11-29,16.809999465942383,16.864999771118164,16.450000762939453,16.457000732421875,22561,39.67223344975348,-0.04707441152773484,-0.005534061556496871,-0.04154034997123797,4.269183862597016,-0.22060172356227578,16.932708986381154,16.9680209756976,-1,3.7721747563075794,-0.021057645244290657,-0.029028183949484587,-0.011294666276449927,0.2441008542519592,0.1848623636995927,1.16,247.284,2.37,2.0,0.0
2017-11-30,16.479999542236328,16.520000457763672,16.28499984741211,16.381999969482422,1585,38.45785140305262,-0.08480974533117802,-0.0213891983114331,-0.06342054701974492,5.178689978463778,-0.13810356612264382,16.880260508581276,16.945039759767592,-1,0.26160727548814106,-0.004557377383577199,-0.042044317275474974,-0.04377772597104779,0.21814779268380466,0.18497942486072097,1.16,247.284,2.42,2.0,0.0
2017-12-01,16.385000228881836,16.485000610351562,16.200000762939453,16.297000885009766,523,37.07282633478228,-0.12018852647037193,-0.04114906394322087,-0.07903946252715105,6.087078333953747,-0.08804150580307059,16.824711973003037,16.919626470561404,-1,0.08596388859211532,-0.005188565781406362,-0.04028031205439553,-0.046624487192233,0.2184011617008041,0.18326513597128996,1.3,247.805,2.37,2.0,0.0
2017-12-04,16.309999465942383,16.34000015258789,16.190000534057617,16.284000396728516,893,36.85420639005602,-0.14757435091274118,-0.062434121337124934,-0.08514022957561625,6.870171561604943,-0.011020502162459844,16.773215632405464,16.894699957862077,-1,0.1457221651082717,-0.0007977227449995627,-0.04262451339287465,-0.030368001064862482,0.21078593978159385,0.18321296346374713,1.3,247.805,2.37,2.0,0.0
2017-12-05,16.25,16.280000686645508,15.972999572753906,15.972999572753906,75,31.993665100678612,-0.1921579047283828,-0.08837887801537651,-0.10377902671300628,8.102847216607113,-0.1182638864819519,16.697004579105315,16.85855484472058,-1,0.012232216396062857,-0.01909855173161812,-0.04984838558960791,-0.07106717904962456,0.1974948246114553,0.18548941587074624,1.3,247.805,2.36,2.0,0.0
2017-12-06,16.040000915527344,16.049999237060547,15.868000030517578,15.868000030517578,207,30.529700207542717,-0.23327423767141653,-0.11735794994658452,-0.115916287724832,9.479223873864834,-0.06357429737508463,16.618051764954103,16.81970955788909,-1,0.033704297705014125,-0.0065735644553219785,-0.03579028229268466,-0.06134283430979881,0.19154694987811918,0.18573110614356048,1.3,247.805,2.33,2.0,0.0
2017-12-07,15.880000114440918,15.885000228881836,15.600000381469728,15.71500015258789,174,28.48437784043348,-0.2750346114340374,-0.1488932822440751,-0.1261413291899623,10.771407059853157,-0.044439815792876834,16.532046849490655,16.7763876204263,-1,0.028292222890684702,-0.009642039175411843,-0.04071540826132747,-0.08131653656459392,0.1843084269075229,0.18640771631671996,1.3,247.805,2.37,2.0,0.0
2017-12-08,15.675000190734863,15.765000343322754,15.654999732971191,15.736000061035156,75,29.185625863010827,-0.30294334904788656,-0.17970329560483742,-0.12324005344304914,11.811196319335401,0.043095270496945684,16.456232869637752,16.735588108293314,-1,0.01218769043266301,0.0013362970565296006,-0.0344235622206186,-0.07123889959846952,0.18418935138748807,0.18648161765595758,1.3,247.805,2.38,2.0,0.0
2017-12-11,15.774999618530272,15.800000190734863,15.625,15.696999549865724,77,28.624264337761133,-0.32446797514578307,-0.20865623151302656,-0.11581174363275651,12.759733094483805,0.08427303267723654,16.38392493442137,16.694859145217723,-1,0.012504973569033137,-0.002478425967092024,-0.036047705266619934,-0.06809548338617111,0.184053004904987,0.18638259451962036,1.3,247.805,2.39,2.0,0.0
2017-12-12,15.664999961853027,15.699999809265137,15.55500030517578,15.58199977874756,197,26.97658761687788,-0.3468081286148603,-0.23628661093339332,-0.11052151768146701,13.57797717123912,0.08845439809727398,16.307551110071483,16.65121760143458,-1,0.03194292431796992,-0.007326226311776152,-0.024478795746873838,-0.08465023072945455,0.1766944098976624,0.1765682291062996,1.3,247.805,2.4,2.0,0.0
2017-12-13,15.640000343322754,15.994999885559082,15.619999885559082,15.784000396728516,190,34.14714157599397,-0.3442448590595042,-0.2578782605586155,-0.08636659850088868,13.779711199932429,0.2100643207967068,16.257689137372154,16.617209083602972,-1,0.030760762219308044,0.012963715880452309,-0.005293649711842319,-0.07436075801336417,0.1860413683785417,0.1781355383715128,1.3,247.805,2.36,2.0,0.0
2017-12-14,16.0,16.0,15.800000190734863,15.850000381469728,31,36.346464180097236,-0.3330486250517737,-0.27291233345724714,-0.06013629159452655,13.857573307642177,0.2640136523893887,16.21886163681002,16.58712246783304,-1,0.005017642679097472,0.004181448497358797,0.008590533093924657,-0.06489677474675015,0.18798618783034282,0.1782488538463611,1.3,247.805,2.35,2.0,0.0
2017-12-15,16.010000228881836,16.010000228881836,15.954999923706056,15.977999687194824,373,40.496977356508204,-0.31027045008699794,-0.28038395678319733,-0.02988649330380061,13.530653956425695,0.3398283536131369,16.195922403513332,16.563235299964877,-1,0.06019624297979472,0.008075665781985819,0.015378725547853689,-0.0632035696584844,0.18931509579203373,0.17571727901138032,1.3,247.805,2.35,2.0,0.0
2017-12-18,15.979999542236328,16.1200008392334,15.979999542236328,16.1200008392334,46,44.79736871541316,-0.277560728797134,-0.2798193111859847,0.002258582388850683,12.316645378627907,0.42512224824217143,16.188691778343816,16.54585355640678,-1,0.007421090416307039,0.008887292202939268,0.026947907338845,-0.0713215218659975,0.1788543741382832,0.17684854172859923,1.3,247.805,2.39,2.0,0.0
2017-12-19,16.15999984741211,16.15999984741211,16.06599998474121,16.06599998474121,16,43.50957229198333,-0.25307812952613773,-0.2744710748540153,0.021392945327877555,11.974072238652198,0.41459274606277735,16.177006845619758,16.52703576928264,-1,0.0025809157411664126,-0.0033499287643186104,0.031061494857276495,-0.04522491797391892,0.14678594451922183,0.1756904303691632,1.3,247.805,2.46,2.0,0.0
2017-12-20,16.094999313354492,16.187999725341797,16.094999313354492,16.187999725341797,16,47.202342808546874,-0.22128035159324355,-0.26383293020186094,0.042552578608617386,11.293625248787118,0.49674637734589105,16.178053786545668,16.513740238147705,-1,0.002580603538652602,0.007593659947495057,0.02559549660788263,-0.044899386765279936,0.14708442054630558,0.1740674343358248,1.3,247.805,2.49,1.0,0.0
2017-12-21,16.094999313354492,16.152000427246094,16.094999313354492,16.152000427246094,46,46.24176690894833,-0.19671758808544126,-0.250409861778577,0.05369227369313573,10.08577174057705,0.5033774494362128,16.175572514231423,16.499554363210386,-1,0.007416483941699988,-0.002223826211174673,0.019053630189778126,-0.05549379651609121,0.14099715429267448,0.17400824474296248,1.3,247.805,2.48,1.0,0.0
2017-12-22,16.139999389648438,16.35700035095215,16.139999389648438,16.35700035095215,194,52.206381588888306,-0.15887819155906868,-0.23210352773467535,0.07322533617560667,9.023876233692778,0.6662054818021579,16.192851355823873,16.493964009788495,-1,0.031229626290837968,0.012691921637164594,0.02372015716467102,-0.03674698287699507,0.15021418881209644,0.17606056401213782,1.3,247.805,2.48,1.0,0.0
2017-12-26,16.479999542236328,16.520000457763672,16.479999542236328,16.520000457763672,64,56.353144807284274,-0.11441850551430832,-0.20856652329060196,0.09414801777629364,7.854348755243162,0.8395628688520312,16.224008413151473,16.494985046963993,-1,0.010297418405026428,0.009965158850292255,0.0248138708254122,-0.028749503090232054,0.15555584261589045,0.17617515163420985,1.3,247.805,2.47,1.0,0.0
2017-12-27,16.594999313354492,16.625,16.579999923706055,16.618999481201172,627,58.69709117098347,-0.07038414556953398,-0.18093004774638838,0.1105459021768544,7.368384713560731,0.9538243394760029,16.26162661010859,16.49984835811055,-1,0.448337504469074,0.005992676797474061,0.034420484064806134,-0.011421172646640998,0.15273981529956634,0.17659081619499134,1.3,247.805,2.42,1.0,0.0
2017-12-28,16.649999618530273,16.832000732421875,16.649999618530273,16.832000732421875,207,63.26774406140295,-0.018090639583007828,-0.14836216611371228,0.13027152653070445,8.184583508135082,1.0555062718467176,16.315947955090806,16.512873941416878,-1,0.7371794871794871,0.012816731323786579,0.03978261786549919,0.02278665512004352,0.1386504164166397,0.1784965853999146,1.3,247.805,2.43,1.0,0.0
2017-12-29,16.920000076293945,17.059999465942383,16.920000076293945,17.059999465942383,17,67.42338928409788,0.04127415028366599,-0.11043490283423663,0.15170905311790261,9.585388755306413,1.098836803116376,16.38681000374334,16.534329844339446,-1,0.08399209486166008,0.013545551544644097,0.056215887486272376,0.04138685738755865,0.14350690399850166,0.18050772163732814,1.3,247.805,2.4,1.0,0.0
2018-01-02,17.155000686645508,17.15999984741211,17.121000289916992,17.121000289916992,34,68.45176973923819,0.09218082744460432,-0.06991175677846845,0.16209258422307277,10.924927767495026,1.0352784597805773,16.45673288814083,16.55733652847974,-1,0.1910649058724361,0.003575663885358793,0.04670782677585317,0.050561413766943675,0.1410016931480734,0.18061345763209055,1.41,248.859,2.46,1.0,0.0
2018-01-03,17.079999923706055,17.184999465942383,17.079999923706055,17.184999465942383,4,69.53826036196257,0.13611982983261228,-0.028705439456252303,0.1648252692888646,12.170029037088376,0.9887795873371956,16.526091609836218,16.581950761321412,-1,0.0299625468164794,0.0037380512202362937,0.04025417613509763,0.05533032714706154,0.14052675006027,0.17985425191005316,1.41,248.859,2.44,1.0,0.0
2018-01-04,17.084999084472656,17.229999542236328,17.084999084472656,17.18899917602539,34,69.60870355297537,0.1693128162135089,0.010898211677699937,0.15841460453580897,13.086646887407266,0.9261880134391719,16.589225663758995,16.605756581505883,-1,0.2586534804108026,0.0002327442657727996,0.03429807525230277,0.07612844398654373,0.11476102571579219,0.1785499545695683,1.41,248.859,2.46,0.0,0.0
2018-01-05,17.204999923706055,17.204999923706055,17.204999923706055,17.204999923706055,0,69.90849871623263,0.1946656393615207,0.04765169721446409,0.1470139421470566,13.69826538439796,0.8827870380796614,16.647870831373,16.629256320415696,1,0.0,0.0009308713972702165,0.022160122092063972,0.08425761851633085,0.10878770079929655,0.17624048759277455,1.41,248.859,2.47,0.0,1.0
2018-01-08,17.06399917602539,17.06399917602539,17.06399917602539,17.06399917602539,0,63.924284986296165,0.20106262760424798,0.07833388329242087,0.1227287443118271,13.665371607931952,0.7892063966200317,16.687502102292278,16.64630505985137,1,0.0,-0.008195335559774364,0.00023444960188845343,0.0858414896811408,0.10644168423709997,0.17683511111941294,1.41,248.859,2.49,1.0,0.0
2018-01-09,16.93600082397461,16.94499969482422,16.93600082397461,16.93600082397461,9,58.987913854810486,0.19357250623362887,0.10138160788066247,0.0921908983529664,13.32879846009772,0.709818172668618,16.711168647214404,16.657665678052282,1,0.08249312557286893,-0.007501075845726568,-0.01080541223116116,0.07625830949955614,0.11390460302948396,0.17677346395776575,1.41,248.859,2.55,1.0,0.0
2018-01-10,16.96299934387207,16.96299934387207,16.954999923706055,16.96299934387207,180,59.69491805602677,0.18765195112044708,0.1186356765286194,0.06901627459182769,12.77493770620413,0.7008952413863775,16.735152523086562,16.669639547300118,1,1.575492341356674,0.0015941496565849977,-0.012918250158242772,0.08065234314268532,0.11188428281451872,0.17591049107269913,1.41,248.859,2.55,1.0,0.0
2018-01-11,16.954999923706055,16.96500015258789,16.893999099731445,16.893999099731445,35,56.99089158076315,0.17537056281120655,0.12998265378513682,0.045387909026069734,11.684617987052764,0.6493966462099939,16.750280768481314,16.678437961120956,1,0.32972209138012243,-0.004067691258005657,-0.017162143838217236,0.08419967524151373,0.10806037007126149,0.17603052352750032,1.41,248.859,2.54,0.0,1.0
2018-01-12,16.924999237060547,17.1200008392334,16.920000076293945,17.069000244140625,52,61.72621781783554,0.17771007280314421,0.1395281375887383,0.03818193521440591,10.952458094318628,0.7194349231161449,16.780635004258393,16.693754129082514,1,0.5239294710327456,0.010358775525918018,-0.007904660282970544,0.08141154429256381,0.10562623409409043,0.1729728392042567,1.41,248.859,2.55,0.0,0.0
2018-01-16,17.30500030517578,17.325000762939453,17.121999740600586,17.121999740600586,4,63.05295444613506,0.18174571627166003,0.14797165332532267,0.03377406294633736,10.1722486353884,0.7291393012961649,16.81314593152908,16.710548074632243,1,0.04085801838610827,0.0031050146875564177,0.0033990018387182186,0.08025232356574286,0.10565990770983073,0.17299050293613935,1.41,248.859,2.54,0.0,0.0
2018-01-17,17.094999313354492,17.1200008392334,16.969999313354492,17.104999542236328,88,62.30687302882422,0.18148022776612294,0.15467336821348274,0.0268068595526402,9.422890588103167,0.7001643915678547,16.840941513501196,16.726016759636327,1,1.0520023909145246,-0.0009928862645609549,0.009978667338187863,0.07053447722525052,0.1057833544733291,0.170176517173912,1.41,248.859,2.57,0.0,1.0
2018-01-18,17.0,17.010000228881836,16.89299964904785,16.89299964904785,6,53.763410324717135,0.16229240081636576,0.15619717473405934,0.006095226082306421,8.673410801762653,0.5452216050352179,16.845899431172306,16.7325651082407,1,0.07348438456827923,-0.012394030918562615,-0.004126610713423573,0.04795277726866498,0.11764583496906697,0.1707486046905465,1.41,248.859,2.62,0.0,1.0
2018-01-19,16.934999465942383,16.989999771118164,16.934999465942383,16.975000381469727,35,56.26161212071573,0.1519510859826454,0.15534795698377657,-0.0033968710011311742,7.616005331425758,0.579805426716662,16.85819475977206,16.742072373857525,1,0.42372881355932207,0.004854125029624123,0.004794677758658716,0.05657913591384567,0.11596706564237769,0.17105177216278744,1.41,248.859,2.64,1.0,1.0
2018-01-22,16.985000610351562,16.985000610351562,16.930999755859375,16.930999755859375,3,54.55817023329306,0.13860725851742117,0.1519998172905055,-0.013392558773084318,6.630647088198921,0.5190863147869057,16.865128568923232,16.749481290798773,1,0.036607687614399025,-0.0025920839246863503,-0.008084860642533664,0.045898198858654204,0.11598222980364832,0.17054263266032546,1.41,248.859,2.66,1.0,1.0
2018-01-23,16.854999542236328,16.854999542236328,16.854999542236328,16.854999542236328,10,51.649326077210596,0.12051042783807375,0.14570193940001916,-0.025191511561945407,5.214017524155383,0.39841532108348715,16.864163899714956,16.753619261443383,1,0.12476606363069244,-0.004488820194846754,-0.015593984488338264,0.04352396584910778,0.11741563532908524,0.17072949816237232,1.41,248.859,2.63,1.0,1.0
2018-01-24,17.424999237060547,17.424999237060547,17.424999237060547,17.424999237060547,3,66.20324976280456,0.15042872215973802,0.14664729595196294,0.0037814262077750793,4.717791393827551,1.0322728954893579,16.917576788985965,16.779947887938174,1,0.042492917847025496,0.03381784101482044,0.018707962782113174,0.06529307716535149,0.15779174561931705,0.1833119623725068,1.41,248.859,2.65,0.0,0.0
2018-01-25,17.524999618530273,17.551000595092773,17.524999618530273,17.551000595092773,1,68.46311063284226,0.1822060841959825,0.15375905360076686,0.02844703059521564,4.772846053381559,1.1160333798650788,16.977902865758043,16.810185249003062,1,0.014825796886582653,0.007231068209417213,0.0389511016228552,0.062409207552084345,0.15654140407862382,0.18356966160223737,1.41,248.859,2.63,0.0,0.0
2018-01-26,17.381999969482422,17.381999969482422,17.381999969482422,17.381999969482422,41,62.43308288851226,0.19154492381448307,0.1613162276435101,0.030228696170972957,4.452408639238009,0.8866220832234741,17.016388304207982,16.83260935568853,1,1.0747051114023591,-0.009629116282840577,0.023976411126151342,0.04591133715024953,0.16238121784616108,0.18449527926883758,1.41,248.859,2.66,0.0,0.0
2018-01-30,17.05500030517578,17.184999465942383,17.01300048828125,17.01300048828125,22,51.721453653409505,0.16724297431646562,0.16250157697810122,0.0047413973383644,4.256751806675183,0.3847176875079049,17.016065655072104,16.839683517750988,1,0.7612456747404844,-0.0212288276291005,0.004843230382393537,0.010753312023729533,0.1777176123642427,0.18888237771583155,1.41,248.859,2.73,0.0,0.0
2018-01-31,17.174999237060547,17.209999084472656,17.174999237060547,17.20400047302246,22,55.935699717587454,0.16153354857154767,0.16230797129679053,-0.0007744227252428626,4.28401297760174,0.6363380925605192,17.033964209162615,16.8539704571734,1,0.7547169811320755,0.011226707768143163,0.02070607773744415,0.008440856482296644,0.1756834406592336,0.18080267938123665,1.41,248.859,2.72,0.0,0.0
2018-02-01,17.118000030517578,17.118000030517578,17.118000030517578,17.118000030517578,0,53.66425161498483,0.14835907944256022,0.1595181929259445,-0.011159113483384275,4.283754166341797,0.5191761526544595,17.041967620720232,16.864324558088857,1,0.0,-0.004998863063259029,-0.017618319654787995,-0.0001752385578300819,0.1762828023931307,0.18104399335978577,1.42,249.529,2.78,0.0,0.0
2018-02-02,16.676000595092773,16.676000595092773,16.676000595092773,16.676000595092773,3,43.816128723520514,0.10108728593789706,0.14783201152833503,-0.04674472559043796,4.784657310189626,0.00743384883990432,17.007113618279522,16.85693930463803,1,0.10948905109489052,-0.025820740427434208,-0.0498547074429847,-0.0296187888663223,0.19841389985780913,0.18535772780603316,1.42,249.529,2.84,1.0,0.0
2018-02-05,16.638999938964844,16.638999938964844,16.638999938964844,16.638999938964844,12,43.10303174768842,0.05994736933072886,0.1302550830888138,-0.07030771375808495,5.24687966593369,0.039482384378508095,16.972055172630505,16.848392662846923,1,0.45627376425855515,-0.0022187967622655513,-0.04274537060304129,-0.03199716466492508,0.19832031167339587,0.17868109725113074,1.42,249.529,2.77,0.0,0.0
2018-02-06,16.704999923706055,16.704999923706055,16.540000915527344,16.54800033569336,206,41.32184658527613,0.01977285241934723,0.1081586369549205,-0.08838578453557328,5.776991803803638,0.021786331531528334,16.93166899768411,16.836612571586,1,5.628415300546448,-0.00546905484736393,-0.02733204838900627,-0.03818654989398995,0.19853059085853764,0.17568200467017506,1.42,249.529,2.79,1.0,0.0
2018-02-07,16.6299991607666,16.6299991607666,16.20599937438965,16.20599937438965,4,35.40093595423437,-0.03921036831231106,0.0786848359014742,-0.11789520421378526,7.125592849389317,-0.1359612481387636,16.862557604989398,16.811882642284182,1,0.10869565217391305,-0.020667207781355224,-0.05800982743506522,-0.05028128475540583,0.20866489601048763,0.17875884936877742,1.42,249.529,2.84,1.0,0.0
2018-02-08,16.31399917602539,16.31399917602539,16.31399917602539,16.31399917602539,0,38.402530124693435,-0.07636008279138906,0.04767585216290155,-0.1240359349542906,7.9096453099989334,0.029816234708396824,16.810313945088065,16.79235780047011,1,0.0,0.006664186462108201,-0.04696815358446271,-0.03672659528149724,0.21026352894279493,0.17848719552743084,1.42,249.529,2.85,1.0,0.0
2018-02-09,16.115999221801758,16.115999221801758,16.115999221801758,16.115999221801758,16,35.17556926686427,-0.12039065221829048,0.014062551286663144,-0.13445320350495363,9.003787220434434,-0.016361916869193957,16.744188733346512,16.76583393463998,-1,0.5683836589698047,-0.012136812812557185,-0.03358127568403946,-0.04993221451584229,0.2129397639622969,0.17975203027745365,1.42,249.529,2.83,2.0,0.0
2018-02-12,16.375,16.54800033569336,16.344999313354492,16.54800033569336,2,45.86421653974147,-0.11905393653327323,-0.01256074627732413,-0.1064931902559491,9.196592426059388,0.2832947643241602,16.72550412404621,16.75729144056364,-1,0.07547169811320754,0.026805729383952093,-0.00546905484736393,-0.020480571947206205,0.2363468008504832,0.186826691242982,1.42,249.529,2.86,1.0,0.0
2018-02-13,16.506999969482422,16.506999969482422,16.506999969482422,16.506999969482422,3,45.10408721945899,-0.11992059663126398,-0.0340327163481121,-0.08588788028315188,9.352474924322468,0.2783685144941647,16.704694204563946,16.747476088756535,-1,0.12474012474012473,-0.0024776628824754177,-0.0024776628824754177,-0.032925201629845025,0.23253708942853152,0.18681548330037434,1.42,249.529,2.83,1.0,0.0
2018-02-14,16.857999801635742,16.857999801635742,16.857999801635742,16.857999801635742,201,52.38028003400775,-0.09123300073419571,-0.045472773225328826,-0.04576022750886689,9.247619159096397,0.5095017518316612,16.7192947376184,16.7518103520067,-1,5.929203539823009,0.02126369617751478,0.0402320407513066,-0.015418756159587654,0.24576615815687894,0.19159906107137892,1.42,249.529,2.91,0.0,0.0
2018-02-15,16.777000427246094,16.777000427246094,16.777000427246094,16.777000427246094,23,50.70989593617007,-0.07417876030194392,-0.05121397064065185,-0.022964789661292076,9.149893025488733,0.4676549548099945,16.724790517582942,16.75279819809452,-1,0.7504078303425775,-0.004804803377787992,0.02838061018791249,-0.019175628399189737,0.24618510697395393,0.1913792759888982,1.42,249.529,2.9,1.0,0.0
2018-02-16,16.69499969482422,16.69499969482422,16.69499969482422,16.69499969482422,1,49.006093004769795,-0.06651320288808549,-0.05427381709013858,-0.012239385797946908,9.17230179056656,0.4209721076627005,16.721953296367825,16.75053159012314,-1,0.03289473684210526,-0.004887687329893864,0.03592706012539315,-0.011720828647196035,0.24293829273899822,0.18794736067100667,1.42,249.529,2.87,1.0,0.0
2018-02-20,16.424999237060547,16.424999237060547,16.424999237060547,16.424999237060547,0,43.789058578557885,-0.08128793712460691,-0.059676641097032246,-0.021611296027574667,9.360937493650066,0.2681406301533818,16.69367195738618,16.737765615493235,-1,0.0,-0.01617253445337752,-0.007432988647426142,-0.03240065579082829,0.24820696688960875,0.18000884741710152,1.42,249.529,2.88,1.0,0.0
2018-02-21,16.604000091552734,16.604000091552734,16.604000091552734,16.604000091552734,0,47.75964819646289,-0.07765795490455929,-0.06327290385853766,-0.014385051046021627,9.383672617752225,0.3925936731531862,16.685131779687755,16.73251990867204,-1,0.0,0.010898073839072042,0.005876302311119019,-0.019313665407943437,0.2520769591486295,0.18081372946617405,1.42,249.529,2.94,1.0,0.0
2018-02-22,16.56999969482422,16.57900047302246,16.56999969482422,16.57900047302246,21,47.25757328394672,-0.07592323236529097,-0.06580296955988833,-0.010120262805402638,9.432451224659856,0.3859763543536757,16.675024036195822,16.726499538646564,-1,0.7228915662650602,-0.0015056383035670917,-0.016549966300640873,-0.016374908140593614,0.2517457338373002,0.17979025339115454,1.42,249.529,2.92,1.0,0.0
2018-02-23,16.549999237060547,16.55500030517578,16.47599983215332,16.47599983215332,20,45.15151235045041,-0.08191547258345722,-0.06902547016460212,-0.012890002418855101,8.819833057833993,0.3400219049733096,16.656069350096537,16.71667602074487,-1,0.6688963210702341,-0.006212717168127546,-0.017941264077453556,-0.05446194814682326,0.21753445583633257,0.17967235592498285,1.42,249.529,2.88,1.0,0.0
2018-02-26,16.54199981689453,16.54199981689453,16.54199981689453,16.54199981689453,68118,46.78794501043761,-0.08041178197635546,-0.0713027325269528,-0.009109049449402662,7.571631915346336,0.4053929982187981,16.64520558502968,16.709825973535054,-1,19.826238812486356,0.004005825771642213,-0.009164413340907118,-0.0574896441220768,0.21586952902592182,0.17985698626633115,1.42,249.529,2.86,1.0,0.0
2018-02-27,16.610000610351562,16.649999618530273,16.260000228881836,16.34600067138672,23900,42.71242750994949,-0.09395256268678409,-0.07583269855891905,-0.018119864127865037,6.629885433532544,0.2606695139026862,16.616709878968443,16.695558314627277,-1,5.163436818113078,-0.011848576210697126,-0.004809654145710995,-0.0596018467330921,0.21693945851600868,0.17991361333941772,1.42,249.529,2.9,1.0,0.0
2018-02-28,16.334999084472656,16.43000030517578,16.299999237060547,16.323999404907227,1018,42.26735370303623,-0.10524583877238669,-0.08171532660161258,-0.023530512170774107,6.409498995559723,0.26364357778492165,16.58883269096261,16.680987376991197,-1,0.21759110826119482,-0.0013459724443792842,-0.016863447669333453,-0.040498504884462605,0.20579374152047197,0.17462349325711604,1.42,249.529,2.87,1.0,0.0
2018-03-01,16.350000381469727,16.46500015258789,16.09000015258789,16.200000762939453,564,39.75313476414028,-0.12278609388221184,-0.08992948005773244,-0.03285661382447941,5.691215075760696,0.15453440671322918,16.55180107876993,16.662125156832307,-1,0.11985719143148588,-0.00759609449204568,-0.022860226748875556,-0.058358502817840385,0.2005112126342893,0.1750668019763203,1.51,249.577,2.81,1.0,0.0
2018-03-02,16.389999389648438,16.4950008392334,16.360000610351562,16.392000198364258,83,45.189737776283295,-0.1198129929926921,-0.09590618264472438,-0.023906810347967725,4.682525470679366,0.3748841990467399,16.53658194730272,16.65153202120611,-1,0.017623016083656243,0.011851816443369634,-0.005098302661131093,-0.04241148678928752,0.20703894318332455,0.17644319354410767,1.51,249.577,2.86,1.0,0.0
2018-03-05,16.46500015258789,16.545000076293945,16.31999969482422,16.33799934387207,143,43.9874530044645,-0.12042601068270287,-0.10081014825232008,-0.019615862430382783,4.629889036714474,0.3246829205153954,16.517669318404565,16.63923662209497,-1,0.030317485556792284,-0.0032943419862559997,-0.012332273925799053,-0.020268723864172,0.18681650944406014,0.17657183264875773,1.51,249.577,2.88,1.0,0.0
2018-03-06,16.3700008392334,16.809999465942383,16.3700008392334,16.71500015258789,344,53.32402153150907,-0.08945978042053326,-0.09854007468596272,0.009080294265429459,4.726222084147613,0.807576549232731,16.536462731183928,16.64220774093783,-1,0.0726758004373224,0.02307509021030918,0.022574297445557834,0.004567595041879313,0.20494335036254563,0.17795012325849405,1.51,249.577,2.88,2.0,0.0
2018-03-07,16.639999389648438,16.639999389648438,16.399999618530273,16.42799949645996,34,46.91308792674128,-0.08707364346270552,-0.09624678844131129,0.009173144978605774,4.716326548720872,0.4465721410859425,16.526132899305455,16.633807417624975,-1,0.007196147944335679,-0.017170245498531744,0.006370993343792319,-0.007251682185101305,0.2134477777731672,0.18117060471188345,1.51,249.577,2.89,2.0,0.0
2018-03-08,16.440000534057617,16.46500015258789,16.375,16.43600082397461,70,47.10402263036125,-0.08357358817021776,-0.09371214838709259,0.010138560216874828,4.485854259092852,0.4391339205663804,16.51754889213109,16.626050296305355,-1,0.014805257981620329,0.0004870542829253921,0.014567904316094227,0.014192364461548257,0.19920351570749867,0.1799033979996091,1.51,249.577,2.86,2.0,0.0
2018-03-09,16.329999923706055,16.614999771118164,16.30500030517578,16.54599952697754,355,49.77825654700801,-0.07110414873375959,-0.08919054845642599,0.018086399722666402,4.395389172368898,0.5736633121901449,16.52025847640218,16.622911050449364,-1,0.07480298369084243,0.006692546695573176,0.009394785672870443,0.014220936782508131,0.1992146775129541,0.18030960265777712,1.51,249.577,2.9,1.0,0.0
2018-03-12,16.565000534057617,16.565000534057617,16.389999389648438,16.47100067138672,48,47.99654071419362,-0.06650715590350842,-0.08465386994584248,0.01814671404233406,3.865789493946193,0.4383485566367652,16.5155672568769,16.616953780682202,-1,0.010110797489151958,-0.004532748563695899,0.008140612856893936,0.022027889471768702,0.19442210680388938,0.18052101126761322,1.51,249.577,2.87,1.0,0.0
2018-03-13,16.4950008392334,16.559999465942383,16.459999084472656,16.55900001525879,19,50.246783614993014,-0.05512771635834923,-0.07874863922834384,0.023620922869994607,3.8692392924654566,0.575291975306543,16.519703710056127,16.61468108399893,-1,0.004001474227346917,0.005342683521647906,-0.00933294262070039,0.0006647135208055488,0.17090992973423708,0.1799439159907111,1.51,249.577,2.84,1.0,0.0
2018-03-14,16.53499984741211,16.53499984741211,16.466999053955078,16.466999053955078,3,47.91255129505453,-0.05292307298556409,-0.07358352597978789,0.020660452994223796,3.8766503071690215,0.43452902565424323,16.514684218998884,16.60888963184035,-1,0.000631811720107408,-0.005555949104350089,0.002373968753987432,-0.002423269861349442,0.17186236363712162,0.17871571399654224,1.51,249.577,2.81,1.0,0.0
2018-03-15,16.485000610351562,16.485000610351562,16.30500030517578,16.35300064086914,34,45.115789389389796,-0.05968656685151075,-0.07080413415413246,0.011117567302621714,3.43895532400245,0.2695230910706742,16.499285782986526,16.59885476944932,-1,0.007173147112808287,-0.006922840811031561,-0.005049901371652399,-0.029956054496904305,0.15393321823831607,0.17924655047714674,1.51,249.577,2.82,1.0,0.0
2018-03-16,16.334999084472656,16.405000686645508,16.184999465942383,16.20199966430664,34,41.64790218954808,-0.07635107365914351,-0.07191352205513467,-0.004437551604008841,3.343735823600831,0.04035539792362921,16.470972819302727,16.583291824149608,-1,0.0071723148646225575,-0.009233839090369789,-0.020790515683867916,-0.034273156601083654,0.15600014208315194,0.17965595187771313,1.51,249.577,2.85,1.0,0.0
2018-03-19,16.165000915527344,16.260000228881836,16.165000915527344,16.2549991607666,137,43.295424028435555,-0.0843093334214906,-0.07439268432840586,-0.009916649093084748,3.22486526400695,0.16429941815900276,16.450403899442144,16.570417602056157,-1,0.028858812996998263,0.0032711700751801853,-0.013114049044716136,-0.02635522863735218,0.15650102871065177,0.1788750430328533,1.51,249.577,2.85,1.0,0.0
2018-03-20,16.21500015258789,16.21500015258789,16.049999237060547,16.125,114,40.29051702926666,-0.09995395052241207,-0.07950493756720711,-0.02044901295520496,3.6189824841970113,0.007035926126983958,16.419413051876226,16.55295024511278,-1,0.02398510398804953,-0.007997488002359887,-0.026209313053859984,-0.018264794581155486,0.14855809097991224,0.17952038429483375,1.51,249.577,2.89,1.0,1.0
2018-03-21,16.385000228881836,16.530000686645508,16.35700035095215,16.35700035095215,76,47.317775378239816,-0.09256490230020376,-0.08211693051380645,-0.010447971786397309,3.479495224717815,0.4149490669331667,16.41346898512155,16.545265935537852,-1,0.015977295422294632,0.014387618663699087,-0.0066799483404664795,-0.014875917805267092,0.15262429010489684,0.181240191781332,1.51,249.577,2.89,1.0,0.0
2018-03-22,16.489999771118164,16.5049991607666,16.327999114990234,16.327999114990234,2,46.57978175826496,-0.08803438018232512,-0.08330042044751018,-0.004733959734814941,3.363788459147537,0.38212228108758944,16.405328997489995,16.536745668065397,-1,0.00042053913116615497,-0.0017730167720040324,-0.0015288647281296308,-0.015139715958188082,0.15264487653978023,0.18121701232930842,1.51,249.577,2.83,1.0,0.0
2018-03-23,16.450000762939453,16.549999237060547,16.450000762939453,16.530000686645508,55,52.17487499296427,-0.06736749952849763,-0.08011383626370767,0.012746336735210043,3.414756266776031,0.7398770124655382,16.41720249169528,16.536481158990107,-1,0.011560572143224979,0.0123714835009896,0.020244477788841087,0.0032775464337406746,0.15791677665066758,0.18112542280590985,1.51,249.577,2.82,1.0,0.0
2018-03-26,16.700000762939453,16.725000381469727,16.614999771118164,16.631999969482422,43,54.75195859898632,-0.04227108329673257,-0.07254528567031265,0.030274202373580084,3.558975154983146,0.8971360404611756,16.437659394341676,16.540226994695686,-1,0.03176244644703797,0.006170555269203293,0.023192914683487498,0.005440705693635195,0.15879298242463144,0.18042372409994503,1.51,249.577,2.85,1.0,0.0
2018-03-27,16.5049991607666,16.5049991607666,16.48900032043457,16.48900032043457,167,50.632638942429104,-0.033534306591366914,-0.06474308985452351,0.031208783263156598,3.573782740030899,0.6392488044672585,16.44254900635052,16.538218105508978,-1,0.9991026024528866,-0.008597862512640497,0.022573663282764,0.008748295801686234,0.1558495184422188,0.1808800232035512,1.51,249.577,2.78,1.0,0.0
2018-03-28,16.450000762939453,16.450000762939453,16.19499969482422,16.204999923706055,79,43.61445226347209,-0.04896239858013729,-0.06158695159964627,0.012624553019508981,3.710958379512942,0.17731807811929584,16.419925284193905,16.525150725830432,-1,0.6572379367720466,-0.017223627340012704,-0.009292683498490328,-0.007289848415787059,0.16817621422265427,0.18225226011253015,1.51,249.577,2.77,1.0,0.0
2018-03-29,16.25,16.25,16.209999084472656,16.222999572753906,39,44.142900565350665,-0.05905608954666519,-0.061080779189050055,0.0020246896423848637,3.6754267507650735,0.20217089000041663,16.401170454532952,16.5133016610039,-1,0.41511442256519426,0.0011107466295954271,-0.006430643552640225,0.0014196795513161664,0.1660198872328393,0.17991771073263854,1.51,249.577,2.74,1.0,0.0
2018-04-02,16.469999313354492,16.62700080871582,16.469999313354492,16.62700080871582,6,54.459485840590375,-0.03406322929217609,-0.055677269209675265,0.021614039917499175,3.860049817647319,0.8357020067667014,16.422678107312272,16.517760451110252,-1,0.06659267480577137,0.02490299245525618,0.005868125713308636,0.014336298652254387,0.18333957465009698,0.18713478269643444,1.69,250.227,2.73,1.0,0.0
2018-04-03,16.347000122070312,16.347000122070312,16.347000122070312,16.347000122070312,0,47.86158538675986,-0.03642998068511716,-0.05182781150476365,0.01539783081964649,3.8549541538420518,0.39293314366697013,16.41547068014637,16.51106396761849,-1,0.0,-0.016840119866881387,-0.01713563299272769,0.0005509106720351653,0.1934651893500641,0.18993435088576927,1.69,250.227,2.79,1.0,0.0
2018-04-04,16.434999465942383,16.44499969482422,16.208999633789062,16.208999633789062,39,44.96984173269263,-0.04887770257170487,-0.0512377897181519,0.002360087146447025,3.6195591535318976,0.19581509626686616,16.395806770969482,16.49921830746832,-1,0.5760709010339734,-0.008441945754617874,-0.016981058960773177,-0.030272241350861595,0.17565044547849726,0.19056340047593398,1.69,250.227,2.79,1.0,0.0
2018-04-05,16.200000762939453,16.31999969482422,16.190000534057617,16.31999969482422,12,47.70666245642,-0.04921847465016782,-0.05083392670455508,0.001615452054387262,3.6320687402780125,0.392366912869631,16.388587049431838,16.492190126580315,-1,0.1801801801801802,0.006848051301313385,0.007096561040394134,-0.006574129836016573,0.16760133093045979,0.1911973823587067,1.69,250.227,2.83,1.0,0.0
2018-04-06,16.299999237060547,16.332000732421875,16.28499984741211,16.332000732421875,4,48.007730475680354,-0.0479672192947298,-0.050260585222590026,0.0022933659278602248,3.631043797434848,0.4212251186753413,16.38319787638327,16.485908189554493,-1,0.06319115323854661,0.0007353577096855801,0.006718927605165792,-0.006327578871925699,0.1676196831505549,0.19060741711152362,1.69,250.227,2.77,1.0,0.0
2018-04-09,16.344999313354492,16.499000549316406,16.344999313354492,16.499000549316406,35,52.137234860588656,-0.033118333331849215,-0.04683213484444187,0.013713801512592654,3.5752181467251467,0.7092253379350563,16.3942267023769,16.48642161542751,-1,0.7399577167019028,0.010225312846270374,-0.007698337233033481,-0.0028405039891669093,0.170000921180058,0.19136170984600304,1.69,250.227,2.78,1.0,0.0
2018-04-10,16.40999984741211,16.56599998474121,16.40999984741211,16.56599998474121,6,53.725209099646435,-0.015762489556880865,-0.04061820578692967,0.024855716230048806,3.6831580216513276,0.806208343965858,16.410586062602075,16.489542335792752,-1,0.1327433628318584,0.004060817818906104,0.013396945068546495,0.005767671026783772,0.1697876032198353,0.19153939245726026,1.69,250.227,2.8,1.0,0.0
2018-04-11,16.738000869750977,16.738000869750977,16.738000869750977,16.738000869750977,0,57.61316129715188,0.011735891573081858,-0.030147386314927367,0.041883277888009225,4.043803430764188,1.024754679154457,16.441768425187686,16.49928580771268,-1,0.0,0.010382765010756634,0.03263626676005127,0.010809883104489604,0.1726604014811916,0.19262887309081894,1.69,250.227,2.79,1.0,0.0
2018-04-12,16.614999771118164,16.614999771118164,16.44300079345703,16.44300079345703,3,49.873492698961066,0.009613695300192404,-0.022195169991903414,0.03180886529209582,4.032523945222038,0.5817089603145714,16.44188579359429,16.497078552251676,-1,0.06779661016949153,-0.01762457049617383,0.007536832165004448,-0.0014573548233903777,0.18349071813738527,0.19470367384892284,1.69,250.227,2.83,1.0,0.0
2018-04-13,16.628000259399414,16.628000259399414,16.628000259399414,16.628000259399414,0,54.04300546696049,0.02259924028635041,-0.013236287936252651,0.03583552822260306,4.216809455249871,0.8256600167191347,16.459610980813828,16.502212736845706,-1,0.0,0.011250955240238003,0.018123898708253705,0.01681646228539857,0.18575778675795543,0.19606498977454656,1.69,250.227,2.82,1.0,0.0
2018-04-16,16.66200065612793,16.66200065612793,16.66200065612793,16.66200065612793,120,54.78735339922319,0.03522784147850899,-0.003543462053300323,0.03877130353180931,4.268011577897373,0.8369938126557795,16.4788861879866,16.508478929758734,-1,2.5613660618996796,0.0020447676327943753,0.009879392774386986,0.02839161840218285,0.18189161577636237,0.19613027713564107,1.69,250.227,2.83,1.0,0.0
2018-04-17,16.77199935913086,16.77199935913086,16.77199935913086,16.77199935913086,0,57.20243437456958,0.05349541311956685,0.007864312981273113,0.04563110013829373,4.521677099009468,0.9307087717267953,16.506801728095578,16.518813064243915,-1,0.0,0.006601770415995967,0.012435070299371853,0.031805612122829174,0.18272113223998088,0.19502056894567318,1.69,250.227,2.82,1.0,0.0
2018-04-18,16.825000762939453,17.231000900268555,16.825000762939453,17.231000900268555,11,65.48693844329031,0.10381348634084375,0.02705414765318724,0.07675933868765651,5.763384399564597,1.2611247524445297,16.575773077826337,16.54674199898998,1,0.31563845050215206,0.027367133238519248,0.029453937441748623,0.06858920311742978,0.19982959989704024,0.20256885801865737,1.69,250.227,2.87,0.0,0.0
2018-04-19,17.170000076293945,17.222000122070312,17.170000076293945,17.222000122070312,1,65.22032563389197,0.14133540771103625,0.04991039966475704,0.0914250080462792,6.799247353477804,1.097048330378563,16.63731851061148,16.573222709699014,1,0.03215434083601286,-0.0005223595686830729,0.0473757398906931,0.05288254279873583,0.1959245319214479,0.20248904285988342,1.69,250.227,2.92,0.0,0.0
2018-04-20,17.174999237060547,17.174999237060547,17.100000381469727,17.14699935913086,127,62.92155277768788,0.16313929769295754,0.07255617927039715,0.0905831184225604,7.3447869977656275,0.9561856423541611,16.6858595438038,16.595723754774774,1,3.4002677376171353,-0.0043549391712834895,0.03121235816905088,0.05015925333978766,0.1969006303737878,0.20247566288269064,1.69,250.227,2.96,0.0,0.0
2018-04-23,16.825000762939453,16.829999923706055,16.570999145507812,16.570999145507812,20,48.71933682296257,0.13241424519384282,0.08452779245508628,0.04788645273875654,7.337124532035455,0.4818055692020986,16.6749204582518,16.5947541622545,1,0.5617977528089887,-0.03359189567568999,-0.00546161967570491,0.0024802454421812836,0.2320219374074171,0.202730966814244,1.69,250.227,2.98,1.0,0.0
2018-04-24,16.65999984741211,16.687000274658203,16.65999984741211,16.687000274658203,5,51.112533900623625,0.11608656769577408,0.09083954750322384,0.025247020192550235,7.350044766644811,0.5746841003950421,16.676070916957173,16.598371656858568,1,0.14836795252225518,0.007000249540284109,-0.005067916033897446,0.0033068966616582873,0.23232420233431889,0.20269267301242508,1.69,250.227,3.0,1.0,0.0
2018-04-25,16.55500030517578,16.55500030517578,16.486000061035156,16.486000061035156,2,47.0179696710466,0.08593709885190748,0.08985905777296058,-0.003921958921053098,7.351395461726253,0.41004233534586054,16.657968930678884,16.593964927610592,1,0.07858546168958742,-0.012045317331737415,-0.04323607453481049,-0.00018195520292974,0.23439405726630794,0.2032085648933341,1.69,250.227,3.03,1.0,0.0
2018-04-26,16.488000869750977,16.488000869750977,16.488000869750977,16.488000869750977,69508,47.063429710864014,0.06149598864271155,0.08418644394691077,-0.02269045530419922,7.052946483027016,0.3959448290315146,16.641781496304798,16.589809474361196,1,19.87703394435071,0.00012136410945129406,-0.04261986105659721,0.017463804219518986,0.22525230419384618,0.19863708164496507,1.69,250.227,3.0,1.0,0.0
2018-04-27,16.489999771118164,16.530000686645508,16.385000228881836,16.4060001373291,20148,45.346159751328855,0.035104792717039146,0.07437011370093645,-0.0392653209838973,6.819762341021747,0.31202233103237925,16.619326128783303,16.582601265065822,1,4.474996390773707,-0.004973358084442769,-0.04321451271339627,0.011280316180402261,0.22620186480813576,0.1973318791600648,1.69,250.227,2.96,2.0,0.0
2018-04-30,16.475000381469727,16.485000610351562,16.139999389648438,16.312000274658203,1573,43.391574660569894,0.006529310650904563,0.060801953090930075,-0.05427264244002551,7.013390480808078,0.24983997091010873,16.59005699981901,16.571989461520424,1,0.34339729735629926,-0.005729602699259817,-0.015629647227386467,-0.018945120511000058,0.20837712688117693,0.19740471305657897,1.69,250.227,2.95,2.0,0.0
2018-05-01,16.280000686645508,16.28499984741211,16.0,16.038999557495117,1407,38.23672495756433,-0.037711130635013745,0.04109933634574131,-0.07881046698075506,7.515948122883692,0.05973057924787045,16.537575338645304,16.551087896656686,-1,0.30251233592414617,-0.016736188852768175,-0.03883266653666784,-0.018841412019038217,0.20826960384537607,0.19318375123782303,1.7,250.792,2.97,2.0,0.0
2018-05-02,16.190000534057617,16.450000762939453,16.190000534057617,16.291000366210938,884,44.760287576934864,-0.05184005994283325,0.0225114570880264,-0.07435151703085965,7.405498663964702,0.25502983130802503,16.51409200793727,16.540888385658814,-1,0.18835361046598342,0.015711753579920718,-0.011828199326839872,0.005058963185546439,0.2141715100769631,0.19599264849911904,1.7,250.792,2.97,2.0,0.0
2018-05-03,16.3700008392334,16.530000686645508,16.34000015258789,16.36199951171875,642,46.47559603599968,-0.056655214488873895,0.006678122772646343,-0.06333333726152024,7.362908946834993,0.3100351406386787,16.49960700829741,16.533873135700382,-1,0.13587876735523197,0.004358182058302074,-0.007642003359145222,0.0025735182401902534,0.21334247499976258,0.19592892345280707,1.7,250.792,2.94,1.0,0.0
2018-05-04,16.405000686645508,16.440000534057617,16.329999923706055,16.43400001525879,296,48.2311978922915,-0.05403849808740446,-0.005465201399363819,-0.04857329668804064,7.2741782945033835,0.3631832396523326,16.493358723246114,16.52995654274189,-1,0.062455163100814455,0.004400470950293833,0.0017066852185365633,0.006245363596783848,0.2138743186403287,0.19131881881750815,1.7,250.792,2.95,1.0,0.0
2018-05-07,16.489999771118164,16.5049991607666,16.389999389648438,16.413000106811523,308,47.739365211938804,-0.05304774718646499,-0.014981710556784053,-0.03806603662968094,7.3243333752025475,0.3503454205924994,16.485705521680917,16.52537001584266,-1,0.06480049652328504,-0.0012778330551154182,0.0061917502729711416,-0.005212463763960895,0.21071021354384134,0.1908735957491016,1.7,250.792,2.95,1.0,0.0
2018-05-08,16.415000915527344,16.44499969482422,16.25,16.38800048828125,215,47.12330138853607,-0.0536612566803214,-0.022717619781491522,-0.03094363689882988,7.4079663077971345,0.33885241601422195,16.476400280404757,16.519982975546135,-1,0.04513487981526189,-0.001523159591030443,0.02175951994605807,-0.010744868805017127,0.210124968230467,0.18917833264122014,1.7,250.792,2.97,1.0,0.0
2018-05-09,16.514999389648438,16.514999389648438,16.454999923706055,16.45800018310547,152,49.103832180325185,-0.04794638097949644,-0.027763372021092508,-0.02018300895840393,7.393292624099651,0.40695526673345583,16.47464789018578,16.517552277803365,-1,0.031858481272662484,0.004271399361641004,0.010251047396751867,-0.01672844259146422,0.20704355179034523,0.18137008254985554,1.7,250.792,3.0,1.0,0.0
2018-05-10,16.459999084472656,16.684999465942383,16.454999923706055,16.68000030517578,36,54.87632592139729,-0.025213105311081563,-0.02725331867909032,0.002040213368008758,7.372667675692053,0.5786394022995061,16.49420526304197,16.523922788680714,-1,0.007542821224660835,0.01348888805446724,0.019435325934906267,0.014413397815626006,0.20274949019269586,0.18338481144230118,1.7,250.792,2.97,1.0,0.0
2018-05-11,16.725000381469727,16.725000381469727,16.676000595092773,16.676000595092773,76,54.75583099955974,-0.007433870702154621,-0.023289429083703184,0.015855558381548562,7.384267330697295,0.573279274683008,16.511519104189667,16.529886624226286,-1,0.015911065517999392,-0.00023979076797542298,0.01472560421134772,0.0028867172807640618,0.19894273007268815,0.17815349997595586,1.7,250.792,2.97,1.0,0.0
2018-05-14,16.649999618530273,16.649999618530273,16.549999237060547,16.56999969482422,67,51.52672723784577,-0.001875466734222897,-0.019006636613807127,0.01713116987958423,7.374691472659936,0.4904727365536985,16.5170886842501,16.531459685818362,-1,0.014034646724899978,-0.0063564941524256735,0.009565563089684037,-0.005521603509832662,0.20011839731729844,0.17835550026803215,1.7,250.792,3.0,1.0,0.0
2018-05-15,16.350000381469727,16.350000381469727,16.165000915527344,16.194000244140625,121,42.05317673625612,-0.027493477164487246,-0.02070400472394315,-0.0067894724405440955,7.577474827782704,0.2139795490516315,16.48631835662063,16.518225982223157,-1,0.02531407232293225,-0.02269157861246307,-0.011837944737635997,-0.034462147452656855,0.2136946078066071,0.18412839785080365,1.7,250.792,3.08,1.0,0.0
2018-05-16,16.297000885009766,16.297000885009766,16.297000885009766,16.297000885009766,48,45.03449172776015,-0.03903467663835869,-0.02437013910682626,-0.014664537531532431,6.698919144797177,0.31093955909184534,16.46828812122912,16.50955048821479,-1,0.01003806098122046,0.006360419866388911,-0.009782433850072048,-0.05420462924148717,0.18784624118800636,0.18166238128586265,1.7,250.792,3.09,1.0,0.0
2018-05-17,16.315000534057617,16.413000106811523,16.315000534057617,16.413000106811523,136,48.26284188396595,-0.038378588143519465,-0.027171828914164902,-0.011206759229354563,5.409341947094488,0.4409440359551333,16.46302259604649,16.505764198747993,-1,0.028401081747084188,0.007117826317875275,-0.016007205844079553,-0.0469748002278807,0.19098220885684444,0.18085658603303392,1.7,250.792,3.11,1.0,0.0
2018-05-18,16.3799991607666,16.405000686645508,16.3799991607666,16.386999130249023,33,47.58814542214874,-0.039501347844645096,-0.029637732700260943,-0.009863615144384153,3.8677530676171266,0.4360996082995123,16.45578226597054,16.50110674508137,-1,0.006898209601053544,-0.0015841696456035947,-0.017330382257769505,-0.04432263703778194,0.19085889987439084,0.18085909849121024,1.7,250.792,3.06,0.0,0.0
2018-05-21,16.450000762939453,16.459999084472656,16.450000762939453,16.45199966430664,15,49.4891879844884,-0.03474561728287284,-0.030659309616783325,-0.004086307666089518,3.7890613424267783,0.5487757203410621,16.455422018193026,16.49918097720785,-1,0.0031357136884354875,0.003966591658483232,-0.0071213055335442865,-0.0071811892666370225,0.149928043755114,0.18061165346335817,1.7,250.792,3.06,0.0,0.0
2018-05-22,16.540000915527344,16.540000915527344,16.507999420166016,16.507999420166016,72,51.13365827873216,-0.026156439112838825,-0.029758735515994426,0.0036022964031556005,3.5292258754209547,0.6645244325404102,16.4604293898095,16.499526798500327,-1,0.01504089242628396,0.00340382670812156,0.019389846319102233,-0.010726964196436706,0.14813323433136574,0.1805587794551077,1.7,250.792,3.06,0.0,0.0
2018-05-23,16.295000076293945,16.33799934387207,16.28499984741211,16.33799934387207,31,46.21473738787497,-0.032690206585829884,-0.030345029729961517,-0.0023451768558683667,3.527078361189691,0.383689130491331,16.44876938543451,16.493192388514906,-1,0.006473978782056637,-0.01029804229858855,0.002515705751726216,-0.008977357552781284,0.1464242168434596,0.1801460929560649,1.7,250.792,3.01,1.0,0.0
2018-05-24,16.621000289916992,16.621000289916992,16.621000289916992,16.621000289916992,836,54.12611243954019,-0.014861143165518342,-0.027248252417072884,0.012387109251554541,3.685468540437306,0.845619189100303,16.465172328718555,16.498204463079695,-1,0.6170652494833186,0.017321640189137844,0.012672892326317964,0.00806643699358478,0.15925638224645533,0.1835249657897245,1.7,250.792,2.98,0.0,0.0
2018-05-25,16.549999237060547,16.549999237060547,16.481000900268555,16.481000900268555,64,50.19284538480625,-0.011891188455859236,-0.024176839624830155,0.012285651168970919,3.7025157114574028,0.6074391318022963,16.466679811723317,16.49752981355769,-1,0.18254420992584142,-0.008423042368476907,0.0057363626660607014,0.004571544697771879,0.1612789109857492,0.18368661097967612,1.7,250.792,2.93,1.0,0.0
2018-05-29,16.30500030517578,16.30500030517578,16.30500030517578,16.30500030517578,546,45.69704147942538,-0.023468722255337582,-0.02403521615093164,0.0005664938955940585,3.7085968766583495,0.31873599185451584,16.451281763480694,16.4899796367584,-1,1.8245614035087718,-0.010678999179589033,-0.008935045108819262,-0.00042913004932310095,0.1646678535785831,0.1834645212532667,1.7,250.792,2.77,0.0,0.0
2018-05-30,16.34000015258789,16.5049991607666,16.260000228881836,16.479000091552734,398,50.42474032351396,-0.01839166495414446,-0.022906505911574206,0.004514840957429746,3.0588237497925603,0.5828378546276317,16.45392160424946,16.489549066358176,-1,1.5996784565916398,0.010671559835648603,-0.0017566834039172141,0.027433165795681003,0.1560327579389904,0.18463681764763143,1.7,250.792,2.84,0.0,0.0
2018-05-31,16.5,16.5,16.402000427246094,16.402000427246094,65,48.41592795877986,-0.020346745247426412,-0.02239455377874465,0.0020478085313182376,2.955517775893103,0.4158396205176257,16.44897673024914,16.486115786392997,-1,0.31272552321385616,-0.004672593232529443,0.003917314600580424,0.00681358164262158,0.14788130540072342,0.17872162928781957,1.7,250.792,2.83,0.0,0.0
2018-06-01,16.38800048828125,16.38800048828125,16.38800048828125,16.38800048828125,5,48.041186775501735,-0.022763435819157962,-0.022468330186827312,-0.00029510563233065,2.9373871245780925,0.3836518078970493,16.44316946910934,16.48226812764352,-1,0.028409090909090908,-0.0008535507011442345,-0.014018398265541854,0.00158910752587893,0.14716193322763285,0.17518094287421115,1.82,251.018,2.89,0.0,0.0
2018-06-04,16.378999710083008,16.378999710083008,16.378999710083008,16.378999710083008,40,47.78510755901782,-0.0251154527806996,-0.02299775470560177,-0.0021176980750978285,2.9579356139632758,0.37158775137914474,16.437058063487783,16.4782183857784,-1,0.2450980392156863,-0.0005492297980268512,-0.006189016723121776,-0.0033467387808636673,0.14628449281692843,0.175180486978626,1.82,251.018,2.94,0.0,0.0
2018-06-05,16.354999542236328,16.4950008392334,16.354999542236328,16.490999221801758,18,51.266170661872316,-0.017737551143024888,-0.021945713993086396,0.004208162850061509,2.963935965821284,0.5936527916355846,16.44219531666054,16.47871959503422,-1,0.12104909213180902,0.00683799460902379,0.011407477040459524,0.004752276517555387,0.14827663944235034,0.17520443497450397,1.82,251.018,2.92,0.0,0.0
2018-06-06,16.46500015258789,16.642000198364258,16.454999923706055,16.642000198364258,94,55.567173771542514,0.00029065540593009587,-0.0174984401132831,0.017789095519213195,3.117867520394063,0.8584792987432512,16.461224353013275,16.485122755949124,-1,0.6589554854539081,0.009156569261301595,0.009891383330659753,0.01549912756377081,0.15137734681178602,0.17594456900493874,1.82,251.018,2.97,0.0,0.0
2018-06-07,16.725000381469727,16.864999771118164,16.68000030517578,16.766000747680664,17,58.78404119118731,0.02430378805606992,-0.009137994479412496,0.03344178253548241,3.515502200433523,1.0051602185775343,16.490250676314933,16.496137579154283,-1,0.12509197939661515,0.007451060439753743,0.022192434517311233,0.018714337170281814,0.1527544893520701,0.17625890834032668,1.82,251.018,2.93,0.0,0.0
2018-06-08,16.735000610351562,16.760000228881836,16.694000244140625,16.694000244140625,16,56.238054549328645,0.03709689981516462,0.00010898437950292745,0.03698791543566169,3.5402925075589833,0.87695075648905,16.509655397060236,16.503896899349826,1,0.11860637509266123,-0.004294435186041556,0.01867218371626178,0.0008393248626319405,0.1463763190713075,0.1761004653480311,1.82,251.018,2.93,0.0,0.0
2018-06-11,16.8700008392334,16.90999984741211,16.8700008392334,16.905000686645508,18,61.50046460550871,0.0635291805121092,0.012793023606024183,0.050736156906085024,4.087057774839423,1.1224629498363605,16.54730732940169,16.51962645963593,1,0.13636363636363635,0.01263929791656393,0.032114352883142905,0.01373231490649629,0.15295329745526853,0.17723978315947764,1.82,251.018,2.96,0.0,0.0
2018-06-12,16.849000930786133,16.849000930786133,16.849000930786133,16.849000930786133,0,59.45694819125942,0.07904703608347319,0.026043826101513987,0.053003209981959204,4.4980966012671955,0.9708527715489361,16.576040053343064,16.532543105563388,1,0.0,-0.0033126148231164,0.02170891552229781,0.01683773331927485,0.15145916480356766,0.1762461518886449,1.82,251.018,2.96,0.0,0.0
2018-06-13,16.952999114990234,17.06999969482422,16.952999114990234,16.952999114990234,6,61.983325241429846,0.09860023065756351,0.0405551070127239,0.058045123644839616,4.751968622910772,1.0287210232239072,16.61194091635708,16.549031576521305,1,0.04882017900732302,0.006172365034064375,0.018687592411911202,0.04686914038575685,0.12348321603101386,0.17652814244252416,1.82,251.018,2.98,0.0,0.0
2018-06-14,17.1200008392334,17.28499984741211,17.114999771118164,17.22599983215332,101,67.67726142641988,0.13457387073109928,0.05935885975639898,0.07521501097470029,5.771124774052323,1.1708420277623002,16.670422717861484,16.57557935125197,1,0.8044603743528475,0.016103387684465398,0.02743642275790137,0.05700428893012233,0.13210929629750243,0.1783034277981777,1.82,251.018,2.94,0.0,0.0
2018-06-15,17.1200008392334,17.28499984741211,16.45199966430664,16.45199966430664,23,46.440197428096766,0.09948113807466541,0.06738331542005227,0.03209782265461314,5.740409685559858,0.35936293287816024,16.64962052228483,16.57073308901882,1,0.19182652210175144,-0.04493208959644612,-0.014496260710126885,0.0023761382587776936,0.21645279380060675,0.20063856960060675,1.82,251.018,2.93,0.0,0.0
2018-06-18,16.41200065612793,16.41200065612793,16.41200065612793,16.41200065612793,5,45.64308507129242,0.067662339607935,0.06743912025762883,0.00022321935030616968,5.716241382776629,0.3152746829159523,16.626990058841315,16.56450828772898,1,0.04219409282700422,-0.0024312551054502807,-0.029162970156341617,0.001525692756812136,0.21656236424816067,0.20066939553254304,1.82,251.018,2.92,0.0,0.0
2018-06-19,16.30500030517578,16.329999923706055,16.299999237060547,16.30299949645996,115,43.45419585881679,0.033266751552421425,0.06060464651658735,-0.027337894964165922,5.872879499469671,0.21582731674237843,16.596133814804997,16.554253041012547,1,0.9311740890688259,-0.006641552236793857,-0.03240556734307787,-0.009056660034460262,0.21731774493294279,0.19950039469374445,1.82,251.018,2.89,0.0,0.0
2018-06-20,16.288999557495117,16.288999557495117,16.288999557495117,16.288999557495117,0,43.167851303967474,0.00482272872480749,0.049448262958231376,-0.044625534233423886,6.064591177179255,0.22159331905271298,16.566882933156435,16.543850943619706,1,0.0,-0.0008587339383703263,-0.039167085009046754,-0.013266287276662347,0.21684154767827907,0.19905935862173588,1.82,251.018,2.93,0.0,0.0
2018-06-21,16.305999755859375,16.305999755859375,16.305999755859375,16.305999755859375,0,43.65340517077016,-0.01616129303671343,0.03632635175924242,-0.05248764479595585,6.1028815491289015,0.2417098284135722,16.542036916271,16.53452344606048,1,0.0,0.0010436612944983992,-0.05340764456392899,-0.0019585989287419503,0.21384396766760466,0.19832509998158718,1.82,251.018,2.9,0.0,0.0
2018-06-22,16.30500030517578,16.43899917602539,16.295000076293945,16.43899917602539,6,47.43699434458789,-0.021807951292050376,0.02469949114898386,-0.04650744244103423,6.134522781051062,0.3827959414815847,16.532223798152373,16.530777396255182,1,0.07807417046193885,0.008156471369884732,-0.0007902071812859734,-0.010950069834365528,0.20643403434220528,0.19575417780486953,1.82,251.018,2.9,0.0,0.0
2018-06-25,16.309999465942383,16.309999465942383,16.295000076293945,16.308000564575195,2,44.28290473850846,-0.036433479313856765,0.012472897056415735,-0.0489063763702725,6.267449717351801,0.2672641876328361,16.510869204478357,16.52204104991479,-1,0.02711864406779661,-0.007968770485811794,-0.00633683203722657,-0.01049695566065656,0.20620759293077698,0.19647016344217547,1.82,251.018,2.87,0.0,0.0
2018-06-26,16.238000869750977,16.238000869750977,16.238000869750977,16.238000869750977,4,42.65098039957749,-0.05306105123357341,-0.0006338926015820934,-0.052427158631991315,6.354402278672187,0.20701118010509334,16.48488174402813,16.51090221932013,-1,0.0857449088960343,-0.004292352980185377,-0.003986912146019428,-0.0041091342637716854,0.20322582061034142,0.18988755088950002,1.82,251.018,2.88,0.0,0.0
2018-06-27,16.138999938964844,16.138999938964844,16.138999938964844,16.138999938964844,96137,40.38423079489787,-0.07338117697431201,-0.015183349476128077,-0.05819782749818393,6.709120373369057,0.1482720000344522,16.451940619736387,16.496317816168943,-1,19.889316451506122,-0.006096866946876278,-0.009208645257851589,-0.020632329067233668,0.20006324598880612,0.18711831460054792,1.82,251.018,2.83,0.0,0.0
2018-06-28,16.03499984741211,16.094999313354492,15.880000114440918,15.951000213623049,28819,36.42528044941551,-0.10346237976740724,-0.03283915553438391,-0.07062322423302334,7.360282009260964,0.04277024432657046,16.404232009630356,16.474932812147536,-1,4.595378948543364,-0.011648784066719209,-0.02177109944508382,-0.027496659058359074,0.20329288141815768,0.18784575583315355,1.82,251.018,2.84,0.0,0.0
2018-06-29,15.96500015258789,16.114999771118164,15.90999984741211,16.104000091552734,2765,41.45535017404096,-0.113646096767404,-0.04900054378098793,-0.06464555298641608,7.648556390260354,0.1921730596213262,16.37563849362296,16.46038643094774,-1,0.43140436553133726,0.009591867336257387,-0.020378313842926543,-0.01732977717028983,0.20697790047620301,0.18836668877604554,1.82,251.018,2.85,0.0,0.0
2018-07-02,16.05500030517578,16.05500030517578,15.729999542236328,15.744000434875488,1009,34.53212387139547,-0.14904760153918062,-0.06900995533262647,-0.08003764620655415,8.618876862317101,-0.005069634542582725,16.315482488027964,16.43229286247432,-1,0.15624637063992877,-0.02235467303965566,-0.03458425988314273,-0.038769112061013744,0.22086415784222915,0.19385507250692774,1.91,251.214,2.87,0.0,0.0
2018-07-03,15.789999961853027,15.979999542236328,15.739999771118164,15.95199966430664,332,40.694744636153786,-0.15849274393806922,-0.08690651305371502,-0.0715862308843542,9.040588670097504,0.175841481028,16.280865076244982,16.413457835095194,-1,0.05128640832940704,0.013211332805250775,-0.017613079820503863,-0.0326844692820395,0.2252870886842619,0.19464911273510038,1.91,251.214,2.83,0.0,0.0
2018-07-05,16.014999389648438,16.049999237060547,15.895000457763672,16.007999420166016,207,42.270342074314804,-0.15961938217134275,-0.10144908687724057,-0.058170295294102184,9.249097652649661,0.24034711485485297,16.254877870904128,16.39755750509797,-1,0.03194888178913738,0.003510516363956384,-0.008117015880429457,-0.03809642895332721,0.22259172268153865,0.1945968368224708,1.91,251.214,2.84,0.0,0.0
2018-07-06,15.94499969482422,16.0,15.93000030517578,15.980999946594238,163,41.69517798343906,-0.16083685580517226,-0.11332664066282691,-0.04751021514234535,9.293457053324016,0.24902272204538392,16.22879425906509,16.381221914568414,-1,0.02512950172668969,-0.0016866238474350093,0.0018807430612137743,-0.046820992847386056,0.21983978703688367,0.19327568399976255,1.91,251.214,2.82,0.0,0.0
2018-07-09,16.170000076293945,16.170000076293945,16.05299949645996,16.05299949645996,39,43.88784225094241,-0.1542142644372042,-0.12150416541770238,-0.03271009901950182,9.256033769657074,0.31634906650190686,16.212051900721743,16.368350447191613,-1,0.006011514362124376,0.004505321951463248,-0.003166951987259692,-0.038397073098501155,0.2210433258104429,0.19027020343607762,1.91,251.214,2.86,0.0,0.0
2018-07-10,16.003000259399414,16.003000259399414,16.003000259399414,16.003000259399414,43,42.68728068872529,-0.1512567400889253,-0.127454680351947,-0.023802059736978326,8.843491079037188,0.3038478172364881,16.192142220595805,16.354022988846822,-1,0.006626803106891875,-0.003114635185254455,0.016450699782134093,-0.053357018078008744,0.21428858747709165,0.1888020178290549,1.91,251.214,2.87,0.0,0.0
2018-07-11,15.732000350952148,15.734999656677246,15.732000350952148,15.732000350952148,53,36.80976612915115,-0.1688340941641151,-0.13573056311438061,-0.033103531049734486,8.747141500941169,0.1494513228006356,16.148319185391646,16.329629944223502,-1,0.008164585724298885,-0.016934318818628613,-0.013791331368113724,-0.06629476634386222,0.22026371402433842,0.1916871686365997,1.91,251.214,2.85,0.0,0.0
2018-07-12,15.869999885559082,15.9350004196167,15.869999885559082,15.89799976348877,39,42.07128585151996,-0.1674393717794871,-0.14207232484740193,-0.025367046932085163,7.916949116597706,0.28223119736329605,16.124479240448515,16.3127032704692,-1,0.006006375999137546,0.01055170409569528,-0.006871543019840054,-0.06223083858764611,0.22328856380104053,0.19251116653151604,1.91,251.214,2.85,0.0,0.0
2018-07-13,15.904999732971191,15.904999732971191,15.710000038146973,15.73900032043457,63,38.7436520226296,-0.1771222158325525,-0.14908230304443204,-0.028039912788120458,5.6396846260331674,0.09967356397199365,16.08776696235195,16.290205115565882,-1,0.009705447374907568,-0.010001223136218429,-0.015142958949276641,-0.08632297261162047,0.21247553909495448,0.18438684920240248,1.91,251.214,2.83,0.0,0.0
2018-07-16,15.725000381469728,15.734999656677246,15.725000381469728,15.734999656677246,7,38.660792651840815,-0.18300914414158065,-0.15586767126386178,-0.02714147287771887,5.617271472335781,0.13246914916664881,16.054170076097215,16.26843235247221,-1,0.0010785159620362382,-0.0002541879201901631,-0.019809372064880537,-0.04358132885116439,0.14561287344892226,0.1843938022520242,1.91,251.214,2.85,0.0,0.0
2018-07-17,15.710000038146973,15.710000038146973,15.505000114440918,15.54599952697754,365,34.86702521007605,-0.2006127690418893,-0.1648166908194673,-0.035796078222422006,5.940456570494465,-0.0015431225307179599,16.00577288094296,16.240101653433204,-1,0.05608137176571815,-0.012011447970988742,-0.02855719084010211,-0.05276633527473329,0.14976392634775595,0.18557999567106095,1.91,251.214,2.86,0.0,0.0
2018-07-18,15.420000076293944,15.503000259399414,15.354999542236328,15.503000259399414,29,34.04840886493929,-0.2155487384538688,-0.1749631003463476,-0.040585638107521194,6.3636706993662155,0.02769138664694361,15.957889774129288,16.21119571641227,-1,0.004458726034347565,-0.0027659377902018445,-0.014556323826860007,-0.0490706778979082,0.14903673305953413,0.1727830705924728,1.91,251.214,2.88,0.0,0.0
2018-07-19,15.210000038146973,15.34000015258789,15.135000228881836,15.34000015258789,46,31.070413212510147,-0.237797170434499,-0.1875299143639779,-0.0502672560705211,7.0297846624384945,-0.031973168210879026,15.899043143506297,16.17703118449759,-1,0.007069961883683758,-0.010514100760122047,-0.035098730607757145,-0.058260140627885315,0.15156962050644657,0.17301729571664312,1.91,251.214,2.84,0.0,0.0
2018-07-20,15.399999618530272,15.489999771118164,15.399999618530272,15.489999771118164,279,36.56858827863644,-0.2405525573122418,-0.1981344429536307,-0.04241811435861109,7.111877429260652,0.1416006705339093,15.860086631850285,16.15008877612977,-1,0.04278911408129932,0.009778332271070278,-0.01582060767818394,-0.050042928796683595,0.15765913737544252,0.1730317959719188,1.91,251.214,2.89,0.0,0.0
2018-07-23,15.505000114440918,15.505000114440918,15.354999542236328,15.368000030517578,15,34.18052899064706,-0.24970216955995284,-0.20844798827489514,-0.0412541812850577,6.965839634953437,0.0708202889111858,15.81322124124717,16.119418629243018,-1,0.0023003312476996686,-0.007876032434039115,-0.023323777195249584,-0.06514989957963835,0.15345514873170385,0.1735833266817041,1.91,251.214,2.96,0.0,0.0
2018-07-24,15.345000267028809,15.494999885559082,15.345000267028809,15.463000297546388,65,37.59785961280604,-0.2464466915345227,-0.21604772892682067,-0.03039896260770203,6.727618399896172,0.18356063269496017,15.77986686565662,16.093676733882365,-1,0.009963289111657815,0.006181693573670044,-0.005338944548860969,-0.05181507467349156,0.1559990767489027,0.17404027950225326,1.91,251.214,2.95,0.0,0.0
2018-07-25,15.4350004196167,15.532999992370604,15.4350004196167,15.532999992370604,48,40.067048318477546,-0.2355035727931849,-0.21993889770009353,-0.015564675093091368,6.383807935980185,0.27035820747049294,15.756355734867476,16.071689410685824,-1,0.007355025551052306,0.004526915441844803,0.001935092076967626,-0.04341672863767898,0.15789739584876095,0.17411239905189332,1.91,251.214,2.94,0.0,0.0
2018-07-26,15.56999969482422,15.56999969482422,15.375,15.437999725341797,104,37.876570748267014,-0.23182447174408516,-0.22231601250889188,-0.009508459235193278,6.247733157190249,0.20382867910594862,15.72603611491265,16.04683883478998,-1,0.060307335459553496,-0.006116028267267648,0.006388498812196719,-0.04343517047364265,0.1579037200378856,0.17124781260015173,1.91,251.214,2.98,0.0,0.0
2018-07-27,15.354999542236328,15.494999885559082,15.354999542236328,15.435999870300291,227,37.82968481574434,-0.2264596434411903,-0.22314473869535156,-0.0033149047458387315,6.318225973354709,0.23059043544801608,15.698413615425759,16.022884365594308,-1,0.7697524584604951,-0.00012954107248897007,-0.0034861137260026043,-0.03228639812084755,0.15396856373334997,0.16788321366977443,1.91,251.214,2.96,0.0,0.0
2018-07-30,15.4399995803833,15.475000381469728,15.40999984741211,15.475000381469728,322,39.404991876210794,-0.2165645418178137,-0.221828699319844,0.005264157502030298,5.991983660711988,0.29037473874195674,15.677136164572804,16.00139871915805,-1,1.8639652677279306,0.0025265944219445835,0.0069625423438097744,-0.039058600751806005,0.14914327681361045,0.16768109556693528,1.91,251.214,2.98,0.0,0.0
2018-07-31,15.55500030517578,15.55500030517578,15.5,15.5,352,40.446675712469414,-0.204349725770669,-0.218332904610009,0.01398317883934,6.054447523342447,0.3316115875636135,15.66026605366111,15.981736024289107,-1,2.516082916368835,0.0016154841947666476,0.0023927893514612553,-0.015497994673259075,0.12802298516717442,0.1674011684774794,1.91,251.214,2.96,0.0,0.0
2018-08-01,15.420000076293944,15.420000076293944,15.394000053405762,15.394000053405762,19,37.502798437865685,-0.20090677759001707,-0.21484767920601064,0.013940901615993567,5.98246037513008,0.2457664092501876,15.634907386970124,15.958687554842703,-1,0.1529175050301811,-0.006838706231886316,-0.008948685961058023,-0.034979916163703884,0.11853583749207296,0.16783492997743946,1.91,251.663,3.0,0.0,0.0
2018-08-02,15.375,15.375,15.260000228881836,15.32900047302246,183,35.782903058331655,-0.20110492685125259,-0.21209912873505904,0.010994201883806454,5.791956111565268,0.20246372850347777,15.605773395165585,15.933993943790929,-1,1.4872003250711094,-0.004222397048057824,-0.007060451759201225,-0.042416227619810565,0.11713379764206558,0.167957991887826,1.91,251.663,2.98,0.0,0.0
2018-08-03,15.454999923706056,15.454999923706056,15.406000137329102,15.406000137329102,7,39.33233301520477,-0.19282595459725904,-0.20824449390749905,0.01541853931024001,5.430738581786946,0.30715894685810996,15.586747370609729,15.913288304321838,-1,0.06073752711496746,0.005023136664530359,-0.0019434913982417923,-0.035980214704129154,0.11987839315877358,0.1680672469924814,1.91,251.663,2.95,0.0,0.0
2018-08-06,15.291999816894531,15.291999816894531,15.291999816894531,15.291999816894531,1,36.14681610316815,-0.1932361762039001,-0.20524283036677926,0.01200665416287916,4.843065840092277,0.18225515321611854,15.558676175017805,15.888924049912925,-1,0.00882223202470225,-0.007399735130362961,-0.011825561231929127,-0.04740545090861348,0.11899901869320159,0.1657971552479951,1.91,251.663,2.94,0.0,0.0
2018-08-07,15.31700038909912,15.31700038909912,15.31700038909912,15.31700038909912,0,37.34524643895623,-0.1893611055921678,-0.20206648541185698,0.012705379819689194,4.108455347434375,0.21775292129438328,15.53565943350174,15.866495671057482,-1,0.0,0.0016348791854527978,-0.011806426509734291,-0.042866953644981054,0.11982600301808255,0.1658998830458327,1.91,251.663,2.98,0.0,0.0
2018-08-08,15.37600040435791,15.390000343322754,15.37600040435791,15.37600040435791,4,40.1978028113215,-0.17946056636754903,-0.1975453016029954,0.018084735235446375,3.917198937504418,0.3302936238114063,15.520453811678518,15.84726056255946,-1,0.0367816091954023,0.0038519301273101103,-0.001169263933052278,-0.022629032459479448,0.10775404338292799,0.1659171144232664,1.91,251.663,2.96,0.0,0.0
2018-08-09,15.418999671936035,15.418999671936035,15.418999671936035,15.418999671936035,141,42.26101076857354,-0.16622845797886576,-0.1912819328781695,0.025053474899303735,3.040577130801866,0.42349676681693965,15.510791512655425,15.830466017829131,-1,1.238471673254282,0.0027965183693632323,0.0058711720357740305,-0.030129582254291076,0.09989930967070139,0.15980772190888795,1.91,251.663,2.93,0.0,0.0
2018-08-10,15.425000190734863,15.425000190734863,15.265999794006348,15.265999794006348,20,37.32636209940801,-0.16617219855786303,-0.1862599860141082,0.020087787456245176,2.717799167388068,0.10585722349897102,15.487478015641226,15.80833008748314,-1,0.17905102954341987,-0.009922814785978673,-0.009087390761702618,-0.030052768079184,0.09981006020993066,0.16018343857662345,1.91,251.663,2.87,0.0,0.0
2018-08-13,15.239999771118164,15.239999771118164,14.95300006866455,14.95300006866455,5,29.6889146576854,-0.18920305945405325,-0.18684860070209722,-0.002354458751956029,3.3169212715332055,-0.3602534866046368,15.4365753540244,15.774787733803981,-1,0.044802867383512544,-0.020503061022225655,-0.022168437894921733,-0.049698100100107,0.12061274666542629,0.16420442947491246,1.91,251.663,2.88,0.0,0.0
2018-08-14,15.024999618530272,15.024999618530272,15.024999618530272,15.024999618530272,2,33.08089407233557,-0.19934746718167773,-0.18934837399801333,-0.009999093183664404,3.7876704322999366,-0.08614986012645214,15.39737766492972,15.745384278303051,-1,0.021401819154628143,0.004815057148070512,-0.019063835160352927,-0.033513439103298515,0.11776809772534048,0.16472020410389487,1.91,251.663,2.89,0.0,0.0
2018-08-15,15.039999961853027,15.039999961853027,14.395000457763672,14.42099952697754,186,23.039494343833127,-0.25320594245189554,-0.20211988768878977,-0.051086054763105765,6.50325940043429,-0.39482455505031216,15.304389270839037,15.693447621388326,-1,1.8361303060217178,-0.04019967433528715,-0.06210983690594207,-0.06979298937738587,0.18274309152749788,0.18318382024393012,1.91,251.663,2.86,1.0,0.0
2018-08-16,14.65999984741211,14.710000038146973,14.635000228881836,14.696999549865724,138,33.04134840705221,-0.27050011991238954,-0.21579593413350973,-0.05470418577887981,7.395768254341384,-0.015810964087228905,15.24654263074634,15.654371226426656,-1,1.3031161473087818,0.019138758195773153,-0.046825354266296304,-0.041916596892190405,0.19732021359197763,0.18792744923955282,1.91,251.663,2.87,1.0,0.0
2018-08-17,14.625,14.75,14.595000267028809,14.616000175476074,19,31.73774381668437,-0.2874285552539746,-0.2301224583576027,-0.057306096896371894,8.207533869916684,0.00404498079486981,15.186490968339648,15.613650793056046,-1,0.20452099031216361,-0.005511286444204178,-0.04257825411379035,-0.05642347376090373,0.19251905773674002,0.1872636588918465,1.91,251.663,2.87,1.0,0.0
2018-08-20,14.699999809265137,14.699999809265137,14.630000114440918,14.654999732971191,16,33.10621787224842,-0.29430495949345215,-0.2429589585847726,-0.05134600090867955,8.825760124631712,0.09334760116112768,15.135872755447414,15.576056633837032,-1,0.17213555675094136,0.0026682783953817513,-0.019929133573525992,-0.04639512598454709,0.19253242090069186,0.18328471299867796,1.91,251.663,2.82,1.0,0.0
2018-08-21,14.75100040435791,14.75100040435791,14.75100040435791,14.75100040435791,0,36.48183474494237,-0.2886803798041484,-0.25210324282864777,-0.036577136975500635,9.056075006304217,0.1985838917109736,15.099218245819841,15.543701487582949,-1,0.0,0.006550711234114548,-0.018236221040194844,-0.046045390900073646,0.19275236418557748,0.1836366212863375,1.91,251.663,2.85,1.0,0.0
2018-08-22,14.699999809265137,14.734999656677246,14.699999809265137,14.734999656677246,1,36.154359287825436,-0.28226026584769137,-0.2581346474324565,-0.024125618415234862,9.113709890030792,0.2170376746421001,15.064530761139594,15.51198769029253,-1,0.011448196908986834,-0.0010847228826552646,0.021773811802177967,-0.051374514651729486,0.19112159237117154,0.1827042553252269,1.91,251.663,2.82,1.0,0.0
2018-08-23,14.625,14.625,14.484999656677246,14.527000427246094,3,32.118273324824585,-0.29060615195212236,-0.26462894833638967,-0.02597720361573269,9.551959760558063,0.11642302801501488,15.013337396006879,15.473360738800514,-1,0.03645200486026732,-0.01411599825432619,-0.011566927116166581,-0.059010190070173385,0.19519292382759332,0.182649918400041,1.91,251.663,2.82,1.0,0.0
2018-08-24,14.470000267028809,14.81999969482422,14.470000267028809,14.779000282287598,41,40.74850230477924,-0.2737306480482715,-0.26644928827876607,-0.007281359769505447,9.464463760300543,0.31205490193115243,14.991019575652661,15.446130916976479,-1,0.5616438356164384,0.01734699852895072,0.011152169188189953,-0.04256281378161941,0.20789843546122716,0.18678685223042743,1.91,251.663,2.82,0.0,0.0
2018-08-27,14.843999862670898,14.843999862670898,14.843999862670898,14.843999862670898,0,42.76961734128088,-0.2522045101095678,-0.26360033264492644,0.011395822535358646,9.175671863587782,0.3758106766527108,14.977017698225827,15.422517934454692,-1,0.0,0.004398104008510151,0.01289663139839492,-0.04077547678476379,0.20856178900576305,0.18720118425921523,1.91,251.663,2.85,0.0,0.0
2018-08-28,14.81999969482422,14.81999969482422,14.767000198364258,14.767000198364258,1,40.98604521065814,-0.2386076002149924,-0.25860178615893964,0.01999418594394725,8.801035948606776,0.33959916016809405,14.957016031572344,15.396811356568794,-1,0.025412960609911054,-0.005187258489558255,0.001084658231154334,-0.04729030978295112,0.20836294812431666,0.1873271219759931,1.91,251.663,2.88,0.0,0.0
2018-08-29,14.687999725341797,14.687999725341797,14.687999725341797,14.687999725341797,68753,39.18072865586525,-0.23153760768724752,-0.2531889504646012,0.0216513427773537,8.588802957651447,0.3011977763226025,14.93139543097896,15.369014822010872,-1,19.779059564735835,-0.0053497983314994,-0.0031896798391950476,-0.04586204531730986,0.2080071202457386,0.18661669540799442,1.91,251.663,2.89,1.0,0.0
2018-08-30,14.6850004196167,14.710000038146973,14.43000030517578,14.47700023651123,15963,34.77497175025,-0.24019170259145284,-0.25058950088997156,0.010397798298518723,8.680280390492896,0.17253237164025148,14.88811969817251,15.334033857873631,-1,3.7427462749557447,-0.014365433876371902,-0.003441879897042255,-0.05558093875792269,0.2123661553065695,0.1869139302186087,1.91,251.663,2.86,1.0,0.0
2018-08-31,14.484999656677246,14.649999618530272,14.425000190734863,14.437999725341797,608,34.01363867860357,-0.2473459008850014,-0.24994078088897753,0.002594880003976119,8.522554421026685,0.17281091552536224,14.845251129331489,15.298895264441011,-1,0.14155665758655211,-0.002693963565122637,-0.02307331689779346,-0.0628326887809002,0.21033042028693044,0.1858074493669773,1.91,251.663,2.86,1.0,0.0
2018-09-04,14.399999618530272,14.399999618530272,13.960000038146973,14.060999870300291,750,27.700431859048734,-0.28020634780336984,-0.255993894271856,-0.024212453531513856,9.288885649349561,-0.031050075228318024,14.77056053323328,15.250350347023728,-1,0.17310821571591786,-0.02611164026965518,-0.05274858526101611,-0.08049960510947929,0.22564132411733268,0.192168950538547,1.95,252.182,2.9,2.0,0.0
2018-09-05,14.085000038146973,14.164999961853027,14.050000190734863,14.118000030517578,240,29.821338634493827,-0.2982114561374285,-0.2644374066449705,-0.03377404949245799,9.528889540791477,0.06353625217614367,14.708411913927023,15.205944452258782,-1,0.055241624564109054,0.004053777166848738,-0.04394935729184657,-0.07827905778698363,0.22662814747203486,0.19003097723197948,1.95,252.182,2.9,2.0,0.0
2018-09-06,14.130000114440918,14.225000381469728,14.050000190734863,14.074999809265137,191,29.12717237679712,-0.31234981842342435,-0.27401988900066127,-0.03832992942276309,9.43173221013171,0.07302521538585309,14.648086951578271,15.161593681945305,-1,0.0438687154045798,-0.0030457728544759366,-0.041734744522021416,-0.08461241941201048,0.2247459574370138,0.19002987105319807,1.95,252.182,2.88,2.0,0.0
2018-09-07,14.095000267028809,14.140000343322754,14.039999961853027,14.06700038909912,132,28.991969297511204,-0.32050547118582706,-0.28331700543769445,-0.037188465748132615,8.859764051534146,0.08943809359133494,14.592745374199305,15.118668454774868,-1,0.03032078007097819,-0.0005683424706515172,-0.028320773690262535,-0.08768398155541024,0.22362913840461693,0.18914447330440096,1.95,252.182,2.94,2.0,0.0
2018-09-10,14.039999961853027,14.145000457763672,14.039999961853027,14.07900047302246,65,29.52048950178815,-0.32228547196948476,-0.29111069874405254,-0.031174773225432217,8.35328493484376,0.12151782614806038,14.543817288372939,15.077897161372814,-1,0.014922974493192829,0.0008530662963968094,-0.024864888429746768,-0.07775444366571538,0.22347370188383492,0.18512334450893805,1.95,252.182,2.94,2.0,0.0
2018-09-11,14.109999656677246,14.109999656677246,13.90999984741211,14.052000045776367,99,28.997508578054024,-0.32216117080287177,-0.2973207931558164,-0.02484037764705538,8.434859161895332,0.13877741143322553,14.49697755098279,15.03766590193766,-1,0.02270433905146317,-0.0019177801220924273,-0.0006400558002231937,-0.060255468384322164,0.21466485161007903,0.16243880481514614,1.95,252.182,2.98,2.0,0.0
2018-09-12,14.0649995803833,14.19200038909912,14.005000114440918,14.19200038909912,64,35.389129816071815,-0.3072243129194909,-0.2993014971085513,-0.00792281581093962,7.930728558371245,0.2731965390001405,14.46793210699387,15.004502548493011,-1,0.014667125014323365,0.009963018991366424,0.0052415610158367265,-0.055440881902174444,0.2179045583067166,0.16446029828576253,1.95,252.182,2.97,1.0,0.0
2018-09-13,14.135000228881836,14.255000114440918,14.135000228881836,14.142999649047852,80,34.22775066693326,-0.2959294056597397,-0.298627078818789,0.002697673159049341,8.154487874372823,0.2493942978602807,14.436986158618058,14.97071812106379,-1,0.01835620210178514,-0.0034527014309346793,0.004831249783602276,-0.019277434785961334,0.1649822929480743,0.16423826529414198,1.95,252.182,2.97,1.0,0.0
2018-09-14,14.109999656677246,14.175000190734863,14.029999732971191,14.041999816894531,55,31.903688537988174,-0.29176467113330773,-0.2972545972816928,0.00548992614838506,8.332669170732764,0.19733707665176647,14.399368411787247,14.934297795410094,-1,0.01263191741022726,-0.007141330316028149,-0.0017772496988029962,-0.044566901614770615,0.14834593213996872,0.16449915407955124,1.95,252.182,2.99,2.0,0.0
2018-09-17,13.979999542236328,14.130000114440918,13.979999542236328,14.121999740600586,32,35.63184426077201,-0.27879498867441477,-0.2935626755602372,0.014767686885822418,8.401635219809277,0.28596333934685153,14.372952347864707,14.90244296973129,-1,0.00734838220772958,0.005697188772912698,0.003054142065022303,-0.03379860624963338,0.15041234529794228,0.1651958114122779,1.95,252.182,2.99,1.0,0.0
2018-09-18,14.114999771118164,14.114999771118164,14.0600004196167,14.083999633789062,925,34.661126323026,-0.268487753232332,-0.28854769109465617,0.020059937862324184,8.409980992816351,0.27792100621508514,14.345433041762265,14.870347152635517,-1,0.2102201061327455,-0.0026908446048383716,0.002277226580447822,-0.03896281880493513,0.14954112363613423,0.16373456143456291,1.95,252.182,3.05,1.0,0.0
2018-09-19,14.210000038146973,14.21500015258789,14.189000129699709,14.189000129699709,462,39.560774122742096,-0.24897648643745995,-0.28063345016321695,0.03165696372575699,8.075922362137952,0.38334118664209804,14.330534669184878,14.843627661539996,-1,0.10444808681399423,0.0074553037944375955,-0.000211404968796014,-0.0380991294998656,0.15025195759057489,0.16460233445397338,1.95,252.182,3.08,1.0,0.0
2018-09-20,14.1899995803833,14.244999885559082,14.1899995803833,14.21500015258789,507,40.74567049747661,-0.22877846662205137,-0.27026245345498384,0.04148398683293247,7.66690285383288,0.42433030038668207,14.319531381889927,14.818975602365404,-1,0.11396972047071517,0.0018324069807962307,0.005090893397914131,-0.035290092718374466,0.15082796082060002,0.1647666727149995,1.95,252.182,3.07,2.0,0.0
2018-09-21,14.265000343322754,14.269000053405762,14.260000228881836,14.269000053405762,9,43.234800399864255,-0.2060389608140003,-0.25741775492678715,0.05137879411278684,7.5321449052726335,0.485083276176869,14.314718874415245,14.797407933778752,-1,0.0020229947064971843,0.0037987970621329303,0.016165805403167477,-0.017760058253763145,0.1445758563956401,0.16501638983702108,1.95,252.182,3.07,2.0,0.0
2018-09-24,14.25,14.31999969482422,14.204999923706056,14.25100040435791,27,42.592531801805706,-0.18731095577944146,-0.24339639509731803,0.05608543931787657,6.843974369914039,0.49216114469274425,14.308650448695499,14.775980187526955,-1,0.006069939188201837,-0.0012614513266859806,0.009134730642038624,-0.03572635955373027,0.1278107259532499,0.16378748748542601,1.95,252.182,3.08,1.0,0.0
2018-09-25,14.420000076293944,14.4399995803833,14.39799976348877,14.39799976348877,17,49.226270798684745,-0.1587769749723602,-0.2264725110723265,0.06769553609996629,5.81688646189673,0.6952026898298344,14.31715990724724,14.761157425799967,-1,0.003821083389525736,0.01031502034663534,0.022294812401612463,-0.030045816714382556,0.13318207173579774,0.1640072327918532,1.95,252.182,3.1,1.0,0.0
2018-09-26,14.329999923706056,14.329999923706056,14.30500030517578,14.30500030517578,393,45.63354666698523,-0.14203062799494504,-0.2095841344568502,0.06755350646190517,4.749641352089179,0.6359105667876093,14.316001849907101,14.743268911265686,-1,0.08794700801145772,-0.006459192932397717,0.008175359392186055,-0.03128596783249549,0.13372667225533674,0.1585344756775772,1.95,252.182,3.06,1.0,0.0
2018-09-27,14.31999969482422,14.385000228881836,14.119999885559082,14.201000213623049,138,41.946640345481676,-0.1355879916208913,-0.19478490588965844,0.05919691426876714,3.635267979823572,0.5234588319931738,14.305049313118143,14.722003472142445,-1,0.13296719179072122,-0.007270191494865075,-0.0009848708276161133,-0.033156285459245205,0.1346231745895333,0.1559373586256275,1.95,252.182,3.06,1.0,0.0
2018-09-28,14.18000030517578,14.623000144958496,14.18000030517578,14.623000144958496,49,57.0945751700364,-0.09533136755610272,-0.1748941982229473,0.07956283066684458,4.164716244865515,1.2218832973271117,14.335330344721987,14.718120988723467,-1,0.20235391286392732,0.029716211885598254,0.024809032884419935,0.010084955865307776,0.16555045698480264,0.16824392977250538,1.95,252.182,3.05,0.0,0.0
2018-10-01,14.350000381469728,14.42199993133545,14.350000381469728,14.42199993133545,83,50.354931971568504,-0.07873908520112849,-0.15566317561858356,0.07692409041745507,4.129078584065271,0.8865973731750691,14.343584591066126,14.706508398237663,-1,0.3844372394627142,-0.013745483938352066,0.011999124421135265,-0.0011081724830804829,0.1729658892233328,0.1701322638955234,2.19,252.772,3.09,0.0,0.0
2018-10-02,14.420000076293944,14.739999771118164,14.420000076293944,14.609999656677246,63,55.63052980891056,-0.04984499318405611,-0.1344995391316781,0.08465454594762198,4.740369317866416,1.0742222650965123,14.36895745445766,14.702723741705881,-1,0.3470118424676397,0.013035621012126075,0.01472426008271488,0.03904414987845595,0.14793559432339132,0.17231833996662885,2.19,252.772,3.05,0.0,0.0
2018-10-03,14.734999656677246,14.734999656677246,14.59000015258789,14.59000015258789,24,54.961415714828064,-0.028234539728416053,-0.11324653925102568,0.08501199952260963,5.180503623238857,0.9654911735320086,14.390009139993873,14.698303208799294,-1,0.14055636896046853,-0.0013688914825001897,0.01992309271807513,0.03343250609505821,0.14814994020641062,0.17228843849988038,2.19,252.772,3.15,0.0,0.0
2018-10-04,14.510000228881836,14.510000228881836,14.510000228881836,14.510000228881836,0,52.25396084277921,-0.017363271935124658,-0.09406988578784548,0.07670661385272082,5.287571678523668,0.8205022887538492,14.401436862745108,14.690918778214296,-1,0.0,-0.005483202389950925,0.021759031801320772,0.03090589168820812,0.14942806384232307,0.16943841598001466,2.19,252.772,3.19,1.0,0.0
2018-10-05,14.569000244140623,14.569000244140623,14.569000244140623,14.569000244140623,0,54.05167338993726,-0.003941470914778478,-0.07604420281323208,0.0721027318984536,5.415237901519249,0.8561943367053441,14.417395280020871,14.686137659231015,-1,0.0,0.004066162255556005,-0.003692805873115601,0.035686346851210526,0.14947205739946892,0.1680239860217841,2.19,252.772,3.23,1.0,0.0
2018-10-08,14.21500015258789,14.258999824523926,14.21500015258789,14.258999824523926,2,44.55855603919325,-0.018110276000285808,-0.06445741745064283,0.046347141450357024,5.241612588582504,0.44224107594808465,14.402309998544972,14.669387155909169,-1,0.013205678441729944,-0.021278084592068924,-0.01130218468919586,0.012784952443632092,0.17080950121729296,0.17211789865833205,2.19,252.772,3.23,1.0,0.0
2018-10-09,14.32900047302246,14.32900047302246,14.32900047302246,14.32900047302246,0,46.82944231795085,-0.023420709437761644,-0.0562500758480666,0.032829366410304955,4.985377963099476,0.5180050051072569,14.395328138971399,14.656038658541062,-1,0.0,0.004909225707271592,-0.019233346355785885,0.0197125267822178,0.17117073963680504,0.17261885400785718,2.19,252.772,3.21,1.0,0.0
2018-10-10,14.255000114440918,14.260000228881836,14.255000114440918,14.255000114440918,1,44.74301829247057,-0.03321756527205899,-0.05164357373286508,0.01842600846080609,4.937595298494506,0.40905619220986306,14.381963565206592,14.640311656811646,-1,0.006975933031042902,-0.005164376867797804,-0.022960934519767773,0.004439101156605618,0.16908921529518536,0.17139634979062754,2.19,252.772,3.22,1.0,0.0
2018-10-11,14.260000228881836,14.5649995803833,14.229999542236328,14.53499984741211,9,53.233410708274384,-0.018178455785308856,-0.044950550143353835,0.02677209435804498,4.961374393267786,0.7756508433840571,14.396538449226165,14.636181781933233,-1,0.06437768240343347,0.019642211906230722,0.0017229233725657433,0.027716906461964674,0.18157158095500883,0.17663287228420707,2.19,252.772,3.14,1.0,0.0
2018-10-12,14.564000129699709,14.564000129699709,14.564000129699709,14.564000129699709,40,54.02140949642938,-0.0038751029760462075,-0.03673546070989231,0.0328603577338461,4.748120549870817,0.7917600776021023,14.412487180699836,14.633351128904469,-1,0.28766630708378277,0.0019952034807046992,-0.00034320230332385293,0.0371742144717262,0.17875084570378985,0.1756218916183735,2.19,252.772,3.15,1.0,0.0
2018-10-15,14.656000137329102,14.664999961853027,14.656000137329102,14.656000137329102,1,56.52410876576252,0.014714420237838866,-0.026445484520346077,0.04115990475818494,4.785435798400911,0.8837635017777022,14.435678890855003,14.634239325313278,-1,0.007272727272727273,0.006316946361582421,0.027842086940935262,0.03781336967407456,0.17894038381141023,0.1748764214866061,2.19,252.772,3.16,0.0,0.0
2018-10-16,14.630000114440918,14.630000114440918,14.630000114440918,14.630000114440918,74,55.602977316103,0.027037099901651374,-0.015748967635946586,0.04278606753759796,4.558744111350229,0.8209978492624213,14.454185674053662,14.634073081749657,-1,0.7793575566087414,-0.0017740190123197719,0.021006325038871898,0.03876743076178024,0.17865998259869326,0.17428085196268012,2.19,252.772,3.16,1.0,0.0
2018-10-17,14.592000007629396,14.592000007629396,14.592000007629396,14.592000007629396,0,54.212440112476706,0.03335215835526739,-0.0059287424377037915,0.03928090079297118,4.419407700692355,0.7395297691059319,14.467310848679922,14.632423157274353,-1,0.0,-0.0025974098779406596,0.023640820097018622,0.028402274596230903,0.17809148713530193,0.1737055665925044,2.19,252.772,3.19,1.0,0.0
2018-10-18,14.532999992370604,14.532999992370604,14.532999992370604,14.532999992370604,0,52.036511082070774,0.03321321822443224,0.0018996496947234149,0.031313568529708825,4.208111196196185,0.6281471005746073,14.473566957602845,14.628524209631069,-1,0.0,-0.004043312447090552,-0.00013758892758863883,0.022370723627802347,0.17912394712645383,0.17343773766766102,2.19,252.772,3.17,0.0,0.0
2018-10-19,14.57900047302246,14.57900047302246,14.57900047302246,14.57900047302246,0,53.60022246754548,0.0363954177953012,0.008798803314838972,0.027596614480462228,4.092826405236569,0.6831144648716869,14.483608244785666,14.626582102313085,-1,0.0,0.0031652432860389546,0.0010299603947516722,0.021725448066187703,0.17901239408267736,0.1733334032347777,2.19,252.772,3.2,1.0,0.0
2018-10-22,14.522000312805176,14.522000312805176,14.522000312805176,14.522000312805176,110,51.36553872627885,0.0339268101734298,0.013824404686557138,0.020102405486872664,3.8526227338663026,0.5679193637761302,14.487264632216096,14.622480855665717,-1,2.191235059760956,-0.003909744040598628,-0.009143001041779897,0.019016202424946504,0.17971882593853575,0.1734302379372074,2.19,252.772,3.2,1.0,0.0
2018-10-23,14.727999687194824,14.727999687194824,14.727999687194824,14.727999687194824,2,58.155433696172665,0.04803908409423485,0.020667340568092683,0.02737174352614217,4.072225016562987,0.8850985909741363,14.510191780309308,14.626618849059016,-1,0.04044489383215369,0.01418533052970683,0.006698535337479106,0.022919845056734056,0.1828342035661011,0.17603760725181747,2.19,252.772,3.17,1.0,0.0
2018-10-24,14.664999961853027,14.664999961853027,14.611000061035156,14.611000061035156,33,53.58007138169044,0.04921495149985766,0.02637686275444568,0.02283808874541198,3.9217971311177493,0.6670518547671712,14.519792568949864,14.626006347567884,-1,1.0492845786963434,-0.007944026931328119,0.0013020869925868261,0.021391104462169075,0.1837350477703037,0.1765664564612824,2.19,252.772,3.1,1.0,0.0
2018-10-25,14.5649995803833,14.5649995803833,14.5649995803833,14.5649995803833,0,51.85276379564736,0.045905806976479724,0.030282651598852493,0.015623155377627231,3.380382266509597,0.5628923523095085,14.524097998610191,14.623613925325351,-1,0.0,-0.003148345798350216,0.0022018570170987406,0.02563195276985253,0.18181469652557994,0.17620233929117143,2.19,252.772,3.14,1.0,0.0
2018-10-26,14.635000228881836,14.635000228881836,14.635000228881836,14.635000228881836,0,54.26879962671416,0.04837412659506768,0.03390094659809553,0.014473179996972146,3.392936510706267,0.703385439182733,14.53466011577892,14.624060447033449,-1,0.0,0.0048060865441297285,0.003841124497046433,0.0008206307737388396,0.149708197868177,0.17644918286948194,2.19,252.772,3.08,1.0,0.0
2018-10-29,14.376999855041504,14.376999855041504,14.376999855041504,14.376999855041504,101,45.255110193669495,0.029175496740943885,0.032955856626665204,-0.0037803598857213197,3.4601554088495585,0.19085883169125392,14.519644852851547,14.614371796367099,-1,4.391304347826087,-0.0176289969118808,-0.009984881878553176,-0.003120238282359966,0.15511774342781776,0.17941824346572532,2.19,252.772,3.08,1.0,0.0
2018-10-30,14.460000038146973,14.460000038146973,14.34000015258789,14.402999877929688,428,46.22444839201987,0.015875426780890933,0.02953977065751035,-0.013664343876619418,3.5094185166574157,0.26630583803014235,14.508535807620893,14.606082701526416,-1,10.375757575757575,0.0018084456528020265,-0.022066799033660045,-0.014168363012449059,0.14748394078710286,0.17903643277942058,2.19,252.772,3.12,1.0,0.0
2018-10-31,14.420000076293944,14.420000076293944,14.229000091552734,14.229000091552734,14,40.99322255039777,-0.008606097335043472,0.021910597058999587,-0.03051669439404306,3.897501745255285,0.013440454157413814,14.481913358471544,14.591295148194115,-1,0.34355828220858897,-0.01208080176710824,-0.02614468331302966,-0.024742978564748275,0.15298606138783763,0.1803954499076484,2.19,252.772,3.15,1.0,0.0
2018-11-01,14.729000091552734,14.729000091552734,14.729000091552734,14.729000091552734,11,56.298313174929376,0.012197336446888585,0.019967944936577386,-0.007770608489688802,4.122699734219957,0.8576144804700309,14.5054454282888,14.596695342051316,-1,0.26634382566585957,0.03513950360411,0.011259904970427614,0.015093029580729,0.1977140681316999,0.19449614189919173,2.2,252.594,3.14,1.0,0.0
2018-11-02,14.70699977874756,14.70699977874756,14.70699977874756,14.70699977874756,3,55.61476729865164,0.02660231133492097,0.021294818216246104,0.005307493118674865,4.269918621925926,0.7985126769289226,14.524641080713444,14.601021006235483,-1,0.0723763570566948,-0.0014936732071711978,0.004919682182418672,0.009472134826989054,0.19746383198293097,0.19436417685603663,2.2,252.594,3.22,1.0,0.0
2018-11-05,14.604000091552734,14.604000091552734,14.604000091552734,14.604000091552734,29,52.406648757744904,0.02936860081473114,0.022909574735943114,0.006459026078788024,3.950075693977214,0.6129186923631524,14.532199081745757,14.60113783311067,-1,0.677570093457944,-0.007003446572676708,0.0157891242122834,0.024195264133143768,0.18218587571769537,0.19386294891093475,2.2,252.594,3.2,1.0,0.0
2018-11-06,14.579999923706056,14.579999923706056,14.458000183105469,14.458000183105469,4,48.165372447495386,0.019554520379305274,0.02223856386461555,-0.002684043485310275,3.7599108611082865,0.33982520725807724,14.52513251997049,14.595524591933996,-1,0.09302325581395349,-0.009997254692686197,0.003818670113304723,0.009002701223011389,0.1858449130582433,0.19036871886576623,2.2,252.594,3.22,1.0,0.0
2018-11-07,14.539999961853027,14.645000457763672,14.527999877929688,14.527999877929688,6,50.24449258167896,0.017226603723518252,0.02123617183639609,-0.004009568112877837,3.2854729170057224,0.4346696305632632,14.525405601680891,14.592876563933828,-1,0.13872832369942195,0.004841589012152259,0.02101340814204211,0.01915115828110081,0.1852208994811911,0.19037190460171213,2.2,252.594,3.22,1.0,0.0
2018-11-08,14.38599967956543,14.38599967956543,14.38599967956543,14.38599967956543,29,46.196444682150265,0.0038787716738468703,0.017764691803886245,-0.013885920130039375,3.446042913852539,0.169365628228147,14.512128847193704,14.58476374493899,-1,0.655367231638418,-0.009774242810944522,-0.02328742004584683,-0.010251129646431267,0.17531745904437726,0.17188160266499078,2.2,252.594,3.24,1.0,0.0
2018-11-09,14.102999687194824,14.102999687194824,14.102999687194824,14.102999687194824,10,39.385923242688484,-0.02919863199205608,0.00837202704469778,-0.037570659036753856,4.3747389824035166,-0.16984538470864083,14.473164165289049,14.56587103679216,-1,0.23391812865497075,-0.019671903147098768,-0.041068885608168015,-0.0316534220268776,0.18789165197346874,0.17196935749856196,2.2,252.594,3.19,2.0,0.0
2018-11-12,14.100000381469728,14.100000381469728,13.973999977111816,13.973999977111816,2,36.72792209784964,-0.06507180396493162,-0.0063167391572281,-0.05875506480770352,5.426305022642818,-0.16196334541539006,14.425624718795978,14.542660407000774,-1,0.04672897196261683,-0.009146969647892411,-0.043138873629925745,-0.04653385329058635,0.18729008274085873,0.17257228481090264,2.2,252.594,3.19,2.0,0.0
2018-11-13,14.0,14.015000343322754,13.94499969482422,13.95199966430664,9,36.27826091528758,-0.09419101717070433,-0.02389159475992335,-0.07029942241078098,6.266442073295367,-0.06142639704912281,14.380517570749374,14.519497240620613,-1,0.22756005056890014,-0.0015743747560620358,-0.03499796046413817,-0.04634316095903779,0.18730002350382022,0.17243280053676627,2.2,252.594,3.14,2.0,0.0
2018-11-14,14.05500030517578,14.05500030517578,14.05500030517578,14.05500030517578,0,39.98301165101062,-0.10771523830622698,-0.040656323469184075,-0.0670589148370429,6.672417499385161,0.10657919510376632,14.349515926409032,14.501281674524737,-1,0.0,0.007382500239922152,-0.032557790248365026,-0.03680096643180153,0.1904468569171792,0.17259139841320503,2.2,252.594,3.12,2.0,0.0
2018-11-15,14.237000465393066,14.237000465393066,14.237000465393066,14.237000465393066,3,45.96149749499474,-0.10256508267363351,-0.053038075310073964,-0.04952700736355955,6.749660701978473,0.3128935596035652,14.338800168217034,14.490917705539182,-1,0.07556675062972291,0.012949139542193011,-0.01035723741771033,-0.020367407082703348,0.19722911037829843,0.17484831997929506,2.2,252.594,3.11,2.0,0.0
2018-11-16,14.357999801635742,14.357999801635742,14.357999801635742,14.357999801635742,0,49.55896513177265,-0.08770885890026392,-0.05997223202811196,-0.027736626872151962,6.685227013633492,0.44803820642944653,14.340628704733101,14.48570523871944,-1,0.0,0.008498934627191757,0.01808126782222441,-0.015158835600263876,0.19960682123339551,0.1734617979546113,2.2,252.594,3.08,2.0,0.0
2018-11-19,14.380999565124512,14.380999565124512,14.380999565124512,14.380999565124512,1,50.237112727127894,-0.07323509721660848,-0.06262480506581126,-0.010610292150797215,6.650190000036285,0.47911612124451486,14.344473548579902,14.48159913387258,-1,0.029197080291970802,0.001601877963959053,0.029125489385954273,-0.00970945769477316,0.199411443260573,0.1696858903752695,2.2,252.594,3.06,2.0,0.0
2018-11-20,14.380000114440918,14.380000114440918,14.246999740600586,14.246999740600586,76,46.32906950227313,-0.07175011213056415,-0.06444986647876184,-0.0073002456518023034,6.38002421188289,0.3583267586219929,14.335190328772349,14.472399157665835,-1,2.0026350461133067,-0.009317838020723501,0.02114392799539999,-0.03265887811040902,0.19397882686795048,0.1703480621013392,2.2,252.594,3.06,2.0,0.0
2018-11-21,14.34000015258789,14.479999542236328,14.329999923706056,14.479999542236328,3,53.1532452553186,-0.05118211841835496,-0.061796316866680474,0.010614198448325514,6.244825409911465,0.6221293271928576,14.348981682435586,14.472697211962718,-1,0.0823045267489712,0.01635430658230086,0.03023829440288539,-0.008965883118992157,0.20236521334864638,0.17354954944930756,2.2,252.594,3.06,2.0,0.0
2018-11-23,14.234999656677246,14.234999656677246,14.220999717712402,14.220999717712402,3,46.13160962978623,-0.05514527608826647,-0.060466108710997675,0.0053208326227312044,6.18529024456164,0.35109020248890505,14.33679292389052,14.462826721992117,-1,0.08196721311475409,-0.017886728778440664,-0.001123884748023829,-0.02361825421088315,0.2116961263408665,0.1770338958090072,2.2,252.594,3.05,2.0,0.0
2018-11-26,14.18299961090088,14.18299961090088,14.18299961090088,14.18299961090088,0,45.18840580222374,-0.06065322550591823,-0.06050353206998179,-0.00014969343593643908,6.001303019737065,0.328376314591649,14.32214594170103,14.451853109792461,-1,0.0,-0.0026721121978641182,-0.012188340517662155,-0.030884906792754463,0.21055044330300338,0.17470453500269784,2.2,252.594,3.07,2.0,0.0
2018-11-27,14.062000274658203,14.062000274658203,14.062000274658203,14.062000274658203,0,42.227751137538235,-0.07392973434530425,-0.06318877252504629,-0.010740961820257966,6.215609752897558,0.2158211329659769,14.297370163887429,14.436564763316609,-1,0.0,-0.008531293771571358,-0.022181997087317717,-0.021909966165356898,0.2035596491852922,0.17545522185260445,2.2,252.594,3.06,2.0,0.0
2018-11-28,14.303000450134276,14.303000450134276,14.303000450134276,14.303000450134276,84402,49.34629268629963,-0.06426396819180091,-0.06340381165839722,-0.000860156533403697,6.192187435464043,0.4922700193240168,14.297906381625223,14.43132694711338,-1,19.952012292417706,0.01713839928664984,0.0039307019409919874,-0.00694295831722147,0.21334594000328677,0.17046020333574116,2.2,252.594,3.06,2.0,0.0
2018-11-29,14.289999961853027,14.335000038146973,14.204999923706056,14.27299976348877,23378,48.544412432543325,-0.05835193873622835,-0.06239343707396345,0.004041498337735101,6.174573400257924,0.4558110272565469,14.295534322755085,14.42511803795163,-1,4.330502273800813,-0.002097510011979664,-0.014295565282565592,0.0030922532611519227,0.20890544574581077,0.17034625902594222,2.2,252.594,3.03,2.0,0.0
2018-11-30,14.270000457763672,14.279999732971191,13.984999656677246,14.093999862670898,1093,43.95488073455171,-0.06733422183501148,-0.06338159402617306,-0.003952627808838413,5.705206117565216,0.2713325866743063,14.276340564651829,14.412133011470033,-1,0.20045666706403426,-0.012541154892734219,-0.008930444944972749,-0.04311224284980597,0.16927129726066378,0.17224041164708578,2.2,252.594,3.01,2.0,0.0
2018-12-03,14.210000038146973,14.475000381469728,14.1850004196167,14.380999565124512,342,51.820061455805835,-0.050709718405165916,-0.06084721890197164,0.010137500496805722,5.065036018180445,0.6619424801391129,14.28630808850637,14.410912092005503,-1,0.06252856751074139,0.020363254239398332,0.013960372252386666,-0.022166330218766794,0.1869963308911946,0.17710592888131282,2.27,252.767,2.98,2.0,0.0
2018-12-04,14.385000228881836,14.520999908447266,14.385000228881836,14.520999908447266,65,55.128150679589965,-0.02593881547107557,-0.05386553821579243,0.02792672274471686,4.868933772399474,0.8761328399415185,14.308659690405504,14.41522926127773,-1,0.01188017472995449,0.009735091270169471,0.03264113389446077,-0.005683386920373845,0.18939119453027148,0.17813186325129343,2.27,252.767,2.91,2.0,0.0
2018-12-06,14.420000076293944,14.420000076293944,14.329999923706056,14.390000343322754,48,51.560721230347475,-0.016685921609900234,-0.046429614894613995,0.02974369328471376,4.778076156927811,0.6960563470534807,14.316406419254767,14.414239891946163,-1,0.008769525897506167,-0.009021387366603184,0.006082632346394279,-0.004703267320619764,0.18874880976934977,0.17914742256262528,2.27,252.767,2.87,2.0,0.0
2018-12-07,14.404999732971191,14.571999549865724,14.404999732971191,14.571999549865724,88,55.836630615525145,0.005272104833023761,-0.03608927094908645,0.04136137578211021,4.882174529902465,0.9501295709870182,14.340748622170096,14.42042654519791,-1,0.016065430115378997,0.012647616553214558,0.020948629673617436,0.003028611805185877,0.19344369467695666,0.1798310893701595,2.27,252.767,2.85,2.0,0.0
2018-12-10,14.5649995803833,14.5649995803833,14.477999687194824,14.477999687194824,42,53.223410841219795,0.014917041293669442,-0.02588800850053527,0.04080504979420471,5.005786031866923,0.8007751983108938,14.353820152172451,14.4226843154723,-1,0.00766668187833706,-0.006450718197542504,0.027245624256104994,0.006395107026178737,0.1915083798310492,0.1802157046611711,2.27,252.767,2.85,2.0,0.0
2018-12-11,14.5,14.6850004196167,14.49899959564209,14.49899959564209,221,53.74424252429058,0.02397882704303278,-0.015914641391821662,0.039893468434854445,5.084626439527657,0.7973532253510967,14.367646765836227,14.42567707155739,-1,0.040263809940241944,0.0014504702929258873,0.008205273213674369,0.028079126230629026,0.17602919411267992,0.1795362898015009,2.27,252.767,2.89,2.0,0.0
2018-12-12,14.619999885559082,14.729999542236328,14.619999885559082,14.725000381469728,162,59.03112993446976,0.048833806462054596,-0.0029649518210464096,0.05179875828310101,5.339607728113456,1.0288604754344335,14.401680443515609,14.43741524057356,-1,0.0294716926211614,0.015587336514966577,0.014048651904734921,0.05374269397366427,0.17813078912026292,0.1818400199659806,2.27,252.767,2.91,2.0,0.0
2018-12-13,14.729000091552734,14.729000091552734,14.725000381469728,14.729000091552734,47,59.12018250493528,0.06806963551250078,0.01124196564566303,0.05682766986683775,5.3278494517169745,0.9830406399685058,14.43285374332867,14.44884994061196,-1,0.008547474857693638,0.00027162716328610337,0.023558008348991022,0.055690972329500044,0.1776741813522195,0.18170529722895032,2.27,252.767,2.91,2.0,0.0
2018-12-14,14.489999771118164,14.512999534606934,14.489999771118164,14.512999534606934,19,52.48519200518161,0.06513390574708922,0.022020353665948268,0.04311355208114095,5.021664948948939,0.6808967266926247,14.44048667583136,14.451365610964706,-1,0.0034547653032465705,-0.014664984425499461,-0.004048862001188702,0.032586212699155626,0.18711293236640328,0.18390173815774408,2.27,252.767,2.89,2.0,0.0
2018-12-17,14.5600004196167,14.638999938964844,14.5600004196167,14.638999938964844,81,55.614493924906846,0.07214288014465176,0.03204485896168897,0.04009802118296279,5.15371267348865,0.8186886148906587,14.459392700891692,14.458723819905888,1,0.01471777307374331,0.00868189956579668,0.01112033811635027,0.028236247835276007,0.18432192642902054,0.18466048879074887,2.27,252.767,2.86,2.0,0.0
2018-12-18,14.604999542236328,14.604999542236328,14.585000038146973,14.585000038146973,28,53.97387471926492,0.072504416372146,0.040136770443780376,0.03236764592836562,5.256125864291745,0.725974780552574,14.471355304439815,14.463675828464362,1,0.005086331392655701,-0.003688769795957114,0.00593147423293483,0.015810018083812105,0.18318505724534123,0.18472619119076875,2.27,252.767,2.82,2.0,0.0
2018-12-19,14.70199966430664,14.70199966430664,14.70199966430664,14.70199966430664,35,56.93795937561257,0.08129471360731166,0.048368359076486636,0.03292635453082503,5.524251286970226,0.8414072846819055,14.49332143395094,14.473021861242492,1,0.006355951440530995,0.008021914696856758,-0.0015620181030373548,0.022321125713722134,0.18495806613595778,0.18535015553505182,2.27,252.767,2.77,2.0,0.0
2018-12-20,14.529999732971191,14.753000259399414,14.529999732971191,14.753000259399414,116,58.20159355842611,0.09132368667807889,0.056959424596805086,0.0343642620812738,5.713012709168246,0.860670278333854,14.518052750660319,14.484001406268254,1,0.02105779092881196,0.0034689563499714637,0.001629449908174374,0.03551628609614177,0.18089118804339244,0.18434467927191642,2.27,252.767,2.79,2.0,0.0
2018-12-21,14.583000183105469,14.583000183105469,14.583000183105469,14.583000183105469,35,52.655016298188876,0.08457915879066569,0.06248337143557721,0.022095787355088478,5.761659700558063,0.647272135904501,14.524238220417,14.487883711242263,1,0.0063517989201941835,-0.011523085020325619,0.004823306741767341,0.007113304152303268,0.17829022534779448,0.18545404983322786,2.27,252.767,2.79,2.0,0.0
2018-12-24,14.701000213623049,14.701000213623049,14.701000213623049,14.701000213623049,0,55.803461468378906,0.08774422731001508,0.06753554261046478,0.020208684699550297,5.7160424690984675,0.761737826339828,14.541072695960434,14.496241221139549,1,0.0,0.008091615513677652,0.004235280751192505,0.03375293618161046,0.16622531150586053,0.18543014059823795,2.27,252.767,2.74,2.0,0.0
2018-12-26,14.979999542236328,15.050000190734863,14.979999542236328,15.003999710083008,85,62.668487915856296,0.11339494763611135,0.0767074236155941,0.036687524020517254,6.165194751578233,1.0344959766142712,14.585160983019726,14.516153318745175,1,0.015414328071304868,0.020610808248215484,0.028728122786434218,0.057886210371966396,0.178008397017568,0.18038187532912794,2.27,252.767,2.81,2.0,0.0
2018-12-27,15.190999984741213,15.190999984741213,15.190999984741213,15.190999984741213,757,66.16186449421897,0.14711681655223963,0.09078930220292321,0.05632751434931642,6.626560320418689,1.1304645010389542,14.64285993556463,14.542617893882275,1,0.13634235077987106,0.012463361654994953,0.0332608034008981,0.08028727691874904,0.1757643293899687,0.17952625574320366,2.27,252.767,2.77,2.0,0.0
2018-12-28,15.1899995803833,15.326000213623049,15.1899995803833,15.326000213623049,233,68.45671148984904,0.1826297883312087,0.10915739942858031,0.07347238890262837,7.709599231791464,1.114329060626087,14.707920914427337,14.573338769166227,1,0.1733953488372093,0.008886855968497143,0.03883955427022823,0.0715234378307783,0.16997554785159727,0.17854057171804574,2.27,252.767,2.72,1.0,0.0
2018-12-31,15.40999984741211,15.44499969482422,15.40999984741211,15.43299961090088,17,70.18273469177407,0.21690765502542675,0.1307074505479496,0.08620020447747714,8.683261839436488,1.0817015419792952,14.776976028377199,14.607050959038174,1,0.09675583380762665,0.006981560471513104,0.058287006591424495,0.08127232303187326,0.16908863535987867,0.17892402097526114,2.27,252.767,2.69,1.0,0.0
2019-01-02,15.520000457763672,15.56999969482422,15.420000076293944,15.541999816894531,91,71.87130781515437,0.24998682450870646,0.15456332534010098,0.09542349916860549,9.182502572118361,1.0743759690737407,14.849835436807421,14.64371562013058,1,0.7245222929936306,0.0070628010588855705,0.057206964903799395,0.10273875183288306,0.1576128911120993,0.1788429569768784,2.4,252.561,2.66,1.0,0.0
2019-01-03,15.706000328063965,15.706000328063965,15.706000328063965,15.706000328063965,7,74.23546794153982,0.28613736189506156,0.1808781326510931,0.10525922924396847,10.362426742730506,1.070310865819025,14.931374950260425,14.685373843971105,1,0.06430868167202573,0.010552085516766008,0.046787565418919375,0.0921355123431562,0.14867662501092588,0.17977526217422668,2.4,252.561,2.56,1.0,0.0
2019-01-04,15.6899995803833,15.69499969482422,15.619999885559082,15.69499969482422,12,73.78747910875889,0.3103220644675826,0.206766919014391,0.10355514545319158,11.297776908528213,0.9795940865920623,15.004101116409357,14.724967014592796,1,0.11299435028248588,-0.0007004095893267115,0.033177520281038486,0.08084841221533279,0.14835502178961213,0.17347056020368742,2.4,252.561,2.67,1.0,0.0
2019-01-07,15.75,15.75,15.668999671936035,15.668999671936035,34,72.671235438144,0.32365968358069885,0.23014547192765258,0.09351421165304627,11.685374160792925,0.9102214716560537,15.06742478836428,14.76198790311606,1,0.3222748815165877,-0.0016565800187150481,0.022380233167953234,0.0888811187003733,0.14197378497249977,0.17345845060660525,2.4,252.561,2.7,2.0,0.0
2019-01-08,15.62600040435791,15.62600040435791,15.62600040435791,15.62600040435791,27,70.76461392547918,0.32699081471915115,0.2495145404859523,0.07747627423319883,12.02533425940976,0.8441875642284526,15.12062246607796,14.795870746302015,1,0.2635431918008785,-0.0027442254437684,0.012505721397200409,0.07233055771689867,0.1404842929727309,0.17313068692056366,2.4,252.561,2.73,1.0,0.0
2019-01-09,15.699999809265137,15.699999809265137,15.652999877929688,15.652999877929688,15,71.27424087020975,0.3280280884063522,0.26521725007003233,0.0628108383363199,12.085765701563705,0.8236909465925499,15.171325076730504,14.829483653424669,1,0.1483679525222552,0.0017278556811151091,0.007141941985773004,0.08115763338316007,0.13570554524451947,0.1690569134570886,2.4,252.561,2.74,1.0,0.0
2019-01-10,15.560999870300291,15.560999870300291,15.560999870300291,15.560999870300291,22,66.989101501236,0.31776352343977443,0.27572650474398075,0.04203701869579368,11.855856008265276,0.7478481432775634,15.208436961832389,14.85817056389038,1,0.24136039495337355,-0.005877468111343598,-0.009232169536160129,0.07324645177432809,0.1399047373192524,0.16967757919186816,2.4,252.561,2.74,1.0,0.0
2019-01-11,15.595000267028809,15.614999771118164,15.57699966430664,15.57699966430664,43,67.35666977665417,0.307376585470001,0.2820565208891848,0.025320064580816204,11.854858096238136,0.7323709503625485,15.24353817159184,14.886359940377291,1,0.5046948356807511,0.0010281983252815596,-0.007518320026249747,0.05786073078198939,0.13277755915537234,0.16933199584082056,2.4,252.561,2.71,1.0,0.0
2019-01-14,15.59000015258789,15.614999771118164,15.59000015258789,15.609000205993652,38,68.12122682617517,0.29828855379954433,0.28530292747125674,0.012985626328287592,11.788555982878883,0.7263064311994109,15.278344079630108,14.914698774323032,1,0.44837758112094395,0.002054345661978596,-0.003829182921603169,0.05974608656195257,0.13247572158348941,0.16924417450943946,2.4,252.561,2.71,1.0,0.0
2019-01-15,15.609999656677246,15.625,15.54599952697754,15.54599952697754,64,64.89850574565116,0.2827433061157123,0.2847910032001479,-0.0020476970844355846,11.128598424500206,0.6713813794527218,15.303835074615577,14.939455666583994,1,0.735632183908046,-0.0040361764485030704,-0.005119728357235842,0.0711775666985568,0.11819408472902355,0.16940403343186508,2.4,252.561,2.72,1.0,0.0
2019-01-16,15.53499984741211,15.600000381469728,15.53499984741211,15.564000129699709,7,65.40214084073747,0.26877778058495316,0.28158835867710896,-0.0128105780921558,10.579699351529694,0.6622776496836988,15.328612698909303,14.963947606314022,1,0.08403361344537816,0.0011578929158546636,-0.005685794986523107,0.06318738947957625,0.11679949975608873,0.16906933591001178,2.4,252.561,2.73,1.0,0.0
2019-01-17,15.467000007629396,15.510000228881836,15.467000007629396,15.467000007629396,27,60.375038581623784,0.24703523340185463,0.2746777336220581,-0.02764250022020348,9.667882148673106,0.5819642018288794,15.341792442596931,14.983675151463645,1,0.32432432432432434,-0.006232338811486771,-0.006040734107986445,0.06047308653929084,0.11909148275937342,0.16968872156615317,2.4,252.561,2.75,1.0,0.0
2019-01-18,15.329999923706056,15.329999923706056,15.289999961853027,15.329999923706056,14,54.05532398752867,0.21625647625424094,0.26299348214849466,-0.046737005894253725,8.85557644394215,0.4656312739557835,15.340669345559705,14.997256515080995,1,0.170316301703163,-0.008857573146425435,-0.015856695507708296,0.042715295452228075,0.12454681434116678,0.17060763446782992,2.4,252.561,2.79,1.0,0.0
2019-01-22,15.295000076293944,15.295000076293944,15.140000343322754,15.258999824523926,16,51.07170601116165,0.18401377853996514,0.24719754142678876,-0.06318376288682362,8.067059588311258,0.3848285613740338,15.33289129593725,15.007520958588561,1,0.20725388601036268,-0.004631448110599012,-0.02242298525534847,0.03429807877906943,0.12666793737763055,0.1687334815328632,2.4,252.561,2.74,1.0,0.0
2019-01-23,15.3100004196167,15.31999969482422,15.279999732971191,15.31700038909912,10,53.33755110999367,0.16128220823375372,0.23001447478818177,-0.06873226655442805,6.44895497378708,0.3776672185437393,15.33137787623838,15.019657406843878,1,0.13166556945358787,0.00380107249768602,-0.01473042228523369,0.05033259252399902,0.11665775797714052,0.16790340028581688,2.4,252.561,2.76,1.0,0.0
2019-01-24,15.23799991607666,15.270000457763672,15.23799991607666,15.23799991607666,7,49.94486894792309,0.13533256745947497,0.21107809332244043,-0.07574552586296546,4.909624195576147,0.20018644004095745,15.322484737175358,15.02821985818634,1,0.09174311926605505,-0.0051576987018086,-0.020945785845951304,0.0365281065676053,0.11767702222315701,0.16815635045085559,2.4,252.561,2.72,1.0,0.0
2019-01-25,15.25,15.638999938964844,15.25,15.638999938964844,7,62.85895357393612,0.1454480066563537,0.1979520759892231,-0.052504069332869385,4.151641022535578,0.7200820301619109,15.35262904210769,15.05217201821687,1,0.09668508287292817,0.026315791120665066,0.011120445545393709,0.04232206352650758,0.13034854127743672,0.1757614846049429,2.4,252.561,2.76,1.0,0.0
2019-01-28,15.595000267028809,15.708999633789062,15.595000267028809,15.708999633789062,7,64.57700717453486,0.15729970240448488,0.18982160127227546,-0.03252189886779058,3.8862552147438576,0.8078192946100787,15.386569098458297,15.077929963925584,1,0.2005730659025788,0.004475970017098874,0.024722747029954473,0.03409911457890602,0.12495704148159668,0.17140781294204338,2.4,252.561,2.75,1.0,0.0
2019-01-29,15.78600025177002,15.78600025177002,15.78600025177002,15.78600025177002,120,66.41727588735097,0.1709351292551542,0.1860443068688512,-0.015109177613697011,3.9628181528802804,0.8890786703649424,15.424610160678462,15.105697426193993,1,4.102564102564102,0.004901688189955289,0.03453702295737049,0.03001435676205233,0.122714148764124,0.17154955266723299,2.4,252.561,2.72,1.0,0.0
2019-01-30,15.80500030517578,15.885000228881836,15.80500030517578,15.880000114440918,65,68.56429952245738,0.18716874185258803,0.18626919386559856,0.0008995479869894629,4.310545990854492,0.9639443057682746,15.467980632465363,15.136062237497795,1,2.0537124802527646,0.005954634560477734,0.036756526150020674,0.028963941865475462,0.12216217467130358,0.16937934656552756,2.4,252.561,2.7,0.0,0.0
2019-01-31,16.059999465942383,16.139999389648438,16.0,16.02199935913086,64,71.52582548738927,0.20908198216085516,0.1908317515246499,0.01825023063620526,4.988373209487859,1.0519910244749526,15.520744320719219,15.1708048697187,1,2.112211221122112,0.008942017863136531,0.051450285298075826,0.030884027016559124,0.12346998962056714,0.15584373465680018,2.4,252.561,2.63,0.0,0.0
2019-02-01,16.010000228881836,16.010000228881836,15.859999656677246,15.880000114440918,79,64.93753299933903,0.2125401995534819,0.19517344113041632,0.017366758423065592,5.205568557009803,0.8431065372274076,15.554959158216523,15.1986164479431,1,2.330383480825959,-0.008862766843703351,0.015410203748106532,0.011078554867087531,0.12396619036369902,0.1571656911315262,2.4,253.319,2.7,0.0,0.0
2019-02-04,15.836999893188477,15.836999893188477,15.836999893188477,15.836999893188477,26,63.0437874374756,0.2093973015184094,0.19801821320801494,0.01137908831039447,5.345623753787623,0.773919519128823,15.581820180594804,15.223651092854684,1,0.7514450867052023,-0.0027078224774909065,0.008148212004798427,0.009047480160900179,0.12444003129774286,0.15643848602027194,2.4,253.319,2.73,0.0,0.0
2019-02-05,15.789999961853027,15.789999961853027,15.789999961853027,15.789999961853027,10,60.95149948966218,0.2007993407118267,0.1985744387087773,0.002224902003049395,5.430537294481481,0.7069694606394613,15.60164682642892,15.245860852423247,1,0.29940119760479045,-0.0029677294722760816,0.0002533707094398707,0.007722272796629737,0.12482218974060465,0.1549010196517992,2.4,253.319,2.71,0.0,0.0
2019-02-06,15.710000038146973,15.710000038146973,15.656000137329102,15.656000137329102,13,55.31494945188589,0.1810852903661644,0.19507660904025473,-0.013991318674090342,5.434680788243925,0.547132266727998,15.606823332228938,15.261944745948968,1,0.39755351681957185,-0.008486372694594957,-0.014105791907905285,0.0019198599894330037,0.12837674509407737,0.1560761587603218,2.4,253.319,2.7,1.0,0.0
2019-02-07,15.65999984741211,15.6899995803833,15.65999984741211,15.675000190734863,6,55.93715910154397,0.16509183306940933,0.18907965384608566,-0.023987820776676327,5.440595370439697,0.5681449271629649,15.61331636637236,15.27814299868567,1,0.18604651162790697,0.0012135956335654896,-0.02165766959653781,0.0014055013720530862,0.12830316424723975,0.15436263733159125,2.4,253.319,2.65,1.0,0.0
2019-02-08,15.81999969482422,15.81999969482422,15.77299976348877,15.77299976348877,2,59.1005036174521,0.15849758790765556,0.18296324065839964,-0.024465652750744082,5.493575967296191,0.6692446176586712,15.628524308954875,15.297549146325007,1,0.064,0.006251966287811106,-0.006738057316186374,0.01362379634698807,0.12804646105164527,0.14812282560577927,2.4,253.319,2.63,1.0,0.0
2019-02-11,15.656999588012695,15.656999588012695,15.649999618530272,15.656999588012695,2,54.145379389441906,0.14227134094343086,0.1748248607154059,-0.03255351977197504,5.486110148531807,0.5295014719447224,15.631236240293715,15.311645242077466,1,0.0684931506849315,-0.007354350929782538,-0.011365808321638027,0.005135772320093768,0.13118150329365028,0.14759203562170695,2.4,253.319,2.65,1.0,0.0
2019-02-12,15.65999984741211,15.65999984741211,15.65999984741211,15.65999984741211,0,54.25221555038353,0.12817648049969144,0.165495184672263,-0.037318704172571576,5.485679425148484,0.5300239922804647,15.633975631447848,15.32530620699255,1,0.0,0.00019162416033480234,-0.008233066165610148,0.0032673227461983423,0.13100976779728174,0.14745890146071547,2.4,253.319,2.68,1.0,0.0
2019-02-13,15.710000038146973,15.755000114440918,15.604999542236328,15.62399959564209,30,52.66658592318951,0.11280098308206377,0.15495634435422317,-0.04215536127215941,5.460438104231378,0.48342880562494306,15.63302553279968,15.337019673214101,1,1.171875,-0.0022988666743805064,-0.002043979394884654,0.005017372381183494,0.13041210615241744,0.14726783655921666,2.4,253.319,2.71,0.0,0.0
2019-02-14,15.5,15.5,15.5,15.5,0,47.515283872311365,0.08957746627250707,0.14188056873787996,-0.0523031024653729,5.501504104914024,0.34311020202609427,15.620356434437806,15.343411058578255,1,0.0,-0.007936482261345912,-0.011164286354414354,-0.004112061755742413,0.13355524148497377,0.14674803656349394,2.4,253.319,2.66,1.0,0.0
2019-02-15,15.722999572753906,15.722999572753906,15.722999572753906,15.722999572753906,2,55.87408542509644,0.08815071712547429,0.13113459841539885,-0.04298388128992456,5.426019347163872,0.5886280872956207,15.630131971420292,15.358296882663575,1,0.08333333333333333,0.014387069209929493,-0.0031699861462373136,0.016551339302917967,0.14091658985285083,0.14841745922508578,2.4,253.319,2.66,0.0,0.0
2019-02-19,15.946999549865724,15.946999549865724,15.946999549865724,15.946999549865724,0,62.35895773229541,0.10389727118585945,0.12568713296949097,-0.021789861783631514,5.323062241222632,0.8215978617340568,15.660309836034143,15.381383261769543,1,0.0,0.014246643973709894,0.01852206485813923,0.04024785578801926,0.14355450967774414,0.15065889020159112,2.4,253.319,2.65,0.0,0.0
2019-02-20,16.156999588012695,16.156999588012695,16.059999465942383,16.156999588012695,2,67.22237248284739,0.13180244027411447,0.12691019443041568,0.004892245843698795,5.345773493149962,1.0157378962022328,15.707613621936863,15.411799588288883,1,0.08849557522123894,0.01316862382107109,0.031736893067896066,0.05885049962747391,0.14647924588019545,0.15062759813174975,2.4,253.319,2.65,0.0,0.0
2019-02-21,15.970000267028809,15.970000267028809,15.791000366210938,15.791000366210938,12,54.10218735584275,0.12296692325908332,0.1261215401961492,-0.003154616937065896,4.790091935909353,0.5580673290906284,15.715555216629632,15.426670207030925,1,0.5286343612334802,-0.022652672596049528,0.010688733671974093,0.030946005423434952,0.17257221806852013,0.15620202135305458,2.4,253.319,2.69,0.0,0.0
2019-02-22,15.907999992370604,15.907999992370604,15.907999992370604,15.907999992370604,12,56.99196684556208,0.12397648069583767,0.1256925282960869,-0.0017160476002492375,3.8246381059334493,0.7109172999296988,15.733883290509723,15.445545884887384,1,0.5228758169934641,0.007409259923140565,0.026322580152942088,0.04396903005538588,0.1718643469356704,0.1512634338741344,2.4,253.319,2.65,0.0,0.0
2019-02-25,15.94499969482422,15.94499969482422,15.824999809265137,15.824999809265137,1,54.376419518330884,0.1167335098849307,0.12390072461385566,-0.007167214728924967,3.738158787405579,0.5592962819720155,15.742561054200715,15.460426430941414,1,0.04415011037527594,-0.005217512141392544,0.006487326800414417,0.0118933353172328,0.14861522236635952,0.15168141224573542,2.4,253.319,2.67,0.0,0.0
2019-02-26,15.82699966430664,15.82699966430664,15.82699966430664,15.82699966430664,60807,54.43068524034846,0.10988805384112155,0.12109819045930885,-0.011210136618187302,3.711414880452301,0.5530485683300363,15.750602826591756,15.474801851857698,1,19.854374479617324,0.00012637314790575616,-0.007524919354506054,0.007511619661876301,0.14791120398636784,0.1501758810904993,2.4,253.319,2.64,0.0,0.0
2019-02-27,15.890000343322754,15.920000076293944,15.645000457763672,15.67199993133545,17247,49.514937667661904,0.0909078682268607,0.11506012601281923,-0.02415225778595853,3.7753291836506957,0.30172190712727426,15.743116836567346,15.482535109876434,1,4.400867568257208,-0.009793374376619868,-0.030017928392910287,-0.007221608933003054,0.1511540835284547,0.1487736328263083,2.4,253.319,2.69,0.0,0.0
2019-02-28,15.675000190734863,15.765000343322754,15.520000457763672,15.538000106811523,1031,45.6745259733672,0.06431192063854496,0.10491048493796439,-0.04059856429941942,3.985212477004278,0.12598964732523105,15.723581909923935,15.484710207795457,1,0.25987447382350715,-0.008550269596160454,-0.016021800616303983,-0.021536524254706202,0.15191622674456412,0.15003711795061278,2.4,253.319,2.73,0.0,0.0
2019-03-01,15.55500030517578,15.574999809265137,15.079999923706056,15.168999671936035,585,37.13342451115225,0.013305808257191742,0.08658954960180987,-0.07328374134461813,4.958584121426264,-0.21980093909474638,15.670764553925087,15.472329402467636,1,0.14649354551942606,-0.023748257970066966,-0.04645463419593843,-0.05323927857410027,0.16738771048641948,0.15629109912903336,2.41,254.277,2.76,1.0,0.0
2019-03-04,15.170000076293944,15.204999923706056,15.005000114440918,15.017000198364258,317,34.28899922214221,-0.03893319287645802,0.061485001106156296,-0.10041819398261431,6.271557291421104,-0.18131102256660409,15.608501281966912,15.454473355247897,1,0.07914612071655952,-0.010020401928875322,-0.051058427844518195,-0.054345082484720364,0.16800901559196943,0.1528911909611806,2.41,254.277,2.72,1.0,0.0
2019-03-05,15.024999618530272,15.074999809265137,15.005000114440918,15.020000457763672,222,34.395821647411566,-0.0791781651757848,0.03335236784976808,-0.11253053302555288,7.229548738484158,-0.053807742293088455,15.552453584423747,15.437435202405378,1,0.05529196398550454,0.00019979086100962995,-0.05098876752761483,-0.051588017991728186,0.16834542542179218,0.15174667651783885,2.41,254.277,2.72,1.0,0.0
2019-03-06,15.024999618530272,15.024999618530272,14.975000381469728,15.003000259399414,25,34.05797235920896,-0.11116295228635842,0.004449303822542782,-0.1156122561089012,8.0271018123025,0.01779955623440299,15.500124696326191,15.420398537973773,1,0.006225409631953782,-0.0011318374065342196,-0.0426875749660004,-0.04984165322070433,0.16842512463096232,0.15046307087804275,2.41,254.277,2.69,1.0,0.0
2019-03-07,15.024999618530272,15.024999618530272,14.920000076293944,14.960000038146973,8,33.17046838073628,-0.13838566123601836,-0.02411768918916945,-0.11426797204684891,8.812433314958048,0.05381438418481326,15.448684252690075,15.40234369484331,1,0.0019922551082666136,-0.002866108145635815,-0.03719912888989929,-0.044455805638544565,0.16695815022244187,0.14857443749226357,2.41,254.277,2.64,1.0,0.0
2019-03-08,15.045000076293944,15.272000312805176,15.045000076293944,15.272000312805176,11,44.476221603264605,-0.1332480390872508,-0.04594375916878572,-0.08730427991846508,8.95687776004258,0.29888571004250836,15.431857210796275,15.397232189665344,1,0.0027391802380596643,0.02085563327958706,0.006790206546032129,-0.02570972076720557,0.18554738893174058,0.1534974872788592,2.41,254.277,2.62,1.0,0.0
2019-03-11,15.21500015258789,15.21500015258789,15.196999549865724,15.196999549865724,16,42.61010376485512,-0.13368730722127964,-0.06349246877928451,-0.07019483844199513,9.085209725291117,0.2685998235979927,15.409489814517176,15.389379929281045,1,0.003983567782895556,-0.00491099799654704,0.011986372053259586,-0.03651811464274324,0.18375580200724043,0.15395315900907758,2.41,254.277,2.64,1.0,0.0
2019-03-12,15.338000297546388,15.399999618530272,15.338000297546388,15.338000297546388,23,47.10353639641052,-0.12126003819824582,-0.07504598266307677,-0.04621405553516905,9.11538802816932,0.38016095420516044,15.402681289091387,15.38736504176204,1,0.00572488207987455,0.009278196476745215,0.02117175965985707,-0.0203742287066635,0.18657857410573297,0.15193099539718938,2.41,254.277,2.61,1.0,0.0
2019-03-13,15.375,15.420000076293944,15.369999885559082,15.380999565124512,110,48.42960972263895,-0.10671155208338767,-0.08137909654713896,-0.025332455536248716,9.103113430271142,0.42026981574289934,15.400616362999303,15.387115415227235,1,0.027342439194143746,0.0028034467821076436,0.02519491429644405,-0.01781611015364748,0.18703399598197015,0.15199030438507793,2.41,254.277,2.61,0.0,0.0
2019-03-14,15.1850004196167,15.1850004196167,15.09000015258789,15.10099983215332,20,41.18859938359638,-0.11643324049727255,-0.08838992533716568,-0.02804331516010687,9.34184808905404,0.2464931281876011,15.372081455299686,15.37589519628316,-1,0.004971970516214838,-0.018204261159078028,0.009425119896177003,-0.03347412807375183,0.19706279626046866,0.15372622825447604,2.41,254.277,2.63,1.0,0.0
2019-03-15,15.244999885559082,15.255000114440918,15.220000267028809,15.253000259399414,5,45.91606476536483,-0.1105976832008011,-0.09283147690989277,-0.017766206290908332,9.423896230455506,0.36134194741669595,15.36074038902347,15.371075786993602,-1,0.0012429153823207716,0.01006558697672788,-0.0012441103337217374,-0.01593546713552163,0.19979898589856923,0.15405558254668456,2.41,254.277,2.59,1.0,0.0
2019-03-18,15.25100040435791,15.25100040435791,15.25100040435791,15.25100040435791,0,45.863828090064985,-0.10492482551370585,-0.09525014663065538,-0.009674678883050472,9.364347483444483,0.375194503215233,15.350288961912463,15.36636694845887,-1,0.0,-0.00013111224070627703,0.003553389227590076,-0.030019664263930546,0.191751366355047,0.15379566720567467,2.41,254.277,2.6,1.0,0.0
2019-03-19,15.3149995803833,15.3149995803833,15.300000190734863,15.300999641418455,21,47.47278634204908,-0.0952960112581458,-0.09525931955615347,-3.669170199233074e-05,8.885839938329896,0.4283433073156295,15.345594740913034,15.363803524653363,-1,0.00521901211556384,0.003278423430259636,-0.0024123520283052535,-0.040509182083265816,0.18368070409388915,0.15314894482152752,2.41,254.277,2.61,0.0,0.0
2019-03-20,15.28499984741211,15.289999961853027,15.220000267028809,15.244999885559082,94,45.82987785832896,-0.09113329102666867,-0.09443411385025652,0.0033008228235878456,7.702291516217503,0.4082926524789183,15.336014278498372,15.359144558414373,-1,0.02333461590973972,-0.003659875640267818,-0.008842057305157303,-0.05644610544709361,0.17476314552551844,0.15328965298683295,2.41,254.277,2.54,0.0,0.0
2019-03-21,15.520000457763672,15.520000457763672,15.371999740600586,15.371999740600586,3,50.05162114708556,-0.07670230194141148,-0.09088775146848752,0.014185449527076038,7.258473108357732,0.5354924687233943,15.33944146536525,15.35964868320599,-1,0.0007448049852280344,0.00833059075072895,0.017945825538667082,-0.026534140706304776,0.16202082740685853,0.15197668423970376,2.41,254.277,2.54,0.0,0.0
2019-03-22,15.345000267028809,15.345000267028809,15.345000267028809,15.345000267028809,0,49.1742040345667,-0.06667567531405716,-0.08604533623760145,0.019369660923544293,6.405556239044934,0.5414659597999416,15.339970875047493,15.359074235512766,-1,0.0,-0.0017564060647533575,0.006031600738530152,-0.03539098099143867,0.1587059718917105,0.15132577549018972,2.41,254.277,2.44,0.0,0.0
2019-03-25,15.515000343322754,15.515000343322754,15.5,15.506999969482422,6,54.34566848419905,-0.04513716621867303,-0.07786370223381578,0.03272653601514275,5.750744544914011,0.7485782987482342,15.35587840785082,15.364875244688047,-1,0.001489739419746496,0.010557165176575234,0.016785755579113326,-0.020094776847740192,0.1639364071148541,0.14712676108563194,2.41,254.277,2.43,0.0,0.0
2019-03-26,15.399999618530272,15.420000076293944,15.371000289916992,15.371000289916992,45,49.767579543032085,-0.03859685955692527,-0.07001033369843768,0.03141347414151241,4.805242253207957,0.6436167207050013,15.357318587095218,15.365115442540164,-1,0.045479812016777,-0.00877021215148488,0.004574906877917506,-0.028811485692896488,0.16616436665169879,0.1462530293681374,2.41,254.277,2.41,0.0,0.0
2019-03-27,15.23900032043457,15.23900032043457,15.23900032043457,15.23900032043457,375,45.74006858228097,-0.043562749515043464,-0.06472081686175883,0.021158067346715367,4.14405677955563,0.4920855239169334,15.346050180746586,15.3601697514772,-1,2.571134727459719,-0.008587597878650155,-0.0003935431400163836,-0.027628867585375416,0.1654047799572355,0.14622203491329513,2.41,254.277,2.39,0.0,0.0
2019-03-28,15.229999542236328,15.234999656677246,14.90999984741211,14.92099952697754,343,37.80306946103031,-0.07232454711395775,-0.06624156291219861,-0.006082984201759137,4.1477078635322755,0.03700177933595972,15.305569166101915,15.342947389732116,-1,3.0776132794975326,-0.020867562620273006,-0.029339072419567014,-0.03970913731449277,0.17807566078413736,0.15164068107879644,2.41,254.277,2.39,1.0,0.0
2019-03-29,14.93000030517578,15.0649995803833,14.93000030517578,15.0600004196167,23,42.49987299067592,-0.08294611736281787,-0.06958247380232246,-0.013363643560495408,4.235464869894285,0.2706943156262679,15.282181666436657,15.331851430119746,-1,0.27594481103779245,0.009315789628425497,-0.018572814757421452,-0.007185658558684915,0.161999605634624,0.15218724072656276,2.41,254.277,2.41,1.0,0.0
2019-04-01,15.03499984741211,15.135000228881836,15.0,15.050999641418455,55,42.27724117176693,-0.09104061633300375,-0.07387410230845873,-0.017166514024545027,4.186248524110577,0.2512178806021989,15.260164330720638,15.320837634484402,-1,0.7829181494661922,-0.0005976612182905239,-0.029406095889686568,0.002264063568295116,0.15790664508260457,0.1504438313662081,2.42,255.233,2.49,1.0,0.0
2019-04-02,14.9399995803833,15.024999618530272,14.9399995803833,15.017999649047852,36,41.42053137830818,-0.09897743837814943,-0.07889476952239687,-0.020082668855752564,4.18942119182213,0.19977109611789773,15.237101027704183,15.308961635055518,-1,0.5906480721903199,-0.0021925448911573886,-0.022965365572252372,-0.00013320963081497883,0.15811786290745725,0.15047460159459508,2.42,255.233,2.48,1.0,0.0
2019-04-03,15.020000457763672,15.059000015258787,15.020000457763672,15.059000015258787,2,42.96689868730288,-0.1007971137485093,-0.08327523836761935,-0.01752187538088995,4.104753799515888,0.25481222661465613,15.220139026518908,15.299159218592902,-1,0.033444816053511704,0.0027300817132149824,-0.011811818452055145,0.003732570478647279,0.15834658549664887,0.150627911179478,2.42,255.233,2.52,0.0,0.0
2019-04-04,15.041000366210938,15.041000366210938,15.041000366210938,15.041000366210938,0,42.437264996181725,-0.10250996971772608,-0.08712218463764071,-0.01538778508008537,3.955282849945502,0.20897727632412183,15.203078201727672,15.289035342028903,-1,0.0,-0.0011952751862415179,0.00804241291050456,0.005414460418276645,0.15802916347552856,0.15056967131457527,2.42,255.233,2.51,0.0,0.0
2019-04-05,15.04300022125244,15.04300022125244,15.04300022125244,15.04300022125244,0,42.5220388864248,-0.10252421351117569,-0.09020259041234771,-0.012321623098827977,4.062835661584148,0.2382405942892494,15.18783267977765,15.279386905920022,-1,0.0,0.00013296024152720243,-0.0011288312012339707,-0.014994767342999982,0.13853000362297507,0.15049828901833276,2.42,255.233,2.5,0.0,0.0
2019-04-08,15.17300033569336,15.17300033569336,15.17300033569336,15.17300033569336,0,47.89406131877108,-0.09099662657330931,-0.09036139764454004,-0.0006352289287692714,4.06705900574866,0.4506745031695249,15.186420075579147,15.275214883558192,-1,0.0,0.008641900719861706,0.008105820024018495,-0.001579207401672722,0.14142437432894187,0.151276751544183,2.42,255.233,2.52,0.0,0.0
2019-04-09,15.260000228881836,15.260000228881836,15.16800022125244,15.16800022125244,1,47.70936383362486,-0.0813269123002005,-0.08855450057567214,0.007227588275471639,3.9907730634240615,0.4554751025286362,15.184665803738508,15.271010386997183,-1,0.01755926251097454,-0.00032954025771403384,0.00998805271740033,-0.011083588016434165,0.13707778292851597,0.15124681250009017,2.42,255.233,2.51,0.0,0.0
2019-04-10,15.170000076293944,15.204999923706056,15.095000267028809,15.201000213623049,18,49.10437707146356,-0.07019164489084773,-0.08488192943870726,0.014690284547859533,3.832763764728718,0.525771531493289,15.186221461822749,15.26826489000212,-1,0.3438395415472779,0.002175632376664405,0.009429590160062284,-0.011702708314848431,0.13689227985478683,0.15125554564943,2.42,255.233,2.48,0.0,0.0
2019-04-11,15.140000343322754,15.140000343322754,14.824000358581545,14.824000358581545,1,36.97003376957838,-0.09074159025844608,-0.08605386160265503,-0.004687728655791049,4.345881759195098,-0.028008634878524803,15.151724213895015,15.250842751515039,-1,0.019455252918287938,-0.024800990049565264,-0.014427232387872024,-0.018343121425773656,0.14997478440562256,0.15934602849419652,2.42,255.233,2.51,1.0,0.0
2019-04-12,14.920000076293944,14.920000076293944,14.920000076293944,14.920000076293944,3,40.97022415712151,-0.09814978546958208,-0.08847304637604045,-0.009676739093541636,4.552129470420894,0.15864518106408948,15.129655248409199,15.23786852895735,-1,0.058479532163742694,0.006475965690113217,-0.008176570042505493,-0.021831782432460423,0.14703364979454156,0.15999150416550986,2.42,255.233,2.56,0.0,0.0
2019-04-15,14.947999954223633,14.947999954223633,14.947999954223633,14.947999954223633,0,42.123951862944324,-0.10060180244722616,-0.0908987975902776,-0.009703004856948569,4.667709866225931,0.22782223108595498,15.112354744201049,15.226501133869753,-1,0.0,0.001876667411964572,-0.014828997330239901,-0.019867578657180807,0.14738165065845718,0.15965445984738205,2.42,255.233,2.55,0.0,0.0
2019-04-16,14.890999794006348,14.890999794006348,14.890999794006348,14.890999794006348,0,40.39316078421699,-0.10592346041060807,-0.0939037301543437,-0.012019730256264377,4.77756745724198,0.1831912882253415,15.091273320372983,15.213344218580993,-1,0.0,-0.0038132298897405326,-0.018262158702897158,-0.02679562492781673,0.14680151812836384,0.15886040771725454,2.42,255.233,2.6,1.0,0.0
2019-04-17,14.92099952697754,14.92099952697754,14.92099952697754,14.92099952697754,0,41.74972243408841,-0.10649260449919495,-0.09642150502331395,-0.010071099475881001,4.850514342427215,0.25068339650992444,15.075056768621035,15.201879720871053,-1,0.0,0.0020146218109053926,-0.018419885712163353,-0.021252893474171364,0.14700102066465787,0.15870179899480066,2.42,255.233,2.59,1.0,0.0
2019-04-18,14.890000343322754,14.937000274658203,14.890000343322754,14.937000274658203,1,42.50136018538783,-0.10444851125505217,-0.0980269062696616,-0.006421604985390572,4.659047330157967,0.2937876853620006,15.061908531100766,15.191492291607805,-1,0.022002200220022,0.0010723643313392817,0.00762276803448958,-0.028298170263004963,0.14307779303512833,0.15849442233260327,2.42,255.233,2.57,1.0,0.0
2019-04-22,14.95699977874756,14.95699977874756,14.95699977874756,14.95699977874756,0,43.483002566296115,-0.10006131523892314,-0.09843378806351391,-0.0016275271754092324,4.427922479623551,0.34181820611506863,15.051917221352841,15.182296506789756,-1,0.0,0.0013389237277638966,0.0024798728059260977,-0.025285140536291162,0.1434068702354844,0.1582219431595428,2.42,255.233,2.59,1.0,0.0
2019-04-23,14.77299976348877,14.77299976348877,14.77299976348877,14.77299976348877,0,37.19189201907539,-0.11016181740945008,-0.10077939393270115,-0.009382423476748933,3.83622476917871,0.06143306057205367,15.025353653937216,15.166245654111286,-1,0.0,-0.012301933407810606,-0.011707264602005552,-0.0473334756844106,0.1414588650382725,0.15033424187359543,2.42,255.233,2.57,1.0,0.0
2019-04-24,14.89799976348877,14.89799976348877,14.89799976348877,14.89799976348877,0,43.20369465160059,-0.10684840096288895,-0.10199319533873871,-0.004855205624150233,3.2726577606027485,0.2878679877296775,15.013224711989745,15.155726207420207,-1,0.0,0.008461382386868666,0.00047008055733366305,-0.030772267094321792,0.14434153633789173,0.15116025689036627,2.42,255.233,2.53,1.0,0.0
2019-04-25,14.885000228881836,14.885000228881836,14.861000061035156,14.861000061035156,1,41.924519544329584,-0.10598631703709316,-0.10279181967840961,-0.0031944973586835457,3.032103279873819,0.2309093373688878,14.998727126184546,15.144168319326676,-1,0.04132231404958678,-0.002483534906765783,-0.004021142540344136,-0.024804793716851514,0.14198371234466203,0.15071221470661245,2.42,255.233,2.54,1.0,0.0
2019-04-26,15.001999855041504,15.001999855041504,15.001999855041504,15.001999855041504,78208,48.21673352856605,-0.09285522706580984,-0.10080450115588967,0.007949274090079825,3.0085716896688193,0.5326008450972914,14.999038814647113,15.13859308543314,-1,19.96400719856029,0.009487907504693638,0.004351581923284664,0.0054286127358633696,0.1258676386308921,0.15157099643756466,2.42,255.233,2.51,1.0,0.0
2019-04-29,15.029999732971191,15.03499984741211,14.81999969482422,14.843999862670898,18270,42.64146192670464,-0.09411314483222277,-0.09946622989115629,0.005353085058933518,3.0863033565741085,0.21333983730547565,14.984273200173188,15.1270404100307,-1,3.782765331897801,-0.010531928669330615,-0.007554985474909515,-0.014342666064234955,0.1267679597093896,0.15142394715065546,2.42,255.233,2.54,1.0,0.0
2019-04-30,14.869999885559082,14.960000038146973,14.770000457763672,14.899999618530272,690,45.06596903948345,-0.08955896147715947,-0.09748477620835692,0.007925814731197453,3.0830118796768287,0.3505933092805462,14.976247144778625,15.118136849579704,-1,0.14193004288755642,0.0037725516287694383,0.00859675469266441,-0.010032557736075587,0.12776700203089417,0.1509224482133401,2.42,255.233,2.51,1.0,0.0
2019-05-01,14.885000228881836,14.890000343322754,14.56999969482422,14.645000457763672,565,37.32843648262755,-0.10531206755383593,-0.09905023447745273,-0.0062618330763832,3.598577463288425,-0.06747329147056252,14.944699841253392,15.099582481273194,-1,0.11558919803600655,-0.017114038073495763,-0.016982098922107336,-0.024836809162385842,0.14092780473279298,0.15450530689323008,2.39,255.296,2.52,1.0,0.0
2019-05-02,14.600000381469728,14.625,14.524999618530272,14.539999961853027,796,34.68746551745801,-0.12483021509334691,-0.10420623060063157,-0.02062398449271534,4.258308774218032,-0.10477576482663467,14.906156995596215,15.077638068746912,-1,0.16153580778050614,-0.0071697161234967055,-0.021600168081808757,-0.034464443381358234,0.14160691403948453,0.15494186883077224,2.39,255.296,2.55,1.0,0.0
2019-05-03,14.5600004196167,14.906999588012695,14.5600004196167,14.906999588012695,242,48.422832562190784,-0.1094233210207598,-0.10524964868465722,-0.00417367233610258,4.199864368662198,0.48300073705525903,14.906237242493022,15.07094636362008,-1,0.04898983764524879,0.025240689623282186,-0.006332506862202325,-0.008909033637102381,0.17040413708926755,0.16329077107721884,2.39,255.296,2.54,1.0,0.0
2019-05-06,14.869999885559082,14.920000076293944,14.725000381469728,14.857000350952148,82,46.97346425176844,-0.10009394633030588,-0.10421850821378696,0.004124561883481079,4.143120602703508,0.41686569946810725,14.901548014727224,15.062556323907613,-1,0.01658609599708732,-0.0033540778454674847,0.0008758076260795278,-0.012364546138709409,0.17069710378342268,0.1633168747072726,2.39,255.296,2.51,1.0,0.0
2019-05-07,14.850000381469728,14.864999771118164,14.770000457763672,14.859999656677246,150,47.07579942287979,-0.09140467457674895,-0.10165574148637936,0.010251066909630416,3.8187512999632856,0.44250144578967865,14.897591028246273,15.054612925192696,-1,0.030294462172314903,0.00020187828325024526,-0.0026845612669197383,-0.020628792729925793,0.1672439042652382,0.1626593333788262,2.39,255.296,2.45,1.0,0.0
2019-05-08,14.890000343322754,14.895000457763672,14.78499984741211,14.791999816894531,85,44.95741472701847,-0.08897968051230443,-0.09912052929156438,0.010140848779259956,3.462683236299284,0.3409817692940531,14.88753472240325,15.044314371926102,-1,0.017152312535313585,-0.004576032392582197,0.010037511405670996,-0.024789055832889595,0.16768537138093523,0.16229096076571864,2.39,255.296,2.49,2.0,0.0
2019-05-09,14.704999923706056,14.720000267028809,14.699999809265137,14.70699977874756,16,42.38960739139015,-0.09284637275829866,-0.09786569798491124,0.005019325226612581,2.95230892462811,0.17563412434812173,14.870340918245565,15.0310863486642,-1,0.003228735748158612,-0.005746352028066504,0.011485544520816404,-0.03249789013441151,0.16789950567944986,0.16257105236335595,2.39,255.296,2.45,2.0,0.0
2019-05-10,14.720000267028809,14.729999542236328,14.6899995803833,14.72599983215332,22,43.17096841878977,-0.09330208039719956,-0.0969529744673689,0.0036508940701693443,3.038494140432446,0.23771900097610874,14.856594148141543,15.019122171546126,-1,0.004438571183585357,0.0012919054662132723,-0.01214193069441849,-0.006610936593204553,0.14332462480297373,0.16261930307397385,2.39,255.296,2.47,2.0,0.0
2019-05-13,14.720000267028809,14.720000267028809,14.585000038146973,14.713000297546388,27,42.74381697500238,-0.09363284463680976,-0.09628894850125708,0.0026561038644473123,3.096105218966656,0.23665084771456957,14.842918543322957,15.007117392173587,-1,0.005446018859361606,-0.0008827607466453946,-0.009692404254169062,-0.0138739797378723,0.14106514100776152,0.16196703872998697,2.39,255.296,2.4,2.0,0.0
2019-05-14,14.710000038146973,14.751999855041504,14.710000038146973,14.751999855041504,1,44.51744719970758,-0.08971387363248517,-0.0949739335275027,0.00526005989501753,3.049521353750607,0.3403991875708982,14.834259620629485,14.99711278287429,-1,0.00020170236798580014,0.002650686923565182,-0.007267819928058583,-0.013112128698311132,0.14127847478299796,0.1590463647775712,2.39,255.296,2.42,2.0,0.0
2019-05-15,14.755000114440918,14.765000343322754,14.751999855041504,14.751999855041504,4,44.51744719970758,-0.08562107442815758,-0.09310336170763368,0.007482287279476099,3.0495819499992427,0.35570827283823253,14.826425357240154,14.987500511194574,-1,0.0008067769261799112,0.0,-0.00270416186777811,-0.009334493377724185,0.14079494052001396,0.15587943125514672,2.39,255.296,2.37,2.0,0.0
2019-05-16,14.755000114440918,14.755000114440918,14.4399995803833,14.479000091552734,241,35.57168935855954,-0.10321648553579976,-0.09512598647326691,-0.008090499062532855,3.571724883996155,-0.09817514859895311,14.793337236698495,14.967559318267442,-1,0.04849045784247643,-0.018505949442201963,-0.015502800749633394,-0.029622642546543898,0.15445362724374198,0.15695095160679373,2.39,255.296,2.4,2.0,0.0
2019-05-17,14.484999656677246,14.579999923706056,14.345000267028809,14.347999572753906,156,32.22528036924014,-0.12627599162932057,-0.10135598750447765,-0.024920004124842923,4.332175493283503,-0.1529113355200294,14.750924125846629,14.943262857659068,-1,0.03133914580738479,-0.009047621933178651,-0.02566890287300383,-0.03943232851803469,0.15640528534925294,0.15148007554647577,2.39,255.296,2.39,2.0,0.0
2019-05-20,14.364999771118164,14.420000076293944,14.34000015258789,14.409000396728516,13,35.278583412496815,-0.13803735099659065,-0.10869226020290025,-0.029345090793690395,4.649814206120454,0.01955504159879369,14.718359961168712,14.922311388602969,-1,0.002611254506924846,0.0042515211730593805,-0.020661992433220422,-0.03663832253295196,0.15756578066575935,0.15082043922599855,2.39,255.296,2.41,2.0,0.0
2019-05-21,14.404999732971191,14.404999732971191,14.324999809265137,14.373000144958496,49,34.29659204814,-0.14855083097258337,-0.11666397435683688,-0.03188685661574649,5.125061407884826,0.042302876101689854,14.685468550101072,14.900769771205146,-1,0.009837579553895883,-0.0024984558802699786,-0.025691412270010594,-0.02707639781589022,0.1526501081376394,0.1506472132956461,2.39,255.296,2.43,2.0,0.0
2019-05-22,14.399999618530272,14.425000190734863,14.390000343322754,14.413999557495115,105,36.46560530566388,-0.15182439256370195,-0.1236960579982099,-0.028128334565492047,5.305801615511181,0.1407939550184053,14.659614360329076,14.881680743216519,-1,0.02105833157847237,0.002852529890984501,-0.022912167900467906,-0.0324875965684881,0.1491455168362936,0.15088386469242152,2.39,255.296,2.39,2.0,0.0
2019-05-23,14.545000076293944,14.57699966430664,14.539999961853027,14.57699966430664,4,44.33357342981222,-0.13965609876478347,-0.12688806615152462,-0.012768032613258845,5.246924093280669,0.3664699720366525,14.651746294041224,14.869732465612211,-1,0.0008021980225818743,0.011308457875369271,0.006768393682867746,-0.019110449872963176,0.15593575824694236,0.1521230924627884,2.39,255.296,2.31,1.0,0.0
2019-05-24,14.550000190734863,14.550000190734863,14.520000457763672,14.520000457763672,17,42.35816702243158,-0.1330779580053587,-0.12812604452229145,-0.004951913483067255,4.926916804688763,0.3120012726477908,14.6391990715386,14.856017484912268,-1,0.015788251683306245,-0.003910215260725991,0.011987795520734812,-0.032129009594401126,0.15124980597748588,0.1514551062059823,2.39,255.296,2.32,2.0,0.0
2019-05-28,14.300000190734863,14.3100004196167,14.244999885559082,14.281000137329102,73,35.263071945661,-0.14547313872132683,-0.13159546336209854,-0.013877675359228292,5.263201841546414,0.0498002705995407,14.605084887328172,14.833467785007047,-1,0.4373876572798083,-0.01646007664598792,-0.008883354561394552,-0.03792776411684062,0.15734980017835226,0.14736239021831665,2.39,255.296,2.26,2.0,0.0
2019-05-29,14.371999740600586,14.371999740600586,14.371999740600586,14.371999740600586,258,39.423615825446355,-0.14626742148601046,-0.13452985498688094,-0.01173756649912952,5.190920180474444,0.19759976043164573,14.582886301925544,14.815370998951892,-1,1.775636613902271,0.006372074952483153,-6.960302983516353e-05,-0.035436234325338045,0.158852841897552,0.14688991365434775,2.39,255.296,2.25,2.0,0.0
2019-05-30,14.354999542236328,14.484999656677246,14.30500030517578,14.460000038146973,136,43.22370996428888,-0.1382028908394144,-0.13526446215738763,-0.0029384286820267613,5.2528598081409745,0.3278528134322167,14.571182848232347,14.801434882841894,-1,1.0981025433992733,0.006123037791170294,0.003191375195230828,-0.012632325970234115,0.15010773247365292,0.1475468013263726,2.39,255.296,2.22,2.0,0.0
2019-05-31,14.46500015258789,14.539999961853027,14.46500015258789,14.529999732971191,62,46.119197841574106,-0.12472554341420405,-0.13315667840875092,0.008431134994546868,5.257094041219282,0.4198914128150645,14.567260646778903,14.79079036716069,-1,0.7114170969592656,0.004840919407991251,-0.003224252755560819,-0.0006877736525496836,0.14920388837504406,0.14796591586617072,2.39,255.296,2.14,2.0,0.0
2019-06-03,14.720000267028809,14.720000267028809,14.70300006866455,14.70300006866455,3,52.558628337454365,-0.09894439778741315,-0.12631422228448339,0.027369824497070233,4.931434396608793,0.6693173139318278,14.580188210768013,14.787347610356921,-1,0.03989361702127659,0.011906423872864336,0.012603278590327616,-0.013684814180325633,0.12551047271257923,0.15002922293286525,2.38,255.213,2.07,2.0,0.0
2019-06-04,14.75,14.75,14.732000350952148,14.732000350952148,2,53.56056506542091,-0.07530451020174311,-0.11611227986793533,0.04080776966619222,4.722580552466744,0.72809345242547,14.594646509833169,14.785177129595949,-1,0.028089887640449437,0.0019724057778796045,0.03158043619397333,-0.008413542239163352,0.12543220315610484,0.14364786142210476,2.38,255.213,2.12,2.0,0.0
2019-06-05,15.0,15.0,14.753999710083008,14.753999710083008,50,54.34821512321432,-0.05417012506632801,-0.10372384890761388,0.04955372384128587,4.521530860802124,0.7797619527047582,14.609823005095057,14.783954485693481,-1,0.755287009063444,0.001493304276865448,0.026579458417556268,-0.00713324017787631,0.1256008955270649,0.14342471441542562,2.38,255.213,2.12,2.0,0.0
2019-06-06,14.890000343322754,14.890000343322754,14.868000030517578,14.868000030517578,1,58.29559595604373,-0.0279004800957523,-0.08855917514524157,0.06065869504948927,4.6811353834303,0.9316883504243377,14.634411293230535,14.787250389412074,-1,0.016129032258064516,0.007726740048439984,0.028215767032798045,0.005137926890469879,0.12766720339561394,0.14301308572244806,2.38,255.213,2.12,2.0,0.0
2019-06-07,15.0,15.125,14.994000434875488,14.994000434875488,4,62.18729755846581,0.0030504190760787253,-0.07023725630097752,0.07328767537705624,5.262351823162803,1.0290731902294494,14.668657878149101,14.795358234332209,-1,0.06514657980456026,0.008474603450315144,0.03193397869453474,0.019514561803601893,0.12873491743421872,0.14403528807593022,2.38,255.213,2.09,2.0,0.0
2019-06-10,14.604999542236328,14.604999542236328,14.604999542236328,14.604999542236328,0,47.461924653716515,-0.003766473795566938,-0.056943099799895404,0.053176626004328466,5.194302698650622,0.5306295999232264,14.662595179490742,14.787893187583352,-1,0.0,-0.02594376959829603,-0.00666534217306336,-0.008216779254118678,0.16098921829651416,0.14907241488007597,2.38,255.213,2.15,2.0,0.0
2019-06-11,14.706000328063965,14.706000328063965,14.706000328063965,14.706000328063965,0,50.72445733952941,-0.001007378756666455,-0.04575595559124962,0.044748576834583165,5.187939463311579,0.6646452909979278,14.666729003164383,14.784681702896318,-1,0.0,0.0069154939399724835,-0.0017648671102905578,-0.00047576764363899127,0.163040230673044,0.148261513101867,2.38,255.213,2.15,2.0,0.0
2019-06-12,14.722000122070312,14.722000122070312,14.722000122070312,14.722000122070312,0,51.24100427129001,0.002442122334221253,-0.03611634000615545,0.0385584623403767,5.154350360221352,0.6890216911226317,14.67199291925066,14.782223601687456,-1,0.0,0.001087977264342621,-0.00216887546709299,-0.0020336044784422525,0.1627951441218545,0.14829930244894138,2.38,255.213,2.13,2.0,0.0
2019-06-13,14.871000289916992,14.871000289916992,14.871000289916992,14.871000289916992,1,55.87948728810777,0.017002945725574037,-0.025492482859809554,0.04249542858538359,5.347083774649717,0.8655505206552666,14.690946002171264,14.785705040441556,-1,0.01702127659574468,0.010120918802555057,0.00020179307191647844,0.008066732378310126,0.16675479236554303,0.1497027810573432,2.38,255.213,2.1,2.0,0.0
2019-06-14,14.781999588012695,14.781999588012695,14.781999588012695,14.781999588012695,240,52.65715748724433,0.02111746138483106,-0.01617049401088143,0.03728795539571249,5.419774374641536,0.7286611136830543,14.6996177722514,14.785559728581601,-1,4.088586030664395,-0.005984849718861374,-0.014139044998937478,0.02092682468016105,0.15302187139951645,0.14999179757236458,2.38,255.213,2.09,2.0,0.0
2019-06-17,14.814000129699709,14.814000129699709,14.814000129699709,14.814000129699709,3,53.69117971384905,0.026653179698200802,-0.007605759269064985,0.034258938967265784,5.308040713324206,0.7443105787004584,14.71051133010362,14.78667503842937,-1,0.058765915768854066,0.0021648317263494032,0.014310208422737114,0.03247843398536987,0.14828716293236072,0.14897630037009058,2.38,255.213,2.09,2.0,0.0
2019-06-18,14.979999542236328,14.979999542236328,14.979999542236328,14.979999542236328,1,58.72705439423858,0.043928659380279456,0.0027011244608039025,0.041227534919475554,5.517529906108302,0.9045867737159877,14.736176874116259,14.79425639151984,-1,0.019821605550049554,0.011205576554830454,0.01863179709369933,0.03962794987759555,0.1518985209518472,0.15088793118964858,2.38,255.213,2.06,2.0,0.0
2019-06-19,14.94499969482422,14.94499969482422,14.94499969482422,14.94499969482422,0,57.311911251177314,0.054170957236436834,0.012995091015930488,0.04117586622050635,5.475077502739969,0.827807953326132,14.756064761802731,14.800167893610208,-1,0.0,-0.0023364384834207996,0.015147369304772784,0.03979680958024345,0.15183657171979767,0.1492103428091206,2.38,255.213,2.03,2.0,0.0
2019-06-20,15.468999862670898,15.468999862670898,15.468999862670898,15.468999862670898,103,69.25638547901777,0.10337879991793208,0.03107183279633081,0.07230696712160127,6.92294865079585,1.220311561259005,14.823963342837795,14.826396598279254,-1,2.150313152400835,0.03506190555682309,0.04021246460195216,0.07319275271013836,0.19078453251615626,0.1646170987598402,2.38,255.213,2.01,2.0,0.0
2019-06-21,15.295000076293944,15.30500030517578,15.260000228881836,15.27299976348877,4,62.241074073908635,0.12511851148670594,0.049881168534405836,0.07523734295230011,7.5200869349339285,0.9537449902712035,14.866728716233126,14.843910447895315,1,0.08350730688935282,-0.012670508819067727,0.03321608639972129,0.04774645779037501,0.19683628692968733,0.16576517194902515,2.38,255.213,2.07,2.0,0.0
2019-06-24,15.368000030517578,15.368000030517578,15.368000030517578,15.368000030517578,24,64.13727202238229,0.14830356593762595,0.06956564801504986,0.07873791792257609,8.107862168223917,0.9634472524580315,14.914468841403075,14.864462980547168,1,0.49740932642487046,0.006220144601580824,0.037397049815544925,0.058402172590875656,0.1958495735958718,0.1602534649488355,2.38,255.213,2.02,2.0,0.0
2019-06-25,15.291000366210938,15.291000366210938,15.291000366210938,15.291000366210938,0,61.44392876398428,0.1586360021475013,0.08737971884154015,0.07125628330596114,7.847427307952298,0.8678791824313459,14.950328986622871,14.88118993684771,1,0.0,-0.005010389390534553,0.020761070325652442,0.07072335404869845,0.18460237360100798,0.15958452327652992,2.38,255.213,2.0,2.0,0.0
2019-06-26,15.282999992370604,15.282999992370604,15.282999992370604,15.282999992370604,93664,61.1565660300892,0.16428519155375731,0.10276081338398359,0.06152437816977373,7.579778484026529,0.8323139888247922,14.982011939551226,14.896947193927039,1,19.865532673015338,-0.0005232080078954038,0.02261627998985105,0.0633871603265106,0.18476559870787632,0.1595828984764408,2.38,255.213,2.05,2.0,0.0
2019-06-27,15.274999618530272,15.274999618530272,15.119999885559082,15.204999923706056,21835,58.29406785038779,0.16061677103494887,0.11433200491417665,0.04628476612077222,7.222894738445235,0.7410963928397605,15.003248890423114,14.90902769313406,1,3.764752536703535,-0.005103714499999024,-0.017066387052075305,0.05152143040067059,0.18660795879565611,0.15988653842024195,2.38,255.213,2.01,2.0,0.0
2019-06-28,15.220000267028809,15.295000076293944,15.18000030517578,15.253000259399414,842,59.54884619332584,0.15974134844976895,0.12341387362129512,0.03632747482847383,6.945668872570978,0.7615031793312758,15.027034735087524,14.922516813379762,1,0.14420647901555955,0.0031568783909377007,-0.0013094679761055383,0.049759156208902366,0.18642658990707456,0.15991756234358073,2.38,255.213,2.0,2.0,0.0
2019-07-01,15.170000076293944,15.244999885559082,15.074999809265137,15.105999946594238,227,54.173406486904625,0.14550854114701117,0.12783280712643832,0.017675734020572847,6.755365852887632,0.6035646896673276,15.034555231421496,14.929712230368565,1,0.038803087153101254,-0.00963746871469362,-0.017048417712328456,0.02740936380654535,0.1876688510403969,0.16117824319938262,2.4,255.802,2.03,2.0,0.0
2019-07-02,15.125,15.199999809265137,14.994999885559082,15.154000282287598,132,55.58333561761899,0.13652835090931248,0.12957191588301317,0.006956435026299307,6.591989633192146,0.633147335728578,15.0459309505516,14.938507840247743,1,0.022538866738950405,0.003177567579972118,-0.008959523944952252,0.028645120912461408,0.1877698698943839,0.1613034904590414,2.4,255.802,1.98,2.0,0.0
2019-07-03,15.420000076293944,15.420000076293944,15.239999771118164,15.251999855041504,12,58.39758658831416,0.13575434041958268,0.13080840079032707,0.004945939629255602,6.496040887703122,0.7096754111169448,15.065556560503019,14.95080164474946,1,0.002049652840050217,0.0064669111078512476,-0.002028406552677886,0.03375356884534564,0.1886193610786911,0.16087875173800564,2.4,255.802,1.96,2.0,0.0
2019-07-05,15.244999885559082,15.25,14.885000228881836,14.91800022125244,107,47.37934216943868,0.10695701850377581,0.12603812433301684,-0.019081105829241024,6.452594755146071,0.3645333953561827,15.051503575812488,14.949515314416244,1,0.018259541463664368,-0.021898743572218327,-0.018875350469825136,0.0033629399133865423,0.20498139614378774,0.16720588623118154,2.4,255.802,2.04,2.0,0.0
2019-07-08,14.96500015258789,15.0600004196167,14.925000190734863,14.972000122070312,23,49.053004103304254,0.08748381514776149,0.11832726249596577,-0.03084344734820428,6.461010516520675,0.4213706763613898,15.043931818313233,14.950397071579149,1,0.00392431196573905,0.003619781473185979,-0.018422614079216304,-0.0014672743875613348,0.20310598274144676,0.16732201714609643,2.4,255.802,2.05,2.0,0.0
2019-07-09,15.045000076293944,15.067999839782717,15.045000076293944,15.067999839782717,1,51.97728985611548,0.07888816247668551,0.11043944249210973,-0.03155128001542422,5.85890967628297,0.4959229444153616,15.046224010834136,14.955008944842033,1,0.00017062080379460668,0.006411950102170438,-0.002515563812118815,0.03170149346512696,0.17884336927722497,0.15960807301466615,2.4,255.802,2.07,2.0,0.0
2019-07-10,15.05500030517578,15.147000312805176,15.0,15.147000312805176,5,54.301867716017014,0.07755669840311263,0.10386289367431031,-0.02630619527119768,5.421355821611102,0.5651980675257772,15.055821753878996,14.96253801809549,1,0.0008530676312018017,0.0052429303067738076,-0.0004619222219893748,0.02998775839135792,0.1782825657394578,0.15942491024528163,2.4,255.802,2.07,2.0,0.0
2019-07-11,15.225000381469728,15.229999542236328,15.06700038909912,15.06700038909912,36,51.57906925185961,0.0692479312304215,0.09693990118553256,-0.027691969955111057,4.929621531167518,0.4410672150524785,15.056886385804722,14.96663458166426,1,0.006140201262152482,-0.005281568763052413,-0.01212952187914118,0.02343433393344463,0.17990011075975235,0.15978992345591883,2.4,255.802,2.13,2.0,0.0
2019-07-12,15.074999809265137,15.1850004196167,15.05500030517578,15.16100025177002,7,54.468016607924056,0.06944762769017565,0.09144144648646119,-0.021993818796285536,4.709864996385858,0.5499732406640572,15.06680199208713,14.974256764805663,1,0.001193866935002473,0.006238790750872303,0.01628904859321545,0.019501039351714322,0.17787802203155867,0.16005367793003206,2.4,255.802,2.12,2.0,0.0
2019-07-15,15.260000228881836,15.289999961853027,15.260000228881836,15.289999961853027,16,58.15753714835368,0.0791032342371718,0.08897380403660332,-0.009870569799431517,4.300378019420689,0.7136470004930959,15.088058941588644,14.986638850964383,1,0.002734061277148374,0.008508654306495833,0.021239636467404788,0.03436614720597686,0.17777800471895538,0.16089435213259484,2.4,255.802,2.09,2.0,0.0
2019-07-16,15.295000076293944,15.645000457763672,15.295000076293944,15.600000381469728,41,65.4110581215003,0.11049608498572638,0.09327826022642793,0.01721782475929845,4.515504812708072,1.0976010139634054,15.136815269196367,15.010692244317534,1,0.00700375811411001,0.020274716833886153,0.03530664635942049,0.053057934716377764,0.18939686455851384,0.16586466629550678,2.4,255.802,2.13,2.0,0.0
2019-07-17,15.729999542236328,15.892999649047852,15.729999542236328,15.892999649047852,85,70.59887377155033,0.15720556962418009,0.10606372210597836,0.05114184751820172,5.8598210064560545,1.2361768165207174,15.208832829182223,15.045292534699115,1,0.014509576320371446,0.018782003872651165,0.04925063186352574,0.06094793956684086,0.1956216932836212,0.16986561351597879,2.4,255.802,2.06,2.0,0.0
2019-07-18,15.979999542236328,16.1200008392334,15.979999542236328,16.1200008392334,61,73.86889998054599,0.2101181602859281,0.12687460974196832,0.0832435505439598,7.454048831612986,1.2240856478763973,15.295610734901382,15.087437958406342,1,0.010407336319044572,0.01428309288354801,0.06988786241063072,0.07862169075962622,0.19845779165429991,0.1696443591065986,2.4,255.802,2.04,2.0,0.0
2019-07-19,16.274999618530273,16.5049991607666,16.117000579833984,16.117000579833984,68,73.75214450048274,0.24894004782910173,0.151287697359395,0.09765235046970672,8.752980922548696,1.0889412705970554,15.373838339180677,15.12781296316821,1,0.011605085758170493,-0.00018612030044762307,0.0630565472058715,0.04189027881025531,0.16222449967679856,0.16904981032939476,2.4,255.802,2.05,2.0,0.0
2019-07-22,16.295000076293945,16.34000015258789,16.290000915527344,16.34000015258789,161,76.69997156864997,0.2943082726728772,0.17989181242209146,0.11441646025078572,10.429369447855484,1.098324328734854,15.465853749981365,15.175349715694473,1,0.02743998568348573,0.013836294889318923,0.0686723475051998,0.06986187426322532,0.15734436944587332,0.1707556374937599,2.4,255.802,2.05,2.0,1.0
2019-07-23,16.405000686645508,16.405000686645508,16.405000686645508,16.405000686645508,73,77.49341391843993,0.3316844655360125,0.21025034304487566,0.12143412249113683,11.895652607478942,1.0299746698171057,15.55529631537795,15.223571322398437,1,0.012436539575454018,0.003978000823171568,0.05160258240326643,0.06747791866662323,0.15701216817575506,0.17004625355763886,2.4,255.802,2.08,2.0,1.0
2019-07-24,16.299999237060547,16.554000854492188,16.299999237060547,16.554000854492188,45,79.23870504539596,0.36907398084918874,0.2420150706057383,0.12705891024345045,13.378044444514844,1.0107430354520544,15.65041103338883,15.275745029539369,1,0.007663422484481569,0.009082606620551603,0.04159071415344395,0.08259763638958151,0.1550909035425907,0.1688455323173041,2.4,255.802,2.05,2.0,1.0
2019-07-25,16.399999618530273,16.415000915527344,16.339000701904297,16.339000701904297,64,70.71713517298036,0.3770107800379794,0.26901421249218654,0.10799656754579284,14.070610099879232,0.8615433751973212,15.715991001818875,15.317441330416425,1,0.05368902311144667,-0.01298780605834915,0.013585598713983238,0.06909642806130067,0.16593000975448882,0.17152085280047133,2.4,255.802,2.08,2.0,2.0
2019-07-26,16.420000076293945,16.424999237060547,16.325000762939453,16.325000762939453,25,70.18781793427802,0.37781584660706713,0.2907745393151627,0.08704130729190446,14.50757897048644,0.8184733810583451,15.773991931449405,15.356953465025171,1,0.2461841457410143,-0.0008568418118258814,0.012905638494902227,0.07366003583381864,0.16372466317521522,0.16707876598765195,2.4,255.802,2.08,2.0,2.0
2019-07-29,16.368000030517578,16.368000030517578,16.368000030517578,16.368000030517578,446,70.90806838197955,0.37757114407788883,0.30813386026770795,0.06943728381018088,14.898487879832981,0.8035479830054265,15.83056413136066,15.396602349946443,1,5.45565749235474,0.0026339519490707897,0.001713578804664495,0.07310035744810683,0.1637520927243101,0.16602688274392502,2.4,255.802,2.06,2.0,2.0
2019-07-30,16.3700008392334,16.549999237060547,16.3700008392334,16.4950008392334,331,72.98412379505884,0.38320773915540407,0.3231486360452472,0.060059103110156886,15.15020063573999,0.8213371091837289,15.893843817824731,15.439676800506716,1,3.8067855089131686,0.007759091427115727,0.005486141348421514,0.09195027787301968,0.15662913758102928,0.15948350948507478,2.4,255.802,2.06,2.0,2.0
2019-07-31,16.510000228881836,16.510000228881836,16.219999313354492,16.34600067138672,224,66.94786221678184,0.3713707818619234,0.33279306520858243,0.03857771665334098,15.070057204580134,0.7341569065183159,15.936906375306824,15.475218913090245,1,2.4467504096122337,-0.009033050031272638,-0.012564949400073577,0.0786591241186898,0.16377003077217392,0.16068134509232648,2.4,255.802,2.02,2.0,2.0
2019-08-01,16.104999542236328,16.299999237060547,15.895000457763672,16.121000289916992,74,59.01091999920171,0.33991591843084734,0.33421763585303543,0.005698282577811908,14.79795384961157,0.623225606281206,15.954439129079221,15.500543672965804,1,0.7818277865821447,-0.013764858205566055,-0.013342334452675408,0.056976163331672325,0.17488110375495278,0.16375596765918723,2.13,256.036,1.9,2.0,2.0
2019-08-02,16.135000228881836,16.222000122070312,16.059999465942383,16.222000122070312,78,61.23271494042127,0.3194550756474399,0.33126512381191636,-0.01181004816447645,13.886743460532646,0.6469890930947123,15.979921128411705,15.528836082734609,1,0.8369098712446351,0.006265109505425137,-0.006309380462815595,0.08741117317857205,0.14824801180583005,0.1635812009231668,2.13,256.036,1.86,2.0,2.0
2019-08-05,16.149999618530273,16.434999465942383,16.125,16.344999313354492,79,63.8057276983723,0.3095958884335648,0.32693127673624606,-0.017335388302681276,12.947300084519462,0.6832680236164831,16.014690479358638,15.560842483935389,1,0.8229166666666666,0.0075822457378011965,-0.0014052246529937529,0.0917044603319388,0.1487038204940221,0.16331894729826002,2.13,256.036,1.75,2.0,2.0
2019-08-06,16.405000686645508,16.405000686645508,16.405000686645508,16.405000686645508,54,65.02520941274261,0.3031297300705962,0.3221709674031161,-0.019041237332519945,12.014356924065707,0.693120320051064,16.051862880052624,15.593946727178924,1,0.5473897617840852,0.003670931527173016,-0.005456207821088688,0.08873114289083173,0.14853125180134125,0.16336225497239337,2.13,256.036,1.73,2.0,2.0
2019-08-07,17.1560001373291,17.1560001373291,17.1560001373291,17.1560001373291,89,75.94827921493828,0.35451796981145733,0.3286403678847844,0.025877601926672933,12.287573246364097,1.0158115699048678,16.15701880931705,15.655203723655402,1,0.8653378706854643,0.0457786905973705,0.04955337285408712,0.13263351046646044,0.20683151852376827,0.18545008338804067,2.13,256.036,1.71,2.0,2.0
2019-08-08,16.900999069213867,16.900999069213867,16.900999069213867,16.900999069213867,157,68.16378584571353,0.3703973548321535,0.3369917652742582,0.0334055895578953,11.292178856742408,0.8688782518135075,16.22787407216437,15.704058443089068,1,1.4416896235078052,-0.014863666709840295,0.04838401868801734,0.1217228799862271,0.21660683531882866,0.18889933658729538,2.13,256.036,1.72,2.0,2.0
2019-08-09,16.89699935913086,16.89699935913086,16.89699935913086,16.89699935913086,91,68.04597478904344,0.37829835078382956,0.3452530823761725,0.033045268407657036,10.057497145874308,0.8566124595404484,16.291600289970702,15.750840439796589,1,0.8045977011494253,-0.0002366552454460269,0.04161011169900064,0.11450425951666121,0.21762850179797058,0.18891208874206336,2.13,256.036,1.74,2.0,2.0
2019-08-12,16.875,17.038999557495117,16.860000610351562,17.038999557495117,121,70.02664781097951,0.39150514861225005,0.35450349562338807,0.03700165298886199,8.954606612604978,0.9355454878851877,16.362781172592076,15.801356483627904,1,1.022391212505281,0.008403870731493068,0.0424594844475521,0.11438846304811401,0.21760948595412122,0.18417859218220195,2.13,256.036,1.65,2.0,2.0
2019-08-13,17.309999465942383,17.315000534057617,16.95599937438965,16.95599937438965,22,67.39697101488315,0.390769660525109,0.36175672860373226,0.029012931921376717,8.191495584573891,0.8623660579511474,16.419278144191846,15.846636596991111,1,0.18739352640545143,-0.004871188758788336,0.03358723954170162,0.08692301024111693,0.21330354275091312,0.18322671202098534,2.13,256.036,1.68,2.0,2.0
2019-08-14,17.253000259399414,17.253000259399414,17.253000259399414,17.253000259399414,48,71.51855731310243,0.4094325862066164,0.3712919001243091,0.03814068608230725,8.500831813099099,1.010660891991619,16.498680250402092,15.901788113163986,1,0.4154045867589788,0.0175159764076398,0.005654005671126949,0.08557230481239197,0.2122300163063486,0.18563064041459237,2.13,256.036,1.59,2.0,2.0
2019-08-15,17.187999725341797,17.187999725341797,17.187999725341797,17.187999725341797,47,69.44928294416479,0.41420341032050345,0.379874202163548,0.03432920815695545,8.8044756605687,0.9103960651181776,16.564329724205873,15.952227784229784,1,0.4092294296909012,-0.003767491629301123,0.016981283470437925,0.066253029187757,0.2104865241472475,0.18581009935152742,2.13,256.036,1.52,1.0,2.0
2019-08-16,17.09600067138672,17.09600067138672,17.09600067138672,17.09600067138672,0,66.51585366610024,0.4058820128256144,0.3850757642959613,0.020806248529653126,8.75735581649795,0.814651701665798,16.61496505250881,15.99708162294182,1,0.0,-0.0053525166060734986,0.011777316671810256,0.06074331800779875,0.21238913202724735,0.18659625120921738,2.13,256.036,1.55,1.0,2.0
2019-08-19,16.913999557495117,16.913999557495117,16.913999557495117,16.913999557495117,1,61.024406744441464,0.38021835598413034,0.38410428263359514,-0.0038859266494647993,8.695060290964483,0.6709630118221248,16.643444529174175,16.033039189002736,1,0.009666505558240696,-0.010645829828271669,-0.007336111464655515,0.03512848222442133,0.21363432229731338,0.18779318368096293,2.13,256.036,1.6,1.0,2.0
2019-08-20,17.065000534057617,17.121999740600586,17.065000534057617,17.121999740600586,4,64.61942321411678,0.3723711368149232,0.38175765346986074,-0.00938651665493756,8.86239453901925,0.7836764968543725,16.68902121597669,16.075743524359513,1,0.04,0.01229751617282604,0.009790066780827056,0.043706127640625425,0.21676923126930508,0.1883574974264376,2.13,256.036,1.55,1.0,2.0
2019-08-21,17.125,17.125,17.1200008392334,17.125,2,64.6700442484211,0.3622188218416831,0.37784988714422524,-0.015631065302542158,9.071539767099988,0.7598292103210396,16.73054300493129,16.11689083712973,1,0.020439448134900357,0.00017522832875060956,-0.007419014517760725,0.03449312045630726,0.2153043319290532,0.1840882554841742,2.13,256.036,1.59,1.0,2.0
2019-08-22,17.013999938964844,17.013999938964844,17.013999938964844,17.013999938964844,0,61.18232758064981,0.3412821733687714,0.3705363443891345,-0.029254171020363096,8.901263437275055,0.6672648927516807,16.757538903410676,16.152071586221304,1,0.0,-0.006481755388914268,-0.010123329599569963,0.04131214933982319,0.2105374293336166,0.18497942506549,2.13,256.036,1.62,2.0,2.0
2019-08-23,17.395000457763672,17.395000457763672,17.395000457763672,17.395000457763672,0,67.63451768657521,0.35138276454495454,0.3667056284202985,-0.015322863875343984,9.10475812368554,0.8768870783672263,16.81824952763477,16.200813894909242,1,0.0,0.022393353718444198,0.017489458039001038,0.06554362295977967,0.2218902596432933,0.18907492076031102,2.13,256.036,1.52,1.0,2.0
2019-08-26,17.540000915527344,17.624000549316406,17.540000915527344,17.624000549316406,4,70.77846632380115,0.3735597847123273,0.3680764596787043,0.005483325033623032,9.624275500196443,0.9575156409970045,16.894987720175877,16.256625136258542,1,0.05610098176718093,0.013164707417442356,0.04197712016059896,0.07673512441697561,0.22463322942448302,0.1901537075736129,2.13,256.036,1.54,1.0,2.0
2019-08-27,18.138999938964844,18.138999938964844,18.138999938964844,18.138999938964844,2,76.34382983529139,0.42776042379305323,0.3800132525015741,0.04774717129147915,11.307462528754193,1.1131672912354986,17.013465074346254,16.330443755972514,1,0.03646308113035551,0.029221480571754332,0.05939727915967041,0.09966650597684046,0.24147428755833505,0.19651108850764604,2.13,256.036,1.49,1.0,2.0
2019-08-28,18.239999771118164,18.304000854492188,18.23500061035156,18.304000854492188,97738,77.8025057295082,0.4785130154933199,0.39971320509992325,0.07879981039339667,12.653062881086996,1.075898900265391,17.136373243883963,16.407838151992895,1,19.822940645566923,0.009096472577460046,0.06884676522582112,0.11978466307865143,0.2362263364429664,0.19681170280387544,2.13,256.036,1.47,0.0,2.0
2019-08-29,18.299999237060547,18.614999771118164,17.985000610351562,18.16699981689453,22272,73.73693396457399,0.5018944445613087,0.42014945299220036,0.08174499156910836,12.718447119568136,0.9598969966368919,17.234528155599254,16.47682488394982,1,3.687142514216656,-0.007484759134724017,0.06776771376900781,0.12691517214705494,0.23027002397382207,0.19808831986674827,2.13,256.036,1.5,0.0,2.0
2019-08-30,18.19499969482422,18.40999984741211,18.020000457763672,18.184999465942383,1479,73.92968608854177,0.5159295026490369,0.4393054629235677,0.07662403972546922,12.609919977027923,0.9243944198557733,17.325049232774788,16.543812122459332,1,0.2420423860567875,0.0009907881999928758,0.04541529102553832,0.12100846560846557,0.23094250222510604,0.19795359054055295,2.13,256.036,1.5,0.0,2.0
2019-09-03,18.450000762939453,19.225000381469727,18.25,19.07900047302246,828,81.27893493972954,0.5923624119418314,0.46991685272722045,0.12244555921461092,14.552830739794134,1.163949734819962,17.49209220803647,16.643231273461808,1,0.13467903935458161,0.04916145357905566,0.08255786872195081,0.16726835573704713,0.2755249581704105,0.21788360782026073,2.04,256.43,1.47,0.0,2.0
2019-09-04,19.21500015258789,19.540000915527344,19.21500015258789,19.391000747680664,462,83.0724030324052,0.6703840874352238,0.5100102996688212,0.16037378776640265,16.55908439188227,1.1345368236595619,17.672940640383537,16.75098693911745,1,0.07489847365989284,0.016353072326790397,0.06902259291739488,0.18201767363935017,0.27666817945385513,0.20990256020668746,2.04,256.43,1.47,0.0,2.0
2019-09-05,19.48500061035156,19.48500061035156,18.424999237060547,18.6560001373291,386,66.82994923548122,0.6652399487488942,0.5410562294848358,0.12418371926405847,17.22503031779641,0.8405604679705744,17.766565354378354,16.82569333904732,1,0.06242722215034287,-0.03790421236714536,0.019230729152338588,0.08743296735794526,0.2892401628789791,0.22786755705618436,2.04,256.43,1.57,0.0,2.0
2019-09-06,18.6299991607666,18.684999465942383,17.968000411987305,17.968000411987305,343,55.826676262157136,0.5987453896511568,0.5525940615181,0.04615132813305678,16.828440602619427,0.5983014361518599,17.785749645579205,16.87048969484889,1,0.055389584174404524,-0.03687820112978912,-0.010953894804477615,0.06313244195824153,0.31872507416864737,0.24321244021462268,2.04,256.43,1.55,1.0,1.0
2019-09-09,18.204999923706055,18.204999923706055,17.950000762939453,18.018999099731445,517,56.39973000639954,0.543893474968403,0.5508539442081606,-0.006960469239757572,16.351801056206313,0.5990873550187229,17.80796387930799,16.915529279354086,1,0.08320190543628697,0.0028383062430317185,-0.009128422935718472,0.06640230710515338,0.3184899821088005,0.2428065362824113,2.04,256.43,1.63,1.0,1.0
2019-09-10,17.770000457763672,18.084999084472656,17.770000457763672,18.041000366210938,190,56.66093900669775,0.4964751986829157,0.5399781951031116,-0.04350299642019595,15.96517700235918,0.5913032037570838,17.830157830441603,16.959665400407296,1,0.03056013510796574,0.0012210038059117245,-0.0544053714071262,0.05880631696331373,0.31796600575512785,0.24208736158949185,2.04,256.43,1.72,0.0,1.0
2019-09-11,18.065000534057617,18.06999969482422,18.030000686645508,18.0310001373291,320,56.49526364008183,0.4528685514409432,0.522556266370678,-0.0696877149297348,15.372423619341728,0.5712864299752104,17.849285669192792,17.001678527345405,1,0.051346646021036085,-0.0005543056747876474,-0.07013565870313476,0.06339943398223613,0.31693803398025333,0.24220688135326313,2.04,256.43,1.75,1.0,1.0
2019-09-12,18.06999969482422,18.165000915527344,18.030000686645508,18.041000366210938,135,56.63182568017779,0.41434064321127195,0.5009131417387969,-0.08657249852752491,15.068286957206922,0.5616496755891804,17.86754421176595,17.0424362465166,1,0.021646756995109435,0.0005546130999762866,-0.03296525335501044,0.04567322175644328,0.31247047499687797,0.24170934429193536,2.04,256.43,1.79,1.0,1.0
2019-09-13,18.0049991607666,18.0049991607666,17.405000686645508,17.43600082397461,201,47.016324612559124,0.3311710576881346,0.4669647249286644,-0.13579366724052983,14.82161087117623,0.3297561591569706,17.82644484150011,17.057870151514955,1,0.0321898722014029,-0.033534700402170325,-0.029608168734110984,0.014428735315090924,0.33773797587912385,0.2532561149188861,2.04,256.43,1.9,1.0,1.0
2019-09-16,17.780000686645508,17.900999069213867,17.780000686645508,17.900999069213867,40,53.54499602055171,0.2993295494746988,0.43343768983787134,-0.13410814036317253,14.223405202317982,0.4895678772412357,17.833545244139515,17.0909340306404,1,0.006403893567288912,0.02666885887042869,-0.006548645119768937,0.047086942338184334,0.34871851286769256,0.24939724063752108,2.04,256.43,1.84,1.0,1.0
2019-09-17,18.016000747680664,18.016000747680664,18.016000747680664,18.016000747680664,99,55.021140007611464,0.2801452589917268,0.40277920366864245,-0.12263394467691563,13.203870198671844,0.5140247712225138,17.85092195876248,17.127211156798843,1,0.015837212650573498,0.006424316208394121,-0.0013857113254703846,0.06515319965804389,0.34553024976944474,0.24749808836165108,2.04,256.43,1.81,1.0,1.0
2019-09-18,17.795000076293945,17.795000076293945,17.795000076293945,17.795000076293945,4,51.62613858570046,0.24429261022359583,0.3710818849796331,-0.1267892747560373,12.479720064610879,0.4015517365740837,17.845596065194048,17.153398957563358,1,0.0006398873798211514,-0.0122669106469242,-0.013088572970867629,0.03930617602437558,0.34797505386210076,0.24930575794637577,2.04,256.43,1.8,1.0,1.0
2019-09-19,17.815000534057617,17.815000534057617,17.725000381469727,17.773000717163086,135,51.28689014389873,0.21166403213871376,0.33919831441144926,-0.1275342822727355,11.68810834515059,0.3692856225397541,17.838682222524433,17.177697065782954,1,0.021573249171027924,-0.0012362663128148155,-0.014855032626116982,0.03783945793653065,0.3481054693379736,0.24894191465917656,2.04,256.43,1.79,1.0,1.0
2019-09-20,17.7549991607666,17.950000762939453,17.738000869750977,17.738000869750977,53,50.71589408620168,0.18089619501781584,0.3075378905327226,-0.12664169551490678,10.563947049956019,0.31839717932834427,17.829093522260294,17.19966976397778,1,0.00846591272123187,-0.0019692705789580156,0.01732048815695819,0.04255324634908764,0.3470320486118203,0.24903485816037318,2.04,256.43,1.74,1.0,1.0
2019-09-23,18.21500015258789,18.600000381469727,18.209999084472656,18.600000381469727,75,61.95136694627982,0.22349233843606697,0.2907287801133915,-0.06723644167732451,10.19667606726826,0.74581036461385,17.902513223137383,17.254584690153937,1,0.011972893369411652,0.04859620416349952,0.03904817320827658,0.06927277332540926,0.3767861305864475,0.26497622223292827,2.04,256.43,1.72,0.0,0.0
2019-09-24,18.520000457763672,18.520000457763672,18.517000198364254,18.517000198364254,3,60.520678805340495,0.2476973668102005,0.2821224974527533,-0.034425130642552815,9.963562038167758,0.6805107719208177,17.96103579220661,17.30409118067199,1,0.00047891955747832887,-0.00446237534425864,0.02780858292027366,0.05066952004166181,0.37592449097717456,0.26546191253076906,2.04,256.43,1.64,0.0,1.0
2019-09-25,18.56999969482422,18.56999969482422,17.961999893188477,17.961999893188477,26,51.891164456958066,0.21956512974673714,0.26961102391155006,-0.05004589416481292,10.026226645486997,0.37985948258582547,17.961127611347738,17.329891522339302,1,0.004149841188769891,-0.029972473901296648,0.00938464828201968,-0.00975798259947891,0.3796771368283999,0.2730693318233568,2.04,256.43,1.73,1.0,0.0
2019-09-26,17.90999984741211,17.90999984741211,17.801000595092773,17.801000595092773,1389,49.67825160264175,0.18217878770081342,0.25212457666940274,-0.06994578896858933,10.18008841163818,0.30801106075107537,17.945877419323455,17.348366387937478,1,0.9593535241910419,-0.008963328084461097,0.0015754164631665013,-0.027480345056691058,0.37906624650194215,0.2741528158261445,2.04,256.43,1.7,0.0,1.0
2019-09-27,17.81999969482422,17.829999923706055,17.329999923706055,17.552000045776367,227,46.3836930893431,0.1309480908509819,0.22788927950571858,-0.09694118865473667,10.60198425878091,0.20176200088627216,17.908365288509447,17.356352021578218,1,0.6568287037037036,-0.013988008594587042,-0.01048600827908408,-0.03385257760316818,0.381186151273047,0.2761710783279036,2.04,256.43,1.69,0.0,1.0
2019-09-30,17.4950008392334,17.5049991607666,16.898000717163086,16.898000717163086,33,39.057234595783335,0.037146907949900054,0.18974080519455488,-0.15259389724465483,12.166149629547713,-0.02917247768128536,17.812140091238366,17.338377460620762,1,0.12074643249176728,-0.03726067268161026,-0.0915053564193612,-0.07077254806576383,0.4020296177616129,0.2839610009036635,2.04,256.43,1.68,1.0,0.0
2019-10-01,16.924999237060547,17.260000228881836,16.924999237060547,17.20199966430664,77,43.52284699965486,-0.012516745638642135,0.1492892950279155,-0.16180604066655763,11.737997399879648,0.13730812252058444,17.75403147914963,17.333029311745697,1,0.3266171792152704,0.017990231639343435,-0.07101585137822586,-0.09838045820953167,0.36298450295210094,0.28577847328509665,1.83,257.155,1.65,0.0,0.0
2019-10-02,17.174999237060547,17.591999053955078,17.155000686645508,17.591999053955078,44,48.71476418047005,-0.02017331214615936,0.11539677359310052,-0.13557008573925988,9.373943991905827,0.32995863747997156,17.738599819607295,17.34318498791077,1,0.2047940423551315,0.022671747311893586,-0.02059908926810039,-0.09277508247947241,0.3684559803706757,0.288628506951522,1.83,257.155,1.6,0.0,0.0
2019-10-03,17.5049991607666,17.635000228881836,17.450000762939453,17.584999084472656,42,48.628354691111674,-0.02650055341820945,0.08701730819083853,-0.11351786160904798,8.591724574176407,0.34431842122746004,17.7239711781659,17.352667893658296,1,0.21249683784467494,-0.0003979064267201071,-0.012134234222747176,-0.05740786047237756,0.3463044464703413,0.28863838829217064,1.83,257.155,1.54,0.0,0.0
2019-10-04,17.440000534057617,17.540000915527344,17.31999969482422,17.540000915527344,27,48.03846160800706,-0.03474539064501769,0.06266476842366729,-0.09741015906868498,8.675466694252659,0.3303560559909913,17.70645020077175,17.36001428667277,1,0.14847401704701677,-0.0025588951542820926,-0.0006836332165980341,-0.023820096095635734,0.3212786787162306,0.2883778247830633,1.83,257.155,1.52,0.0,0.0
2019-10-07,17.450000762939453,17.530000686645508,17.450000762939453,17.457000732421875,8,46.90814304290545,-0.0474301593109594,0.040645782876741955,-0.08807594218770134,8.77061301466246,0.29671335246728314,17.682693108547955,17.363817676702148,1,0.05115089514066496,-0.004732051241342461,0.03308083746801005,-0.03118921113204043,0.32114089568577475,0.28865429357697125,1.83,257.155,1.56,1.0,0.0
2019-10-08,17.639999389648438,17.639999389648438,17.617000579833984,17.617000579833984,2,49.380736920313375,-0.044064333152416424,0.02370375967091028,-0.0677680928233267,8.700186331668153,0.41214109923316444,17.676436677241863,17.373746418001435,1,0.013605442176870748,0.0091653686600901,0.02412515542529925,-0.02350201085140846,0.3232746163258221,0.2887163422014196,1.83,257.155,1.54,1.0,0.0
2019-10-09,17.72800064086914,17.75,17.719999313354492,17.72800064086914,4,51.082796762953855,-0.03207042649944114,0.012548922436839997,-0.04461934893628114,8.587899169238678,0.49373089688653277,17.68134753092065,17.387638740466837,1,0.030487804878048783,0.0063007355044431,0.007730877343554932,-0.016804364380912484,0.3243613200090135,0.28647767402688035,1.83,257.155,1.59,0.0,0.0
2019-10-10,17.600000381469727,17.600000381469727,17.489999771118164,17.520000457763672,2,47.836812403573234,-0.03890062334100364,0.0022590132812712704,-0.041159636622274905,8.51361677154566,0.3730014126873183,17.665981143000938,17.392829396047105,1,0.016057808109193095,-0.011732861890017987,-0.003696254199204163,-0.028878659601551115,0.3266108527448858,0.2857854320435891,1.83,257.155,1.67,1.0,0.0
2019-10-11,17.594999313354492,17.594999313354492,17.350000381469727,17.461999893188477,5,46.94108053557662,-0.048435430879951724,-0.00787987555097333,-0.04055555532897839,8.492474758254003,0.33327274370534143,17.646554357304513,17.395541964562454,1,0.04357298474945534,-0.003310534421218758,-0.004447036389252257,0.0014911142455396043,0.3032441401740405,0.28474940804368853,1.83,257.155,1.76,1.0,0.0
2019-10-14,17.524999618530273,17.634000778198242,17.524999618530273,17.634000778198242,3,49.93495474972415,-0.04163288264467013,-0.01463047696971269,-0.027002405674957444,8.449498119668492,0.4562361218983995,17.64535877834201,17.40489329058739,1,0.026572187776793623,0.00985001065524349,0.010139201371953677,-0.014915273163429665,0.28964706549738695,0.28525711117222846,1.83,257.155,1.76,0.0,0.0
2019-10-15,17.454999923706055,17.454999923706055,17.308000564575195,17.308000564575195,23,44.77780400694701,-0.06183451707818932,-0.024071284991408017,-0.037763232086781305,8.508671091320268,0.26310350770089014,17.613229424649933,17.401093575841813,1,0.21081576535288726,-0.01848702502191657,-0.017539876544733657,-0.03929840995353062,0.2950484213972248,0.2870410249853285,1.83,257.155,1.77,1.0,0.0
2019-10-16,17.219999313354492,17.35099983215332,17.174999237060547,17.35099983215332,115,45.576206405582454,-0.07352720057880902,-0.03396246810888822,-0.039564732469920795,8.62581521207277,0.308871498093711,17.588255177745495,17.39912911530501,1,1.003052769297863,0.00248435787933432,-0.021265839073059567,-0.024950842497163617,0.29284328318285213,0.2869905342722323,1.83,257.155,1.75,1.0,0.0
2019-10-17,17.299999237060547,17.535999298095703,17.299999237060547,17.535999298095703,8,48.993098045202906,-0.06709242597473164,-0.040588459682056904,-0.026503966292674735,8.618476025194893,0.4381343941233345,17.58327842730266,17.404496573453663,1,0.07386888273314866,0.010662178994409244,0.0009131757941787111,-0.013334913042484464,0.29585913490669224,0.2871970850633161,1.83,257.155,1.76,0.0,0.0
2019-10-18,17.469999313354492,17.50200080871582,17.46500015258789,17.50200080871582,30,48.39180244855328,-0.06399848005625941,-0.04527046375689741,-0.018728016299362,8.627139047170246,0.42355034328860347,17.57553770172296,17.40832026895414,1,0.2799813345776948,-0.0019387825468021314,0.0022907407955572445,-0.013304772210131821,0.29585737453511957,0.2857763924392973,1.83,257.155,1.76,0.0,0.0
2019-10-21,17.510000228881836,17.530000686645508,17.5049991607666,17.525999069213867,18,48.868830232817096,-0.05893072979486291,-0.04800251696449051,-0.010928212830372402,6.972270776895434,0.46856143019346486,17.570819736722097,17.412935123866287,1,0.1725790987535954,0.0013711724025344818,-0.006124628797674947,-0.05774200485102321,0.2355093218579907,0.28574616067021136,1.83,257.155,1.8,1.0,0.0
2019-10-22,17.489999771118164,17.489999771118164,17.437000274658203,17.437000274658203,51,47.12901784982539,-0.06138831385895216,-0.05067967634338284,-0.010708637515569316,4.913656099469833,0.41457533892471066,17.558075026049345,17.413878855269893,1,0.47797563261480785,-0.005078101065975726,0.007453183838405764,-0.05832477788715773,0.23557176520885467,0.2860171542847971,1.83,257.155,1.78,0.0,0.0
2019-10-23,17.485000610351562,17.559999465942383,17.485000610351562,17.517000198364258,27,48.89043723460346,-0.056232429239063464,-0.05179022692251897,-0.004442202316544491,4.314548905958379,0.5381027807835573,17.554163137698385,17.41792282950889,1,0.2529274004683841,0.004587940726382911,0.009567193119518036,-0.024774507152345082,0.213230810131685,0.2857758369991217,1.83,257.155,1.77,0.0,0.0
2019-10-24,17.73900032043457,17.73900032043457,17.73900032043457,17.73900032043457,23,53.51825395461062,-0.03384268164534632,-0.04820071786708444,0.014358036221738125,4.207458669865825,0.8450549331658257,17.571766678911356,17.430514103662837,1,0.5981794538361508,0.012673409805124214,0.011576244894176746,-0.003482965708977881,0.21657567722713875,0.28596275372383023,1.83,257.155,1.77,0.0,0.0
2019-10-25,17.861000061035156,17.94499969482422,17.861000061035156,17.861000061035156,18,55.88241002201152,-0.006183011982471953,-0.039797176690161945,0.03361416470768999,4.595641389389183,0.9481109991901174,17.599312715304098,17.44739590591273,1,0.6428571428571429,0.006877486802908894,0.0205118978248795,0.017604832181683294,0.2114291440145783,0.2843994684547227,1.83,257.155,1.8,0.0,0.0
2019-10-28,17.889999389648438,17.889999389648438,17.770000457763672,17.81599998474121,60,54.77573289894787,0.0119683813764766,-0.02944406507683424,0.04141244645331084,3.614414648279005,0.924942422647917,17.61994959810763,17.461850967827573,1,2.0442930153321974,-0.0025194600604764306,0.016546897804916583,0.05432591008507437,0.15494635800905132,0.28436967333958196,1.83,257.155,1.85,0.0,0.0
2019-10-29,17.770999908447266,17.770999908447266,17.770999908447266,17.770999908447266,74,53.63192298299513,0.022463417023125487,-0.019062568656842294,0.04152598567996778,3.291502486873453,0.8389050833295448,17.6343353419495,17.47397445569501,1,2.5342465753424657,-0.0025258237725912513,0.019154649798020396,0.03307756396026873,0.1450179051648858,0.28421301213328387,1.83,257.155,1.84,0.0,0.0
2019-10-30,17.790000915527344,17.81999969482422,17.71500015258789,17.815000534057617,29,54.62955186491943,0.03394005135881173,-0.00846204465371149,0.04240209601252322,3.49842812517277,0.872052248424261,17.651541550721703,17.487348027395505,1,1.0193321616871704,0.0024759791703918843,0.01701206441278602,0.012676301278699897,0.12264747099188777,0.2841828550692683,1.83,257.155,1.78,0.0,0.0
2019-10-31,18.013999938964844,18.013999938964844,18.013999938964844,18.013999938964844,78,58.93303536718659,0.05841953162741831,0.00491427060251447,0.05350526102490384,4.086127008617352,1.0649317830591634,17.68606139722105,17.50800104353548,1,2.5785123966942147,0.011170328315555755,0.015502543185225814,0.02439584173029563,0.12805034574111618,0.2702657459308817,1.83,257.155,1.69,0.0,0.0
2019-11-01,18.030000686645508,18.030000686645508,18.003999710083008,18.003999710083008,13,58.632064054528804,0.0761351229056686,0.019158441063145296,0.0569766818425233,4.505895520775531,0.9698371585368408,17.716341236541236,17.527451971635383,1,0.4399323181049069,-0.0005551365002619546,0.008006250969105233,0.026453749734123955,0.12746405029441418,0.2682760745630597,1.55,257.879,1.73,0.0,0.0
2019-11-04,18.013999938964844,18.013999938964844,18.013999938964844,18.013999938964844,23,58.85833709732975,0.08994496198996416,0.03331574524850907,0.05662921674145509,4.778586178543772,0.9211739318618812,17.744689684391105,17.546532284079674,1,0.759075907590759,0.0005554448479709873,0.011113603187764554,0.03190692462471434,0.12550164146332324,0.26826471391388634,1.55,257.879,1.79,0.0,0.0
2019-11-05,18.024999618530273,18.024999618530273,17.516000747680664,17.516000747680664,2,45.50876380510879,0.06001319146080064,0.03865523449096739,0.021357956969833253,4.828294258176342,0.33862624093481625,17.72290978565678,17.545334968926774,1,0.066006600660066,-0.027645120071694507,-0.014349173489410116,-0.005733088995236502,0.1603209850845773,0.27433757601053843,1.55,257.879,1.86,0.0,0.0
2019-11-06,17.524999618530273,17.558000564575195,17.3700008392334,17.558000564575195,45,46.60861523534597,0.03922887582457335,0.038769962757688584,0.00045891306688476685,4.836313184726485,0.3979931434308016,17.70720414555377,17.545831658952203,1,1.3910355486862442,0.0023977971626938377,-0.014426043321812188,-0.00958935413743367,0.1587954775252625,0.2741375186182557,1.55,257.879,1.81,1.0,0.0
2019-11-07,17.540000915527344,17.565000534057617,16.969999313354492,16.969999313354492,5,35.73417981560952,-0.024408267586938592,0.02613431668876315,-0.05054258427570174,5.866481933128841,-0.12654255555650692,17.63699416153479,17.52324999834053,1,0.15384615384615385,-0.03348907804497092,-0.057954958873522866,-0.031392758563853596,0.19530549491433308,0.2808672581715085,1.55,257.879,1.92,1.0,0.0
2019-11-08,16.844999313354492,16.875,16.764999389648438,16.783000946044922,31,33.090053290668976,-0.08890552015812148,0.003126349319386224,-0.0920318694775077,7.165688188001389,-0.13540326647581463,17.55566147434528,17.494220623740702,1,0.9171597633136096,-0.011019350316791798,-0.06781819505108488,-0.0388843747163472,0.19813723610430256,0.2816539829869482,1.55,257.879,1.94,2.0,0.0
2019-11-11,16.674999237060547,16.761999130249023,16.674999237060547,16.761999130249023,5,32.796538402306126,-0.14009974585250262,-0.025518869714991545,-0.11458087613751108,8.252335682882912,-0.037494022003000414,17.48007458443135,17.46550605536848,1,0.14749262536873156,-0.0012513742842187314,-0.06950154396346497,-0.049450017549467096,0.19324180871732552,0.28147007190675705,1.55,257.879,1.94,2.0,0.0
2019-11-12,16.799999237060547,16.80500030517578,16.674999237060547,16.677000045776367,28,31.57578238007916,-0.18539315738463813,-0.057493727248920865,-0.12789943013571725,9.266008758515447,-0.012502186600550075,17.403591295035636,17.43458425107075,-1,0.8199121522693997,-0.005070939558710852,-0.04789910174075496,-0.03645715843633124,0.18400529026669704,0.28082032542465873,1.55,257.879,1.92,2.0,0.0
2019-11-13,16.764999389648438,16.898000717163086,16.764999389648438,16.898000717163086,7,38.03407654758417,-0.20113702274922574,-0.08622238634898184,-0.1149146364002439,9.74241726138791,0.15495409869289803,17.355439811428727,17.41354175954496,-1,0.24347826086956523,0.013251824115854127,-0.03758969280042723,-0.026107954548577506,0.19111644748510706,0.2810054432408688,1.55,257.879,1.88,2.0,0.0
2019-11-14,16.8700008392334,17.01300048828125,16.8700008392334,17.01300048828125,14,41.146974219549804,-0.20200602928186484,-0.10937911493555845,-0.09262691434630639,10.031978583200035,0.2449972513544761,17.32282654255754,17.39783425871109,-1,0.4819277108433735,0.0068055252833170155,0.0025339526615606456,-0.029824294636647708,0.18841423141654978,0.2813710912487745,1.55,257.879,1.82,2.0,0.0
2019-11-15,16.959999084472656,16.969999313354492,16.799999237060547,16.933000564575195,7,39.654583328705975,-0.20676657213975247,-0.12885660637639726,-0.07790996576335521,10.382608674707638,0.22472323010172265,17.285700258940174,17.379605486392034,-1,0.2508960573476703,-0.004702281867396629,0.008937592210862766,-0.03251058266762674,0.18875428036254252,0.2812212773450745,1.55,257.879,1.84,2.0,0.0
2019-11-18,16.985000610351562,16.985000610351562,16.985000610351562,16.985000610351562,0,41.148750565071296,-0.20399187617286074,-0.14388366033568997,-0.06010821583717077,10.619243215504282,0.2732106507388216,17.25706219716983,17.36413078537084,-1,0.0,0.003070929194035177,0.013303990673767974,-0.030868337760705522,0.1892099638480474,0.2774740414858774,1.55,257.879,1.81,2.0,0.0
2019-11-19,17.10300064086914,17.10300064086914,17.10300064086914,17.10300064086914,0,44.506586231305334,-0.19008016748317758,-0.1531229617651875,-0.03695720571799008,10.733533359046834,0.3475853606359343,17.242389667998335,17.353890387547246,-1,0.0,0.0069473079939521565,0.02554419823250309,-0.019154649798020396,0.19104000783329453,0.27648211595553907,1.55,257.879,1.79,2.0,0.0
2019-11-20,17.100000381469727,17.100000381469727,17.100000381469727,17.100000381469727,0,44.43716194349956,-0.1772538617953927,-0.15794914177122854,-0.019304720024164168,10.816721038350385,0.3580780866828351,17.22882878356704,17.343933916720676,-1,0.0,-0.00017542298351114205,0.01195405703240815,-0.023805435415446885,0.18995233533971215,0.26965823061556815,1.55,257.879,1.73,2.0,0.0
2019-11-21,17.049999237060547,17.049999237060547,17.049999237060547,17.049999237060547,0,43.226987594387474,-0.16917347014905104,-0.16019400744679305,-0.008979462702257995,10.761555460873561,0.34872958302880214,17.211797398185468,17.332407066537925,-1,0.0,-0.0029240434674705496,0.0021747338927535775,-0.03884103224127711,0.18285581891604485,0.26887002627078804,1.55,257.879,1.77,2.0,0.0
2019-11-22,16.985000610351562,16.985000610351562,16.985000610351562,16.985000610351562,0,41.63947987722202,-0.16609985181432663,-0.16137517632029977,-0.004724675494026859,10.540936133355842,0.33353969750211737,17.190197704106048,17.31878328394238,-1,0.0,-0.003812236341201758,0.003070929194035177,-0.04904537526958741,0.17991755087416453,0.26860504017171,1.55,257.879,1.77,2.0,0.0
2019-11-25,16.871000289916992,16.871000289916992,16.871000289916992,16.871000289916992,0,38.93846907687185,-0.17089291313302013,-0.16327872368284385,-0.007614189450176279,10.378548489683324,0.29316815630102516,17.159797950373758,17.30122316652962,-1,0.0,-0.006711823157962815,-0.006711823157962815,-0.053042192166231406,0.18054017864931365,0.26881211180171277,1.55,257.879,1.76,2.0,0.0
2019-11-26,17.030000686645508,17.030000686645508,17.030000686645508,17.030000686645508,84255,44.35957943073287,-0.16001687068775183,-0.16262635308382545,0.0026094823960736147,10.052442328820653,0.39935999321146065,17.147436306209162,17.290586990847892,-1,19.93210475266731,0.009424479520846463,-0.004268254194482846,-0.04169710346177713,0.18559034458825768,0.24955990081650198,1.55,257.879,1.74,2.0,0.0
2019-11-27,17.059999465942383,17.065000534057617,16.875,16.91200065612793,26892,41.4205431708031,-0.15908530857747394,-0.16191814418255515,0.002832835605081213,9.625582741882614,0.35051283234254893,17.125013863344282,17.275740467917696,-1,4.827790494142992,-0.006928950426297487,-0.010994135739641364,-0.050687614418163385,0.18550602503263652,0.24688003732311722,1.55,257.879,1.77,2.0,0.0
2019-11-29,16.899999618530273,16.985000610351562,16.799999237060547,16.9689998626709,1598,43.3722657363975,-0.151995568982489,-0.15993362914254194,0.00793806016005294,8.527764435015916,0.4056423125254596,17.110155387089673,17.263711424574684,-1,0.2830197033429267,0.0033703408426912773,-0.0047506966577209875,-0.05801044075911077,0.1798665959430259,0.2351872363123533,1.55,257.879,1.78,2.0,0.0
2019-12-02,16.915000915527344,16.920000076293945,16.78499984741211,16.836000442504883,343,40.02158785284065,-0.1553184268175265,-0.15901058867753887,0.0036921618600123662,7.155159622497663,0.32600039799801867,17.08404539236731,17.24693844488567,-1,0.060571277206304355,-0.007837787803781748,-0.008772455842943616,-0.06487443270308402,0.18042716072677703,0.2233495034663507,1.55,258.63,1.83,2.0,0.0
2019-12-03,16.860000610351562,17.15999984741211,16.809999465942383,17.125,381,49.20445510369167,-0.13309769914659242,-0.15382801077134958,0.020730311624757164,4.972680370794437,0.6433392130155529,17.087945831189472,17.242156545086235,-1,0.06706978954873122,0.01716557079468206,0.01505540310107234,-0.049350501941654246,0.19410527599085753,0.2262853384984771,1.55,258.63,1.72,2.0,0.0
2019-12-04,17.114999771118164,17.239999771118164,16.7549991607666,16.797000885009766,287,41.44824348205525,-0.14033668579511982,-0.15112974577610364,0.010793059980983816,4.244140075577108,0.26275505251904935,17.060236788696166,17.224699460377355,-1,0.0503959683225342,-0.019153232992130453,-0.01368172590964456,-0.04104817492463875,0.18096098865240956,0.22938410902014345,1.55,258.63,1.77,2.0,0.0
2019-12-05,16.84000015258789,16.941999435424805,16.780000686645508,16.941999435424805,261,45.53552207083323,-0.13284214213000212,-0.14747222504688334,0.014630082916881226,2.80270031191576,0.5104260435301701,17.048976088384606,17.21361318488902,-1,0.04574372995425627,0.008632407142660892,0.0017738161147720088,-0.03508378570127324,0.184309221753249,0.23025730279182094,1.55,258.63,1.8,2.0,0.0
2019-12-06,16.81999969482422,16.825000762939453,16.46500015258789,16.481000900268555,159,36.7515566231746,-0.16223129001589243,-0.15042403804068516,-0.011807251975207267,3.651030008828164,-0.1989644219934465,16.994883213325934,17.184883291374494,-1,0.02782931354359926,-0.027210397268242592,-0.02875826308867291,-0.028815464518087586,0.17015925116218922,0.2365624569228013,1.55,258.63,1.84,2.0,0.0
2019-12-09,16.475000381469727,16.559999465942383,16.469999313354492,16.531999588012695,142,38.17246594435379,-0.17933991466466637,-0.1562072133654814,-0.02313270129918496,4.104702801976365,-0.030564147416141687,16.950799058534198,17.159280008889716,-1,0.0248297327306586,0.0030943926314153103,-0.018056595777028783,-0.01495568991738494,0.16693925420782774,0.2267456353280749,1.55,258.63,1.83,2.0,0.0
2019-12-10,16.55500030517578,16.610000610351562,16.55500030517578,16.59600067138672,188,39.99435382220577,-0.1855948485258665,-0.16208474039755844,-0.02351010812830806,4.345588661132719,0.09709654511876567,16.917008735948723,17.137190623105287,-1,0.032820656063965364,0.0038713455703465183,-0.030890471743841186,-0.0099032613933705,0.1677224558387095,0.21980113245764624,1.55,258.63,1.85,2.0,0.0
2019-12-11,16.545000076293945,16.829999923706055,16.545000076293945,16.743999481201172,84,44.09670388266264,-0.1765742238618273,-0.16498263709041222,-0.011591586771415086,4.2649352910756715,0.29030232353445384,16.900531664068005,17.12177136263846,-1,0.014657383657017223,0.008917739444878281,-0.0031554087644237727,0.00401747527978058,0.16996615991892028,0.22022779353892236,1.55,258.63,1.79,2.0,0.0
2019-12-12,16.829999923706055,17.014999389648438,16.739999771118164,16.844999313354492,61,46.771155531136735,-0.15943757435085715,-0.1638736245425012,0.004436050191644059,4.273356833476898,0.4342670889273403,16.895242868761954,17.110917556784187,-1,0.010639040044649085,0.006032001629402428,-0.005725423521588002,-0.003136548796258576,0.16454068761841317,0.21947993003929267,1.55,258.63,1.9,2.0,0.0
2019-12-13,16.8799991607666,16.91200065612793,16.825000762939453,16.91200065612793,23,48.53028042879786,-0.1388496355742852,-0.15886882674885802,0.02001919117457282,4.226257665634826,0.5344685953262281,16.896838848511095,17.103116894013354,-1,0.0040111265161622235,0.0039775212528694315,0.02615130952710243,-0.0059366266534166545,0.16326524630630682,0.21970650635598826,1.55,258.63,1.82,2.0,0.0
2019-12-16,16.979999542236328,17.018999099731445,16.940000534057617,17.018999099731445,75,51.298319534958765,-0.11260166370319524,-0.14961539413972547,0.03701373043653022,4.274231772004021,0.676316644315964,16.90847315815113,17.099818156982693,-1,0.013072009342129343,0.006326776221164954,0.029457992006718392,0.0050787534570904125,0.16399676854689163,0.2201769531620226,1.55,258.63,1.89,2.0,0.0
2019-12-17,16.9950008392334,17.0,16.975000381469727,16.97800064086914,103,50.18462557987927,-0.09402433586496528,-0.13849718248477344,0.04447284661980816,4.270186774863833,0.6201322664683045,16.91509482317189,17.095040999488045,-1,0.017936126493226064,-0.00240898178688731,0.02301759183108687,-0.0004121265369961824,0.1639033378836759,0.1959960364145715,1.55,258.63,1.89,2.0,0.0
2019-12-18,16.985000610351562,17.0,16.844999313354492,16.952999114990234,45,49.479171403710524,-0.08039237069584004,-0.12687622012698677,0.04648384943114672,4.131421091290123,0.5991322726910254,16.91870475572602,17.089470729507738,-1,0.007833102691976292,-0.0014725836338304044,0.012482061649829346,-0.008770480047838203,0.16188276661449494,0.19589947483145903,1.55,258.63,1.92,2.0,0.0
2019-12-19,16.985000610351562,17.075000762939453,16.975000381469727,17.058000564575195,987,52.49920949472963,-0.06041971971956883,-0.11358492004550319,0.05316520032593436,4.075568499956687,0.7561678300108103,16.931971023235462,17.088236605392737,-1,0.1703427565496531,0.006193679883585768,0.012644776485792875,-0.002456129588163325,0.16358097953524223,0.1869456732554545,1.55,258.63,1.92,1.0,0.0
2019-12-20,17.18000030517578,17.18000030517578,17.128000259399414,17.128000259399414,1,54.45390294763428,-0.038499066293837814,-0.09856774929517012,0.06006868300133231,4.183443544582439,0.8430769228662315,16.950640474298694,17.08979596437339,-1,0.0001725848901928636,0.004103628356630917,0.012771972261792719,0.004574840224586207,0.1638829876477519,0.18643538305178678,1.55,258.63,1.92,1.0,0.0
2019-12-23,17.354999542236328,17.40999984741211,17.354999542236328,17.402999877929688,23,61.20764665920051,0.0010512621280973633,-0.07864394701051663,0.079695209138614,4.942502590759858,1.094118943564293,16.99372232226355,17.10207847078736,-1,0.003968664803119716,0.016055558989109597,0.022563064722431303,0.02460990594980461,0.17219429580624165,0.18733596191939683,1.55,258.63,1.93,1.0,0.0
2019-12-24,17.520000457763672,17.756999969482422,17.514999389648438,17.756999969482422,3,67.82226569809094,0.060265330022673425,-0.050862091603878626,0.11112742162655205,6.58105366553821,1.222651434976708,17.06641543152249,17.12776166681462,-1,0.0005176385330123974,0.020341325865414372,0.045882866015335644,0.052516132081092515,0.18188544533357992,0.17463737437745716,1.55,258.63,1.9,1.0,0.0
2019-12-26,17.90999984741211,17.985000610351562,17.8799991607666,17.893999099731445,53,69.95726297283286,0.1169000394183719,-0.01730966539942852,0.13420970481780042,8.156211887882355,1.1492807728498355,17.145232923732866,17.157810193595672,-1,0.033428994922577185,0.007715218251082678,0.05550640204476598,0.05073390359657837,0.18114043609938602,0.17163012097571925,1.55,258.63,1.9,1.0,0.0
2019-12-27,17.93000030517578,17.93000030517578,17.849000930786133,17.849000930786133,430,68.35305197399947,0.15635017102998106,0.017422301886453398,0.13892786914352767,9.21413835470096,1.0146575255964114,17.21225844821413,17.18491571270118,1,1.639031827711073,-0.0025147072319897656,0.04637122406090355,0.0554044606377595,0.17874722685054364,0.16562931151502963,1.55,258.63,1.88,1.0,0.0
2019-12-30,17.899999618530273,17.90999984741211,17.850000381469727,17.908000946044922,89,69.34562642246671,0.19018317939556084,0.05197447738827489,0.13820870200728597,10.182550837422557,0.9713567470890451,17.27851963848373,17.21327199636172,1,0.47619047619047616,0.003305507993841106,0.04553950693791364,0.05533626560040683,0.17874416891488074,0.16574165921253814,1.55,258.63,1.9,1.0,0.0
2019-12-31,18.065000534057617,18.065000534057617,17.799999237060547,17.827999114990234,232,66.30870008551942,0.20814128000359844,0.08320783791133961,0.12493344209225883,10.720976188041883,0.8758495398809689,17.330851017198633,17.23737894219029,1,1.279294182519989,-0.004467379206407496,0.02442103315759514,0.05892127859422658,0.17647742871232003,0.16592945726439381,1.55,258.63,1.92,1.0,0.0
2020-01-02,17.965999603271484,17.989999771118164,17.965999603271484,17.965999603271484,2,68.84342196753899,0.23084762250807245,0.11273579483068617,0.11811182767738627,11.490118806991212,0.8984404889965538,17.39134135872938,17.265952301448376,1,0.01231527093596059,0.007740660485293427,0.011769985591499443,0.049109465884466186,0.169529440319347,0.16628446334033517,1.55,259.127,1.88,1.0,0.0
2020-01-03,18.11000061035156,18.11000061035156,17.96500015258789,18.06800079345703,83,70.603827149685,0.2541435969351227,0.1410173552515735,0.11312624168354918,12.090602336111964,0.8956999706535198,17.45578511441773,17.297405183487932,1,0.545335085413929,0.005677456998661734,0.00972402495137037,0.07566826465917198,0.14899925233311628,0.16566592434378408,1.55,259.127,1.8,1.0,0.0
2020-01-06,18.024999618530273,18.104999542236328,18.024999618530273,18.097000122070312,3,71.1037146649168,0.2718125421797666,0.16717639263721212,0.10463614954255446,12.668613102928225,0.8632678468467928,17.516853210384642,17.328761847746065,1,0.021536252692031584,0.0016050103685949502,0.013894289783829228,0.06817381213166995,0.14798306546610904,0.16523606937926863,1.55,259.127,1.81,1.0,0.0
2020-01-07,18.01499938964844,18.344999313354492,18.01499938964844,18.31599998474121,33,74.61452504583177,0.3000282285853011,0.19374675982682993,0.10628146875847116,12.799804120243778,0.914807689503053,17.59296242699003,17.3674770688047,1,0.24812030075187969,0.012101445609419947,0.022783058808492962,0.11134026965818289,0.09600953014929925,0.16497180438633693,1.55,259.127,1.83,1.0,0.0
2020-01-08,18.399999618530273,18.5049991607666,18.06999969482422,18.08799934387207,31,65.66905742505762,0.30052732517460257,0.21510287289638447,0.0854244522782181,12.34797196329749,0.7863154336230816,17.640108800026415,17.395732844297537,1,0.24323264025107885,-0.012448167780032993,0.01458381432514333,0.09412048116597016,0.11487847307894111,0.16700640195766184,1.55,259.127,1.87,1.0,0.0
2020-01-09,17.760000228881836,17.860000610351562,17.760000228881836,17.860000610351562,38,58.16000472058,0.2793056092851032,0.22794342017412822,0.051362189110974954,11.547875903368817,0.6612298881235207,17.66105087720024,17.41393942335848,1,0.31679866611087953,-0.012604972456378927,-0.005899977471925388,0.07616292406785186,0.13009985339482777,0.1680619861614456,1.55,259.127,1.85,2.0,0.0
2020-01-10,18.03300094604492,18.03300094604492,18.03300094604492,18.03300094604492,2,61.735375001955816,0.2732965354750192,0.23701404323430642,0.03628249224071278,10.980559958873211,0.7251139195062184,17.696474693280685,17.438216345816773,1,0.017263703064307294,0.009686468632766232,-0.001937117881065542,0.07698288967883293,0.13053162055339607,0.16445729324403174,1.55,259.127,1.83,1.0,1.0
2020-01-13,17.969999313354492,18.020000457763672,17.926000595092773,17.926000595092773,5,58.41073221943397,0.25693844069914107,0.24099892272727336,0.01593951797186771,10.321815589329967,0.650356019786243,17.718334302977073,17.457345139906028,1,0.044228217602830605,-0.005933585390046403,-0.00944905375609717,0.06417342391229885,0.13457550745105645,0.16497085260167305,1.55,259.127,1.85,1.0,1.0
2020-01-14,17.854999542236328,17.875,17.673999786376953,17.673999786376953,17,51.391300946871546,0.22109156756464898,0.2370174516947485,-0.015925884130099516,9.557768434293028,0.490448047869423,17.714111968062777,17.46584140055195,1,0.15077605321507762,-0.014057837797060269,-0.03505133210848976,0.04505671125154076,0.14777511651124747,0.16632001155648157,1.55,259.127,1.82,1.0,1.0
2020-01-15,17.92300033569336,17.92300033569336,17.92300033569336,17.92300033569336,0,56.90248099668328,0.21035014021028076,0.23168398939785495,-0.021333849187574194,8.931359356569699,0.6184654503436033,17.73400609831331,17.483769201930045,1,0.0,0.014088522820303151,-0.009122015378367987,0.05311717984497566,0.15302813056889408,0.16866059270331224,1.55,259.127,1.79,0.0,2.0
2020-01-16,17.950000762939453,17.950000762939453,17.875,17.875,52,55.5939418401228,0.19570825279516058,0.2244888420773161,-0.028780589282155516,8.020472003368234,0.56647698405406,17.747434088950136,17.499111586168084,1,0.48849224988257395,-0.0026781417616651426,0.0008398314185804612,0.05283303835974773,0.1531480121345108,0.16876503486096708,1.55,259.127,1.81,0.0,2.0
2020-01-17,18.01300048828125,18.01300048828125,18.01300048828125,18.01300048828125,67,58.54548025774122,0.19301498106164772,0.21819406987418244,-0.025179088812534722,6.83252408257294,0.6475638589918665,17.77272612698167,17.519264092133305,1,0.6229660622966062,0.007720307036713336,-0.0011091031283982922,0.06252589091175831,0.15339000975807732,0.16904451089023464,1.55,259.127,1.84,0.0,2.0
2020-01-21,17.750999450683594,17.750999450683594,17.750999450683594,17.750999450683594,175,51.541138954699456,0.1678048992847323,0.20811623575629243,-0.04031133647156013,5.568836161571197,0.3825658424802359,17.770656919715186,17.528351753252924,1,2.6138909634055265,-0.014545108005082574,-0.009762419870558592,0.04062603254613362,0.165099332766324,0.17165703679311586,1.55,259.127,1.78,0.0,2.0
2020-01-22,17.770999908447266,17.770999908447266,17.770999908447266,17.770999908447266,0,52.013112995242544,0.1477365822807215,0.19604030506117825,-0.04830372278045675,4.117250448998568,0.32496293572719337,17.770689585308716,17.537867367182113,1,0.0,0.0011267229104050536,0.005488294853611908,0.037540847694405466,0.16493377008262372,0.16972458568407392,1.55,259.127,1.77,1.0,2.0
2020-01-23,17.729999542236328,17.773000717163086,17.729999542236328,17.773000717163086,110,52.06341234187253,0.1304895427901691,0.18293015260697643,-0.052440609816807315,3.3156425221538535,0.2550982392502115,17.77090969310437,17.54708828286764,1,1.543859649122807,0.00011258841517802765,-0.00836911319091771,0.02126075055040544,0.15635087394739478,0.16912817079065387,1.55,259.127,1.74,0.0,2.0
2020-01-24,17.8700008392334,18.05699920654297,17.8700008392334,18.05699920654297,280,58.683430283513374,0.13814499484593767,0.1739731210547687,-0.035828126208831024,3.2697893763265804,0.7106099963430681,17.798156313431857,17.56708478967844,1,3.290246768507638,0.015979208795374067,0.010181773792613535,0.01689470279755212,0.15002626952853884,0.17216111950463364,1.55,259.127,1.7,0.0,2.0
2020-01-27,18.0,18.0,18.0,18.0,2,56.982558945953706,0.13802160895633264,0.1667828186350815,-0.028761209678748845,3.2775580184512645,0.6040894273500728,17.817379521676443,17.584061856749873,1,0.024227740763173834,-0.003156626740190349,-0.0007217280813214266,0.005923823941074602,0.14839145712289412,0.17220920004595486,1.55,259.127,1.61,0.0,2.0
2020-01-28,17.604999542236328,17.604999542236328,17.402000427246094,17.402000427246094,10,42.925655708004214,0.08864837364984979,0.15115592963803515,-0.06250755598818536,4.183380817534434,-0.18637830183834925,17.77781960792117,17.576922192847764,1,0.16246953696181968,-0.033222198486328125,-0.019660809770576604,-0.025043446704574257,0.19150154192009294,0.18568278869462845,1.55,259.127,1.65,0.0,2.0
2020-01-29,17.450000762939453,17.450000762939453,17.3700008392334,17.430999755859375,132,43.651596293388224,0.0512687383144943,0.131178491373327,-0.07990975305883269,4.811462798754347,-0.036186035537371534,17.744789145820047,17.571199744338415,1,2.072213500784929,0.0016664364958800526,-0.01913230287206713,-0.02663620532647426,0.1910717102127113,0.18418742047725187,1.55,259.127,1.6,0.0,2.0
2020-01-30,17.540000915527344,17.96500015258789,17.540000915527344,17.95199966430664,50,54.779840004512536,0.06295968636589677,0.11753473037184095,-0.05457504400594418,4.806124738538988,0.5618428116224159,17.764523480914008,17.586133074533247,1,0.9157509157509157,0.029889272889934704,0.01007139705850002,0.006955382290329215,0.21954084177878277,0.19417743925550293,1.55,259.127,1.57,0.0,2.0
2020-01-31,17.972000122070312,17.972000122070312,17.972000122070312,17.972000122070312,1,55.146052077301164,0.07299724985893263,0.1086272342692593,-0.035629984410326665,4.808227594825833,0.5847054529551219,17.78428316102413,17.60126511561313,1,0.01833180568285976,0.0011141075165814751,-0.004707265227206547,0.0003339930385912737,0.217848158846998,0.1941882185924408,1.55,259.127,1.51,0.0,2.0
2020-02-03,17.795000076293945,17.799999237060547,17.600000381469727,17.639999389648438,19,48.17208635496274,0.05354517137840986,0.09761082169108942,-0.04406565031267956,4.889937563494573,0.2280961138483234,17.770541849464543,17.60278410675177,1,0.37000973709834467,-0.01847322113102845,-0.02000003390842009,-0.023688365342754758,0.2264131041227942,0.18929879025564217,1.58,259.25,1.54,0.0,2.0
2020-02-04,17.527999877929688,17.527999877929688,17.527999877929688,17.527999877929688,154,46.05609324875563,0.028760303584157043,0.08384071806970295,-0.0550804144855459,5.0442450426981855,0.1431980710347521,17.74744261408027,17.599851391896003,1,2.614601018675722,-0.006349178888547691,0.007240515319509866,-0.03144168869439845,0.2268726231901458,0.18970015296034454,1.58,259.25,1.61,0.0,2.0
2020-02-05,17.569000244140625,17.569000244140625,17.569000244140625,17.569000244140625,10,46.9743436671446,0.01228489160737567,0.06952955277723749,-0.05724466116986182,4.618958277907156,0.20476158347645448,17.730448102657448,17.59864154296442,1,0.17316017316017315,0.002339135468762965,0.007916957731289198,-0.04078399984837844,0.22170145149193163,0.17597811869300922,1.58,259.25,1.66,0.0,2.0
2020-02-06,17.788999557495117,17.788999557495117,17.788999557495117,17.788999557495117,0,51.72306516834506,0.01678660931074205,0.05898096408393841,-0.04219435477319636,4.398356352896711,0.48984316807573286,17.736024431689607,17.606106563142095,1,0.0,0.012522016637108502,-0.009079774390571727,-0.016530285118472765,0.2238077376283085,0.1759254023576178,1.58,259.25,1.65,0.0,2.0
2020-02-07,17.665000915527344,17.665000915527344,17.665000915527344,17.665000915527344,7,49.056410946130086,0.01023066616568613,0.049230904500287956,-0.039000238334601825,4.433779074484141,0.34505179143613995,17.7292602872932,17.608416145588578,1,0.1280878316559927,-0.0069705236411413685,-0.01708208348863527,-0.010918235619275296,0.22070112596179978,0.1766275298500835,1.58,259.25,1.59,0.0,2.0
2020-02-10,17.780000686645508,17.780000686645508,17.757999420166016,17.757999420166016,1,51.092972043888075,0.012396338816198949,0.04186399136347016,-0.02946765254727121,4.252597014374994,0.4795582241019827,17.731997347566804,17.61428215635632,1,0.018315018315018316,0.005264562684337504,0.006689344365103711,-0.015249903590739744,0.2185531313666418,0.1764081773275487,1.58,259.25,1.56,0.0,2.0
2020-02-11,17.69499969482422,17.71500015258789,17.572999954223633,17.572999954223633,7,47.06244718530255,-0.000805970080556051,0.03332999907466492,-0.03413596915522097,4.288532482487927,0.25993587721946504,17.71685473867698,17.612663246468767,1,0.12797074954296161,-0.010417810112793302,0.002567325228625128,-0.019692102485245555,0.22055524951327923,0.17612386610473646,1.58,259.25,1.59,0.0,2.0
2020-02-12,17.47800064086914,17.47800064086914,17.47800064086914,17.47800064086914,10,45.09517179693852,-0.018718767346115328,0.022920245790508872,-0.0416390131366242,4.489263366008559,0.16359828589354844,17.694106729361945,17.607382359974665,1,0.18399264029438822,-0.0054059815399737365,-0.005179555012063575,-0.011089688122486452,0.2157678161999466,0.17608544908569793,1.58,259.25,1.62,0.0,2.0
2020-02-13,17.600000381469727,17.600000381469727,17.600000381469727,17.600000381469727,3,48.09582672535111,-0.022807517892630358,0.013774693053881027,-0.03658221094651139,4.45001454399295,0.33542108054583686,17.685144220038875,17.607092870621532,1,0.05504587155963303,0.006980188587206726,-0.010624497202022742,-0.01802153368152226,0.21086653043914352,0.17624802276998305,1.58,259.25,1.61,0.0,2.0
2020-02-14,17.71500015258789,17.71500015258789,17.71500015258789,17.71500015258789,0,50.82405666019976,-0.016577269281274454,0.007704300586849931,-0.024281569868124384,4.388263460081271,0.4911919450037489,17.6879876421864,17.61132452873786,1,0.0,0.006534077762818891,0.0028304123673494885,-0.008951040414663436,0.21236196057386045,0.17659155040772248,1.58,259.25,1.59,0.0,2.0
2020-02-18,18.131000518798828,18.131000518798828,18.131000518798828,18.131000518798828,0,59.18219825226292,0.02167810877899612,0.010499062225279169,0.01117904655371695,4.618425344709069,0.9925239701773196,17.730179344720916,17.63170397932849,1,0.0,0.02348294454573674,0.021004680189888436,0.006550825921219916,0.22690150703918419,0.18211143071883498,1.58,259.25,1.55,0.0,2.0
2020-02-19,18.145000457763672,18.29199981689453,18.145000457763672,18.29199981689453,56,61.8824076161705,0.06424647595317623,0.021248544970858582,0.04299793098231765,5.381414171465838,1.0622424410967433,17.783686056356498,17.657597933742842,1,1.3145539906103285,0.008879780127344583,0.0409150324101657,0.030477177790127374,0.22159450547315376,0.18280467394802014,1.58,259.25,1.56,0.0,2.0
2020-02-20,18.30900001525879,18.30900001525879,18.30900001525879,18.30900001525879,3,62.16700651947974,0.09822174838419073,0.036643185653525014,0.06157856273066572,6.022478772695231,0.9923899658643577,17.833715957204333,17.683143113410136,1,0.07017543859649122,0.0009293788833606431,0.047545448215999375,0.03027404814490997,0.22160003529270542,0.18261035989189103,1.58,259.25,1.52,0.0,2.0
2020-02-21,18.565000534057617,18.565000534057617,18.479999542236328,18.520999908447266,11,65.61483180450236,0.14063288779806626,0.05744112608243327,0.083191761715633,7.013004177750308,1.061675297552138,17.899171571608424,17.716000242627278,1,0.29100529100529104,0.011578999017521241,0.05232951744405745,0.04208626349527167,0.22433710850047978,0.1835158752945295,1.58,259.25,1.46,0.0,2.0
2020-02-24,18.690000534057617,18.868000030517575,18.690000534057617,18.868000030517575,4,70.37395447633722,0.19993925590516426,0.08594075204697947,0.11399850385818479,8.620249304849096,1.1549656561800485,17.99144094864739,17.761176704897487,1,0.16666666666666666,0.018735496127940898,0.06508607778709208,0.044913377615962924,0.22673946491378275,0.18600715509787868,1.58,259.25,1.38,0.0,2.0
2020-02-25,18.183000564575195,18.183000564575195,18.183000564575195,18.183000564575195,0,54.374752295886296,0.18948201704318635,0.10664900504622085,0.0828330119969655,8.735948048894265,0.701280375948297,18.009684721592897,17.777718817041713,1,0.0,-0.0363048264169199,0.0028680185477052422,0.010166698031955246,0.26575977292672487,0.20161659498700288,1.58,259.25,1.33,0.0,2.0
2020-02-26,17.826000213623047,17.826000213623047,17.826000213623047,17.826000213623047,96319,48.22168272380628,0.15065102393242213,0.11544940882346111,0.035201615108961026,8.397051032839853,0.45739684344166764,17.9921909589291,17.779612205142943,1,19.903292797586452,-0.019633742499445828,-0.025475596322775296,0.02436500264148389,0.2457364861574654,0.20550047138304042,1.58,259.25,1.33,0.0,2.0
2020-02-27,17.864999771118164,18.079999923706055,17.579999923706055,17.658000946044922,13497,45.606256987856796,0.10510940942137736,0.11338140894304437,-0.008271999521667003,8.151130534442814,0.3332268100456406,17.960363338654417,17.774843136158708,1,2.4506136974362698,-0.009424395016540799,-0.035556232927594245,0.013022843977106957,0.24862050407810465,0.20651757180666883,1.58,259.25,1.3,0.0,2.0
2020-02-28,17.690000534057617,17.795000076293945,16.34000015258789,16.386999130249023,709,31.62928996797538,-0.03315962895613467,0.08407320136320856,-0.11723283031934323,11.02860903429374,-0.2306022162024588,17.810519128330093,17.720417881024996,1,0.12796563518062287,-0.07197880551029079,-0.11522060303153192,-0.08717694760039774,0.3448371140307559,0.25744875515783805,1.58,259.25,1.13,0.0,2.0
2020-03-02,16.4950008392334,16.975000381469727,16.389999389648438,16.679000854492188,518,36.44811208625694,-0.11781859978001918,0.04369484113456301,-0.1615134409145822,12.370923197367055,0.008645353597979574,17.702755483202672,17.679577997631554,1,0.09305835010060363,0.01781910903407291,-0.1160164920757285,-0.07194520692164208,0.35334698617393356,0.25763821694512284,0.65,258.076,1.1,0.0,2.0
2020-03-03,16.875,17.31999969482422,16.739999771118164,17.128999710083008,307,43.103413011139196,-0.14690684656322617,0.005574503595005178,-0.15248135015823133,12.762123542139555,0.2331528137477892,17.648112076238895,17.657986692237493,-1,0.05501003440366972,0.026979964778263144,-0.057966277389092324,-0.02896823680534233,0.36437216268388745,0.2604410769071083,0.65,258.076,1.02,0.0,2.0
2020-03-04,17.190000534057617,17.2450008392334,17.049999237060547,17.187000274658203,73,43.91861173584103,-0.16339580573993118,-0.0282195582719821,-0.13517624746794907,13.021643782347725,0.2707525004375784,17.604196666564544,17.63951663664615,-1,0.013090061415699107,0.0033861034244195842,-0.03584651247095272,-0.019454564448100675,0.3642768760600556,0.2599526903157441,0.65,258.076,1.02,0.0,2.0
2020-03-05,17.155000686645508,17.405000686645508,17.1200008392334,17.341999053955078,66,46.13950828992925,-0.16208787049868079,-0.05499322071732184,-0.10709464978135894,13.14274233173713,0.3442099898794075,17.579225465363642,17.627849280462186,-1,0.011828910933677446,0.009018373004009206,-0.01789567760560251,-0.012920552509028127,0.3658389098420528,0.2539667089221699,0.65,258.076,0.92,0.0,2.0
2020-03-06,17.459999084472656,17.485000610351562,17.0,17.214000701904297,52,44.56982761140234,-0.16942667444194015,-0.07787991146224552,-0.09154676297969463,13.3734195601447,0.30466229970555464,17.54444215455799,17.61161992444031,-1,0.009315407145992136,-0.007380830298314933,0.050466932052781965,-0.03232328235954973,0.3631918132740294,0.2544818095903698,0.65,258.076,0.74,0.0,2.0
2020-03-09,17.434999465942383,17.434999465942383,16.56999969482422,17.000999450683594,46,42.00865089656447,-0.1902372141023605,-0.10035137199026851,-0.08988584211209198,13.807764882530737,0.2366421926762433,17.492685706569954,17.587674023508672,-1,0.008237674826740208,-0.01237372153686156,0.019305628616517634,-0.03758853271612905,0.3647711014399059,0.25580132430187913,0.65,258.076,0.54,0.0,2.0
2020-03-10,16.850000381469727,17.145000457763672,16.764999389648438,16.9060001373291,97,40.88032153781224,-0.21195211531071223,-0.12267152065435727,-0.08928059465635496,14.293631330892811,0.2241492572768788,17.436810890451778,17.560941714246727,-1,0.017355830306500387,-0.005587866385741935,-0.013018832186834417,-0.047978337124472636,0.3639767141863336,0.2554731819787046,0.65,258.076,0.76,0.0,2.0
2020-03-11,16.854999542236328,16.860000610351562,16.639999389648438,16.729000091552734,152,38.78981076111878,-0.240669467597872,-0.14627111004306023,-0.09439835755481177,14.96773857789228,0.18464588095879356,17.36940033817568,17.528316552572452,-1,0.0271615306952101,-0.010469658366176415,-0.026648058171080513,-0.04802821742841035,0.36399206241144044,0.256102327681439,0.65,258.076,0.82,0.0,2.0
2020-03-12,16.43000030517578,16.614999771118164,15.600000381469728,15.961000442504885,51,31.30856952088226,-0.32169107495375826,-0.18135510302519983,-0.14033597192855843,17.015963930639707,-0.011275964658748349,17.23526701477846,17.466853175707058,-1,0.009110071094280305,-0.0459082817170674,-0.07963318456849056,-0.08679483595034465,0.3969041170658043,0.2733482890792843,0.65,258.076,0.88,0.0,2.0
2020-03-13,15.755000114440918,15.765000343322754,14.425000190734863,14.456000328063965,506,22.2516810556684,-0.5015605362853819,-0.24539618967723625,-0.25616434660814563,22.919861046431684,-0.2224493342810259,16.97057494937708,17.34878051501517,-1,0.08998195026096543,-0.09429234212869475,-0.16021844204614377,-0.17863636279894302,0.5164981824109943,0.33880081160629727,0.65,258.076,0.94,2.0,2.0
2020-03-16,14.885000228881836,14.885000228881836,11.850000381469728,12.772000312805176,104,16.50004728991803,-0.7711042973916555,-0.3505378112201201,-0.4205664861715354,32.73386694588219,-0.2702039411191785,16.570710698274993,17.169298938457917,-1,0.018477227705181617,-0.11649142065869889,-0.24875003085235525,-0.2790290599608388,0.6514337041869113,0.4200103092527797,0.65,258.076,0.73,2.0,2.0
2020-03-17,12.550000190734863,12.710000038146973,12.414999961853027,12.468999862670898,194,15.713047377180757,-0.9976687695238997,-0.47996400288087604,-0.5177047666430237,40.415307762549254,-0.13726437500686964,16.180071571074603,16.984973484505485,-1,0.034407839311843214,-0.023723805411317578,-0.26245121487140743,-0.31228285776382714,0.6347418495373969,0.4217962579068144,0.65,258.076,1.02,2.0,2.0
2020-03-18,12.5600004196167,12.824999809265137,11.734999656677246,11.734999656677246,184,13.974226432171648,-1.2223598251537968,-0.6284431673354602,-0.5939166578183366,48.2155610527157,-0.09595970910721872,15.756731388751044,16.779092157923987,-1,0.03259723809270726,-0.05886600481816251,-0.29852354638919487,-0.3584627282885289,0.6426203071455009,0.4361525811704903,0.65,258.076,1.18,2.0,2.0
2020-03-19,12.06999969482422,12.204999923706056,11.895000457763672,12.097000122070312,45,18.749706240964755,-1.3555922695030862,-0.7738729877689855,-0.5817192817341007,53.26362632478979,0.028312388556307144,15.40818555382907,16.595480705537568,-1,0.007969185814849249,0.030847931485629587,-0.2420901079699591,-0.33928668348961566,0.6647981333900886,0.4420979673954342,0.65,258.076,1.12,2.0,2.0
2020-03-20,12.079999923706056,12.859999656677246,12.079999923706056,12.348999977111816,95,21.995952126512705,-1.424425765733515,-0.9039835433618915,-0.5204422223716236,56.31532836587954,0.10800111163268276,15.116834546522664,16.428952049520873,-1,0.01681133260779161,0.020831598950035835,-0.14575264963585755,-0.3332433433316121,0.6714063704873484,0.44318533412207584,0.65,258.076,0.92,2.0,2.0
2020-03-23,12.899999618530272,13.225000381469728,12.899999618530272,13.225000381469728,139,32.14503506946218,-1.3922419967261437,-1.0016352340347419,-0.3906067626914018,56.21977552905866,0.2325657704638166,14.93665986413667,16.303306886067887,-1,0.02456828746663839,0.07093695084472662,0.0354682162206319,-0.2990777846046596,0.7305620717345304,0.4657678627827239,0.65,258.076,0.76,2.0,2.0
2020-03-24,13.359999656677246,14.229000091552734,13.359999656677246,14.229000091552734,176,41.53417307117646,-1.2710696424633046,-1.0555221157204544,-0.21554752674285016,55.175912438827424,0.3657241393088615,14.869263695319153,16.221961521577096,-1,0.031059737051089737,0.07591680008491841,0.1411500720399268,-0.21745588463137344,0.794020587027507,0.4919337060975235,0.65,258.076,0.84,2.0,2.0
2020-03-25,14.71500015258789,14.836999893188477,14.454999923706056,14.836999893188477,262,46.37342964242074,-1.113147504463491,-1.0670471934690617,-0.04610031099442935,53.75854371248509,0.45341659603578194,14.866190952259089,16.167649300855974,-1,0.3033636311005616,0.04272962244175482,0.2643374799543503,-0.1676764436561774,0.8160934637511571,0.5007562389273484,0.65,258.076,0.88,2.0,2.0
2020-03-26,14.829999923706056,14.845000267028809,14.640000343322754,14.640000343322754,140,45.07168200828842,-0.9924489558265606,-1.0521275459405615,0.059678590114000896,52.288659529341984,0.44577608461005525,14.844648989503247,16.10774149859977,-1,0.7150153217568948,-0.013277586525842322,0.21021742544359223,-0.17091405827555728,0.8162292347985148,0.5010140388939358,0.65,258.076,0.83,2.0,2.0
2020-03-27,14.335000038146973,14.498000144958496,14.335000038146973,14.498000144958496,919,44.110494955171596,-0.8979022574098572,-1.0212824882344207,0.12338023082456351,52.07439709996713,0.43911096402656047,14.811634813832319,16.044614386692267,-1,4.454677653902084,-0.009699466873921425,0.1740222019458848,-0.11527424699764544,0.7789919039067702,0.5011806738173238,0.65,258.076,0.72,2.0,2.0
2020-03-30,14.100000381469728,14.25,13.899999618530272,14.074000358581545,612,41.27973881740753,-0.8474180492170404,-0.9865096004309447,0.13909155121390426,51.68012782322242,0.39981260876617075,14.741383913332244,15.96733540519773,-1,2.9004739336492893,-0.029245398133368905,0.0641965937710971,-0.15618444525764463,0.7779450786887424,0.5034786588525991,0.65,258.076,0.7,2.0,2.0
2020-03-31,13.979999542236328,14.244999885559082,13.979999542236328,14.097999572753906,27,41.50854566287494,-0.7962932416765316,-0.9484663286800622,0.1521730870035306,50.35823906675405,0.41985101764090355,14.680109214229546,15.894028117650914,-1,0.13705583756345177,0.0017052162541497662,-0.009206586404943429,-0.17695138003563038,0.7679924218379486,0.503217225201781,0.65,258.076,0.7,2.0,2.0
2020-04-01,14.079999923706056,14.100000381469728,13.899999618530272,13.925999641418455,22,40.296648151284074,-0.7608844184202539,-0.9109499466281006,0.1500655282078467,48.570247254042236,0.41469952187889275,14.608289254914204,15.816850530347681,-1,0.1131396245821548,-0.012200307600225946,-0.06140057008346089,-0.18973646250812082,0.7664549174589084,0.5033450232920555,0.05,256.032,0.62,2.0,2.0
2020-04-02,14.18000030517578,14.595999717712402,14.154999732971191,14.595999717712402,30,46.81113700170231,-0.671024115840801,-0.8629647804706407,0.19194066462983972,45.65075483944888,0.5312660376066176,14.607118822799746,15.768974027891396,-1,0.15572281339216196,0.048111452933062404,-0.003005507143339692,-0.15834387533405003,0.7907710960721503,0.5132117060314672,0.05,256.032,0.63,2.0,2.0
2020-04-03,14.59000015258789,14.59000015258789,14.435999870300291,14.435999870300291,6,45.533401030697554,-0.6057372669941543,-0.8115192777753435,0.20578201078118918,42.37587341718227,0.5305168461203871,14.59082177970456,15.716700531515274,-1,0.031520882584712376,-0.010961897129797116,-0.004276470826203194,-0.1613803136011659,0.7908017548361064,0.5131115299694963,0.05,256.032,0.62,2.0,2.0
2020-04-06,14.550000190734863,15.111000061035156,14.550000190734863,15.111000061035156,28,51.54265497653694,-0.493837444084237,-0.7479829110371222,0.2541454669528852,39.24804275733668,0.6716571706673243,14.640362568402713,15.692947571888602,-1,0.14779625230931645,0.04675811837069688,0.0736819437283378,-0.11116989887158912,0.8138427244995708,0.5226352504048056,0.05,256.032,0.67,2.0,2.0
2020-04-07,15.46500015258789,15.600000381469728,15.42199993133545,15.42199993133545,5,54.05769047229699,-0.3757297590558242,-0.6735322806408627,0.2978025215850385,36.221399462312974,0.7624944560195732,14.714804222015355,15.682322174219852,-1,0.02704895861509332,0.020581025017810006,0.09391405863994584,-0.08777949804442053,0.8191707400896098,0.5241855810210342,0.05,256.032,0.75,2.0,2.0
2020-04-08,15.15999984741211,15.15999984741211,15.147000312805176,15.147000312805176,8,51.51175486256557,-0.30085071888434634,-0.5989959682895595,0.29814524940521314,32.89865749350175,0.748117356710614,14.755965754471529,15.661329160046728,-1,0.04503236701379116,-0.017831644388190626,0.08767777558712853,-0.09456630821266987,0.8203159556075027,0.5250938070400921,0.05,256.032,0.77,2.0,2.0
2020-04-09,15.140000343322754,15.994999885559082,15.140000343322754,15.994999885559082,15,58.06967837991542,-0.17110961643476408,-0.5134186979186004,0.3423090814838363,32.97773867450544,0.9307244170388977,14.873969005051295,15.67441428653741,-1,0.08529997156667615,0.05598465407286035,0.09584819093610819,0.0021301573906140625,0.8303757596227176,0.5374497970919966,0.05,256.032,0.73,2.0,2.0
2020-04-13,15.479000091552734,15.479000091552734,15.479000091552734,15.479000091552734,0,53.342101697451476,-0.10867301413505892,-0.4324695611618921,0.3237965470268332,34.01754827328035,0.7974322358897236,14.931591013289527,15.666750984773305,-1,0.0,-0.03226006862758479,0.07224994670429763,0.07076644578533808,0.7553771926261547,0.540174516540645,0.05,256.032,0.76,2.0,2.0
2020-04-14,16.010000228881836,16.07200050354004,16.010000228881836,16.07200050354004,4,57.612935328243054,-0.011212133153280845,-0.34821807556016987,0.337005942406889,34.70317928591305,0.8748937684342687,15.040201440932433,15.682643122764159,-1,0.027481964960494674,0.038309994733504826,0.06359608488010626,0.25837770982719843,0.594943603980016,0.5463694587986905,0.05,256.032,0.76,2.0,2.0
2020-04-15,16.0049991607666,16.0049991607666,15.446999549865724,15.446999549865724,2,52.19055738256791,0.015416254595212564,-0.2754912095290934,0.29090746412430596,33.18813815687182,0.7256804970731316,15.0789441179737,15.673402198336769,-1,0.01471129091577786,-0.03888756434126861,0.0016210360939945545,0.23883228165798775,0.6097435310755942,0.5514617113278095,0.05,256.032,0.63,2.0,2.0
2020-04-16,15.564000129699709,15.564000129699709,15.564000129699709,15.564000129699709,0,53.08080808188203,0.04543664732400643,-0.21130563815847345,0.2567422854824799,28.925428559051685,0.7378595583316633,15.125139928614272,15.669111921135316,-1,0.0,0.007574324026895063,0.027530191343694943,0.32628892927523445,0.5488716915614338,0.5512593628227098,0.05,256.032,0.61,2.0,2.0
2020-04-17,15.237000465393066,15.237000465393066,15.237000465393066,15.237000465393066,0,50.263739530979635,0.0423536581802324,-0.1605737788907323,0.2029274370709647,24.35479686723555,0.6444709383899538,15.135793313069396,15.652166373851307,-1,0.0,-0.02101000138663911,-0.047389773403522684,0.25956851381641277,0.559072924483977,0.5525876325786937,0.05,256.032,0.65,2.0,2.0
2020-04-20,15.555999755859377,15.555999755859377,15.555999755859377,15.555999755859377,0,52.8903568164364,0.06490278492039891,-0.11547846612850605,0.18038125104890496,19.600738923007157,0.7319745792741268,15.175812974287489,15.648395133930055,-1,0.0,0.020935832560406764,0.004974459839215628,0.259697124033651,0.5590950329810488,0.5546240218902521,0.05,256.032,0.63,2.0,2.0
2020-04-21,15.43000030517578,15.43000030517578,14.817999839782717,14.817999839782717,3,46.74045873661336,0.02295805860620348,-0.08779116118156416,0.11074921978776764,16.66888808735324,0.4434131609165212,15.141735532906083,15.615830612590944,-1,0.02656042496679947,-0.047441497021024515,-0.07802393133829943,0.12045364176662154,0.5553310902295541,0.5613429419220294,0.05,256.032,0.58,2.0,2.0
2020-04-22,15.277000427246094,15.277000427246094,15.277000427246094,15.277000427246094,1,50.58867551861263,0.0264491824755666,-0.064943092450138,0.0913922749257046,16.081975711975133,0.6099769549011087,15.154617903795607,15.602543154342127,-1,0.009596928982725527,0.030975880174534343,-0.011005316732925596,0.07365242314641085,0.5049250353977885,0.5656013584276633,0.05,256.032,0.63,2.0,2.0
2020-04-23,15.43000030517578,15.664999961853027,15.347999572753906,15.347999572753906,21,51.17632336948815,0.03454672779861845,-0.045045128400386714,0.07959185619900516,16.131296483094047,0.628191147396465,15.17303520560116,15.592561053103374,-1,0.2278893109061313,0.004647453264528867,-0.013878216084926898,0.03444090336618699,0.48435822137336293,0.5620615636623707,0.05,256.032,0.61,2.0,2.0
2020-04-24,15.253999710083008,15.253999710083008,15.253999710083008,15.253999710083008,10,50.32299551478,0.03299869901759145,-0.02943636291679108,0.06243506193438253,15.95615035863445,0.5774674273292927,15.180746110789908,15.579284137690811,-1,0.11675423234092235,-0.006124567714855145,0.0011156555864488826,0.041939846472769826,0.4820527101788148,0.5620663563948611,0.05,256.032,0.6,2.0,2.0
2020-04-27,15.201000213623049,15.201000213623049,15.201000213623049,15.201000213623049,0,49.81860419562731,0.02718192234599215,-0.018112705864234437,0.04529462821022659,15.549468684843703,0.5417728531151172,15.182675072964493,15.56444947400188,-1,0.0,-0.003474465547873673,-0.02282074748057339,0.0484894510715681,0.48052886056213184,0.5581781913212952,0.05,256.032,0.67,2.0,2.0
2020-04-28,15.010000228881836,15.161999702453612,14.994999885559082,15.161999702453612,28284,49.426013555076324,0.019203701300925857,-0.010649424431202379,0.029853125732128234,14.186297731072154,0.5021856684185976,15.180705990058694,15.548667130019595,-1,19.872128152884144,-0.002565654274150009,0.02321499975640018,0.07730562144036512,0.46596194027702076,0.5581197105130509,0.05,256.032,0.62,2.0,2.0
2020-04-29,15.21500015258789,15.470000267028809,15.125,15.15999984741211,5434,49.404514076869525,0.012574580122125312,-0.006004623520536841,0.01857920364266215,12.613376534481235,0.47373003315215095,15.178733976473305,15.533425275799694,-1,3.2084551117409146,-0.00013189916110989408,-0.007658609449621823,0.07532985578398277,0.4661129899585599,0.5571682631751013,0.05,256.032,0.63,2.0,2.0
2020-04-30,15.399999618530272,15.774999618530272,14.795000076293944,14.89799976348877,1859,46.54784761379109,-0.013662767440587587,-0.00753625230454699,-0.006126515136040596,10.155511092639792,0.2670409479272118,15.151997384760492,15.50850662825809,-1,1.0411649397927751,-0.01728232760952597,-0.029319769467806456,0.06979751163998382,0.46879950915226265,0.5579551383224003,0.05,256.032,0.64,2.0,2.0
2020-05-01,15.005000114440918,15.045000076293944,14.854999542236328,14.86299991607666,102,46.1638361416414,-0.03685540344492466,-0.013400082532622525,-0.02345532091230214,9.650587488479733,0.22226204082722592,15.124473816314412,15.483192639545093,-1,0.05701190542730982,-0.002349298427154256,-0.025632607934815588,0.018292696870927605,0.4397288386278858,0.5578567613738284,0.05,255.802,0.64,2.0,2.0
2020-05-04,15.024999618530272,15.09000015258789,14.69499969482422,14.722000122070312,1228,44.568651003774455,-0.06585411432695132,-0.023890888891488285,-0.041963225435463034,8.901816410075964,0.0850571592411921,15.086142988291163,15.453341952585298,-1,0.6637120311317696,-0.009486630882224123,-0.03151109037703048,0.019811599774146593,0.4392240973054166,0.5571113822212855,0.05,255.802,0.64,2.0,2.0
2020-05-05,14.779999732971191,15.109999656677246,14.710000038146973,15.057000160217283,535,49.07144063053782,-0.06109977805098055,-0.03133266672338674,-0.029767111327593805,8.945103146212418,0.3339996857929801,15.083367480855555,15.437799137198317,-1,0.2852496600997041,0.022755062856218755,-0.00692517770062584,-0.0035735491099040395,0.4149477300338811,0.5595168742076346,0.05,255.802,0.66,2.0,2.0
2020-05-06,15.0,15.300000190734863,14.875,14.987000465393066,176,48.190545867130815,-0.062262598184833706,-0.03751865301567614,-0.024743945169157566,9.071497970503714,0.3012296599457279,15.074189669859129,15.420120757911837,-1,0.09341330078021337,-0.0046489801473978964,-0.011411568849624687,-0.02820642380230609,0.4079592124380272,0.5592868052818122,0.05,255.802,0.72,2.0,2.0
2020-05-07,15.125,15.585000038146973,15.125,15.562000274658203,13,55.29043972396384,-0.016595163668155166,-0.03333395514617195,0.016738791478016782,9.186826364780897,0.6987511830874891,15.120647822697135,15.425684660529342,-1,0.006898930665746809,0.03836657045503444,0.04456977592366007,0.027398161568808366,0.42543518967280647,0.5651415022315427,0.05,255.802,0.63,2.0,2.0
2020-05-08,15.55500030517578,15.800000190734863,15.5,15.739999771118164,59,57.243779974820534,0.0335726740744029,-0.01995262930205698,0.05352530337645987,8.61389513828976,0.8571646608010925,15.179633722546757,15.438010743297532,-1,0.031274018711404415,0.011438085934866837,0.05900557491713987,-0.01594248929449149,0.37903441084710987,0.5657582450760398,0.05,255.802,0.69,2.0,2.0
2020-05-11,15.585000038146973,15.63599967956543,15.585000038146973,15.63599967956543,2,55.71224200616995,0.06419906187904623,-0.003122291065836339,0.06732135294488256,8.784791895258717,0.7666997331620397,15.223097147024726,15.445775015308039,-1,0.0010600800360427212,-0.006607375671222493,0.062083925412071306,0.010142747405135877,0.3606823053916612,0.5655508110924784,0.05,255.802,0.73,2.0,2.0
2020-05-12,15.687000274658203,15.687000274658203,15.687000274658203,15.687000274658203,65,56.3292857656876,0.09153090535869701,0.01580834821907033,0.07572255713962668,7.823055723663089,0.8587155107163571,15.267278397275533,15.455234829400203,-1,0.03439699423188866,0.0032617418865406034,0.041841011339394774,-0.023954717323275032,0.3334137474931855,0.5653814914172388,0.05,255.802,0.69,2.0,2.0
2020-05-13,15.729999542236328,15.729999542236328,15.663000106811523,15.663000106811523,24,55.93434266946877,0.10998711229819236,0.034644101034894736,0.07534301126329762,8.088511627094155,0.8185210858991828,15.304966179136104,15.463382487337903,-1,0.012693039983075947,-0.001529939913716416,0.0451057329970348,0.013983334190469154,0.3009848691620797,0.5629326638454257,0.05,255.802,0.64,2.0,2.0
2020-05-14,16.0049991607666,16.13599967956543,16.0049991607666,16.13599967956543,49,61.64233746891541,0.16092584875482352,0.0599004505788805,0.10102539817594303,9.344362133804042,1.086070958810455,15.38411222679604,15.48975963213114,-1,0.025881420837184737,0.03019852962576497,0.03688468029665515,0.036751448541446186,0.317554172504224,0.5663431083687972,0.05,255.802,0.63,2.0,2.0
2020-05-15,16.540000915527344,17.04599952697754,16.5049991607666,17.04599952697754,57,69.75851714271434,0.2715937828234658,0.10223911702779756,0.16935466579566824,13.558678848975388,1.2943213387483912,15.542387207765707,15.550788647615313,-1,0.0300617056062444,0.056395628748340254,0.08297330208706843,0.11872409308466914,0.35678960540935967,0.5782323894336496,0.05,255.802,0.64,2.0,2.0
2020-05-18,17.219999313354492,17.584999084472656,17.219999313354492,17.464000701904297,155,72.62395557891294,0.3885491664004821,0.15950112690233448,0.22904803949814762,17.840597347592595,1.2167379884300669,15.725398016731287,15.625816571312921,1,0.08141397694146073,0.02452195157375292,0.11690976335384984,0.122653701207873,0.35896961219245693,0.5800097048256907,0.05,255.802,0.73,2.0,2.0
2020-05-19,17.700000762939453,17.892000198364258,17.700000762939453,17.892000198364258,13,75.21366347180764,0.5098953764259981,0.2295799768070672,0.2803153996189309,21.72044444820709,1.1636806288383883,15.931741081648713,15.714686517471797,1,0.006826476225483762,0.02450752858783911,0.14056224167141473,0.20745042460647078,0.3010196575058172,0.5809375777297001,0.05,255.802,0.7,1.0,2.0
2020-05-20,18.024999618530273,18.040000915527344,17.93000030517578,18.00200080871582,25,75.8460814411718,0.607931397340975,0.30525026091384877,0.30268113642712624,25.045157835871677,1.06396185343436,16.128908674702725,15.804385117128426,1,0.013119571777177192,0.006148033150682464,0.14933286637003285,0.17837273713822555,0.29063558512334003,0.5761958094183053,0.05,255.802,0.68,1.0,2.0
2020-05-21,17.43000030517578,17.43000030517578,17.334999084472656,17.334999084472656,8,65.01392784618876,0.6246041377496532,0.3691210362810097,0.2554831014686435,26.168113058228165,0.8518861056794732,16.243774428014145,15.864409194279181,1,0.004199695522074649,-0.03705153284518403,0.07430586444703735,0.12946309402080725,0.3333569702624701,0.5799674583354789,0.05,255.802,0.68,2.0,1.0
2020-05-22,17.385000228881836,17.690000534057617,17.385000228881836,17.663999557495117,52,67.48095375348376,0.6567938822112396,0.42665560546705567,0.2301382767441839,27.453412962013356,0.8803697782495822,16.37903396415519,15.934981365385688,1,0.027267960146827478,0.01897897262176107,0.03625484264149548,0.15799133953169542,0.332977761725633,0.580985882875207,0.05,255.802,0.66,2.0,1.0
2020-05-26,17.885000228881836,17.885000228881836,17.55500030517578,17.565000534057617,23,65.97342153494648,0.666631578911641,0.4746508001559728,0.19198077875566827,28.12047586294078,0.8206840497606549,16.491983161288754,15.998903685725764,1,0.012053559730629142,-0.005604564420151004,0.0057833158551297,0.15551610336245925,0.3339846537765116,0.5599128586018737,0.05,255.802,0.69,2.0,1.0
2020-05-27,17.68600082397461,17.68600082397461,17.68600082397461,17.68600082397461,103,66.94540182023397,0.6763946797510734,0.5149995760749929,0.16139510367608045,28.576744633558203,0.8119908248302933,16.605699129163597,16.065064357813956,1,0.2063714686435584,0.0068887154134940065,-0.011513490504459156,0.1664688808239818,0.33198740057421694,0.5589899023646718,0.05,255.802,0.68,2.0,1.0
2020-05-28,17.78499984741211,17.924999237060547,17.78499984741211,17.895000457763672,61,68.61315083673725,0.6930079668107076,0.5506012542221359,0.14240671258857174,28.967120217901478,0.8204476260433125,16.728489731887414,16.136826557811986,1,0.26469950097635064,0.011817235330315645,-0.005943803252155377,0.18040901305275692,0.33094731109137676,0.5569024831944908,0.05,255.802,0.7,2.0,1.0
2020-05-29,17.864999771118164,18.440000534057617,17.864999771118164,18.440000534057617,25,72.5083945461916,0.7416023377804706,0.5888014709338029,0.15280086684666772,29.389322364306864,0.8880935285662771,16.89149076066553,16.227147105900052,1,0.18018018018018017,0.03045543796326089,0.0637439577700778,0.23775008905889483,0.32481652273490835,0.5601067818251606,0.05,255.802,0.65,2.0,1.0
2020-06-01,18.78499984741211,18.815000534057617,18.56999969482422,18.76799964904785,22,74.55506993989502,0.7973887135220359,0.6305189194514494,0.16686979407058644,29.675560101620125,0.9065799605722252,17.070205892892417,16.326788382101928,1,0.16326530612244897,0.017787370145919468,0.06250000674871448,0.2627329445617048,0.3219275133771438,0.5609019731179757,0.08,257.042,0.66,2.0,1.0
2020-06-02,18.207000732421875,18.350000381469727,18.207000732421875,18.207000732421875,5,65.56441935938832,0.787256886767949,0.6618665129147494,0.12539037385319962,28.116705897242046,0.7701672020871293,17.1784720680857,16.400522199761532,1,0.06793478260869566,-0.029891247182245007,0.0365499674833174,0.23672059376817045,0.3475626998230031,0.5643852994575409,0.08,257.042,0.68,2.0,1.0
2020-06-03,17.690000534057617,17.92099952697754,17.645000457763672,17.92099952697754,40,61.49313799458948,0.7475323464349373,0.678999679618787,0.06853266681615022,26.419627462077834,0.6899096475781533,17.249188968932543,16.46014876161314,1,0.818833162743091,-0.015708309657781472,0.01328727196961177,0.1902104892266221,0.3567039766104829,0.5647703354639579,0.08,257.042,0.77,2.0,1.0
2020-06-04,17.850000381469727,18.02400016784668,17.850000381469727,18.02400016784668,25,62.39870878004239,0.7161068192754456,0.6864211075501188,0.029685711725326858,24.116464633258655,0.6944462571060165,17.32298051168627,16.521476267739946,1,0.6053268765133172,0.005747483041561807,0.007208701133452067,0.20264226383834716,0.35343170741931496,0.5646924056276552,0.08,257.042,0.82,2.0,1.0
2020-06-05,17.5,17.5049991607666,17.44300079345703,17.44300079345703,12,54.59882718728894,0.6369773898484574,0.6765323640097866,-0.03955497416132914,22.335031911052162,0.5342184875579729,17.334411014712057,16.557614484434733,1,0.2909090909090909,-0.03223476303701456,-0.05406722948620224,0.12087138450073964,0.36646722778892643,0.56846940044073,0.08,257.042,0.91,2.0,1.0
2020-06-08,17.780000686645508,17.885000228881836,17.780000686645508,17.868000030517578,15,58.66876657873862,0.6016254695803092,0.6615509851238911,-0.05992551554358194,20.734879908320735,0.6248540841398553,17.385229016217345,16.60900215290857,1,0.38412291933418696,0.024365029967777563,-0.047953944765548484,0.13519696889094956,0.37180611001052294,0.561619956404649,0.08,257.042,0.88,2.0,2.0
2020-06-09,17.829999923706055,17.829999923706055,17.71500015258789,17.77400016784668,3,57.442242694498184,0.5595734008998363,0.6411554682790802,-0.0815820673792439,18.42357876063358,0.5774341908794965,17.422254840182042,16.654688349572808,1,0.07672634271099744,-0.005260793737987046,-0.023782091896340507,0.13673577207061394,0.3712100028342264,0.5210649358648705,0.08,257.042,0.84,2.0,2.0
2020-06-10,17.775999069213867,17.775999069213867,17.775999069213867,17.775999069213867,0,57.46260789740736,0.520409175109382,0.6170062096451406,-0.09659703453575863,15.638529041610868,0.5535212349461165,17.455944766756502,16.698661318970498,1,0.0,0.00011246209903847948,-0.008091092103729713,0.13316751182381048,0.3717314222338521,0.4486071606151743,0.08,257.042,0.75,2.0,2.0
2020-06-11,18.084999084472656,18.084999084472656,17.829999923706055,17.868999481201172,5,58.4586300850434,0.49121320001773583,0.5918476077196597,-0.10063440770192389,11.773011342966951,0.562368481507727,17.49528331098933,16.744556933175623,1,0.14326647564469916,0.005231796627868324,-0.00859968293398139,0.1408414326339884,0.3706278257876986,0.44437144776292614,0.08,257.042,0.66,2.0,2.0
2020-06-12,17.75,17.75,17.461999893188477,17.461999893188477,13,52.64859543425292,0.4302737857310426,0.5595328433219363,-0.12925905759089373,8.512568205526144,0.2736638810572916,17.49211346167496,16.772691951215343,1,0.39274924471299094,-0.022776853759544524,0.0010892105066331315,0.08217651462290787,0.37422415159498623,0.42659509845189286,0.08,257.042,0.71,2.0,2.0
2020-06-15,17.378999710083008,17.5,17.378999710083008,17.378999710083008,1,51.52396678068364,0.3710047281848361,0.5218272202945163,-0.15082249210968024,7.889785184840813,0.1851558771638739,17.481340723428108,16.7964687260729,1,0.033003300330033,-0.004753188845101564,-0.027367378531418463,0.019535386151950274,0.32297301462100736,0.42430966160670724,0.08,257.042,0.71,2.0,2.0
2020-06-16,17.545000076293945,17.75,17.479999542236328,17.631999969482422,6,54.700424551468245,0.3405232396527502,0.48556642416616314,-0.14504318451341291,7.735657442674743,0.3563738024469872,17.495689223052327,16.829234657186998,1,0.26258205689277897,0.014557814812127923,-0.007989208789428104,0.009619746955221276,0.3154128728331981,0.4235924292200685,0.08,257.042,0.75,2.0,2.0
2020-06-17,17.520000457763672,17.756999969482422,17.520000457763672,17.756999969482422,5,56.226584921140244,0.3227326347953863,0.4529996662920078,-0.1302670314966215,7.739564489334243,0.4519010515777474,17.520575960807573,16.865617610610347,1,0.22271714922049,0.007089382952379264,-0.0010688062964826495,-0.007545284338537961,0.3039650634287294,0.40302629122859285,0.08,257.042,0.74,2.0,2.0
2020-06-18,17.493000030517578,17.4950008392334,17.493000030517578,17.493000030517578,1,52.22473513395284,0.28405643774133793,0.4192110205818738,-0.1351545828405359,7.854630499746391,0.28189638105414194,17.517949681732336,16.890220842763572,1,0.047058823529411764,-0.014867372834294068,-0.021041997962961467,-0.028274678109769025,0.3071886163673594,0.3790308104456781,0.08,257.042,0.71,2.0,2.0
2020-06-19,17.832000732421875,17.832000732421875,17.832000732421875,17.832000732421875,0,56.505621147675825,0.2775602545860423,0.39088086738270755,-0.11332061279666528,7.472950022205012,0.506945524149565,17.54785930560753,16.927153387456055,1,0.0,0.019379220334584613,0.021188915444772638,0.02867041674056936,0.2834792613459486,0.3720074101215264,0.08,257.042,0.7,2.0,2.0
2020-06-22,17.886999130249023,17.886999130249023,17.886999130249023,17.886999130249023,7,57.17604804217438,0.2736949091533063,0.36744367573682735,-0.09374876658352105,7.428496015463128,0.5400810979618367,17.58015833652577,16.96479439697735,1,0.3763440860215054,0.0030842527797316777,0.029230647830167378,0.012624523230317042,0.27608602120006953,0.3704283067529672,0.08,257.042,0.71,2.0,2.0
2020-06-23,18.0049991607666,18.051000595092773,18.0049991607666,18.051000595092773,4,59.195833222007344,0.2806302122444997,0.3500809830383618,-0.06945077079386214,7.355591843947205,0.6467752734782982,17.625000456389294,17.007390718472074,1,0.226628895184136,0.0091687523239381,0.02376364713790613,0.02766866189914574,0.2766220635789832,0.36959914935642946,0.08,257.042,0.72,2.0,2.0
2020-06-24,17.790000915527344,17.815000534057617,17.658000946044922,17.658000946044922,2,52.77256891942147,0.25151538981646837,0.33036786439398313,-0.07885247457751476,7.373861765191454,0.34902123849323125,17.62814336016602,17.032904845043557,1,0.15873015873015872,-0.02177162684015921,-0.005575211105909861,-0.0015831661554449594,0.2877732539309145,0.3669695392114893,0.08,257.042,0.69,2.0,2.0
2020-06-25,17.764999389648438,17.882999420166016,17.7549991607666,17.882999420166016,9,55.73403450065093,0.24378695548147178,0.31305168261148086,-0.06926472713000908,7.372782344167764,0.52035656504519,17.652415365880305,17.066241887205223,1,0.9,0.012742012802501756,0.02229459720848692,-0.0006706363392379178,0.288289045641991,0.3673914896523076,0.08,257.042,0.68,2.0,2.0
2020-06-26,18.02300071716309,18.02300071716309,18.02300071716309,18.02300071716309,41651,57.519056962107754,0.246121910045197,0.2996657280982241,-0.053543818053027104,6.8113630188215355,0.6544665616512656,17.68770920885962,17.10376184132122,1,19.916319992349255,0.007828736875045594,0.010711079906694954,-0.022613872278601788,0.2676433054616711,0.3659020329829006,0.08,257.042,0.64,2.0,2.0
2020-06-29,17.969999313354492,18.149999618530273,17.825000762939453,17.979999542236328,8797,56.76193837473849,0.24171618915315918,0.28807582030921114,-0.04635963115605196,4.936783543840256,0.7094929461677885,17.715546383466926,17.138124104102204,1,3.4770063832730576,-0.0023859054106241118,0.005199330044693085,-0.041986366237570794,0.2582878035005402,0.3551297149247808,0.08,257.042,0.64,2.0,2.0
2020-06-30,18.024999618530273,18.541000366210938,17.940000534057617,18.541000366210938,1718,63.510194534172236,0.2802620155616111,0.2865130593596912,-0.006251043798080058,5.824207009399516,1.202061241368651,17.794161048490164,17.193138859479017,1,0.6568031502083572,0.03120138143812401,0.027145296934474317,0.018344571887356276,0.26080501138511053,0.3581435294374103,0.08,257.042,0.66,2.0,2.0
2020-07-01,18.48500061035156,18.704999923706055,18.079999923706055,18.132999420166016,370,56.592426241555884,0.27472078396850463,0.2841546042814539,-0.00943382031294926,6.009429244426857,0.789194724478968,17.82643136960215,17.229996136368705,1,0.14056682622900996,-0.022005336173147483,0.026899900819604694,0.011829691355626615,0.2671863440383283,0.3515029883112306,0.09,258.352,0.69,2.0,2.0
2020-07-02,18.21500015258789,18.243999481201172,17.94499969482422,18.243999481201172,135,57.934856324679735,0.2761033477434509,0.28254435297385333,-0.006441005230402419,6.280678166108814,0.865811244689187,17.86619976118301,17.269760973420958,1,0.05118095310308223,0.006121439617524649,0.02018677362523813,0.012205909415544225,0.2672844924277974,0.3497094072997905,0.09,258.352,0.68,2.0,2.0
2020-07-06,18.225000381469727,18.645000457763672,18.209999084472656,18.503999710083008,434,60.978964946773246,0.2947808350819905,0.2849916493954808,0.009789185686509716,6.722662112495341,1.0128468927380463,17.9269426134592,17.318162492505746,1,0.1632315330224161,0.014251273639299455,0.026688063795162975,0.06082662777977754,0.24008946801234768,0.3477451099208365,0.09,258.352,0.69,2.0,2.0
2020-07-07,18.219999313354492,18.628000259399418,18.219999313354492,18.628000259399418,263,62.37733429065424,0.31594665006384304,0.29118264952915324,0.0247640005346898,7.611451267001917,1.015034420478868,17.99371000831065,17.36952867944275,1,0.09845762204252771,0.006701283574320538,0.03604008529816083,0.04253415198028887,0.2273985884942264,0.3311231464358262,0.09,258.352,0.65,2.0,2.0
2020-07-08,18.655000686645508,19.1299991607666,18.655000686645508,19.08099937438965,249,67.02623317042108,0.3650657034526752,0.3059592603138576,0.05910644313881758,9.372843810869645,1.1466175536559382,18.09726137650865,17.436645177283808,1,0.09278926774734489,0.024318182772284036,0.02912458861512146,0.07353433071905457,0.2383480390705549,0.3256576494056139,0.09,258.352,0.67,2.0,2.0
2020-07-09,19.094999313354492,19.364999771118164,18.834999084472656,18.881999969482425,374,63.32444924827854,0.3835144029703841,0.32147028884516293,0.06204411412522115,10.207638484023658,0.9538655712921323,18.171998385363295,17.493325757370027,1,0.1384057434682851,-0.010429191941294103,0.04130593797314264,0.06221877577525503,0.2432903404259435,0.3189878226953512,0.09,258.352,0.62,2.0,2.0
2020-07-10,19.030000686645508,19.030000686645508,18.982999801635746,18.982999801635746,62,64.39913228274497,0.40165494443984784,0.33750721996409994,0.0641477244757479,11.077634116043836,0.9395245680454676,18.24923661548448,17.55174434734123,1,0.022920093898449196,0.005349000758211986,0.040506486595554225,0.06234262425305581,0.243304675884529,0.3065596481031358,0.09,258.352,0.65,2.0,2.0
2020-07-13,19.155000686645508,19.708999633789062,19.155000686645508,19.708999633789062,58,70.98146441612599,0.4692048715812618,0.36384675028753233,0.10535812129372946,12.944196951395979,1.134104245522447,18.388261664846823,17.636342593868598,1,0.021423558526945663,0.038244736856118955,0.06512105180424532,0.12867940409718415,0.2520862250950636,0.31433752381858776,0.09,258.352,0.64,2.0,2.0
2020-07-14,19.3700008392334,19.46500015258789,19.2549991607666,19.451000213623047,59,66.29074957851414,0.49620038928187427,0.3903174780864007,0.10588291119547355,13.43144885096411,0.9606720580853828,18.489474859968368,17.70750563778054,1,0.021769611098811897,-0.013090437107914021,0.0441808000194952,0.11922438219145026,0.2585593200604438,0.31200711523362845,0.09,258.352,0.63,2.0,2.0
2020-07-15,19.600000381469727,19.71500015258789,19.48500061035156,19.684999465942383,42,68.33464584149114,0.530362625394357,0.418326507547992,0.11203611784636497,14.367753298065091,0.9778814190204526,18.603334346251607,17.785054415355514,1,0.015486725663716814,0.01203019123692406,0.03165453128012885,0.11643599705157137,0.2575803618358655,0.31052326545962483,0.09,258.352,0.64,2.0,2.0
2020-07-16,19.790000915527344,19.795000076293945,19.496999740600582,19.496999740600582,12,64.92843059802135,0.5360867624877628,0.44187855853594615,0.09420820395181662,14.75686562901441,0.8624010237072948,18.688445336189606,17.852189526149438,1,0.0044242077902925505,-0.009550405407278029,0.03257069018706371,0.09798951253638366,0.2629769654360914,0.29208287444666914,0.09,258.352,0.62,2.0,2.0
2020-07-17,19.350000381469727,19.709999084472656,19.350000381469727,19.684999465942383,31,66.7151737170779,0.549459363514277,0.4633947195316124,0.08606464398266467,14.762646222808506,0.8886526731517147,18.78335525330892,17.92406442574916,1,0.011422886305433241,0.009642495145050889,0.03698043890018621,0.12530723327049276,0.25289312706082295,0.2872572962005563,0.09,258.352,0.64,2.0,2.0
2020-07-20,20.200000762939453,20.274999618530273,20.12299919128418,20.124000549316406,10,70.4951832888335,0.5886948568553194,0.48845474699635383,0.10024010985896559,15.717350880700343,0.9729990404692943,18.911035757690584,18.010336430594936,1,0.00368412327076464,0.02230130024303789,0.021056417029703844,0.12853295888033767,0.255083036084231,0.2895728733137552,0.09,258.352,0.62,2.0,2.0
2020-07-21,20.28499984741211,21.565000534057617,20.274999618530273,21.496999740600582,385,78.65842212733337,0.7222531434573796,0.535214426288559,0.1870387171688206,19.567567203450988,1.1985472288722774,19.157318041777252,18.14706832510496,1,0.14085795298637155,0.06822695059660067,0.10518736849041632,0.20182259662810753,0.3316622382780993,0.3148704085821964,0.09,258.352,0.61,2.0,2.0
2020-07-22,22.649999618530273,23.30500030517578,21.895000457763672,23.08300018310547,792,84.12299170408441,0.9451805754570195,0.6172076561222511,0.32797291933476835,26.611388094935982,1.268566887005749,19.531192531427557,18.340634280320668,1,0.2856473049248913,0.07377775790309316,0.17261878635262695,0.27876568733705875,0.3980137036035032,0.3415993736792887,0.09,258.352,0.6,2.0,2.0
2020-07-23,23.06999969482422,23.325000762939453,22.665000915527344,22.94499969482422,200,82.151890165657,1.0980589453322303,0.713377913964247,0.38468103136798326,30.239679676528517,1.0986619510955404,19.85631702317962,18.521197629909043,1,0.07187651614526243,-0.005978446787097136,0.17684772016709394,0.2994109449271205,0.38349963322775643,0.3420797126686913,0.09,258.352,0.59,2.0,2.0
2020-07-24,23.065000534057617,23.06999969482422,22.808000564575195,22.808000564575195,189,80.14423804341979,1.194393248145282,0.809580980800454,0.3848122673448279,32.456577988964256,0.9907717927667559,20.13742974140777,18.689307548915558,1,0.06770432197166448,-0.005970761912013733,0.15864877741226313,0.2754012919586315,0.3894474811478575,0.342804117574006,0.09,258.352,0.59,2.0,2.0
2020-07-27,24.325000762939453,24.709999084472656,24.19499969482422,24.47599983215332,599,84.96265849773906,1.3893172930831597,0.9255282432569952,0.4637890498261644,37.21309427889153,1.1019274785776656,20.55062689290735,18.916236658062136,1,0.8106096488260369,0.07313220038098467,0.21625915146303987,0.35804243789687673,0.44052956243675523,0.3630769631758503,0.09,258.352,0.62,2.0,2.0
2020-07-28,26.020000457763672,26.020000457763672,23.94499969482422,24.266000747680664,124,82.25625046240262,1.5094508224858636,1.042312759102769,0.4671380633830946,39.730832234519355,0.990088479854504,20.90447202193338,19.126031328243254,1,0.4061578774975434,-0.00857979595982783,0.12880871937912208,0.3496107544762759,0.44438464521944776,0.36408571115745053,0.09,258.352,0.59,2.0,2.0
2020-07-29,24.209999084472656,24.292999267578125,24.209999084472656,24.292999267578125,304,82.33416287294857,1.5885245428645796,1.1515551158551312,0.4369694270094484,41.754601820167316,0.9295244938418558,21.227188902470974,19.328657521942663,1,1.2958226768968457,0.0011126069012439288,0.05241948944566821,0.3102313137240218,0.4429082013056232,0.3625254472548681,0.09,258.352,0.58,2.0,2.0
2020-07-30,24.260000228881836,24.260000228881836,23.114999771118164,23.34000015258789,183,70.55704896515493,1.5563513226735886,1.2325143572188226,0.3238369654547659,41.25114644920285,0.7883284594278877,21.428409021529728,19.485965076085613,1,0.8124306326304107,-0.03922937240039048,0.01721509971746804,0.28715606347128,0.46583389014245163,0.3745434845278648,0.09,258.352,0.55,2.0,2.0
2020-07-31,23.59000015258789,24.385000228881836,23.565000534057617,24.18899917602539,220,74.11000723870379,1.5811346041922008,1.3022384066134984,0.2788961975787023,41.21352221956879,0.8478162789203978,21.691322369576934,19.67039778588717,1,0.9586056644880174,0.036375279258229254,0.06054886782119451,0.3258605494343505,0.47216255503136645,0.3781613007503023,0.09,258.352,0.55,2.0,2.0
2020-08-03,24.38999938964844,24.38999938964844,24.38999938964844,24.38999938964844,51,74.8827843950078,1.598567282204435,1.3615041817316857,0.23706310047274926,41.00788901024748,0.8341579247557057,21.94833922863136,19.855480201720948,1,0.2424530544330877,0.0083095713121637,-0.0035136641238207034,0.3180933728807884,0.47261508984983674,0.3730749079836192,0.1,259.316,0.56,2.0,2.0
2020-08-04,25.899999618530273,26.21500015258789,25.774999618530273,26.011999130249023,109,80.05612275167263,1.7233983650003424,1.4338830183854172,0.2895153466149252,42.369228812528206,0.9534616906729666,22.335354457356853,20.096912316565188,1,0.537873180360227,0.06650265605537453,0.07195245729707822,0.3963924612425185,0.504388637859168,0.3908282999016095,0.1,259.316,0.52,2.0,2.0
2020-08-05,26.024999618530273,27.059999465942383,26.024999618530273,26.87700080871582,30,82.16574725254725,1.8705636108862222,1.5212191368855783,0.34934447400064395,44.458308345645335,0.972695470231857,22.767892205105326,20.362798139786783,1,0.1564945226917058,0.0332539484618426,0.10636815621965412,0.4085740626767116,0.5069989403416477,0.3926904882406163,0.1,259.316,0.55,1.0,2.0
2020-08-06,27.684999465942383,28.850000381469727,27.53499984741211,28.386999130249023,79,85.12394692744147,2.0850027595414957,1.6339758614167619,0.45102689812473384,47.38634225248422,1.0304561493978939,23.303045245595204,20.67747268843236,1,0.44645380050861827,0.056181801395174036,0.21623817243640997,0.5033894278216726,0.5126436149912624,0.40344673096926525,0.1,259.316,0.55,0.0,2.0
2020-08-07,29.530000686645508,29.530000686645508,27.524999618530273,27.53300094604492,37,77.31321933359591,2.1611247130580757,1.7394056317450248,0.4217190813130509,47.48901644233603,0.9027624338930349,23.705898169447558,20.946316933828932,1,0.21058622652248152,-0.030084130424835598,0.13824473454585462,0.45040305714339346,0.5416185380225376,0.4112597967569925,0.1,259.316,0.57,0.0,2.0
2020-08-10,28.200000762939453,29.249000549316406,28.114999771118164,29.249000549316406,8,81.0715841024054,2.3330250756120066,1.8581295205184212,0.4748955550935854,49.743169974536414,0.9823254638354042,24.23381268181602,21.2719123697304,1,0.046189376443418015,0.062325193197583006,0.1992210447422238,0.4840428785219515,0.5581163504813392,0.4224140269214726,0.1,259.316,0.59,0.0,2.0
2020-08-11,28.959999084472656,28.959999084472656,24.5,26.03700065612793,27,60.77601271399559,2.1848897547875197,1.923481567372241,0.2614081874152787,47.12416581799961,0.6879392638015874,24.405544869845723,21.45877857704011,1,0.15734265734265734,-0.10981571448134642,0.0009611535720002173,0.33859443577056747,0.7318601287253949,0.48557756020427956,0.1,259.316,0.64,0.0,2.0
2020-08-12,25.2450008392334,25.954999923706055,25.2450008392334,25.954999923706055,6,60.36056838313857,2.0373889207314058,1.946263038044074,0.0911258826873318,44.148833482852204,0.6610409304392502,24.553112017832422,21.635100982791716,1,0.03533568904593639,-0.0031493924167711462,-0.03430445575277041,0.3185166689291301,0.7345395827263705,0.48468466418137185,0.1,259.316,0.69,0.0,2.0
2020-08-13,26.385000228881836,27.694000244140625,26.3799991607666,27.694000244140625,30,65.713272980303,2.037331154132577,1.9644766612617746,0.07285449287080237,41.26808873192477,0.8001195274080504,24.852244229861775,21.872704875393634,1,0.1757469244288225,0.06700059046604934,-0.024412544733195984,0.4204236863413706,0.750419813422289,0.4979645319774636,0.1,259.316,0.71,0.0,2.0
2020-08-14,27.225000381469727,27.684999465942383,25.905000686645508,26.065000534057617,17,57.83481477930852,1.8841197515299193,1.9484052793154036,-0.06428552778548435,36.66289620014398,0.620636994514976,24.967744830261378,22.037108626713792,1,0.1,-0.05882139437142764,-0.05331784990906263,0.3241047112626785,0.8000418289932757,0.5170490344638741,0.1,259.316,0.71,0.0,2.0
2020-08-17,26.73500061035156,27.64299964904785,26.56999969482422,27.64299964904785,15,62.5222192934776,1.8684911489597624,1.9324224532442755,-0.0639313042845131,32.67144586659756,0.7785774516162087,25.222531003479137,22.256947490334735,1,0.0881057268722467,0.06054092010964496,-0.05490788984603745,0.37363341753570256,0.8153960706591571,0.5198634320445629,0.1,259.316,0.69,0.0,2.0
2020-08-18,27.295000076293945,28.260000228881836,27.295000076293945,28.048999786376953,13,63.64212391089033,1.8673406462320798,1.9194060918418365,-0.05206544560975668,30.40591844845651,0.8055599268409428,25.491718506612262,22.48408679606188,1,0.08572370590174744,0.01468726775254603,0.07727461226512244,0.3047867202324914,0.7936073595532249,0.5195530318136847,0.1,259.316,0.67,0.0,2.0
2020-08-19,27.46500015258789,27.815000534057617,27.315000534057617,27.315000534057617,10,60.1430985593488,1.7866063730127557,1.8928461480760204,-0.10623977506326465,29.183600843324957,0.690536039738517,25.66536441398801,22.67353439363034,1,0.08884940026654821,-0.026168464398357294,0.052398405484463284,0.18333840130753742,0.7746466963712011,0.5235918190468933,0.1,259.316,0.68,0.0,2.0
2020-08-20,27.121999740600582,27.121999740600582,27.121999740600582,27.121999740600582,0,59.2211066641613,1.6875967637701308,1.8517962712148426,-0.1641995074447118,27.296094672288675,0.6456422146744234,25.80409158795111,22.847984015080154,1,0.0,-0.007065743718964734,-0.020654311348937915,0.18204402272093234,0.7749264710929371,0.5244285218461094,0.1,259.316,0.65,0.0,2.0
2020-08-21,27.475000381469727,27.475000381469727,26.707000732421875,26.707000732421875,23,57.19089713806469,1.5576879266595682,1.7929746023037878,-0.23528667564421957,24.603819048686386,0.5660468887177834,25.890082935043562,22.999318003995516,1,0.2440318302387268,-0.015301195050063776,0.02463073797084303,0.17094879302583443,0.7779600070518612,0.5263578366425622,0.1,259.316,0.64,0.0,2.0
2020-08-24,26.780000686645508,26.780000686645508,26.58799934387207,26.58799934387207,3,56.59178599653666,1.42866308109992,1.7201122980630144,-0.29144921696309445,23.699058692393436,0.5323756933448383,25.9565511644558,23.140050605559303,1,0.04654771140418929,-0.004455812531780845,-0.03816518896537768,0.08628858989222099,0.7425534224338046,0.5245700381194771,0.1,259.316,0.65,0.0,2.0
2020-08-25,26.78499984741211,26.78499984741211,26.253999710083008,26.253999710083008,27,54.854887416904575,1.2846503329534897,1.6330199050411096,-0.34836957208761987,22.453168338308835,0.4611633584648361,25.984879597372675,23.262166256717094,1,0.45302013422818793,-0.01256204460776933,-0.06399515454970894,0.08192528233530028,0.7436070692024858,0.5253956114623538,0.1,259.316,0.69,0.0,2.0
2020-08-26,26.9950008392334,27.43000030517578,26.954999923706055,27.43000030517578,13,59.56105231078026,1.25099195571849,1.5566143151765859,-0.3056223594580958,21.180024248224914,0.6396839698937571,26.12251014097297,23.425610729205673,1,0.2885682574916759,0.04479319753481681,0.004210132486535345,0.1291318952857483,0.7567905783467872,0.5257111311097117,0.1,259.316,0.69,0.0,2.0
2020-08-27,26.809999465942383,27.165000915527344,26.809999465942383,27.010000228881836,131415,57.26504881042721,1.1768608340696929,1.4806636189552074,-0.3038027848855145,17.75661920289725,0.5387759550644581,26.2070330064881,23.56617502331062,1,19.89132162291025,-0.015311705126547004,-0.004129471012090824,0.1572407905870139,0.7418127297612841,0.5256375962824371,0.1,259.316,0.74,0.0,2.0
2020-08-28,27.1200008392334,27.81999969482422,26.88999938964844,27.61000061035156,9048,59.65758708663802,1.1532326542732605,1.4151774260188181,-0.26194477174555764,15.341451291714204,0.6481663574642736,26.34064896876081,23.724756418880855,1,1.283759337689148,0.022214008751771264,0.033811354819542006,0.14142798589686367,0.7364077376307164,0.5265444890388159,0.1,259.316,0.74,0.0,2.0
2020-08-31,27.725000381469727,28.48500061035156,27.719999313354492,28.437000274658203,657,62.752913671845015,1.1875497783173472,1.369651896478524,-0.18210211816117683,13.114815984975758,0.8471487206216636,26.540301474084373,23.909550295578008,1,0.09281824153934179,0.029952902789744495,0.06954268754381787,0.16592869972466606,0.74088825572261,0.5218489267879086,0.1,259.316,0.72,0.0,2.0
2020-09-01,28.350000381469727,29.049999237060547,27.86000061035156,28.486000061035156,494,62.934377239787324,1.204811898025067,1.3366838967878327,-0.13187199876276567,13.031962018246066,0.8267947051828651,26.725606101413018,24.08901891383123,1,0.0696009918845807,0.0017230996906738572,0.08501563097431353,0.09510998821728966,0.7100202263732809,0.5209448516505293,0.09,259.997,0.68,0.0,2.0
2020-09-02,28.165000915527344,28.270000457763672,27.225000381469727,27.249000549316406,490,55.57356975011604,1.1059282769407304,1.2905327728184124,-0.18460449587768202,12.94069540347331,0.473997563171049,26.775453191689532,24.21293976228163,1,0.068814425750639,-0.04342482303827522,-0.0065986056815764416,0.0138408203820104,0.7220981293158789,0.5311986522695382,0.09,259.997,0.66,0.0,2.0
2020-09-03,27.55500030517578,27.55500030517578,26.489999771118164,26.73500061035156,487,52.80962820967143,0.9748493390576201,1.227396086066254,-0.252546747008634,12.616760493195182,0.3478103228217183,26.77160056489544,24.311844109264765,1,0.06819773141016665,-0.01886307492396233,-0.010181400081449077,-0.05819560258263101,0.6959524490065883,0.53372283104916,0.09,259.997,0.63,0.0,2.0
2020-09-04,26.799999237060547,26.950000762939453,26.395000457763672,26.576000213623047,614,51.94891812779215,0.8483589789935628,1.151588664651716,-0.3032296856581531,12.785340146843135,0.3176036103366216,26.752971960012356,24.400634544729797,1,0.0856363801195283,-0.005947274849395279,-0.037450212744321476,-0.034758315459228695,0.6884769663044144,0.5343562864869246,0.09,259.997,0.72,0.0,2.0
2020-09-08,26.920000076293945,27.06999969482422,26.0049991607666,26.86400032043457,545,53.429504550978834,0.7625633039426596,1.0737835925099046,-0.31122028856724504,10.854638437203441,0.4227045379409708,26.763546089576376,24.4972371241692,1,0.07572915363986271,0.010836849205919652,-0.05531525614624766,-0.08154125556736591,0.6504544837269103,0.5308227957771795,0.09,259.997,0.69,0.0,2.0
2020-09-09,26.579999923706055,27.145000457763672,26.579999923706055,26.954999923706055,238,53.91272263444128,0.6939135177228088,0.9978095775524856,-0.3038960598296767,10.251536300128093,0.43450698928357556,26.781779788064917,24.593619979053,1,0.03302230393007041,0.0033874181873898568,-0.05374570434770498,0.0352574891287285,0.4977634140837643,0.5303021845183686,0.09,259.997,0.71,0.0,2.0
2020-09-10,27.163000106811523,27.163000106811523,27.163000106811523,27.163000106811523,66,55.06053041445024,0.6488128335222498,0.9280102287464385,-0.2791973952241886,9.419699266598275,0.4864945419346438,26.818086485088404,24.694379984063136,1,0.00915363544953365,0.007716571459625232,-0.003156095297852657,0.04654209927398756,0.49783931026711553,0.5300944555198706,0.09,259.997,0.68,0.0,2.0
2020-09-11,27.09000015258789,27.094999313354492,26.73900032043457,26.73900032043457,198,52.20624640681223,0.572260316406016,0.856860246278354,-0.28459992987233795,9.389164744295462,0.3388283159450779,26.810554469407087,24.774561173724763,1,0.027428951396729306,-0.01560946083678838,0.00014960575992883918,-0.03448400069643642,0.44260747403775036,0.5321745409504607,0.09,259.997,0.67,0.0,2.0
2020-09-14,26.90999984741211,27.350000381469727,26.90999984741211,27.229000091552734,147,55.10285892617208,0.544850088824024,0.794458214787488,-0.24960812596346404,8.625359170605819,0.5089270525353321,26.850406433420957,24.870813680306252,1,0.020345598361279697,0.018325283864247366,0.02457103675047967,0.044657568910239975,0.38869387849905096,0.5307074873117211,0.09,259.997,0.68,0.0,2.0
2020-09-15,27.524999618530273,27.545000076293945,27.170000076293945,27.34600067138672,80,55.79182630176996,0.5264991010605122,0.7408663920420929,-0.2143672909815807,8.519952943474708,0.5659518767603152,26.897605884655793,24.96787983681921,1,0.011067456145205025,0.004296910626192307,0.017942240366394913,-0.010744093674051158,0.32663623880404163,0.5301685313423462,0.09,259.997,0.68,0.0,2.0
2020-09-16,27.31999969482422,27.48500061035156,27.100000381469727,27.354999542236328,233,55.84794603144422,0.5068394154325375,0.6940609967201818,-0.18722158128764432,8.053214375338074,0.5898433775205184,26.941167185377747,25.06149237428655,1,0.032184987706163494,0.000329074476291602,0.014839533283711459,-0.024742423951876202,0.3217672853426553,0.5302881542964683,0.09,259.997,0.69,0.0,2.0
2020-09-17,27.23500061035156,27.23500061035156,26.520000457763672,26.98500061035156,343,52.87581983678888,0.45614499576816314,0.6464777965297781,-0.19033280076161496,8.058221047606366,0.42821768060273285,26.945341797280015,25.136924069818512,1,0.04727089807815547,-0.013525824824580535,-0.0065530131340436615,-0.012081270995934923,0.3114260626666641,0.531959316283362,0.09,259.997,0.69,0.0,2.0
2020-09-18,27.28499984741211,27.309999465942383,27.027999877929688,27.027999877929688,160,53.18761265045452,0.41465905303714123,0.6001140478312508,-0.18545499479410954,8.067803589095146,0.4500771343400087,26.953213995437128,25.211083905430716,1,0.022026280105450817,0.0015934506802135484,0.010808166125577223,-0.003465816074401773,0.31055261718243515,0.528707017186348,0.09,259.997,0.7,0.0,2.0
2020-09-21,26.329999923706055,26.329999923706055,24.075000762939453,24.298999786376953,148,36.625045769050885,0.15973234925749225,0.5120377081164991,-0.3523053588590068,12.196672007731529,-0.32481522761934484,26.70043168981235,25.17531590076194,1,0.020356794080024207,-0.10096936894620756,-0.10760587224371698,-0.09016366046381419,0.4874791600004975,0.5774455782435167,0.09,259.997,0.68,1.0,2.0
2020-09-22,24.459999084472656,24.56999969482422,24.15999984741211,24.441999435424805,156,37.71946963418872,-0.030409481976391817,0.40354827009792094,-0.43395775207431275,14.785783237274536,-0.12018792976892094,26.485342903680205,25.14655839231735,1,0.021434607272652326,0.005885001452941463,-0.10619473285541503,-0.08071310220420436,0.4889297584291654,0.5774207410787059,0.09,259.997,0.68,1.0,2.0
2020-09-23,24.0,24.0,23.0,23.013999938964844,85,31.81159688285426,-0.292948945116823,0.26424882705497216,-0.5571977721717951,19.501159741441818,-0.21578493350933653,26.154738811802552,25.062928649048622,1,0.011674461086274266,-0.05842400496868938,-0.15869126945401513,-0.12340975877568183,0.5274380549072158,0.5925698510457266,0.09,259.997,0.68,2.0,2.0
2020-09-24,22.0,23.25,21.959999084472656,23.118000030517575,43,32.63908898561856,-0.4870075035774377,0.11399756092849019,-0.6010050645059279,22.81138770409417,-0.06408147351594658,25.865525594537317,24.986656938517992,1,0.00590468736053609,0.004518992431934876,-0.14330185259846118,-0.1572001540898479,0.49507756971197664,0.5899714151325577,0.09,259.997,0.67,2.0,2.0
2020-09-25,22.75,23.017000198364254,22.729999542236328,23.017000198364254,21,32.230030256430624,-0.641554708314338,-0.037112892920075455,-0.6044418153942626,25.670882982270914,0.009545244738080756,25.594237461568454,24.90941549772765,1,0.02946748053041465,-0.004368882776191407,-0.14840164635492337,-0.14783413538248924,0.4945949388948705,0.5877493557405967,0.09,259.997,0.66,2.0,2.0
2020-09-28,22.739999771118164,23.527999877929688,22.69499969482422,23.527999877929688,348,36.56196604598991,-0.7145640286606572,-0.1726031200681918,-0.5419609085924654,27.06650961241789,0.13231783313301176,25.397452929793335,24.855242336166945,1,1.2533765532144787,0.02220096776997682,-0.03172969732192521,-0.14784500696068237,0.4945846879054589,0.5888916215788956,0.09,259.997,0.67,1.0,2.0
2020-09-29,23.7450008392334,24.440000534057617,23.649999618530273,24.3799991607666,397,43.09342836624557,-0.6956561285500058,-0.2772137217645546,-0.4184424067854512,26.594059000246524,0.27585396154213676,25.30055257083841,24.836605348896345,1,1.5000944643869263,0.03621214243698323,-0.002536628593827084,-0.14266628247378899,0.5011042561292678,0.5920593400135967,0.09,259.997,0.66,1.0,2.0
2020-09-30,24.36000061035156,24.36000061035156,23.354999542236328,23.433000564575195,72,38.365253090871406,-0.7484585890876971,-0.3714626952291831,-0.376995893858514,26.486863864990596,0.1706205341594049,25.122690475003818,24.781562024021007,1,0.29562718127694515,-0.038843257948727006,0.018206336435282022,-0.17738536423622897,0.512162633623169,0.5989263914318463,0.09,259.997,0.69,2.0,2.0
2020-10-01,23.395000457763672,24.19300079345703,23.395000457763672,24.19300079345703,214,43.70366089187332,-0.7206717967310681,-0.4413045155295601,-0.27936728120150794,26.46925841265509,0.3035587277113781,25.03414860057079,24.75848119144987,1,0.9314472252448314,0.03243290276836186,0.046500595272963574,-0.11215089339986972,0.5153475513755342,0.6002800373554191,0.09,260.319,0.68,1.0,2.0
2020-10-02,23.73500061035156,24.149999618530273,23.579999923706055,23.97100067138672,101,42.54447399950385,-0.7083981452580517,-0.4947232414752584,-0.21367490378279325,26.739277288222045,0.29213629870966995,24.932896416838975,24.727599602427787,1,0.4799239724400095,-0.009176212738783218,0.041447645861786286,-0.1033850711001908,0.5132118794842233,0.6001556126978462,0.09,260.319,0.7,2.0,2.0
2020-10-05,23.834999084472656,24.545000076293945,23.78499984741211,24.50200080871582,206,46.21891522678381,-0.6483501379038472,-0.5254486207609762,-0.12290151714287101,26.64597760285128,0.38478365402442033,24.891858739874866,24.71875259090967,1,1.0839252828203103,0.022151771826652844,0.04139752362459803,-0.07804031412688206,0.5223033395415615,0.601276034909772,0.09,260.319,0.78,1.0,2.0
2020-10-06,24.469999313354492,24.469999313354492,23.8700008392334,23.8700008392334,17,42.71728524365446,-0.6443313247171965,-0.5492251615522203,-0.09510616316497611,26.571905464211305,0.3115420138701327,24.794538939813773,24.68546820849099,1,0.10388023220287199,-0.02579381065311237,-0.020918717764105366,-0.11145024737524789,0.5248199388612655,0.6003814608987941,0.09,260.319,0.76,2.0,2.0
2020-10-07,23.4950008392334,23.90999984741211,23.454999923706055,23.847999572753903,6,42.59629853187454,-0.6355949615725471,-0.5664991215562857,-0.06909584001626146,26.20903050075939,0.32811773524059623,24.70439233342712,24.652626301207185,1,0.03946070371588293,-0.0009217120111422172,0.017710024247004963,-0.11526619772755575,0.5240312731489982,0.5994789685000328,0.09,260.319,0.81,1.0,2.0
2020-10-08,24.06999969482422,24.174999237060547,23.836999893188477,23.836999893188477,19,42.531440889043225,-0.6223844525034963,-0.5776761877457278,-0.04470826475776846,25.3651273189746,0.3458897730103716,24.621783529594868,24.620640951873117,1,0.12692050768203073,-0.00046124118427082195,-0.01471503693600651,-0.12244598168627929,0.5219773127837793,0.5992616604521321,0.09,260.319,0.78,1.0,2.0
2020-10-09,24.31999969482422,25.23500061035156,24.31999969482422,25.069000244140625,123,51.44825344419667,-0.5066624079716959,-0.5634734317909215,0.05681102381922554,24.453011975200106,0.5571989539794597,24.664375597646846,24.63822366921694,1,0.8427543679342241,0.051684371207477264,0.045805329022603036,-0.06245559131908507,0.5580453029594491,0.6063637214329932,0.09,260.319,0.79,1.0,2.0
2020-10-12,25.28499984741211,25.459999084472656,25.22599983215332,25.22599983215332,64,52.460545634302484,-0.39769887423241457,-0.5303185202792201,0.13261964604680554,22.818006381592348,0.607315276201301,24.717863619980797,24.66127371482229,1,0.45133991537376583,0.006262698411732215,0.029548567445151663,-0.07356128585936605,0.5535741890798676,0.6062749501148298,0.09,260.319,0.79,0.0,2.0
2020-10-13,25.09000015258789,25.11000061035156,24.086000442504883,24.086000442504883,70,45.10643262598164,-0.39873652561396256,-0.5040021213461686,0.10526559573220606,20.621198258520472,0.42584199662463584,24.6576861745069,24.63871397865298,1,0.49539985845718326,-0.045191445224517235,0.009048998562097399,-0.1192130530550638,0.5724946447738405,0.6137632226688173,0.09,260.319,0.74,0.0,2.0
2020-10-14,24.36400032043457,24.36400032043457,24.36400032043457,24.36400032043457,46,47.055569972966396,-0.37282886591435727,-0.47776747025980637,0.1049386043454491,17.638226142003667,0.5124768917245215,24.629716093166678,24.627940894016966,1,0.3486169003410383,0.011541969310898903,0.02163706629172335,-0.10934013057407044,0.5755776986160956,0.5998715344804072,0.09,260.319,0.73,0.0,2.0
2020-10-15,24.19300079345703,24.19300079345703,24.19300079345703,24.19300079345703,16,45.974210096668756,-0.3619230678355052,-0.45459858977494616,0.09267552193944095,14.54703745921672,0.5062854656297413,24.588124159860996,24.610884419485206,-1,0.1384083044982699,-0.007018532454792226,0.014934803115482786,-0.10346487877504462,0.5748643549096113,0.5825583489816778,0.09,260.319,0.74,0.0,2.0
2020-10-16,24.229999542236328,24.368999481201172,24.229999542236328,24.368999481201172,204,47.31615860068624,-0.3352143783772057,-0.4307217474953981,0.09550736911819241,9.828272614535999,0.6401258019821344,24.567255142845774,24.60139873563093,-1,1.7317487266553482,0.007274777083119854,-0.027922962867378942,-0.09837947346225129,0.5761339977970598,0.5825324080200615,0.09,260.319,0.76,0.0,2.0
2020-10-19,24.7549991607666,24.815000534057617,24.656999588012695,24.656999588012695,22,49.525557622425666,-0.28749429260722437,-0.40207625651776335,0.11458196391053899,10.03585587880442,0.7490045819853861,24.575802232861673,24.60357916121453,-1,0.19730941704035873,0.01181829836853554,-0.02255610274821973,0.01473310855521115,0.4364313120964753,0.5827572066823861,0.09,260.319,0.78,1.0,2.0
2020-10-20,24.937000274658203,24.937000274658203,24.937000274658203,24.937000274658203,24,51.64859178145069,-0.22449423567489646,-0.36655985234919,0.14206561667429352,10.440159233757614,0.8406452082439725,24.610202046366105,24.616654498996635,-1,0.22878932316491896,0.011355829635558479,0.03533172035700671,0.020252060006022754,0.4377008466544308,0.5650488830346322,0.09,260.319,0.81,0.0,2.0
2020-10-21,24.790000915527344,25.295000076293945,24.790000915527344,25.19700050354004,16,53.60023553302484,-0.15183611884360815,-0.3236151056480736,0.17177898680446546,10.307481062037184,0.9039740611258816,24.666087613716,24.639413165841475,1,0.15771315919172005,0.01042628327457873,0.03418979527786381,0.09485533024961779,0.3738487060134988,0.5651075165882163,0.09,260.319,0.83,0.0,2.0
2020-10-22,24.665000915527344,24.665000915527344,24.665000915527344,24.665000915527344,0,49.222242529281154,-0.1356186312663361,-0.2860158107717261,0.15039717950539,9.56067475263519,0.6715016290536655,24.665984118650414,24.640416607005626,1,0.0,-0.021113607865267614,0.019509779960738216,0.06691759161552069,0.3849633379562339,0.5668956761087882,0.09,260.319,0.87,1.0,2.0
2020-10-23,24.62700080871582,24.62700080871582,24.62700080871582,24.62700080871582,0,48.91491049330742,-0.12439845856521714,-0.2536923403304243,0.12929388176520717,8.349400598071323,0.6374408329444715,24.662271422466166,24.639890497268773,1,0.0,-0.0015406489114542232,0.010587276170844762,0.06994832499788495,0.38435010648893503,0.5606706918546465,0.09,260.319,0.85,1.0,2.0
2020-10-26,24.375999450683594,24.375999450683594,24.375999450683594,24.375999450683594,0,46.83477872356086,-0.13421297907186513,-0.22979646807871248,0.09558348900684735,7.743631529401437,0.4925869610335961,24.63500742515354,24.62954182877524,1,0.0,-0.010192120428379359,-0.011396363792199327,0.036042144557700606,0.3806862086142907,0.5563705725221315,0.09,260.319,0.81,1.0,2.0
2020-10-27,24.3700008392334,24.525999069213867,24.31999969482422,24.525999069213867,2,48.25106093705365,-0.128407144041077,-0.2095186032711854,0.0811114592301084,7.756343716017472,0.5680104686681615,24.624625676968808,24.625481328400284,-1,0.03273322422258593,0.00615357818799378,-0.016481581622389774,0.005988511627277537,0.3597863966457682,0.5562539807763692,0.09,260.319,0.79,1.0,2.0
2020-10-28,23.323999404907227,23.323999404907227,23.323999404907227,23.323999404907227,182,39.23199699921115,-0.21828109672186002,-0.21127110196132035,-0.007009994760539678,7.9477157597765915,-0.050837500275127415,24.50075650820104,24.574442821596634,-1,2.732732732732733,-0.04900920288362254,-0.07433428825663857,-0.004651609142738211,0.3770007089178075,0.5492298223094914,0.09,260.319,0.79,2.0,2.0
2020-10-29,23.045000076293945,23.339000701904297,22.959999084472656,23.339000701904297,27,39.38427915603829,-0.28501094368598956,-0.2260190703062542,-0.058991873379735354,8.79316153571038,0.02820125172982784,24.39011309807754,24.525994111020463,-1,0.47161572052401746,0.0006431700128544104,-0.053760395880962264,-0.035299469414463824,0.35746461718603534,0.5445302149316391,0.09,260.319,0.85,1.0,2.0
2020-10-30,23.617000579833984,23.617000579833984,23.617000579833984,23.617000579833984,57,42.27140378090418,-0.3118675464163623,-0.24318876552827584,-0.06867878088808643,9.091689120731441,0.1770323495689747,24.316483334435294,24.490347305875897,-1,1.0354223433242506,0.011911387358885639,-0.04101190545802813,-0.014767847884435303,0.3594761771181353,0.5323154949215664,0.09,260.319,0.88,1.0,2.0
2020-11-02,24.01499938964844,24.200000762939453,24.006000518798828,24.006000518798828,68,46.13736475540869,-0.2983236640065918,-0.254215745223939,-0.0441079187826528,9.148843499440192,0.3648022750800888,24.286913542469915,24.471353314225816,-1,1.4122533748701973,0.016471183021310676,-0.015178820980585095,-0.020243256613580507,0.35533859295820425,0.5306467506768089,0.09,260.911,0.87,1.0,2.0
2020-11-03,24.30500030517578,24.30500030517578,24.15999984741211,24.30500030517578,109,48.96634040588649,-0.26046082543888005,-0.25546476126692724,-0.004996064171952808,8.99148568369745,0.4893028596856191,24.288636091299043,24.46482966681209,-1,2.066350710900474,0.012455210360543312,-0.009010795581228526,0.018223688757790235,0.3454003730084768,0.5152906506452163,0.09,260.911,0.9,1.0,2.0
2020-11-04,23.68000030517578,24.0049991607666,23.68000030517578,23.86400032043457,20,45.1958923891212,-0.2630074797547728,-0.2569733049644964,-0.006034174790276403,8.979810854800398,0.2870662281263522,24.24819458931195,24.44126773166003,-1,0.37418147801683815,-0.018144413873852128,0.023152157833348674,0.0006709471640107267,0.35206986683900965,0.45941183155808607,0.09,260.911,0.78,2.0,2.0
2020-11-05,24.799999237060547,25.17099952697754,24.799999237060547,25.17099952697754,79,56.007602123781105,-0.15774344053724576,-0.23712733207904627,0.0793838915418005,9.234144425531769,0.8440676771324804,24.33608077385153,24.469884664809737,-1,1.399468556244464,0.05476865525449215,0.07849516988633387,0.055963403103016285,0.39961706391201607,0.47289972121248675,0.09,260.911,0.79,2.0,2.0
2020-11-06,25.225000381469727,25.90999984741211,25.200000762939453,25.645999908447266,66,59.160871349377366,-0.035582200571084854,-0.196818305777454,0.16123610520636913,9.986280271008695,1.0006919570352386,24.460834977146362,24.516006831226896,-1,1.2313432835820894,0.018870938397207215,0.0859126594740316,0.02301646091536913,0.3636909517724968,0.45476403081283245,0.09,260.911,0.83,1.0,2.0
2020-11-09,23.684999465942383,23.684999465942383,23.684999465942383,23.684999465942383,0,44.86377988378015,-0.09589941594760276,-0.17663452781148375,0.08073511186388099,9.873030174310964,0.22431763222766476,24.38694588084122,24.48341830709809,-1,0.0,-0.07646418347911521,-0.013371700654803864,-0.06108778151368899,0.4619367430673282,0.46680503916981053,0.09,260.911,0.96,2.0,2.0
2020-11-10,24.21500015258789,24.445999145507812,24.209999084472656,24.445999145507812,6,49.92151183198095,-0.08135709553997117,-0.15757904135718123,0.07622194581721006,9.821037621112556,0.5335563227222218,24.39257000128566,24.48195088899651,-1,0.1271186440677966,0.0321300273052445,0.00580122767173985,0.014946387793285831,0.44807956663062765,0.45497154066888834,0.09,260.911,0.98,2.0,2.0
2020-11-11,23.94499969482422,24.250999450683594,23.94499969482422,24.250999450683594,5,48.68902015565049,-0.08459192448817276,-0.14298161798337955,0.058389693495206785,9.83189935966235,0.45446846413444053,24.37908709170451,24.472893969846986,-1,0.1107419712070875,-0.007976752910099472,0.01621685907863646,-0.0046380261149562285,0.447225810868452,0.45379890407055956,0.09,260.911,0.98,2.0,2.0
2020-11-12,24.290000915527344,24.290000915527344,24.290000915527344,24.290000915527344,0,48.960435810675385,-0.08305109613255368,-0.13099551361321438,0.047944417480660695,9.81384208076421,0.46867631069276083,24.37060269397335,24.465721693207,-1,0.0,0.001608241545799416,-0.03500054141695752,0.004009429127805664,0.44653211904142825,0.45107367977497337,0.09,260.911,0.88,2.0,2.0
2020-11-13,24.75900077819824,24.75900077819824,24.75900077819824,24.75900077819824,0,52.23258294572994,-0.04348434873337936,-0.11349328063724738,0.07000893190386802,9.906798347474483,0.6550683558722398,24.407592987709055,24.477222833794894,-1,0.0,0.019308350967211618,-0.03458625646944913,0.016003992995195615,0.45098601860312754,0.4529944773588973,0.09,260.911,0.89,2.0,2.0
2020-11-16,24.785999298095703,24.785999298095703,24.785999298095703,24.785999298095703,0,52.42168092367129,-0.009835484098520197,-0.09276172132950194,0.08292623723098175,9.96248453185874,0.6626172244990339,24.443631683936356,24.489331714747866,-1,0.0,0.0010904527262358688,0.046485111124300094,0.005231768351317223,0.4491351962199116,0.452093365307519,0.09,260.911,0.91,2.0,2.0
2020-11-17,24.760000228881836,24.760000228881836,24.635000228881836,24.635000228881836,2,51.20086160369491,0.0045941619783818055,-0.0732905446679252,0.077884706646307,9.803022040838963,0.6084928386806807,24.46185725964545,24.495044205498218,-1,0.06259780907668232,-0.006092111413295687,0.007731370775604152,-0.012110520208930997,0.4477121444167234,0.4521559980651596,0.09,260.911,0.87,2.0,2.0
2020-11-18,24.433000564575195,24.433000564575195,24.433000564575195,24.433000564575195,38,49.53880045432447,-0.00026684821350286825,-0.05868580537704074,0.05841895716353787,9.324263432012279,0.5420616978934952,24.45910900297209,24.492611121540453,-1,1.1497730711043874,-0.008199702148564136,0.007504891262799962,-0.030321066940388608,0.4465289705323941,0.4517726307666039,0.09,260.911,0.88,2.0,2.0
2020-11-19,24.03300094604492,24.03300094604492,24.03300094604492,24.03300094604492,0,46.331499609120975,-0.03598109245498904,-0.0541448627926304,0.018163770337641362,9.31137286236755,0.3793977571071261,24.41852728326474,24.474587193089647,-1,0.0,-0.01637128511797392,-0.01058048414144519,-0.02562335074086952,0.4440090656798259,0.44292745438244446,0.09,260.911,0.86,2.0,2.0
2020-11-20,24.347999572753903,24.347999572753903,24.347999572753903,24.347999572753903,0,49.12490039870508,-0.03842420142575165,-0.051000730519254654,0.012576529093503007,9.239865298838316,0.5249491492946757,24.411810358454186,24.469622972684324,-1,0.0,0.013106920247544895,-0.016600072398973653,-0.011329078929626535,0.4469029452980209,0.44313652664218806,0.09,260.911,0.83,2.0,2.0
2020-11-23,23.624000549316406,23.624000549316406,23.624000549316406,23.624000549316406,1,43.518298710896445,-0.09765534335597081,-0.06033165308659789,-0.037323690269372926,9.551322790981637,0.2278791555915824,24.336780852822017,24.43646130902284,-1,0.030211480362537763,-0.029735462302524107,-0.04688125480857952,-0.03084997203452511,0.4580949131699748,0.4441126857220683,0.09,260.911,0.86,2.0,2.0
2020-11-24,23.329999923706055,23.329999923706055,23.29199981689453,23.29199981689453,2,41.1964012083813,-0.16943301619129514,-0.08215192570753735,-0.08728109048375779,10.114578477017927,0.13191495815342358,24.2372778970194,24.391580466194277,-1,0.060422960725075525,-0.014053535586777688,-0.05451594883335065,-0.05031392396439849,0.45923026545664936,0.43962065211619133,0.09,260.911,0.88,2.0,2.0
2020-11-25,23.356000900268555,23.356000900268555,23.356000900268555,23.356000900268555,57047,41.84060603599029,-0.2186327245402282,-0.10944808547407553,-0.10918463906615267,10.07693413053853,0.15615904373974668,24.153346754471702,24.350969502824643,-1,19.83312183844108,0.002747771074925076,-0.04407971347850559,0.0013720415099391925,0.42339920705097556,0.4396757838174983,0.09,260.911,0.88,2.0,2.0
2020-11-27,23.375,23.5049991607666,22.325000762939453,22.55299949645996,18893,36.44574173787562,-0.3187450556069997,-0.15130747950066037,-0.16743757610633936,11.329505432358946,-0.08538916987409406,24.000932729899155,24.280460875124067,-1,4.946264710117419,-0.03438094591781593,-0.06158204932074951,-0.03367758609220162,0.44126934345944957,0.43633014839908313,0.09,260.911,0.84,2.0,2.0
2020-11-30,22.739999771118164,22.739999771118164,22.0049991607666,22.534000396728516,1677,36.32639617559146,-0.39506381803838053,-0.2000587472082044,-0.19500507083017612,12.662194346726546,-0.013435631315138601,23.86122488864481,24.211972228912476,-1,0.4299283452757874,-0.0008424200840525531,-0.07450300672977272,-0.045856804696453146,0.43838959745861994,0.43509155048838544,0.09,260.911,0.84,2.0,2.0
2020-12-01,22.665000915527344,24.094999313354492,22.649999618530273,24.03300094604492,703,50.1863379182525,-0.3307771770572323,-0.22620243317801,-0.1045747438792223,12.659076051229071,0.47732004153892293,23.877584513159107,24.204953747231396,-1,0.1787712338521005,0.06652172374746335,0.017312918524307497,0.0011247365934590192,0.4950934730503529,0.4563205279503854,0.09,262.045,0.92,2.0,2.0
2020-12-02,23.915000915527344,24.375,23.63999938964844,24.024999618530273,303,50.12362033073716,-0.2772788927049987,-0.23641772508340778,-0.04086116762159095,12.645142018923927,0.47925123400972824,23.89162404700398,24.197896722576452,-1,0.07686258593135639,-0.00033293085339647366,0.031470024360212845,-0.011520291426858398,0.49294889450429996,0.45559277608972215,0.09,262.045,0.95,2.0,2.0
2020-12-03,24.100000381469727,24.34000015258789,24.0049991607666,24.086999893188477,136,50.63838583995701,-0.22725851818045584,-0.2345858837028174,0.007327365522361573,12.610514350521706,0.49593617425150044,23.910231270450122,24.193547827306336,-1,0.034448694242508675,0.0025806566344492854,0.03129812316934433,0.009344601481712012,0.4885399879223249,0.4555562182312544,0.09,262.045,0.92,2.0,2.0
2020-12-04,24.1200008392334,24.4950008392334,24.079999923706055,24.20299911499023,444,51.64395384614524,-0.17622542622199688,-0.2229137922066533,0.04668836598465642,11.970105912972457,0.5528145426502208,23.938113922311086,24.193918466039037,-1,0.11194735448734919,0.004815843497162131,0.07316098325587528,-0.038456971521922845,0.44755495397586326,0.4553360398181488,0.09,262.045,0.97,2.0,2.0
2020-12-07,24.23500061035156,24.850000381469727,23.71500015258789,24.74099922180176,239,56.1097800803238,-0.09131658011320098,-0.19659434978796286,0.10527776967476188,10.702654242619593,0.7861924857333811,24.014579188929247,24.21537261332385,-1,0.060128811512528926,0.022228654566958994,0.09794083545829957,-0.035288180998059526,0.44971608908186794,0.457008225428336,0.09,262.045,0.94,2.0,2.0
2020-12-08,24.7549991607666,24.76499938964844,24.6299991607666,24.68400001525879,70,55.52470922907307,-0.028298855847761928,-0.16293525099992268,0.13463639515216075,10.877523352355764,0.7401344552453739,24.078333553341583,24.23375015849777,-1,0.01759545534524797,-0.0023038360751712617,0.027087714541991215,0.0421786181905095,0.3436805119691255,0.45520836135341214,0.09,262.045,0.92,2.0,2.0
2020-12-09,24.655000686645508,24.655000686645508,23.780000686645508,23.93000030517578,53,48.343536618315696,-0.03875162589316972,-0.13809852597857208,0.09934690008540237,10.793423243291087,0.4615021111663683,24.06420657732579,24.221838399543966,-1,0.013314408450881138,-0.030546090974595375,-0.003954185842368174,-0.02110770098864423,0.3441596891743959,0.45898213320076453,0.09,262.045,0.95,2.0,2.0
2020-12-10,23.94499969482422,24.309999465942383,23.94499969482422,24.0310001373291,23,49.28964284069089,-0.03844253745619142,-0.11816732827409596,0.07972479081790454,10.765360049144066,0.5046988930534767,24.06104405923087,24.214354546123776,-1,0.0057766447740201675,0.00422063647577442,-0.0023248954252377274,-0.009071762745361478,0.34362364936462575,0.4591433248425015,0.09,262.045,0.92,2.0,2.0
2020-12-11,23.98500061035156,24.049999237060547,23.954999923706055,24.031999588012695,48,49.29953867787424,-0.03768255429626777,-0.10207037347853032,0.06438781918226255,10.721619271788512,0.5101209300186567,24.058277919114854,24.20720337129589,-1,0.012048343980220635,4.1590057753726484e-05,-0.007065220560687702,-0.010621709254433176,0.3435439428712064,0.4585402550659448,0.09,262.045,0.9,2.0,2.0
2020-12-14,24.15999984741211,24.15999984741211,23.98500061035156,23.98500061035156,25,48.8171027997033,-0.04040690127161284,-0.08973767903714683,0.04933077776553399,10.344847710189438,0.5071592823190416,24.051299127804064,24.19848953753337,-1,0.006273210880256951,-0.0019556831918630113,-0.030556510861696196,-0.03126136530227963,0.3356025729571007,0.4584814461094797,0.09,262.045,0.9,2.0,2.0
2020-12-15,24.075000762939453,24.58099937438965,24.075000762939453,24.58099937438965,42,54.85086032483668,0.00546317730369239,-0.07069750776897898,0.07616068507267137,10.148146807915573,0.7566639855200726,24.101746770336025,24.21348992329244,-1,0.010533443683695734,0.0248488117103014,-0.0041727694379140035,-0.008270795187257374,0.34817679891183095,0.4066890374260573,0.09,262.045,0.92,2.0,2.0
2020-12-16,25.149999618530273,25.5,24.81999969482422,24.98500061035156,151,58.4283794231709,0.0735670334459364,-0.04184459952599591,0.11541163297193231,10.538503712701573,0.8999521458198914,24.185866183670836,24.243745244353583,-1,0.03779961199073784,0.016435508980274793,0.044086932374488574,0.014207443808317288,0.3523780563526552,0.4078714258073252,0.09,262.045,0.92,2.0,2.0
2020-12-17,25.450000762939453,26.18000030517578,25.450000762939453,26.100000381469727,201,66.35266209581349,0.21503223543067307,0.009530767465337887,0.2055014679653352,12.958037787780551,1.155075938574336,24.3681646786993,24.31653956345618,1,0.050213595143520945,0.044626765814694824,0.08609713421484688,0.06822738830168373,0.38183264341377254,0.39740261892370593,0.09,262.045,0.94,1.0,2.0
2020-12-18,26.1200008392334,26.1200008392334,25.948999404907227,25.948999404907227,105,64.55791941509787,0.3113706236367406,0.06989873869961843,0.24147188493712218,14.597905469429351,1.0091850767781196,24.51872036690958,24.38055759645426,1,0.02619662437783017,-0.005785477944655781,0.07976863555917935,0.07972364596347359,0.37631874053759634,0.39769707423181283,0.09,262.045,0.95,2.0,2.0
2020-12-21,26.0049991607666,26.989999771118164,25.40999984741211,26.277999877929688,153,66.67306682421476,0.4095460866189349,0.13782820828348172,0.27171787833545313,16.42409640952269,1.0091431240018272,24.686270796530543,24.45496709768859,1,0.03809950694755715,0.012678734462502783,0.09560138458318423,0.07926730487277944,0.37618483774752925,0.39806949212959386,0.09,262.045,0.95,1.0,2.0
2020-12-22,26.475000381469727,26.670000076293945,25.274999618530273,25.43400001525879,93,57.23629449340057,0.41446936815409785,0.19315644025760495,0.2213129278964929,16.708298232587833,0.768840584481498,24.75748310307609,24.493360545436442,1,0.02313202666401353,-0.032118116545839404,0.034701625750735765,0.07661697527325684,0.3792212119032781,0.4022059000841374,0.09,262.045,0.93,2.0,2.0
2020-12-23,25.55500030517578,25.823999404907227,25.55500030517578,25.823999404907227,68,60.05010545568324,0.44471440479144775,0.24346803316437354,0.2012463716270742,16.93253331638521,0.8274858600384957,24.859056084202866,24.54554246149412,1,0.016899868280438404,0.015333781136056546,0.03358009902181314,0.10870683530471892,0.3752005245927911,0.3969260871635709,0.09,262.045,0.96,2.0,2.0
2020-12-24,25.81100082397461,25.81100082397461,25.81100082397461,25.81100082397461,66,59.90861551356975,0.4623057643070929,0.28723557939291744,0.17507018491417548,16.95347142403292,0.7928861288866125,24.94971748799065,24.59516827963061,1,0.05618694930404801,-0.0005033527428810469,-0.011072779818819378,0.10511216942442525,0.37565464674118443,0.38783776923905583,0.09,262.045,0.94,2.0,2.0
2020-12-28,26.799999237060547,26.81999969482422,26.454999923706055,26.459999084472656,140,64.41668381838596,0.5225916677359272,0.33430679706151945,0.1882848706744078,16.262566640883637,0.9154700165962879,25.093553830512747,24.668298899428336,1,0.5907172995780591,0.02514425011738486,0.01969246180139006,0.1732363621355979,0.350369476105833,0.38573922368487307,0.09,262.045,0.94,1.0,2.0
2020-12-29,26.25,26.25,26.13800048828125,26.13800048828125,191,60.765833545891304,0.5381822548545188,0.3750818886201193,0.16310036623439944,14.51752790354566,0.823489899675781,25.193024940776414,24.725934255853943,1,1.1739397664413032,-0.012169259536383037,-0.005327627304162474,0.1599360978122626,0.35646511220934896,0.3861476545796536,0.09,262.045,0.94,2.0,2.0
2020-12-30,26.31999969482422,26.524999618530273,26.260000228881836,26.488000869750977,77,63.206803329043375,0.572184229553514,0.41450235680679826,0.15768187274671575,14.94248731202845,0.8733714629972807,25.316355981631133,24.795034907379318,1,0.5859969558599696,0.013390480332519994,0.041440624906025514,0.10215120155895785,0.28762191601331416,0.3845986841562202,0.09,262.045,0.93,2.0,2.0
2020-12-31,26.530000686645508,26.540000915527344,26.332000732421875,26.332000732421875,36,61.37396851482595,0.5798588799204509,0.4475736614295288,0.13228521849092212,14.937497749651133,0.7997110969491084,25.413084053135012,24.85530807698883,1,0.30495552731893266,-0.005889464369025044,0.019671675155712443,0.09602502187397466,0.28963098344445004,0.38065056000604985,0.09,262.045,0.93,2.0,2.0
2021-01-04,27.284000396728516,27.284000396728516,27.284000396728516,27.284000396728516,52,67.55670757925984,0.6552066973899997,0.48910026862162304,0.16610642876837667,15.88344896732109,0.9767167377263724,25.59126656204868,24.950550913057054,1,0.45674132630654374,0.036153715548643106,0.05706867326840381,0.13272721873694682,0.30951966090164174,0.3868784409936887,0.09,262.687,0.93,1.0,2.0
2021-01-05,27.570999145507812,27.570999145507812,27.570999145507812,27.570999145507812,4,69.15940475262192,0.7296676318070539,0.5372137412587092,0.1924538905483446,16.890292135244543,0.9728441725464881,25.779812522378123,25.053313588839437,1,0.043549265106151334,0.010518939473908917,0.04198791003311553,0.1391563092869592,0.30982538986377334,0.38719998700225927,0.09,262.687,0.96,1.0,2.0
2021-01-06,27.424999237060547,27.424999237060547,26.972999572753903,26.972999572753903,50,62.25814633851825,0.7319870004690259,0.5761683931007726,0.15581860736825326,17.246137473669627,0.8006208120892485,25.893449384318675,25.1285953921302,1,0.6067961165048543,-0.02168944148878782,0.031945790377003735,0.09021464052208938,0.31979376673565196,0.37716995998493225,0.09,262.687,1.04,1.0,2.0
2021-01-07,27.200000762939453,27.200000762939453,27.200000762939453,27.200000762939453,3,63.737417257822194,0.7435707945013981,0.6096488733808977,0.1339219211205004,17.573126775184065,0.8159345482582606,26.017882848949224,25.20982697529919,1,0.03795066413662239,0.008415867489014905,0.026880091732463418,0.10192840488273203,0.31910652549372637,0.37731695614569877,0.09,262.687,1.08,2.0,2.0
2021-01-08,24.582000732421875,25.325000762939453,24.582000732421875,24.582000732421875,3,42.868853569596254,0.5353293680808946,0.5947849723208971,-0.05945560424000251,16.854267788714285,0.21948090631775435,25.881132171184714,25.18520633832361,1,0.039190071848465055,-0.09624999842223003,-0.06645905936973762,0.02724615206565928,0.4802849591305046,0.4211338521607603,0.09,262.687,1.13,2.0,2.0
2021-01-11,25.520000457763672,25.520000457763672,24.725000381469727,25.23900032043457,11,47.5132365454556,0.41848685732988145,0.559525349322694,-0.1410384919928126,15.752728626246116,0.3470061259797655,25.819976756827558,25.18731590624953,1,0.14483212639894666,0.026726855765900392,-0.07495235473384432,0.05026841064467358,0.48841519793340304,0.4239146145610746,0.09,262.687,1.15,2.0,2.0
2021-01-12,25.13999938964844,25.385000228881836,25.104999542236328,25.38400077819824,90,48.50814378889157,0.3337414867644526,0.5143685768110458,-0.18062709004659316,14.444071763057611,0.3542454477236343,25.778455235053336,25.195029038482815,1,1.1531069827033953,0.005745095127490885,-0.0793224197559016,0.05625837272650136,0.4884600835796434,0.42374062197337714,0.09,262.687,1.15,2.0,2.0
2021-01-13,25.545000076293945,25.545000076293945,25.5,25.520000457763672,211,49.47550348507,0.27439119666554035,0.4663731007819447,-0.19198190411640437,12.77706770015283,0.3535461301034228,25.753840494359082,25.207773015709517,1,2.4155695477962222,0.005357692853611873,-0.053868651540629586,0.06399832430063102,0.4882169227772357,0.42363478699302093,0.09,262.687,1.1,2.0,2.0
2021-01-14,25.746000289916992,25.746000289916992,25.746000289916992,25.746000289916992,66,51.11891085484586,0.24279319306562286,0.4216571192386804,-0.17886392617305752,11.772515169545233,0.39607283468127913,25.753093808221738,25.228879967639223,1,0.7453416149068324,0.008855792637126214,-0.05345589824407526,0.04739436740481473,0.4822097657743128,0.4233527152141788,0.09,262.687,1.15,2.0,2.0
2021-01-15,25.43000030517578,25.469999313354492,24.825000762939453,24.825000762939453,88,44.733200944520156,0.14180000070775733,0.3656856955324958,-0.22388569482473847,11.959744882771298,0.10469655734258078,25.66470399438533,25.21304156745492,1,1.0304449648711944,-0.035772528416316174,0.009885282860523148,-0.006403836041765643,0.4979923316269375,0.4295140495747391,0.09,262.687,1.11,2.0,2.0
2021-01-19,24.915000915527344,25.27899932861328,24.915000915527344,25.27899932861328,4,48.17025544614933,0.09727473557278188,0.31200350354055306,-0.21472876796777118,12.256406660034143,0.26891146753997314,25.627970216692756,25.215628146323876,1,0.05294506949040371,0.018287957773261754,0.0015848095277499752,-0.031455978576894306,0.4758367262636545,0.4306115392121946,0.09,262.687,1.1,2.0,2.0
2021-01-20,25.424999237060547,25.733999252319336,25.415000915527344,25.733999252319336,151,51.43033882259854,0.09757801480173,0.26911840579278845,-0.17154039099105844,12.296473720321773,0.4152203056019989,25.638068220085763,25.235956424990366,1,1.9396274887604368,0.017999127172373397,0.01378815251304677,-0.008285489133243118,0.48044391744778253,0.42978263256141996,0.09,262.687,1.1,1.0,2.0
2021-01-21,25.82200050354004,25.82200050354004,25.82200050354004,25.82200050354004,0,52.05843200530603,0.10372366939697741,0.23603945851362626,-0.13231578911664885,12.282519373446458,0.4497694875809613,25.65558558041474,25.258938545717804,1,0.0,0.0034196492491453956,0.011833857380848745,-0.017352895064613794,0.4782450052706295,0.42979186980029077,0.09,262.687,1.12,1.0,2.0
2021-01-22,25.52400016784668,25.540000915527344,25.52400016784668,25.52400016784668,10,49.71393472585252,0.08358449827644066,0.20554846646618916,-0.1219639681897485,12.236422337662853,0.3544587471130231,25.64305363636064,25.26933311913462,1,0.1514004542013626,-0.01154055959577982,-0.008622703315872116,0.003538576414795047,0.4653660810960917,0.4299504087753998,0.09,262.687,1.1,1.0,2.0
2021-01-25,25.454999923706055,25.454999923706055,25.454999923706055,25.454999923706055,5,49.16185038605277,0.06134912252946023,0.1767085976788434,-0.11535947514938316,12.365384129191357,0.3401318884062593,25.625143758964967,25.276614170294287,1,0.0794912559618442,-0.0027033475821531816,0.025377608918631278,-0.014289013696734076,0.46201986013058016,0.4298607607548786,0.09,262.687,1.05,1.0,2.0
2021-01-26,25.52899932861328,25.52899932861328,25.52899932861328,25.52899932861328,92,49.805640773991115,0.0491321952270809,0.1511933171884909,-0.10206112196141001,12.450705740804437,0.3684039963074356,25.61598714655052,25.286511627483268,1,1.4330218068535825,0.0029070675752904673,0.009889631972774593,-0.010925631953774939,0.4621991761730887,0.41659139533998646,0.09,262.687,1.05,1.0,2.0
2021-01-27,25.375999450683594,25.375999450683594,25.375999450683594,25.375999450683594,610,48.43978604697631,0.026795499013136492,0.12631375355342003,-0.09951825454028354,12.486238774080578,0.33795297027290766,25.593131175515573,25.290020953883282,1,6.955530216647662,-0.005993179597846732,-0.013911549391355305,-0.040967485687676386,0.4526010157758829,0.41687334907288437,0.09,262.687,1.04,2.0,2.0
2021-01-28,25.084999084472656,27.010000228881836,24.93000030517578,25.909000396728516,508,53.249646295921885,0.051508470621030256,0.11135269696694208,-0.05984422634591183,12.46346313957141,0.5063224868294791,25.623213958488233,25.31429465752427,1,4.90584258812168,0.021004136096423265,0.0033692158427673924,-0.00876119394271968,0.4579292029765324,0.41823170997905224,0.09,262.687,1.07,1.0,2.0
2021-01-29,26.63999938964844,27.575000762939453,26.3700008392334,26.899999618530273,32,60.607645032623445,0.1493375632709899,0.11894967022775166,0.030387893043238245,12.763182086916913,0.7996213926675688,25.74481259277795,25.37647916579902,1,0.315893385982231,0.0382492263934231,0.05391002357134367,0.015554165480634596,0.47532393131411865,0.4236556383048383,0.09,262.687,1.11,1.0,2.0
2021-02-01,28.36000061035156,30.15999984741211,28.299999237060547,29.39800071716309,474,72.39975917654185,0.4235531786196347,0.17987037190612828,0.24368280671350642,17.22501512317487,1.2429940573178113,26.09273527129082,25.534185893303494,1,3.8474025974025974,0.09286249568985294,0.1549008369780016,0.11643627143630342,0.5676001433989731,0.4591905433631508,0.08,263.579,1.09,0.0,2.0
2021-02-02,28.645000457763672,28.93000030517578,26.38400077819824,26.38400077819824,91,52.124818810882445,0.39313461228169544,0.22252321998124172,0.17061139230045372,16.758207472409374,0.584058500321132,26.12047484337724,25.567511967220934,1,0.7271274470635237,-0.10252397664597723,0.033491381255459585,-0.03298635117444848,0.6840503227703051,0.5111339938259783,0.08,263.579,1.12,1.0,2.0
2021-02-03,26.940000534057617,27.024999618530273,26.86000061035156,26.878000259399418,143,54.379823068554494,0.40422960168788435,0.25886449632257025,0.1453651053653141,16.17030436305306,0.713054580646513,26.19262012109364,25.618903664953425,1,1.0825132475397428,0.018723448553313427,0.059189818774817216,-0.02513506610518701,0.6865515404982805,0.500993900191112,0.08,263.579,1.15,1.0,1.0
2021-02-04,26.674999237060547,26.674999237060547,26.0049991607666,26.222999572753903,114,50.95288940177606,0.35606488503226075,0.27830457406450837,0.07776031096775238,15.840929197027172,0.5675548531181897,26.195513402204142,25.642593700553444,1,0.8425720620842572,-0.024369398032744516,0.012119308781400662,-0.027805583801572942,0.6877141963102441,0.5023674678135526,0.08,263.579,1.15,1.0,1.0
2021-02-05,26.43000030517578,27.013999938964844,26.43000030517578,27.013999938964844,58,54.66816329811692,0.3773710207401848,0.2981178633996437,0.07925315734054111,15.682958050696142,0.7650127218593392,26.273464500943255,25.69637433735389,1,0.42013763129300974,0.030164373988428084,0.004237930187777517,-0.006838265395493592,0.6958657776234398,0.47741314883994906,0.08,263.579,1.19,0.0,1.0
2021-02-08,27.280000686645508,27.56999969482422,27.280000686645508,27.56999969482422,6,57.126540590062284,0.4341165945315808,0.3253176096260311,0.10879898490554968,15.739451556018944,0.8615819877115503,26.396944043217633,25.769849841568416,1,0.043415340086830685,0.020581911494617522,-0.06218113401404368,0.1215523095506783,0.5875356771712043,0.4750011300652754,0.08,263.579,1.19,0.0,1.0
2021-02-09,27.424999237060547,27.44499969482422,27.290000915527344,27.395999908447266,5,56.101181408689506,0.4597478549189091,0.35220365868460674,0.10754419623430239,15.957901790290164,0.787734045281473,26.492092220858552,25.83362043242641,1,0.03625815808556925,-0.00631120015607467,0.03835654564887925,0.08546295656037906,0.5837547702499208,0.4748625103286371,0.08,263.579,1.18,0.0,1.0
2021-02-10,27.104999542236328,27.104999542236328,27.073999404907227,27.073999404907227,32,54.16369397651049,0.4489033850833515,0.3715436039643557,0.07735978111899577,15.898522604119236,0.6905794564329711,26.54751195267271,25.88226274507272,1,0.23703703703703705,-0.011753559082205767,0.007292177379872866,0.0665773154309266,0.5864240353660689,0.4757107854242418,0.08,263.579,1.15,0.0,1.0
2021-02-11,27.170000076293945,27.170000076293945,26.90999984741211,27.04199981689453,3,53.96423873143385,0.4327386238028197,0.3837826079320485,0.0489560158707712,15.814026549328485,0.6651064781611231,26.594606034979552,25.927742630242204,1,0.024077046548956663,-0.0011819305871335617,0.031232134289914892,0.05963947225039479,0.5865685474775962,0.4743721599548444,0.08,263.579,1.16,0.0,1.0
2021-02-12,27.322999954223633,27.322999954223633,27.322999954223633,27.322999954223633,0,55.51345721820017,0.4375583958764864,0.3945377655209361,0.04302063035555026,15.927709839816256,0.7114541957245206,26.66397688443137,25.982458603731672,1,0.0,0.01039124839996286,0.011438513954132645,0.06125221962823657,0.5867969339295944,0.4747189719969943,0.08,263.579,1.2,0.0,1.0
2021-02-16,27.510000228881836,27.510000228881836,27.059999465942383,27.319000244140625,64,55.48483532828344,0.4360290849204418,0.4028360294008373,0.0331930555196045,15.079032597792907,0.6901685784859284,26.726360061546536,26.03487200139477,1,0.5328892589508742,-0.00014638619806417452,-0.009104078834310414,0.10046321871314468,0.5683282162847383,0.4744611888240918,0.08,263.579,1.3,0.0,1.0
2021-02-17,27.31399917602539,27.31399917602539,27.31399917602539,27.31399917602539,125,55.446341432385026,0.42946296879559753,0.4081614172797894,0.021301551515808148,14.538196684777125,0.6689470199525611,26.782325691496904,26.085033851380285,1,0.9908838684106223,-0.00018306190089467655,-0.0029931644289643566,0.08050159822223235,0.5663421194039763,0.47402623717344816,0.08,263.579,1.29,0.0,1.0
2021-02-18,27.125,27.125,27.07699966430664,27.07699966430664,2,53.550295716948916,0.40051846697895854,0.40663282721962324,-0.006114360240664696,14.200577260688657,0.5923906175077617,26.810389879383546,26.123934471495044,1,0.016849199663016005,-0.008676851390065687,0.00011081700027193442,0.05218778468202001,0.5654990244675187,0.47300474605237675,0.08,263.579,1.29,0.0,1.0
2021-02-19,27.5049991607666,27.549999237060547,27.25200080871582,27.25200080871582,8,54.77995562764628,0.3872370429788603,0.4027536703714707,-0.015516627392610394,13.907188995901759,0.621859906482117,26.852448063129476,26.16817236707233,1,0.06717044500419815,0.006463092166000495,0.007765734533068391,0.05537914481024564,0.5656629914379647,0.4725411500099499,0.08,263.579,1.34,0.0,1.0
2021-02-22,28.08300018310547,28.100000381469727,28.08300018310547,28.08300018310547,248,60.171798723895606,0.4387089595343241,0.4099447282040414,0.02876423133028272,13.721598253105533,0.8132096982115496,26.96964350312719,26.243263653975593,1,1.8931297709923665,0.030493150951466097,0.027815402047912885,0.10025858009836708,0.570987718866293,0.47120323188350605,0.08,263.579,1.37,0.0,1.0
2021-02-23,27.68600082397461,27.68600082397461,27.68600082397461,27.68600082397461,8,56.6939041059438,0.44236696283618215,0.41642917513046956,0.02593778770571259,12.909641768684363,0.685837206619188,27.037868009874565,26.29984158221085,1,0.060998856271444905,-0.014136643397869242,0.013433894965197313,0.08764489911433238,0.5744487196828019,0.47121627965177026,0.08,263.579,1.37,0.0,1.0
2021-02-24,27.85700035095215,27.85700035095215,27.85700035095215,27.85700035095215,73500,57.82466746333471,0.4538326887963997,0.42390987786365564,0.02992281093274407,12.037324154073765,0.7151543654889899,27.115880613786715,26.36090663196541,1,19.334218937012533,0.006176389579150232,0.019879958677137655,0.0911904533496386,0.5744673564296116,0.4712639851535738,0.08,263.579,1.38,0.0,1.0
2021-02-25,28.030000686645508,28.26499938964844,27.295000076293945,27.636999130249023,13035,55.805759229098356,0.44009397000490935,0.4271466962919064,0.012947273713002971,10.462026748638099,0.6297733061662357,27.165510948687885,26.410949475035356,1,2.9472280003617617,-0.007897520118156032,0.020681739959563572,0.08909992624958551,0.5749668013811174,0.46518737387416914,0.08,263.579,1.54,0.0,1.0
2021-02-26,27.454999923706055,27.559999465942383,26.18000030517578,26.402000427246097,1205,46.07965815791873,0.32579628558393736,0.4068766141503126,-0.08108032856637526,9.866949957327579,0.1696975416761354,27.092795660931525,26.410598531984796,1,0.2703218063329333,-0.04468642551177726,-0.031190384421164175,0.01902813782734092,0.5976373494727987,0.4758971478564342,0.08,263.579,1.44,0.0,1.0
2021-03-01,26.690000534057617,26.989999771118164,26.489999771118164,26.64699935913086,519,48.015268506266246,0.2520781138878405,0.37591691409781824,-0.12383880020997773,10.011503659086687,0.26865746128860674,27.05033887028384,26.419869152657192,1,0.11579651941097724,0.00927955942429004,-0.0511341670979476,-0.009405214237443116,0.5829162758244173,0.45842608727866735,0.07,264.961,1.45,0.0,1.0
2021-03-02,26.385000228881836,26.850000381469727,25.86000061035156,26.850000381469727,703,49.62875992032505,0.20764284025111834,0.3422620993284783,-0.13461925907735994,7.13510132376067,0.3444212359984717,27.031259014206306,26.436737043983175,1,0.156449943807097,0.007618156911513907,-0.030195781897866203,-0.08667257206391565,0.4801843422397861,0.4585619792741677,0.07,264.961,1.42,0.0,1.0
2021-03-03,26.80500030517578,26.80500030517578,25.934999465942383,26.35700035095215,241,45.90259957702769,0.13113494148873883,0.3000366677605304,-0.16890172627179156,7.16742631048438,0.09246351780911326,26.967043903420194,26.433610114844704,1,0.053544251769070975,-0.018361267169955675,-0.05384642930331618,-0.001023363646517228,0.29222663617704847,0.46045626409467094,0.07,264.961,1.47,1.0,1.0
2021-03-04,26.1200008392334,26.329999923706055,25.209999084472656,25.43400001525879,914,39.867472545335715,-0.003931216132411208,0.23924309098194207,-0.24317430711435328,9.046106823413965,-0.1710985216001628,26.821039723595298,26.394409718782512,1,0.2013437603260271,-0.03501917226555773,-0.07971195080217752,-0.05372424399898024,0.30929675791560896,0.4666380094676884,0.07,264.961,1.54,1.0,1.0
2021-03-05,25.344999313354492,25.3700008392334,24.905000686645508,25.256999969482425,339,38.813597229644785,-0.12382714138319173,0.16662904450891533,-0.2904561858921071,10.484106811998528,-0.12550134114078165,26.67208355653693,26.34980541488839,1,0.07449321540405428,-0.006959190283485683,-0.04336794330864657,-0.03683787587271925,0.29887526192950375,0.46480074660959236,0.07,264.961,1.56,1.0,1.0
2021-03-08,25.520000457763672,25.709999084472656,25.0,25.239999771118164,76,38.70776111834135,-0.2177077010203199,0.08976169540306829,-0.30746939642338816,12.008448296711936,-0.025736197469704136,26.535694624592285,26.30628362493662,1,0.01669724165961794,-0.0006730885847409107,-0.05280142687174916,-0.06566965913433176,0.27476023599922583,0.4647730183598948,0.07,264.961,1.59,1.0,1.0
2021-03-09,25.225000381469727,26.14800071716309,25.225000381469727,26.14800071716309,133,47.01769921858533,-0.21634672269231814,0.028540011783991008,-0.24488673447630915,12.10066288657583,0.2780201331040156,26.498771395313312,26.300076452082756,1,0.02917946467749013,0.03597468123133418,-0.026145238522645053,-0.051577765448001966,0.2962352614503289,0.46552615789129115,0.07,264.961,1.55,1.0,1.0
2021-03-10,26.010000228881836,26.280000686645508,25.780000686645508,26.10199928283691,85,46.67245792778146,-0.2164845695019011,-0.020464904473187412,-0.19601966502871368,12.234420012151567,0.28561882694560325,26.460983575077464,26.292308719955468,1,0.018632178868917142,-0.0017592715719938479,-0.009674889582267143,-0.04723319571961904,0.2959256024870704,0.4655372320329049,0.07,264.961,1.53,1.0,1.0
2021-03-11,26.149999618530273,26.40999984741211,26.040000915527344,26.16200065612793,37,47.21687403486532,-0.20933907418132947,-0.05823973841481583,-0.15109933576651363,12.391072367188134,0.3198164867108848,26.432509011367983,26.287198599805368,1,0.008110033426489123,0.0022987271067191895,0.028623128113249408,-0.033685409205335026,0.2942137784994721,0.46553252141658696,0.07,264.961,1.54,1.0,1.0
2021-03-12,26.145000457763672,26.200000762939453,25.459999084472656,25.8799991607666,244,44.896963320559756,-0.22385096694553042,-0.09136198412095875,-0.13248898282457167,12.697746753163935,0.2577471832103233,26.379889025596423,26.27122999435287,1,0.05334149487353256,-0.010779049319199374,0.02466639711909302,-0.04297021906648957,0.2959736195260149,0.46616260432563267,0.07,264.961,1.64,1.0,1.0
2021-03-15,26.200000762939453,26.334999084472656,25.924999237060547,26.253000259399418,148,48.501209537427634,-0.20291460193314848,-0.11367250768339669,-0.08924209424975178,12.615342349664823,0.38254522400049096,26.36780438119671,26.270515102786067,1,0.03230242049894144,0.014412716797853609,0.04013472652406347,-0.03916113518343045,0.2985294641586262,0.46444839973308816,0.07,264.961,1.62,1.0,1.0
2021-03-16,26.1299991607666,26.145000457763672,25.920000076293945,25.974000930786133,559,46.073653305086246,-0.20645540653438488,-0.13222908745359432,-0.07422631908079055,12.608334689809903,0.31899970590044824,26.330299290681417,26.258887096040972,1,0.12135158310629661,-0.010627331194780099,-0.0066544202847120815,-0.04923310887421539,0.3000026593975222,0.4639674528663552,0.07,264.961,1.62,1.0,1.0
2021-03-17,25.80500030517578,26.530000686645508,25.795000076293945,26.030000686645508,379,46.65083429728627,-0.20240955603620847,-0.14626518117011716,-0.05614437486609131,12.495293313029672,0.35319796879279536,26.301699423630378,26.24991115841762,1,0.08204972776376607,0.002155992679317986,-0.002758355611431784,-0.04700880603770763,0.3003589841475302,0.45524804746641534,0.07,264.961,1.63,1.0,1.0
2021-03-18,26.434999465942383,26.434999465942383,25.899999618530273,26.320999145507812,81,49.66567590794335,-0.17371951626615711,-0.15175604818932517,-0.021963468076831943,12.373442786503675,0.45189687129022715,26.30353749238061,26.25269892261724,1,0.017520711211092124,0.01117934887384009,0.006077459115980899,-0.027920394732485865,0.30307287784475384,0.455654448290466,0.07,264.961,1.71,1.0,1.0
2021-03-19,26.05500030517578,26.29199981689453,26.05500030517578,26.29199981689453,194,49.3662777056593,-0.15157519204776193,-0.15171987696101252,0.0001446849132505923,12.11114431327203,0.45670160242110114,26.30243866614384,26.254240134157524,1,0.04187893964251792,-0.0011017563753171755,0.015919654926129567,-0.03522680769605213,0.30165827128495304,0.4549314013199655,0.07,264.961,1.74,1.0,1.0
2021-03-22,25.954999923706055,25.954999923706055,25.540000915527344,25.74099922180176,147,43.94556157800943,-0.17645276109148966,-0.15666645378710795,-0.019786307304381717,10.898013047768435,0.30035880688231503,26.248968242873165,26.23411303955534,1,0.03176764238711141,-0.020956967858287934,-0.019502572374155314,-0.08339568230009264,0.28426199658503576,0.45201379272393705,0.07,264.961,1.69,2.0,1.0
2021-03-23,25.614999771118164,25.69499969482422,25.094999313354492,25.200000762939453,191,39.37400104584106,-0.23708944852967662,-0.1727510527356217,-0.06433839579405493,10.429876384403771,0.13785508818576392,26.149066578117573,26.193559616942952,-1,0.04119486681764262,-0.021016995268936634,-0.02979903519327598,-0.0897926745303862,0.288546404167931,0.4530144839032493,0.07,264.961,1.63,2.0,1.0
2021-03-24,25.25,25.344999313354492,25.190000534057617,25.201000213623047,432,39.38654598367348,-0.28181522241070667,-0.1945638866706387,-0.08725133574006796,9.190706357035326,0.1428046137781792,26.058774543403807,26.154635718773545,-1,0.4394263045468416,3.966074021177768e-05,-0.03184788517688253,-0.09534408241619308,0.2863005113947834,0.4530153607817556,0.07,264.961,1.62,2.0,1.0
2021-03-25,25.149999618530273,25.149999618530273,24.5049991607666,25.02199935913086,162,37.87493539756931,-0.32792448410136643,-0.22123600615678427,-0.10668847794458217,8.015831363456766,0.06516714938214897,25.960034049663527,26.110218606630696,-1,0.4772425983208131,-0.007102926589216296,-0.049352221744920044,-0.09461952648310556,0.2862063446332215,0.4501381726741811,0.07,264.961,1.63,2.0,1.0
2021-03-26,25.184999465942383,25.184999465942383,25.040000915527344,25.09199905395508,130,38.8630818062338,-0.3547289216325602,-0.24793458925193945,-0.10679433238062075,8.315785680682161,0.14279936856834685,25.877364050072245,26.070288428094397,-1,0.4550227511375569,0.002797526041766085,-0.045641289034558774,-0.04961750443497204,0.24317358413975398,0.44957862031194923,0.07,264.961,1.67,2.0,1.0
2021-03-29,24.854999542236328,24.90999984741211,24.510000228881836,24.746999740600582,491,35.83756413526143,-0.39920836724074604,-0.27818934484970076,-0.12101902239104528,8.657902243003063,0.04357805968811096,25.76971030631304,26.018394754075032,-1,1.7270488920154765,-0.013749375353181326,-0.038615419418500885,-0.0713025730561,0.24214214338474668,0.4494147375331892,0.07,264.961,1.73,2.0,1.0
2021-03-30,24.700000762939453,24.700000762939453,23.96500015258789,24.121000289916992,276,31.105599996032282,-0.47944483075193745,-0.3184404420301481,-0.16100438872178935,9.477047057888926,-0.12074785672838559,25.612690304751514,25.94398712802962,-1,1.0496292070735882,-0.025295973542059702,-0.04281747779187772,-0.10163873567153203,0.25017161301001145,0.452117168028593,0.07,264.961,1.73,2.0,1.0
2021-03-31,24.31999969482422,24.517000198364254,24.31999969482422,24.517000198364254,49,36.79132036549998,-0.5052546618232938,-0.35580328598877725,-0.14945137583451656,9.850904524483894,0.09464882604082976,25.508338866047964,25.888026856278035,-1,0.1934083283994474,0.01641722580687488,-0.027141780463500798,-0.06981068134035306,0.25630705041421936,0.4470890057828326,0.07,264.961,1.74,2.0,1.0
2021-04-01,24.350000381469727,24.934999465942383,24.350000381469727,24.934999465942383,15,42.21257761941199,-0.4863734806413653,-0.38191732491929486,-0.10445615572207045,10.069640002962796,0.2754909962569999,25.453735113656958,25.85065323312762,-1,0.07197696737044146,0.017049364285848245,-0.0034769361128901277,-0.019619428678817274,0.2363109703055862,0.44803652881970346,0.07,266.614,1.69,2.0,1.0
2021-04-05,24.934999465942383,24.934999465942383,24.76300048828125,24.76300048828125,2,40.66696694430941,-0.4797585308605008,-0.40148556610753605,-0.07827296475296475,10.370589703361857,0.22606645424384075,25.387950863621175,25.808000184310117,-1,0.010441138084051161,-0.006897893777622066,-0.013111692096209215,-0.01955891363970641,0.23629030999614445,0.4461908474120657,0.07,266.614,1.73,2.0,1.0
2021-04-06,25.049999237060547,25.21500015258789,25.049999237060547,25.211999893188477,3,46.204412560107265,-0.433290927867386,-0.4078466384595061,-0.025444289407879905,10.379813131098208,0.3965548053836214,25.37119362834187,25.784627623873977,-1,0.015965939329430547,0.01813186593117866,0.018790162745466077,-0.0011093454113945134,0.2456984144321603,0.44752163379250826,0.07,266.614,1.67,2.0,1.0
2021-04-07,25.065000534057617,25.25,25.065000534057617,25.232999801635746,2,46.456110210664775,-0.39027169148248575,-0.40433164906410207,0.014059957581616322,10.147759340920476,0.41985523045586515,25.358032311512716,25.762995160256793,-1,0.011028398125172319,0.0008329330690242109,0.04610088712546423,-0.03499315016183069,0.20729016735528097,0.3960993978291236,0.07,266.614,1.68,2.0,1.0
2021-04-08,25.569000244140625,25.569000244140625,25.569000244140625,25.569000244140625,121,50.45074234264583,-0.3253161668046687,-0.3885285526122154,0.06321238580754673,9.889055138174419,0.5619746117188711,25.378124495572518,25.75538751648753,-1,0.6606606606606606,0.013315913492104814,0.042909003436993,-0.02041985492838294,0.2140281002918201,0.3933285021535889,0.07,266.614,1.64,2.0,1.0
2021-04-09,25.31100082397461,25.31100082397461,25.31100082397461,25.31100082397461,0,47.51917847178059,-0.2912989297990549,-0.36908262804958336,0.07778369825052844,9.53067398295125,0.4753105103618555,25.371731764944144,25.73796058736938,-1,0.0,-0.010090321002094615,0.015079260721292176,-0.03252808695094922,0.21600767150156347,0.39372307656867045,0.07,266.614,1.67,2.0,1.0
2021-04-12,25.145000457763672,25.165000915527344,24.80500030517578,24.85300064086914,55,42.76818705534971,-0.297863229603081,-0.3548387483602829,0.056975518757201915,9.521140224902942,0.30654947259796705,25.322328800746526,25.703256275741918,-1,0.3200465522257783,-0.018094906095994845,0.003634460720157051,-0.039683097109769805,0.2217250730659165,0.39531101592879564,0.07,266.614,1.69,2.0,1.0
2021-04-13,25.41699981689453,25.41699981689453,25.41699981689453,25.41699981689453,4,49.46822656191895,-0.2546203595147176,-0.33479507059116986,0.08017471107645224,8.928601356782368,0.5617873321951394,25.331345087998717,25.692030532257707,-1,0.02429395687822654,0.022693403672872092,0.008131045715315866,-0.031843996276409214,0.2313383486880723,0.3976526758007158,0.07,266.614,1.64,2.0,1.0
2021-04-14,25.51499938964844,25.51499938964844,25.51499938964844,25.51499938964844,0,50.55146408083667,-0.21002133173845294,-0.3098403228206265,0.09981899108217357,8.62298961709571,0.6195753564723876,25.34883597387012,25.685088134508323,-1,0.0,0.0038556703568439765,0.011175824920920174,-0.017671576372111808,0.22952895297582385,0.3904885388679609,0.07,266.614,1.64,2.0,1.0
2021-04-15,25.95599937438965,25.95599937438965,25.95599937438965,25.95599937438965,95,55.20504561697096,-0.1375061820570309,-0.2753734946679074,0.13786731261087648,8.544186200104125,0.8268156421204559,25.406661059633883,25.695712104699748,-1,0.7755102040816326,0.01728395043270603,0.015135481503141923,-0.0028429239455927124,0.23816426178046363,0.39030311418688024,0.07,266.614,1.56,2.0,1.0
2021-04-16,26.099000930786133,26.099000930786133,26.099000930786133,26.099000930786133,0,56.63034701337548,-0.06771776476437807,-0.23384234868720155,0.16612458392282348,8.22731817652742,0.9137619488627412,25.472598190219813,25.711527352781566,-1,0.0,0.005509383566158599,0.031132712305280696,-0.008434262449325325,0.23545940349795255,0.3887696338920115,0.07,266.614,1.59,2.0,1.0
2021-04-19,26.204999923706055,26.204999923706055,25.83099937438965,25.83099937438965,22,53.21309234974641,-0.03364755896541638,-0.19380339074284453,0.16015583177742815,7.625450274840544,0.8194406270731872,25.506731636331224,25.71621253009953,-1,0.2002730996813837,-0.010268651934501882,0.03935133417701886,-0.017533867553454652,0.23807165108793626,0.38930862810707284,0.07,266.614,1.61,2.0,1.0
2021-04-20,25.854999542236328,25.854999542236328,25.834999084472656,25.834999084472656,5,53.258424607346306,-0.006251864626669601,-0.15629308551960955,0.15004122089293995,7.711736823561677,0.8154475070757249,25.537995202820884,25.720870826349458,-1,0.04866180048661801,0.00015484147651578795,0.01644565726047187,0.0036517565561822174,0.22567134640424272,0.3885555130234436,0.07,266.614,1.58,2.0,1.0
2021-04-21,26.524999618530273,26.565000534057617,26.524999618530273,26.565000534057617,2,60.7359514008365,0.07351697864980267,-0.11033107268572712,0.18384805133552978,8.975443303939844,1.061840418661019,25.63580523436724,25.753973952141937,-1,0.021436227224008574,0.02825629864348267,0.04115230921130908,0.054166655944138276,0.23109492486294905,0.392608087581871,0.07,266.614,1.57,2.0,1.0
2021-04-22,26.34000015258789,26.34000015258789,26.173999786376953,26.173999786376953,39,55.604901303637924,0.10398519247137372,-0.06746781965430695,0.17145301212568068,9.450161743376805,0.848985015490489,25.687061858368164,25.77044555348449,-1,0.5295315682281059,-0.014718642568042895,0.008398844862140153,0.03860956170413932,0.23919580842787094,0.39386494532394184,0.07,266.614,1.57,2.0,1.0
2021-04-23,26.239999771118164,26.239999771118164,26.024999618530273,26.07699966430664,36,54.377576142947184,0.11893338225222294,-0.030187579273000975,0.14912096152522392,9.683631599469084,0.7789593106114197,25.724198792267067,25.782467283320653,-1,0.534521158129176,-0.003705972448307282,-0.0008429926700197488,0.042162909927131675,0.23779023990595005,0.39373289951061113,0.07,266.614,1.58,2.0,1.0
2021-04-26,26.059999465942383,26.25,26.059999465942383,26.211000442504883,47,55.828059547922756,0.1399790815407549,0.003845752889750199,0.1361333286510047,9.989348264771046,0.8005319087179253,25.77056085419448,25.799272505249448,-1,0.7436708860759493,0.005138657818125392,0.014711047861817983,0.04459594415509205,0.23802896409674973,0.39158089683433245,0.07,266.614,1.58,2.0,1.0
2021-04-27,26.41200065612793,26.41200065612793,26.41200065612793,26.41200065612793,0,57.9858245082442,0.17090687914653557,0.037257978141107276,0.1336489010054283,10.141476246422949,0.8405367956597654,25.83165035914052,25.82330106018586,1,0.0,0.007668544131459232,0.022334104590778336,0.06728092023194643,0.23095506116095568,0.3841259064331477,0.07,266.614,1.63,2.0,1.0
2021-04-28,26.08099937438965,26.08099937438965,26.08099937438965,26.08099937438965,62061,53.36291841722325,0.16678574221300835,0.06316353095548749,0.10362221125752086,8.900988177029092,0.6984503511784643,25.855397884402343,25.833406876429144,1,19.84110745228428,-0.012532230558667812,-0.018219504985420798,0.08125695704634484,0.21332419001577863,0.33697939100890517,0.07,266.614,1.63,2.0,1.0
2021-04-29,26.280000686645508,26.545000076293945,25.73500061035156,26.05299949645996,8571,52.97814845884911,0.15942263051043426,0.08241535086647685,0.07700727964395741,8.034795391319479,0.6684456212675515,25.874217085550686,25.842018351724473,1,2.411648846370287,-0.0010735738124046934,-0.004622919343797438,0.06265037670465845,0.2088165710691316,0.2541534030928787,0.07,266.614,1.65,2.0,1.0
2021-04-30,26.155000686645508,26.21500015258789,25.84000015258789,25.85300064086914,490,50.19413935371671,0.13588270402384595,0.09310882149795068,0.04277388252589527,7.545115664594916,0.5524980052494073,25.872196471771492,25.842449029730147,1,0.13695758507441827,-0.007676615340125981,-0.008589907823793985,0.03681576878237425,0.20538566939607933,0.2515582496674882,0.07,266.614,1.65,2.0,1.0
2021-05-03,25.875,27.075000762939453,25.875,26.94300079345703,283,61.93465924526862,0.2028427999570468,0.11505561718976991,0.08778718276727689,7.676418462344565,1.0455588397029372,25.974177835741543,25.88560792242532,1,0.07879057854000779,0.0421614561392456,0.027927219052848784,0.08803457828979311,0.24558743345719639,0.2608091565892537,0.06,268.383,1.63,1.0,1.0
2021-05-04,27.030000686645508,27.040000915527344,26.25,26.538999557495117,266,56.60832963879329,0.2207647958968444,0.13619745293118482,0.08456734296565957,7.620227442050085,0.8101007346168554,26.027970380670453,25.911231123800604,1,0.07378743117102873,-0.014994663699821609,0.004808378699540983,0.052633653416171766,0.24906606848265264,0.2554485105539085,0.06,268.383,1.61,2.0,0.0
2021-05-05,26.55500030517578,26.56999969482422,26.270000457763672,26.50200080871582,66,56.1322324385494,0.2293389404382573,0.15482575043259933,0.07451319000565798,7.42038336110134,0.765589509847324,26.073116135722394,25.934398562424732,1,0.01829192245333481,-0.0013941274877050658,0.016142074476623636,0.05029132552831905,0.24939685927576224,0.2517950649176086,0.06,268.383,1.59,1.0,2.0
2021-05-06,26.559999465942383,27.55500030517578,26.55500030517578,27.461999893188477,268,64.47978773503016,0.31002414941936607,0.1858654302299527,0.12415871918941337,8.715395511324719,1.1059524350397878,26.205390779290592,25.99430449696449,1,0.07412529387359978,0.03622364558063618,0.0540820797589916,0.07403494978188085,0.2736510268667504,0.26219879875706004,0.06,268.383,1.58,0.0,1.0
2021-05-07,27.635000228881836,27.635000228881836,27.334999084472656,27.461999893188477,304,64.47978773503016,0.36970601800092595,0.22263354778414735,0.1470724702167786,9.369683221602772,1.0174997108820572,26.325067837757057,26.05186117916935,1,0.08373041011375218,0.0,0.06223646046624798,0.08498277425586576,0.26924309170170546,0.2610309369701978,0.06,268.383,1.6,0.0,1.0
2021-05-10,27.709999084472656,27.915000915527344,27.3700008392334,27.479000091552734,247,64.61806408252863,0.4136082839329056,0.260828495013899,0.15277978891900662,9.019979999862594,0.9867424766331979,26.43496614764236,26.10782741102752,1,0.06785155069637118,0.0006190444406954931,0.019893823342270966,0.10566126354840666,0.25650646920704356,0.2610151939701991,0.06,268.383,1.63,0.0,1.0
2021-05-11,27.28499984741211,27.68000030517578,27.280000686645508,27.656999588012695,306,66.10587007970568,0.45749055144413475,0.3001609062999462,0.15732964514418857,9.421246951873504,0.99053704204733,26.551350284820487,26.16857926110537,1,0.08371176888986158,0.006477655513916547,0.042126683339946513,0.08812998336763767,0.24825348933448602,0.26049632375247783,0.06,268.383,1.64,0.0,1.0
2021-05-12,27.459999084472656,27.63999938964844,27.231000900268555,27.231000900268555,33,59.64202062660038,0.45267487652383664,0.3306637003447243,0.12201117617911234,9.169516745912034,0.7919172224126716,26.61607891486316,26.210242854798047,1,0.009023666616535185,-0.015402924904723947,0.027507360550415028,0.06725461695743973,0.2579735601935216,0.26248272735679545,0.06,268.383,1.69,0.0,1.0
2021-05-13,27.1200008392334,27.145000457763672,26.854999542236328,27.04400062561035,155,57.00691856914626,0.42882582296370586,0.35029612486852063,0.07852969809518523,9.085463801365753,0.6940356490949181,26.65683336350575,26.242939237967157,1,0.04234914823567984,-0.006867183301233704,-0.015221006088555256,0.041917139676548754,0.2549054650425549,0.2628565544952291,0.06,268.383,1.66,0.0,1.0
2021-05-14,27.030000686645508,27.5,27.030000686645508,27.35300064086914,16,60.14074680206412,0.42990333694192273,0.3662175672832011,0.06368576965872164,9.248056498062235,0.790154644073757,26.72313500896893,26.286471057688804,1,0.004370569676441264,0.011425824882069113,-0.003969093756582942,0.048047805102140906,0.256799535497602,0.26328727155317566,0.06,268.383,1.63,0.0,1.0
2021-05-17,28.260000228881836,28.329999923706055,28.260000228881836,28.260000228881836,61,67.60502108192497,0.4982016032114345,0.3926143744688478,0.10558722874258669,10.17652955054128,1.0509503721115359,26.869503125151112,26.363864358519905,1,0.01665392595828328,0.033159052636350106,0.028421708749482022,0.09403433522980298,0.2734062928997415,0.27129591173171713,0.06,268.383,1.64,0.0,1.0
2021-05-18,28.6299991607666,28.68000030517578,28.31399917602539,28.31399917602539,52,67.9893611470329,0.5503417380584139,0.42415984718676103,0.12618189087165288,10.792912231766392,0.9929820839210038,27.00707417761533,26.4403402337162,1,0.014187686724963507,0.0019107907539352986,0.02375527344974393,0.0959551066151445,0.27310782568003017,0.2642962149121964,0.06,268.383,1.64,0.0,1.0
2021-05-19,27.809999465942383,28.007999420166016,27.6200008392334,28.007999420166016,28,63.39905931699305,0.5605103334049168,0.45142994443039225,0.1090803889745246,11.292475569668255,0.8456830455590807,27.102400391191587,26.50181706455737,1,0.007636814902698796,-0.010807366135635044,0.028533601197515912,0.05431955042720227,0.2637574841958818,0.26360247636720113,0.06,268.383,1.68,0.0,1.0
2021-05-20,27.920000076293945,28.052000045776367,27.719999313354492,28.052000045776367,26,63.77776168521317,0.5655996208800147,0.47426387972031675,0.09133574115969795,11.452767036351883,0.8235543881381865,27.192838453532996,26.562608554016936,1,0.007092585520213869,0.0015710020894483812,0.03727257050909305,0.07175060268690281,0.25564778524372406,0.2633266208537268,0.06,268.383,1.63,0.0,1.0
2021-05-21,28.079999923706055,28.1200008392334,27.38999938964844,27.472999572753903,95,55.62212123124539,0.516953302724751,0.48280176432120364,0.0341515384035474,11.004114240093996,0.6184715945912145,27.219520464887367,26.598310162594856,1,0.025894378194207836,-0.02064025638377398,0.004387048187520115,0.05353376256540976,0.26892910329196407,0.2663291721303837,0.06,268.383,1.63,0.0,1.0
2021-05-24,27.885000228881836,27.899999618530273,27.739999771118164,27.886999130249023,85,59.60020230751528,0.5059744904918944,0.48743630955534184,0.018538180936552517,10.783060900218791,0.7330955157759137,27.283089861588476,26.648846984855805,1,0.02315666162668737,0.015069324934787964,-0.013198906426462265,0.06394256836630574,0.2723920119268925,0.25049881651390443,0.06,268.383,1.61,0.0,1.0
2021-05-25,27.75,28.03700065612793,27.670000076293945,28.03700065612793,81,60.96552684731842,0.5035726996047281,0.4906635875652191,0.012909112039508952,10.719434368390221,0.75728768419247,27.35489088963985,26.703284383729223,1,0.02204261572373255,0.005378905244637799,-0.009783094156900596,0.06152506283627468,0.2720085354658885,0.2500745172635121,0.06,268.383,1.56,0.0,1.0
2021-05-26,27.85300064086914,27.85300064086914,27.85300064086914,27.85300064086914,744,58.360095895514384,0.48127417048895893,0.4887857041499671,-0.007511533661008152,10.023651601024355,0.6749046274818911,27.40232991356645,26.748371295773925,1,1.2219758561221976,-0.006562756748324738,-0.00553408963530877,0.06794223032034252,0.26824020772616375,0.2501294424711751,0.06,268.383,1.58,0.0,1.0
2021-05-27,27.7549991607666,27.920000076293945,27.69499969482422,27.91900062561035,525,59.03634177277193,0.4635841630358577,0.4837453959271452,-0.020161232891287517,9.089895674016887,0.6812818680278818,27.451536648046822,26.79427832831653,1,2.541757443718228,0.0023695825664244996,-0.00474117424600673,0.0716232742953049,0.26777594581123465,0.2469445004113076,0.06,268.383,1.61,0.0,1.0
2021-05-28,27.7450008392334,27.993000030517575,27.540000915527344,27.993000030517575,181,59.824165206535326,0.450344546613227,0.4770652260643616,-0.0267206794511346,7.423248649494034,0.7049986779373228,27.503104589234514,26.841287022520493,1,0.9471480900052329,0.002650503357893852,0.018927691400664415,0.08277566768266986,0.264552973826532,0.23487397106441163,0.06,268.383,1.58,0.0,1.0
2021-06-01,28.0049991607666,28.579999923706055,27.9950008392334,28.08300018310547,187,60.81133161617756,0.4420189955299918,0.47005597995748766,-0.02803698442749586,7.263161914528276,0.7255286623372105,27.558332741031748,26.889981656268926,1,1.0037573805689748,0.003215094934082785,0.007028402444486881,0.04231152269888505,0.2248575176319644,0.23421135936499538,0.08,270.654,1.62,0.0,1.0
2021-06-02,27.93000030517578,28.18600082397461,27.78499984741211,28.18600082397461,35,61.96322043807524,0.43867544970186145,0.46377987390636244,-0.025104424204500986,6.468019545594675,0.7640221068576751,27.618110653692973,26.940805937355425,1,0.20028612303290416,0.0036677221164960194,0.00531441182579262,0.06205965914093192,0.21551333465880115,0.23418685834480246,0.08,270.654,1.59,0.0,1.0
2021-06-03,27.190000534057617,27.459999084472656,27.190000534057617,27.459999084472656,20,50.66009654026174,0.37314204341240753,0.4456523078075715,-0.07251026439516395,5.163378554317052,0.29025142316105895,27.603052409005326,26.96116645292865,1,0.11597564511452596,-0.02575752920877039,-0.014109846241120105,0.036148149065099,0.23878788989587857,0.2304641561278652,0.08,270.654,1.63,0.0,1.0
2021-06-04,27.878999710083008,27.878999710083008,27.878999710083008,27.878999710083008,0,55.6844724419479,0.3509704269276206,0.42671593163158134,-0.07574550470396074,5.074548630125182,0.569159202406163,27.629333104346056,26.997159913993528,1,0.0,0.015258581193736243,-0.0014327488316558945,0.01518461213736888,0.20965123110929582,0.23225371581773946,0.08,270.654,1.56,0.0,1.0
2021-06-07,27.614999771118164,28.000999450683594,27.614999771118164,28.000999450683594,4,57.05572675092852,0.33933201238571087,0.4092391477824073,-0.06990713539669641,4.999327466610031,0.6385012986004549,27.664729899235347,27.036526170334316,1,0.02776813606386671,0.004376044401494861,0.00028576501830102075,0.019627105075796347,0.21001570318910706,0.23233808813892912,0.08,270.654,1.57,0.0,1.0
2021-06-08,28.010000228881836,28.010000228881836,27.704999923706055,27.71500015258789,27,52.92158231452603,0.3035318061314456,0.38809767945221496,-0.08456587332076937,4.8899568770997135,0.42263303535657154,27.66951754241178,27.06313299316779,1,0.2029312288613303,-0.010213896064653505,-0.013104014105265183,0.008588378771020366,0.21377905447597573,0.23221532517157756,0.08,270.654,1.53,0.0,1.0
2021-06-09,27.69499969482422,27.98500061035156,27.69499969482422,27.98500061035156,8,56.15173488239181,0.29356265762128686,0.3691906750860294,-0.07562801746474251,4.881910998522397,0.6091647085046494,27.699563548882235,27.0992846644299,1,0.06771053745239103,0.009742033421510143,-0.0071312072570466345,0.01185960253190399,0.21529393692346077,0.23128831725278243,0.08,270.654,1.5,0.0,1.0
2021-06-10,27.899999618530273,28.024999618530273,27.709999084472656,28.01499938964844,6,56.508782801391575,0.2847996928051444,0.3523124786298524,-0.06751278582470799,4.4722214908837925,0.6116168730188393,27.729605057526637,27.13519504581102,1,0.051369863013698634,0.0010719592153871638,0.02021122810195619,0.028790660036743354,0.2067093634092937,0.229988819119522,0.08,270.654,1.45,0.0,1.0
2021-06-11,28.114999771118164,28.36000061035156,28.114999771118164,28.131000518798828,172,57.93516718550143,0.2839421928636945,0.3386384214766208,-0.054696228612926334,3.590053230973721,0.7002580057350022,27.767833196695417,27.17424624083015,1,1.4619634509137271,0.0041406793388418794,0.009039090761376212,0.04019375344042486,0.2045235489631402,0.23005735869098665,0.08,270.654,1.47,0.0,1.0
2021-06-14,27.895000457763672,28.104999542236328,27.825000762939453,28.02400016784668,4,56.10722901194057,0.27149891342775945,0.32521051986684857,-0.05371160643908912,3.051044884536501,0.5706178337899279,27.792230051090776,27.207569924242563,1,0.03417343015805212,-0.0038036454082265303,0.0008214248639086819,0.02453111217256998,0.20236331247654354,0.22936790212941832,0.08,270.654,1.51,0.0,1.0
2021-06-15,27.98500061035156,27.98500061035156,27.56999969482422,27.679000854492188,57,50.567271079545534,0.23113458786502505,0.3063953334664839,-0.07526074560145884,3.014417182650218,0.19634395662091667,27.781446318081386,27.226057411703334,1,0.48780487804878053,-0.012310851815877655,-0.001298910261501196,-0.02055907182179939,0.17022202892980434,0.2309794271353335,0.08,270.654,1.51,0.0,1.0
2021-06-16,27.799999237060547,27.799999237060547,27.799999237060547,27.799999237060547,112,52.34451310842665,0.20652839649950394,0.2864219460730879,-0.07989354957358397,2.770650876803353,0.3590375245425547,27.783213262746067,27.248564934266362,1,0.9345014601585315,0.004371486644494382,-0.006610733223374687,-0.01815356198074869,0.17100630006075157,0.22645840884393592,0.08,270.654,1.57,0.0,2.0
2021-06-17,25.8439998626709,25.8439998626709,25.8439998626709,25.8439998626709,51,32.19415269817338,0.02886230335298734,0.23491001752906782,-0.20604771417608048,7.024929376311176,-0.5019527046926907,27.598526272262717,27.19348395106654,1,0.4214876033057851,-0.07035969165718825,-0.07749418433968369,-0.077263624760611,0.3069346024616681,0.2691973487985442,0.08,270.654,1.52,1.0,0.0
2021-06-18,26.424999237060547,26.43000030517578,25.95800018310547,25.95800018310547,3,33.79382920895422,-0.10156965065423762,0.16761408389240673,-0.26918373454664435,9.066179331179411,-0.19220032731439607,27.442285692342978,27.14503360722493,1,0.025031289111389236,0.004411094298109486,-0.07724575363898734,-0.07464707896955036,0.30778203992530623,0.2693193712897581,0.08,270.654,1.45,1.0,0.0
2021-06-21,26.01499938964844,26.01499938964844,26.01499938964844,26.01499938964844,0,34.62430836824082,-0.19805549386268595,0.0944801683413882,-0.2925356622040741,10.51777833873662,-0.053531358993531085,27.306353663514926,27.100718539868993,1,0.0,0.0021958242599933175,-0.0716885800087621,-0.05307029468130664,0.301734536954949,0.26886981923756337,0.08,270.654,1.5,1.0,0.0
2021-06-22,25.847999572753903,25.847999572753903,25.847999572753903,25.847999572753903,81,33.30609458699385,-0.28471469551488227,0.018641195570134106,-0.30335589108501637,11.907943476206604,-0.010570876532657526,27.167462797728163,27.05159230586448,1,0.7049608355091384,-0.006419366550551975,-0.06615127805240562,-0.07311649231140893,0.2945769536768873,0.2692208828314191,0.08,270.654,1.48,1.0,0.0
2021-06-23,26.107999801635746,26.107999801635746,26.107999801635746,26.107999801635746,8,37.30793473047422,-0.32862471051090125,-0.05081198564607297,-0.2778127248648283,12.618803770912976,0.1194968715351701,27.066561560005077,27.01458867824767,1,0.07191011235955057,0.010058814344608091,-0.06086329071438157,-0.06880196916036985,0.2969441999239831,0.2682307390221895,0.08,270.654,1.5,0.0,0.0
2021-06-24,26.04700088500977,26.04700088500977,26.04700088500977,26.04700088500977,0,36.75078328468111,-0.36414814340944446,-0.11347921719874728,-0.2506689262106972,13.300531055110318,0.14586664653405634,26.969460543338858,26.97664405890501,-1,0.0,-0.002336407120018258,0.007854860834916044,-0.06484040190662255,0.2967538158735085,0.2625856001238434,0.08,270.654,1.49,0.0,1.0
2021-06-25,26.174999237060547,26.174999237060547,26.082000732421875,26.082000732421875,9,37.329101256865215,-0.3850380458194813,-0.1677909829228941,-0.2172470628965872,13.766179192780223,0.19051596968236412,26.884940561346763,26.941560006886064,-1,0.18652849740932642,0.001343718901328339,0.004776968504573542,-0.06579748028313659,0.2965142622403491,0.26071794260759773,0.08,270.654,1.54,0.0,1.0
2021-06-28,26.218000411987305,26.218000411987305,26.218000411987305,26.218000411987305,42308,39.63864880536787,-0.3861679032315877,-0.21146636698463284,-0.17470153624695484,13.939939355772266,0.2527500683005934,26.821422451883958,26.913185120811605,-1,19.6361273554256,0.0052143116228184905,0.0078032299481674006,-0.06340869562373419,0.29734277772997275,0.2587702219628323,0.08,270.654,1.49,0.0,1.0
2021-06-29,26.200000762939453,26.209999084472656,25.559999465942383,25.871999740600582,20140,36.003444856940625,-0.4102535384858079,-0.2512238012848679,-0.15902973720094005,14.204677576503286,0.19507367541105322,26.73100124128554,26.872354321587643,-1,6.389087159965104,-0.013197065601865066,0.0009285116157298212,-0.07873092006156124,0.2983341896654749,0.2599110999321015,0.08,270.654,1.49,0.0,1.0
2021-06-30,25.84000015258789,26.229999542236328,25.84000015258789,26.165000915527344,725,40.942691292693006,-0.4010754833377135,-0.281194137695437,-0.11988134564227648,13.96966760618393,0.29347747125172136,26.67709644835619,26.844614972330376,-1,0.22750451086530163,0.011325030065880703,0.002183281535341086,-0.07170225819081899,0.3021520531081208,0.2583697238677496,0.08,270.654,1.45,0.0,1.0
2021-07-01,26.21500015258789,26.420000076293945,26.049999237060547,26.075000762939453,1037,39.92341860342978,-0.396493537962737,-0.30425401774889704,-0.09223952021383997,14.1583917765989,0.29025150028925456,26.619754002126022,26.814434022942496,-1,0.3202989869038794,-0.003439715247037567,0.0010749751210628045,-0.05043693982919162,0.2903732663205606,0.2585033062674011,0.1,271.903,1.48,0.0,1.0
2021-07-02,26.11000061035156,26.674999237060547,26.104999542236328,26.481000900268555,330,46.40533173052541,-0.35599777450067194,-0.31460276909925206,-0.04139500540141988,13.815272941972626,0.4130014826278138,26.60653942099674,26.801358214210186,-1,0.10141052825666083,0.01557047460977068,0.015297912608011499,-0.05014522846416325,0.2906239684890591,0.25900859827935546,0.1,271.903,1.44,0.0,1.0
2021-07-06,26.725000381469727,26.8700008392334,26.15399932861328,26.15399932861328,389,42.43413258401358,-0.3462989652592974,-0.32094200833126113,-0.025356956928036245,13.375635122067361,0.3441529549345304,26.563440364579268,26.775971591245604,-1,0.11883849878564773,-0.012348535196490928,-0.0024411123033151183,-0.06596193558459651,0.2914178366935597,0.25945445181938265,0.1,271.903,1.37,0.0,1.0
2021-07-07,26.200000762939453,26.5,26.06999969482422,26.11000061035156,546,41.91438586011787,-0.3382636253986533,-0.3244063317447396,-0.013857293653913694,13.085522019583351,0.3506205309311987,26.52025562608139,26.749855082190937,-1,0.16548964931955262,-0.0016822940808745024,0.009199167908829464,-0.05791086174994897,0.2903307723267131,0.2565299337723106,0.1,271.903,1.33,0.0,1.0
2021-07-08,26.15999984741211,26.290000915527344,25.88999938964844,25.96699905395508,175,40.19134949786379,-0.3395208066403299,-0.32742922672385766,-0.01209157991647225,12.42472736728757,0.329305018573419,26.467564523974122,26.719154845789532,-1,0.05290765346998624,-0.005476888282407111,-0.007567431861038476,-0.07211011300282144,0.28651495124235515,0.25283667311002334,0.1,271.903,1.3,0.0,1.0
2021-07-09,25.96500015258789,26.21500015258789,25.834999084472656,26.211000442504883,64,44.39189459078529,-0.3171720964850735,-0.32537780067610084,0.008205704191027341,11.378922544620531,0.4240658595735933,26.44312984954848,26.699227222131313,-1,0.019332135143707237,0.009396595580521527,0.005215711431875603,-0.06439403842393576,0.28984880352745884,0.25341233585360334,0.1,271.903,1.37,0.0,1.0
2021-07-12,26.184999465942383,26.299999237060547,26.059999465942383,26.21699905395508,74,44.495103233072086,-0.2955694047493438,-0.31941612149074944,0.02384671674140565,9.79270958511535,0.4508672510627892,26.42159358330149,26.680316313575382,-1,0.022385915024276618,0.00022885854598930777,-0.009969481414533576,-0.06803886920284596,0.28884575798389905,0.2510143944567513,0.1,271.903,1.38,0.0,1.0
2021-07-13,26.204999923706055,26.204999923706055,26.100000381469727,26.114999771118164,66,43.032568123426216,-0.28341260153883496,-0.3122154175003666,0.028802815961531614,7.893395225858145,0.4356622142434276,26.392394172617365,26.65814703740059,-1,0.01994710993577635,-0.003890578117922705,-0.0014911508180873723,-0.06812019644928513,0.28884707690866745,0.25090096713278087,0.1,271.903,1.42,0.0,1.0
2021-07-14,26.100000381469727,26.44499969482422,26.100000381469727,26.246000289916992,14,45.50983494437607,-0.2602080835462033,-0.30181395070953393,0.041605867163330645,6.127860564475252,0.5432339626566681,26.378451898074474,26.641984419852214,-1,0.0042339563297647135,0.00501629408182902,0.005208719892236147,-0.05177212039222234,0.28836838267005455,0.2501702096292788,0.1,271.903,1.37,0.0,1.0
2021-07-15,26.420000076293945,26.44499969482422,26.26499938964844,26.375,203,47.91190157123885,-0.22877199618300992,-0.2872055598042291,0.05843356362121921,2.4679314436511484,0.9184622688357461,26.378123145876906,26.63151444260311,-1,0.06130800477175603,0.004915023571517851,0.015712287168692773,-0.051258966768634395,0.2885494043694664,0.25035041083634674,0.1,271.903,1.31,0.0,1.0
2021-07-16,26.43000030517578,26.43000030517578,25.649999618530273,25.777000427246097,100,39.26974989736576,-0.24923916435252025,-0.2796122807138874,0.030373116361367136,2.560002371157435,0.01355385648490273,26.320873363150163,26.598004089059696,-1,0.030178657653307583,-0.0226729695830864,-0.016557933994575502,-0.002592456112862629,0.14653074028752075,0.24813600351362766,0.1,271.903,1.31,0.0,1.0
2021-07-19,25.61000061035156,25.61000061035156,25.045000076293945,25.125999450683594,173,32.415021651188496,-0.3143660644464106,-0.286563037460392,-0.027803026986018553,4.140584060648999,-0.36598992931677243,26.207075847677157,26.540278416966515,-1,0.05207549441618254,-0.02525510981775836,-0.04161420615022304,-0.032051803935319145,0.1708602970693359,0.2517394051959094,0.1,271.903,1.19,0.0,1.0
2021-07-20,25.19499969482422,25.19499969482422,24.854999542236328,24.97699928283691,48,31.077892173479427,-0.37369494754538835,-0.30398941947739133,-0.06970552806799701,5.516714964216272,-0.2189421203981477,26.089925698644752,26.478973352883003,-1,0.01443826139269063,-0.005930119044185056,-0.04357650768734922,-0.039900062700926275,0.17088861458352275,0.25189598654428474,0.1,271.903,1.23,0.0,1.0
2021-07-21,25.155000686645508,25.238000869750977,24.954999923706055,25.238000869750977,61,36.05391305951582,-0.395098419421295,-0.3222112194661721,-0.07288719995512288,6.084241753735946,0.03178252356957738,26.00879000065487,26.4303077653092,-1,0.018354144726944487,0.010449677479608788,-0.03840582980383722,-0.023599455009505665,0.17552026763652567,0.25264858672694795,0.1,271.903,1.3,0.0,1.0
2021-07-22,25.2450008392334,25.364999771118164,25.239999771118164,25.364999771118164,26,38.38496444195539,-0.39723400873727144,-0.337215777320392,-0.06001823141687945,6.408056475790158,0.15355365767848556,25.9474766454609,26.388530981223276,-1,0.007820960173264347,0.005032050756421214,-0.038293847540543546,-0.028458711359076627,0.17215805943499052,0.25233917661933924,0.1,271.903,1.27,0.0,1.0
2021-07-23,25.43000030517578,25.43000030517578,25.1299991607666,25.218000411987305,88,36.716564846206666,-0.40610675256236917,-0.35099397236878743,-0.055112780193581734,6.84713031905682,0.1157316043231264,25.878002718463414,26.342627821645397,-1,0.026435952895938475,-0.005795362131177262,-0.02168599937904081,-0.03182709889258539,0.17283775288337097,0.2513481436376844,0.1,271.903,1.3,1.0,2.0
2021-07-26,25.295000076293945,25.295000076293945,25.295000076293945,25.295000076293945,83,38.23105750746894,-0.40228791193862534,-0.36125276028275505,-0.041035151655870294,7.115304245134091,0.192884572701432,25.822478657304416,26.301544380651222,-1,0.02490622655663916,0.0030533612121776965,0.006726125499686431,-0.030174090714966906,0.17333061141655967,0.2514541741425043,0.1,271.903,1.29,0.0,2.0
2021-07-27,25.200000762939453,25.26499938964844,24.631999969482425,24.631999969482425,54,31.28782182309024,-0.44760036256950286,-0.37852228074010463,-0.06907808182939823,8.126350680845567,-0.04834325956743468,25.709099734654703,26.236072050801468,-1,0.04426955238563699,-0.026210717723336607,-0.01381268059656604,-0.06049280713946947,0.19256594201440322,0.2566789944535992,0.1,271.903,1.25,1.0,2.0
2021-07-28,24.73500061035156,24.856000900268555,24.725000381469727,24.856000900268555,551,35.54685127156668,-0.4601316913763469,-0.39484416286735313,-0.06528752850899378,8.71259297362344,0.11012639982933517,25.62785222661793,26.18195161352567,-1,2.292490118577075,0.009093899442337294,-0.015135904442426296,-0.03927020912641843,0.19325012119606536,0.24218549640139647,0.1,271.903,1.26,1.0,2.0
2021-07-29,25.040000915527344,25.854999542236328,25.040000915527344,25.763999938964844,355,49.27269291632513,-0.3922730462848385,-0.3943299395508502,0.0020568932660117167,8.582204395261558,0.5244959673200907,25.640818675412874,26.165561351778187,-1,1.6001803020058598,0.036530375193480014,0.015730343837850214,-0.015325853717992,0.23161048073609083,0.25214555766900437,0.1,271.903,1.28,0.0,1.0
2021-07-30,25.545000076293945,25.665000915527344,25.5,25.527999877929688,40,46.50085884137365,-0.3534633087454644,-0.3861566133897731,0.032693304644308696,8.509699190656871,0.42926136164109674,25.630074028033523,26.140558941039032,-1,0.23255813953488372,-0.009160070703083445,0.012292785346891488,-0.020977981553397362,0.23338637941834275,0.2527715969523653,0.1,271.903,1.24,0.0,1.0
2021-08-02,25.450000762939453,25.55699920654297,25.450000762939453,25.55699920654297,55,46.89617742100608,-0.3167154105703034,-0.37226837282587916,0.055552962255575766,8.036753068414573,0.461462207572557,25.6231145212249,26.117674245568598,-1,0.34755134281200634,0.0011359812265727687,0.010357743801493902,-0.03489300488321856,0.22534798430483982,0.2412942391398388,0.09,272.676,1.2,0.0,1.0
2021-08-03,25.38999938964844,25.56599998474121,25.28499984741211,25.56599998474121,8,47.02701474828036,-0.2835970190318413,-0.3545341020670716,0.07093708303523028,7.830630113871207,0.4795530618199501,25.617675041559785,26.096039960830268,-1,0.0574712643678161,0.00035218446913498624,0.037918155911657925,-0.0224821961828523,0.22187670885501132,0.24130278643382064,0.09,272.676,1.19,0.0,1.0
2021-08-04,25.61000061035156,25.969999313354492,25.445999145507812,25.445999145507812,19,45.42027854292575,-0.2639904029330644,-0.3364253622402702,0.07243495930720578,7.64399555018983,0.43462409456962203,25.601324956221504,26.070548164150956,-1,0.1683650863978733,-0.004693766694243151,0.023736652070723174,-0.025430924907006602,0.22223431968588186,0.24137875229605107,0.09,272.676,1.19,0.0,2.0
2021-08-05,25.520000457763672,25.520000457763672,25.277000427246097,25.277000427246097,4,43.18263884584011,-0.25910203561806,-0.3209606969158282,0.06185866129776818,7.5816122618235395,0.36453504219840244,25.570436905842893,26.03942864505665,-1,0.038350910834132314,-0.006641465217983034,-0.018902325449171475,-0.026572135858875412,0.22256695673214988,0.24107977833106456,0.09,272.676,1.23,0.0,2.0
2021-08-06,24.489999771118164,24.489999771118164,24.25,24.312000274658203,6,33.14224155683344,-0.3292994576076964,-0.32262844905420185,-0.006671008553494562,8.289756901852053,-0.03684313922759432,25.450585798111018,25.971686356021415,-1,0.05917159763313609,-0.03817700424405257,-0.04763395522901037,-0.07245050306310241,0.25534557199059715,0.25144174627937177,0.09,272.676,1.31,0.0,1.0
2021-08-09,23.2549991607666,23.2549991607666,23.2549991607666,23.2549991607666,2,26.008855767101807,-0.4648639146039457,-0.35107554216415066,-0.11378837243979506,10.793719584109988,-0.24759965629283462,25.24148230884012,25.865149603266325,-1,0.02044989775051125,-0.04347651784922746,-0.09007317436497086,-0.11298012740102814,0.2926182352929098,0.2659932245018141,0.09,272.676,1.33,1.0,1.0
2021-08-10,23.48500061035156,23.48500061035156,23.37700080871582,23.37700080871582,3,27.936833919302103,-0.5560454640996007,-0.39206952655124067,-0.16397593754835998,12.29308569157352,-0.07627857124809169,25.063912642161615,25.767575140734934,-1,0.03169572107765452,0.0052462546700515755,-0.0856214964144516,-0.10484392059732772,0.29526870176437225,0.2649219962548546,0.09,272.676,1.36,1.0,1.0
2021-08-11,23.474000930786133,23.474000930786133,23.474000930786133,23.474000930786133,1,29.509527285393403,-0.6134093981079722,-0.436337500862587,-0.17707189724538525,13.00372232334999,0.024608004803672517,24.912492479173473,25.677631054070275,-1,0.010638297872340425,0.004149382671627677,-0.07749737801393475,-0.10561606829653913,0.29487570375471306,0.2549845344606124,0.09,272.676,1.35,0.0,1.0
2021-08-12,23.104999542236328,23.104999542236328,23.104999542236328,23.104999542236328,19,27.087699579937762,-0.6807982389605769,-0.485229648482185,-0.19556859047839187,13.717842216246437,-0.013874780051116625,24.74035029470327,25.576743543802277,-1,0.2240566037735849,-0.015719577997709733,-0.08592795222128369,-0.12398106000999709,0.29428817227663484,0.25609055021605126,0.09,272.676,1.36,0.0,1.0
2021-08-13,23.350000381469727,23.795000076293945,23.350000381469727,23.76799964904785,3,37.07949377258628,-0.6729484819460545,-0.5227734151749589,-0.1501750667710956,13.83907684312028,0.2113929231262101,24.647745471307516,25.505812410674654,-1,0.037523452157598496,0.028695092834758462,-0.022375806986864588,-0.07793772529385334,0.3122470268864133,0.2636682160524703,0.09,272.676,1.29,0.0,1.0
2021-08-16,23.780000686645508,23.780000686645508,23.780000686645508,23.780000686645508,0,37.24712933596616,-0.6581721111212318,-0.5498531543642134,-0.1083189567570183,14.216536166486115,0.2408827609856241,24.565103110863515,25.438133519536258,-1,0.0,0.0005049241743040334,0.02257585658246919,-0.05356995914450946,0.30195920768801454,0.2636029625967411,0.09,272.676,1.26,0.0,1.0
2021-08-17,23.64800071716309,23.64800071716309,23.64800071716309,23.64800071716309,0,36.10763362404903,-0.6496245576289148,-0.5698074350171538,-0.079817122611761,14.67171164603128,0.23009931449730023,24.477760025749188,25.367932233168684,-1,0.0,-0.005550881651426809,0.011592586690856832,-0.053208896337962,0.30190871320269597,0.26096738717029005,0.09,272.676,1.26,0.0,1.0
2021-08-18,23.280000686645508,23.454999923706055,23.280000686645508,23.41200065612793,3,34.09907088504366,-0.654350843292967,-0.5867161166723165,-0.06763472662065051,15.136632272548436,0.19844740813264156,24.376259133404307,25.291229034069048,-1,0.045454545454545456,-0.009979704578741755,-0.0026412316690713755,-0.07235122239066094,0.2988175741841889,0.25884426104039693,0.09,272.676,1.27,0.0,1.0
2021-08-19,23.219999313354492,23.219999313354492,23.219999313354492,23.219999313354492,25,32.514400437673316,-0.6659131304214512,-0.6025555194221435,-0.0633576109993077,15.550346681123415,0.18286708238207997,24.26613915054242,25.210004339139065,-1,0.37907505686125853,-0.008200979728026025,0.0049772678379820245,-0.08456536475928045,0.2973557447294156,0.25848645802863857,0.09,272.676,1.24,0.0,2.0
2021-08-20,23.104999542236328,23.104999542236328,23.104999542236328,23.104999542236328,13,31.568114366030713,-0.6765569196805856,-0.6173557994738319,-0.05920112020675372,15.997926428519124,0.18799721475523434,24.155554425941837,25.12745513141739,-1,0.2090032154340836,-0.004952617335006737,-0.027894653172383488,-0.08378938992905116,0.29731825443929205,0.2584156340664218,0.09,272.676,1.26,1.0,2.0
2021-08-23,23.149999618530273,23.649999618530273,23.13999938964844,23.64900016784668,13,40.40401470103432,-0.6337899591405574,-0.620642631407177,-0.013147327733380343,15.778576737734143,0.34635935797644674,24.107311163266107,25.06947650539501,-1,0.22146507666098805,0.023544714840435743,-0.0055088526079142275,-0.06507214483030854,0.31230412343143915,0.2638049080004731,0.09,272.676,1.25,0.0,1.0
2021-08-24,23.88999938964844,23.88999938964844,23.88999938964844,23.88999938964844,20,43.86220265994541,-0.5738353944809553,-0.6112811840219328,0.03744578954097744,15.7751613474468,0.4189389807122848,24.08661480387395,25.02322250085593,-1,0.3508771929824561,0.0101906727595793,0.0102333670985435,-0.030123440270919066,0.303187712803362,0.26490610425163885,0.09,272.676,1.29,0.0,1.0
2021-08-25,23.834999084472656,23.834999084472656,23.770999908447266,23.770999908447266,19,42.54928359921172,-0.5298158463736016,-0.5949881164922666,0.065172270118665,15.677097595888522,0.4011430102187102,24.056556242404742,24.97411573252618,-1,0.625,-0.004981142077916445,0.015333984378023358,-0.04365147057142105,0.3007754885589975,0.264665515565221,0.09,272.676,1.35,0.0,1.0
2021-08-26,23.545000076293945,23.55500030517578,23.545000076293945,23.54599952697754,4,40.10490815570329,-0.5072385573882308,-0.5774382046714595,0.0701996472832287,14.605422792741724,0.36089540162329875,24.007931793316438,24.91811117544584,-1,0.311284046692607,-0.009465330963623897,0.014039630631494271,-0.08608913279156061,0.2655912277665483,0.2646733029870228,0.09,272.676,1.34,0.0,1.0
2021-08-27,23.729999542236328,24.059999465942383,23.71500015258789,24.059999465942383,63309,47.521757212805916,-0.4427664576972177,-0.5505038552766112,0.10773739757939349,13.492435214036416,0.5306533663035378,24.012890619280814,24.88445973585747,-1,19.931681516229574,0.021829607971236564,0.0413330423123488,-0.05750550058786508,0.28044380469041313,0.26494272161547383,0.09,272.676,1.31,0.0,1.0
2021-08-30,24.045000076293945,24.219999313354492,23.905000686645508,23.959999084472656,10816,46.319991122531796,-0.3951855956896253,-0.519440203359214,0.12425460766958873,12.072310951562939,0.527384430485775,24.007853330251464,24.848206376979633,-1,2.9119496008722927,-0.004156291923916311,0.0131506158576975,-0.062487779146679245,0.28004772894845253,0.2624868905212574,0.09,272.676,1.29,0.0,1.0
2021-08-31,24.059999465942383,24.19499969482422,23.815000534057617,23.959999084472656,728,46.319991122531796,-0.353403602997755,-0.48623288328692227,0.1328292802891673,10.24198331806098,0.5653284844471242,24.003295783034435,24.813374718449946,-1,0.19411521591318145,0.0,0.002930083575244824,-0.06281784014812952,0.27999083683082515,0.26214957384029225,0.09,272.676,1.3,0.0,2.0
2021-09-01,23.850000381469727,24.2549991607666,23.790000915527344,24.177000045776367,521,49.531973435566044,-0.29933041405542227,-0.4488523894406223,0.1495219753852,8.239823448461472,0.72480572515449,24.019839046152715,24.788418848933336,-1,0.13799679508402973,0.009056801736037512,0.017079640692136966,-0.049870279900385506,0.2832582554334935,0.26271813402776895,0.08,273.91,1.31,1.0,2.0
2021-09-02,24.15999984741211,24.18000030517578,23.774999618530273,23.875,184,45.45556526507924,-0.27764537891689045,-0.4146109873358759,0.13696560841898547,5.771139390601605,0.6521378638153585,24.00604485128103,24.752598501916342,-1,0.048620010833806765,-0.012491212524488815,0.013972669652248637,-0.05546545885780341,0.2851631742239676,0.2623471239807816,0.08,273.91,1.29,1.0,2.0
2021-09-03,23.905000686645508,24.809999465942383,23.905000686645508,24.761999130249023,193,56.721456152159156,-0.1867338637438536,-0.3690355626174715,0.1823016988736179,6.652641796188578,1.1803968906705846,24.078040496897028,24.75296715400782,-1,0.05087247614528968,0.03715179603137275,0.02917704405190613,0.018509330804009627,0.2842667682827367,0.2742555109941037,0.08,273.91,1.33,0.0,1.0
2021-09-07,24.809999465942383,24.809999465942383,24.184999465942383,24.333999633789062,32,51.223639239704426,-0.14752128190145086,-0.3247327064742674,0.17721142457281652,6.814687313331127,0.864851373398672,24.102417557553412,24.736537055175713,-1,0.008431481042341843,-0.017284529177497676,0.015609372437696667,0.0463986459669643,0.239777479943075,0.2757344374181337,0.08,273.91,1.38,1.0,1.0
2021-09-08,24.354999542236328,24.399999618530273,23.940000534057617,24.011999130249023,105,47.49389807810345,-0.14080466926571233,-0.2879470990325564,0.14714242976684405,6.719172386179362,0.6481050733002718,24.093806278762518,24.708123803217806,-1,0.027628670666245657,-0.013232535069694129,0.0021702857998047165,0.02716337851588091,0.24570587477132833,0.2766271734279559,0.08,273.91,1.35,1.0,1.0
2021-09-09,23.954999923706055,24.239999771118164,23.844999313354492,24.132999420166016,104,48.99676501385707,-0.12428530952335848,-0.2552147411307168,0.13092943160735832,6.725968252838488,0.7027360218951978,24.097538958896184,24.685569905843227,-1,0.027328507048915398,0.005039159349483846,-0.0018199373589379286,0.028073547893389117,0.24585984553649018,0.27629078042771543,0.08,273.91,1.3,1.0,1.0
2021-09-10,24.135000228881836,24.135000228881836,23.854999542236328,23.854999542236328,13,45.75631956556626,-0.13210306284184625,-0.23059240547294269,0.09848934263109643,6.145846437566684,0.5062433671338147,24.07443996683334,24.652998519035116,-1,0.0034163326982458446,-0.011519491344179289,-0.0008377155084260401,0.03246050702701764,0.24234171053893047,0.2765850968461237,0.08,273.91,1.35,1.0,1.0
2021-09-13,23.690000534057617,23.7549991607666,23.325000762939453,23.753000259399418,184,44.59106098382018,-0.14485933016563735,-0.21344579041148162,0.06858646024584428,6.148956872167104,0.4371859829054486,24.043826661363443,24.617704469637637,-1,0.0482395197021734,-0.004275803177288484,-0.0407478760314236,-0.0006310749692827189,0.2214358778922181,0.23452859428633313,0.08,273.91,1.33,2.0,1.0
2021-09-14,23.65999984741211,23.850000381469727,23.63999938964844,23.84199905395508,82,45.886009423832746,-0.1461031191850708,-0.19997725616619946,0.05387413698112867,6.143098766613655,0.4957675620854874,24.02460498446741,24.58728464941479,-1,0.021474963335428452,0.0037468443389776507,-0.0202186482797021,0.0026071642354656976,0.22183719419128034,0.2344625341165595,0.08,273.91,1.28,1.0,2.0
2021-09-15,23.799999237060547,23.799999237060547,23.75900077819824,23.75900077819824,25,44.83369196593317,-0.1520335500249459,-0.19038851493794876,0.03835496491300286,6.104080558603409,0.43492754909977355,23.999309345775107,24.554802928974926,-1,0.006545102299948948,-0.003481179391418343,-0.010536330218839263,0.0046938454697604826,0.22125107507409517,0.23437790932286945,0.08,273.91,1.31,1.0,2.0
2021-09-16,23.51499938964844,23.51499938964844,22.61000061035156,22.75200080871582,75,34.496792868661615,-0.23527780480093696,-0.1993663729105464,-0.03591143189039056,7.170669593116837,-0.12569189006978257,23.880518056531365,24.484104806611825,-1,0.01961681815209573,-0.04238393604525925,-0.05722449113789829,-0.028190664142979105,0.26826595119013974,0.24938733122133805,0.08,273.91,1.34,2.0,1.0
2021-09-17,22.88999938964844,22.905000686645508,22.295000076293945,22.295000076293945,74,31.003256933389054,-0.33427233286933244,-0.22634756490230362,-0.10792476796702882,8.879951983155586,-0.20079800316999963,23.729516344127802,24.398257562285632,-1,0.019342865357973704,-0.020086177750433643,-0.06539507423508162,-0.0398363162968981,0.2756341326497806,0.25081662034384195,0.08,273.91,1.37,2.0,1.0
2021-09-20,22.375,22.375,22.13999938964844,22.163000106811523,132,30.056440771022253,-0.41855268908824783,-0.2647885897394925,-0.15376409934875535,10.443618832581876,-0.13131563247974096,23.580324321526252,24.310600407169,-1,0.034449910612921325,-0.0059206086131740054,-0.06693891867233515,-0.040770372390737886,0.27579306911862433,0.2509071496750279,0.08,273.91,1.31,2.0,1.0
2021-09-21,22.524999618530273,22.572999954223633,22.469999313354492,22.572999954223633,55,36.53918024717438,-0.4471079354594991,-0.30125245888349383,-0.14585547657600528,11.299299728631171,0.08855329673826026,23.48438866749743,24.242459212935852,-1,0.014346266710140202,0.01849929366223768,-0.053225364905839845,-0.045498761300106993,0.2702705844043018,0.25446376935750153,0.08,273.91,1.33,2.0,1.0
2021-09-22,22.799999237060547,23.045000076293945,22.799999237060547,22.868999481201172,3,40.80486595591359,-0.44077253447626674,-0.32915647400204845,-0.11161606047421829,11.665721226202026,0.2265525683361461,23.425780173564455,24.188598046985472,-1,0.0007826971744632001,0.013112990190838891,-0.03745954239850657,-0.04273754435044774,0.27222536653998775,0.25596455284445196,0.08,273.91,1.32,1.0,1.0
2021-09-23,22.649999618530273,22.649999618530273,22.642000198364254,22.642000198364254,22,38.65876895381725,-0.44889405730002707,-0.3531039906616442,-0.09579006663838285,12.22114623204936,0.17913739707257204,23.351134461640626,24.127947150961113,-1,0.005739554662735941,-0.00992606970075438,-0.00483476645752523,-0.047494834648575734,0.2734789111433764,0.2554460529297922,0.08,273.91,1.41,2.0,1.0
2021-09-24,22.584999084472656,22.584999084472656,22.09000015258789,22.38800048828125,15,36.35472043219802,-0.47040355709962256,-0.3765639039492399,-0.09383965315038267,13.008006030320022,0.13367615079357678,23.25940741655878,24.05971394850308,-1,0.003912771285475793,-0.011218077372040391,0.004171357329852299,-0.04918028803022467,0.2741582253933389,0.2545396712866083,0.08,273.91,1.47,2.0,1.0
2021-09-27,22.604999542236328,23.73500061035156,22.604999542236328,22.656999588012695,131,40.405617548681896,-0.4604363873674586,-0.39333840063288367,-0.06709798673457495,13.225225730197854,0.24802678058978653,23.202035242411533,24.00470554220934,-1,0.19416036757077218,0.012015324900151336,0.022289377738591742,-0.05831254817422893,0.2648818606073731,0.2562688936681483,0.08,273.91,1.48,2.0,1.0
2021-09-28,22.174999237060547,22.459999084472656,22.174999237060547,22.43000030517578,278,38.196268692321205,-0.4654884178336083,-0.4077684040730286,-0.05772001376057967,13.610298189802878,0.20702088133269855,23.12850810553194,23.942952395659006,-1,1.8809201623815965,-0.010018947211219209,-0.006334986458948477,-0.06385637887141637,0.26605168409110297,0.25402821488257016,0.08,273.91,1.54,2.0,1.0
2021-09-29,22.43000030517578,22.51499938964844,21.458999633789062,21.458999633789062,70,30.51100477672324,-0.5416005930634782,-0.43453484187111857,-0.10706575119235962,15.196402373091125,-0.0033825713155411622,22.969507298699284,23.84554248342881,-1,0.6092254134029591,-0.043290265634221003,-0.06165551092740895,-0.1043822849018543,0.30263470873594583,0.26722952847313236,0.08,273.91,1.55,2.0,1.0
2021-09-30,22.03499984741211,22.03499984741211,22.020999908447266,22.020999908447266,36,38.254623644626854,-0.5502286219111454,-0.457673597879124,-0.09255502403202143,15.442777415355627,0.18986876389109758,22.879173261532426,23.77399179421385,-1,0.3971318257032542,0.02618949085461031,-0.02742691831448052,-0.08917566833134649,0.3188224780977239,0.27381719336706,0.08,273.91,1.52,2.0,1.0
2021-10-01,22.510000228881836,22.510000228881836,22.510000228881836,22.510000228881836,1,44.0925050697104,-0.5117094893564307,-0.46848077617458533,-0.043228713181845346,15.358103985398063,0.3445780955159155,22.844013925089513,23.72442349753416,-1,0.012269938650306749,0.02220609066198631,0.005449336159539797,-0.0571727652824362,0.3308131134796844,0.27842317678472084,0.08,276.55,1.48,2.0,1.0
2021-10-04,22.618000030517575,22.618000030517575,22.618000030517575,22.618000030517575,5,45.32209747339436,-0.46708386583571126,-0.46820139410681055,0.0011175282710992884,13.913984488145429,0.3950281242843357,22.822488792273138,23.681034341964885,-1,0.0693481276005548,0.004797858753336159,-0.0017213028293364685,-0.08658424905250728,0.2982476590351555,0.27775769216141616,0.08,276.55,1.49,2.0,1.0
2021-10-05,22.582000732421875,22.582000732421875,22.582000732421875,22.582000732421875,10,44.96708660586884,-0.4296696163061924,-0.46049503854668694,0.03082542224049456,12.871466176440514,0.4036237387947507,22.7995851675254,23.637934984727906,-1,0.14084507042253522,-0.0015916216308748954,0.006776657386447615,-0.071997983386769,0.29443135795532094,0.2777075333936022,0.08,276.55,1.54,2.0,1.0
2021-10-06,22.475000381469727,22.506000518798828,22.375,22.506000518798828,135,44.18028431282757,-0.4015226331027826,-0.4487005574579061,0.047177924355123524,12.115127682673268,0.39701510423001274,22.771624724789536,23.593545397828727,-1,1.8620689655172413,-0.003365521705697705,0.048790759256138516,-0.062718585124094,0.2922455753266736,0.27769820055569056,0.08,276.55,1.53,2.0,1.0
2021-10-07,22.631999969482425,22.631999969482425,22.631999969482425,22.631999969482425,91,45.871259783644426,-0.3648431586512437,-0.4319290776965736,0.0670859190453299,10.88302508905737,0.46630406705774197,22.758327129046002,23.55583773397201,-1,1.266527487821851,0.005598482528175186,0.027746245110367607,-0.06219697040349348,0.29246086078592753,0.2777673765295438,0.08,276.55,1.58,2.0,1.0
2021-10-08,22.56999969482422,23.0049991607666,22.56999969482422,22.679000854492188,62,46.52205812854566,-0.3281985635257385,-0.4111829748624066,0.08298441133666812,9.88712244772416,0.5100446175050026,22.75077224575516,23.52145197399241,-1,0.8344549125168237,0.002076744656819507,0.007507802038736244,-0.04929778705977261,0.2912896931986965,0.27750710841609044,0.08,276.55,1.61,2.0,1.0
2021-10-11,22.63999938964844,22.63999938964844,22.63999938964844,22.63999938964844,0,46.02752464021995,-0.2988594840442822,-0.3887182766987818,0.08985879265449959,8.856695867481905,0.5195581296701756,22.740222449935473,23.486885205978922,-1,0.0,-0.0017197170675189444,0.0009726482934468983,-0.04685727519034344,0.2912267126498059,0.2742267048469752,0.08,276.55,1.61,2.0,1.0
2021-10-12,22.56999969482422,22.575000762939453,22.49099922180176,22.49099922180176,5,44.09886870970258,-0.2843532729506322,-0.3678452759491519,0.08349200299851972,7.307071263369758,0.4743089780419884,22.71648690439893,23.44783085365825,-1,0.08163265306122448,-0.0065812796759529,-0.004029824978681318,-0.056664704544949096,0.29064840507045164,0.2700310753375062,0.08,276.55,1.59,2.0,1.0
2021-10-13,23.14900016784668,23.14900016784668,23.14900016784668,23.14900016784668,1,53.38771853960762,-0.21725741075173488,-0.3377277029096685,0.12047029215793364,5.958053308744023,0.9819767224198723,22.757678643774906,23.436112003234268,-1,0.01665278934221482,0.02925618997874846,0.02857014281639092,-0.02567450609755051,0.31169211772079947,0.27709179568659986,0.08,276.55,1.56,1.0,1.0
2021-10-14,23.459999084472656,23.459999084472656,23.45599937438965,23.45599937438965,28,56.97951765101599,-0.1377235944243651,-0.2977268812126079,0.16000328678824277,6.951895830939926,1.0859003387978092,22.824185380023927,23.43689190014232,-1,0.48526863084922006,0.01326187758939934,0.03640859871060109,0.030942270598203425,0.27278263027472255,0.2776493863466995,0.08,276.55,1.52,1.0,1.0
2021-10-15,23.32799911499023,23.32799911499023,23.32799911499023,23.32799911499023,0,55.07398472093095,-0.08405212261655493,-0.2549919294933973,0.17093980687684235,7.4920024584967,0.9362690132661919,22.872167640496908,23.43262159484224,-1,0.0,-0.005457037125400577,0.02861670426585361,0.04633321530214585,0.26192053076229005,0.27747477431465384,0.08,276.55,1.59,1.0,1.0
2021-10-18,23.280000686645508,23.280000686645508,23.21500015258789,23.243000030517575,16,53.78760849090244,-0.047824518991543385,-0.2135584473930265,0.16573392840148313,7.666344874795191,0.8452596103650527,22.907485010975066,23.425185455064803,-1,0.33195020746887965,-0.0036436508786574784,0.026634304643349038,0.048729861413217446,0.26109480035745036,0.277363135348147,0.08,276.55,1.59,1.0,1.0
2021-10-19,24.06999969482422,24.06999969482422,23.86199951171875,23.86199951171875,2,60.94227186838526,0.030482815898704274,-0.16475019473468036,0.19523301063338463,8.949986323364513,1.0677600684625344,22.998391153903036,23.44231541807084,-1,0.043907793633369926,0.02663165169678794,0.06095773141942051,0.05710359988079183,0.268947115065104,0.2829708858851208,0.08,276.55,1.65,0.0,1.0
2021-10-20,24.423999786376953,24.423999786376953,24.423999786376953,24.423999786376953,151,66.07739521703638,0.13631926467834177,-0.10453630285207595,0.2408555675304177,11.075291250717573,1.1491323200930637,23.13416340461484,23.480812844278923,-1,2.8517469310670442,0.023552103183230866,0.05507795625234868,0.06799599197393946,0.27648551397202703,0.2821542432924311,0.08,276.55,1.65,0.0,1.0
2021-10-21,24.479999542236328,24.479999542236328,24.13999938964844,24.149999618530273,100,61.8105628149064,0.19582850016546516,-0.04446334224856773,0.2402918424140329,12.17710785457328,0.962939727116192,23.230909710702022,23.507055462877016,-1,1.7590149516270888,-0.01121848060281716,0.029587323612327854,0.0666018641001056,0.27735420472650485,0.28240154665329803,0.08,276.55,1.68,0.0,1.0
2021-10-22,24.429000854492188,24.429000854492188,24.3700008392334,24.429000854492188,2,64.33592468972039,0.2624773900949009,0.016924804220125995,0.2455525858747749,13.33033127643151,0.9788176130975946,23.345013629158228,23.543210184116827,-1,0.03558718861209964,0.011552846392089977,0.04719657841526881,0.09116492414225541,0.27330651903760966,0.27326445878739686,0.08,276.55,1.66,0.0,1.0
2021-10-25,24.575000762939453,24.575000762939453,24.57200050354004,24.57200050354004,49,65.59182600463916,0.32311136543265917,0.07816211646263263,0.24494924897002654,14.525538936719244,0.9517010063072401,23.461869521956494,23.58355490252558,-1,0.9404990403071017,0.005853683902162343,0.057178525632556765,0.08452138192828174,0.2719158142259658,0.27304779429506715,0.08,276.55,1.64,0.0,1.0
2021-10-26,24.086000442504883,24.086000442504883,24.086000442504883,24.086000442504883,37,58.10307028204555,0.3281652003248787,0.12816273323508187,0.20000246708979685,14.740384432732267,0.7767797540907668,23.521310562008722,23.603258649191435,-1,0.9238451935081149,-0.01977861187839136,0.009387349567085757,0.07382969749434087,0.28086913421707627,0.2758761579873379,0.08,276.55,1.63,0.0,1.0
2021-10-27,24.15999984741211,24.18899917602539,24.15999984741211,24.18899917602539,51,59.16709201191765,0.33660140640076364,0.16985046786821822,0.1667509385325454,13.550477458818614,0.788698362894736,23.584899953819832,23.626228865930024,-1,1.3043478260869565,0.004276290443752773,-0.009621708663895445,0.12721932936415659,0.21681144818731388,0.27607399301773444,0.08,276.55,1.54,0.0,1.0
2021-10-28,24.209999084472656,24.2450008392334,24.117000579833984,24.117000579833984,12,58.05714862237237,0.333631578343514,0.20260668996327738,0.1310248883802366,12.8809526115692,0.7436445158416504,23.63557620391642,23.645474815494886,-1,0.316622691292876,-0.0029765016595960647,-0.0013664198433762653,0.09518190273379412,0.20564284433640326,0.27599571801065,0.08,276.55,1.57,0.0,1.0
2021-10-29,23.799999237060547,23.94499969482422,23.799999237060547,23.94499969482422,36,55.38415763117242,0.3137818523908322,0.22484172244878836,0.08894012994204387,12.526452300793967,0.6668102667058811,23.6650451078124,23.657220889194075,1,0.9079445145018916,-0.007131935185737293,-0.019812564686982115,0.06374942031769426,0.19879599479601648,0.27604166662733676,0.08,276.55,1.55,0.0,1.0
2021-11-01,24.0,24.100000381469727,24.0,24.06399917602539,33,56.86388560725007,0.3041470473397858,0.24070278742698786,0.06344425991279795,12.23427180549568,0.6864934247352692,23.703040733356495,23.673172978873737,1,0.8038976857490865,0.0049697006772939645,-0.0206739914172418,0.06393134421950597,0.19881627487548673,0.2646387123804387,0.08,278.919,1.58,0.0,1.0
2021-11-02,23.5,23.5,23.5,23.5,21,48.631454071818524,0.24814096042494782,0.24219042202657987,0.005950538398367955,11.646342070050588,0.4733737172142974,23.683703520655875,23.666381881663003,1,0.5048076923076923,-0.02343746656155532,-0.024329503933362084,0.04065181285111352,0.22010959164489474,0.2529757646112892,0.08,278.919,1.56,0.0,1.0
2021-11-03,23.56999969482422,23.579999923706055,23.225000381469727,23.22599983215332,24,45.20727134442512,0.17957616714008395,0.2296675710492807,-0.05009140390919675,10.965298469137375,0.352016838084329,23.640112693179443,23.649111997368507,-1,0.665742024965326,-0.01165958161049696,-0.03981145879018155,0.031991437694720126,0.22476024315474405,0.25391360208989416,0.08,278.919,1.6,0.0,1.0
2021-11-04,23.690000534057617,23.9060001373291,23.690000534057617,23.9060001373291,15,53.88531592689679,0.17805589854471293,0.21934523654836716,-0.041289338003654225,10.298654318410627,0.5956530736831535,23.66543530690798,23.659186042072847,1,0.46511627906976744,0.029277547149312078,-0.008749033355388125,0.05629198345548647,0.24457547740088523,0.2606433669642233,0.08,278.919,1.53,0.0,1.0
2021-11-05,23.844999313354492,24.23500061035156,23.834999084472656,24.152000427246097,21,56.56538576779756,0.19445963261813048,0.21436811576231984,-0.01990848314418936,9.649479070586283,0.6769874460878066,23.711774842178276,23.678512096393366,1,0.695364238410596,0.010290315757710777,0.008644841723118635,0.06494993241565772,0.24599407495937364,0.25921848481585114,0.08,278.919,1.45,0.0,1.0
2021-11-08,24.274999618530273,24.55500030517578,24.274999618530273,24.53700065612793,23,60.440363559174024,0.2358077658044806,0.218656045770752,0.017151720033728585,9.02254775463245,0.8234173731597515,23.790367776840146,23.71217831442217,1,0.733652312599681,0.015940718038722324,0.019655979733151918,0.08378981084897208,0.24924597370300672,0.2547774487215827,0.08,278.919,1.51,0.0,1.0
2021-11-09,24.312999725341797,24.312999725341797,24.312999725341797,24.312999725341797,0,57.24064844501265,0.2476467387418495,0.22445418436497153,0.023192554376877977,7.490670394931766,0.7123056729594268,23.840142248126018,23.735739938379805,1,0.0,-0.00912910807336964,0.034595732993268014,0.08101020704201845,0.25085952786808285,0.25555214856938674,0.08,278.919,1.46,0.0,1.0
2021-11-10,24.767000198364254,24.767000198364254,24.767000198364254,24.767000198364254,5,61.66976301801355,0.2903166642331243,0.2376266803386021,0.0526899838945222,7.420649458922704,0.9229654572416092,23.928414433862994,23.776181517202726,1,0.1597444089456869,0.018673157493982462,0.06634807445738566,0.06989502867449682,0.2396631681281148,0.2579134326376936,0.08,278.919,1.56,0.0,1.0
2021-11-11,25.299999237060547,25.301000595092773,25.295000076293945,25.301000595092773,23,66.11561835034333,0.3630373877703512,0.2627088218249519,0.1003285659453993,8.417546656015148,1.0891543033135096,24.059136925408687,23.83597834378665,1,0.7407407407407407,0.02156096388143869,0.05835357022295784,0.07865796682777804,0.24575720458004635,0.2603013724372193,0.08,278.919,1.56,0.0,1.0
2021-11-12,25.344999313354492,25.40999984741211,24.924999237060547,25.3439998626709,15,66.45303862364679,0.41930527641378035,0.2940281127427176,0.12527716367106273,8.954206496212734,1.0248705293620621,24.181504824195564,23.895116442566426,1,0.4716981132075472,0.001699508579374731,0.04935406650954244,0.08641978841576758,0.24348216676476359,0.259543304860931,0.08,278.919,1.58,0.0,1.0
2021-11-15,25.239999771118164,25.28499984741211,25.065000534057617,25.10700035095215,156,62.74437469574201,0.4397054528900277,0.32316358077217966,0.11654187211784806,8.69636587585126,0.8821023969125624,24.26964725531524,23.942641301718808,1,4.020618556701031,-0.009351306542098925,0.02323021068517872,0.08019620178062992,0.24675350071839494,0.2601697099849613,0.08,278.919,1.63,0.0,1.0
2021-11-16,25.0049991607666,25.0049991607666,24.875,24.944000244140625,122,60.253730459109676,0.43767475126234956,0.34606581487021365,0.09160893639213591,8.804611726336603,0.7753185083822561,24.333871349489083,23.981910279852997,1,2.723214285714286,-0.00649221749046347,0.025953215396170348,0.0453440933099718,0.23437147454575397,0.25660384385413093,0.08,278.919,1.63,0.0,1.0
2021-11-17,24.8799991607666,25.209999084472656,24.8799991607666,25.16699981689453,20,62.44981859942386,0.4488851389673343,0.3666296796896378,0.08225545927769651,9.259775444643195,0.843674240328481,24.41321691781341,24.02838437934482,1,0.5228758169934641,0.008940008441761016,0.016150507341486486,0.03042089899345668,0.22248989856261786,0.25642559350907235,0.08,278.919,1.6,0.0,1.0
2021-11-18,25.155000686645508,25.209999084472656,24.81999969482422,24.900999069213867,165,58.31108008266652,0.4313332732349764,0.37957039839870554,0.051762874836270845,9.370927605536636,0.7064724102527205,24.459672360803932,24.062604563261257,1,3.9759036144578315,-0.01056942621750645,-0.015809711729601994,0.031097286233799926,0.22200161985080014,0.25723396959550826,0.08,278.919,1.59,0.0,1.0
2021-11-19,24.8700008392334,24.875,24.780000686645508,24.780000686645508,107,56.47752543458216,0.40301403995505325,0.38425912670997514,0.01875491324507811,9.44781275900286,0.644657175911331,24.490179820407892,24.090737744570443,1,2.2887700534759357,-0.004859177827846839,-0.022253755487747773,0.014368161606117313,0.21985537501530958,0.256616696626042,0.08,278.919,1.54,0.0,1.0
2021-11-22,24.540000915527344,24.540000915527344,24.190000534057617,24.29700088500977,42,49.75228418804535,0.3377039551755665,0.37494809240309346,-0.03724413722752695,9.45489358693811,0.44149471174627053,24.471781826560452,24.098826495175906,1,0.9051724137931034,-0.019491516878610837,-0.03226189726450779,-0.011191584441431646,0.2303789402818753,0.25630869428811304,0.08,278.919,1.63,0.0,1.0
2021-11-23,23.399999618530273,23.604999542236328,23.399999618530273,23.434999465942383,23,40.48639629121716,0.21392296124694,0.3427430661718628,-0.1288201049249228,10.054852561068294,0.10682210143378085,24.37304064935873,24.072794062656946,1,0.5032822757111597,-0.0354776880960318,-0.06049554054798045,-0.027028189180536177,0.25431015800435514,0.26676785665396435,0.08,278.919,1.67,0.0,1.0
2021-11-24,23.496000289916992,23.496000289916992,23.496000289916992,23.496000289916992,3,41.319275249058855,0.11937184414132673,0.2980688217657556,-0.17869697762442888,10.557913365843714,0.1622066737892465,24.289512996078567,24.050174699020086,1,0.06928406466512703,0.0026029795333795125,-0.06639645325764265,-0.028649341010985485,0.25388843216619955,0.26683641513080447,0.08,278.919,1.64,0.0,1.0
2021-11-26,23.10700035095215,23.10700035095215,23.10700035095215,23.10700035095215,61278,37.696318916649865,0.012901636529861094,0.24103538471857672,-0.22813374818871562,11.481481605642337,0.06747952613233794,24.176892744161766,24.01318746968409,1,19.72510139702569,-0.016556006731570316,-0.07204525060521416,-0.04187918085163422,0.25958548954995825,0.268190701041644,0.08,278.919,1.48,1.0,1.0
2021-11-29,23.135000228881836,23.415000915527344,22.729999542236328,22.798999786376953,10390,35.07401765871427,-0.0952320655994221,0.17378189465497695,-0.26901396025439905,12.685573298368983,0.026137419887461513,24.045664843420354,23.965572266417144,1,2.866760477885385,-0.013329318383920152,-0.07994353694010026,-0.04785967521624057,0.2621300207346794,0.26835606575599213,0.08,278.919,1.52,1.0,1.0
2021-11-30,22.885000228881836,23.260000228881836,22.704999923706055,22.76499938964844,2513,34.786337767900875,-0.18157921925057252,0.10270967187386706,-0.28428889112443956,13.804353830362546,0.07264026498745174,23.923696704965888,23.918490977132098,1,0.6704372648934184,-0.0014913108928940044,-0.06305311106551048,-0.05398104350299027,0.2607079074970942,0.25688330784878793,0.08,278.919,1.43,1.0,1.0
2021-12-01,22.770000457763672,22.9950008392334,22.155000686645508,22.298999786376953,488,31.029788800653222,-0.28433460178238334,0.025300817142616987,-0.30963541892500035,15.270032824209492,0.002535511519794032,23.768963665100276,23.854981518671114,-1,0.12938634284729494,-0.020470002888881456,-0.04847449137843396,-0.051106392069065865,0.2576803126466976,0.2578333155755988,0.08,280.845,1.43,2.0,1.0
2021-12-02,22.295000076293945,22.399999618530273,22.239999771118164,22.280000686645508,127,30.883356462218316,-0.363116272955029,-0.05238260087691222,-0.3107336720781168,16.415225180677623,0.0434901161423323,23.627157667152204,23.79321756447403,-1,0.033626350349502225,-0.0008520157815801177,-0.051753472432212844,-0.04073017964110215,0.2554656827355353,0.25664602699395206,0.08,280.845,1.44,1.0,1.0
2021-12-03,22.40999984741211,22.469999313354492,22.040000915527344,22.44499969482422,197,33.80492997594466,-0.40753941327313115,-0.12341396335615601,-0.28412544991697514,17.50682728411965,0.12728102042818729,23.51457119359716,23.740346275468156,-1,0.05203518317969307,0.007405700318385167,-0.028649355003824706,-0.061114382753789775,0.2311915784310082,0.2569367049140164,0.08,280.845,1.35,2.0,1.0
2021-12-06,22.489999771118164,22.489999771118164,22.100000381469727,22.22800064086914,85,31.895412686604757,-0.455010009982896,-0.18973317268150403,-0.26527683730139195,18.724368066440324,0.12313923328079829,23.39204066476592,23.681038603523096,-1,0.022432767675701355,-0.009668035504812988,-0.025044920867493548,-0.07966212952722851,0.22666798127142954,0.2566423313383736,0.08,280.845,1.43,2.0,1.0
2021-12-07,22.385000228881836,22.559999465942383,22.375,22.48699951171875,52,36.50545274066225,-0.4663558950867852,-0.24505771716256028,-0.22129817792422493,19.339267408506842,0.2120477364896379,23.305846269237616,23.634213541099395,-1,0.013718325836620015,0.01165191935316967,-0.012211723495854865,-0.08354734032650435,0.22217866229654462,0.2578793182829439,0.08,280.845,1.48,2.0,1.0
2021-12-08,22.43000030517578,22.44499969482422,22.309999465942383,22.38999938964844,268,35.53528413053078,-0.4776684256884671,-0.2915798588677417,-0.18608856682072544,19.991634709443822,0.22013562196902578,23.21862275689579,23.58542082927779,-1,0.07045308166511127,-0.004313608937455582,0.0040808827365916844,-0.07909350378057156,0.22145222545501433,0.2577873584487756,0.08,280.845,1.52,2.0,1.0
2021-12-09,22.280000686645508,22.28499984741211,21.88999938964844,21.974000930786133,32,31.650441931220286,-0.5142730668874798,-0.33611850047168934,-0.17815456641579042,20.65555244032726,0.17078192273172077,23.100087344885345,23.52222789208204,-1,0.008409323837805165,-0.01857965476562884,-0.013734279462692678,-0.11277099548626746,0.21017724184780065,0.26029119686360164,0.08,280.845,1.49,2.0,1.0
2021-12-10,21.885000228881836,22.165000915527344,21.799999237060547,22.15999984741211,18,35.068447406920654,-0.5222537346842095,-0.3733455473141934,-0.14890818737001615,20.27712219227893,0.2346256612840035,23.010555202268847,23.468807184447925,-1,0.004730555446051957,0.008464499351385157,-0.012697698876682484,-0.12414531733143686,0.19215451563479746,0.2458223143611892,0.08,280.845,1.48,2.0,1.0
2021-12-13,22.2450008392334,22.290000915527344,22.1299991607666,22.290000915527344,7,37.42386005316349,-0.5121843295506956,-0.40111330376149384,-0.11107102578920175,19.33584377509835,0.2827174617494924,22.941930984483943,23.422579487627512,-1,0.0018398538630360216,0.005866474233320762,0.0027892870645418455,-0.12050185304971461,0.19508284199359766,0.2426226122762544,0.08,280.845,1.42,2.0,1.0
2021-12-14,22.25,22.25,21.65999984741211,21.886999130249023,3,33.381277470664244,-0.530606626581676,-0.4270119683255303,-0.10359465825614572,18.686745465097154,0.217556781046428,22.841461284080616,23.362360650083257,-1,0.0007900974453515934,-0.01807993578849909,-0.02668210052466291,-0.1282511321819857,0.1993555401074237,0.24520561987760484,0.08,280.845,1.44,2.0,2.0
2021-12-15,21.5,21.63999938964844,21.5,21.507999420166016,5,30.08942201888948,-0.5692268461244581,-0.4554549438853159,-0.11377190223914219,18.24782429173563,0.1590874788594347,22.714464916088748,23.28964060185121,-1,0.0013188610316130988,-0.01731620254689048,-0.0393925856867241,-0.13774858845191562,0.20286236868950733,0.24461979221260485,0.08,280.845,1.47,2.0,2.0
2021-12-16,22.135000228881836,22.454999923706055,22.1200008392334,22.454999923706055,88,44.75040043179041,-0.5174537375508024,-0.4678547026184132,-0.04959903493238915,16.066994515724517,0.4060504819632375,22.689753964433255,23.256909594865128,-1,0.023191155736516846,0.04403015292310841,0.021889459021821933,-0.10776015865696953,0.2658425393965419,0.2592033154221137,0.08,280.845,1.44,1.0,2.0
2021-12-17,22.450000762939453,22.506999969482425,22.450000762939453,22.506999969482425,31,45.42716063364105,-0.46684570025821515,-0.4676529021463736,0.0008072018881584708,13.749170768325675,0.44469628077801104,22.672348822056986,23.227501374261884,-1,0.008184062198872712,0.0023157446427544137,0.015658850381753853,-0.09614068468004733,0.26662971814047054,0.25846737055641505,0.08,280.845,1.41,1.0,2.0
2021-12-20,22.299999237060547,22.3700008392334,22.274999618530273,22.274999618530273,87,42.90219875098291,-0.440382500173218,-0.46219882175174254,0.021816321578524533,10.926696484000479,0.3867078881827847,22.634506040768727,23.190148364233195,-1,0.02297423980353064,-0.010307919814578792,-0.0006730056698481812,-0.1010896286804881,0.26729116318783824,0.2583041881690742,0.08,280.845,1.43,1.0,2.0
2021-12-21,22.225000381469727,22.739999771118164,22.225000381469727,22.50200080871582,188,46.06130233152291,-0.3965222627109348,-0.449063509943581,0.05254124723264619,8.34794517300729,0.5200236927513271,22.621886494858927,23.163162185585456,-1,0.049549965077817164,0.010190850463436485,0.028098949280663588,-0.07387743387709178,0.26701082476200827,0.2579715605912113,0.08,280.845,1.48,1.0,2.0
2021-12-22,22.46500015258789,22.79199981689453,22.46500015258789,22.79199981689453,190,49.87667868547815,-0.3345062325628554,-0.4261520544674359,0.09164582190458054,7.5026487240612685,0.7137232672827837,22.638087763624224,23.14860679857797,-1,0.049967126890203814,0.01288769877149698,0.059698736811599096,-0.02743757899300614,0.24404206950335156,0.2584603195611938,0.08,280.845,1.46,1.0,2.0
2021-12-23,22.809999465942383,22.930999755859375,22.719999313354492,22.930999755859375,419,51.64233052149771,-0.2710178236967913,-0.395125208313307,0.12410738461651571,6.489060843542678,0.8624606413157964,22.665984143837097,23.140073189059592,-1,0.10959119085606675,0.006098628469705769,0.021197944055693307,-0.024046668670670734,0.24510733243167732,0.24145248916583914,0.08,280.845,1.5,1.0,2.0
2021-12-27,22.68000030517578,22.979999542236328,22.68000030517578,22.979000091552734,3,52.26763640944898,-0.21435858400343122,-0.35897188345133185,0.14461329944790063,6.285729988188389,0.9129330119157655,22.69579518647668,23.1337565970005,-1,0.003949707063392798,0.0020932508919979664,0.020971258839929785,-0.005539458062722491,0.23835155704848834,0.23589742844650843,0.08,280.845,1.48,1.0,2.0
2021-12-28,23.05500030517578,23.295000076293945,23.05500030517578,23.111000061035156,154,54.02812655139781,-0.15699469683193712,-0.31857644612745295,0.16158174929551583,6.701971685046678,0.9645072306622059,22.7353385078632,23.132864183825387,-1,0.6215943491422805,0.0057443739482356815,0.03753088470580379,0.013684822912478412,0.2340006290547454,0.23196350788160494,0.08,280.845,1.49,1.0,2.0
2021-12-29,23.0049991607666,23.0049991607666,22.635000228881836,22.847999572753903,264,50.06597787630968,-0.1312424629640887,-0.2811096494947801,0.14986718653069142,6.777426255484851,0.7834154846715481,22.746068133090887,23.121693022606898,-1,1.9512195121951217,-0.01137988350078667,0.01537635550630978,0.0036459558678136883,0.237860963425999,0.2330468644762346,0.08,280.845,1.55,1.0,2.0
2021-12-30,22.774999618530273,23.084999084472656,22.6200008392334,23.027999877929688,194,52.626607222903026,-0.09521157205116637,-0.2439300340060574,0.14871846195489102,7.1453718275666125,0.8578571010424336,22.772918775456485,23.118018781639165,-1,1.6086235489220564,0.007878164764605122,0.010354513115616193,0.03269205338968173,0.22592835135313805,0.2335446025967237,0.08,280.845,1.52,1.0,2.0
2021-12-31,23.225000381469727,23.32799911499023,23.200000762939453,23.32799911499023,86,56.61940458499441,-0.04196564633334887,-0.2035371564715157,0.16157151013816684,7.84491941076098,0.9654228187092159,22.825783569697794,23.12625330451568,-1,0.7254323070434416,0.013027585489439941,0.017312780225790858,0.04703762998413574,0.22921860357527377,0.23483127761473505,0.08,280.845,1.52,1.0,2.0
2022-01-03,23.309999465942383,23.309999465942383,22.790000915527344,22.790000915527344,31,48.6933385197882,-0.04268774726562086,-0.17136727463033674,0.12867952736471588,7.909816432477952,0.6495879048322253,22.822375697872037,23.11306693632006,-1,0.2811791383219955,-0.023062337957530876,-0.008224865106070012,0.015370961256135907,0.24553288565271475,0.23963723923208619,0.08,282.543,1.63,1.0,2.0
2022-01-04,22.954999923706055,23.038000106811523,22.954999923706055,23.038000106811523,7,52.02715716345688,-0.02298361453443931,-0.14169054261115727,0.11870692807671795,8.038200567904529,0.7613386041545666,22.842911355866274,23.110123139084433,-1,0.06582040432534086,0.01088192985175418,-0.0031586670430030495,0.036440500386395014,0.24473043223040633,0.24061138533842286,0.08,282.543,1.66,1.0,2.0
2022-01-05,23.13999938964844,23.149999618530273,22.78499984741211,23.149999618530273,437,53.49676653994028,0.00165045181125123,-0.11302234372667558,0.11467279553792681,8.328622316963392,0.7937515874895563,22.87215785707237,23.111686922592114,-1,3.479299363057325,0.004861511902052529,0.013217789365529642,0.0294837070844427,0.24231100982940493,0.24075688281360255,0.08,282.543,1.71,2.0,2.0
2022-01-06,22.76499938964844,22.799999237060547,22.049999237060547,22.173999786376953,103,41.55116635125254,-0.05692569879408538,-0.10180301474015754,0.044877315946072166,8.457583776163604,0.2841391788923606,22.805666612244234,23.074914878034658,-1,0.8777162334895612,-0.04215982065814328,-0.03708529164841701,-0.009647146456437605,0.2890896454446149,0.25636573497455434,0.08,282.543,1.73,2.0,1.0
2022-01-07,22.393999099731445,22.393999099731445,22.393999099731445,22.393999099731445,17,44.556464895644396,-0.08462016559569818,-0.09836644491126567,0.013746279315567489,8.122169689421078,0.38380899549966707,22.76646018248111,23.048212298493358,-1,0.14579759862778732,0.009921498848829868,-0.04003772508112835,0.01911341363223862,0.2828871402341638,0.25004823018518374,0.08,282.543,1.76,2.0,1.0
2022-01-10,22.354999542236328,22.489999771118164,22.354999542236328,22.445999145507812,377,45.27274440253662,-0.10120562549974821,-0.09893428102896219,-0.002271344470786016,7.943602199267623,0.4022519500548338,22.73594008372175,23.024596096415493,-1,2.801932367149758,0.002322052686739129,-0.015094416682763456,0.012906105598601947,0.28157210936731025,0.24848761790073592,0.08,282.543,1.78,2.0,1.0
2022-01-11,22.59000015258789,22.805999755859375,22.59000015258789,22.805999755859375,155,50.08094080263437,-0.08432859382388358,-0.09601314358794648,0.011684549764062899,7.846272352908425,0.5892243714870519,22.742612433449143,23.016023690903488,-1,1.091933779499824,0.016038520184280092,-0.01007033379097666,0.02314934137003921,0.2862666499204024,0.250601238888044,0.08,282.543,1.75,2.0,1.0
2022-01-12,23.200000762939453,23.200000762939453,23.200000762939453,23.200000762939453,1,54.765093107906374,-0.03871455882558905,-0.08455342663547499,0.04583886780988594,7.4591437319327065,0.7873923428542996,22.786173226733933,23.023238478042153,-1,0.007049700387733521,0.01727619974120409,0.002159876683935469,0.05999002535143294,0.2819948946667515,0.2530482374253607,0.08,282.543,1.74,2.0,1.0
2022-01-13,23.155000686645508,23.155000686645508,23.155000686645508,23.155000686645508,0,54.14022938929849,-0.006125625140111168,-0.06886786633640223,0.06274224119629106,5.81355813333302,0.771312638956275,22.821299651487415,23.02840562347758,-1,0.0,-0.0019396583971595938,0.044241044002861996,0.07657621865728959,0.2723317418786318,0.2470522133623831,0.08,282.543,1.7,2.0,1.0
2022-01-14,22.910999298095703,23.0,22.899999618530273,22.910999298095703,36,50.75838949009048,1.2324673768659977e-05,-0.055091828134368054,0.055104152808136714,5.656366599457091,0.5718606681183674,22.82984247497392,23.02380145385476,-1,0.2589928057553957,-0.010537740501581183,0.02308655082380784,0.02030725343749573,0.23317590095601248,0.2428431549320008,0.08,282.543,1.78,2.0,2.0
2022-01-18,23.399999618530273,23.48699951171875,23.399999618530273,23.48699951171875,207,57.506343112561524,0.050769854250884094,-0.03391949165731763,0.08468934590820172,6.040103037958626,0.9487019940246245,22.89242885942581,23.041966083574916,-1,1.4005412719891746,0.025140772173604997,0.046377991884548164,0.04354198887302263,0.24807358505847174,0.24758515297604827,0.08,282.543,1.87,2.0,2.0
2022-01-19,24.22599983215332,24.22599983215332,24.22599983215332,24.22599983215332,3,64.27128280837832,0.1489101681792917,0.002646440310004238,0.14626372786928746,7.481396307488762,1.234071932579001,23.01943561873319,23.0883987795976,-1,0.020891364902506964,0.03146422854336284,0.0622643204198543,0.08758699201054254,0.2633917524563815,0.25472379867227823,0.08,282.543,1.83,2.0,2.0
2022-01-20,24.711000442504883,24.711000442504883,24.711000442504883,24.711000442504883,21,67.8848199701263,0.26279325292982847,0.05467580283396909,0.20811745009585939,9.714202182074546,1.22973223714141,23.18053703052097,23.15203021735867,1,0.15526802218114602,0.020019838756370367,0.06512929439119497,0.09816903183709069,0.26848191972612656,0.25772003159302864,0.08,282.543,1.83,2.0,2.0
2022-01-21,24.31399917602539,24.31399917602539,24.31399917602539,24.31399917602539,17,62.32792649538121,0.3173534803749938,0.10721133834217404,0.21014214203281972,10.664132594211136,0.9709197422570589,23.288485806283298,23.197597627502464,1,0.13428120063191154,-0.016065770683918457,0.05005391729693742,0.06677778919613186,0.27646178908991853,0.2565764037219771,0.08,282.543,1.75,2.0,2.0
2022-01-24,23.795000076293945,23.795000076293945,23.795000076293945,23.795000076293945,0,55.8872493232221,0.31508189585487756,0.14878544984471476,0.1662964460101628,10.871245698167954,0.7381287080595922,23.336725260570027,23.221025174513894,1,0.0,-0.021345690438420384,0.038584121394989346,0.037678266522758186,0.2897922458270254,0.260248506354799,0.08,282.543,1.75,2.0,2.0
2022-01-25,23.94499969482422,23.94499969482422,23.684999465942383,23.895999908447266,100,56.82232516011606,0.31776845418491106,0.18258205071275402,0.13518640347215705,11.121825418681496,0.7536409217291523,23.389989512748812,23.247494771923048,1,0.9049773755656109,0.00424458213193879,0.017413905787516448,0.03990599300409192,0.2899159314389181,0.26034808135947407,0.08,282.543,1.78,2.0,2.0
2022-01-26,23.80699920654297,23.80699920654297,23.80699920654297,23.80699920654297,46,55.70183091838621,0.30915224356012416,0.20789608928222805,0.10125615427789611,11.289875371466705,0.7023789261569394,23.42970472168159,23.2694361223003,1,0.4376784015223597,-0.0037245021026650615,-0.017295493623105007,0.030115492348652628,0.29022811863237513,0.2600489144523984,0.08,282.543,1.85,2.0,2.0
2022-01-27,23.030000686645508,23.030000686645508,22.67300033569336,22.67300033569336,102,43.839713705356964,0.2084171003127011,0.20800029148832266,0.00041680882437844513,11.41038131036188,0.2764609052257341,23.357637637301757,23.24604648360983,1,1.0515463917525774,-0.0476330032614084,-0.08247339526189323,-0.007659280476756902,0.33857240623791013,0.27828772255129397,0.08,282.543,1.81,2.0,2.0
2022-01-28,22.809999465942383,22.809999465942383,22.302000045776367,22.302000045776367,38,40.779964084481314,0.09752296666037097,0.18590482652273232,-0.08838185986236136,11.964941126222481,0.16606995484340836,23.257100723823147,23.209025054675188,1,0.4260089686098655,-0.016363087567768386,-0.0827506456540863,-0.03152682977252952,0.34173587254311116,0.2761552542284582,0.08,282.543,1.78,2.0,2.0
2022-01-31,22.34000015258789,22.51499938964844,22.34000015258789,22.395000457763672,57,41.875119017611546,0.01694756185869295,0.15211337358992447,-0.13516581173123152,12.382555845534235,0.22532944837016516,23.174995936579386,23.17710252146297,-1,0.6495726495726496,0.004170048058309339,-0.058835873672681394,-0.03999479992379751,0.33818159368637013,0.2754062303635661,0.08,282.543,1.79,2.0,2.0
2022-02-01,22.4950008392334,23.0,22.4950008392334,22.59600067138672,411,44.273747919879995,-0.030340246079912703,0.11562264965595703,-0.14596289573586974,12.500525038001307,0.30054200549385696,23.11985353037056,23.154314213616843,-1,3.850117096018735,0.008975227037933298,-0.05440237872619824,-0.008512515855514824,0.33054733783668333,0.26926053051469345,0.08,284.5,1.81,2.0,2.0
2022-02-02,22.809999465942383,22.81999969482422,22.61000061035156,22.711000442504883,135,45.655535980908596,-0.057869569747968086,0.08092420577517201,-0.1387937755231401,12.62236754423901,0.34726423065925804,23.080915141050017,23.13692935984775,-1,1.1931064958020325,0.005089386072810065,-0.04603682952771593,-0.014193925809122598,0.3285766726108838,0.26855228214972265,0.08,284.5,1.78,2.0,2.0
2022-02-03,22.545000076293945,22.565000534057617,22.375,22.375,74,42.35126578949061,-0.10558210000398205,0.0436229446193412,-0.14920504462332324,12.983535072447793,0.252234188974961,23.013685127616682,23.10704977710862,-1,0.7789473684210526,-0.014794612124441664,-0.013143401018004153,-0.033477305887725795,0.33160805977443075,0.26770263894806723,0.08,284.5,1.82,2.0,2.0
2022-02-04,22.530000686645508,22.530000686645508,22.475000381469727,22.475000381469727,42,43.65821643795329,-0.13378325880522013,0.008141703934428937,-0.14192496273964905,12.694021460992811,0.27567633796325547,22.96238181845983,23.082263526299254,-1,0.4567699836867863,0.004469290791943026,0.007757166861190212,0.013574483538946414,0.29371335075832466,0.2674998482776154,0.08,284.5,1.93,2.0,2.0
2022-02-07,23.05500030517578,23.079999923706055,23.05500030517578,23.076000213623047,11,50.86755131582012,-0.10641058169646556,-0.01476875319174996,-0.0916418285047156,12.337383592435144,0.46786565644242656,22.97320261799918,23.082017906194306,-1,0.12002182214948172,0.026740815214794544,0.030408561819130986,0.030454637014778685,0.30616183131806857,0.27046727194396375,0.08,284.5,1.92,2.0,2.0
2022-02-08,23.19499969482422,23.229999542236328,23.19499969482422,23.19499969482422,9,52.172512447261084,-0.07425925974396819,-0.026666854502193606,-0.04759240524177458,11.982200188135382,0.4962955116728687,22.994326149125374,23.08644856457195,-1,0.12286689419795221,0.005156850411663694,0.026509072651781818,0.033369000170629715,0.30642609552664224,0.2667214149977371,0.08,284.5,1.96,2.0,2.0
2022-02-09,23.336000442504883,23.336000442504883,23.336000442504883,23.336000442504883,40,53.74032024428395,-0.03697529532524868,-0.02872854266680462,-0.00824675265844406,11.871287441230152,0.5377823137453904,23.02686655801866,23.09623491272618,-1,0.5925925925925926,0.006078928628402869,0.027519703571943,0.023239528734509296,0.3023091169921601,0.26709081065119034,0.08,284.5,1.94,2.0,2.0
2022-02-10,23.518999099731445,23.518999099731445,23.518999099731445,23.518999099731445,182,55.76694506902324,0.007255342278149612,-0.021531765677813775,0.028787107955963388,11.910701614187404,0.5979602850207094,23.073736323896068,23.11281390045188,-1,2.3775310254735467,0.007841903229194536,0.0511284513846455,0.013749927857828803,0.2975485076828001,0.2672119533846532,0.08,284.5,2.03,2.0,2.0
2022-02-11,23.170000076293945,23.36599922180176,23.149999618530273,23.36599922180176,26,53.65066233504756,0.029621175297496194,-0.011301177482751782,0.04092235278024797,11.907258002180802,0.5388886749322513,23.101570885601372,23.12274273658325,-1,0.33397559409120103,-0.006505373688773686,0.03964399667226037,0.009112439166453878,0.2985283777141846,0.2672131029338514,0.08,284.5,1.92,2.0,2.0
2022-02-14,23.915000915527344,23.915000915527344,23.829999923706055,23.844999313354492,44,58.90818715120406,0.08501753410834212,0.007962564835467,0.07705496927287511,11.994423044782565,0.6931811738562532,23.17237359300643,23.151066523907613,1,0.5623003194888179,0.020499876209265633,0.033324626998289864,0.04076644598109791,0.30346024888724055,0.27003719249814145,0.08,284.5,1.98,2.0,2.0
2022-02-15,23.165000915527344,23.33799934387207,23.165000915527344,23.33799934387207,41,52.163503678886684,0.08700593693182412,0.023771239254738424,0.0632346976770857,11.97788311844269,0.5144951284688752,23.18814747404125,23.15839722272975,1,0.586132952108649,-0.021262318476917508,0.006165106744095317,-0.006343942220986443,0.30177655753084953,0.2726147154900915,0.08,284.5,2.05,2.0,2.0
2022-02-16,23.60099983215332,23.60099983215332,23.60099983215332,23.60099983215332,11,55.039263657297354,0.10855237767428605,0.04072746693864795,0.0678249107356381,11.497306096041603,0.6251215709555628,23.2274667462424,23.175754187805186,1,0.15636105188343996,0.011269195975460056,0.011355818676012763,-0.025798728817395866,0.2820984435104888,0.2736490292032898,0.08,284.5,2.03,2.0,2.0
2022-02-17,23.874000549316406,23.874000549316406,23.874000549316406,23.874000549316406,101,57.87047171194483,0.14597426307042838,0.06177682616500404,0.08419743690542433,10.32792711466087,0.7708035832903062,23.28904139415421,23.20313639806053,1,1.3584398117014123,0.011567336939308781,0.015094241386701457,-0.03387155024888311,0.2752965706830949,0.2719210262619156,0.08,284.5,1.97,2.0,2.0
2022-02-18,24.0,24.0,23.924999237060547,23.99099922180176,170,59.060301505092134,0.1829631071195692,0.08601408235591708,0.09694902476365212,9.89103935929012,0.8409649100653857,23.355894520596834,23.234032979383716,1,2.073170731707317,0.004900673108542142,0.026748267603160736,-0.013284526000236108,0.27073019938856013,0.26163487119570417,0.08,284.5,1.92,1.0,2.0
2022-02-22,24.209999084472656,24.31100082397461,24.209999084472656,24.31100082397461,175,62.20439496279281,0.2353851143727752,0.11588828875928871,0.1194968256134865,10.504141578733615,0.9412546601431078,23.446857025680433,23.276267012504928,1,1.9283746556473829,0.013338402423941131,0.019542945021564062,0.021685259341299057,0.26317683462486857,0.26292621917182707,0.08,284.5,1.94,1.0,2.0
2022-02-23,24.55500030517578,24.55500030517578,24.55500030517578,24.55500030517578,20,64.44649342766189,0.29323838220973286,0.15135830744937753,0.14188007476035533,11.358404766376298,0.9873494151288386,23.55239448087047,23.32641341613908,1,0.23054755043227665,0.01003658726219725,0.052146756170993847,0.027577854002901914,0.2648797498081958,0.26112361408668316,0.08,284.5,1.99,1.0,2.0
2022-02-24,25.354999542236328,25.38999938964844,24.68600082397461,24.68600082397461,107560,65.62550613951561,0.3456734524453253,0.1902213364485671,0.15545211599675823,12.381766316085423,0.9763864831220944,23.66035698973753,23.379730569387533,1,19.69079808510833,0.005334983391191983,0.045972670629958357,0.03692198289274784,0.2645205839670074,0.259519163437132,0.08,284.5,1.96,1.0,2.0
2022-02-25,24.31999969482422,24.524999618530273,23.899999618530273,23.996999740600582,13916,55.24817739844692,0.32785271219043466,0.21774761159694062,0.11010510059349404,12.332410028113562,0.714986366401773,23.69241820410544,23.40393720355275,1,2.261605844161121,-0.027910599545345582,0.005152014260454418,0.05839542121925945,0.2185020851326078,0.2664876100053078,0.08,284.5,1.97,2.0,2.0
2022-02-28,24.549999237060547,24.854999542236328,24.280000686645508,24.361000061035156,788,58.94200943852795,0.3391914431115488,0.24203637789986227,0.09715506521168654,12.039555066079227,0.8115951347170939,23.756092666670174,23.441469080316768,1,0.12728873381631978,0.01516857625408563,0.015422485566885413,0.09232355891994226,0.2100085610004381,0.2641922679563453,0.08,284.5,1.83,1.0,2.0
2022-03-01,24.450000762939453,25.565000534057617,24.34000015258789,25.534000396728516,409,68.08424803839063,0.43778231100407083,0.281185564520704,0.15659674648336686,13.398411881724195,1.0989588734841134,23.925417212390016,23.52352913194076,1,0.06588007892723392,0.04815074638785233,0.05030642636266247,0.14016520985944636,0.2587803482800302,0.2801328831739345,0.2,287.674,1.72,1.0,2.0
2022-03-02,25.309999465942383,25.40999984741211,25.030000686645508,25.183000564575195,893,63.52598165446899,0.482036909654024,0.321355833547368,0.160681076106656,13.832038855139306,0.9309050240626676,24.045187055455273,23.588606443024464,1,0.14328463581153175,-0.013746370592141566,0.025575249504967035,0.11448928201105923,0.26845507221301934,0.2818510805824971,0.2,287.674,1.86,2.0,2.0
2022-03-03,25.30500030517578,25.540000915527344,25.13999938964844,25.204999923706055,147,63.690065688124484,0.5129709525195096,0.3596788573417964,0.15329209517771325,14.084236206677685,0.8904589714806627,24.155645423860108,23.651994422659037,1,0.0235843380742666,0.0008735797417964708,0.021024025050967454,0.1098146022899773,0.2689405473966205,0.28081785594012415,0.2,287.674,1.86,1.0,2.0
2022-03-04,25.295000076293945,25.834999084472656,25.2549991607666,25.781999588012695,838,67.78369617419457,0.5773896664184157,0.4032210191571203,0.17416864726129544,14.324357755288691,0.9991794775436253,24.310536296636545,23.735524036986632,1,0.1336278035129123,0.02289227002789862,0.07438429248270007,0.15226813801174055,0.26467912350411954,0.28331466274054534,0.2,287.674,1.74,1.0,2.0
2022-03-07,26.155000686645508,26.28499984741211,25.71299934387207,25.71299934387207,526,66.81361539865122,0.6157759365625424,0.4457320026382047,0.17004393392433764,14.077492645320412,0.9368266093819485,24.444104205897073,23.813072088237043,1,0.0835537341053317,-0.002676295292965092,0.05549851317472809,0.14407114159926881,0.26682351341270677,0.2831711047891153,0.2,287.674,1.78,1.0,2.0
2022-03-08,25.850000381469727,27.309999465942383,25.645000457763672,26.88800048828125,1151,73.71281963983665,0.7325655450720632,0.5030987111249764,0.22946683394708678,16.216283550327965,1.124898558644861,24.676856232790804,23.933657515689756,1,0.18119278692137555,0.04569677495399649,0.05302733886250799,0.16519328477071893,0.29146515489807645,0.2927031633732843,0.2,287.674,1.86,0.0,2.0
2022-03-09,26.899999618530273,26.899999618530273,25.756999969482425,25.756999969482425,757,60.64400662425397,0.7254967861930375,0.5475783261385887,0.17791846005444878,16.12731581968546,0.8069493561516058,24.779727064856672,24.005161141328685,1,0.11847098869282836,-0.04206339252677993,0.022793129970170023,0.11045485269956257,0.34251460822208424,0.30748714447072295,0.2,287.674,1.94,0.0,1.0
2022-03-10,26.030000686645508,26.20199966430664,25.59000015258789,26.20199966430664,68,63.39397255622041,0.747189366302937,0.5875005341714584,0.15968883213147855,16.3939691780823,0.874754363747886,24.91518159813762,24.091311671641545,1,0.01063971272775635,0.017276844949002612,0.039555633549630764,0.12281449980526826,0.34511062316821095,0.3088766827970559,0.2,287.674,1.98,0.0,1.0
2022-03-11,26.03499984741211,26.200000762939453,25.920000076293945,26.106000900268555,91,62.38131737605317,0.7480119779039178,0.6196028229179503,0.1284091549859675,16.436660494996794,0.8165826769295307,25.02859296024533,24.170319092372015,1,0.014248582970594682,-0.0036637953311959848,0.012566958243475534,0.10999625407386704,0.34662282881664436,0.3060879679552681,0.2,287.674,2.0,0.0,2.0
2022-03-14,25.950000762939453,25.950000762939453,25.243999481201172,25.243999481201172,322,54.03465200292241,0.6713684751824545,0.6299559533708512,0.041412521811603265,15.52963851925152,0.5866934087685285,25.04910786700303,24.212424205659435,1,0.050301496547630206,-0.03301928251517505,-0.018239796003521103,0.08037320559555328,0.37120616365837217,0.3123903202307985,0.2,287.674,2.14,0.0,1.0
2022-03-15,24.885000228881836,25.12299919128418,24.885000228881836,25.12299919128418,25,52.96338601557063,0.5940167792656226,0.6227681185498055,-0.028751339284182942,14.998855414506107,0.5401669463857227,25.056145135982188,24.248133028625112,1,0.003905975361107422,-0.0047932297735586715,-0.065642712918215,0.05359613817283426,0.3671432672185355,0.3011398644263959,0.2,287.674,2.15,0.0,1.0
2022-03-16,24.975000381469727,25.06999969482422,24.600000381469727,24.670000076293945,71,49.043260949840366,0.4905074951803883,0.5963159938759222,-0.10580849869553388,13.773704810511067,0.3929633557856312,25.01936941601188,24.264676834416047,1,0.01109037090261561,-0.018031251425880357,-0.04220211571519927,0.05707433241365756,0.36445012916158226,0.3039315337050507,0.2,287.674,2.19,0.0,1.0
2022-03-17,25.200000762939453,25.63999938964844,25.200000762939453,25.583999633789062,30,56.10305164600595,0.4767322943419323,0.5723992539691242,-0.09566695962719185,12.779162513560994,0.6387407194559489,25.07314372246685,24.316414983411068,1,0.004685376938574708,0.03704902937448318,-0.023585987269492348,0.08402185567300258,0.3826722047841188,0.3111307747522412,0.2,287.674,2.2,0.0,1.0
2022-03-18,25.40999984741211,25.40999984741211,25.049999237060547,25.05500030517578,8,51.643419783216885,0.41830753477180593,0.5415809101296606,-0.12327337535785465,11.900009411073924,0.45252615107357963,25.071415777962937,24.34537911367635,1,0.0012503418903606455,-0.020676959669536088,-0.04025896571090526,0.049468029181778395,0.3914640789255035,0.31427888682759736,0.2,287.674,2.14,0.0,1.0
2022-03-21,25.174999237060547,25.3700008392334,25.165000915527344,25.281999588012695,6,53.35680442371409,0.3858743179585922,0.510439591695447,-0.12456527373685478,11.031284258758388,0.5072126378699313,25.09147137892006,24.382109328356208,1,0.000938959789047034,0.009060039116823404,0.0015053124541466456,0.053811863118971015,0.3920844652376128,0.3138075816974525,0.2,287.674,2.32,0.0,1.0
2022-03-22,25.19499969482422,25.19499969482422,24.76499938964844,24.885000228881836,48,50.01883131451655,0.32439678533428307,0.4732310304232142,-0.14883424508893112,10.567613932109833,0.3482384882068181,25.0718074598688,24.40183054014153,1,0.007519150336012031,-0.015702846515316504,-0.009473349920932628,0.023610685922118346,0.39520230027805103,0.3157158452345709,0.2,287.674,2.38,0.0,1.0
2022-03-23,25.0,25.270000457763672,25.0,25.170000076293945,26,52.32465639714102,0.2952688283955851,0.4376385900176884,-0.1423697616221033,10.227288193341495,0.4415566822060706,25.081159137623576,24.43195483567692,1,0.004072681704260651,0.011452676101699755,0.02026753135199466,0.02504580588372196,0.39564803842069296,0.3163815834355664,0.2,287.674,2.32,0.0,1.0
2022-03-24,25.454999923706055,25.905000686645508,25.454999923706055,25.899999618530273,68,57.706776483433295,0.32731647429556077,0.41557416687326293,-0.08825769257770216,10.115728111785517,0.701726857856632,25.159143945328974,24.489525219318228,1,0.06736675252625322,0.029002762813809868,0.012351469248923275,0.04917762108217416,0.40728442538647375,0.32111490150486954,0.2,287.674,2.34,0.0,1.0
2022-03-25,25.825000762939453,25.96500015258789,25.594999313354492,25.594999313354492,59,54.91724869168619,0.3243644178294325,0.39733221706449684,-0.07296779923506436,8.774886570496662,0.5595497202652561,25.200653980379023,24.532877144574552,1,0.18638445743168536,-0.011776073732355119,0.021552544466230117,0.06659164020618169,0.39482397724329377,0.3211870878179465,0.2,287.674,2.48,0.0,1.0
2022-03-28,25.184999465942383,25.209999084472656,25.030000686645508,25.176000595092773,22,51.251934221367996,0.28493069329715226,0.37485191231102793,-0.08992121901387568,7.901953591323785,0.33788334379094986,25.19830603892319,24.558097672045857,1,0.07906558849955077,-0.01637033520227915,-0.00419266650768324,0.033455134518930896,0.3981600677047442,0.32313031717382146,0.2,287.674,2.46,0.0,1.0
2022-03-29,24.2549991607666,24.715999603271484,24.2549991607666,24.715999603271484,312,47.50342846418523,0.21409301583116402,0.3427001330150552,-0.12860711718389117,8.357860439718902,0.1495400937818706,25.152372092670646,24.56428990464294,1,1.141185076810534,-0.018271408521929877,-0.00679126478022718,-0.03203574765988626,0.36568310361353423,0.32477439421345955,0.2,287.674,2.41,0.0,1.0
2022-03-30,25.1299991607666,25.225000381469727,25.01499938964844,25.10300064086914,109,50.7659369102364,0.18702548217379444,0.31156520284680306,-0.12453972067300861,8.396514976672076,0.3340173161425794,25.14767004964193,24.5854158158675,1,0.4654141759180188,0.015657915674445633,-0.002661876647664707,-0.003176743116886205,0.3675335051414996,0.322112989584538,0.2,287.674,2.35,0.0,1.0
2022-03-31,24.875,25.121000289916992,24.875,25.121000289916992,26,50.91871925875693,0.1651232499483477,0.282276812267112,-0.11715356231876428,8.433973999371188,0.3450682939815809,25.14513007252527,24.60641912857532,1,0.11396011396011396,0.0007170317726299391,-0.030077194597946777,-0.0033326575696617233,0.3675280974105424,0.32154387251224176,0.2,287.674,2.32,0.0,1.0
2022-04-01,24.86000061035156,24.8700008392334,24.642000198364254,24.642000198364254,3,46.76018778581619,0.10787080144331185,0.24739561010235198,-0.13952480865904013,8.80215647200282,0.16243920489488256,25.097212941652792,24.607814464645475,1,0.016094420600858368,-0.01906771569701382,-0.037233801154782586,-0.04421687254151074,0.36311012201895254,0.3242355909049086,0.33,288.561,2.39,0.0,1.0
2022-04-04,24.434999465942383,24.583999633789062,24.434999465942383,24.583999633789062,94,46.26744604179692,0.057158771948255804,0.20934824247153275,-0.15218947052327694,9.165642379429817,0.1744362342167247,25.048335483761008,24.60688054970993,1,0.5703883495145631,-0.002353727948555151,-0.02351449584169063,-0.043907740788398986,0.36310699106507255,0.31104273845414454,0.33,288.561,2.42,0.0,1.0
2022-04-05,24.635000228881836,24.635000228881836,24.420000076293945,24.527999877929688,88,45.76599948093392,0.012308525899836553,0.16994029915719353,-0.15763177325735697,7.711069112881693,0.1430916811378952,24.998779711777072,24.603787190032275,1,0.7881773399014778,-0.002277894431075733,-0.007606397813540666,-0.08777151768425973,0.31807989987042395,0.31067909506138447,0.33,288.561,2.54,0.0,1.0
2022-04-06,24.385000228881836,24.459999084472656,24.34000015258789,24.454999923706055,17,45.08010830099055,-0.028794182035138505,0.13019340291872714,-0.15898758495386564,7.906992386921023,0.1470631360330081,24.946991160532214,24.597952395274383,1,0.2277294038847957,-0.0029761886247120506,-0.025813675680990245,-0.050549367058237205,0.28392117129708694,0.3108104773085505,0.33,288.561,2.61,0.0,1.0
2022-04-07,24.545000076293945,24.732999801635746,24.459999084472656,24.732999801635746,83,48.26022807732808,-0.038492391072022514,0.09645624412057721,-0.13494863519259973,7.065274273176701,0.3021695209451558,24.926611031113502,24.603248371994436,1,1.1007957559681696,0.011367813485871459,-0.015445264273054482,-0.0560644180402774,0.27926874161812487,0.31003594891353475,0.33,288.561,2.66,0.0,1.0
2022-04-08,24.819000244140625,24.924999237060547,24.819000244140625,24.819000244140625,13,49.23944947076022,-0.03879160910825874,0.06940667347481003,-0.10819828258306877,6.054109896696733,0.3677951986925824,24.916362384735134,24.61170922972566,1,0.18181818181818182,0.0034771537296172106,0.00718286033404536,-0.04929903515458356,0.28015144714002455,0.30832623967764045,0.33,288.561,2.72,0.0,1.0
2022-04-11,25.51499938964844,25.51499938964844,24.97800064086914,24.97800064086914,46,51.08276830382513,-0.02590017724254068,0.05034530333133989,-0.07624548057388056,6.001791555610543,0.4813771054176188,24.922232694843135,24.62607359879011,1,0.7972270363951472,0.00640639812903232,0.01602672522572579,-0.010537111622511142,0.25630726271029397,0.3084448673373562,0.33,288.561,2.79,0.0,1.0
2022-04-12,25.219999313354492,25.774999618530273,25.219999313354492,25.725000381469727,22,58.67536142278519,0.04408482905050448,0.04909320847517281,-0.005008379424668329,6.490592295895308,0.9239725927799185,24.998686760236144,24.66916876673833,1,0.3822762814943528,0.02990630640702041,0.04880139063507993,0.023962154582021222,0.2767795097172539,0.3127639666366749,0.33,288.561,2.72,0.0,1.0
2022-04-13,25.6200008392334,26.024999618530273,25.6200008392334,26.020000457763672,120,61.2343131826703,0.1219467650921473,0.06366391979856771,0.05828284529357959,7.1647862438448024,1.0095309713287595,25.09595473142924,24.722142558543247,1,2.0,0.01146744691620838,0.06399511506604205,0.05472235011328497,0.2691272125940479,0.30976108816125464,0.33,288.561,2.7,0.0,1.0
2022-04-14,25.690000534057617,25.690000534057617,25.690000534057617,25.690000534057617,61,56.98344050942109,0.15523521947195817,0.08197817973324581,0.07325703973871237,7.262260139955622,0.8187057821073863,25.152530522155754,24.7600977732693,1,0.9910641754671,-0.012682548727918741,0.0386932737677288,0.004143249757108336,0.2427099550708736,0.30504136910055657,0.33,288.561,2.83,0.0,1.0
2022-04-18,26.13999938964844,26.13999938964844,26.13999938964844,26.13999938964844,0,60.96305764504291,0.21544419962324568,0.1086713837112458,0.10677281591199989,8.072602775950791,0.9809191688342164,25.246575176202676,24.814211562146916,1,0.0,0.017516498491086274,0.05322531659266505,0.04330469252672575,0.23651001575538674,0.3044339790686289,0.33,288.561,2.85,0.0,1.0
2022-04-19,26.03499984741211,26.03499984741211,25.391000747680664,25.391000747680664,30,52.29160432136665,0.20041209354921108,0.12701952567883887,0.07339256787037221,8.09991328215282,0.6091176710851007,25.26032999253391,24.836830745893337,1,0.48115477145148355,-0.02865335346045894,0.01653455425634709,0.004311413711107326,0.25932083167065817,0.308643467056028,0.33,288.561,2.93,0.0,1.0
2022-04-20,25.21500015258789,25.270000457763672,25.21500015258789,25.270000457763672,7,51.02881557879136,0.1766984591838785,0.13695531237984682,0.03974314680403168,8.033108966667406,0.5406255916438242,25.26125098922246,24.853817793417665,1,0.11608623548922056,-0.004765479357013769,-0.017687071601903637,0.015471176425186473,0.2531469465541347,0.30536208692001876,0.33,288.561,2.85,0.0,1.0
2022-04-21,25.280000686645508,25.280000686645508,24.621000289916992,24.621000289916992,52,44.782168921230365,0.10433365010436546,0.13043097992475056,-0.026097329820385096,8.27871850180791,0.24106499870836567,25.20027473214575,24.84468769524117,1,0.8441558441558441,-0.02568263379857949,-0.0537663390943276,-0.02181167201878642,0.2667877124433741,0.3102493154597357,0.33,288.561,2.9,0.0,1.0
2022-04-22,24.725000381469727,24.725000381469727,24.21500015258789,24.256999969482425,17,41.69899065708935,0.017411524550375646,0.10782708884987557,-0.09041556429949993,8.407811922397855,0.11053388042075064,25.11043904046353,24.821641117760436,1,0.28789161727349705,-0.014784140211542729,-0.05578048013955628,-0.06343628082034247,0.24647706244954215,0.31173922851633745,0.33,288.561,2.9,0.0,1.0
2022-04-25,23.667999267578125,23.667999267578125,23.667999267578125,23.667999267578125,11,37.23205911225286,-0.09787408877974002,0.06668685332395245,-0.1645609421036925,9.535511177191221,-0.05154061328375065,24.973063823998253,24.776400260890544,1,0.1941747572815534,-0.024281679624245323,-0.09456771919624607,-0.07528814602354506,0.25629936197570496,0.2991358296809825,0.33,288.561,2.81,0.0,1.0
2022-04-26,23.54199981689453,23.594999313354492,23.54199981689453,23.54199981689453,4,36.33535193069933,-0.1971334390071,0.013922794857741963,-0.21105623386484196,10.773326799796575,-0.006286132502802317,24.836772013797898,24.72799240034168,1,0.07174887892376682,-0.005323620693879039,-0.07282111284861548,-0.06490311167679019,0.2520526050464975,0.2972611968915526,0.33,288.561,2.77,0.0,1.0
2022-04-27,23.45800018310547,23.45800018310547,23.45800018310547,23.45800018310547,37579,35.71774655414258,-0.279355026763767,-0.04473276946655983,-0.23462225729720718,11.923030929936356,0.034250071922329796,24.70546041087481,24.678188783979476,1,19.581574696472305,-0.0035680755433861178,-0.07170558930882431,-0.05089818094994236,0.2456957793833234,0.2973216465932408,0.33,288.561,2.82,0.0,1.0
2022-04-28,23.309999465942383,23.40999984741211,22.895000457763672,23.128999710083008,8170,33.32829306348283,-0.3668351685605096,-0.10915324928534978,-0.2576819192751598,13.340571026699138,0.01229645389203607,24.555321296513686,24.617436271277654,-1,3.5182912387227354,-0.0140250861307184,-0.060598698763876024,-0.07863605467038648,0.23910738249014726,0.29837165974651125,0.33,288.561,2.85,0.0,1.0
2022-04-29,23.225000381469727,23.53499984741211,22.73500061035156,23.040000915527344,1021,32.69117870117273,-0.43829290237082574,-0.17498117990244497,-0.26331172246838075,14.585185823065814,0.05621912028328628,24.41100506975308,24.55557606124823,-1,0.430456595977908,-0.0038479309815057094,-0.05017104569757924,-0.0828390330947496,0.23843689728154577,0.2983337569622567,0.33,288.561,2.89,0.0,1.0
2022-05-02,22.71500015258789,22.829999923706055,22.1200008392334,22.54400062561035,273,29.326476029277558,-0.528850490137291,-0.2457550419494142,-0.2830954481878768,16.42341468486403,0.007123932089147964,24.233195122691868,24.476690750046746,-1,0.11444621447136748,-0.021527789505543016,-0.047490226328826046,-0.08513917522381842,0.24067810894907318,0.30014622849703193,0.77,291.298,2.99,0.0,1.0
2022-05-03,22.63999938964844,22.78499984741211,22.475000381469727,22.621000289916992,167,30.52199111881683,-0.5876309575864127,-0.31413022507681393,-0.2735007325095988,17.835380697076673,0.08451545091841077,24.079652757665688,24.4039185751397,-1,0.06990226240555869,0.0034155279528855775,-0.03912155017164676,-0.0798486565698634,0.2422085425189995,0.3000891975582906,0.77,291.298,2.97,0.0,1.0
2022-05-04,22.584999084472656,23.020000457763672,22.315000534057617,22.36199951171875,225,28.75969260301055,-0.6476484120243455,-0.3808338624663203,-0.26681454955802525,19.37918138195287,0.08394024702587692,23.916066734242168,24.323843317750644,-1,0.0939104303184607,-0.011449572294717991,-0.046721828921122754,-0.08830725607430823,0.24347271349608907,0.29593598112052266,0.77,291.298,2.93,1.0,1.0
2022-05-05,23.1200008392334,23.2450008392334,22.3700008392334,22.399999618530273,768,29.403738398412756,-0.6842586779263726,-0.4415188255583308,-0.24273985236804185,20.641385104179594,0.1358780988732492,23.771679389888654,24.248398466800825,-1,0.31560130678666093,0.0016993161453031647,-0.03151887676469334,-0.08403190805916605,0.24445558212789567,0.2957383177274254,0.77,291.298,3.05,0.0,1.0
2022-05-06,22.280000686645508,22.48500061035156,22.09000015258789,22.325000762939453,363,28.849390870716036,-0.7111269296867562,-0.49544044638401585,-0.21568648330274032,21.730281547323436,0.16106546849872616,23.63390047303635,24.172971105865088,-1,0.14831763672393716,-0.0033481632530376615,-0.03103299150070915,-0.09735976460635543,0.23741146355778137,0.29546448000994324,0.77,291.298,3.12,1.0,1.0
2022-05-09,22.170000076293945,22.190000534057617,21.665000915527344,21.781999588012695,693,25.152092477540904,-0.7673898767332155,-0.5498303324538558,-0.21755954427935964,23.22754088085384,0.1105843190793862,23.457528960176955,24.0792075169297,-1,0.2792721997219368,-0.024322560195749965,-0.03380061286602387,-0.12236595456115995,0.24475638163433489,0.2989128159232022,0.77,291.298,3.05,1.0,1.0
2022-05-10,21.98500061035156,22.0,21.239999771118164,21.38999938964844,701,22.873099083396568,-0.8339960205652481,-0.6066634700761343,-0.22733255048911383,24.82394496894724,0.09684524556670973,23.26062138203138,23.973748374683375,-1,0.27881632328374834,-0.017996520327728915,-0.05441849982280644,-0.14364645524710218,0.24308438232447982,0.30073054022606194,0.77,291.298,2.99,1.0,1.0
2022-05-11,21.415000915527344,21.80500030517578,21.309999465942383,21.549999237060547,434,25.827240928507507,-0.8639125725424819,-0.6581132905694038,-0.20579928197307806,25.108383379438358,0.1602165728657985,23.097704987272255,23.878699388894244,-1,0.17121666403661037,0.007480123982122944,-0.0363116131110135,-0.16229353090375553,0.2084707292780011,0.2978992650517713,0.77,291.298,2.91,1.0,1.0
2022-05-12,21.479999542236328,21.575000762939453,20.655000686645508,20.756999969482425,196,21.443381358291916,-0.94076550985233,-0.714643734425989,-0.22612177542634093,25.513680226235657,0.07269520684149541,22.8747806998637,23.75627980381927,-1,0.07720790987158277,-0.036798111167185676,-0.07334819986731989,-0.2022675017559774,0.21750835073682395,0.30418130346125805,0.77,291.298,2.84,1.0,1.0
2022-05-13,20.63999938964844,21.114999771118164,20.63999938964844,20.983999252319336,35,25.349519598492762,-0.9721487457536568,-0.7661447366915226,-0.20600400906213423,25.336892124730536,0.1444425396226556,22.694706276288045,23.647562919446727,-1,0.013794190675127103,0.010936035225256546,-0.060067254861923325,-0.18318416441834884,0.231156159728251,0.3041211615797269,0.77,291.298,2.93,1.0,1.0
2022-05-16,21.094999313354492,21.604999542236328,21.084999084472656,21.53499984741211,211,33.9364685142441,-0.9417036694780201,-0.8012565232488221,-0.14044714622919796,23.000440383983115,0.253146794335907,22.58425804496653,23.564717308778704,-1,0.08281492238554075,0.026258130705560045,-0.011339626538994008,-0.17616678078653414,0.24615314113364603,0.3082541372612247,0.77,291.298,2.88,0.0,1.0
2022-05-17,21.655000686645508,21.73699951171875,21.55500030517578,21.73699951171875,197,36.80634376424806,-0.8910050904059474,-0.8192062366802473,-0.07179885372570016,21.063458277348378,0.3089119758662582,22.50356675608579,23.493042101050865,-1,0.07706752210312183,0.009380063419453188,0.01622254006413093,-0.1439093036258403,0.24378539364691137,0.308795605372144,0.77,291.298,2.98,0.0,1.0
2022-05-18,21.674999237060547,21.674999237060547,21.38999938964844,21.53300094604492,107,35.145852975474114,-0.8574034671364998,-0.8268456827714978,-0.030557784365002005,18.729204810556674,0.2792323538112701,22.41113191703428,23.416177742031024,-1,0.041777291894424494,-0.00938485394747568,-0.0007887838337551356,-0.14788284305593036,0.24358732270100497,0.30761891513935413,0.77,291.298,2.89,0.0,1.0
2022-05-19,21.434999465942383,21.89800071716309,21.424999237060547,21.89800071716309,100,40.33266594695192,-0.7921896384785114,-0.8199144739129006,0.027724835434389195,16.715045196479743,0.38541540601711455,22.36226227895131,23.356641388114635,-1,0.039007645498517714,0.01695071541736093,0.054969444012053614,-0.11059662648511681,0.2489525053401575,0.30907072428635224,0.77,291.298,2.84,0.0,1.0
2022-05-20,21.66900062561035,21.66900062561035,21.66900062561035,21.66900062561035,23,38.26494613021436,-0.7503361944004929,-0.8059988180104192,0.05566262360992624,14.954925367267874,0.34117751085411824,22.296237359585504,23.290459397428194,-1,0.008970708685986192,-0.010457579872725664,0.0326439857843257,-0.1066908252103731,0.24732403796896169,0.3091922066309332,0.77,291.298,2.78,0.0,1.0
2022-05-23,21.834999084472656,22.204999923706055,21.722999572753903,21.722999572753903,373,39.05833011664513,-0.7046865863689398,-0.7857363716821233,0.08104978531318352,13.809675862830101,0.3768099976329494,22.24164328464916,23.22899038469587,-1,0.1444616576297444,0.0024919906587537177,0.008729961767999894,-0.0821784584677,0.23833162144450812,0.3044794648119265,0.77,291.298,2.86,0.0,1.0
2022-05-24,22.062999725341797,22.065000534057617,22.03499984741211,22.062999725341797,101,43.94325591757372,-0.6337680882874182,-0.7553427150031823,0.12157462671576413,12.48462676827999,0.5138193932988051,22.224629612334173,23.183265260799633,-1,0.03904362448537797,0.015651620829304713,0.014997479916549539,-0.0628238935968114,0.24841032991692535,0.304592540848902,0.77,291.298,2.76,0.0,1.0
2022-05-25,21.864999771118164,21.969999313354492,21.829999923706055,21.86000061035156,97,41.78943383933672,-0.5871763956781813,-0.7217094511381821,0.13453305546000083,11.010095688009535,0.46477930705106657,22.189903040716782,23.131372529409514,-1,0.13609259908803928,-0.009200884626629935,0.015185977334325251,-0.06812173076479022,0.24932366647502005,0.28753486700555536,0.77,291.298,2.75,0.0,1.0
2022-05-26,21.94099998474121,21.94099998474121,21.94099998474121,21.94099998474121,206,42.990148207539725,-0.537519975355778,-0.6848715559817012,0.14735158062592324,9.863717323745083,0.5256167291058318,22.16619798776673,23.084691253148012,-1,0.6549038308694961,0.003705369264779268,0.001963616137085067,-0.051364077142682985,0.24729512975008897,0.2868491726411158,0.77,291.298,2.75,0.0,1.0
2022-05-27,22.010000228881836,22.395000457763672,22.010000228881836,22.059999465942383,105,44.79187512899681,-0.48299695266712916,-0.6444966353187869,0.1614996826516577,8.664881108031016,0.618015253092836,22.156083842831077,23.04450726149289,-1,0.39069767441860465,0.005423612473630657,0.018044156585141025,-0.042534783448055724,0.24887100830240313,0.2872136536126056,0.77,291.298,2.74,0.0,1.0
2022-05-31,21.600000381469727,21.674999237060547,21.600000381469727,21.650999069213867,46,40.10096392054268,-0.46740205824647774,-0.609077719904325,0.14167566165784728,8.177397027219577,0.4208479015416627,22.107980531058008,22.989859881403515,-1,0.17871017871017872,-0.018540362947875644,-0.003314482574052202,-0.03961149448257295,0.24590598125568047,0.2844171681089187,0.77,291.298,2.85,0.0,1.0
2022-06-01,21.4950008392334,21.88400077819824,21.48500061035156,21.88400077819824,30,43.71717613175863,-0.43127028602360795,-0.5735162331281817,0.14224594710457372,7.427338572703901,0.5797117774224907,22.086649126023744,22.946492857748407,-1,0.11973657952504489,0.010761707034373513,-0.00811308296115143,-0.032580323693610524,0.2493812173972178,0.28578286440869416,1.21,294.957,2.94,0.0,1.0
2022-06-02,21.829999923706055,22.325000762939453,21.825000762939453,22.253999710083008,23,48.98419491068949,-0.36853157206874343,-0.5325193009162941,0.16398772884755064,7.291336955723976,0.8179363809021465,22.10258727688653,22.919336263722315,-1,0.09565398211686421,0.016907280146570614,0.01802374605355106,-0.0048296129144956845,0.2547006586164094,0.2713820325330314,1.21,294.957,2.92,0.0,1.0
2022-06-03,22.405000686645508,22.40999984741211,21.88999938964844,21.88999938964844,33,44.56568759637318,-0.34421458160237606,-0.4948583570535105,0.15064377545113444,6.799629770235224,0.6121734544208739,22.082340811435284,22.878970111797848,-1,0.16200294550810015,-0.016356624659685015,-0.0023244426018976805,-0.022767867748530568,0.26096994690720515,0.25997191315067086,1.21,294.957,2.96,0.0,1.0
2022-06-06,22.073999404907227,22.073999404907227,22.073999404907227,22.073999404907227,3,47.16034688748771,-0.30656207125506185,-0.4571990998938208,0.15063702863875894,6.495119374834648,0.756877407116342,22.081546391765944,22.847402633096255,-1,0.01615508885298869,0.008405665618510527,0.000634630068167441,-0.011243061565708867,0.26296844786489065,0.25772682941953895,1.21,294.957,3.04,0.0,1.0
2022-06-07,22.024999618530273,22.159000396728516,22.024999618530273,22.159000396728516,3,48.36276489243756,-0.26678795045299,-0.4191168700056547,0.1523289195526647,6.730396615545247,0.792912302654178,22.08892296366714,22.820406466964187,-1,0.019841269841269844,0.0038507290981621978,0.023463181809332267,0.017307906337639345,0.24737889856906764,0.25808533831688646,1.21,294.957,2.98,0.0,1.0
2022-06-08,21.989999771118164,22.09000015258789,21.989999771118164,22.073999404907227,33,47.20591602500923,-0.2393662773721168,-0.38316675147894713,0.14380047410683033,6.692777096873252,0.7122647004639453,22.087501672356673,22.791135601785484,-1,0.2801358234295416,-0.0038359578635974723,0.008682079142414922,0.03197756123311546,0.23781557312999163,0.249973588701389,1.21,294.957,3.03,0.0,1.0
2022-06-09,22.05500030517578,22.065000534057617,21.725000381469727,21.79700088500977,17,43.5500342434596,-0.2372509877721214,-0.353983598737582,0.11673261096546061,6.627985021816002,0.5137530212715555,22.059834930704586,22.75214992661781,-1,0.17534811758638472,-0.01254863311429999,-0.02053558151464241,0.011461793814101062,0.24187934399499034,0.2508295983916524,1.21,294.957,3.04,0.0,1.0
2022-06-10,21.700000762939453,21.920000076293945,21.700000762939453,21.913000106811523,13,45.455109341937685,-0.22363649546004893,-0.3279141780820754,0.10427768262202647,5.042185004496272,0.5708928914042888,22.04585066176239,22.719242090546977,-1,0.14806378132118453,0.0053217973616512815,0.0010507408773139382,0.05569206238997371,0.19589262962648765,0.249113551287299,1.21,294.957,3.15,0.0,1.0
2022-06-13,21.649999618530273,21.649999618530273,21.05500030517578,21.236000061035156,61,37.500727784309696,-0.2644270080357707,-0.31521674407281447,0.05078973603704379,4.383747636733252,-0.1385334424015644,21.9687220331217,22.661075736448474,-1,0.6846240179573513,-0.030894904507663745,-0.03796318594109305,0.012009188795980785,0.22742111652042118,0.24318957944601066,1.21,294.957,3.43,0.0,1.0
2022-06-14,21.020000457763672,21.05500030517578,20.905000686645508,20.93600082397461,21,34.61040387513209,-0.317303536707783,-0.3156341025998082,-0.001669434107974821,5.593889504497202,-0.2223544373710349,21.87036763225055,22.59342573988087,-1,0.26381909547738697,-0.014126918261363142,-0.05519200103152966,-0.02781513943263303,0.21227725774979392,0.2414846038603891,1.21,294.957,3.49,0.0,2.0
2022-06-15,20.98500061035156,21.46500015258789,20.98500061035156,21.402000427246097,27,42.07829894450987,-0.31794126419032054,-0.31609553491791065,-0.0018457292724098906,5.834657339171178,0.18644014041963378,21.825761231773935,22.546703178601078,-1,0.379746835443038,0.022258291217578385,-0.030443009684585687,-0.015411468555816543,0.22516864721705993,0.2456777495511688,1.21,294.957,3.33,0.0,2.0
2022-06-16,21.69499969482422,21.924999237060547,21.3799991607666,21.867000579833984,38,48.40983001969049,-0.2777236166930983,-0.3084211512729482,0.030697534579849917,5.724087417050512,0.5395966445642116,21.829688788732035,22.520048174727858,-1,0.5617147080561714,0.021726948103220955,0.0032114369859184144,0.015511058334412686,0.2359071781939842,0.24909241257924453,1.21,294.957,3.28,0.0,2.0
2022-06-17,21.8700008392334,21.8799991607666,21.572999954223633,21.572999954223633,17,45.05629565982712,-0.26650216366911295,-0.3000373537521812,0.03353519008306827,5.79851854774779,0.31940461471910553,21.80524223306457,22.48290902882573,-1,0.2677165354330709,-0.013444945251498419,-0.015515910689116619,-0.014841572394539648,0.23311789939851257,0.2485412703637286,1.21,294.957,3.25,0.0,2.0
2022-06-21,21.799999237060547,21.799999237060547,21.7450008392334,21.753999710083008,7,47.468974416809225,-0.2402346383120353,-0.288076810664152,0.04784217235211674,5.774667656911745,0.4590610124933148,21.80036199278061,22.45432434965935,-1,0.11164274322169059,0.008390105977075235,0.024392524371776636,0.0039226121195545804,0.23225449091385555,0.24105239712068835,1.21,294.957,3.31,0.0,2.0
2022-06-22,21.594999313354492,21.594999313354492,21.395000457763672,21.406999588012695,12,43.52314625244851,-0.2445978730457199,-0.2793810231404656,0.034783150094745696,5.98937583585223,0.2067203985076414,21.762898906612236,22.413252790379087,-1,0.2687569988801792,-0.01595109527879035,0.022497074202382006,-0.014546793304620387,0.2390753554314914,0.2418776801807899,1.21,294.957,3.16,0.0,2.0
2022-06-23,21.3799991607666,21.3799991607666,21.031999588012695,21.031999588012695,7,39.68403685731931,-0.2751434515630429,-0.27853350882498107,0.0033900572619381952,6.603014251314275,0.00800334504798204,21.693289447697993,22.359085998129427,-1,0.17521902377972465,-0.01751763475578283,-0.01728814278324975,-0.04672982596037856,0.23816824660992086,0.24216812271425053,1.21,294.957,3.09,0.0,2.0
2022-06-24,20.96500015258789,21.174999237060547,20.950000762939453,21.11599922180176,41,40.94072955367575,-0.28923880922662804,-0.2806745689053105,-0.008564240321317529,7.04298768266187,0.11724601973926879,21.638309426184065,22.31033749709697,-1,1.1036339165545088,0.003993896701906641,-0.03434404985221451,-0.03403482926699841,0.2377504123726105,0.24041480591897593,1.21,294.957,3.13,1.0,2.0
2022-06-27,21.295000076293945,21.329999923706055,21.149999618530273,21.159000396728516,15,41.61140508343905,-0.2935557186928115,-0.28325079886281074,-0.010304919830000758,7.299859524227657,0.18196845442519477,21.5926609471883,22.265187022572718,-1,0.5434782608695652,0.00203642624130973,-0.01919063451414238,-0.03564101857511204,0.23731931077843987,0.23763492490212376,1.21,294.957,3.2,0.0,2.0
2022-06-28,21.174999237060547,21.184999465942383,20.79700088500977,20.79700088500977,42010,37.72728797007728,-0.322470002329716,-0.2910946395561918,-0.03137536277352421,7.895733004930023,0.029870582407330672,21.516883798409392,22.207611095609465,-1,19.789434015592246,-0.017108535608077013,-0.04399185611047285,-0.05725288356794889,0.24176512722902715,0.23933179038062352,1.21,294.957,3.2,1.0,2.0
2022-06-29,20.80500030517578,20.9950008392334,20.545000076293945,20.667999267578125,5690,36.42255337450558,-0.3517394988508471,-0.3032236114151229,-0.048515887435724214,8.756239012556025,0.03278676683231216,21.436037652615937,22.147234161176865,-1,2.365855179725993,-0.006202895222485072,-0.0345214338607448,-0.045402052740997845,0.2349299592396111,0.23706613294299816,1.21,294.957,3.1,1.0,2.0
2022-06-30,20.665000915527344,20.704999923706055,20.145000457763672,20.281999588012695,643,32.77058311434736,-0.4014550104626373,-0.3228698912246258,-0.07858511923801154,10.048112679292599,-0.05046198450845616,21.326129265510865,22.07408770732729,-1,0.26398981812210043,-0.018676199595717424,-0.035659947446341045,-0.07320421921121134,0.23661281830242917,0.23929546238961683,1.21,294.957,2.98,1.0,2.0
2022-07-01,20.165000915527344,20.184999465942383,19.26499938964844,19.597000122070312,630,27.50082645467141,-0.4904747560403564,-0.35639086418777194,-0.13408389185258446,12.117023385195623,-0.17288317527685512,21.161450299468907,21.97694701770937,-1,0.25546927272358627,-0.03377376392154352,-0.07193593273876986,-0.11939424924180453,0.24703357564918668,0.24764929330935292,1.68,294.913,2.88,2.0,2.0
2022-07-05,19.809999465942383,20.06999969482422,19.040000915527344,19.052000045776367,205,24.17052538889176,-0.5981059046042922,-0.40473387227107605,-0.1933720323332162,15.136876791951092,-0.16789305023957,20.960550275307714,21.86224321488847,-1,0.0828399975754147,-0.0278103828595766,-0.09957938992609128,-0.1296482148471021,0.256715463906401,0.25266304806904427,1.68,294.913,2.82,2.0,2.0
2022-07-06,19.190000534057617,19.19499969482422,18.84000015258789,19.084999084472656,159,24.76461140274853,-0.6729838793996485,-0.45838387369679057,-0.21460000570285798,17.05156109248645,-0.04626512861531592,20.78192635237104,21.753331680362358,-1,0.06404962839130698,0.0017320511556269125,-0.08231964839560613,-0.1354081906774942,0.2525096764115111,0.25091604377871174,1.68,294.913,2.93,2.0,2.0
2022-07-07,19.100000381469727,19.36000061035156,19.094999313354492,19.121999740600582,103,25.46968919158803,-0.7210280081162921,-0.5109127005806909,-0.21011530753560115,18.2100346440563,0.03440530180037355,20.623838103630998,21.650142192528563,-1,0.04140786749482402,0.0019387297827029304,-0.0748016054656413,-0.13705494840716315,0.2514849173048877,0.2507321821001656,1.68,294.913,3.01,1.0,2.0
2022-07-08,19.0,19.219999313354492,19.0,19.16699981689453,99,26.373417766255216,-0.7468628264307675,-0.5581027257507063,-0.18876010068006122,18.91842130287428,0.09719378537714189,20.485091600132286,21.552764060150757,-1,0.03974706413730804,0.002353314344963664,-0.05497484438256095,-0.13169337983068197,0.25358927803839226,0.25013009441091366,1.68,294.913,3.09,1.0,2.0
2022-07-11,19.165000915527344,19.165000915527344,19.040000915527344,19.066999435424805,33,25.629677469240846,-0.7665697620772356,-0.5997961330160122,-0.1667736290612234,19.701413096395072,0.11962927358200089,20.350035203493476,21.45528309447523,-1,0.013244767313519696,-0.00521732052094992,-0.02704499073042388,-0.12524665498648668,0.2527934140799983,0.23995655015865236,1.68,294.913,2.99,1.0,2.0
2022-07-12,18.799999237060547,18.89900016784668,18.770000457763672,18.89900016784668,214,24.385514593622617,-0.7866754821531821,-0.6371720028434462,-0.14950347930973584,20.220973389562943,0.1224918182460579,20.211841390574733,21.35503670519568,-1,0.08554525103933483,-0.00881099661995044,-0.008030646523308538,-0.13754392024248474,0.2488454548533978,0.23762492180549516,1.68,294.913,2.96,1.0,2.0
2022-07-13,18.809999465942383,19.174999237060547,18.78499984741211,19.13800048828125,261,29.619833349914984,-0.774397311555191,-0.6646170645857952,-0.10978024696939581,20.76180522186592,0.2118029429104126,20.109570828451545,21.268094108453937,-1,0.10391782130912566,0.012646188597912555,0.0027771237281177807,-0.0987944795029182,0.24145583555904268,0.23989957023127176,1.68,294.913,2.91,1.0,2.0
2022-07-14,19.100000381469727,19.100000381469727,18.0,18.16900062561035,382,22.745135567888568,-0.8332517559828752,-0.6983440028652113,-0.1349077531176639,22.726783225982643,0.05413951936180087,19.924754618657147,21.146561030695366,-1,0.1510090328701599,-0.050632241506328945,-0.049837837460419254,-0.13216469666908215,0.29201617944947617,0.25406088055011283,1.68,294.913,2.96,2.0,2.0
2022-07-15,18.225000381469727,18.55500030517578,18.225000381469727,18.54800033569336,218,29.62513526277823,-0.8396334463286195,-0.7266018915578929,-0.11303155477072657,23.308488054684677,0.1736706562830004,19.793635163136788,21.044656689714895,-1,0.08585381222432263,0.02085968941785299,-0.032295063761390685,-0.13335202479107588,0.290241588980752,0.25525730853491624,1.68,294.913,2.93,1.0,2.0
2022-07-18,18.809999465942383,18.825000762939453,18.59000015258789,18.791000366210938,15,33.7019013312551,-0.8156802560302552,-0.7444175644523654,-0.07126269157788978,22.597868453779434,0.2489535766583734,19.698146134858135,20.9562780103618,-1,0.005910049053407143,0.013101144388592445,-0.014475223023350248,-0.14066859340826887,0.2805396834138931,0.2579833879487602,1.68,294.913,2.96,1.0,2.0
2022-07-19,18.614999771118164,18.709999084472656,18.520000457763672,18.670000076293945,101,32.68651434041534,-0.7972704547809784,-0.754988142518088,-0.042282312262890365,22.040266327459555,0.246253664744026,19.600227462613926,20.86662005216306,-1,0.03972858688169928,-0.006439268136813503,-0.01211704796650237,-0.13456635072032852,0.27967021678853865,0.2542439298087594,1.68,294.913,3.01,1.0,2.0
2022-07-20,18.655000686645508,18.940000534057617,18.604999542236328,18.638999938964844,305,32.41704306351315,-0.7762340635631446,-0.7592373267270993,-0.0169967368360453,20.712115868037227,0.25853695819933487,19.508681984171158,20.779262400665093,-1,0.11927340985081047,-0.0016604251313562246,-0.02607380795198322,-0.1431920480202249,0.27448051354121167,0.25340288213100304,1.68,294.913,3.04,0.0,2.0
2022-07-21,18.55500030517578,18.719999313354492,18.11000061035156,18.687000274658203,144,33.33350999765301,-0.7470775016298923,-0.756805361707658,0.009727860077765715,19.449554198834893,0.2896216620794637,19.430426583265163,20.697212905527568,-1,0.05616772306192101,0.002575263471781719,0.02851007932256322,-0.1270612120195309,0.27493700124356796,0.25025271790701037,1.68,294.913,2.91,0.0,2.0
2022-07-22,18.709999084472656,18.75,18.489999771118164,18.584999084472656,125,32.33020333784782,-0.723857184783828,-0.750215726322892,0.02635854153906403,18.515620635457267,0.2832897971503884,19.349909678618257,20.614380990976397,-1,0.0486447570680832,-0.0054584036328116925,0.001994756745183901,-0.11634654580987724,0.27192876466536153,0.25025610903620016,1.68,294.913,2.77,0.0,2.0
2022-07-25,18.40999984741211,18.600000381469727,18.184999465942383,18.29400062561035,399,29.593549656693256,-0.7206290963973387,-0.7442984003377814,0.023669303940442643,17.243107972555794,0.22036036104815382,19.249346911665125,20.52338568253067,-1,0.15419991884214795,-0.015657706386729253,-0.026448817567704785,-0.1336426738109444,0.2711748316611069,0.25142753662962664,1.68,294.913,2.81,1.0,2.0
2022-07-26,18.46500015258789,18.565000534057617,18.325000762939453,18.48699951171875,148,33.60756300708768,-0.694491747386202,-0.7343370697474656,0.03984532236126359,14.933063974808553,0.2894257917719044,19.17674239738452,20.44352740132236,-1,0.057050343073009026,0.010549845824221471,-0.009801851303019471,-0.12628199985396737,0.2765934179759358,0.2523142417058625,1.68,294.913,2.81,1.0,2.0
2022-07-27,18.4950008392334,18.55299949645996,18.48500061035156,18.55299949645996,239,34.97288339853945,-0.660834375476341,-0.7196365308932408,0.058802155416899704,12.705591039295042,0.3249604386731941,19.11733831158218,20.36938905211207,-1,0.47265895382181355,0.003570075538725126,-0.004614005192687287,-0.10790024008544707,0.2759766788185716,0.25275668722595585,1.68,294.913,2.78,1.0,2.0
2022-07-28,19.020000457763672,19.940000534057617,19.020000457763672,19.82699966430664,181,54.446545083212825,-0.525304120556612,-0.6807700488259151,0.15546592826930306,10.657987256765516,0.9430657692776554,19.18492510707975,20.34811888004127,-1,0.7862728062554301,0.06866815083403455,0.06100494316331839,-0.04069090541292786,0.3763646277244545,0.2878674351594094,1.68,294.913,2.68,0.0,1.0
2022-07-29,19.989999771118164,20.290000915527344,19.989999771118164,20.1560001373291,13,57.94876638228548,-0.3868880241754731,-0.6219936438958267,0.2351056197203536,10.31566409381504,1.1296579183260365,19.27740844329397,20.340584811699618,-1,0.0654252642174132,0.0165935582081409,0.0845305961929792,-0.006212378130510565,0.37636044199605684,0.29017457168731176,1.68,294.913,2.67,1.0,2.0
2022-08-01,20.280000686645508,20.399999618530273,20.184999465942383,20.32200050354004,37,59.63502491391254,-0.26079118982953986,-0.5497531530825693,0.2889619632530295,11.778808537831797,1.1084788202182445,19.376893401412644,20.339856015301205,-1,0.2188701567583555,0.008235779176420266,0.11085600790297478,0.03699547772381884,0.35501254325821036,0.2902041285589909,2.33,295.097,2.6,0.0,2.0
2022-08-02,20.100000381469727,20.395000457763672,19.94499969482422,20.104999542236328,22,56.44837636112196,-0.17633601237100294,-0.47506972494025607,0.29873371256925313,12.86195183199391,0.9454422152580417,19.44623684339585,20.330645957533957,-1,0.13758599124452783,-0.010678129904873823,0.08752096463744374,0.055269761386201655,0.34054040006684944,0.29071987842540187,2.33,295.097,2.75,0.0,2.0
2022-08-03,19.8799991607666,20.020000457763672,19.78499984741211,19.864999771118164,67,53.07067514936405,-0.1273031797235049,-0.40551641589690585,0.27821323617340094,13.411774544677604,0.8171328088045272,19.486119026988455,20.312385322772553,-1,0.43142305215711524,-0.011937317910103662,0.07071634292387818,0.04086983097002639,0.34452285818602785,0.2914574757820048,2.33,295.097,2.73,0.0,2.0
2022-08-04,19.98500061035156,20.104999542236328,19.959999084472656,20.099000930786133,27,55.84490514152968,-0.0687696350863014,-0.338167059734785,0.2693974246484836,14.202977203123742,0.8669401350341399,19.544488732112043,20.304017307400535,-1,0.1782178217821782,0.011779570217170798,0.013718730573701432,0.05109304484044852,0.3462406013482442,0.2888832542833485,2.33,295.097,2.68,0.0,2.0
2022-08-05,20.135000228881836,20.135000228881836,19.819000244140625,19.819000244140625,10,51.89193281953609,-0.04446255790822917,-0.27942615936947385,0.23496360146124468,14.54896868424779,0.7453225370231807,19.570632685638575,20.28499703040995,-1,0.06800408024481468,-0.013931074863359205,-0.01671958180652866,0.03401682232351222,0.35117555150857654,0.2879784783684121,2.33,295.097,2.83,1.0,2.0
2022-08-08,20.59199905395508,20.59199905395508,20.59199905395508,20.59199905395508,0,60.25597915550587,0.036751866964724655,-0.21619055410263416,0.2529424210673588,15.915999798180112,0.9512195795992106,19.66790567309729,20.297036325450936,-1,0.0,0.03900291640810627,0.013286022228373051,0.07998110157264504,0.37308688082166225,0.29868747599352424,2.33,295.097,2.77,0.0,1.0
2022-08-09,20.6200008392334,20.655000686645508,20.45800018310547,20.45800018310547,28,58.361744477449314,0.08927320881205958,-0.15509780151969543,0.244371010331755,16.730741248495363,0.861840028647037,19.743152769288546,20.30334863359425,-1,0.20573108008817048,-0.006507326971922911,0.017557853713329408,0.08249113717196277,0.37212878781702563,0.2890062264952308,2.33,295.097,2.8,0.0,1.0
2022-08-10,20.520000457763672,20.719999313354492,20.520000457763672,20.718000411987305,18,60.92831416133729,0.15014580875923755,-0.09404907946390884,0.2441948882231464,17.831280895479566,0.8905291457911692,19.835995401926525,20.31960948764888,-1,0.14521984671238403,0.01270897578232244,0.04293987670260746,0.0825582549584285,0.3721478647623307,0.2893162933800397,2.33,295.097,2.78,0.0,1.0
2022-08-11,20.415000915527344,20.469999313354492,20.326000213623047,20.326000213623047,10,55.38522692604228,0.1648562822527957,-0.04226800712056793,0.20712428937336363,17.27615722823887,0.7522968830625367,19.88266252685,20.31986010435375,-1,0.094921689606075,-0.018920754443920607,0.011294058028984644,0.11871866991805091,0.32148655248327995,0.2866477521698402,2.33,295.097,2.87,0.0,2.0
2022-08-12,20.677000045776367,20.677000045776367,20.677000045776367,20.677000045776367,7,58.98351779905428,0.20250286453772404,0.006686167211090465,0.19581669732663357,17.39347580533891,0.8210274094354253,19.958313719128704,20.33386559225268,-1,0.07383966244725738,0.01726851463467316,0.04329178016380553,0.11478324733400003,0.31953801188237796,0.28828176003111317,2.33,295.097,2.84,0.0,2.0
2022-08-15,20.250999450683594,20.250999450683594,20.250999450683594,20.250999450683594,12,53.35867258098821,0.19570737168190178,0.04449040810525273,0.15121696357664904,17.155309827398522,0.6762977349818067,19.98618855070536,20.330615939642126,-1,0.12678288431061807,-0.02060263065965373,-0.016559810554478083,0.07769671949439982,0.3312437953478524,0.2906671380791411,2.33,295.097,2.79,0.0,2.0
2022-08-16,19.950000762939453,20.100000381469727,19.950000762939453,20.065000534057617,21,51.06875390545479,0.1733154637400034,0.07025541923220287,0.10306004450780053,16.5423634015635,0.6038096970076597,19.993694453881766,20.320199649227046,-1,0.23166023166023164,-0.009184678370019794,-0.019210071636053483,0.07471882442758848,0.33251721140187845,0.2887360455347579,2.33,295.097,2.82,0.0,2.0
2022-08-17,20.084999084472656,20.09000015258789,19.649999618530273,19.711000442504883,12,46.93985343249948,0.12555751757915345,0.08131583890159298,0.04424167867756047,15.710731856827032,0.4778444884705271,19.966771214703016,20.29630948425755,-1,0.15789473684210525,-0.017642665443834304,-0.04860507527067037,0.057513842322571174,0.34073907001706605,0.2900953220446526,2.33,295.097,2.89,0.0,2.0
2022-08-18,19.719999313354492,19.725000381469727,19.44499969482422,19.447999954223633,7,44.08793700639293,0.06572937246113497,0.07819854561350138,-0.012469173152366411,14.940085070020487,0.3750680063114707,19.917364427990695,20.263042443864062,-1,0.1012292118582791,-0.013342827983206518,-0.043195919028425234,0.040723479872659674,0.3455802370475897,0.2909755814583988,2.33,295.097,2.88,1.0,2.0
2022-08-19,19.1299991607666,19.1299991607666,19.058000564575195,19.058000564575195,9,40.18860632321454,-0.013004645508825519,0.059957907389036,-0.07296255289786152,14.258078218676513,0.22303183894341025,19.835520250522553,20.215785899578226,-1,0.1420678768745067,-0.020053444599260173,-0.07829953463350114,0.025450713123667645,0.35370711161714724,0.29109186634816603,2.33,295.097,2.98,2.0,2.0
2022-08-22,18.84000015258789,18.915000915527344,18.799999237060547,18.87299919128418,42,38.45129760782273,-0.08930058514373229,0.030106208882482347,-0.11940679402621464,13.147009318434092,0.11816345898893015,19.743851578214137,20.163127597292185,-1,0.9230769230769231,-0.009707281341721385,-0.06804603707363677,0.031649641733545675,0.35048891932847337,0.29114477983338166,2.33,295.097,3.03,2.0,2.0
2022-08-23,18.885000228881836,19.100000381469727,18.704999923706055,19.011999130249023,64,40.53140645241379,-0.1369706215198292,-0.0033091571979799624,-0.13366146432184922,12.178819315275392,0.13488165409832856,19.674151345074602,20.117985304466963,-1,1.5496368038740922,0.007365015891540816,-0.05247951038033949,0.02839831407998261,0.34959940889604824,0.29156823453264147,2.33,295.097,3.05,2.0,2.0
2022-08-24,18.834999084472656,19.040000915527344,18.81999969482422,18.895000457763672,29,39.326634228955974,-0.18209124928887732,-0.03906557561615944,-0.14302567367271787,11.479053232512515,0.05429371118254022,19.599946498664035,20.070025114400167,-1,0.9415584415584415,-0.0061539384513857875,-0.04139820234500047,0.018433728808593397,0.3505074229712297,0.2912112762773211,2.33,295.097,3.11,2.0,2.0
2022-08-25,19.045000076293945,19.111000061035156,19.03499984741211,19.111000061035156,2,42.7122063599232,-0.19813631694623268,-0.07087972388217409,-0.1272565930640586,12.025891057459182,0.17912741117110526,19.55338017127081,20.03241628877801,-1,0.09153318077803203,0.011431574386796761,-0.01732825452394593,-0.03611235261986989,0.2557211661472211,0.2906179816706956,2.33,295.097,3.03,2.0,2.0
2022-08-26,19.30500030517578,19.30500030517578,18.739999771118164,18.739999771118164,2,38.71614565131043,-0.23804473989684283,-0.10431272708510785,-0.13373201281173497,12.978749613239977,0.08484599854247835,19.47591537125627,19.981733288085465,-1,0.09389671361502347,-0.01941291867155681,-0.016685947320629668,-0.07025205182393757,0.2535284423836651,0.2915596401255097,2.33,295.097,3.04,2.0,2.0
2022-08-29,18.520000457763672,18.55500030517578,18.520000457763672,18.55500030517578,33392,36.86404750337996,-0.2813570544216759,-0.13972159255242148,-0.14163546186925444,13.912599933003342,0.07574733660115751,19.3882091744867,19.925782975030184,-1,19.76969302270507,-0.009871903319203956,-0.01684940919486999,-0.08695011094288929,0.25044190269406236,0.2891138483079519,2.33,295.097,3.12,2.0,2.0
2022-08-30,18.565000534057617,18.584999084472656,18.1200008392334,18.159000396728516,5841,33.2025965200728,-0.3436745920660229,-0.18051219245514177,-0.16316239961088114,15.460070425537262,0.017852875957744516,19.271141671843065,19.856497383724236,-1,2.95,-0.0213419510608579,-0.04486633560609332,-0.09679180252750974,0.2568651927169546,0.2903094445392299,2.33,295.097,3.11,2.0,2.0
2022-08-31,18.15999984741211,18.239999771118164,17.704999923706055,17.761999130249023,618,29.98697882056993,-0.4202519708277208,-0.2284601481296576,-0.19179182269806322,17.559595639076417,-0.011948037289659695,19.12741381073887,19.77436019731344,-1,0.30783791188264303,-0.021862506625145217,-0.05996302196696246,-0.10586461943617564,0.2629010682643927,0.2918740366516675,2.33,295.097,3.15,2.0,2.0
2022-09-01,17.71500015258789,17.71500015258789,17.31999969482422,17.551000595092773,230,28.41202858091384,-0.4922910883790941,-0.2812263361795449,-0.21106475219954918,19.50590966578969,0.014002043836662594,18.977279218772573,19.687169624677338,-1,0.1139911780740447,-0.011879210983459343,-0.08162835335462215,-0.12677248707374922,0.2555568564647132,0.29194326405547194,2.56,296.349,3.26,1.0,2.0
2022-09-02,17.530000686645508,18.0,17.530000686645508,17.775999069213867,289,32.48418502404209,-0.5251732413640511,-0.3300157172164462,-0.1951575241476049,20.784984742929474,0.12310199710327882,18.86287158548127,19.6122217597572,-1,0.1422489109836832,0.012819694974200102,-0.0514408064929649,-0.10308295826025626,0.2630370709060714,0.2939245306721721,2.56,296.349,3.2,2.0,2.0
2022-09-06,18.100000381469727,18.104999542236328,17.790000915527344,17.795000076293945,100,32.83166573921581,-0.5434349818403064,-0.37269957014121824,-0.17073541169908812,21.005122175841507,0.16382482128481488,18.76116953698724,19.54095816432727,-1,0.04910023813615496,0.0010689135955788132,-0.04095932182064366,-0.13582940492239004,0.20857386962497032,0.29346943605081044,2.56,296.349,3.33,2.0,2.0
2022-09-07,18.136999130249023,18.239999771118164,18.136999130249023,18.136999130249023,60,38.924574336390094,-0.5242676462074485,-0.4030131853544643,-0.12125446085298419,20.621266412264262,0.2721961947608532,18.701724736345504,19.485900947304597,-1,0.02943701704893904,0.019218828462421955,-0.0012115901756054592,-0.11345200078613571,0.2286059921491774,0.2965381818343119,2.56,296.349,3.27,1.0,2.0
2022-09-08,18.290000915527344,18.454999923706055,18.23500061035156,18.329999923706055,177,42.11567101017296,-0.4878798681428833,-0.41998652191214814,-0.06789334623073517,19.276346158070613,0.34045933117363464,18.666322373236984,19.44057149539877,-1,0.08650180822988955,0.010641274891784125,0.03197842705046172,-0.11526211221134874,0.2264999324040756,0.29191035063773785,2.56,296.349,3.29,1.0,2.0
2022-09-09,18.354999542236328,18.670000076293945,18.354999542236328,18.65800094604492,46,47.16778418381346,-0.4276457169582244,-0.4215183609213634,-0.006127356036860987,18.111954351443572,0.45009053439862146,18.665529856361548,19.40988245424764,-1,0.0224609375,0.017894218423572417,0.06307334701257195,-0.0820623462583745,0.23604724286082754,0.29374747101584775,2.56,296.349,3.33,1.0,2.0
2022-09-12,19.315000534057617,19.88999938964844,19.315000534057617,19.7549991607666,183,59.80385117873424,-0.28807043360830775,-0.3948287754587523,0.10675834185044453,16.451636015110267,0.8148579242810563,18.76928883773346,19.42341644273858,-1,0.08897316219369894,0.05879505622783365,0.11132989396810622,-0.044590650624779626,0.31401239289660954,0.3140812187810514,2.56,296.349,3.37,1.0,2.0
2022-09-13,19.725000381469727,19.75,19.204999923706055,19.38999938964844,28,55.08318297411685,-0.20455051604605146,-0.35677312357621216,0.1522226075301607,15.176283046384137,0.7288939413759474,18.82840412839203,19.42210597006838,-1,0.013608087091757388,-0.018476324303928537,0.08963188010767786,-0.042516423109482115,0.31240463992697953,0.31238885429464186,2.56,296.349,3.42,1.0,2.0
2022-09-14,19.184999465942383,19.530000686645508,19.184999465942383,19.47100067138672,47,55.91485215593094,-0.13032198247774218,-0.3114828953565182,0.181160912878776,14.237659573575465,0.7859292424000305,18.88960379915343,19.424023409335767,-1,0.02282772354169702,0.004177477271171126,0.07355139246342235,-0.029603780057850693,0.31201098729058274,0.311703630796591,2.56,296.349,3.41,1.0,2.0
2022-09-15,19.51499938964844,19.520000457763672,19.024999618530273,19.174999237060547,62,52.11724779882302,-0.09429322321830469,-0.2680449609288755,0.17375173771057079,13.599175561027554,0.693826370633217,18.916784317049345,19.414257755521053,-1,0.030076646938973512,-0.015202168564513285,0.046099253511815874,-0.0271929984988738,0.3104122222498003,0.3122144677552821,2.56,296.349,3.45,1.0,2.0
2022-09-16,18.875,19.5049991607666,18.73500061035156,19.29599952697754,56,53.50734187193586,-0.05533855140378918,-0.22550367902385823,0.17016512762006905,13.425863423167328,0.7476992437549993,18.95290005132822,19.40962017793111,-1,0.02713375487559658,0.0063103152402284035,0.03419436963142952,-0.007815735685102299,0.3081406330055031,0.3113018227500614,2.56,296.349,3.45,1.0,2.0
2022-09-19,19.27300071716309,19.27300071716309,19.27300071716309,19.27300071716309,2,53.191253191298536,-0.026022533512612966,-0.18560744992160919,0.15958491640899622,13.595094324395806,0.7311900041694562,18.98338582902678,19.40426255201864,-1,0.000969227041434456,-0.0011918952310449038,-0.024398808609456202,0.011281359335644892,0.29913921457131226,0.3095240543482138,2.56,296.349,3.49,1.0,2.0
2022-09-20,19.5,19.5,19.10199928283691,19.10199928283691,39,50.78886518609679,-0.016398730398680783,-0.15176570601702352,0.13536697561834274,13.700491110148963,0.6580454481880258,18.99468234843727,19.3924090904821,-1,0.018901301281895946,-0.008872590046338669,-0.014853022995208631,0.012133741395934816,0.2987685909699166,0.3096841936183009,2.56,296.349,3.57,1.0,2.0
2022-09-21,19.375,19.584999084472656,19.329999923706055,19.410999298095703,136,54.76466214979903,0.015977740271328145,-0.1182170167593532,0.13419475703068134,14.017655492554725,0.7644737650355043,19.034331581738073,19.393138118231654,-1,0.06579743099736327,0.016176318022188774,-0.003081576252996099,0.020986755002100344,0.30294253731994875,0.311724975882158,2.56,296.349,3.51,1.0,2.0
2022-09-22,19.3700008392334,19.594999313354492,19.334999084472656,19.54800033569336,278,56.44482217534227,0.05209069618557649,-0.08415547417036727,0.13624617035594377,14.502286336444806,0.7935670016025512,19.0832524154481,19.399211146367406,-1,0.13369241127248244,0.0070579075035615,0.019452470063826333,0.034559399952879044,0.3023994045627083,0.31043196446405746,2.56,296.349,3.7,1.0,2.0
2022-09-23,19.510000228881836,19.510000228881836,18.780000686645508,18.840999603271484,36,46.787009319100264,0.023391777621085907,-0.06264602381207664,0.08603780143316254,14.413611059287836,0.5387880218078711,19.06018071905033,19.37732049761855,-1,0.017298544039210034,-0.03616741969923842,-0.02358001320791514,-0.014128013023984476,0.32918278945804114,0.3188448080133333,2.56,296.349,3.69,2.0,2.0
2022-09-26,18.729999542236328,18.850000381469727,18.4060001373291,18.4060001373291,94,42.02277662981051,-0.03406051514845032,-0.05692892207935138,0.02286840693090106,14.508110792860993,0.38454835159968515,18.99787780650545,19.339229503097393,-1,0.04506880184110851,-0.02308791864030668,-0.04498524088477318,-0.01782281952339282,0.33229602490893173,0.3200211880196343,2.56,296.349,3.88,2.0,2.0
2022-09-27,18.524999618530273,18.524999618530273,18.256999969482425,18.256999969482425,36,40.50145506148535,-0.09057089449527211,-0.06365731656253552,-0.02691357793273659,14.662616891870526,0.33677849280835026,18.927318012503257,19.296789129230138,-1,0.08614501076812635,-0.008095195411005673,-0.04423617134745228,-0.01606037891630918,0.3317108688104742,0.3129974572852744,2.56,296.349,3.97,2.0,2.0
2022-09-28,18.475000381469727,18.79599952697754,18.469999313354492,18.79599952697754,77,47.85557182986885,-0.09081614558510509,-0.06908908236704944,-0.021727063218055648,14.394617057215745,0.5220610660120736,18.914811490072236,19.277150321298663,-1,0.5936777178103316,0.029522898526377794,-0.031683055656928416,0.03507897551253891,0.3383384994862767,0.3138942095011955,2.56,296.349,3.72,2.0,2.0
2022-09-29,18.76499938964844,18.76499938964844,18.524999618530273,18.611000061035156,174,45.76472700706164,-0.10473114419977847,-0.07621749473359525,-0.02851364946618322,13.57445107628311,0.43411510776246875,18.88587706825918,19.251026781680487,-1,1.6186046511627907,-0.009842491519371221,-0.04793330563573306,0.04779872606458291,0.32959416243992246,0.31448793909270834,2.56,296.349,3.76,2.0,2.0
2022-09-30,18.844999313354492,18.969999313354492,18.825000762939453,18.959999084472656,10,50.1862973274394,-0.0865993133906251,-0.07829385846500123,-0.008305454925623873,12.14259713599982,0.5483218300134016,18.89293630789856,19.239613930809593,-1,0.10362694300518134,0.018752298226476283,0.00631598554784274,0.08028023711501864,0.3298598495725252,0.31686082492181605,2.56,296.349,3.83,2.0,2.0
2022-10-03,20.170000076293945,20.704999923706055,20.170000076293945,20.518999099731445,49,64.2192888996205,0.05295809730261425,-0.05204346731147813,0.10500156461409238,13.162972609687873,1.1131773402582374,19.04779943093026,19.289785898218295,-1,0.5798816568047337,0.0822257431718727,0.1147994646657089,0.15430919071480842,0.42399336244030333,0.35597955289727745,3.08,298.007,3.67,2.0,2.0
2022-10-04,20.81999969482422,21.114999771118164,20.81999969482422,21.03700065612793,142,67.49579250680334,0.20301649938389943,-0.0010314739724026198,0.20404797335630204,14.81992428805772,1.1654241384849584,19.237247166663373,19.358304124018673,-1,1.6397228637413397,0.025244971934486937,0.15227039991742486,0.18218603910841757,0.4278783601757801,0.35902924438742456,3.08,298.007,3.62,1.0,2.0
2022-10-05,20.795000076293945,20.795000076293945,20.1299991607666,20.479000091552734,41,61.01421163449169,0.2737571796309446,0.05392625674826682,0.21983092288267778,15.07132370289874,0.9178429481064089,19.355509349986168,19.4022529854906,-1,0.47869235259778165,-0.026524720595692552,0.08954036001967425,0.12912836045725462,0.4434562203235877,0.36315765769543845,3.08,298.007,3.76,2.0,2.0
2022-10-06,20.61000061035156,20.65999984741211,20.420000076293945,20.594999313354492,45,61.83471038914895,0.33531454874736255,0.11020391514808597,0.22511063359927658,15.427886777061994,0.9067200645873288,19.473556013164103,19.449027351289182,1,0.5692599620493359,0.005664301053917464,0.10660358099042333,0.12356788865662405,0.44313602610881736,0.3625202006265224,3.08,298.007,3.83,1.0,2.0
2022-10-07,20.579999923706055,20.725000381469727,20.170000076293945,20.191999435424805,48,57.321132996340374,0.34757386991543626,0.15767790610155605,0.18989596381388021,15.383197626811537,0.7460147534330689,19.54197919623655,19.478163511451363,1,0.6064434617814276,-0.019567851001013103,0.06497892460137811,0.08221665835562408,0.4497099896888713,0.3480627667397309,3.08,298.007,3.89,2.0,2.0
2022-10-10,19.690000534057617,19.829999923706055,19.520000457763672,19.555999755859375,43,50.994812012978564,0.30248277821665326,0.1866388805245755,0.11584389769207776,15.334952143944983,0.5369718740967613,19.5433144876292,19.481215913192855,1,0.5959805959805959,-0.03149760783222055,-0.046932081783885526,-0.010073369443742597,0.4202441151765862,0.352556531972787,3.08,298.007,3.89,2.0,2.0
2022-10-11,19.344999313354492,19.520000457763672,19.059999465942383,19.427000045776367,63,49.79439150128445,0.25341732746920087,0.1999945699135006,0.05342275755570028,15.331544694755733,0.49309108327267237,19.532236921738455,19.47908980074515,1,0.8525033829499322,-0.006596426247364673,-0.07653185150624509,0.001908234001682274,0.41549829055024884,0.3519660029818632,3.08,298.007,3.93,2.0,2.0
2022-10-12,19.084999084472656,19.11000061035156,18.78499984741211,18.878000259399418,30,44.94530562925583,0.16829293349774233,0.19365424263034894,-0.02536130913260662,15.565143348085511,0.3213526183570776,19.469928668182355,19.455517661868846,1,0.41067761806981523,-0.0282596275844611,-0.07817763684730406,-0.030455569387285553,0.4274057742627036,0.35676589694213795,3.08,298.007,3.91,2.0,2.0
2022-10-13,18.94499969482422,18.954999923706055,18.774999618530273,18.857999801635746,13,44.774241038753686,0.09808668593784375,0.1745407312918479,-0.07645404535400416,15.74712213383988,0.3219144037654967,19.41164972851125,19.43208558891853,-1,0.18413597733711048,-0.001059458496072141,-0.08434083853513008,-0.016531913848117363,0.4242973487137471,0.3567547255279728,3.08,298.007,3.97,2.0,2.0
2022-10-14,18.93000030517578,18.93000030517578,18.01499938964844,18.01499938964844,62,38.178453589002835,-0.02528390197773689,0.13457580463793095,-0.15985970661566784,16.993576278163708,0.09739521687366454,19.278635410524316,19.376513581104017,-1,0.8744710860366713,-0.04470253583914996,-0.10781498150980728,-0.06638682466477808,0.45199316654810917,0.3689077634122539,3.08,298.007,4.0,2.0,2.0
2022-10-17,18.625,18.673999786376953,18.625,18.673999786376953,119,44.99945283670688,-0.06908380215002907,0.09384388328033895,-0.162927685430368,17.281929569732554,0.3099683403141077,19.221051065367426,19.348964020526488,-1,1.5504885993485342,0.036580650516545576,-0.04510124670144555,-0.031079796009798932,0.4731458614380289,0.37626056314776113,3.08,298.007,4.02,2.0,2.0
2022-10-18,18.59000015258789,18.825000762939453,18.524999618530273,18.570999145507812,38,44.178982691806,-0.11082925879708228,0.052909254864854705,-0.16373851366193698,17.60573686873895,0.29068571751306627,19.15914135871413,19.318455594055166,-1,0.4954367666232073,-0.005515724646429576,-0.044062433636255505,-0.02779814455370644,0.47260269373531655,0.3749992642758042,3.08,298.007,4.01,2.0,2.0
2022-10-19,18.684999465942383,18.684999465942383,18.295000076293945,18.336000442504883,45,42.2846823240671,-0.16101913693620773,0.010123576504642217,-0.17114271344084994,18.150228381262938,0.24446201372031812,19.080746985741822,19.279927941053195,-1,0.6237006237006236,-0.012654068914745187,-0.02871065840910092,-0.0553809125991922,0.4695353430580664,0.37531054584942825,3.08,298.007,4.14,2.0,2.0
2022-10-20,18.38999938964844,18.844999313354492,18.375,18.666000366210938,79,45.799246774569326,-0.1721819348756526,-0.026337525771416744,-0.14584440910423585,18.29573225226874,0.3524988103114462,19.04124730769126,19.25585234988291,-1,1.270096463022508,0.017997377603737208,-0.010181325561799737,-0.045119703004708245,0.47409528325245354,0.3770475984509792,3.08,298.007,4.24,2.0,2.0
2022-10-21,18.56999969482422,19.315000534057617,18.290000915527344,19.042999267578125,24,49.57689031881847,-0.14889154301116392,-0.05084832921936618,-0.09804321379179773,18.22681778395093,0.4568946664157368,19.04141416101382,19.247505170184684,-1,0.38961038961038963,0.02019709064452968,0.05706355330327573,0.010721281702673835,0.4619624134883951,0.35344087917724365,3.08,298.007,4.21,2.0,2.0
2022-10-24,19.173999786376953,19.190000534057617,19.173999786376953,19.173999786376953,8,50.85857448388756,-0.1184971314409431,-0.06437808966368157,-0.054119041777261526,17.79996506390732,0.48299899056883605,19.054041363429356,19.244622606113793,-1,0.13961605584642234,0.006879195706417152,0.026775195765224247,0.04172550490697202,0.45361125844253825,0.3519980851507361,3.08,298.007,4.25,2.0,2.0
2022-10-25,18.915000915527344,19.350000381469727,18.90999984741211,19.339000701904297,13,52.496430276931086,-0.08017098516647181,-0.06753666876423962,-0.012634316402232185,17.134643760948514,0.5159475527494614,19.08118034804602,19.2483237079095,-1,0.2315227070347284,0.008605450994350061,0.04135488620612304,0.05926497969165223,0.45251583825341946,0.3520390716125856,3.08,298.007,4.1,2.0,2.0
2022-10-26,19.46500015258789,19.584999084472656,19.46500015258789,19.479999542236328,40,53.91009870484545,-0.037981977487149265,-0.06162573050882156,0.023643753021672292,16.96196518776583,0.5486704606329109,19.119163128445095,19.257409034745844,-1,0.7366482504604052,0.0072909062109991485,0.062390874352267645,0.03639072315771541,0.4422597014421459,0.3518076760568077,3.08,298.007,4.04,2.0,2.0
2022-10-27,19.635000228881836,19.635000228881836,19.450000762939453,19.47800064086914,42,53.885616266245286,-0.004654525112560037,-0.05023148942956926,0.04557696431700922,16.59544274972858,0.5355220849917325,19.153338129628338,19.266059685966365,-1,0.880503144654088,-0.00010261300894043313,0.043501567487809645,0.04658538375104171,0.4401914987501114,0.35099307653925077,3.08,298.007,3.96,2.0,2.0
2022-10-28,19.5,19.520000457763672,19.024999618530273,19.14699935913086,26,49.84859993812823,-0.004894890882386704,-0.04116416972013275,0.03626927883774605,16.511559770786814,0.4292862167902606,19.152734437200007,19.261390653541444,-1,0.5360824742268041,-0.016993596408646172,0.005461329388895209,0.009862884160756424,0.4409057219863464,0.351745728887227,3.08,298.007,4.02,2.0,2.0
2022-10-31,19.200000762939453,19.200000762939453,18.969999313354492,19.125,8,49.58272154201117,-0.006782364041466593,-0.034287808584399525,0.02750544454293293,15.673367595117318,0.44100168960454744,19.150093062228578,19.256042000461388,-1,0.17222820236813777,-0.0011489716335300049,-0.002555532852971387,-0.06793699307436929,0.32921103827984466,0.3506668574019929,3.08,298.007,4.1,2.0,2.0
2022-11-01,19.125,19.690000534057617,19.125,19.67300033569336,18,55.8935664297393,0.03553126483839719,-0.020323993899840184,0.05585525873823738,13.541273955208977,0.6680422623012255,19.19989375493951,19.272393307725388,-1,0.4472049689440994,0.028653612323835675,0.017270780374715633,-0.06483815553037242,0.33320199739261536,0.34650453330393693,3.78,298.786,4.07,2.0,2.0
2022-11-02,19.780000686645508,19.864999771118164,19.575000762939453,19.600000381469727,21,54.90758910118539,0.0624546955060552,-0.0037682560186611067,0.06622295152471631,12.35552722842415,0.6723396562536093,19.237999147942386,19.285240643950655,-1,0.535031847133758,-0.003710667055252692,0.006160207497603487,-0.04292200332796425,0.32144287005996175,0.34635253929214993,3.78,298.786,4.1,2.0,2.0
2022-11-03,19.23500061035156,19.43600082397461,18.959999084472656,19.43600082397461,20,52.6601299571681,0.06975423123744662,0.010936241432560438,0.05881798980488618,10.505736559988916,0.6505398581397686,19.256856450421644,19.291152807873164,-1,0.5263157894736842,-0.008367324199144655,-0.0021562694071590727,-0.056275723623275375,0.320765181652995,0.34557293599584443,3.78,298.786,4.14,2.0,2.0
2022-11-04,19.979999542236328,20.934999465942383,19.950000762939453,20.790000915527344,51,65.29161767484423,0.18268972401425287,0.045286937948898924,0.13740278606535394,12.041940973244541,1.204921745117501,19.40287020900314,19.349931165036075,1,1.3368283093053737,0.06966454178590875,0.08580987159290654,0.029615763511433357,0.3994042707631415,0.3707933431058013,3.78,298.786,4.17,2.0,2.0
2022-11-07,20.575000762939453,21.0,20.450000762939453,20.89800071716309,127,66.06931222069312,0.27770538231444064,0.09177062682200728,0.18593475549243338,14.276250084602877,1.1074206946105734,19.54526359073266,19.41063977492341,1,2.998819362455726,0.00519479542471224,0.09270591985166488,0.0686234903895222,0.3793919591992678,0.3692946884692102,3.78,298.786,4.22,2.0,2.0
2022-11-08,20.68000030517578,21.625,20.68000030517578,21.47699928283691,27,69.95593654562644,0.3951710357109093,0.15245070859978768,0.2427203271111216,17.445967120509145,1.1357009006283245,19.72923841855211,19.4916734811161,1,0.6658446362515413,0.027705930988809913,0.0916992281990916,0.10552320132959658,0.38666609423736364,0.3707825115509249,3.78,298.786,4.14,2.0,2.0
2022-11-09,21.59000015258789,21.59000015258789,21.065000534057617,21.29800033569336,59,67.38608635048045,0.4684200386202164,0.21564457460387343,0.252775464016343,19.27829290211261,0.9917102711780099,19.878644315422704,19.562509828354422,1,1.4047619047619047,-0.00833444862507382,0.08663264903958678,0.1281915479945508,0.36954909438487177,0.3706858162047839,3.78,298.786,4.12,2.0,2.0
2022-11-10,21.059999465942383,21.780000686645508,21.049999237060547,21.677000045776367,108,69.90680629554183,0.550704333571506,0.28265652639739997,0.2680478071741061,21.298375100652105,0.9989115906251848,20.0499162897421,19.645431013351363,1,2.3101604278074865,0.017795084238394043,0.11530145743961118,0.14948564395976405,0.37074909828438046,0.37012595550482746,3.78,298.786,3.82,2.0,2.0
2022-11-11,21.584999084472656,21.645999908447266,21.51499938964844,21.645999908447266,71,69.43408645557093,0.606423307737046,0.3474098826653292,0.2590134250717168,21.606723388738953,0.9375347040189389,20.201924253428306,19.723884695511988,1,1.5042372881355932,-0.0014300935214115462,0.041173590919883374,0.20155429596546237,0.31663125047873425,0.36886120445247905,3.78,298.786,3.82,2.0,2.0
2022-11-14,21.864999771118164,22.100000381469727,21.854999542236328,22.09199905395508,13,72.33279619495988,0.6787452471638069,0.41367695556502476,0.26506829159878215,23.032883453895405,0.9668033015231382,20.381931377287998,19.816751925254856,1,0.31026252983293556,0.020604229298447185,0.05713457248622755,0.18303519902959553,0.30376801442461976,0.36789278876693826,3.78,298.786,3.88,2.0,2.0
2022-11-15,22.030000686645508,22.05500030517578,21.450000762939453,21.499000549316406,32,63.684941944027706,0.6803680227302493,0.46701516899806966,0.21335285373217966,22.901829323029595,0.8053789431237839,20.48831891748118,19.88272245953178,1,0.7692307692307692,-0.026842229315255706,0.0010244106352919058,0.1576652597346575,0.32589798721113417,0.37208359934287977,3.78,298.786,3.8,2.0,2.0
2022-11-16,21.625,21.94499969482422,21.503999710083008,21.503999710083008,15,63.724316611459,0.6742847397995249,0.5084690831583607,0.16581565664116416,22.024230317093647,0.7806717509220985,20.585050421538497,19.9463019595534,1,0.37406483790523687,0.0002325299148271398,0.009672240170097712,0.17277482499587804,0.31848038661074274,0.3719470962883213,3.78,298.786,3.67,2.0,2.0
2022-11-17,20.954999923706055,20.954999923706055,20.954999923706055,20.954999923706055,20,56.48166785489023,0.6180396236066414,0.5303831912480169,0.08765643235862453,20.870725024306306,0.6384377264391469,20.620283707459215,19.985858742461346,1,0.5383580080753702,-0.025530124338661198,-0.03330719751559852,0.12262935350835247,0.33771469041422036,0.3759737123506737,3.78,298.786,3.77,2.0,2.0
2022-11-18,20.97599983215332,20.97599983215332,20.97599983215332,20.97599983215332,30,56.684466855606814,0.5686049569087892,0.5380275443801714,0.030577412528617787,20.03850029322363,0.625057294834805,20.65416143362056,20.02468780480221,1,0.8010680907877169,0.001002143093472796,-0.030952604597973776,0.10150714902700475,0.3338207523393839,0.37543804786270885,3.78,298.786,3.82,2.0,2.0
2022-11-21,20.649999618530273,20.849000930786133,20.63999938964844,20.849000930786133,58,55.014760721747166,0.5132632976272333,0.5330746950295838,-0.019811397402350495,19.155740604475433,0.5767420945974963,20.672717576207756,20.057013809742756,1,1.4518147684605756,-0.006054486192954456,-0.056264628661860216,0.08735794112187589,0.3359300827146641,0.3731988431262244,3.78,298.786,3.83,2.0,2.0
2022-11-22,21.075000762939453,21.094999313354492,20.954999923706055,21.034000396728516,70,57.00169064515043,0.47881308552879887,0.5222223731294269,-0.04340928760062801,18.392099071469172,0.6060190726673966,20.707125463876398,20.095327009232395,1,1.6355140186915889,0.008873301246258292,-0.021628919517501788,0.08764670527455509,0.3359773313524871,0.37266675423951384,3.78,298.786,3.76,2.0,2.0
2022-11-23,21.084999084472656,21.59000015258789,21.084999084472656,21.35700035095215,34,60.298796265504045,0.4721319973495355,0.5122042979734487,-0.040072300623913204,17.805223593183246,0.6711140178816967,20.769018310264563,20.14480439518219,1,0.8,0.015356087673834562,-0.006835907789839335,0.09635527991908455,0.338127515790701,0.3703119719078022,3.78,298.786,3.71,2.0,2.0
2022-11-25,21.354999542236328,21.44499969482422,21.354999542236328,21.424999237060547,15,60.97719339630991,0.4669415174986504,0.5031517418784891,-0.036210224379838674,17.055265738527876,0.6695384839598355,20.831492684245134,20.195008114471538,1,0.3645200486026732,0.003183915577608998,0.022428981869037745,0.09995885266099513,0.33772265407305474,0.36668466538940653,3.78,298.786,3.68,2.0,2.0
2022-11-28,20.90999984741211,20.90999984741211,20.90999984741211,20.90999984741211,59036,53.51833261403286,0.41647105898256953,0.48581560529930523,-0.0693445463167357,15.308349896469705,0.4996719035716762,20.838969556927704,20.223047005959405,1,19.733591830595156,-0.024037311924735127,-0.0031464523869818573,0.0920771163780556,0.344799104687561,0.36972391325949067,3.78,298.786,3.69,2.0,2.0
2022-11-29,20.88999938964844,21.399999618530273,20.844999313354492,21.20400047302246,6934,56.76937622717587,0.395635609379255,0.46777960611529523,-0.07214399673604022,13.110579396439645,0.5685979690735028,20.873734406079585,20.26151576937364,1,2.077322907772735,0.014060288271438681,0.017027172832638104,0.1087059070861418,0.3457421353243878,0.3698712615972897,3.78,298.786,3.75,2.0,2.0
2022-11-30,21.170000076293945,22.145000457763672,21.165000915527344,21.549999237060547,693,60.2894962357746,0.40240391226996053,0.4547044673462283,-0.052300555076267796,11.832326609948632,0.676624404848788,20.938140580458725,20.312044532812344,1,0.20553430020464455,0.016317617257097128,0.024531654968128924,0.09540989525434451,0.33761176095044226,0.3708409960581963,3.78,298.786,3.68,2.0,2.0
2022-12-01,22.25,22.760000228881836,22.06999969482422,22.636999130249023,1001,68.86646827219681,0.48983315630170665,0.461730205137324,0.02810295116438266,11.440567587582679,1.0658322452570559,21.099936632819706,20.4032192229079,1,0.2926301634168445,0.050440832096138255,0.05993345311902898,0.15494891273831524,0.3710281102487992,0.3813542973307397,4.1,298.832,3.53,2.0,2.0
2022-12-02,22.770000457763672,23.219999313354492,22.3799991607666,23.038000106811523,578,71.32686107930675,0.5847383894278408,0.4863318419954274,0.09840654743241345,10.697503132850537,1.1963633769836075,21.284514106533212,20.50654396345314,1,0.1676042452009511,0.0177144052643734,0.07528592425622294,0.18532615405087816,0.36797761420059366,0.38215958229801283,4.1,298.832,3.51,1.0,2.0
2022-12-05,23.190000534057617,23.459999084472656,22.184999465942383,22.198999404907227,319,60.54579678826313,0.5855018250365411,0.5061658386036502,0.07933598643289097,10.704593870848159,0.7986719452101684,21.371607944473595,20.572914765078792,1,0.09214326978625072,-0.03641812214664564,0.0616451251507133,0.06777289212755888,0.3313991386761367,0.39006568835688493,4.1,298.832,3.6,2.0,2.0
2022-12-06,22.225000381469727,22.479999542236328,22.0,22.12299919128418,79,59.666019469475145,0.5733648777738694,0.519605646437694,0.05375923133617533,10.61212289643086,0.7404662109934581,21.443169015598414,20.633702389635868,1,0.02283500982772575,-0.0034235873535023442,0.04334081766461706,0.05861797454696349,0.3321521514311975,0.37349363660462503,4.1,298.832,3.51,2.0,2.0
2022-12-07,22.604999542236328,22.774999618530273,22.5,22.709999084472656,133,64.0152742742774,0.6041480031326927,0.5365141177766938,0.0676338853559989,11.51682887074654,0.9317960580446023,21.56381949834834,20.71512578943339,1,0.03838494617449277,0.026533468094133372,0.053828301089551944,0.057410245509533775,0.3310591958042794,0.37426641971580704,4.1,298.832,3.42,2.0,1.0
2022-12-08,22.684999465942383,23.062999725341797,22.575000762939453,23.062999725341797,378,66.3641919096339,0.6495405541454602,0.5591194050504471,0.09042114909501309,12.712944199187696,0.985450826820216,21.706598567585814,20.807199277116073,1,0.10859416521826566,0.015543842144427611,0.018818775078871752,0.08287160117518044,0.33119402413929744,0.3751732788419558,4.1,298.832,3.48,1.0,1.0
2022-12-09,23.1200008392334,23.704999923706055,23.1200008392334,23.53499984741211,132,69.2541247660791,0.7153547784471641,0.5903664797297905,0.1249882987173736,14.57870877274722,1.0407200303691702,21.880732022807365,20.91417184850023,1,0.037908703206444475,0.02046568649747993,0.021573041856773,0.08571295832966341,0.332754229745155,0.37491067238647424,4.1,298.832,3.57,1.0,1.0
2022-12-12,23.420000076293945,23.51499938964844,23.219999313354492,23.219999313354492,18,65.22637053553359,0.7336381904573273,0.6190208218752979,0.11461736858202931,15.537017563175965,0.8898078758882922,22.00828128857376,21.004596454965107,1,0.005173305742369374,-0.0133843440025454,0.045993059859336105,0.07271548607431066,0.3381180426026126,0.3764481956587112,4.1,298.832,3.61,2.0,1.0
2022-12-13,23.325000762939453,24.155000686645508,23.325000762939453,23.801000595092773,83,68.82750520187983,0.7859499324221062,0.6524066439846596,0.13354328843744656,17.224414990665576,0.9811494322195308,22.17901646062319,21.114259362421095,1,0.023830715782824658,0.02502158910074259,0.07584873051343233,0.07735839282646229,0.3413110688594169,0.37892652865504,4.1,298.832,3.51,1.0,1.0
2022-12-14,23.7549991607666,24.079999923706055,23.5,23.945999145507812,259,69.67163568167469,0.8295450569869125,0.6878343265851102,0.14171073040180227,18.656272683376873,0.9472551485093444,22.347300525850294,21.225307981365674,1,0.07412177148171997,0.006092119944105745,0.05442536815777488,0.11381917920222628,0.3211534474182881,0.37807063840715466,4.1,298.832,3.49,1.0,1.0
2022-12-15,23.94499969482422,23.94499969482422,23.040000915527344,23.128000259399418,128,59.828764710330816,0.7889938040420077,0.7080662220764897,0.08092758196551797,18.832945543997067,0.7262004647726472,22.4216528814264,21.299923364817978,1,0.036572473499242836,-0.034160148471476415,0.002818390271504878,0.07552085989635371,0.3512152900140444,0.3852900896682962,4.1,298.832,3.44,1.0,1.0
2022-12-16,23.100000381469727,23.21500015258789,23.05500030517578,23.150999069213867,34,59.99987042581291,0.7500661598790117,0.7164662096369941,0.03359995024201756,18.388095010972375,0.7093566724931277,22.491114423120443,21.372514568911935,1,0.009712620693595384,0.0009944141108828575,-0.016316158091688515,0.10479595101422623,0.33380085020149797,0.38521350812375094,4.1,298.832,3.48,1.0,1.0
2022-12-19,23.02899932861328,23.02899932861328,22.94499969482422,23.02899932861328,8,58.57460122886945,0.7012873578244339,0.7134304392744821,-0.012143081450048276,17.68207559083844,0.6599880652808855,22.542341556976904,21.43747475556689,1,0.002286040862980426,-0.005269739773901216,-0.00822566711409678,0.09787373726581539,0.3355362505731226,0.37667198881158437,4.1,298.832,3.57,1.0,1.0
2022-12-20,23.084999084472656,24.170000076293945,23.084999084472656,24.0939998626709,22,66.13682982687118,0.7400357765062218,0.7187515067208301,0.021284269785391663,17.540141507410503,0.8882828233706647,22.69011853847157,21.54165221074744,1,0.00628984761414644,0.04624606214367133,0.012310376045221227,0.15564289831716227,0.3620883195593978,0.38208208237861774,4.1,298.832,3.69,0.0,1.0
2022-12-21,24.020000457763672,24.084999084472656,24.020000457763672,24.03499984741211,48,65.42429006513548,0.75725421412508,0.7264520482016801,0.030802165923399905,17.159764760165793,0.8406178240059922,22.81820247265638,21.639430549440174,1,0.013727621117657154,-0.0024487430727597737,0.0037167253436987124,0.14267373747650725,0.36363916372628463,0.3814581075722208,4.1,298.832,3.68,0.0,1.0
2022-12-22,24.049999237060547,24.049999237060547,23.454999923706055,23.47599983215332,37,58.944601328470334,0.7175221715650792,0.7246660728743599,-0.007143901309280665,16.410529744742448,0.6769035588105178,22.88084984022752,21.711452874252455,1,0.010581254021591479,-0.02325774989838314,0.015046678002888392,0.0992180290481055,0.3773057059233254,0.38226023283411537,4.1,298.832,3.67,0.0,1.0
2022-12-23,23.71500015258789,23.8799991607666,23.61000061035156,23.763999938964844,31,61.08314617057038,0.7011905550421815,0.7199709693079243,-0.01878041426574273,15.709946362881382,0.7313324314903581,22.964959373440596,21.791944916005882,1,0.008863347200182985,0.012267852652523503,0.026478376501951617,0.10917156523666693,0.3781700145832052,0.381583847443658,4.1,298.832,3.75,0.0,1.0
2022-12-27,24.114999771118164,24.13999938964844,24.040000915527344,24.040000915527344,133,63.06854238509037,0.702421525354957,0.7164610805173308,-0.014039555162373762,13.903410009988932,0.7968475273859588,23.06734428221076,21.880103974810645,1,0.24076755973931935,0.011614247486592122,0.043901238281678356,0.14968919612415088,0.3621397333143791,0.38071334122602596,4.1,298.832,3.84,0.0,1.0
2022-12-28,24.075000762939453,24.094999313354492,23.584999084472656,23.663000106811523,372,58.66591753835525,0.6653070184904273,0.7062302681119501,-0.04092324962152283,11.791265562466382,0.6654875349790333,23.124073408363216,21.95002147018323,1,1.6584930896121266,-0.0156822293826252,-0.017888260907941933,0.11596866529585359,0.36985559333081003,0.34914859033108775,4.1,298.832,3.88,0.0,1.0
2022-12-29,23.584999084472656,24.07799911499023,23.579999923706055,24.07799911499023,274,61.825043197584115,0.6617521887676254,0.6973346522430852,-0.03558246347545979,10.16949790106696,0.8124464477431644,23.214923475661028,22.033471573901153,1,1.3474305384804524,0.017537886417844595,0.001789027162517387,0.11730858317536108,0.3703402234548497,0.3474046410636737,4.1,298.832,3.83,0.0,1.0
2022-12-30,24.05500030517578,24.155000686645508,23.86199951171875,23.86199951171875,28,59.28526414616823,0.6341949926979886,0.684706720334066,-0.050511727636077364,9.933111888698791,0.6997525390945393,23.27654976480938,22.105178551854785,1,0.1809954751131222,-0.008970828607473669,0.01644231054375611,0.054114963490580426,0.3353030504725523,0.3429049638363995,4.1,298.832,3.88,0.0,1.0
2023-01-03,24.454999923706055,24.530000686645508,23.979999542236328,24.05900001525879,148,60.86434085300538,0.6210924434363889,0.6719838649545307,-0.050891421518141744,10.0974268387238,0.7577158276410749,23.351068836280753,22.18179900140004,1,1.1111111111111112,0.00825582547863557,0.012413738303804989,0.04431807898748086,0.3314063218014525,0.3430448804451841,4.33,300.42,3.79,0.0,1.0
2023-01-04,24.084999084472656,24.104999542236328,23.75,23.79199981689453,24,57.603501381880506,0.5824497757016758,0.6540770471039598,-0.07162727140228398,8.863671890565437,0.6263735501708079,23.393062263005874,22.244944131419434,1,0.20261713803292528,-0.011097726347517378,-0.010316185074378703,0.07176000967120899,0.3021433110353092,0.3410982810432022,4.33,300.42,3.69,0.0,1.0
2023-01-05,23.5,23.5,23.145000457763672,23.257999420166016,8,51.644109210196504,0.5029382547949801,0.6238492886421638,-0.12091103384718371,7.064315184613576,0.3036169096038763,23.380199135116364,22.284671789801653,1,0.06962576153176675,-0.02244453601371188,-0.017115356667260717,0.05130408490585636,0.3154269228035832,0.3375657262122207,4.33,300.42,3.71,0.0,1.0
2023-01-06,23.295000076293945,23.82200050354004,23.290000915527344,23.82200050354004,6,56.7351998331647,0.4799029529885743,0.595060021511446,-0.11515706852287166,6.214776020414611,0.6233309885167423,23.42227545591862,22.344959190340415,1,0.055274067250115154,0.02424976771153431,-0.01063205502365916,0.04896527802274031,0.3133006844296664,0.3396973630782515,4.33,300.42,3.55,0.0,1.0
2023-01-09,23.711999893188477,23.711999893188477,23.711999893188477,23.711999893188477,2,55.50771916230971,0.44761139487301804,0.5655702961837604,-0.11795890131074238,5.789959660323907,0.5282708680027811,23.44986825946813,22.39856862966779,1,0.022284122562674095,-0.004617605911611644,-0.006286129477817148,0.028140318934035013,0.31030752574910786,0.3335216924197126,4.33,300.42,3.53,0.0,1.0
2023-01-10,23.43000030517578,23.506999969482425,23.424999237060547,23.506999969482425,4,53.19778852166334,0.40085748625466877,0.5326277341979421,-0.1317702479432733,5.800755170620857,0.37994732737658393,23.455309374707586,22.442036525346793,1,0.04799040191961608,-0.008645408427356616,-0.02294359887885078,-0.001189712263064302,0.3039028160632365,0.33436094164408964,4.33,300.42,3.61,0.0,1.0
2023-01-11,23.549999237060547,23.80500030517578,23.184999465942383,23.32699966430664,9,51.1836870352935,0.3452997558843407,0.49516213853522184,-0.14986238265088114,5.692880968642443,0.24019116394007742,23.443089402288447,22.476740962168748,1,0.10856453558504221,-0.007657306564404998,-0.019544391230942093,0.004608111719047736,0.3011965320141023,0.3190923346002628,4.33,300.42,3.54,0.0,1.0
2023-01-12,23.80500030517578,23.863000869750977,23.80500030517578,23.863000869750977,33,56.46892311074328,0.3405945105198498,0.4642486129321475,-0.12365410241229768,5.715900351116445,0.6349799040145157,23.48308097061821,22.531104095799424,1,0.4104477611940298,0.022977717372907103,0.026012617794649584,0.0026049440405033764,0.2991207707519251,0.31461825515934594,4.33,300.42,3.43,0.0,1.0
2023-01-13,23.88999938964844,24.231000900268555,23.5,24.231000900268555,30,59.69534665325998,0.36238277358873106,0.4438754450634642,-0.08149267147473316,5.990811299290917,0.8779165585472242,23.55431144010872,22.597766715582527,1,0.435097897026831,0.015421364334108567,0.017169019733155322,0.011901852707374205,0.3033181247265316,0.3147952946546247,4.33,300.42,3.49,0.0,1.0
2023-01-17,24.309999465942383,24.315000534057617,23.944000244140625,23.944000244140625,118,56.197060851456335,0.35242899261438865,0.4255861545736491,-0.07315716195926047,5.623112084267339,0.6563315522427599,23.59142465954033,22.650560187290687,1,1.7238860482103724,-0.011844358279263223,0.00978409041823558,0.03528190831844946,0.27777258007232924,0.3146087635147864,4.33,300.42,3.53,0.0,1.0
2023-01-18,24.25,24.260000228881836,23.530000686645508,23.530000686645508,19,51.50794757139438,0.3075885557247453,0.40198663480386837,-0.09439807907912307,5.217641766882002,0.31902795601882467,23.585574757359872,22.685048050010483,1,0.28064992614475626,-0.017290325479195068,0.000978462466199037,0.01637085364214963,0.2860099464887938,0.31649765580640454,4.33,300.42,3.37,0.0,0.0
2023-01-19,23.753999710083008,23.753999710083008,23.753999710083008,23.753999710083008,18,53.75628144236875,0.2868207445814335,0.3789534567593814,-0.09213271217794794,4.3970210332044815,0.46505956645370955,23.60161522904779,22.726967722954505,1,0.26392961876832843,0.009519720225279471,0.018304970717247127,0.031482061861408006,0.28663523117903694,0.31493717642168506,4.33,300.42,3.39,0.0,1.0
2023-01-20,23.829999923706055,23.829999923706055,23.829999923706055,23.829999923706055,0,54.52665350480327,0.2733437501048215,0.35783151542846947,-0.08448776532364799,4.2455859608732025,0.5521550410139412,23.623366152348577,22.77022388768986,1,0.0,0.003199470175575758,-0.0013829336144707272,-0.010957082280632968,0.2361023131766812,0.31486907686756455,4.33,300.42,3.48,0.0,1.0
2023-01-23,23.079999923706055,23.45199966430664,22.850000381469727,23.45199966430664,8,50.05982696675383,0.22951595596045848,0.3321684035348673,-0.10265244757440883,4.288132980945159,0.2091382220714533,23.60704553443982,22.796960192655224,1,0.12288786482334871,-0.015862369307999002,-0.032148949982222175,-0.024256300678455855,0.24235539571946704,0.31723506154777165,4.33,300.42,3.52,0.0,1.0
2023-01-24,23.434999465942383,23.704999923706055,23.25,23.64900016784668,7,52.255044960308474,0.2082775140390325,0.30739022563570034,-0.09911271159666785,4.176449508311058,0.3913014900888234,23.6110412138119,22.830373525015673,1,0.11006289308176101,0.00840015804024885,-0.012320417360759728,0.007369242500011142,0.22952884612497385,0.31730309665289747,4.33,300.42,3.46,0.0,1.0
2023-01-25,23.684999465942383,23.94499969482422,23.6200008392334,23.839000701904297,21,54.3397199252544,0.20442091395090145,0.2867963632987406,-0.08237544934783914,4.186662863602617,0.57881231003546,23.63275164124927,22.869927531952484,1,0.3328050713153724,0.008034188875178927,0.013132171960970718,0.0031560664506011804,0.2271344285942783,0.31737399998122284,4.33,300.42,3.46,0.0,1.0
2023-01-26,23.9950008392334,24.184999465942383,23.780000686645508,23.93000030517578,11,55.34536961023225,0.2063290057217344,0.2707028917833394,-0.06437388606160499,4.102170624631732,0.6794815597743801,23.661061037813703,22.91149901325536,1,0.19298245614035087,0.0038172574601340603,0.007409303580064641,-0.004575732369482277,0.22362176959266203,0.31448317896417116,4.33,300.42,3.49,0.0,1.0
2023-01-27,23.527000427246097,23.527000427246097,23.527000427246097,23.527000427246097,184,50.08445555557745,0.1733244833059544,0.2512272100878624,-0.07790272678190802,4.176365935134259,0.27687427168353396,23.648293360616787,22.935636323607937,1,3.865546218487395,-0.016840780308829295,-0.01271504395426093,-0.005747355743208504,0.22474608931913995,0.3171923073080495,4.33,300.42,3.52,0.0,2.0
2023-01-30,23.69499969482422,23.790000915527344,23.645000457763672,23.645000457763672,45,51.53707361218228,0.1549041393085986,0.23196259593200966,-0.07705845662341107,3.9934410114663152,0.41382707930864926,23.647979750821253,22.96345452494738,1,1.2448132780082988,0.0050155152962432226,0.008229609253780357,-0.017983166091113723,0.21595692285864,0.31297951530053564,4.33,300.42,3.55,0.0,2.0
2023-01-31,23.55500030517578,23.74799919128418,23.05500030517578,23.74799919128418,28,52.827516578321784,0.14692337971334624,0.214954752688277,-0.06803137297493075,3.961315360409116,0.5287859623676775,23.657505411817723,22.994220982450784,1,0.7745504840940526,0.004356047008943431,0.004186182195224486,-0.004777483981532438,0.21450903863460635,0.3126692651288242,4.33,300.42,3.52,0.0,2.0
2023-02-01,23.520000457763672,23.834999084472656,23.510000228881836,23.520999908447266,12,49.687352642015924,0.12088810242849846,0.19614142263632128,-0.07525332020782283,3.80298698237514,0.30795279267751885,23.644504887687205,23.014878979548687,1,0.4088586030664395,-0.009558669806601028,-0.01333951860790994,-0.02236169859388637,0.21451592317236903,0.3128694284798711,4.57,301.45,3.39,0.0,2.0
2023-02-02,24.19499969482422,24.459999084472656,23.534000396728516,23.534000396728516,97,49.87113333086579,0.10014952695507517,0.17694304350007206,-0.07679351654499689,3.828779213808179,0.3377082571531793,23.633980650453044,23.03523668218319,1,2.9393939393939394,0.0005527183509141942,-0.016548261738284054,-0.010843956882632955,0.21125736968860434,0.28286695858796657,4.57,301.45,3.4,0.0,2.0
2023-02-03,22.5,22.5,22.333999633789062,22.333999633789062,4,36.586487881416964,-0.012966506450386106,0.13896113350998043,-0.15192763996036654,6.126307419269327,-0.39847770435098195,23.510172934580282,23.0077371900893,1,0.12195121951219513,-0.050990088497927744,-0.05070773034353526,-0.03972825734855734,0.2703936860557611,0.30393716432761947,4.57,301.45,3.53,1.0,2.0
2023-02-06,22.23500061035156,22.239999771118164,22.177000045776367,22.177000045776367,542,35.26299502886472,-0.11396659655025942,0.08837558749793246,-0.20234218404819188,8.123601196123992,-0.2190092352445818,23.38320408802753,22.975159262861343,1,9.093959731543624,-0.0070296225748642804,-0.062085023623050795,-0.06905383355689287,0.25269130808027007,0.29940184904329037,4.57,301.45,3.63,1.0,2.0
2023-02-07,22.117000579833984,22.117000579833984,22.117000579833984,22.117000579833984,0,34.74570329224798,-0.19658523882277024,0.031383422233791924,-0.22796866105656216,9.703349886116252,-0.09532507657314217,23.262613277723382,22.941505981173997,1,0.0,-0.002705481616924521,-0.06867941161328628,-0.0672654909134287,0.2526773048351566,0.29890718780161224,4.57,301.45,3.67,1.0,2.0
2023-02-08,22.165000915527344,22.367000579833984,22.165000915527344,22.367000579833984,9,38.77581134954593,-0.23913163674199822,-0.022719589561366105,-0.21641204718063212,10.559109538025927,0.07575615499410616,23.177316830305344,22.918976357592037,1,0.1506276150627615,0.011303521881169898,-0.04906251150482921,-0.0484961667217606,0.25709598281860957,0.2976369193142537,4.57,301.45,3.63,2.0,2.0
2023-02-09,22.097000122070312,22.097000122070312,21.94499969482422,22.097000122070312,21,36.177142094272945,-0.2912790603836015,-0.0764314837258132,-0.2148475766577883,11.677881178262798,0.038940408901982304,23.07442952475915,22.886741995414713,1,0.347970173985087,-0.012071375274479323,-0.06106060382568712,-0.05272857889728477,0.2587737054816427,0.29874504121098655,4.57,301.45,3.67,2.0,2.0
2023-02-10,22.11000061035156,22.11000061035156,21.989999771118164,22.034000396728516,25,35.577999116570396,-0.3338415036014837,-0.1279134877009473,-0.2059280159005364,12.527035669799657,0.07826681513734488,22.97534103637528,22.85330114840741,1,0.41701417848206834,-0.0028510533101221425,-0.01343240091249387,-0.07664587044209192,0.2407403569986449,0.2958658469939171,4.57,301.45,3.74,2.0,2.0
2023-02-13,21.780000686645508,21.975000381469727,21.780000686645508,21.81800079345703,54,33.52778125417713,-0.3806144231516626,-0.17845367479109037,-0.20216074836057224,13.092415426129753,0.06290549984554764,22.865118156097353,22.81270113448779,1,0.8830744071954211,-0.00980301349652124,-0.016187908715259658,-0.09958317928108285,0.23034045432042488,0.2911598616653443,4.57,301.45,3.72,2.0,2.0
2023-02-14,21.989999771118164,21.989999771118164,21.84199905395508,21.84199905395508,4,33.982964225330704,-0.4110079954871253,-0.22496453893029736,-0.18604345655682794,13.6180176658898,0.11900908924286681,22.767678241607612,22.774634386231604,-1,0.0721370604147881,0.0010999293989046866,-0.012433943060509156,-0.08778822121420282,0.22997420218606687,0.29116511593585026,4.57,301.45,3.77,2.0,2.0
2023-02-15,21.84000015258789,21.844999313354492,21.54599952697754,21.54599952697754,11,31.149648818975805,-0.4537492694634082,-0.27072148503691956,-0.18302778442648865,14.635103841532517,0.08532991844906375,22.651327887833318,22.72645262704517,-1,0.19981834695731154,-0.013551851469563392,-0.03670590743385849,-0.08431793887681405,0.22754293559890934,0.28753759775474214,4.57,301.45,3.81,2.0,2.0
2023-02-16,21.625,21.684999465942383,21.545000076293945,21.68400001525879,26,33.915981444130125,-0.4710565047732338,-0.31078848898418243,-0.16026801578905137,15.058522253007183,0.16539632047953437,22.5592014237786,22.685572132465314,-1,0.4688908926961226,0.0064049239446264394,-0.018690324683440673,-0.08714320620057736,0.22529630969650424,0.2877921274407181,4.57,301.45,3.86,2.0,2.0
2023-02-17,21.69499969482422,21.725000381469727,21.694000244140625,21.694000244140625,4,34.1225427958279,-0.47845040016473916,-0.3443208712202938,-0.13412952894444535,15.171098500783199,0.20019284538421106,22.476801311432126,22.64668696037415,-1,0.07187780772686433,0.0004611800809259936,-0.01543070465943952,-0.08963490081426895,0.22425526341220486,0.2874609113842609,4.57,301.45,3.82,2.0,2.0
2023-02-21,21.969999313354492,21.969999313354492,21.854999542236328,21.868999481201172,8,37.7872789909583,-0.4648308588379848,-0.368422868743832,-0.0964079900941528,15.268930869235248,0.2745645639674413,22.4189154228387,22.61618941217129,-1,0.14375561545372867,0.008066711306865315,0.0023374592487610535,-0.0674995823709974,0.22442185819586194,0.287368454380855,4.57,301.45,3.95,2.0,2.0
2023-02-22,21.8799991607666,21.885000228881836,21.660999298095703,21.660999298095703,6,35.27544660204751,-0.4654556674611854,-0.3878294284873027,-0.07762623897388271,15.221392756013822,0.24122303888853192,22.34673293476794,22.57873097632519,-1,0.1079136690647482,-0.009511188807895254,-0.008286776105624116,-0.08406278724856509,0.22084891479814922,0.28648289612872174,4.57,301.45,3.93,2.0,2.0
2023-02-23,21.510000228881836,21.56999969482422,21.298999786376953,21.298999786376953,25,31.367457810736425,-0.4895183057223278,-0.4081672039343077,-0.08135110178802007,15.086063017980772,0.16795033815502206,22.246948825397368,22.528545439464477,-1,0.44802867383512546,-0.016712041154563706,-0.01146383300952547,-0.10654812872774677,0.21997220266591658,0.28853801903567977,4.57,301.45,3.88,2.0,2.0
2023-02-24,21.329999923706055,21.329999923706055,20.805999755859375,20.805999755859375,53878,26.983184356222864,-0.5421198816579889,-0.434957739479044,-0.10716214217894487,15.112380915372048,0.06611181146521668,22.109715580679463,22.460994628342707,-1,19.59805758143426,-0.02314662826715952,-0.04049069630979407,-0.13054745129446244,0.225629969426118,0.2882166777044297,4.57,301.45,3.95,2.0,2.0
2023-02-27,20.75,20.81999969482422,20.51499938964844,20.670000076293945,7500,25.907417742928544,-0.5880029155141315,-0.4655667746860615,-0.12243614082807003,15.502132427098605,0.07628678641048617,21.972599818357033,22.390759547870207,-1,2.4077433024607138,-0.006536560663331192,-0.047201998539815326,-0.12143495979383434,0.22252136432807432,0.2870110572532287,4.57,301.45,3.92,2.0,2.0
2023-02-28,20.63999938964844,21.010000228881836,20.475000381469727,20.961000442504883,513,32.141459533690366,-0.5940365690596501,-0.49126073356077926,-0.10277583549887082,14.876999708354269,0.18576688966865645,21.876257020656826,22.334690563346076,-1,0.1634616916532573,0.014078392120795424,-0.041519916788000044,-0.11351236892776273,0.23079010446323092,0.2865009538349804,4.57,301.45,3.92,2.0,2.0
2023-03-01,20.8799991607666,21.149999618530273,20.8799991607666,20.958999633789062,577,32.12144770357931,-0.592153751660284,-0.5114393371806802,-0.0807144144796037,13.548667731721187,0.19918741502807844,21.788899174288467,22.280741899441878,-1,0.18226040811169372,-9.545387498599567e-05,-0.032408461615543116,-0.11744145412126827,0.22867152684277886,0.26715552479239585,4.65,301.821,4.01,2.0,2.0
2023-03-02,20.915000915527344,20.915000915527344,20.73500061035156,20.766000747680664,109,30.17011174662005,-0.5993263414596228,-0.5290167380364688,-0.07030960342315407,12.327654872537753,0.14665355758436274,21.691480276516295,22.221340285647322,-1,0.03437780896661568,-0.009208401616518702,-0.025024604161797304,-0.11712933852685314,0.22860609213362826,0.26471782253001847,4.65,301.821,4.08,2.0,2.0
2023-03-03,21.0,21.219999313354492,20.924999237060547,21.093000411987305,172,37.13801648868265,-0.5720305187484946,-0.537619494178874,-0.03441102456962064,9.907568582420229,0.26779042074520437,21.6344821941802,22.17709166315085,-1,0.054183467741935484,0.015746877228787648,0.013794129553765133,-0.1037222717596511,0.2404870981673399,0.25655692604555497,4.65,301.821,3.97,2.0,2.0
2023-03-06,21.174999237060547,21.219999313354492,20.979999542236328,20.983999252319336,120,35.85372491015568,-0.5528212855580357,-0.5406598524547064,-0.012161433103329289,9.6938762201027,0.24203536382503948,21.5725314378125,22.130303725471183,-1,0.03773347588202,-0.005167646021853933,0.015191058290585646,-0.06044597490846704,0.1650320752800424,0.25665718635335316,4.65,301.821,3.98,2.0,2.0
2023-03-07,20.98500061035156,20.98500061035156,19.989999771118164,20.054000854492188,57,27.208364055564317,-0.6056592652433679,-0.5536597350124387,-0.05199953023092918,11.004316125257535,-0.0779501271812581,21.42790947749628,22.048880083472007,-1,0.01806112264135997,-0.04431940673674761,-0.04327081574663172,-0.09572977349966261,0.22292076697105062,0.26611747903379007,4.65,301.821,3.97,2.0,1.0
2023-03-08,20.03499984741211,20.13999938964844,19.829999923706055,20.0049991607666,82,26.841113095502664,-0.6440634099066429,-0.5717404699912796,-0.07232293991536332,12.032804604639894,-0.009097578175492012,21.29239420923631,21.968727890424738,-1,0.025948956503852785,-0.002443487166532643,-0.04551746217336006,-0.09549221701395982,0.22295900538594815,0.26360716838518855,4.65,301.821,3.98,2.0,1.0
2023-03-09,20.010000228881836,20.030000686645508,20.010000228881836,20.024999618530273,7,27.272604424580223,-0.6652168951641677,-0.5904357550258572,-0.0747811401383105,12.29049965694666,0.05145715642615206,21.171689962502402,21.89250325231123,-1,0.002215224924445007,0.0009997729868889138,-0.035683381607946485,-0.1047078687615921,0.21590631248661518,0.25946776539125066,4.65,301.821,3.93,2.0,2.0
2023-03-10,20.375,20.375,20.375,20.375,48,34.54776721071086,-0.6462890609305809,-0.601606416206802,-0.04468264472377892,12.123997656444635,0.21385784668732938,21.095814727978365,21.832993320848043,-1,0.015183626988896972,0.01747817169224075,-0.03403974768706963,-0.0779291357450097,0.22888584083361083,0.2616697956278601,4.65,301.821,3.7,2.0,1.0
2023-03-13,20.690000534057617,21.792999267578125,20.690000534057617,21.792999267578125,15,54.43480456559396,-0.5109776929814416,-0.58348067156173,0.07250297858028842,11.83726668061879,0.7794444657484236,21.162213255559294,21.831424926602164,-1,0.004745634016704631,0.06959505607745409,0.03855318547866271,-0.010937692875151894,0.341471682965119,0.29301797960270637,4.65,301.821,3.55,2.0,1.0
2023-03-14,21.510000228881836,21.929000854492188,21.5,21.929000854492188,60,55.821277602849925,-0.38829227591154947,-0.5444429924316939,0.15615071652014445,11.964139606765064,0.8280821460587146,21.235240645933857,21.835251433578243,-1,0.018980734554427257,0.006240608979251272,0.09349755261329773,0.005087545008635397,0.3404294211565476,0.29303436084328227,4.65,301.821,3.64,2.0,1.0
2023-03-15,21.600000381469727,22.079999923706055,21.600000381469727,21.77400016784668,15,53.81159092988222,-0.30011096659020353,-0.4955765872633959,0.19546562067319234,11.893437031155333,0.7696677148803628,21.28655107659222,21.8328494231574,-1,0.004744358167412585,-0.007068296803579899,0.08842794707781887,-0.0031132171529001385,0.3414002705988246,0.2849846562532515,4.65,301.821,3.51,2.0,1.0
2023-03-16,21.854999542236328,21.86000061035156,21.579999923706055,21.58799934387207,53,51.41926485920893,-0.24244065075418675,-0.4449493999615541,0.20250874920736733,11.921955646591094,0.694218175523148,21.31526043538078,21.823247459263857,-1,0.016752271829316476,-0.008542335930045275,0.07805242222803654,0.0019493092832358894,0.33921232758965514,0.285372822205661,4.65,301.821,3.56,2.0,1.0
2023-03-17,21.75,22.35099983215332,21.75,22.35099983215332,58,59.394201284173135,-0.13362836263511113,-0.38268519249626554,0.2490568298611544,12.775928566490395,0.9511999583663149,21.41390228269245,21.84394363074972,-1,0.01832340815391663,0.03534373316061057,0.09698158685415059,0.03075999891280068,0.36044286984074636,0.2945428347103477,4.65,301.821,3.39,2.0,0.0
2023-03-20,22.6299991607666,22.719999313354492,22.415000915527344,22.53300094604492,9,61.03723628617263,-0.03233513222983575,-0.3126151804429796,0.28028004821314384,13.831559467614507,0.9637571244950697,21.52048310777364,21.870965486251492,-1,0.002843062926459439,0.008142862299599596,0.03395593554521459,0.03867431974104907,0.3611681294502377,0.27937621179147687,4.65,301.821,3.47,2.0,0.0
2023-03-21,22.56999969482422,22.600000381469727,22.204999923706055,22.323999404907227,58,58.12847671029616,0.030721664745989585,-0.24394781140518576,0.2746694761511753,14.340546488813708,0.870578862762404,21.59700846940541,21.888731522277208,-1,0.01830750291973107,-0.009275353142625953,0.018012610471221047,0.02080570371301982,0.3625074326904066,0.2798704131698603,4.65,301.821,3.59,2.0,0.0
2023-03-22,22.68000030517578,23.065000534057617,22.649999618530273,22.674999237060547,22,61.45100106617022,0.10777502032906838,-0.17360324505833494,0.2813782653874033,15.447804635528358,0.9346843195570484,21.699674256801135,21.91956555030793,-1,0.006942472151219666,0.015722981612164233,0.041379584011593806,0.04681224190123068,0.3637602210375707,0.2780361801065667,4.65,301.821,3.48,2.0,0.0
2023-03-23,23.143999099731445,23.143999099731445,23.143999099731445,23.143999099731445,0,65.40154265129912,0.2043293475621617,-0.09801672653423561,0.3023460740963973,17.224269355138908,0.9906633428072018,21.837229003746877,21.967582552246107,-1,0.0,0.020683566855621116,0.07207707074074277,0.08662375378465281,0.36183486583382657,0.28017014122068207,4.65,301.821,3.38,2.0,0.0
2023-03-24,23.246999740600582,23.246999740600582,23.246999740600582,23.246999740600582,15,66.22029264704824,0.2858653605057171,-0.021240309126245076,0.3071056696319622,18.609260722962446,0.9467937461294301,21.97149288344723,22.017755775318832,-1,0.03161222339304531,0.004450425374858069,0.04008768803077478,0.11732192701068223,0.34688275620681147,0.2792483893884216,4.65,301.821,3.38,2.0,0.0
2023-03-27,23.054000854492188,23.054000854492188,23.054000854492188,23.054000854492188,0,63.202241367187746,0.3310932046835511,0.049226393635714155,0.28186681104783695,19.243849324105554,0.8545022393160201,22.074588880689607,22.0583928372472,1,0.0,-0.00830209869066778,0.023121638777489073,0.11533627331392271,0.3477623525202529,0.2779227974326465,4.65,301.821,3.53,2.0,0.0
2023-03-28,23.094999313354492,23.323999404907227,23.094999313354492,23.323999404907227,36,65.566566314887,0.38429332930403604,0.11623978076937853,0.2680535485346575,20.164036345507107,0.8711861858874036,22.193580359186523,22.108024467351516,1,0.4758757435558493,0.011711570244104852,0.0447948408285741,0.11273311924609453,0.34710113753751914,0.2765961382385934,4.65,301.821,3.55,2.0,0.0
2023-03-29,23.375999450683594,23.375999450683594,23.375999450683594,23.375999450683594,188,66.01940524039287,0.42574307926174626,0.1781404404678521,0.24760263879389416,20.860769473108327,0.8416764541684011,22.306191701233864,22.157748976501793,1,3.3451957295373664,0.002229465233369421,0.030915115202178933,0.11532038070166117,0.3467163761732212,0.27608275127671167,4.65,301.821,3.57,2.0,1.0
2023-03-30,23.98500061035156,23.98500061035156,23.604999542236328,23.902000427246097,93,70.27750806439713,0.4953263734642377,0.24157762706712924,0.2537487463971084,21.775274817212743,0.9021389235931406,22.4581734846636,22.22615099417804,1,1.6787003610108304,0.022501753461802165,0.032751527696155414,0.15101606311536364,0.3470247033410479,0.27941902163914784,4.65,301.821,3.55,1.0,1.0
2023-03-31,23.8700008392334,24.165000915527344,23.8700008392334,24.076000213623047,34,71.547644131392,0.5580787792488024,0.3048778575034639,0.25320092174533854,22.79683548311914,0.886455661003992,22.612252220754975,22.298694100822946,1,0.7010309278350515,0.0072797164784002,0.03566053608090458,0.1414213124435575,0.3455448199494181,0.27885622459090487,4.65,301.821,3.48,1.0,1.0
2023-04-03,23.725000381469727,24.06999969482422,23.69499969482422,23.94099998474121,26,69.0810678778204,0.5901146483800517,0.3619252156787815,0.22818943270127018,23.19042965481146,0.8226179927668769,22.738799626848902,22.363098253133465,1,0.5936073059360731,-0.005607253185080485,0.038474845899738375,0.1409169289831651,0.3457484195044082,0.27503687762179496,4.83,302.845,3.43,1.0,1.0
2023-04-04,24.415000915527344,25.084999084472656,24.415000915527344,25.02199935913086,24,76.16645361062542,0.6947225911164701,0.42848469076631923,0.2662379003501508,23.40569415829815,0.9740648155653575,22.956247220399565,22.467368884741205,1,0.5693950177935944,0.045152640870415706,0.07280054868576191,0.24773104083746045,0.3117615439059762,0.28532658728977023,4.83,302.845,3.35,0.0,1.0
2023-04-05,25.114999771118164,25.145000457763672,24.790000915527344,24.96299934387207,74,75.1541671142524,0.764056760520468,0.495599104717149,0.268457655803319,22.606380565855623,0.9258638319799591,23.147366470254088,22.565236745883592,1,1.7724550898203593,-0.0023579256961837602,0.06789014076324618,0.24783806003996234,0.31171238352684016,0.2851794843690167,4.83,302.845,3.3,0.0,1.0
2023-04-06,24.670000076293945,25.030000686645508,24.670000076293945,25.024999618530273,0,75.52232661885259,0.8146170945217435,0.5594027026780679,0.25521439184367556,21.072129484467318,0.9131542053642407,23.32618867485182,22.661698035006992,1,0.0,0.0024836869081368285,0.046983481349287315,0.2496878948938015,0.31112137790250105,0.28450133400553573,4.83,302.845,3.3,0.0,1.0
2023-04-10,24.850000381469727,24.850000381469727,24.84600067138672,24.84600067138672,8,72.19620318441048,0.8306673878329782,0.61365563970905,0.2170117481239282,19.141886779707256,0.8599694885925181,23.470932674521812,22.747356961923845,1,0.20304568527918782,-0.007152805189695632,0.03198207554957477,0.21943561577358128,0.3167716434521348,0.2844366210880676,4.83,302.845,3.41,0.0,1.0
2023-04-11,24.959999084472656,25.15999984741211,24.959999084472656,25.131000518798828,16,74.14842366905953,0.8565111395047644,0.6622267396681929,0.19428439983657153,19.34639921802643,0.8797001090316391,23.629034373976765,22.840833179840512,1,0.4055766793409379,0.011470652809742576,0.04970554842387798,0.15316851114599506,0.2338034598342313,0.28168769363815604,4.83,302.845,3.43,0.0,1.0
2023-04-12,25.165000915527344,25.584999084472656,25.165000915527344,25.40399932861328,14,75.8944193538255,0.8887759652213632,0.707536584778827,0.18123938044253618,19.637176245189693,0.8927513255360306,23.79807865537072,22.94134949940023,1,0.3768506056527591,0.01086302989052279,0.01526656459380904,0.15846588256250782,0.23413409388005527,0.280852204415921,4.83,302.845,3.41,0.0,1.0
2023-04-13,25.540000915527344,25.950000762939453,25.540000915527344,25.874000549316406,12,78.57703597035722,0.9414191486711267,0.7543130975572869,0.18710605111383982,19.870155472314043,0.9408614777989147,23.995785502413167,23.056355422926355,1,0.32432432432432434,0.01850107200143669,0.03649406038493397,0.1882979861240257,0.23069365819262044,0.28184794907151217,4.83,302.845,3.45,0.0,1.0
2023-04-14,25.799999237060547,25.899999618530273,25.34000015258789,25.423999786376953,28,70.4886953320317,0.9360378879637103,0.7906580556385717,0.14537983232513862,18.654516741074744,0.8223737586704242,24.131805910409717,23.149204221493047,1,0.7832167832167832,-0.01739200561898968,0.01594406289425998,0.17769133588535913,0.24150454200838647,0.28187740295288344,4.83,302.845,3.52,0.0,1.0
2023-04-17,25.05299949645996,25.05299949645996,25.05299949645996,25.05299949645996,0,64.586031215359,0.8915592373538246,0.8108382919816224,0.0807209453722022,17.840534580274305,0.7175668516420013,24.219538632890693,23.223862859727046,1,0.0,-0.014592522539108366,0.00833127342347817,0.12088943155105047,0.23300761444517182,0.2832300602173114,4.83,302.845,3.6,0.0,1.0
2023-04-18,25.18000030517578,25.299999237060547,25.15999984741211,25.24799919128418,44,66.1886684868253,0.8621066037012426,0.8210919543255465,0.0410146493756961,17.117194211832523,0.739763896817055,24.317487257499597,23.30324075508223,1,1.2716763005780347,0.00778348695739095,0.004655551711832295,0.12048986514225524,0.23296226361859101,0.2835425999878793,4.83,302.845,3.58,0.0,1.0
2023-04-19,24.80500030517578,25.36599922180176,24.80500030517578,25.36599922180176,33,67.15724317299879,0.8386197096420602,0.8245975053888492,0.01402220425321099,15.805991416600223,0.7491953889624683,24.41734553981409,23.384133243973192,1,0.9895052473763118,0.004673638874256536,-0.0014958316727996523,0.13626589759834196,0.226205131202852,0.28141953915752116,4.83,302.845,3.6,0.0,1.0
2023-04-20,25.229999542236328,25.368000030517575,25.225000381469727,25.368000030517575,2,67.17441400988278,0.8108209858221151,0.8218422014755025,-0.011021215653387317,14.657938173932328,0.7303606100925386,24.50788406273823,23.46193194148474,1,0.061823802163833076,7.887758326874383e-05,-0.01955633099081,0.11876519885634762,0.22452390912746797,0.2810440825899835,4.83,302.845,3.54,0.0,1.0
2023-04-21,25.165000915527344,25.18000030517578,25.05299949645996,25.05299949645996,19,61.70474758763596,0.7546729859720109,0.8084083583748042,-0.05373537240279325,13.733205931569293,0.6235975603252186,24.559799818330777,23.5243267475622,1,0.5705705705705706,-0.012417239580521544,-0.014592522539108366,0.08248360140796351,0.2260732214534186,0.2820531371963741,4.83,302.845,3.57,0.0,1.0
2023-04-24,25.049999237060547,25.305999755859375,25.024999618530273,25.305999755859375,2,64.22438702696152,0.7222644827256204,0.7911795832449675,-0.06891510051934713,12.84414386323017,0.6788277598744861,24.630866479047786,23.594196277299343,1,0.06125574272588055,0.010098601544105135,0.010098601544105135,0.08857056989004808,0.22710422676324088,0.2826239778782086,4.83,302.845,3.52,0.0,1.0
2023-04-25,25.19499969482422,25.19499969482422,24.75,24.87700080871582,4,57.3356706929057,0.6544201327436276,0.7638276931446996,-0.10940756040107191,11.183294530723707,0.5173050993779071,24.654307843778074,23.64450233735489,1,0.121765601217656,-0.016952459941608322,-0.014694169615485086,0.07907520979675908,0.23551439402759336,0.28265482990312685,4.83,302.845,3.4,0.0,1.0
2023-04-26,25.1299991607666,25.1299991607666,24.871000289916992,24.871000289916992,64251,57.24318397381464,0.5933292743322625,0.7297280093822122,-0.1363987350499497,9.672699416335533,0.4853474665182771,24.67494521960083,23.692600296278894,1,19.80854605993341,-0.00024120748497646893,-0.019514268984890726,0.0663265702486806,0.23404199214441648,0.282536360787005,4.83,302.845,3.43,1.0,1.0
2023-04-27,24.975000381469727,25.209999084472656,24.565000534057617,24.982999801635746,8978,58.585991469635225,0.5476389129865957,0.6933101901030889,-0.1456712771164932,7.834147565695844,0.49813532065640714,24.7042837512232,23.74320419844975,1,2.4376204827455132,0.00450321701633194,-0.015176609445706202,0.06874573873696588,0.23405385940039367,0.28254428177153396,4.83,302.845,3.53,1.0,1.0
2023-04-28,24.954999923706055,25.11000061035156,24.78499984741211,24.999000549316406,1039,58.785137240810975,0.5068771349611083,0.6560235790746929,-0.14914644411358458,6.732810746271587,0.4747927448062323,24.73235201770827,23.79245111417001,1,0.27852241046536563,0.000640465428799919,-0.0021553885055234367,0.04589574522891526,0.22319321091270153,0.28170479194357,4.83,302.845,3.44,0.0,1.0
2023-05-01,25.06999969482422,25.959999084472656,25.00900077819824,25.00900077819824,452,58.91809959382582,0.4699626304364273,0.6188113893470398,-0.14884875891061256,5.724876444834506,0.4448923989862151,24.758699518707314,23.8401589441319,1,0.12049156292485272,0.00040002514748960216,-0.01173630682551352,0.03875230753849501,0.22247760816638174,0.2817060372916274,5.06,303.334,3.59,0.0,1.0
2023-05-02,24.73500061035156,25.520000457763672,24.600000381469727,25.40399932861328,127,63.87542899527309,0.4671951664637426,0.5884881447703804,-0.12129297830663777,3.9828741847796953,0.7421804594775535,24.820156643460262,23.901486018033133,1,0.03380941605547939,0.015794255592945783,0.02118416620836472,0.061108531172654024,0.22574220581784527,0.2603657628601273,5.06,303.334,3.44,0.0,1.0
2023-05-03,25.424999237060547,25.594999313354492,25.190000534057617,25.47599983215332,256,64.71133453253583,0.46544639393034615,0.5638797946023736,-0.09843340067202744,4.087682799451926,0.7836487173816007,24.882617899526267,23.963231657802552,1,0.0679414535755517,0.002834219234880253,0.02432550099247921,0.018144052619711637,0.16527691372056424,0.25966088460610304,5.06,303.334,3.38,0.0,1.0
2023-05-04,25.7549991607666,26.079999923706055,25.579999923706055,26.03499984741211,110,70.43189924262136,0.5033646343999827,0.5517767625618955,-0.04841212816191276,4.939550198887375,1.1396475237241455,24.99236856122968,24.04447746915979,1,0.029179653823197826,0.02194222087226083,0.04210863603767412,0.04294357776375124,0.18036870369667943,0.26245024513487564,5.06,303.334,3.37,0.0,1.0
2023-05-05,26.200000762939453,26.200000762939453,25.26499938964844,25.743000030517575,113,64.545805982024,0.5040428757632363,0.5422299852021636,-0.038187109438927336,5.161402772686811,0.8599171299746067,25.06385727259043,24.111086197056174,1,0.029930603379774327,-0.011215664244513479,0.029761169040876334,0.028691325591695183,0.1864948765790631,0.26338313778601846,5.06,303.334,3.44,0.0,1.0
2023-05-08,25.719999313354492,25.719999313354492,25.63599967956543,25.63599967956543,175,62.48507481357459,0.49029454255862603,0.5318428966734561,-0.041548354114830044,5.052353399746347,0.7525601727004938,25.118347025635668,24.17088672578203,1,0.04625041295011562,-0.004156483347911966,0.025070929739575254,0.03179582173514528,0.18495375919077428,0.2620124986720374,5.06,303.334,3.52,0.0,1.0
2023-05-09,25.5,25.71500015258789,25.44499969482422,25.697999954223633,130,63.217871114023346,0.4788815450911841,0.5212506263570017,-0.04236908126581762,5.16747701781824,0.7723541581005666,25.17355206645357,24.23077351905425,1,0.03430576996661785,0.0024184847649075802,0.011573005565277628,0.02256175336117927,0.18132731652969414,0.26177700382807934,5.06,303.334,3.53,0.0,1.0
2023-05-10,25.579999923706055,25.975000381469727,25.3700008392334,25.461000442504883,92,58.51277599864763,0.44557645445860317,0.506115791977322,-0.06053933751871887,5.179209444683954,0.5889820973169787,25.20092810226798,24.279017712130745,1,0.024252969011559704,-0.009222488603818246,-0.000588765494868082,0.002243785049521607,0.18109848876217827,0.2616610091248635,5.06,303.334,3.43,0.0,1.0
2023-05-11,25.18000030517578,25.21500015258789,24.170000076293945,24.2549991607666,298,41.561434561706186,0.318199697676647,0.46853257311718705,-0.15033287544054003,6.058535908918099,-0.15873635750446316,25.1108396316488,24.27807580815568,1,0.07826349585702468,-0.047366610140148646,-0.06836952936730822,-0.06257251890614879,0.23833701605582944,0.2818408907755422,5.06,303.334,3.39,0.0,1.0
2023-05-12,23.780000686645508,24.209999084472656,23.780000686645508,23.992000579833984,26,38.9138611384982,0.1937969422012671,0.41358544693400306,-0.21978850473273598,7.461150576733135,-0.13825158230210519,25.004283531475963,24.26685717175091,1,0.006828538036270042,-0.010843066997834772,-0.06801846904431619,-0.05632470180047289,0.23417567537308365,0.2812567054746527,5.06,303.334,3.46,0.0,1.0
2023-05-15,24.065000534057617,24.13999938964844,23.915000915527344,24.12700080871582,96,40.99181325606475,0.10489113275442108,0.35184658409808667,-0.2469554513436656,8.332439280684067,0.013965752789361291,24.920732795974995,24.261372608494632,1,0.025181318609256757,0.0056268850291421035,-0.05886249374751085,-0.036961589684100904,0.23168499697422615,0.281207231488245,5.06,303.334,3.5,0.0,1.0
2023-05-16,23.90999984741211,24.024999618530273,23.73699951171875,23.73699951171875,9,37.06881762606575,0.002929028923027488,0.2820630730630748,-0.27913404414004733,9.669976346023383,-0.04977990350397796,24.807996292712495,24.240808957640677,1,0.0023618327822390174,-0.016164516264955076,-0.07630945777873965,-0.05984631368679061,0.2341327358711579,0.28362942273411607,5.06,303.334,3.54,0.0,1.0
2023-05-17,23.579999923706055,23.815000534057617,23.579999923706055,23.75200080871582,20,37.3173115369781,-0.07579250484736022,0.2104919574809878,-0.28628446232834803,10.656854839213471,0.03545810970594366,24.70742529423662,24.221640010624018,1,0.005249412721951732,0.0006319794963833836,-0.06712224987577631,-0.06362841845783584,0.23279683386191555,0.2833065433398295,5.06,303.334,3.57,0.0,1.0
2023-05-18,23.46500015258789,23.579999923706055,23.375,23.4950008392334,123,34.78329456031939,-0.15710661001253357,0.13697224398228355,-0.29407885399481715,11.79498821096473,0.023075218501089942,24.591956298522028,24.193144356843995,1,0.03223270440251572,-0.01082013980852159,-0.03133367750276117,-0.07383314368617822,0.2339421353166483,0.2835373857908373,5.06,303.334,3.65,1.0,1.0
2023-05-19,23.920000076293945,23.950000762939453,23.920000076293945,23.920000076293945,64,41.81918017817653,-0.18512078050449077,0.07255363908492869,-0.25767441958941945,12.285795791654728,0.19891639104269954,24.52796046783364,24.182432816430268,1,0.016761605447521772,0.01808892197828138,-0.0030010212487472376,-0.04522410261997212,0.24372505743206166,0.2829565848234211,5.06,303.334,3.7,0.0,1.0
2023-05-22,23.674999237060547,23.71500015258789,23.674999237060547,23.71500015258789,27,39.599938216323125,-0.2213128364219834,0.013780343983546274,-0.23509318040552968,12.802086649458328,0.1705524831721388,24.450535675905474,24.16410212373057,1,0.007068988087446001,-0.008570230896831066,-0.017076331177437343,-0.06287045043154649,0.24014490607086802,0.2788871266268883,5.06,303.334,3.72,0.0,1.0
2023-05-23,23.5,23.6299991607666,23.149999618530273,23.474000930786133,176,37.10689191566732,-0.26637136132816863,-0.04224999707879671,-0.22412136424937193,13.60265272250181,0.1381880750501666,24.35753236684649,24.137039331850396,1,0.045975810454272355,-0.010162311627708753,-0.011079689360181222,-0.05639746883949681,0.23608784091529328,0.2794765261152561,5.06,303.334,3.7,1.0,1.0
2023-05-24,23.434999465942383,23.479999542236328,23.065000534057617,23.114999771118164,13,33.70304606170126,-0.32727632250934136,-0.09925526216490564,-0.2280210603444357,14.71842403329119,0.08952452265402357,24.239195929158075,24.096959349076585,1,0.02109704641350211,-0.015293565026537004,-0.02681883697831078,-0.07060433831890278,0.23992985254933913,0.28063796208187547,5.06,303.334,3.73,1.0,1.0
2023-05-25,22.8700008392334,22.98500061035156,22.785999298095703,22.785999298095703,23,30.9051503642806,-0.39750929196636164,-0.15890606812519686,-0.23860322384116478,16.04268266147499,0.0659420574940445,24.100796250009278,24.045549150998905,1,0.1365390323538142,-0.014233202521314436,-0.03017669784262189,-0.08793981991690991,0.24075011154272566,0.2825230258468447,5.06,303.334,3.83,1.0,1.0
2023-05-26,23.1299991607666,23.239999771118164,23.114999771118164,23.239999771118164,282,38.49319692742004,-0.41178854036575174,-0.20948256257330786,-0.2023059777924439,16.57485389750402,0.21234980391750186,24.01881563297203,24.013958979238875,1,2.1592649310872893,0.019924536426208173,-0.02842810631299708,-0.07036284409563498,0.2553551563255112,0.2840977470012348,5.06,303.334,3.8,2.0,1.0
2023-05-30,23.28499984741211,23.3700008392334,22.93000030517578,23.125,687,37.37356771007842,-0.42745700970956335,-0.253077452000559,-0.17437955770900437,17.07692510958403,0.2147145539316667,23.93369033459374,23.979097842798136,-1,4.826132771338251,-0.004948355088242318,-0.024878774985945262,-0.07533290893575517,0.2549366927783808,0.2829729411900817,5.06,303.334,3.69,2.0,1.0
2023-05-31,23.329999923706055,23.579999923706055,23.329999923706055,23.474000930786133,13,42.81012171414352,-0.40702104095941394,-0.28386616979233,-0.12315487116708396,16.86942129054504,0.3191238898181122,23.88991039137397,23.95929012075845,-1,0.09513355287230149,0.015091932142103026,0.0,-0.07597222676877236,0.2542427763569202,0.28394447392482025,5.06,303.334,3.64,2.0,1.0
2023-06-01,23.875,23.875,23.875,23.875,92,48.35734975191483,-0.35438300817275703,-0.2979695374684154,-0.056413470704341606,16.2590416614815,0.434310322098912,23.88849035410026,23.955984625826748,-1,0.7162319968859479,0.017082689499596793,0.03287909307407588,-0.06284345433746996,0.26397912378365723,0.26796024844613314,5.08,304.014,3.61,2.0,1.0
2023-06-02,23.84000015258789,23.84000015258789,23.64299964904785,23.64299964904785,6,45.601437766421085,-0.3276109818982249,-0.30389782635437734,-0.023713155543847564,14.702118548048542,0.39515463164652054,23.86511028695241,23.94371070516875,-1,0.0486815415821501,-0.009717292186477433,0.037610830218175684,-0.09187632849562022,0.2476600218785828,0.26900241403589487,5.08,304.014,3.69,2.0,1.0
2023-06-05,23.534000396728516,23.534000396728516,23.534000396728516,23.534000396728516,0,44.32336626911262,-0.31159738620549504,-0.3054377383246009,-0.006159647880894126,13.268496067993842,0.38374699983419186,23.833576011692994,23.927643634249527,-1,0.0,-0.004610212491532373,0.01265062945378026,-0.0858097203577809,0.24648136475159696,0.2694080170309301,5.08,304.014,3.69,2.0,1.0
2023-06-06,23.573999404907227,23.573999404907227,23.573999404907227,23.573999404907227,62,44.933290833122086,-0.29230935033846706,-0.30281206072737415,0.0105027103889071,11.561685564201104,0.4180121182373394,23.80885443009435,23.91377523309885,-1,0.5538186690486825,0.0016996263917914423,0.01941619048247456,-0.08043377673708718,0.24745931047436706,0.2676799341172058,5.08,304.014,3.7,2.0,1.0
2023-06-07,23.43899917602539,23.43899917602539,23.43899917602539,23.43899917602539,0,43.21267364034942,-0.28463572966582973,-0.2991767945150653,0.014541064849235563,9.04316345385261,0.38438454251660453,23.77363012018302,23.89515656419401,-1,0.0,-0.005726657855676942,-0.0014910860259376157,-0.0879057040323078,0.24626137982673646,0.23150809783071286,5.08,304.014,3.79,2.0,1.0
2023-06-08,23.520000457763672,24.263999938964844,23.520000457763672,24.263999938964844,4,54.64313141451867,-0.20956789500502637,-0.2812550146130575,0.07168711960803115,6.389447927102944,0.9220923132417758,23.82033200768605,23.909621010263457,-1,0.039584364176150424,0.03519778113151295,0.016293191160831055,-0.04701309778628149,0.2818758661469898,0.24122677114053728,5.08,304.014,3.73,1.0,1.0
2023-06-09,24.38999938964844,24.38999938964844,24.333999633789062,24.333999633789062,3,55.462287365039046,-0.14278180507106697,-0.2535603727046594,0.11077856763359245,6.505252784505024,0.9574754346311722,23.869252733981575,23.926263309225245,-1,0.03476245654692932,0.0028849198401046383,0.02922640929654796,0.003257080014673619,0.2233029077814279,0.24054131212845994,5.08,304.014,3.75,1.0,1.0
2023-06-12,24.28499984741211,24.28499984741211,23.98500061035156,23.98500061035156,1,50.55954129186283,-0.11666975579507266,-0.22618224932274208,0.10951249352766942,6.499828993183593,0.7308693970210819,23.880276341254906,23.928566732798828,-1,0.011757789535567314,-0.014342032904155255,0.01916377182035478,-0.0002917626422662689,0.22597010454837432,0.24192454891291318,5.08,304.014,3.73,2.0,1.0
2023-06-13,23.756000518798828,23.756000518798828,23.756000518798828,23.756000518798828,0,47.58701171208809,-0.11314984123495364,-0.2035757677051844,0.09042592647023076,6.23723426496884,0.5978799915112708,23.86844054864004,23.921799430289024,-1,0.0,-0.009547637511999829,0.007720417344785124,-0.015376975068652876,0.22739038976489503,0.23300725448857165,5.08,304.014,3.84,1.0,1.0
2023-06-14,24.04400062561035,24.04400062561035,24.04400062561035,24.04400062561035,0,51.452724617349695,-0.08612824904209049,-0.18008626397256564,0.09395801493047515,6.4215947439048096,0.7747091188238617,23.885160555970547,23.926591634027115,-1,0.0,0.012123257304343715,0.025811744138110937,0.012933442313972199,0.22396355503656593,0.23365868320951108,5.08,304.014,3.83,1.0,1.0
2023-06-15,23.891000747680664,23.891000747680664,23.891000747680664,23.891000747680664,1,49.36951645642741,-0.07618108588774675,-0.15930522835560187,0.08312414246785513,6.478612200822186,0.6677485021177506,23.885716764704846,23.92519591299392,-1,0.012682308180088777,-0.006363328645346944,-0.015372535122916475,0.005852135998321462,0.22534817622564676,0.2331776245693358,5.08,304.014,3.72,2.0,1.0
2023-06-16,24.076000213623047,24.076000213623047,24.076000213623047,24.076000213623047,0,51.905152500903554,-0.052761771764149756,-0.13799653703731146,0.0852347652731617,6.6438647881354616,0.7625702724501138,23.90383899793515,23.93110980713624,-1,0.0,0.007743479140795095,-0.0106024255793844,0.024728638162866634,0.2227735731894158,0.2316423261127998,5.08,304.014,3.77,1.0,1.0
2023-06-20,23.19300079345703,23.19300079345703,23.19300079345703,23.19300079345703,0,41.278949561587865,-0.10425073271458629,-0.13124737617276644,0.026996643458180147,6.791280040215171,0.2296157001159157,23.836140121318188,23.902164355619412,-1,0.0,-0.03667550308736012,-0.033020629424237447,-0.03039294650995472,0.2522829297467203,0.241011876442223,5.08,304.014,3.74,1.0,1.0
2023-06-21,22.77400016784668,22.77400016784668,22.77400016784668,22.77400016784668,0,37.36943282053114,-0.1768275955282661,-0.14036342004386637,-0.03646417548439973,7.484802851680023,0.043430646337267204,23.73498393527328,23.85792262276558,-1,0.0,-0.018065822070275406,-0.041336939278775575,-0.039679526826337574,0.2581026634166767,0.24370546164033755,5.08,304.014,3.72,2.0,1.0
2023-06-22,22.43600082397461,22.43600082397461,22.43600082397461,22.43600082397461,3,34.528517787345265,-0.2586375913119312,-0.16401825429747935,-0.09461933701445185,8.616055613853689,-0.03863048045566207,23.61127125800674,23.802160983597307,-1,0.05042016806722689,-0.014841456985201562,-0.0668773814588488,-0.04421913886227158,0.2606324790527862,0.2450060907712341,5.08,304.014,3.8,2.0,1.0
2023-06-23,22.32799911499023,22.32799911499023,22.32799911499023,22.32799911499023,0,33.648271993811846,-0.32840182586128464,-0.19689496861024042,-0.13150685725104422,9.614635063801858,-0.013895964249988775,23.48905486343374,23.744350714240166,-1,0.0,-0.004813768275002461,-0.06542219177830666,-0.03404718424921982,0.25621969645992393,0.24385521424386242,5.08,304.014,3.74,2.0,1.0
2023-06-26,22.80500030517578,22.850000381469727,22.80500030517578,22.80500030517578,6,40.8236931785565,-0.34126656623858054,-0.22576928813590846,-0.11549727810267207,9.594352487093062,0.19627264831951574,23.423906810266317,23.707513443296467,-1,0.10344827586206896,0.021363364792741812,-0.05279115705141457,0.0008338895666368806,0.26390255669651835,0.24788046166593175,5.08,304.014,3.72,1.0,1.0
2023-06-27,22.93899917602539,22.93899917602539,22.93899917602539,22.93899917602539,1,42.69837872129452,-0.3367673324921796,-0.2479688970071627,-0.0887984354850169,9.777514487365996,0.2667101812361419,23.3777251308148,23.67737562889368,-1,0.022753128555176336,0.005875854815015957,-0.010951649581424472,-0.012951832962874943,0.25460809876684454,0.24372018665091388,5.08,304.014,3.77,1.0,1.0
2023-06-28,22.864999771118164,22.868000030517575,22.864999771118164,22.868000030517575,34711,41.94024090505882,-0.3350682369479898,-0.26538876499532815,-0.06967947195266166,9.961273554823011,0.24600716972086212,23.329179883167445,23.64563540934952,-1,19.889980803942354,-0.003095128299320904,0.004127507771059413,-0.011113512193834607,0.2542759023706778,0.24320282512297256,5.08,304.014,3.71,1.0,1.0
2023-06-29,22.7450008392334,22.905000686645508,22.299999237060547,22.590999603271484,6994,39.02863783065079,-0.3520154954677821,-0.282714111089819,-0.06930138437796313,10.49227317501264,0.16363745857652043,23.25887699936783,23.6042771424445,-1,3.3397001241524213,-0.01211301499372186,0.006908485184723645,-0.03761614094325916,0.25051565839088397,0.24412242557308067,5.08,304.014,3.85,1.0,1.0
2023-06-30,22.530000686645508,22.809999465942383,22.344999313354492,22.809999465942383,544,42.43142521010816,-0.3438116150013606,-0.2949336118721273,-0.048878003129233294,10.587665803400222,0.2759650289243642,23.216126758089214,23.573128998267947,-1,0.25699168556311414,0.009694120070684376,0.021587261288834148,-0.044607352211837314,0.2445018982862322,0.22647934350464083,5.08,304.014,3.81,1.0,1.0
2023-07-03,22.76499938964844,23.0049991607666,22.704999923706055,22.895999908447266,305,43.75883420653489,-0.32660555808282155,-0.30126800111426616,-0.025337556968555386,10.68306197661216,0.32710820733100915,23.185638486694742,23.546574916314196,-1,0.14307493843086666,0.0037702956825269585,0.003990335542807699,-0.03159496475442658,0.24372473419169668,0.22673245386203206,5.12,304.609,3.86,1.0,1.0
2023-07-05,22.920000076293945,23.315000534057617,22.920000076293945,23.19700050354004,236,48.255921212965255,-0.2853915850129418,-0.2980927178940013,0.012701132881059507,10.668913614911965,0.45456252577007134,23.186720583537152,23.53286611581325,-1,0.11009773506566209,0.01314642716179093,0.01124727916570567,-0.014319702877005236,0.24885054996492995,0.22854352826329033,5.12,304.609,3.95,0.0,1.0
2023-07-06,23.155000686645508,23.239999771118164,22.68600082397461,22.68600082397461,81,42.10118736936105,-0.2906126166185352,-0.2965966976389081,0.0059840810203729,10.881295231580067,0.271054037930499,23.13903298738834,23.499655712211734,-1,0.03777104220097925,-0.022028696317329732,-0.00795868490030105,-0.03766855872354735,0.26005662883746206,0.23227578511441424,5.12,304.609,4.05,1.0,1.0
2023-07-07,22.86000061035156,23.11000061035156,22.86000061035156,23.09199905395508,44,47.79802446502677,-0.25900402056614524,-0.28907816222435556,0.030074141658210318,10.885371046961305,0.4382567571731915,23.1345535651566,23.483669176593825,-1,0.02049657614012205,0.0178964213715187,0.022176949204631313,-0.014804391581072163,0.26869182041429274,0.23413559676047566,5.12,304.609,4.06,1.0,1.0
2023-07-10,23.049999237060547,23.150999069213867,22.760000228881836,23.150999069213867,126,48.589663600883185,-0.22658128431566738,-0.2765787866426179,0.04999750232695055,10.145696887066576,0.4823204035852673,23.136119803638245,23.470623290029906,-1,0.05852842809364548,0.002554998167154432,0.0149495664732755,-0.04587046128217476,0.23472489668946628,0.2329043111940769,5.12,304.609,4.01,1.0,1.0
2023-07-11,23.225000381469727,23.30500030517578,23.086000442504883,23.086000442504883,371,47.730894070412305,-0.20378180836611648,-0.26201939098731764,0.058237582621201156,9.11130934445659,0.4790270886252947,23.131346531149354,23.455540041107355,-1,0.1708732498157701,-0.0028075948910308846,0.008298416090904981,-0.05128623366753349,0.2339114273895072,0.22919732010535002,5.12,304.609,3.99,1.0,1.0
2023-07-12,23.13999938964844,24.118999481201172,23.13999938964844,24.118999481201172,145,59.869905856336764,-0.10119218955389897,-0.2298539507006339,0.12866176114673494,9.308402000695946,0.9560108343928218,23.225408716868575,23.481558058365938,-1,0.0665626147631289,0.04474569084709801,0.03974647401160469,0.005586777879496019,0.2813860733529364,0.24521093511269845,5.12,304.609,3.86,1.0,1.0
2023-07-13,24.299999237060547,24.815000534057617,24.299999237060547,24.76799964904785,138,65.31938101219589,0.03210957292838401,-0.17746124597483035,0.20957081890321436,10.926563752431132,1.1238165216106208,23.372322138980888,23.5320067481966,-1,0.0631492243627877,0.026908254148457766,0.0917746076634618,0.042599726727914344,0.2935557320437247,0.24981019813285546,5.12,304.609,3.76,1.0,1.0
2023-07-14,24.90999984741211,25.013999938964844,24.799999237060547,25.013999938964844,54,67.14082828377576,0.15580630942009677,-0.11080773489584493,0.2666140443159417,12.520256827166454,1.1111631284704613,23.528672405646027,23.59012412822673,-1,0.024680073126142597,0.009932182388675326,0.0832323299736395,0.040342675433193254,0.2926795427411902,0.25013740085227654,5.12,304.609,3.83,0.0,1.0
2023-07-17,24.920000076293945,24.920000076293945,24.84000015258789,24.8439998626709,16,64.61523803246513,0.23738287683123716,-0.041169612550428517,0.27855248938166566,13.684682336665288,0.9897069047404436,23.653941687267444,23.639295725655913,1,0.007310108509423187,-0.00679619719791924,0.07312862777090157,0.03988945984536674,0.2928486798300508,0.25029957974380584,5.12,304.609,3.81,1.0,1.0
2023-07-18,24.96500015258789,25.100000381469727,24.96500015258789,25.083999633789062,657,66.52943088156593,0.31773620481427756,0.030611550922512692,0.2871246538917649,14.970477013007933,1.0009562681569413,23.790137682174265,23.69595078087682,1,0.2957328051854519,0.009660270988761877,0.08654592190016408,0.04186739538221351,0.29342134636482187,0.2511302105615164,5.12,304.609,3.8,1.0,1.0
2023-07-19,25.25,25.25,25.045000076293945,25.2189998626709,7,67.59146192731357,0.38783941502729746,0.10205712374346965,0.2857822912838278,16.451654840393424,0.9626244819890941,23.926219794602517,23.75567819584914,1,0.003150385922275479,0.0053819259628749005,0.045607214442169974,0.08735389987937303,0.25382163988054485,0.250057027554282,5.12,304.609,3.75,1.0,1.0
2023-07-20,25.280000686645508,25.280000686645508,24.80500030517578,24.80500030517578,215,61.18031299949085,0.4053181544535285,0.16270932988548142,0.24260882456804705,16.91514260603506,0.8185141528246623,24.009913176561877,23.7968280824894,1,0.096295964527254,-0.016416176682244932,0.0014938895612166547,0.0891806499675254,0.25191806518701915,0.2514799461839192,5.12,304.609,3.85,1.0,1.0
2023-07-21,24.697999954223633,24.697999954223633,24.697999954223633,24.697999954223633,0,59.606660538168526,0.4058576726807068,0.21133899844452653,0.1945186742361803,16.78334070422361,0.7640290969095952,24.075445250624902,23.832168155890745,1,0.0,-0.004313660537622388,-0.012632924982500349,0.10082006806809796,0.2438562447955832,0.24919494371372172,5.12,304.609,3.84,1.0,1.0
2023-07-24,24.43600082397461,24.43600082397461,24.43600082397461,24.43600082397461,10,55.82057217674753,0.3807549979649778,0.2452221983486168,0.135532799616361,16.125105214729775,0.6776755363065959,24.10978387665821,23.855847868364624,1,0.004478180067620519,-0.010608111212836002,-0.016422437648992427,0.0944106857998368,0.24776377034459185,0.25013039439484974,5.12,304.609,3.86,0.0,1.0
2023-07-25,24.545000076293945,24.73500061035156,24.545000076293945,24.68000030517578,65,58.46644403188344,0.3762129180075604,0.27142034228040557,0.10479257572715484,15.96327097766403,0.7182368325174416,24.164090203183694,23.88816757176898,1,0.029069767441860465,0.009985246070288945,-0.016105857698589632,0.08221881056385927,0.2408880401365286,0.25082303918253934,5.12,304.609,3.91,0.0,1.0
2023-07-26,24.604999542236328,24.825000762939453,24.604999542236328,24.825000762939453,15,59.99957235809562,0.3799339697370847,0.2931230677717414,0.0868109019653433,15.876713486116213,0.7318996021304407,24.227034066017577,23.92490612828547,1,0.00670630840076899,0.005875221068504688,-0.01562310566941405,0.08221812871789158,0.24088797395892364,0.25112575532098025,5.12,304.609,3.86,0.0,1.0
2023-07-27,24.236000061035156,24.236000061035156,24.236000061035156,24.236000061035156,96,51.65799700431249,0.33153378082925045,0.3008052103832432,0.030728570446007242,15.312649979413523,0.5609625229499496,24.227887970304966,23.937105890354086,1,0.18974206937444413,-0.023726110122969213,-0.022938933164290187,0.05982158600192289,0.25970820133936096,0.255850442095535,5.12,304.609,4.01,0.0,1.0
2023-07-28,24.229999542236328,24.3700008392334,24.21500015258789,24.3700008392334,78,53.250403642607964,0.3005247629277683,0.3007491208921482,-0.00022435796437991762,14.30146199842379,0.5781024132755129,24.24142252925053,23.95408216285916,1,0.4870433968154855,0.005528997271033953,-0.013280391756343102,0.0787482301449065,0.2535939737157067,0.25394420243926963,5.12,304.609,3.96,0.0,1.0
2023-07-31,24.209999084472656,24.854000091552734,24.209999084472656,24.854000091552734,169,58.560104386293375,0.3114147916751264,0.3028822550487439,0.008532536626382536,13.59957046936143,0.6977819297778901,24.299763249469787,23.989373062023613,1,1.195190947666195,0.01986045283757809,0.01710587876425418,0.08960984977935871,0.2590967703433599,0.2572639218528332,5.12,304.609,3.97,0.0,1.0
2023-08-01,24.579999923706055,24.579999923706055,24.184999465942383,24.20800018310547,11,50.34161868076798,0.26486522273580704,0.29527884858615655,-0.030413625850349513,12.632405648813002,0.48023298398286646,24.291023909816044,23.997946674615058,1,0.08681925808997631,-0.02599178828629778,-0.01912480211644596,0.05730259782950786,0.28101120609468505,0.2584599036184927,5.33,306.082,4.05,0.0,1.0
2023-08-02,24.149999618530273,24.149999618530273,23.753999710083008,23.753999710083008,8,45.50786057821127,0.18915979369339908,0.2740550376076051,-0.084895243914206,12.125528501280765,0.3158734229279193,24.239878747936707,23.98838012698635,1,0.06938421509106678,-0.01875415026389926,-0.04314203504296821,0.024011690927797646,0.288347622957562,0.26020305152018197,5.33,306.082,4.08,0.0,1.0
2023-08-03,23.584999084472656,23.61000061035156,23.43000030517578,23.586000442504883,56,43.830710174136755,0.11428910522154112,0.2421018511303923,-0.12781274590885117,10.850597750593034,0.21397409044531548,24.177604623609867,23.972600531516488,1,0.49101271372205174,-0.00707246230649794,-0.026819591388568043,0.03967202617656396,0.2767693338445384,0.26040835217037595,5.33,306.082,4.2,1.0,1.0
2023-08-04,23.600000381469727,23.625,23.375,23.617000579833984,62,44.23908260506338,0.05680023939409651,0.20504152878313314,-0.14824128938903663,10.165348135296913,0.19693949639616543,24.124213762297877,23.958655435372076,1,0.5393649412788168,0.0013143448124945944,-0.030898655456226165,0.022735213380713493,0.27040639407978206,0.260349366739893,5.33,306.082,4.05,1.0,1.0
2023-08-07,23.475000381469727,23.475000381469727,23.06999969482422,23.142000198364254,50,39.500240424316374,-0.02677995929899879,0.15867723116670676,-0.18545719046570555,10.180088114365448,0.006068598205129651,24.03066961335182,23.926629739803143,1,0.44984255510571297,-0.020112646390639588,-0.06888226791993723,-0.0003887033480804991,0.2807907227811074,0.2627484172991963,5.33,306.082,4.09,1.0,0.0
2023-08-08,22.959999084472656,22.96500015258789,22.71699905395508,22.71699905395508,5,35.804630275494134,-0.1258610614268072,0.10176957264800397,-0.22763063407481116,10.876400197648946,-0.11617554893581869,23.90555813150451,23.879193242318905,1,0.053850296176628974,-0.018364927005713794,-0.061591255695335856,-0.01598377291331987,0.28831119583898224,0.24655748824666313,5.33,306.082,4.02,2.0,0.0
2023-08-09,22.649999618530273,22.649999618530273,22.649999618530273,22.649999618530273,5,35.24481166336969,-0.20739907576109573,0.039935842966184035,-0.24733491872727975,12.490375060124514,-0.036050914354604655,23.78598113026887,23.830989570797783,-1,0.05824111822947001,-0.0029493083688421073,-0.04647638734642712,-0.06090633501675169,0.23532681880540407,0.24574340767136307,5.33,306.082,4.0,2.0,0.0
2023-08-10,22.746000289916992,22.746000289916992,22.746000289916992,22.746000289916992,5,36.770328056386184,-0.26126043997778226,-0.020303413622609224,-0.24095702635517302,13.535673337263587,0.06351300685282282,23.68693533594964,23.788440971547555,-1,0.06313131313131314,0.004238440309207725,-0.035614353295529755,-0.08163757218111034,0.20993786794895186,0.24560189871804256,5.33,306.082,4.09,2.0,0.0
2023-08-11,22.673999786376953,22.673999786376953,22.673999786376953,22.673999786376953,5,36.0837344842021,-0.30622581746723654,-0.0774878943915347,-0.22873792307570184,14.233083773979985,0.09602378664888887,23.590465283609387,23.74473739565851,-1,0.06514657980456026,-0.003165413814399498,-0.039928897417322196,-0.093547619664891,0.20328371106209864,0.2435708837508463,5.33,306.082,4.16,1.0,1.0
2023-08-14,22.405000686645508,22.643999099731445,22.405000686645508,22.643999099731445,21,35.78390776064565,-0.34035856608776527,-0.13006202873078082,-0.21029653735698445,14.842426374891096,0.13333664542370818,23.500325647049582,23.701571187975098,-1,0.2727272727272727,-0.0013231316454158648,-0.02151936281929545,-0.08855259922316461,0.2035351647770005,0.24355600612155937,5.33,306.082,4.19,1.0,1.0
2023-08-15,22.454999923706055,22.594999313354492,22.454999923706055,22.594999313354492,11,35.26845020308136,-0.3671308328252252,-0.1774757895496697,-0.1896550432755555,15.026639203246143,0.15701649844633053,23.414104091459574,23.658176212499782,-1,0.24608501118568232,-0.002163919286568672,-0.005370416238114406,-0.09922661285171586,0.19677956656612164,0.24266831562028396,5.33,306.082,4.21,1.0,1.0
2023-08-16,22.655000686645508,22.655000686645508,22.479999542236328,22.479999542236328,7,34.029515592190705,-0.3930961992434874,-0.22059987148843324,-0.17249632775505414,14.865530343290265,0.15752877542728536,23.325141753438313,23.611973205822785,-1,0.1565995525727069,-0.005089611622612233,-0.007505522258590469,-0.1086086020599426,0.1927732823778462,0.239709391152754,5.33,306.082,4.28,1.0,1.0
2023-08-17,22.600000381469727,22.954999923706055,22.600000381469727,22.670000076293945,27,37.9103385477088,-0.39380296851538077,-0.2552404908938228,-0.138562477621558,14.715180015973258,0.2379894163989216,23.262747307995994,23.575033083096166,-1,0.764872521246459,0.008451981224494087,-0.0033412561617145453,-0.08607136474964483,0.1945795895944714,0.23995120541951262,5.33,306.082,4.3,1.0,1.0
2023-08-18,22.69499969482422,22.69499969482422,22.69499969482422,22.69499969482422,0,38.42361529239421,-0.3878746504437629,-0.28176732280381084,-0.10610732763995206,14.444772929726856,0.2688472013108813,23.20867610674154,23.5405219698306,-1,0.0,0.0011027621723043168,0.0009261669156352959,-0.08109969483811896,0.19559538785488967,0.23916446055860532,5.33,306.082,4.26,0.0,1.0
2023-08-21,22.78499984741211,23.304000854492188,22.78499984741211,23.304000854492188,3,49.39777612906668,-0.33022844377090266,-0.2914595469972292,-0.038768896773673456,13.99344178192892,0.46389143686733114,23.21775465414636,23.53124663197419,-1,0.08583690987124463,0.026834155887072164,0.02914687250489112,-0.04632509131247842,0.22203865408233117,0.24342661157143233,5.33,306.082,4.34,0.0,1.0
2023-08-22,23.344999313354492,23.420000076293945,23.344999313354492,23.420000076293945,2,51.18243369815584,-0.27204725054990675,-0.28757708770776474,0.015529837157857995,13.13472543826904,0.5197673977083827,23.23701612292232,23.526884021947517,-1,0.06289308176100629,0.004977652658272991,0.036512537641541165,-0.0510534932456056,0.21906565842176515,0.24173367588100061,5.33,306.082,4.34,0.0,1.0
2023-08-23,24.363000869750977,24.363000869750977,24.363000869750977,24.363000869750977,2,62.699494869725946,-0.14813830651922189,-0.2596893314700562,0.1115510249508343,12.487878804397175,0.8523265141811701,23.34425276547743,23.55967291793981,-1,0.06420545746388444,0.04026476474744123,0.08376340595455933,-0.01861026702880042,0.2641771946611491,0.2516418142448768,5.33,306.082,4.19,0.0,1.0
2023-08-24,24.28499984741211,24.309999465942383,24.211000442504883,24.211000442504883,6,60.23279670177414,-0.06149585389351131,-0.22005063595474722,0.1585547820612359,12.462407925196127,0.8012274449214262,23.42680016328957,23.585215173805107,-1,0.22514071294559101,-0.0062389862422415066,0.06797531367555498,-0.0010315076112937804,0.25078901591742714,0.25178243929280064,5.33,306.082,4.23,0.0,1.0
2023-08-25,24.079999923706055,24.219999313354492,24.079999923706055,24.219999313354492,11,60.33229529363312,0.007805075654729876,-0.1744794936328518,0.1822845692875817,12.294753376716791,0.8111858854078157,23.50234293948623,23.61010866947371,-1,0.4721030042918455,0.00037168521271890853,0.06719540158786885,-0.006155171141291826,0.2499383257184976,0.25003377718951536,5.33,306.082,4.25,0.0,1.0
2023-08-28,24.238000869750977,24.238000869750977,24.238000869750977,24.238000869750977,11,60.54496276260843,0.06344775058991203,-0.12689404478829905,0.19034179537821108,11.36457286926614,0.855533832838438,23.572405599511445,23.634731893013996,-1,0.7142857142857143,0.0007432517302574659,0.040078955587522946,-0.024784711496445233,0.23865168093181002,0.24768380353387587,5.33,306.082,4.2,0.0,1.0
2023-08-29,24.777000427246097,24.777000427246097,24.777000427246097,24.777000427246097,52924,66.3603483675513,0.14931650333828728,-0.0716519351629818,0.22096843850126907,12.19058614322358,1.0105906287244435,23.687128916438553,23.679526737493685,1,19.888389921271678,0.022237789345399106,0.0579419447707743,0.023504636477065466,0.23287661281418182,0.2507311774084025,5.33,306.082,4.12,0.0,1.0
2023-08-30,24.780000686645508,25.059999465942383,24.56999969482422,24.733999252319336,7105,65.53050491744176,0.2114606859437025,-0.015029410941644936,0.22649009688534744,13.177835387546693,0.9414798285617128,23.786830853189105,23.720878600820182,1,2.355847342418515,-0.0017355278760650128,0.015227942754334034,0.04125619071302511,0.22088842561612776,0.2505353931402457,5.33,306.082,4.12,0.0,1.0
2023-08-31,24.665000915527344,24.700000762939453,24.450000762939453,24.472000122070312,738,60.56129992631372,0.23683912419367914,0.035344296085419884,0.20149482810825925,13.760573941922164,0.8269343233777144,23.85208506927303,23.75033434675156,1,0.2419672131147541,-0.010592671552072441,0.0107802104330732,0.037564642709357,0.22318094179162823,0.25162792519267807,5.33,306.082,4.09,0.0,1.0
2023-09-01,24.489999771118164,24.84000015258789,24.204999923706055,24.23200035095215,229,56.346237768431756,0.2348782137397194,0.07525107961627979,0.1596271341234396,14.058374325556223,0.7374585980770256,23.888267477051993,23.769223209661387,1,0.07487697614726896,-0.009807117110207875,0.0004955011535050513,0.026040553669770317,0.2270212849457106,0.25221277826887756,5.33,307.276,4.18,0.0,1.0
2023-09-05,24.204999923706055,24.325000762939453,23.53499984741211,23.558000564575195,150,46.54808459486604,0.17689884835979797,0.09558063336498343,0.08131821499481454,13.998692959646938,0.5267845882963063,23.856813485387537,23.760939968677615,1,0.04896600127311603,-0.027814450999315454,-0.02805513164348561,0.017975990089238003,0.23842214442455134,0.24882853209182978,5.33,307.276,4.27,1.0,1.0
2023-09-06,23.51499938964844,23.6200008392334,23.135000228881836,23.20599937438965,357,42.40116037507143,0.10137761132813594,0.09674002895761394,0.004637582370522003,13.717684870260683,0.41049951759748277,23.794831189102023,23.73917759243103,1,0.11587335075220306,-0.014941895820940743,-0.06340561915351517,0.02152574463172452,0.23495529744928487,0.250499350944312,5.33,307.276,4.3,1.0,1.0
2023-09-07,23.09000015258789,23.125,22.905000686645508,22.950000762939453,97,39.6355717946346,0.020631708907554724,0.0815183649476021,-0.06088665604004738,13.484752852493237,0.3235282197686571,23.714371148515113,23.70822948147058,1,0.03143685890683995,-0.01103157021251655,-0.07212737702385896,0.013245083861447071,0.23855044103265238,0.24981199803473964,5.33,307.276,4.27,1.0,1.0
2023-09-08,23.104999542236328,23.145000457763672,22.892000198364254,22.892000198364254,28,39.01467823429482,-0.04749269510782028,0.05571615293651763,-0.10320884804433791,13.371381682110195,0.301320722345518,23.6360501056436,23.676220489976213,-1,0.009071176337188585,-0.0025272576316799356,-0.06456357943056401,0.006418706875334967,0.23841487060288727,0.24916076974830245,5.33,307.276,4.26,1.0,1.0
2023-09-11,22.924999237060547,23.13999938964844,22.924999237060547,23.10300064086914,138,42.541030461459506,-0.0834933444914654,0.02787425345092103,-0.11136759794238643,13.059554216633146,0.35842494591131896,23.585283489950797,23.65374128020731,-1,0.04461182860006142,0.009217213029727445,-0.046591271613226404,0.018920387163006813,0.24003957589334732,0.24860543240029429,5.33,307.276,4.29,1.0,1.0
2023-09-12,22.94499969482422,23.12700080871582,22.93000030517578,23.12700080871582,59,42.94514878549934,-0.10883294706363245,0.000532813348010335,-0.10936576041164278,12.68656843972589,0.3543618523342314,23.541637520309372,23.633084791129214,-1,0.019061465148210967,0.0010388333628066349,-0.01829526044359986,0.021330230002972517,0.23989084739690925,0.24834144769203775,5.33,307.276,4.27,1.0,1.0
2023-09-13,22.825000762939453,22.915000915527344,22.81999969482422,22.91200065612793,10,40.21640283026707,-0.14459665986007408,-0.028493081293606552,-0.11610357856646752,12.38066561311487,0.27178209487617355,23.481672104673045,23.604806981913477,-1,0.003230808994572241,-0.009296499548997472,-0.012669082400569964,0.014029712432258368,0.2425058366762031,0.2483793884834223,5.33,307.276,4.25,1.0,1.0
2023-09-14,22.614999771118164,22.74799919128418,22.579999923706055,22.74799919128418,42,38.221375070637365,-0.18405157551593376,-0.059604780138071994,-0.12444679537786177,12.06758406916628,0.20368108746933114,23.411798493874105,23.571206676398603,-1,0.01356173008928139,-0.007157884957544547,-0.008801811108497759,0.011921692816066365,0.2432771541090759,0.2368494245779711,5.33,307.276,4.29,1.0,1.0
2023-09-15,22.709999084472656,23.184999465942383,22.709999084472656,23.125999450683594,34,44.994386210757995,-0.18271222577266855,-0.08422626926499131,-0.09848595650767723,11.667111999082996,0.32272967857414203,23.38457953737977,23.55374756950782,-1,0.01097730281212669,0.016616857430883147,0.010221878835037668,0.020114661352228502,0.2483478633708265,0.23632195440568413,5.33,307.276,4.33,1.0,1.0
2023-09-18,23.23200035095215,23.23200035095215,23.23200035095215,23.23200035095215,8,46.757200547132435,-0.1711247748039817,-0.1016059703727894,-0.0695188044311923,11.207137168182264,0.34553736782260225,23.370048186291427,23.541130031525245,-1,0.00258256125512477,0.004583624612402248,0.00558367772603563,0.02366162870010502,0.24867299934102258,0.23433447986396444,5.33,307.276,4.32,1.0,1.0
2023-09-19,23.194000244140625,23.194000244140625,23.194000244140625,23.194000244140625,0,46.18576448773291,-0.16312749524591297,-0.11391027534741412,-0.04921721989849885,11.264346146249352,0.3340790849336564,23.3532817156104,23.527517098686634,-1,0.0,-0.0016356795040236571,0.0028970222286477387,-0.004720245722543259,0.23004638558568574,0.23411128295383438,5.33,307.276,4.37,1.0,1.0
2023-09-20,23.350000381469727,23.57900047302246,23.350000381469727,23.57900047302246,1,52.51738173514966,-0.12429054861302546,-0.11598633000053639,-0.008304218612489075,11.232187892570888,0.47563744872253266,23.374778740125834,23.52953605454294,-1,0.0003228410008071025,0.016599130155614095,0.029111373856221423,0.00678908608926343,0.23700948097401722,0.23255316167713322,5.33,307.276,4.35,0.0,1.0
2023-09-21,23.030000686645508,23.444000244140625,23.030000686645508,23.444000244140625,64,50.283298065343665,-0.10321557394121683,-0.11343217878867248,0.010216604847455651,10.917281070059705,0.44031985467110196,23.381371264317718,23.52618170903697,-1,0.020641166225891763,-0.005725443240746975,0.03059614373131847,-0.03772115883931937,0.18706345350114573,0.2326386316521118,5.33,307.276,4.49,1.0,1.0
2023-09-22,23.700000762939453,23.700000762939453,23.59600067138672,23.59600067138672,28,52.72195583264083,-0.0734022055839425,-0.10542618414772649,0.032023978563783986,10.668126801713512,0.5115348674184887,23.401812160229053,23.52891970756049,-1,0.009027307605506659,0.0064835533894895825,0.020323498740255852,-0.025401667005815587,0.18859642011976493,0.23285600823074262,5.33,307.276,4.44,1.0,1.0
2023-09-25,23.59000015258789,23.61000061035156,23.145000457763672,23.145000457763672,66,45.57826063637369,-0.08518488609921349,-0.1013779245380239,0.01619303843881041,10.48334598244405,0.3506071089371313,23.377353902851397,23.513864050705713,-1,0.021259804474222488,-0.019113417561898327,-0.003744830056569448,-0.04438475995323765,0.19894353818568042,0.23496042351199758,5.33,307.276,4.55,1.0,1.0
2023-09-26,22.950000762939453,22.950000762939453,22.950000762939453,22.950000762939453,1,42.87330448825113,-0.10900109422565407,-0.10290255847554994,-0.006098535750104134,10.308817277052203,0.2936335300970606,23.336653603812163,23.49175176491096,-1,0.0003221701380499042,-0.008425132467811625,-0.01051993958061681,-0.05313970049481054,0.19977557655140527,0.23484833816140904,5.33,307.276,4.56,1.0,1.0
2023-09-27,22.47699928283691,22.47699928283691,22.47699928283691,22.47699928283691,421,37.11878018589658,-0.16415065063801748,-0.11515217690804345,-0.048998473729974026,9.560047797844193,0.11588718778543214,23.254781763719283,23.451957549927663,-1,0.879281537176274,-0.02061008559382549,-0.046736552359222694,-0.09282807057951958,0.1868945455333032,0.23858760400261006,5.33,307.276,4.61,1.0,1.0
2023-09-28,22.549999237060547,22.614999771118164,22.399999618530273,22.51499938964844,120,37.84061229864569,-0.20245698231928344,-0.13261313799029145,-0.06984384432899199,8.33567446289862,0.1343082118925014,23.18432629952206,23.415214092661813,-1,0.9262832883056734,0.0016906218812111629,-0.03962637966293192,-0.08971456010951473,0.18804874186548062,0.2369990090016732,5.33,307.276,4.59,1.0,1.0
2023-09-29,22.774999618530273,23.459999084472656,22.236000061035156,22.236000061035156,120,34.69181112522594,-0.25241822016613114,-0.15657415442545938,-0.09584406574067175,7.591570245731886,0.0012240369462699287,23.094009514904258,23.368970405147042,-1,1.2164216928535225,-0.012391709357165603,-0.057636911834840876,-0.09136973070781407,0.18892135072050076,0.23398328419078943,5.33,307.276,4.59,1.0,1.0
2023-10-02,22.165000915527344,22.174999237060547,21.218000411987305,21.218000411987305,131,26.14350525822391,-0.36989302842983207,-0.19923792922633393,-0.17065509920349814,9.317559587744986,-0.31445328095874875,22.91534198129312,23.284618640709407,-1,1.3973333333333333,-0.04578159948972682,-0.08325772338146498,-0.12438097950285043,0.24066403682039023,0.24960555568763607,5.33,307.696,4.69,2.0,1.0
2023-10-03,20.979999542236328,21.17799949645996,20.78499984741211,21.17799949645996,34,25.87371955395689,-0.4609073469300107,-0.2515718127670693,-0.20933553416294137,11.25252032398886,-0.14717888402438567,22.74988079226139,23.202006125248644,-1,0.3865832859579306,-0.0018852349302785898,-0.07721138159354612,-0.1010272948076123,0.2271345779068322,0.24947032271073297,5.33,307.696,4.81,2.0,1.0
2023-10-04,21.184999465942383,21.184999465942383,20.760000228881836,20.95599937438965,30,24.370613760536244,-0.5446717674935364,-0.3101918037123627,-0.2344799637811737,13.302075805147185,-0.08639004667650116,22.57903494294027,23.113927429136528,-1,0.4189944134078213,-0.010482582271636232,-0.06766917101824499,-0.09695768597163368,0.2251254108436014,0.2501474558001572,5.33,307.696,4.73,2.0,1.0
2023-10-05,21.075000762939453,21.075000762939453,20.847999572753903,20.847999572753903,117,23.650782626686308,-0.6127074456439559,-0.3706949320986814,-0.24201251354527448,15.154919596588828,-0.01793467367872235,22.41417443149395,23.025067513199954,-1,1.6115702479338845,-0.005153645965829345,-0.07403952307726747,-0.09159046275849991,0.22401288345704679,0.23164343720526592,5.33,307.696,4.72,2.0,1.0
2023-10-06,20.98500061035156,21.540000915527344,20.924999237060547,21.540000915527344,15,36.577201471709884,-0.6038269445360704,-0.4173213345861592,-0.18650560994991122,15.714696716776228,0.21331372029358067,22.330919810925703,22.966829607408872,-1,0.20847810979847115,0.03319269747481246,-0.03130055511770902,-0.059059901761381095,0.2605774665304513,0.23521370557551663,5.33,307.696,4.78,2.0,1.0
2023-10-09,21.74099922180176,21.74099922180176,21.74099922180176,21.74099922180176,0,39.76710476788468,-0.5739540153095888,-0.44864787073084517,-0.12530614457874362,15.898592877995995,0.2910377837250614,22.274736897675805,22.918757827581143,-1,0.0,0.009331397294859212,0.02464882645204325,-0.05895344246573764,0.26064812790736425,0.23508489161607077,5.33,307.696,4.78,2.0,1.0
2023-10-10,21.850000381469727,21.86000061035156,21.71500015258789,21.775999069213867,12,40.32989603145906,-0.5412165015601289,-0.46716159689670195,-0.07405490466342696,15.950301790421543,0.31976378844953074,22.227238056869904,22.873943758625565,-1,0.19138755980861244,0.0016098545910900874,0.02823683005818678,-0.058416642550243925,0.260774248134231,0.23503307032766904,5.33,307.696,4.66,2.0,1.0
2023-10-11,21.957000732421875,21.957000732421875,21.957000732421875,21.957000732421875,3,43.28137956758932,-0.49496086379042836,-0.47272145027544726,-0.0222394135149811,15.94818364321237,0.3834661433018317,22.201501168827235,22.837985208578363,-1,0.048115477145148355,0.008311979745806441,0.04776681560964113,-0.041681210560311155,0.2625940368942396,0.2347620589125411,5.33,307.696,4.58,2.0,1.0
2023-10-12,22.06999969482422,22.19499969482422,21.79199981689453,21.79199981689453,20,41.27699911698593,-0.46624257830021776,-0.4714256758804014,0.005183097580183649,16.057905313458374,0.3513219015621404,22.16250104007174,22.79696617361037,-1,0.32653061224489793,-0.0075147292445867375,0.04528013543200249,-0.04202564657888397,0.26268890052031585,0.23447088276242964,5.33,307.696,4.7,2.0,1.0
2023-10-13,22.475000381469727,22.72699928283691,22.475000381469727,22.72699928283691,13,54.21604055016674,-0.3638423393560686,-0.44990900857553484,0.08606666921946626,15.826291137206322,0.6195302726419931,22.216262777477944,22.794222373972197,-1,0.2159468438538206,0.04290562930426911,0.0551066999469767,-0.017253315632803412,0.2997213158371945,0.24963614624729252,5.33,307.696,4.63,2.0,1.0
2023-10-16,22.604999542236328,22.61000061035156,22.604999542236328,22.61000061035156,2,52.652646962784516,-0.28880110791027036,-0.41768742844248197,0.1288863205322116,15.443573586080644,0.5976921438571237,22.253761618704,22.786997991085112,-1,0.0333889816360601,-0.005148003527843947,0.03997062783013061,-0.0267734044079031,0.2993681034142032,0.24968314390049678,5.33,307.696,4.71,2.0,1.0
2023-10-17,22.700000762939453,22.863000869750977,22.649999618530273,22.863000869750977,22,55.632084401099966,-0.20653458271819147,-0.3754568592976239,0.16892227657943243,15.188936596387062,0.6791367388751838,22.311784404517997,22.789978496130832,-1,0.36065573770491804,0.011189750224225303,0.049917425009164074,-0.014270905014466706,0.3026209000018679,0.2502498785178577,5.33,307.696,4.83,2.0,1.0
2023-10-18,22.790000915527344,22.944000244140625,22.76499938964844,22.944000244140625,8,56.57425856207095,-0.13326559342587174,-0.3270186061232735,0.19375301269740175,14.504650731017488,0.7228304215807367,22.37199543686301,22.796018564680235,-1,0.13039934800325997,0.0035428146484837164,0.04495147236850694,-0.02693075262491984,0.29629950566270713,0.24938572840559967,5.33,307.696,4.91,2.0,1.0
2023-10-19,22.770000457763672,22.886999130249023,22.770000457763672,22.886999130249023,9,55.67820544683772,-0.07888951581867332,-0.27739278806235346,0.19850327224368014,13.916271900658195,0.7231063346466622,22.421043407661678,22.79958642999666,-1,0.15358361774744028,-0.002484358145269705,0.05024776626996763,-0.023758791507042964,0.29588679978492705,0.2489607955828735,5.33,307.696,4.98,2.0,1.0
2023-10-20,23.559999465942383,23.6299991607666,23.35099983215332,23.35099983215332,7,61.08185300687716,0.001626151014871624,-0.22158900024690845,0.22321515126178007,13.552406381798853,0.8876207314377904,22.50961068618469,22.821210484983194,-1,0.12163336229365769,0.020273549156168746,0.02745635451256634,-0.010383151053665385,0.3043831810800534,0.24821600862975834,5.33,307.696,4.93,2.0,1.0
2023-10-23,23.225000381469727,23.239999771118164,23.07200050354004,23.07200050354004,5,56.6124374432593,0.04243333783536585,-0.1687845326304536,0.21121787046581944,13.473415718646073,0.7978260143627891,22.563171621170913,22.831045387671697,-1,0.09174311926605505,-0.011948067775201299,0.02043343125682906,-0.003154026907748242,0.29948526647654805,0.2489652454817372,5.33,307.696,4.86,2.0,1.0
2023-10-24,22.850000381469727,22.979999542236328,22.850000381469727,22.979999542236328,2,55.178654112097675,0.06658210167522682,-0.12171120576931752,0.18829330744454434,13.500794809891412,0.7659822650414934,22.60286951841524,22.83688672706639,-1,0.03666361136571952,-0.003987558915387268,0.005117380397782645,0.0013071363093510868,0.29826028431873847,0.2453075388377709,5.33,307.696,4.83,2.0,1.0
2023-10-25,22.780000686645508,22.87700080871582,22.579999923706055,22.87700080871582,6,53.54370479721026,0.07652687976835182,-0.08206358866178365,0.15859046843013547,13.71937873042949,0.7211305309969233,22.628977260348627,22.838459828307546,-1,0.1775147928994083,-0.0044821033756419215,-0.002920128779283604,0.017796037667018316,0.2885644030750247,0.23981135415092328,5.33,307.696,4.95,2.0,1.0
2023-10-26,22.975000381469727,22.989999771118164,22.78700065612793,22.78700065612793,14,52.09127801826875,0.07626677203067445,-0.05039751652329203,0.12666428855396647,13.851985861613034,0.6852157416535928,22.644027107565705,22.836441821555404,-1,0.49122807017543857,-0.003934088796884727,-0.004369226107451052,0.012080891576863317,0.28904734703671586,0.23695912783495385,5.33,307.696,4.86,1.0,1.0
2023-10-27,22.770000457763672,22.770000457763672,22.770000457763672,22.770000457763672,68,51.805416022048036,0.07383770573385462,-0.025550472071862704,0.09938817780571732,14.004475555078475,0.6689506416831433,22.656024569489322,22.833836277877296,-1,2.6254826254826256,-0.0007460480921032131,-0.024881134793621862,0.024015128407211206,0.2849838042170041,0.23658307744227303,5.33,307.696,4.84,1.0,1.0
2023-10-30,23.15999984741211,23.565000534057617,23.094999313354492,23.281999588012695,208,59.08738132473746,0.11193637123930245,0.0019468965903703265,0.10998947464893212,13.831934258922205,0.8025224929680658,22.71564123792012,22.85141130964731,-1,6.991596638655462,0.022485688184272767,0.009101901867609508,0.09727585710005515,0.23087932960600424,0.24114283151043683,5.33,307.696,4.88,1.0,1.0
2023-10-31,23.295000076293945,23.30500030517578,22.840999603271484,22.840999603271484,85,51.8240514908585,0.105330638921032,0.02262364505650266,0.08270699386452934,13.033170530662119,0.6405750527335627,22.727580129858346,22.851003007436496,-1,2.6315789473684212,-0.018941671357483814,-0.006048735497551583,0.07852489122447581,0.2450175116881766,0.24073014291981823,5.33,307.696,4.88,1.0,1.0
2023-11-01,22.645000457763672,23.010000228881836,22.63999938964844,22.684999465942383,68,49.505761000718636,0.08651040305657887,0.03540099665651791,0.05110940640006096,11.53009386693162,0.5649030059945249,22.723524828533016,22.844493064632807,-1,1.9883040935672514,-0.006829829693913991,-0.008392767232857201,0.08250621030585381,0.2424979152134071,0.2381096667244304,5.33,308.148,4.77,2.0,2.0
2023-11-02,22.750999450683594,22.750999450683594,22.750999450683594,22.750999450683594,31,50.51436156550472,0.07604428652610196,0.04352965463043472,0.03251463189566724,9.289498947005201,0.5663408066406117,22.726141459214023,22.840826648399506,-1,1.0367892976588629,0.002909410901256404,-0.0015799010140746805,0.09127973507907727,0.24014807371335598,0.2381044570898042,5.33,308.148,4.67,2.0,2.0
2023-11-03,23.201000213623047,23.201000213623047,23.201000213623047,23.201000213623047,16,56.84392063409009,0.10287523288028666,0.05539877028040511,0.04747646259988155,8.430816849680353,0.7646147502172779,22.771366102491072,22.854951101937687,-1,0.5342237061769616,0.019779384370119724,0.01892840347802549,0.0771123132542837,0.22364660392225216,0.24130756249507138,5.33,308.148,4.57,1.0,2.0
2023-11-06,23.14900016784668,23.14900016784668,23.14900016784668,23.14900016784668,5,55.953295172880786,0.11857611047043193,0.06803423831841048,0.05054187215202145,7.632515206772632,0.7209434131564016,22.80733125157256,22.866482437855687,-1,0.16556291390728478,-0.0022412846557293697,-0.00571254284509537,0.06476247626341758,0.2235807501010857,0.24125761546375846,5.33,308.148,4.67,2.0,2.0
2023-11-07,22.774999618530273,22.774999618530273,22.5049991607666,22.507999420166016,42,46.31918726862674,0.07839211035746985,0.07010581272622235,0.008286297631247497,6.60452911271426,0.30497254809972474,22.77882345810527,22.852424280299232,-1,1.3249211356466877,-0.027690213099181515,-0.014579054721307938,0.033615006531986236,0.24959751554227375,0.24818084785591654,5.33,308.148,4.58,2.0,2.0
2023-11-08,22.329999923706055,22.739999771118164,22.329999923706055,22.64699935913086,95,48.39421995483834,0.05710387622220381,0.06750542542541864,-0.01040154920321483,5.704759809886747,0.3547683437306031,22.766268782012467,22.844368401037727,-1,2.6170798898071626,0.00617557946266456,-0.001675120463131341,0.03142499447523028,0.24896362796676144,0.24847090432887367,5.33,308.148,4.49,2.0,2.0
2023-11-09,22.520000457763672,22.924999237060547,22.5049991607666,22.83099937438965,73,51.08945293939987,0.054452367775361665,0.06489481389540724,-0.010442446120045579,3.862903540085325,0.4353608113684683,22.772433600334104,22.8438441254829,-1,1.8741976893453143,0.008124697331463704,0.003516325684041588,0.04767802708449076,0.2475741222077282,0.24877608792112613,5.33,308.148,4.62,2.0,2.0
2023-11-10,22.6200008392334,22.6200008392334,22.21500015258789,22.21500015258789,33,42.9938171933053,0.0026148962527621222,0.05243883036687822,-0.0498239341141161,4.614397262544072,-0.11380940440342237,22.71934470054875,22.819183577526232,-1,0.8260325406758448,-0.026980826012055648,-0.04249817042181658,-0.02252823278063254,0.22113651655133268,0.25449970885298234,5.33,308.148,4.61,2.0,2.0
2023-11-13,22.084999084472656,22.298999786376953,22.010000228881836,22.298999786376953,4,44.29019987262391,-0.03132748126186158,0.03568556804113026,-0.06701304930299185,5.013723062230898,0.02160002161100051,22.679311851580007,22.798784213167437,-1,0.09987515605493134,0.003781212388570543,-0.036718664966375214,-0.01375501174609517,0.2212556192166696,0.25462316344197355,5.33,308.148,4.63,2.0,2.0
2023-11-14,22.334999084472656,23.165000915527344,22.260000228881836,23.07900047302246,282,54.61198326079043,0.004658773252671722,0.029480209083438555,-0.024821435830766833,5.089024252148196,0.6901591720495622,22.717377434574527,22.80977308610293,-1,5.31573986804901,0.03497917817471041,0.025368805205533196,0.009447561346037636,0.2511142697919025,0.2586545177559131,5.33,308.148,4.44,2.0,2.0
2023-11-15,23.48500061035156,23.48500061035156,23.48500061035156,23.48500061035156,0,58.88236898133691,0.06518751611221774,0.036621670489194395,0.02856584562302334,5.613287771613116,0.9671914935219923,22.790484403696148,22.83625259685778,-1,0.0,0.017591755665661513,0.037002749809450286,0.023579164943091868,0.25811707568645054,0.260963465103367,5.33,308.148,4.53,1.0,1.0
2023-11-16,23.575000762939453,23.895000457763672,23.575000762939453,23.892000198364254,7,62.673712747974164,0.14433464627256498,0.05816426564586852,0.08617038062669646,6.784526972663787,1.1149593954267263,22.895390669855015,22.877654463583525,1,0.13320647002854424,0.01733019277986747,0.04647193960176654,0.04391143908363904,0.26380534850107434,0.25036069813726214,5.33,308.148,4.45,1.0,1.0
2023-11-17,23.905000686645508,24.155000686645508,23.80900001525879,23.80900001525879,37,61.4297325473924,0.19807856958325587,0.08614712643334599,0.11193144314990988,7.398990614308099,1.0009830632933132,22.982401083702992,22.914177818551185,1,0.6845513413506014,-0.0034739738161875255,0.07175331315427469,0.019613729022207593,0.25570596630858333,0.2501441177788581,5.33,308.148,4.44,0.0,2.0
2023-11-20,23.459999084472656,23.57900047302246,23.459999084472656,23.57900047302246,2,57.994564843991206,0.21958078453906538,0.11283385805448988,0.1067469264845755,7.750700286371921,0.8343776365340602,23.03922007316199,22.940249295197116,1,0.03710575139146568,-0.009660193291987307,0.057401708547819785,0.021974686131123855,0.25427526251240695,0.250883841189349,5.33,308.148,4.42,1.0,2.0
2023-11-21,23.76499938964844,23.843000411987305,23.76499938964844,23.843000411987305,11,60.71042959178304,0.25498472831600694,0.1412640321067933,0.11372069620921363,8.392643770076731,0.9225028753479801,23.115770581621543,22.975651299777123,1,0.20239190432382703,0.01119640076630457,0.033103684011701384,0.037554433722455594,0.2559304962246201,0.2519957108612865,5.33,308.148,4.41,0.0,2.0
2023-11-22,23.67200088500977,23.67200088500977,23.67200088500977,23.67200088500977,37,58.09053515232601,0.26617606412804307,0.16624643851104326,0.0999296256169998,8.697575404687145,0.8019387354836134,23.168744896229946,23.002959126648992,1,0.6618962432915921,-0.007171896322728077,0.007962540762114667,0.034751062123102416,0.25699677262977105,0.2480484091443031,5.33,308.148,4.42,1.0,2.0
2023-11-24,24.315000534057617,24.32900047302246,24.260000228881836,24.32900047302246,4,64.43999984893458,0.3243210828065415,0.1978613673701429,0.12645971543639858,9.798999352728144,1.0228158139124197,23.279245427353043,23.054960748075402,1,0.07220216606498195,0.027754290446513785,0.018290652562782395,0.06767015282811495,0.2714994717350194,0.25464670150184804,5.33,308.148,4.47,0.0,1.0
2023-11-27,24.80500030517578,24.850000381469727,24.67200088500977,24.67200088500977,14,67.23125201892523,0.39354218634216664,0.23699753116454766,0.15654465517761898,11.185204753860987,1.0515209333765652,23.41188880427273,23.11837408677871,1,0.2656546489563567,0.014098417745013858,0.036246833936658396,0.08353097887609362,0.2736407924268127,0.25536719454773943,5.33,308.148,4.39,0.0,1.0
2023-11-28,24.93000030517578,24.93000030517578,24.93000030517578,24.93000030517578,59633,69.19025117515721,0.4638715837540701,0.2823723416824522,0.18149924207161794,12.817570365659625,1.0383274197418273,23.556470851977785,23.18941825220605,1,19.72023346946874,0.010457174566768312,0.057296738837553596,0.07078432893760556,0.2663131909777335,0.2553567580136958,5.33,308.148,4.34,0.0,1.0
2023-11-29,25.049999237060547,25.30500030517578,24.850000381469727,25.07200050354004,5716,70.24462527481977,0.5250143287895561,0.33090073910387297,0.19411358968568315,14.157253185488047,0.9942449431657592,23.70080700926943,23.263245007160325,1,1.729239146876418,0.005695956543360969,0.05154552993820527,0.09767527424452171,0.25267049179563883,0.24845000912695556,5.33,308.148,4.27,0.0,2.0
2023-11-30,25.03499984741211,25.325000762939453,24.96500015258789,25.292999267578125,882,71.85874452619369,0.5845646506205142,0.38163352140720125,0.20293112921331297,15.33453686679868,0.9788489397860727,23.852444367203592,23.34284321345122,1,0.263582571274879,0.008814564438401451,0.06847745530437388,0.11496583041807895,0.2492931817696345,0.24665071705664474,5.33,308.148,4.37,0.0,2.0
2023-12-01,25.399999618530273,25.565000534057617,25.155000686645508,25.499000549316406,491,73.31202861191822,0.640992330933063,0.4335052833123736,0.20748704762068937,16.4638692459474,0.9609980055738875,24.009259241690525,23.427398403092994,1,0.14573192449246114,0.008144596833256745,0.048090758088944696,0.1207859507266722,0.24927574393787738,0.24562231352915284,5.33,308.741,4.22,0.0,2.0
2023-12-04,25.59000015258789,25.934999465942383,24.450000762939453,24.55500030517578,194,58.4226883786657,0.6025924332871355,0.467322713307326,0.13526971997980952,16.584251918235463,0.6996840056357058,24.061234581070075,23.471618085527613,1,0.05742873212752731,-0.0370210684263832,-0.004742241230425548,0.05835955687624628,0.2870790015780192,0.2584971298984978,5.33,308.741,4.28,0.0,1.0
2023-12-05,24.55500030517578,24.655000686645508,24.0,24.201000213623047,369,53.99412677808299,0.53740056961405,0.48133828456867084,0.05606228504537919,16.440441114931158,0.5971606369952327,24.074545593694168,23.50022130623724,1,0.1086476459676707,-0.014416619309840395,-0.029241880570750944,0.04544472928198284,0.29320321446473785,0.25992022713014395,5.33,308.741,4.18,0.0,1.0
2023-12-06,24.18000030517578,24.354999542236328,23.888999938964844,23.888999938964844,76,50.37010893027838,0.45531118933203985,0.47613286552134465,-0.020821676189304805,15.59837854656492,0.4998523312933373,24.05687457895804,23.515467527128518,1,0.022366097704532076,-0.012892040490234513,-0.0471841313344008,0.06135598695464339,0.2769498070171592,0.2614416445770416,5.33,308.741,4.12,0.0,1.0
2023-12-07,23.920000076293945,23.934999465942383,23.73200035095215,23.73200035095215,107,48.60232543507788,0.37328323263905716,0.4555629389448872,-0.08227970630583004,14.838761330646086,0.4403878156351821,24.025934176290814,23.52395901041572,1,0.031483552050844466,-0.006572045226414747,-0.06171663945868788,0.047909260499176654,0.27870111871995457,0.26105865934522293,5.33,308.741,4.14,0.0,1.0
2023-12-08,23.815000534057617,23.815000534057617,22.969999313354492,22.97100067138672,164,41.07699617191448,0.24405584788419432,0.41326152073274863,-0.1692056728485543,14.696068547849316,0.22163406860720938,23.925464318680902,23.502274369669486,1,0.04819064690066556,-0.032066394248763674,-0.09914113586689022,0.0061320704670559945,0.30384505471703316,0.2693499861448341,5.33,308.741,4.23,1.0,1.0
2023-12-11,23.049999237060547,23.049999237060547,22.7549991607666,22.77300071716309,54,39.36899529743478,0.1242331899999023,0.3554558545861794,-0.2312226645862771,13.879300133169295,0.13771869672261408,23.81570588044111,23.47367540290453,1,0.01586275776981376,-0.008619561553113497,-0.07257175996194454,0.025118188644720485,0.28811494671570853,0.2677674046896107,5.33,308.741,4.23,1.0,1.0
2023-12-12,22.78499984741211,22.78499984741211,22.72800064086914,22.72800064086914,3,38.97237121050822,0.025349526710982673,0.28943458901114005,-0.2640850623001574,13.217521316962733,0.09897240713349562,23.71211490524378,23.44443325537373,1,0.000881277264515371,-0.0019760275271951677,-0.06086523531059418,0.019238569379881998,0.28816751489742215,0.26759926277619334,5.33,308.741,4.2,1.0,1.0
2023-12-13,22.809999465942383,23.665000915527344,22.524999618530273,22.638999938964844,89,38.15366906765042,-0.05951208344462344,0.21964525451998737,-0.27915733796461084,13.742697918910512,0.09361124238130669,23.609913479883883,23.412847635122404,1,0.026218883487995285,-0.003915905464392577,-0.0523253381553721,-0.019064973570755095,0.25992643225347506,0.2676866827358739,5.33,308.741,4.04,1.0,1.0
2023-12-14,23.76499938964844,24.204999923706055,23.76499938964844,24.09600067138672,125,54.86844097059985,-0.009092920912429747,0.17389761943350396,-0.1829905403459337,13.599258337403834,0.5267381812895844,23.65620749812225,23.439637950270026,1,0.03675659780930677,0.06435799886699844,0.015337953609122046,0.02601660826722929,0.339018293989743,0.2951656689665202,5.33,308.741,3.92,0.0,0.0
2023-12-15,24.0049991607666,24.010000228881836,23.8700008392334,23.8700008392334,4,52.498349047016845,0.012484418346002002,0.14161497921600358,-0.12913056087000158,13.602735971730592,0.45786509353244725,23.676568768704264,23.456514926307804,1,0.0011762630124095748,-0.009379142839321397,0.03913630845723226,-0.0009207834818435456,0.33560785653411856,0.2955869433097769,5.33,308.741,3.91,0.0,0.0
2023-12-18,23.83099937438965,23.83099937438965,23.81999969482422,23.83099937438965,76,52.08025578913555,0.026136240588339632,0.11851923149047079,-0.09238299090213116,13.597888701724656,0.4455685718682089,23.691276445436205,23.471200590938466,1,0.022336189034694566,-0.00163391133106483,0.046458465020342565,0.0009239934107589942,0.3354213356983411,0.2953316229077772,5.33,308.741,3.95,1.0,0.0
2023-12-19,23.96500015258789,24.065000534057617,23.959999084472656,24.040000915527344,32,54.185876545196884,0.05320675143205378,0.1054567354787874,-0.052249984046733616,13.48542640869719,0.5025458415550036,23.7244882997306,23.493506486020383,1,0.00940056697169548,0.008770154279064801,0.05772616321996149,0.019551314019113253,0.3346952468694949,0.29301916895420366,5.33,308.741,3.93,0.0,0.0
2023-12-20,24.079999923706055,24.385000228881836,23.96500015258789,24.347000122070312,928,57.163386611354056,0.09829946157307035,0.104025280697644,-0.00572581912457365,13.497469197339917,0.5893263459016149,23.783775139953427,23.526976824689008,1,0.26899330415374356,0.012770349203467646,0.07544503678211356,0.02113826705424282,0.335366672526283,0.29342144984918217,5.33,308.741,3.86,0.0,0.0
2023-12-21,24.329999923706055,24.3700008392334,24.30699920654297,24.30699920654297,89,56.64679592902353,0.12931732997114054,0.10908369055234331,0.02023363941879723,13.425452971896082,0.5675008521296238,23.833606003438145,23.55756593770289,1,0.025778421433743665,-0.001642950479598615,0.008756579070268833,0.026824868950360292,0.33413322064244705,0.28994435144342084,5.33,308.741,3.89,0.0,0.0
2023-12-22,24.520000457763672,24.575000762939453,24.165000915527344,24.290000915527344,81,56.4134868848747,0.15078938792312613,0.11742483002649988,0.03336455789662625,13.417654259994222,0.562889338442398,23.877072185541877,23.586288878009732,1,0.023435126650946807,-0.0006993167223640073,0.017595310495491123,-0.0016030069767297705,0.31964729034108685,0.2899721425589622,5.33,308.741,3.9,0.0,0.0
2023-12-26,24.28499984741211,24.28499984741211,24.09000015258789,24.143999099731445,227,54.343160591593296,0.1542469592701856,0.12478925587523704,0.029457703394948576,13.249454392935586,0.526239777707109,23.902493796417073,23.60815986709686,1,0.0654744736083069,-0.006010778521731819,0.01313414181354755,-0.021400849802949207,0.3158294891920024,0.28896795825668425,5.33,308.741,3.89,0.0,0.0
2023-12-27,24.23500061035156,24.375,24.149999618530273,24.375,540,57.030114105306644,0.17362550482825156,0.13455650566583996,0.039068999162411605,12.908761392929671,0.6103692653404594,23.947494387234492,23.638232029171494,1,1.0539670147360203,0.009567632077617239,0.013935069538881795,-0.022262346505489417,0.3154199324146766,0.27133478172004816,5.33,308.741,3.79,0.0,0.0
2023-12-28,24.34000015258789,24.420000076293945,24.0,24.13400077819824,203,53.4930852206011,0.16760447861373606,0.14116610025541917,0.02643837835831689,12.320586929407135,0.5501832714742608,23.96525690065961,23.657673940898032,1,0.857625686523025,-0.009887147561097875,-0.008748484117309885,-0.03741224100603224,0.31582166164225145,0.27236630069703166,5.33,308.741,3.84,0.0,0.0
2023-12-29,23.885000228881836,23.885000228881836,23.55500030517578,23.85300064086914,20,49.628184608540835,0.13856116246370576,0.1406451126970765,-0.0020839502333707405,11.29602000477504,0.47752943574842505,23.954565828298612,23.665333811485134,1,0.10330578512396695,-0.011643330084871062,-0.01867768875195508,-0.05693269554452762,0.3150025043943215,0.27261085812229874,5.33,308.741,3.88,0.0,1.0
2024-01-02,23.844999313354492,24.06999969482422,23.732999801635746,23.732999801635746,20,48.032175464276655,0.10465466648179955,0.13344702345402112,-0.028792356972221572,9.559887045468603,0.4594322290232182,23.93346430194977,23.667987379726334,1,0.11761246692149367,-0.005030848782512809,-0.02293129242064107,-0.06925764577576765,0.31233595201786835,0.2725968099373266,5.33,309.698,3.95,0.0,1.0
2024-01-03,23.26499938964844,23.26499938964844,22.93000030517578,22.945999145507812,458,39.141747093931386,0.014116423084267637,0.10958090338007043,-0.09546448029580279,9.674453489595223,0.15220569230135264,23.83942000133625,23.639674115639334,1,2.499317871759891,-0.03316060602139692,-0.04961895290316498,-0.06552641578785967,0.3068105923386782,0.27481508394651105,5.33,309.698,3.91,1.0,0.0
2024-01-04,22.93000030517578,23.045000076293945,22.704999923706055,22.98900032043457,24,39.79743225651452,-0.05354867585792178,0.07695498753247199,-0.13050366339039376,9.910142166605894,0.2037474973954556,23.758427650774184,23.61415749621954,1,0.14457831325301204,0.0018740162349903944,-0.05686152531550481,-0.050080570327263874,0.30443015631084147,0.27428575699152147,5.33,309.698,3.99,1.0,1.0
2024-01-05,23.065000534057617,23.121999740600582,22.864999771118164,23.121999740600582,5,41.883041125849786,-0.09534276059017799,0.042495437907941996,-0.13783819849811998,10.101204725896858,0.28061809611421307,23.697815468852887,23.594857192077622,1,0.030778701138811943,0.005785350311548365,-0.041932584940987505,-0.03210683579571805,0.3032000057491787,0.27446214471642383,5.33,309.698,4.05,1.0,1.0
2024-01-08,22.989999771118164,23.1200008392334,22.834999084472656,23.1200008392334,53,41.859569730388756,-0.12716034320354197,0.008564281685645204,-0.13572462488918718,10.290436987919303,0.29614267050889276,23.64278550412722,23.576235374319026,1,0.3317683881064163,-8.645019417041766e-05,-0.030729878084178597,-0.025787944659885986,0.3026669212322306,0.2740497831390305,5.33,309.698,4.01,1.0,1.0
2024-01-09,23.13999938964844,23.13999938964844,22.90399932861328,22.90399932861328,19,39.296808807868324,-0.16787041768566624,-0.026722658188617087,-0.14114775949704916,10.35487302593243,0.21040840211606301,23.57242491598304,23.549873176448212,1,0.12459016393442623,-0.009342625552745454,-0.034930286097475394,-0.002916779453012497,0.28130836662092357,0.2743171262378428,5.33,309.698,4.02,1.0,1.0
2024-01-10,23.0,23.0,22.799999237060547,22.88400077819824,10,39.05838259500497,-0.1994480479519396,-0.061267736141281594,-0.138180311810658,10.230804397661847,0.19639186333338374,23.506860712384487,23.523760533379587,-1,0.0665335994677312,-0.0008731466556610723,-0.0027019249376077914,0.004874195650092394,0.2795362679272123,0.26055303565551463,5.33,309.698,4.04,1.0,1.0
2024-01-11,22.959999084472656,23.084999084472656,22.53499984741211,22.53700065612793,109,35.081106059376154,-0.24959636575646016,-0.09893346206431732,-0.15066290369214286,10.494253709006072,0.06768742938979488,23.4144930879791,23.485064067605013,-1,0.7005141388174807,-0.015163437784921685,-0.01966156239968664,-0.008403730172277357,0.28487466041641646,0.2622477994361161,5.33,309.698,3.98,1.0,1.0
2024-01-12,22.825000762939453,23.3799991607666,22.825000762939453,23.16200065612793,44,45.788793361258094,-0.23618440545223507,-0.1263836507419009,-0.10980075471033418,9.954401955983549,0.29928978687461444,23.39044618970756,23.472394914213755,-1,0.286925334202804,0.027732172951330902,0.0017299937711316993,0.023101758848584453,0.3009571162961238,0.2672635022808924,5.33,309.698,3.96,1.0,1.0
2024-01-16,22.933000564575195,22.933000564575195,22.933000564575195,22.933000564575195,0,42.990837883404495,-0.2412527127399997,-0.14935746314152065,-0.09189524959847906,10.129829531481752,0.2307403340133222,23.346879939694954,23.451242194620086,-1,0.0,-0.009886887361439944,-0.008088246880202266,-0.04826527533228997,0.19751143741851465,0.26797394804721586,5.33,309.698,4.07,1.0,0.0
2024-01-17,22.90999984741211,22.90999984741211,22.510000228881836,22.516000747680664,17,38.39049498739737,-0.2757392327577257,-0.17463381706476166,-0.10110541569296405,10.811761809455406,0.10956746046693118,23.267748588074546,23.414566059445992,-1,0.11505922165820642,-0.018183395396530688,-0.016940210980878834,-0.056723923081195005,0.20410970358516559,0.2705604072663919,5.33,309.698,4.1,1.0,0.0
2024-01-18,22.63999938964844,22.66699981689453,22.59000015258789,22.66699981689453,5,40.85841098227695,-0.2875707488142929,-0.19722120341466792,-0.09034954539962498,11.192547822306633,0.20161940249552984,23.210534419390736,23.38524973620868,-1,0.0346740638002774,0.006706300595118897,-0.009482649620884742,-0.04884392547741945,0.20692092992948924,0.26763642228123263,5.33,309.698,4.14,1.0,1.0
2024-01-19,22.51499938964844,22.570999145507812,22.51499938964844,22.570999145507812,2,39.767729028296586,-0.3012214688118071,-0.2180212564940958,-0.08320021231771133,11.432563748117184,0.19852795353112768,23.149626298068554,23.353318340494923,-1,0.014015416958654521,-0.004235261488605424,0.0015085631801070587,-0.06110656048564078,0.20265834731698096,0.26667901691380314,5.33,309.698,4.15,2.0,1.0
2024-01-22,22.0049991607666,22.163000106811523,21.924999237060547,22.163000106811523,28,35.43804713595364,-0.34103068592737884,-0.24262314238075242,-0.09840754354662642,11.67323065974161,0.09334610973836893,23.055661898901217,23.306639194075967,-1,0.2865916069600819,-0.018076250681950512,-0.04313101290980681,-0.08970304367308957,0.20031710567004793,0.26909441161502207,5.33,309.698,4.11,2.0,1.0
2024-01-23,22.333999633789062,22.333999633789062,22.333999633789062,22.333999633789062,0,38.462092990181354,-0.35469286600629957,-0.2650370871058619,-0.08965577890043769,11.463405552469716,0.18566656744911697,22.986932159366727,23.268496466221578,-1,0.0,0.007715540592583503,-0.02611960563553184,-0.08117001839629856,0.2048899583016766,0.26949978199448876,5.33,309.698,4.14,2.0,1.0
2024-01-24,22.854999542236328,22.90999984741211,22.7549991607666,22.7549991607666,46,45.26017640867459,-0.3277707614544667,-0.27758382197558285,-0.05018693947888386,10.68779122556424,0.36341327135686013,22.964843302357192,23.24835931698805,-1,0.5027322404371585,0.018850162706218088,0.010614603177722781,-0.06319480020190094,0.22028444990603632,0.27220260143456126,5.33,309.698,4.18,2.0,1.0
2024-01-25,22.8700008392334,22.8700008392334,22.808000564575195,22.808000564575195,48,46.06793441311812,-0.2987146329524393,-0.28180998417095415,-0.01690464878148512,9.90289390711538,0.4047003261366833,22.949905898758907,23.231090346305194,-1,0.5814657783161721,0.002329220204937421,0.006220529793077079,-0.0553346001065379,0.22088927428936897,0.2722405889911954,5.33,309.698,4.14,2.0,1.0
2024-01-26,22.760000228881836,22.84000015258789,22.7549991607666,22.7549991607666,111,45.34730163869312,-0.27677373676090866,-0.28080273468894507,0.004028997928036404,8.378189199470448,0.40152460220220726,22.93134335228345,23.212420103735052,-1,1.8166939443535188,-0.0023238075454502516,0.008152054504658945,-0.06646157289162657,0.21604073217361483,0.26830761755080834,5.33,309.698,4.15,2.0,1.0
2024-01-29,23.094999313354492,23.204999923706055,23.094999313354492,23.13800048828125,333,51.27839118154584,-0.2258766468175324,-0.26981751711466256,0.043940870297130175,6.979463951442775,0.6523864976965528,22.95102498428324,23.209501687442746,-1,4.92603550295858,0.016831524572191947,0.043992256317775036,-0.04126958887051746,0.22587149513161997,0.2676609762275171,5.33,309.698,4.08,2.0,1.0
2024-01-30,23.204999923706055,23.274999618530273,23.065000534057617,23.10700035095215,78,50.797865769802016,-0.18589886198424566,-0.2530337860885792,0.06713492410433353,5.921952801007948,0.6845461484156606,22.96587978110885,23.205482027188214,-1,1.1063829787234043,-0.0013397932697253312,0.03461093981543795,-0.03127490336116512,0.22300437626625202,0.2672773226500682,5.33,309.698,4.06,2.0,1.0
2024-01-31,23.051000595092773,23.051000595092773,23.051000595092773,23.051000595092773,0,49.88839509394357,-0.156925947132315,-0.23381221829732637,0.07688627116501137,4.859415762382709,0.7054880612875595,22.973986525297796,23.199423931811925,-1,0.0,-0.0024234974254054853,0.013008193594510331,-0.02873632546425786,0.2226598543332538,0.2672793156103648,5.33,309.698,3.99,2.0,1.0
2024-02-01,22.875,23.1299991607666,22.549999237060547,23.1299991607666,12,51.21531436409601,-0.12613616020446017,-0.21227700667875316,0.08614084647429299,4.978203589420507,0.7619118573827323,22.98884487153292,23.196701391770933,-1,0.2542372881355932,0.0034271208899558925,0.014117791486357945,0.008018827774375348,0.1875388928970655,0.26431278130283004,5.33,310.967,3.87,2.0,1.0
2024-02-02,23.125,23.155000686645508,22.55500030517578,22.701000213623047,20,44.34779456988698,-0.1347977968826406,-0.19678116471953067,0.06198336783689007,4.9636354256082775,0.3967860294276082,22.96143109458912,23.17726212988278,-1,0.425531914893617,-0.018547296269306734,-0.002373058630415481,-0.012527735125373196,0.19927340760475987,0.2670397806244287,5.33,310.967,4.03,2.0,1.0
2024-02-05,22.489999771118164,22.489999771118164,22.28499984741211,22.334999084472656,36,39.48343282838527,-0.16924449350708315,-0.19127383047704116,0.022029336969958013,5.139553539561575,0.12112839217188853,22.901770903149455,23.144232206533363,-1,0.741503604531411,-0.01612268735765887,-0.03470487452946902,-0.03403687678215861,0.20514071747781462,0.26285671216408063,5.33,310.967,4.17,2.0,1.0
2024-02-06,22.454999923706055,22.454999923706055,22.334999084472656,22.39299964904785,405,40.595441285464,-0.1896771082922335,-0.19095448604007964,0.0012773777478461423,5.156225654217224,0.20220988786470992,22.85331649799692,23.114772106239815,-1,6.122448979591836,0.0025968465167978128,-0.030899757262299765,-0.03144468701540293,0.20564569230337107,0.26259411362871515,5.33,310.967,4.09,2.0,1.0
2024-02-07,22.34000015258789,22.405000686645508,22.277999877929688,22.277999877929688,69,39.062779306132676,-0.2126977755972348,-0.1953031439515107,-0.017394631645724107,5.412230594825513,0.14780994242294446,22.7985244389429,23.081957509051183,-1,1.0050983248361252,-0.005135523284976906,-0.033534367151404565,-0.02733144730324677,0.20406087785450133,0.26221266941681454,5.33,310.967,4.09,2.0,1.0
2024-02-08,22.489999771118164,22.565000534057617,22.299999237060547,22.565000534057617,154,44.676483113764895,-0.2054153654402704,-0.19732558824926263,-0.008089777191007758,5.396260134908077,0.39389095170961236,22.776284067049062,23.061684686502417,-1,2.0303230059327624,0.012882694034497044,-0.024427092399870953,-0.01393988084655784,0.21019630389977442,0.25745957208087594,5.33,310.967,4.15,2.0,1.0
2024-02-09,22.405000686645508,22.565000534057617,22.405000686645508,22.527999877929688,7,44.11227730882313,-0.20032047688373567,-0.19792456597615726,-0.0023959109075784024,5.400568363559077,0.36415164298397723,22.752637953799596,23.04075587047996,-1,0.0989399293286219,-0.0016397365500649963,-0.00762082437185041,-0.000399377820304303,0.20310660929492919,0.25738310231545114,5.33,310.967,4.17,2.0,1.0
2024-02-12,22.649999618530273,22.725000381469727,22.649999618530273,22.708999633789062,8,47.59850310248232,-0.1796071736796172,-0.19426108751684926,0.014653913837232052,5.066206124888068,0.5323434004351233,22.7484819233224,23.02774582198228,-1,0.1160261058738216,0.008034435229054449,0.016745044309243395,-0.019557940139295238,0.17865760647512846,0.2479103737492901,5.33,310.967,4.17,2.0,1.0
2024-02-13,22.09600067138672,22.09600067138672,22.09600067138672,22.09600067138672,0,38.77638527424752,-0.210232198954305,-0.19745530980434042,-0.012776889149964582,5.415625186137234,0.06427999781456652,22.68634085170948,22.991206796468727,-1,0.0,-0.026993657681435357,-0.013263027835297647,-0.03649761795590756,0.19970703870787931,0.2512230446518362,5.33,310.967,4.31,2.0,0.0
2024-02-14,22.03499984741211,22.33099937438965,22.0049991607666,22.33099937438965,8,43.12816783744517,-0.2130840208079796,-0.20058105200506826,-0.012502968802911352,5.524560892269449,0.26814343200047186,22.65249880625045,22.965316309328372,-1,0.11678832116788321,0.010635350102393915,0.002379006048584653,-0.008216440182436613,0.19435156745046286,0.2495390317500311,5.33,310.967,4.27,2.0,0.0
2024-02-15,22.61000061035156,22.920000076293945,22.61000061035156,22.91200065612793,6,52.17855615025121,-0.16654236564517788,-0.1937733147330902,0.02723094908791232,5.633137131164748,0.718833063302875,22.677213268143543,22.963225499398945,-1,0.087527352297593,0.02601770176056717,0.015377802519728867,0.010808701690233846,0.21423925505120697,0.25545214269572636,5.33,310.967,4.24,2.0,0.0
2024-02-16,23.43899917602539,23.43899917602539,23.43899917602539,23.43899917602539,0,58.612229591961366,-0.08614041923640059,-0.17224673563375228,0.0861063163973517,6.408724449660556,1.0247478686502032,22.749764306989434,22.9818832906392,-1,0.0,0.023000982227910027,0.040438534403056,0.038456429195795394,0.2272677374528306,0.2591612192302437,5.33,310.967,4.3,2.0,0.0
2024-02-20,23.149999618530273,23.149999618530273,23.106000900268555,23.106000900268555,6,53.69637975804885,-0.04872974909917005,-0.14754333832683583,0.09881358922766578,6.244063009486081,0.7695456340411888,22.783691601587446,22.986750647879568,-1,0.089086859688196,-0.014207017682625445,0.017482111624538055,0.04254842705916939,0.22303742944732566,0.25969575704104225,5.33,310.967,4.27,2.0,1.0
2024-02-21,23.190000534057617,23.19499969482422,22.85099983215332,22.85099983215332,8,50.222660029434174,-0.03920603577464732,-0.12587587781639814,0.08666984204175082,6.0496732785574885,0.5738229414860331,22.790101909260386,22.98142708647854,-1,0.11808118081180811,-0.011036140317655319,0.034169041357076546,0.023148571990754707,0.22671502564585924,0.26024624186689954,5.33,310.967,4.32,2.0,1.0
2024-02-22,22.76499938964844,22.76499938964844,22.76499938964844,22.76499938964844,0,49.06971999872277,-0.038158078745567536,-0.10833231800223203,0.0701742392566645,6.049804751303312,0.5109708355621743,22.78771119310687,22.972939725818538,-1,0.0,-0.003763530836137341,0.019434867557093227,0.0004394739288358096,0.21750861107036723,0.2536970561092793,5.33,310.967,4.33,2.0,1.0
2024-02-23,22.9689998626709,22.9689998626709,22.9689998626709,22.9689998626709,39,51.89101422658763,-0.020628637883440604,-0.09079158197847376,0.07016294409503315,6.102752144714149,0.6519589765230489,22.804976780684395,22.972785221381375,-1,0.6,0.008961145552027538,0.0024877446277360438,0.007058895743178972,0.2196841285543981,0.2526165173887066,5.33,310.967,4.26,2.0,1.0
2024-02-26,22.594999313354492,22.594999313354492,22.517000198364254,22.517000198364254,10,45.83285296739506,-0.04271661455571163,-0.08117658849392133,0.0384599739382097,6.175462360835541,0.3369373833666942,22.77755043951105,22.954911298910115,-1,0.16680567139282734,-0.019678682877317222,-0.03933610691894229,-0.010459194514614523,0.23105826564946316,0.2542960189658365,5.33,310.967,4.28,2.0,1.0
2024-02-27,22.52300071716309,22.52300071716309,22.52300071716309,22.52300071716309,38667,45.92311304956911,-0.0590565364938449,-0.07675257809390605,0.01769604160006115,6.0279308217297105,0.35955997413960633,22.753307608811244,22.937973629037682,-1,19.56188500746212,0.0002664883752707681,-0.025231548532428594,-0.026579642066722253,0.22200390374444612,0.25386696119357927,5.33,310.967,4.31,2.0,1.0
2024-02-28,22.44499969482422,22.5,22.2450008392334,22.40999984741211,5854,44.42192597805683,-0.08019977506944898,-0.07744201748901464,-0.002757757580434339,5.927341493361491,0.29882428416732054,22.720611631535135,22.917268774856286,-1,2.5840340771149224,-0.005017132093987353,-0.019298936063212646,-0.030164040894703037,0.22238838952564663,0.2529885951242011,5.33,310.967,4.27,2.0,0.0
2024-02-29,22.440000534057617,22.774999618530273,22.295000076293945,22.666000366210938,517,48.52705012635559,-0.07542933911972582,-0.07703948181515688,0.001610142695431055,5.739498830860756,0.5036908119076305,22.715410558647115,22.907415111772156,-1,0.22563610177628418,0.01142349489254424,-0.004348738242554884,-0.01670210485196022,0.2269883377386396,0.2536305640842711,5.33,310.967,4.25,2.0,0.0
2024-03-01,22.655000686645508,23.25,22.56999969482422,23.149999618530273,964,55.25598444069863,-0.03222259750264911,-0.06807610495265533,0.03585350745000622,5.765151051205065,0.8733608024868528,22.7567999929217,22.91692822968424,-1,0.412159562187353,0.02135353589073663,0.00788017575608646,0.0008646977297601666,0.23974379315858116,0.2467736565024498,5.33,312.345,4.19,2.0,0.0
2024-03-04,23.155000686645508,23.93000030517578,23.06999969482422,23.77899932861328,996,62.17624316594429,0.052172662374932344,-0.044026351487137794,0.09619901386207014,7.175761828477737,1.1520642275682678,22.85415231060661,22.95073493944616,-1,0.41713783138585253,0.027170614274201865,0.056046503492090505,0.04748685541808495,0.24684695404662865,0.2515774928939155,5.33,312.345,4.22,2.0,0.0
2024-03-05,23.704999923706055,24.200000762939453,23.665000915527344,23.76300048828125,559,61.91394299147568,0.11642348370694933,-0.01193638444832037,0.1283598681552697,8.01537622990867,1.0340807158988892,22.94070927990896,22.98258849038087,-1,0.23158025560826068,-0.000672813860286392,0.055054820922384895,0.06393559267263837,0.23730914284461901,0.25018803877462625,5.33,312.345,4.13,2.0,0.0
2024-03-06,23.635000228881836,24.27199935913086,23.594999313354492,24.27199935913086,129,66.72369027541018,0.20603958147124146,0.031658808735592,0.17438077273564945,9.608194672434186,1.132500798335618,23.067498811263427,23.03315362248871,1,0.053748880231661834,0.021419806438190525,0.0830878859614883,0.08391013886176268,0.2458159894314845,0.25356024652619974,5.33,312.345,4.11,2.0,0.0
2024-03-07,24.165000915527344,24.51499938964844,24.13999938964844,24.3700008392334,187,67.57280453379309,0.2817213763492106,0.08167132225831572,0.20005005409089485,10.779696281579131,1.0585342122497028,23.191546623451043,23.085579003537525,1,0.07772397597622561,0.004037635245967897,0.07517870138053473,0.0939043438713818,0.2434184157746199,0.2441565372258275,5.33,312.345,4.09,2.0,0.0
2024-03-08,24.5049991607666,24.5049991607666,24.299999237060547,24.339000701904297,115,66.99048711972122,0.33533278444274117,0.13240361469520082,0.20292916974754036,11.738196658728485,0.9667612588914608,23.300827964256115,23.13473279563034,1,0.0478369384359401,-0.0012720613976834327,0.05136073878905356,0.07861733329760656,0.24216687187724273,0.24337873403510552,5.33,312.345,4.09,2.0,1.0
2024-03-11,24.385000228881836,24.511999130249023,24.3700008392334,24.511999130249023,172,68.6158894633251,0.38731501259545453,0.18338589427525157,0.20392911832020297,12.64891387033678,0.9564768501486397,23.416177599112583,23.18874324012519,1,0.071302725671054,0.007107868990331667,0.03082551084282681,0.08806814910643834,0.24155391553313418,0.24359623754008636,5.33,312.345,4.1,2.0,1.0
2024-03-12,24.46500015258789,24.5049991607666,24.194000244140625,24.194000244140625,42,62.52163969040978,0.39826055071676336,0.22636082556355394,0.17189972515320942,13.020906270137964,0.8124416043617132,23.49025594625811,23.228165083419913,1,0.017398869073510223,-0.012973192615528983,0.018137429912183034,0.06539260356242238,0.24864431722579325,0.24514077880327695,5.33,312.345,4.16,2.0,1.0
2024-03-13,24.21500015258789,24.958999633789062,24.21500015258789,24.958999633789062,37,69.53225369892498,0.463323125334,0.27375328551764316,0.18956983981635683,13.59654403290396,0.9929072312310044,23.630136297451532,23.296040948140273,1,0.015315837403758588,0.031619384224554015,0.028304230916179618,0.1295709121746087,0.2399201328162844,0.21873067489983664,5.33,312.345,4.19,2.0,1.0
2024-03-14,24.875,24.979999542236328,24.874000549316406,24.874000549316406,20,68.01000324429003,0.5022374875937423,0.31945012593286304,0.18278736166087928,13.918629687480747,0.9140888953653313,23.7485995595339,23.35792171681385,1,0.008276775368316504,-0.00340554852837871,0.020681152758584176,0.113877625102762,0.24158356959546198,0.21790098014280898,5.33,312.345,4.29,2.0,1.0
2024-03-15,24.834999084472656,25.420000076293945,24.825000762939453,25.200000762939453,48,70.66281574239395,0.5530081589683817,0.3661617325399668,0.18684642642841492,14.944521067045683,0.9437086437687966,23.886828245572524,23.43016011077956,1,0.019847012611122598,0.013106062813527108,0.03537532504232144,0.09986033699765917,0.2314442971982603,0.21929958862216875,5.33,312.345,4.31,2.0,1.0
2024-03-18,25.15999984741211,25.2450008392334,25.090999603271484,25.090999603271484,26,68.61399948777724,0.5777884140152452,0.4084870688350225,0.16930134518022266,15.797188540118738,0.8671540807864891,24.001511232020043,23.495291071269442,1,0.010744689643772213,-0.004325442713012606,0.02362110368664072,0.07048084326637305,0.2233581409667667,0.21894899933283563,5.33,312.345,4.34,2.0,1.0
2024-03-19,25.170000076293945,25.170000076293945,24.94499969482422,24.964000701904297,20,66.2054298329009,0.5804876939113868,0.4428871938502954,0.13760050006109137,16.184179293670294,0.799907193209988,24.093176895818544,23.55288752737277,1,0.008262755629002272,-0.005061532157954685,0.031826091179367966,0.0804120024774233,0.21592611179246768,0.2178224988367618,5.33,312.345,4.3,2.0,1.0
2024-03-20,24.933000564575195,24.933000564575195,24.933000564575195,24.933000564575195,75,65.60009000651509,0.5735143245398149,0.4690126199881993,0.10450170455161556,16.170655920191468,0.7639128810017196,24.173160102366797,23.607009607263063,1,0.030942508818615013,-0.001241793641142519,-0.0010416711244576327,0.09111201906764355,0.20960873064269384,0.2178078156470342,5.33,312.345,4.27,2.0,1.0
2024-03-21,25.625,25.73500061035156,24.849000930786133,24.849000930786133,69,63.89529189687114,0.5548142572422776,0.486172947439015,0.0686413098032626,15.815037018718527,0.7191274279824283,24.23752589554959,23.655715149362006,1,0.028426646891607957,-0.003369014233626122,-0.0010050501719941485,0.09154410705081406,0.20940965674793405,0.21793570707963222,5.33,312.345,4.27,2.0,1.0
2024-03-22,24.75,24.75,24.65999984741211,24.691999435424805,20,60.71911256764423,0.5213162019547859,0.4932015983421692,0.028114603612616695,15.409435604044642,0.6586244836809417,24.28080908982342,23.69635374881545,1,0.008242833886290107,-0.006318221637909627,-0.020158782227568173,0.07501413135336876,0.2120094702779773,0.2179754765290305,5.33,312.345,4.22,2.0,2.0
2024-03-25,24.815000534057617,24.844999313354492,24.719999313354492,24.7450008392334,69,61.416392639017154,0.4933583936777559,0.4932329574092866,0.00012543626846933664,14.254706086695917,0.653766329397014,24.325017827862467,23.73747716412596,1,0.028403243732762522,0.002146501094300035,-0.01378975606826649,0.09894748950754972,0.193225045689404,0.21717589928106293,5.33,312.345,4.25,2.0,2.0
2024-03-26,24.63999938964844,24.649999618530273,24.482999801635746,24.482999801635746,663,56.113714106657675,0.4449314423853643,0.48357265440450214,-0.03864121201913784,12.697512952815352,0.5553115767136085,24.34006373012659,23.76671334598909,1,1.253071253071253,-0.01058803914778006,-0.01926778107452387,0.08702211171085605,0.20031032846842198,0.2173225789374339,5.33,312.345,4.24,2.0,2.0
2024-03-27,24.424999237060547,24.625,24.424999237060547,24.625,215,58.219227849438305,0.41324730614391214,0.4695075847523842,-0.05626027860847205,10.45264499356467,0.5791272085913267,24.367200517733583,23.80037164614638,1,0.8699170544203925,0.005799950966579148,-0.012353128688923354,0.09883981114099272,0.1973779890036714,0.2161678941884923,5.33,312.345,4.2,2.0,2.0
2024-03-28,24.684999465942383,24.90999984741211,24.684999465942383,24.79700088500977,20,60.67998812141349,0.39743504998806856,0.4550930777995211,-0.05765802781145252,8.130627520141703,0.6341004119870249,24.4081338860456,23.839455145709653,1,0.08996851102114259,0.006984807513087166,-0.0020926413066345573,0.09401749247192259,0.1960266079916905,0.21624557871936034,5.33,312.345,4.2,2.0,2.0
2024-04-01,25.25,25.344999313354492,24.809999465942383,24.95400047302246,44,62.831858958255076,0.3930415395081397,0.4426827701412448,-0.049641230633105105,6.382397031146982,0.7127180257669965,24.460121180043398,23.883162805604275,1,0.24957458876914349,0.0063313942174192395,0.010610766385397374,0.0779266040699278,0.18615604586817716,0.20423244150794564,5.33,313.023,4.33,2.0,2.0
2024-04-02,25.299999237060547,25.854999542236328,25.270000457763672,25.804000854492188,59,71.82280840449585,0.4529265228162309,0.44473152067624205,0.00819500213998886,6.842780526440995,1.1402211726868063,24.58810972046709,23.958489787913607,1,0.4557744302819622,0.03406268996382589,0.04279652371559983,0.08515924063474878,0.19826117598347953,0.21456713388008086,5.33,313.023,4.36,2.0,1.0
2024-04-03,26.2549991607666,27.065000534057617,26.209999084472656,26.94499969482422,104,79.12324054313348,0.5857032517272209,0.47292586688643784,0.11277738484078309,9.578405760144705,1.366470040345783,24.812575432310627,24.07560782347873,1,0.9746954076850984,0.044217904299650446,0.10055956839994673,0.13390561550138314,0.24101544886640597,0.23059995952605108,5.33,313.023,4.36,2.0,1.0
2024-04-04,27.229999542236328,27.270000457763672,26.790000915527344,27.13999938964844,23,80.07344381892301,0.6986114537177919,0.5180629842527087,0.18054846946508318,12.081692593707137,1.2000712720989797,25.03423485681899,24.195780041759896,1,0.22682445759368836,0.007236952942392572,0.10213195490958138,0.11816084814779271,0.234566834794886,0.23072848801948803,5.33,313.023,4.31,2.0,1.0
2024-04-05,26.489999771118164,27.40999984741211,26.489999771118164,27.399999618530273,39,81.29585094439953,0.7998516706443688,0.5744207215310407,0.22543094911332806,14.294067939812674,1.1183075920630683,25.25954578650578,24.321435711437168,1,0.4148936170212766,0.00957996443363962,0.10497232087022512,0.12433314218105651,0.23489655787708288,0.2297612857393699,5.33,313.023,4.39,2.0,2.0
2024-04-08,27.80500030517578,27.93000030517578,27.711999893188477,27.711999893188477,6,82.66974870130434,0.8949447209653378,0.6385255214179002,0.25641919954743764,16.30908964528422,1.072989880348135,25.493112844285083,24.45439901268232,1,0.06775832862789384,0.011386871496421591,0.11052333765672806,0.13858412810762077,0.23407758030956702,0.23024497843406497,5.33,313.023,4.42,2.0,2.0
2024-04-09,28.1200008392334,28.1200008392334,27.891000747680664,27.891000747680664,66,83.4221167564485,0.9735282932735636,0.7055260757890329,0.2680022174845307,18.075197677523338,1.0157594700564623,25.721483120798947,24.58916770817245,1,0.7927927927927928,0.006459326471641047,0.08087892668105967,0.1378509194405848,0.2340670874933891,0.22708402060680521,5.33,313.023,4.36,2.0,2.0
2024-04-10,27.76499938964844,27.98500061035156,27.76499938964844,27.961000442504883,5,83.71977076039727,1.0295863008711308,0.7703381208054525,0.2592481800656783,19.10219348520791,0.9603473691507769,25.93477048477094,24.721396442852154,1,0.06142506142506142,0.002509759167750092,0.037706467217953676,0.15569976689888487,0.22312009674931768,0.22160338234384616,5.33,313.023,4.55,2.0,2.0
2024-04-11,28.1299991607666,28.51499938964844,28.0,28.176000595092773,536,84.63244289854849,1.0789242243990707,0.8320553415241762,0.2468688828748945,20.51505558903477,0.9361837630297752,26.14822097146826,24.856871115489042,1,5.039962388340386,0.007689286834710707,0.03817248447837018,0.12889142227273376,0.2045656978189424,0.22009822188391598,5.33,313.023,4.56,2.0,2.0
2024-04-12,28.510000228881836,29.80500030517578,28.2549991607666,28.2549991607666,354,84.96594271480382,1.11158573981632,0.887961421182605,0.223624318633715,21.558530609664153,0.8963294608840402,26.348866513306195,24.990131038833262,1,2.8768793173506704,0.002803753691273947,0.031204363289775383,0.13592500348895875,0.20192181606330997,0.2153753513056018,5.33,313.023,4.5,2.0,2.0
2024-04-15,28.25,28.650999069213867,27.770000457763672,28.650999069213867,61,86.54251936359536,1.1560973387251572,0.9415886046911155,0.2145087340340417,22.883982572183974,0.9081793204650637,26.56811723291645,25.133694491005052,1,0.4931285367825384,0.0140152157214406,0.03388420827239513,0.13694437308706942,0.20233821236672928,0.2162996260703324,5.33,313.023,4.63,2.0,2.0
2024-04-16,28.354999542236328,28.354999542236328,28.23500061035156,28.31800079345703,76,79.03668165520124,1.151232235089367,0.9835173307707659,0.16771490431860103,23.420412487528676,0.816329551547441,26.73477281011079,25.258569247963955,1,0.6022187004754358,-0.011622571169416895,0.015309599309084598,0.12861190232392317,0.20909442969372136,0.21802926874473913,5.33,313.023,4.67,2.0,2.0
2024-04-17,28.510000228881836,28.510000228881836,28.309999465942383,28.34600067138672,9,79.20003613649378,1.1365346970319088,1.0141208040229945,0.12241389300891425,23.60839892241227,0.7892860224390634,26.88822308261326,25.379644990058967,1,0.07162753680859531,0.0009887660549878774,0.013769186466467742,0.13547507908956424,0.2058996661494821,0.2132423965016789,5.33,313.023,4.59,2.0,2.0
2024-04-18,28.32900047302246,28.32900047302246,28.32900047302246,28.32900047302246,0,78.79854886845678,1.1107114283477841,1.0334389288879526,0.0772724994598315,23.478168311623712,0.7592460390981676,27.025439976937946,25.495305989390868,1,0.0,-0.0005997388683270932,0.005430148874866703,0.13620502272286883,0.2055976698975244,0.2133235329715925,5.33,313.023,4.64,2.0,2.0
2024-04-19,28.5049991607666,28.808000564575195,28.21500015258789,28.808000564575195,15,81.6249918513841,1.116032676102627,1.0499576783308875,0.06607499777173942,23.35394902592196,0.8034419898436435,27.195207651951016,25.62521558057457,1,0.12583892617449663,0.016908471303422212,0.019571807475983194,0.15932228602736886,0.2053480054719196,0.21279680501194362,5.33,313.023,4.62,2.0,2.0
2024-04-22,27.21299934387207,27.21299934387207,27.21299934387207,27.21299934387207,0,55.224313979701904,0.9802468591467424,1.0360155144940586,-0.05576865534731623,22.010100704902236,0.5311573380611017,27.19690209880064,25.687481610507806,1,0.0,-0.05536660613178679,-0.05019021228083309,0.10209784408266542,0.30477893998838834,0.2466918015673692,5.33,313.023,4.62,2.0,2.0
2024-04-23,27.135000228881836,27.40999984741211,27.135000228881836,27.33099937438965,15,56.34915303049334,0.8721041632921462,1.0032332442536762,-0.13112908096152998,20.510802325193456,0.5312470191074746,27.209673267904353,25.75193328752278,1,0.12987012987012986,0.004336164089319583,-0.034854205502227176,0.1045058980582505,0.3046193459269827,0.24646149415735377,5.33,313.023,4.61,2.0,2.0
2024-04-24,27.13999938964844,27.323999404907227,27.1299991607666,27.323999404907227,4,56.25886341551186,0.776880068822944,0.9579626091675298,-0.18108254034458582,18.317730210383125,0.504999309379147,27.220561471428436,25.81358293918492,1,0.04845548152634767,-0.0002561183140994405,-0.036054513591793236,0.11603968575295531,0.2997497897104566,0.2448984666587933,5.33,313.023,4.65,2.0,2.0
2024-04-25,27.34199905395508,27.34199905395508,27.34199905395508,27.34199905395508,29,56.4520915158061,0.6948568321249873,0.9053414537590214,-0.21048462163403414,15.884647389267098,0.47869378615151303,27.23212695547859,25.87352082603865,1,0.39590443686006827,0.0006587486985754065,-0.03484067219411058,0.11033498696264288,0.30023472658770983,0.24478933333369265,5.33,313.023,4.7,2.0,2.0
2024-04-26,27.24099922180176,27.24099922180176,27.24099922180176,27.24099922180176,68254,54.98431367465875,0.614618049444843,0.8471967728961858,-0.23257872345134278,13.192244760416077,0.4130628576505901,27.232971933223656,25.92714742979407,1,19.58535990473321,-0.0036939446875853266,-0.05439465815272004,0.0985602391242979,0.30180212548183377,0.24491954863386264,5.33,313.023,4.67,2.0,2.0
2024-04-29,27.200000762939453,27.440000534057617,26.959999084472656,27.37299919128418,11787,56.57349350881124,0.5552786241191718,0.788813143140783,-0.23353451902161115,9.952708046335013,0.38928031300212107,27.24630786256275,25.983847498872112,1,2.894575280567766,0.004845636109294116,0.005879537400133694,0.09693831339295178,0.3017430584332516,0.2449523676864125,5.33,313.023,4.63,2.0,2.0
2024-04-30,27.155000686645508,27.165000915527344,26.299999237060547,26.391000747680664,1881,44.10041853785204,0.4241236016635135,0.7158752348453291,-0.29175163318181563,8.906812624821898,-0.033400949284200496,27.16485004209779,25.999814292943036,1,0.4518159108378171,-0.03587471130734532,-0.03439313044622161,0.022748406206407612,0.3149803334342098,0.2541851533319755,5.33,313.023,4.69,2.0,2.0
2024-05-01,26.28499984741211,26.94499969482422,26.28499984741211,26.48900032043457,387,45.39430607997117,0.32435113002576443,0.6375704138814162,-0.3132192838556518,9.42236929126046,0.041678739378320714,27.10048340193939,26.018998058727018,1,0.09264246472045674,0.003713370845268793,-0.03055918250103229,-0.016923339378520752,0.2733253033571483,0.2511652058536167,5.33,313.175,4.63,2.0,2.0
2024-05-02,26.71500015258789,26.795000076293945,26.03499984741211,26.58300018310547,277,46.66942864678232,0.24998407000952838,0.5600531451070386,-0.31006907509751025,9.919036440502875,0.10860703748058376,27.05119928585997,26.0411157890948,1,0.06610899631269317,0.003548637605564231,-0.027759450556334553,-0.020523184195627486,0.2721976028959825,0.25116870897661825,5.33,313.175,4.58,2.0,2.0
2024-05-03,26.6299991607666,26.78499984741211,26.15999984741211,26.44499969482422,194,45.00777821962815,0.17786187212810844,0.4836148905112526,-0.30575301838314417,10.628590950716937,0.10334874178907831,26.993465991475613,26.05695437363321,1,0.046214683882033446,-0.0051913059974680875,-0.0292206435049005,-0.034854012299335935,0.26962142971699254,0.25117637045921937,5.33,313.175,4.5,2.0,2.0
2024-05-06,26.950000762939453,27.38999938964844,26.950000762939453,27.368999481201172,48,56.2419502158339,0.1930383453835276,0.42549958148570766,-0.23246123610218006,10.65547002951646,0.4242184627352547,27.02923108573519,26.1084071229496,1,0.011428843543893903,0.034940434752880556,-0.00014611881054971132,-0.01237732438327599,0.29558593392014243,0.25858971183670143,5.33,313.175,4.49,2.0,2.0
2024-05-07,27.299999237060547,27.44499969482422,27.280000686645508,27.30299949645996,74,55.37181803048119,0.19746392142612734,0.37989244947379164,-0.1824285280476643,10.655277683434074,0.4116739546166414,27.05530426770898,26.155253882695106,1,0.017617789205532936,-0.002411486937494489,0.034557187031243775,-0.021082113780718337,0.2944491833999769,0.2586566102955751,5.33,313.175,4.47,2.0,2.0
2024-05-08,27.26499938964844,27.420000076293945,27.26499938964844,27.361000061035156,123,56.01583057373261,0.20330777764867847,0.34457551510876905,-0.14126773746009058,10.59923685090254,0.4412657259309226,27.084418152787663,26.20253804655158,1,0.029242546716751465,0.00212432940134355,0.032919314811888034,-0.021458473301178338,0.29439047036889043,0.2584713495849711,5.33,313.175,4.48,2.0,2.0
2024-05-09,27.604999542236328,28.200000762939453,27.600000381469727,28.131999969482425,333,63.54646505462477,0.26707366593110393,0.32907514527323606,-0.062001479342132126,10.572765174344323,0.7067542024779426,27.184187849615736,26.27820321999985,1,0.07936035080611527,0.0281787912257363,0.05827031470140098,-0.0015616348907236954,0.31054825641458744,0.2553967841591488,5.33,313.175,4.45,2.0,2.0
2024-05-10,28.594999313354492,28.594999313354492,28.229999542236328,28.274999618530273,75,64.75187969983328,0.32539650008290266,0.3283394162351694,-0.002942916152266717,10.5870325423511,0.7551858915057007,27.288074684750452,26.35650896111869,1,0.017933574041749358,0.005083166827917429,0.06920022479955712,0.0007078555426554001,0.31093167099189295,0.2550422578633124,5.33,313.175,4.5,1.0,2.0
2024-05-13,28.059999465942383,28.344999313354492,28.03499984741211,28.22100067138672,253,63.892701849373566,0.36307519772219976,0.3352865725325755,0.027788625189624272,10.1949592161975,0.7536190804633627,27.37692477871581,26.429626283089984,1,0.060357372903595205,-0.0019097771130708319,0.03113015478591974,-0.015008146724251326,0.30660475205245175,0.2512318018061804,5.33,313.175,4.48,1.0,2.0
2024-05-14,28.270000457763672,28.61000061035156,28.11000061035156,28.48500061035156,212,66.2504727516385,0.4095177599755715,0.3501328100211747,0.059384949954396804,10.344379628810355,0.839689583085353,27.482455810300166,26.510229197884556,1,0.05049422412766464,0.009354733449707497,0.043291987535832854,0.005897302500715851,0.3057325768476891,0.24832358193919152,5.33,313.175,4.45,1.0,2.0
2024-05-15,28.61000061035156,29.513999938964844,28.61000061035156,29.513999938964844,31,73.51099952194073,0.5233229302916591,0.3847708340752716,0.13855209621638753,11.85470100087584,1.0926850515798492,27.675936203506325,26.628024128907313,1,0.0073816553957519754,0.03612425159082999,0.0786886397838864,0.04120508148993096,0.33030873657039317,0.25418520895981533,5.33,313.175,4.36,1.0,2.0
2024-05-16,29.8799991607666,29.8799991607666,29.5,29.665000915527344,29,74.38195463992984,0.6185683931392596,0.4315303458880692,0.1870380472511904,13.366344264791453,1.0471745998267834,27.86537093798452,26.747121257794372,1,0.006903036145725473,0.005116249131760231,0.05449313762647212,0.0471601687386447,0.3303293751119386,0.25221434894805284,5.33,313.175,4.38,1.0,2.0
2024-05-17,29.760000228881836,31.604999542236328,29.760000228881836,31.04700088500977,118,80.65209334988381,0.7963867061194314,0.5045016179343417,0.29188508818508974,16.758383023757982,1.2077128767839294,28.168383313891685,26.91574398827341,1,0.028053825305501403,0.04658688443724457,0.09803718139266882,0.07772147585930833,0.36136016435977414,0.2653339499272713,5.33,313.175,4.42,0.0,2.0
2024-05-20,30.9950008392334,32.20500183105469,30.9950008392334,32.20500183105469,83,84.15222922007719,1.0190035600633855,0.6074020063601505,0.41160155370323503,21.497205782971683,1.1976790252362888,28.552823172669115,27.123165864460912,1,0.019713325495505123,0.037298319097997856,0.1411715057895644,0.18344183322470609,0.3004012560074683,0.2729681376467553,5.33,313.175,4.44,0.0,2.0
2024-05-21,32.494998931884766,32.5,31.405000686645508,31.868000030517575,55,79.63705904047339,1.1549225634231988,0.7169061177727603,0.4380164456504385,24.282614959197613,1.0304371800383585,28.868554301988016,27.309237792541566,1,0.013056844754115872,-0.010464268945085009,0.11876423899168254,0.1660020035849583,0.3076208261180121,0.26989011578741456,5.33,313.175,4.41,1.0,2.0
2024-05-22,32.029998779296875,32.029998779296875,31.15999984741211,31.295000076293945,31,72.51294158070726,1.202540902317768,0.8140330746817618,0.3885078276360062,25.65854382937353,0.8927194241841314,29.099644375731437,27.465542195825975,1,0.007356954695398344,-0.017980417775665614,0.060344248187715,0.14533014045789905,0.32004299281820875,0.2741035430501909,5.33,313.175,4.43,1.0,2.0
2024-05-23,30.344999313354492,30.709999084472656,30.1299991607666,30.284000396728516,104,61.97795028104196,1.145495000776183,0.880325459900646,0.265169540875537,25.87325966207113,0.7308260943889502,29.21244018725497,27.57606996841039,1,0.024659450615893492,-0.03230546979072435,0.020866322673098958,0.1076000820923102,0.3492979382590269,0.2843904411465259,5.33,313.175,4.47,1.0,2.0
2024-05-24,30.3700008392334,30.3700008392334,30.329999923706055,30.329999923706055,10,62.246707735750185,1.0914163222244184,0.9225436323654006,0.16887268985901782,25.886083474992688,0.7148900011307133,29.31887444786936,27.68406722155924,1,0.012418503570319777,0.0015189382636022764,-0.023094049050319088,0.11339527881312361,0.3480410178416494,0.2841684002181361,5.33,313.175,4.46,1.0,2.0
2024-05-28,31.540000915527344,32.1150016784668,31.5049991607666,31.97100067138672,45,70.3094581179089,1.1675152368809023,0.971537953268501,0.1959772836124013,27.05326263904081,0.8840871735137714,29.571457897728155,27.852182258807378,1,0.206280082512033,0.05410487147406973,-0.007265988087674202,0.1679758015543502,0.3864065476833464,0.29887087546362284,5.33,313.175,4.54,1.0,2.0
2024-05-29,32.202999114990234,32.202999114990234,32.202999114990234,32.202999114990234,932,71.24445666952374,1.232338875068674,1.0236981376285357,0.20864073744013822,27.167322151150913,0.871301022285696,29.822080870800736,28.022802527677296,1,5.459871118922086,0.007256527438352922,0.010512083725111587,0.22022652429428424,0.34931017657725116,0.29555045576478284,5.33,313.175,4.61,0.0,2.0
2024-05-30,32.0,32.04999923706055,31.11000061035156,31.38800048828125,257,63.66013321880591,1.2040687424575935,1.0597722585943472,0.14429648386324634,26.202247033027092,0.7446393569548359,29.97121607246555,28.154771075151963,1,1.5651644336175397,-0.02530815914998452,0.0029717338795520742,0.18494469812314573,0.3711133672958231,0.30197362685223633,5.33,313.175,4.55,1.0,2.0
2024-05-31,30.424999237060547,30.489999771118164,30.29700088500977,30.29700088500977,44,55.19019749332935,1.081166889667056,1.0640511848088892,0.017115704858166936,24.50365717618356,0.5844310741947937,30.00224319746976,28.23878008730325,1,0.2884300229432973,-0.03475849325537017,0.0004292856990801841,0.13971337607952505,0.4023841621096294,0.3108515841658659,5.33,313.175,4.51,1.0,2.0
2024-06-03,30.440000534057617,30.641000747680664,29.850000381469727,30.641000747680664,209,57.12712573603859,0.9999968585522971,1.0512403195575708,-0.05124346100527366,22.327253621303043,0.6121180554737993,30.063077249870798,28.332984819082757,1,1.3633398564905412,0.011354254633206828,0.010253901244870356,0.1586689771706702,0.4002534645328316,0.31124081950618354,5.33,313.044,4.41,1.0,2.0
2024-06-04,29.7549991607666,29.9950008392334,29.469999313354492,29.488000869750977,39,49.41682963158071,0.8330289309944661,1.00759804184495,-0.17456911085048388,20.924443650135498,0.41864818120120145,30.00830807081177,28.378279566167787,1,0.25515210991167814,-0.03762931528980695,-0.0776641252851985,0.07742341440012357,0.4180507174034631,0.32289091390294417,5.33,313.044,4.33,1.0,2.0
2024-06-05,29.549999237060547,29.969999313354492,29.549999237060547,29.947999954223633,16,52.18929554467448,0.7294154796065797,0.951961529397276,-0.22254604979069625,19.15479405291221,0.46830978927589473,30.002564440660517,28.43983722844449,1,0.10670223407802602,0.015599534417557903,-0.07002450773961977,0.09687581974671367,0.41938629330080734,0.3237796219219603,5.33,313.044,4.29,1.0,2.0
2024-06-06,30.559999465942383,31.31999969482422,30.559999465942383,31.246999740600582,282,59.0200461614176,0.7435483370665779,0.9102788909311363,-0.16673055386455848,17.313111052038987,0.6755729534817557,30.121082088273855,28.54992203284277,1,1.785940468651045,0.0433751765848307,-0.00449218636062243,0.14202696067017984,0.440126526318906,0.3316668412878002,5.33,313.044,4.28,0.0,2.0
2024-06-07,31.524999618530273,31.524999618530273,29.299999237060547,29.334999084472656,10,48.12196002937644,0.5936233344502,0.8469477796349492,-0.25332444518474917,16.271080797825775,0.2875513859392445,30.046217040292788,28.580709368200804,1,0.07054673721340388,-0.061189895734008015,-0.03175237721345181,0.04276265876209462,0.49687186200450195,0.35453293843291284,5.33,313.044,4.43,1.0,2.0
2024-06-10,29.59000015258789,29.768999099731445,29.479999542236328,29.768999099731445,32,50.362471796505105,0.504016871116697,0.7783615979312988,-0.27434472681460176,15.078587848314276,0.349540734658802,30.0198153316679,28.62730896551573,1,0.22922636103151864,0.014794614924277028,-0.02845865430864636,0.052838178651011036,0.498804557663069,0.35514162639594976,5.33,313.044,4.47,1.0,2.0
2024-06-11,29.155000686645508,29.5049991607666,29.132999420166016,29.132999420166016,3,47.14890649163035,0.37733357787164934,0.6981559939193689,-0.32082241604771955,14.08433046880027,0.18052007129557568,29.935356673429624,28.64713996373731,1,0.023603461841070025,-0.021364496583668013,-0.01203884424559698,0.032316315052002054,0.5059946816745394,0.3580412334014507,5.33,313.044,4.39,0.0,2.0
2024-06-12,30.176000595092773,30.176000595092773,29.75,30.176000595092773,8,52.501592032840584,0.35698256061830236,0.6299213072591556,-0.27293874664085327,12.730807092007357,0.39364168257184845,29.958275142159447,28.707095282613995,1,0.06843455945252352,0.03580136600026118,0.007613217617792323,0.05936457604030032,0.5193810358575557,0.36396580649409577,5.33,313.044,4.31,0.0,2.0
2024-06-13,29.125,29.325000762939453,28.815000534057617,28.989999771118164,21,46.7086409599171,0.24236010176236888,0.5524090661597983,-0.31004896439742946,13.20015585430533,0.10986438339833317,29.866058440155516,28.718189576280825,1,0.18041237113402062,-0.039302783688554,-0.07223093379265466,-0.017754291825246127,0.5257087115498469,0.37424682051151814,5.33,313.044,4.24,0.0,2.0
2024-06-14,29.385000228881836,29.540000915527344,29.385000228881836,29.402000427246097,16,48.82122911025559,0.18266039173145643,0.47845933127413,-0.29579893954267356,13.37948010828581,0.21893892438037504,29.821862438926047,28.745005688083385,1,0.13822894168466524,0.014211819916549073,0.0022840069836207455,-0.008865682796712293,0.5280395025135686,0.374914698035463,5.33,313.044,4.2,0.0,2.0
2024-06-17,29.325000762939453,29.325000762939453,29.325000762939453,29.325000762939453,0,48.4347811733335,0.12766309137244747,0.4083000832937935,-0.28063699192134606,13.768690433899014,0.22828155076455792,29.774542279308275,28.767750592979702,1,0.0,-0.002618858009242442,-0.014914788881699392,-0.05546429841800726,0.49931031350025235,0.37486538481044596,5.33,313.044,4.28,1.0,2.0
2024-06-18,29.0049991607666,29.5049991607666,28.954999923706055,29.5049991607666,66,49.4422565875971,0.09747803489080198,0.34613567361319525,-0.24865763872239327,13.029634150421538,0.29130033823938756,29.74887150611383,28.796662301520367,1,0.6055045871559633,0.006138052622137735,0.012769016167387237,-0.08383799151610427,0.47864016761968187,0.37444306131089794,5.33,313.044,4.22,0.0,2.0
2024-06-20,29.5,30.775999069213867,29.5,30.775999069213867,20,55.982114741655025,0.17410821940507049,0.31173018277157033,-0.13762196336649984,12.286152004896982,0.6346494773126369,29.846693178790023,28.87428335123384,1,0.1864801864801865,0.0430774426232603,0.019883300049333474,-0.034266378820697274,0.505469174769836,0.3829574268689738,5.33,313.044,4.25,0.0,2.0
2024-06-21,30.5,30.510000228881836,29.572999954223633,29.572999954223633,20,49.46065281064649,0.13619623263605973,0.27662339274446823,-0.1404271601084085,12.0709618379273,0.3309463019852813,29.820627157402747,28.90168400233148,1,0.18744142455482662,-0.039088872867611646,0.020110389365587178,-0.05502476810583978,0.5204821555586733,0.392186140065994,5.33,313.044,4.25,0.0,2.0
2024-06-24,29.5,29.5,29.48900032043457,29.48900032043457,5,49.03115146965185,0.0982401897924241,0.24094675215405942,-0.14270656236163531,12.24941846698579,0.32120787592261596,29.789043649120064,28.924716014806112,1,0.04914004914004914,-0.0028404163905957347,0.0029589787063553086,-0.026251488108546828,0.5082923068882728,0.3923370861901655,5.33,313.044,4.25,0.0,2.0
2024-06-25,29.5,29.5,28.836999893188477,28.836999893188477,5,45.71297601275975,0.015371572971737635,0.19583171631759508,-0.18046014334585744,12.835552968369177,0.1793858253032352,29.698372815221816,28.92127616689954,1,0.04926108374384237,-0.022109953547468586,-0.016641120445176738,-0.049225190711281286,0.5135563104920409,0.395661179938337,5.33,313.044,4.23,0.0,2.0
2024-06-26,28.909000396728516,28.909000396728516,28.909000396728516,28.909000396728516,52023,46.146401374309725,-0.043985526226137495,0.14786826780884857,-0.19185379403498606,11.92729215605854,0.21627973402737885,29.623194489651027,28.920794764147736,1,19.264923715005185,0.0024968097862720917,-0.02019992479208732,-0.09577430203486315,0.4711330553146176,0.3955820942685975,5.33,313.044,4.32,0.0,2.0
2024-06-27,28.770000457763672,29.225000381469727,28.665000915527344,28.917999267578125,14649,46.20421147583787,-0.08927125782363277,0.1004403626823523,-0.18971162050598506,10.051599190465142,0.21939919427064383,29.556033039929797,28.92068513683128,1,4.326024363233666,0.00031128267066016235,-0.06037171360244653,-0.10200912764932413,0.46938111414287853,0.39026947164815495,5.33,313.044,4.29,0.0,2.0
2024-06-28,28.940000534057617,29.579999923706055,28.81999969482422,29.23699951171875,538,48.321999015101085,-0.09828688267286267,0.06069491361130931,-0.15898179628417197,8.827701098910083,0.3423046509773916,29.52564889438589,28.93308962212099,1,0.1582213334117578,0.011031200367249472,-0.011361730058667807,-0.06852940432970811,0.46640636337478864,0.3811531687274645,5.33,313.044,4.36,0.0,2.0
2024-07-01,29.100000381469727,29.440000534057617,29.0,29.299999237060547,664,48.75109164385966,-0.09920470886453359,0.028714989116140732,-0.12791969798067432,8.66192409008177,0.3830304662797441,29.504158450831095,28.94747823447156,1,0.19351266283915716,0.0021547944862312374,-0.006409206189436523,-0.032907602034051964,0.45121693547734787,0.38096247915156983,5.33,313.569,4.48,0.0,2.0
2024-07-02,29.309999465942383,29.6200008392334,29.225000381469727,29.35300064086914,153,49.13374761074959,-0.09456523325373922,0.00405894464216474,-0.09862417789590397,8.07556919667656,0.4234855360871019,29.489762468929957,28.963381073938134,1,0.04462592970686889,0.0018089216787948725,0.017893704254670073,-0.04203518407958717,0.448852861780967,0.38057599618336224,5.33,313.569,4.43,0.0,2.0
2024-07-03,29.594999313354492,30.549999237060547,29.540000915527344,30.54800033569336,261,56.94031060821619,0.005474960994298783,0.0043421479125915485,0.0011328130817072346,8.591574411527567,0.877441374067899,29.590547027669327,29.025523005771674,1,0.07588091638562623,0.040711329974230326,0.05669514395075104,0.0359468066561861,0.45107925170473817,0.3882698555911592,5.33,313.569,4.36,0.0,2.0
2024-07-05,30.26499938964844,31.469999313354492,30.165000915527344,31.38800048828125,451,61.422224997687586,0.15080019702476832,0.03363375773502691,0.11716643928974141,10.039216899803426,1.080149485098777,29.76173307153713,29.118169181556365,1,0.13029598278128476,0.027497713217136566,0.08541397341663282,0.04808336237006472,0.45762286777967803,0.3916655427971056,5.33,313.569,4.28,0.0,2.0
2024-07-08,31.200000762939453,31.200000762939453,30.618000030517575,30.618000030517575,171,55.699053249288184,0.2015159414774672,0.06721019448351498,0.13430574699395223,9.286415377835876,0.8594252415020502,29.843282305725744,29.17698607759406,1,0.0494820302100816,-0.024531682355846685,0.04723468693308597,-0.020129923362393165,0.44144849192023816,0.3954954010424407,5.33,313.569,4.28,0.0,2.0
2024-07-09,30.77199935913086,30.77199935913086,30.77199935913086,30.77199935913086,6,56.57063325478876,0.25123886785853244,0.10401592915851848,0.14722293870001396,9.795263939648551,0.8681663182638218,29.931731548907184,29.23953561804648,1,0.0017363120731566154,0.005029699146247069,0.05023891332421715,0.0489858639681644,0.3756181537702371,0.39535702310619814,5.33,313.569,4.3,0.0,2.0
2024-07-10,30.770000457763672,30.770000457763672,30.72699928283691,30.72699928283691,121,56.22254939039908,0.28374270588453854,0.1399612845037225,0.14378142138081604,10.232271806620307,0.8213555964727844,30.00747133309097,29.297867526469638,1,0.034970592910507074,-0.0014623708966312599,0.04680947814427894,0.032181135143173334,0.37297203130979784,0.3953922643193523,5.33,313.569,4.28,0.0,2.0
2024-07-11,30.940000534057617,31.704999923706055,30.905000686645508,31.393999099731445,257,60.137731845462234,0.3591831033394115,0.18380564827086032,0.17537745506855118,11.06776935519492,0.9635795357828625,30.139521596580536,29.380068764636768,1,0.07400475127780577,0.02170728780753728,0.027694079964035945,0.07760957417931902,0.3687809327304449,0.39671544949287474,5.33,313.569,4.2,0.0,2.0
2024-07-12,31.364999771118164,31.364999771118164,30.459999084472656,30.88599967956543,41,56.02786459098298,0.37367140283253164,0.2217787991831946,0.15189260364933704,11.422935501536722,0.7894890125112112,30.210614747341,29.4391248789477,1,0.011800598664517613,-0.016181417937619846,-0.015993398779996948,0.02352860122186362,0.35561904037332775,0.3974855806202908,5.33,313.569,4.18,0.0,2.0
2024-07-15,30.690000534057617,31.0049991607666,30.594999313354492,30.67200088500977,43,54.343029534787796,0.363693142153668,0.25016166777728926,0.11353147437637873,11.247535304842334,0.7047791608152006,30.254556284261835,29.4874729576168,1,0.012372320529420227,-0.006928666605447331,0.0017636963367422265,0.05802004578031528,0.3225403424985186,0.3978576901503355,5.33,313.569,4.23,1.0,2.0
2024-07-16,30.809999465942383,31.30500030517578,30.780000686645508,31.19499969482422,8,57.691560961388824,0.3934514681351544,0.27881962784886233,0.11463184028629209,11.59267929640981,0.8223995860907337,30.344122323363013,29.554434790448465,1,0.0023020920261287445,0.01705134307263445,0.013746274031682049,0.06098222030894851,0.32398795527280955,0.3991137671685234,5.33,313.569,4.17,0.0,2.0
2024-07-17,31.204999923706055,31.28499984741211,30.136999130249023,30.136999130249023,69,49.743621178639955,0.32788371304758357,0.2886324448886066,0.03925126815897695,11.35182904506613,0.5074013065629595,30.324396304971206,29.577280450832802,1,0.01983585114487358,-0.033915710047297654,-0.019201359272248975,0.027689628173369396,0.34999474888162463,0.40458914720385963,5.33,313.569,4.16,0.0,2.0
2024-07-18,30.5049991607666,30.5049991607666,29.989999771118164,29.9950008392334,4,48.772443495852706,0.26144889923074643,0.2831957357570346,-0.02174683652628817,11.199394137714119,0.45816414436817376,30.29302530823427,29.593661642534787,1,0.0011509300953833318,-0.004711759468881471,-0.04456260115360755,0.016607412045561487,0.3501575820021124,0.38652449394928284,5.33,313.569,4.2,1.0,2.0
2024-07-19,29.75,29.75,28.899999618530273,29.08799934387207,73,42.99789467977105,0.13406596114906222,0.25336978083544015,-0.11930381968637793,11.444502985203593,0.21976670449103902,30.178260930675965,29.573831748469583,1,0.020988470716770652,-0.030238422069819415,-0.058214089048344464,-0.054847926189026674,0.3310475691126409,0.3921048364050115,5.33,313.569,4.25,1.0,2.0
2024-07-22,29.170000076293945,29.170000076293945,28.780000686645508,29.124000549316406,27,43.28493026137884,0.035608587745596054,0.20981754221747134,-0.1742089544718753,11.691280990384662,0.2421256387556573,30.07785518007029,29.556191309287108,1,0.007762077937012175,0.0012376652315870817,-0.05046949305644788,-0.015182747966125731,0.3008003661593189,0.3920957209515153,5.33,313.569,4.26,0.0,2.0
2024-07-23,29.0,29.131999969482425,28.799999237060547,29.131999969482425,21,43.35318714707373,-0.041298045508785464,0.15959442467222,-0.20089247018100545,11.88910852890908,0.2535102818002163,29.987773731442875,29.539556354784963,1,0.00603578357404613,0.0002746676285929617,-0.06613238485410466,-0.012106220864488204,0.3007181215690516,0.39209820294503883,5.33,313.569,4.25,0.0,2.0
2024-07-24,29.11599922180176,29.11599922180176,28.98500061035156,29.11599922180176,9,43.24108574600437,-0.10235831017538999,0.107203877702698,-0.209562187878088,11.664482840074974,0.2403286026209821,29.90474758766753,29.522946271138565,1,0.0025866157007573038,-0.0005492498866341844,-0.033878618904112034,0.009675046975992307,0.28955531332645335,0.39198805331632064,5.33,313.569,4.28,1.0,2.0
2024-07-25,28.700000762939453,28.700000762939453,27.549999237060547,27.80699920654297,157,35.21804026888654,-0.253452726043939,0.03507255695337061,-0.2885252829973096,12.990458319412483,-0.05566189965395379,29.704962027560427,29.45565422938972,1,0.17717090785984316,-0.04495810036561021,-0.07294554330628755,-0.03811965737529466,0.3329932450378446,0.40359693646422706,5.33,313.569,4.27,1.0,2.0
2024-07-26,28.010000228881836,28.010000228881836,27.739999771118164,27.86000061035156,75,35.73795201599114,-0.3647151595283695,-0.04488498634297741,-0.3198301731853921,14.09811432145061,0.012198051414838249,29.529251416397678,29.393079577662732,1,0.476341695776437,0.001906045431760095,-0.04221667908484783,-0.03658616377422619,0.33318424665372753,0.3962496786032204,5.33,313.569,4.2,1.0,2.0
2024-07-29,28.049999237060547,28.049999237060547,27.70299911499023,27.70299911499023,819,34.84582358177305,-0.4602546194720212,-0.12795891296878617,-0.33229570650323503,15.447293231215722,0.03623823628165925,29.355322625787444,29.32680191245989,1,4.775510204081633,-0.005635373005088651,-0.04879142313982443,-0.05246777789607526,0.32990007877528404,0.39643092151404413,5.33,313.569,4.17,1.0,2.0
2024-07-30,27.825000762939453,28.364999771118164,27.799999237060547,28.364999771118164,320,41.479373497785204,-0.4770532366658493,-0.19777777770819882,-0.2792754589576505,15.998945691452423,0.20021349363898017,29.26100616343799,29.28908418142688,-1,2.0738820479585223,0.02389635336521101,-0.026328442920765527,-0.0319112454023458,0.34263382885998395,0.3991604939671482,5.33,313.569,4.15,1.0,2.0
2024-07-31,28.71500015258789,28.885000228881836,28.71500015258789,28.777999877929688,17,45.22611487185811,-0.4518321648451007,-0.2485886551355792,-0.20324350970952149,16.244276628880353,0.295818114341083,29.215005564818153,29.269041659721108,-1,0.1152542372881356,0.014560201309504306,-0.011608715239248335,-0.01958916466410121,0.34722321186245264,0.39987090702274714,5.33,313.569,4.09,2.0,2.0
2024-08-01,28.94499969482422,28.94499969482422,28.33099937438965,28.33099937438965,16,42.0854657519791,-0.46258114116713855,-0.2913871523418911,-0.17119398882524745,16.636020638418348,0.23174200535199918,29.130814499063057,29.232255687747326,-1,0.11829944547134935,-0.015532716152481862,0.018844182500763473,-0.07257433995485751,0.3149438964483684,0.39538520831883983,5.33,314.062,3.99,2.0,2.0
2024-08-02,28.899999618530273,28.93000030517578,28.246000289916992,28.246000289916992,101,41.49537239880851,-0.47251167760339285,-0.32761205739419147,-0.14489962020920139,16.30275522812219,0.23979358865358358,29.046546479144382,29.19357900547947,-1,0.8577494692144374,-0.0030002148300314335,0.013854977426741799,-0.10010195455226045,0.29314973273408684,0.39540612704138006,5.33,314.062,3.8,2.0,2.0
2024-08-05,28.165000915527344,28.559999465942383,26.84000015258789,27.076000213623047,38,34.35480941712156,-0.5682406033748677,-0.3757377665903267,-0.192502836784541,17.493778319970314,0.06246688414691095,28.858875406237587,29.110536699916473,-1,0.3420342034203421,-0.04142179651225175,-0.022632888907248683,-0.115683578723762,0.3143965243816684,0.40502459851216777,5.33,314.062,3.78,2.0,2.0
2024-08-06,27.21500015258789,27.229999542236328,27.09600067138672,27.09600067138672,110,34.56211013361134,-0.6351707439910292,-0.4276243620704672,-0.20754638192056202,18.174029412115086,0.11467425810082853,28.69098257434703,29.031535287032955,-1,0.945829750644884,0.0007386784460730045,-0.04473820236105086,-0.11945920851104452,0.312743893572263,0.40081977065806973,5.33,314.062,3.9,2.0,2.0
2024-08-07,26.915000915527344,26.915000915527344,26.69499969482422,26.829999923706055,7,33.06651540633631,-0.7015899081749026,-0.4824174712913543,-0.21917243688354832,18.818808694066536,0.1123074574276322,28.51374613142884,28.94520056690249,-1,0.06329113924050633,-0.009816974501390519,-0.06769059568026425,-0.12682655156983036,0.3124207055899806,0.4010819397160225,5.33,314.062,3.96,2.0,2.0
2024-08-08,27.05500030517578,27.5049991607666,27.05500030517578,27.5,36,40.097777542760966,-0.6921850887493619,-0.5243709947829559,-0.167814093966406,17.70631825569166,0.25503972914936857,28.417198880816567,28.8885260348671,-1,0.3616273229532898,0.024972049131537943,-0.029331805892482743,-0.12403641496456419,0.31642719354968196,0.40447227824421333,5.33,314.062,3.99,2.0,2.0
2024-08-09,27.48699951171875,27.48699951171875,27.48699951171875,27.48699951171875,2,40.00995068083039,-0.6779655673101992,-0.5550899092884046,-0.12287565802179456,16.802275758527593,0.27301163873036766,28.328608464712012,28.83356421042991,-1,0.020491803278688527,-0.00047274502840910504,-0.02687108866415977,-0.11004986735447975,0.31498453702039825,0.403962379438938,5.33,314.062,3.94,2.0,2.0
2024-08-12,27.84000015258789,27.924999237060547,27.780000686645508,27.91699981689453,11,44.351588747410865,-0.6247967946323278,-0.5690312863571892,-0.0557655082751386,15.562579899458553,0.382023064367706,28.289407641110348,28.79762050872264,-1,0.11458333333333333,0.015643770248275235,0.03106070308155573,-0.08982136765200999,0.3238987515580075,0.39837943201763126,5.33,314.062,3.9,2.0,2.0
2024-08-13,27.69499969482422,27.69499969482422,27.69499969482422,27.69499969482422,4,42.635974196875615,-0.5937295688574693,-0.5739709428572453,-0.019758626000224044,12.983020059839657,0.3448987819598634,28.232797360511668,28.754380476805057,-1,0.04175365344467641,-0.007952148279771976,0.022106547409044053,-0.11219746864048563,0.3137616256862996,0.398436136241109,5.33,314.062,3.85,2.0,2.0
2024-08-14,27.253999710083008,27.253999710083008,27.253999710083008,27.253999710083008,30,39.377399951772134,-0.5978024868325065,-0.5787372516522975,-0.019065235180208973,11.871132931026246,0.2405757933613313,28.13957853666132,28.69554201536498,-1,0.3196590303676079,-0.015923451511127062,0.015803197449967943,-0.0956631218558287,0.2979263197266389,0.38745783865854794,5.33,314.062,3.83,2.0,2.0
2024-08-15,28.145000457763672,28.34199905395508,28.145000457763672,28.34199905395508,41,49.609697053072104,-0.5073889850301931,-0.5644675983278766,0.05707861329768349,10.251282806339553,0.6059948951299629,28.158856681165485,28.681677585505767,-1,0.4284221525600836,0.03992072192873586,0.030618147416548336,-0.05510924284143359,0.3366920032743973,0.3885704998607519,5.33,314.062,3.92,2.0,2.0
2024-08-16,28.777999877929688,28.777999877929688,28.777999877929688,28.777999877929688,15,53.03101266729379,-0.3959892927024242,-0.5307719372027861,0.13478264450036193,9.974899580256867,0.7705220405022738,28.217822699904932,28.685454930306705,-1,0.16163793103448276,0.015383559329904095,0.04696767159545856,-0.010657297611899486,0.3255809714075584,0.3897840626002077,5.33,314.062,3.89,2.0,2.0
2024-08-19,29.239999771118164,29.239999771118164,29.239999771118164,29.239999771118164,18,56.40845310838499,-0.26734294065050435,-0.4780861378923298,0.21074319724182544,10.108987982869643,0.9278914904611718,28.315172897163336,28.707201786809115,-1,0.19491066594477532,0.016053926442010757,0.04739047759075432,0.003982942577045012,0.3307756687941818,0.38989870909976987,5.33,314.062,3.86,2.0,2.0
2024-08-20,29.854999542236328,29.954999923706055,29.454999923706055,29.454999923706055,15,57.924751817492385,-0.14635398666377952,-0.41173970764661977,0.26538572098284025,10.504243894460636,0.9790567421413424,28.423727852072165,28.73652720394233,-1,0.16295491580662683,0.0073529464524912935,0.0635493861085239,0.01108746239743219,0.3317427300631332,0.3846008399365816,5.33,314.062,3.82,2.0,2.0
2024-08-21,29.47599983215332,29.47599983215332,29.47599983215332,29.47599983215332,1,58.07813804446033,-0.04821901307538212,-0.3390355687323723,0.29081655565699016,10.922049939772085,0.9614144158106707,28.523944231127512,28.76552613053884,-1,0.010911074740861974,0.0007129488542407802,0.08152932214379716,0.012364357053629593,0.33171743769946327,0.38458667233170096,5.33,314.062,3.79,2.0,2.0
2024-08-22,29.44499969482422,29.450000762939453,29.0,29.006000518798828,4,53.38718380834043,-0.008275956052059996,-0.27288364619630984,0.26460769014424984,11.243562827080318,0.7796591871785101,28.569854353762874,28.7749564987059,-1,0.047619047619047616,-0.015945152531918638,0.02342818033335181,0.04311868761350324,0.2903731383534472,0.36950708043073077,5.33,314.062,3.86,2.0,2.0
2024-08-23,29.785999298095703,29.785999298095703,29.785999298095703,29.785999298095703,8,59.26714838242259,0.08533489957737928,-0.20123993704157203,0.28657483661895133,12.281365534076551,0.9524373121420528,28.685677681794573,28.814605235936874,-1,0.09919404835709857,0.026890945505960273,0.03502673655020305,0.069131322525116,0.30302835656312377,0.3735782497983476,5.33,314.062,3.81,2.0,2.0
2024-08-26,30.104999542236328,30.104999542236328,29.905000686645508,29.97699928283691,53,60.57852176851514,0.17294072656467563,-0.1264038043203225,0.29934453088499813,13.237764029055258,0.9386758477652005,28.808660691417654,28.860189316207464,-1,1.2514757969303423,0.006412408152894011,0.025205181856626346,0.08208498142774023,0.3012981131084579,0.37042052076350634,5.33,314.062,3.82,1.0,2.0
2024-08-27,29.951000213623047,29.98500061035156,29.951000213623047,29.951000213623047,78,60.29396785267768,0.23753293618649707,-0.05361645621895859,0.2911493924054557,14.106392364812697,0.8842408047669957,28.91745493162769,28.90296621414533,1,2.5785123966942147,-0.0008673005916489673,0.016839256194253194,0.05591399454618662,0.2925031936725574,0.36333218417850677,5.33,314.062,3.83,1.0,2.0
2024-08-28,29.176000595092773,29.176000595092773,29.176000595092773,29.176000595092773,42397,52.39351789686492,0.22360910878595064,0.0018286567820232599,0.22178045200392738,14.251037226410126,0.6838857148381954,28.942078328148174,28.91367344477072,1,19.726416191694778,-0.02587558388710398,-0.010177745921049253,0.013830034013875947,0.30617036533660485,0.36638763844267935,5.33,314.062,3.84,2.0,2.0
2024-08-29,29.11000061035156,29.655000686645508,29.11000061035156,29.55699920654297,7849,55.481834449016326,0.24054492687800177,0.04957191080121896,0.1909730160767828,14.624482619839426,0.7555289573959392,29.00064222132863,28.93890190601669,1,3.0890629304577115,0.013058630507235325,0.018996024198063344,0.043274147020086584,0.30274976283526733,0.35895094375921655,5.33,314.062,3.87,2.0,2.0
2024-08-30,29.3799991607666,29.55500030517578,28.709999084472656,28.731000900268555,488,48.18392690040351,0.18518087471879596,0.07669370358473436,0.1084871711340616,14.606861745531234,0.5514963184791012,28.974962095513384,28.930748925399115,1,0.1906063860951079,-0.02794594608547285,-0.03541927156006475,0.017170594256656457,0.3212334363056488,0.3621210101986511,5.33,314.062,3.91,2.0,2.0
2024-09-03,28.354999542236328,28.565000534057617,27.69499969482422,27.951000213623047,292,42.498978255710895,0.07747188022098683,0.07684933891198485,0.000622541309001981,13.968424246695992,0.34728352369959264,28.877441916285733,28.89232740729025,-1,0.11348840824734255,-0.027148399366699993,-0.06758511918081922,0.03231644235102915,0.29836824225321257,0.35483045743384767,5.13,314.732,3.84,2.0,2.0
2024-09-04,27.885000228881836,28.21500015258789,27.885000228881836,28.16699981689453,237,44.45342695985934,0.009432358522470707,0.06336594283408202,-0.05393358431161131,13.205628803035276,0.3817561440071363,28.80978076396276,28.863883188059045,-1,0.09188539526228046,0.007727795127925541,-0.059563967280033325,0.039526096802868116,0.29912648029235966,0.33150552772577035,5.13,314.732,3.77,2.0,2.0
2024-09-05,28.19499969482422,28.770000457763672,28.19499969482422,28.719999313354492,299,49.212897236701245,0.00013146963271992718,0.0507190481938096,-0.050587578561089676,11.863045013406259,0.5034352877618579,28.801230149619116,28.85824068316867,-1,0.11527044219129495,0.01963288600329638,-0.015629327955764327,0.07044351080964772,0.3018658271200354,0.3325885802003044,5.13,314.732,3.73,2.0,2.0
2024-09-06,28.584999084472656,28.584999084472656,27.808000564575195,27.808000564575195,72,42.71288148006574,-0.07990908674629082,0.024593421205789518,-0.10450250795208034,11.586098356004296,0.22484634439348375,28.70663685580541,28.817054796165007,-1,0.02773818237854914,-0.03175483184483319,-0.05917375541900749,0.011200020530007126,0.31600048247608553,0.33616707862906253,5.13,314.732,3.72,2.0,2.0
2024-09-09,28.084999084472656,28.34000015258789,28.049999237060547,28.291000366210938,72,46.7260531898151,-0.10317838079598474,-0.0009609391945653339,-0.1022174416014194,10.980532488380616,0.35027383030365933,28.667052428224984,28.796425210676613,-1,0.02770083102493075,0.017369094930580475,-0.01531448680068448,0.029250222606123755,0.32143005011047066,0.32992137164295365,5.13,314.732,3.7,2.0,2.0
2024-09-10,28.2450008392334,28.256999969482425,28.204999923706055,28.256999969482425,20,46.4792156156491,-0.12294576953923197,-0.025357905263498664,-0.09758786427573331,10.767006800831295,0.33093683717312083,28.627999813106644,28.77527127964939,-1,0.007693343334679668,-0.0012018096316283033,0.010947721137730015,0.012178964602855835,0.31716666862407444,0.3197452814806087,5.13,314.732,3.65,2.0,2.0
2024-09-11,28.4950008392334,28.68000030517578,28.4950008392334,28.562999725341797,18,49.08603458518795,-0.11262171159670586,-0.04281066653014011,-0.06981104506656576,10.213714324169317,0.4112440987261331,28.62180932855761,28.766946904970663,-1,0.0069221450958524815,0.010829166443353966,0.014059002059912062,0.03134139881141773,0.317417043564339,0.3191692502741986,5.13,314.732,3.65,2.0,2.0
2024-09-12,28.80500030517578,29.799999237060547,28.790000915527344,29.743000030517575,33,57.651847656549236,-0.009118545427185154,-0.03607224230954912,0.026953696882363966,9.218764725514909,0.7976149450194822,28.72858939541094,28.805223498129365,-1,0.012689867333205153,0.04131219817675014,0.035619802981241566,0.09132605661229709,0.3385824438819166,0.3299765281263064,5.13,314.732,3.68,2.0,2.0
2024-09-13,29.979999542236328,30.770000457763672,29.979999542236328,30.698999404907227,66,63.07239327026994,0.14833965218317857,0.0008101365889964183,0.14752951559418215,10.353193261243785,1.0424477213134153,28.91624749155344,28.87948921996379,1,0.025367541078120497,0.03214199554210251,0.10396284456405303,0.08316281242071488,0.32927561259939025,0.3360083772118772,5.13,314.732,3.66,2.0,2.0
2024-09-16,30.885000228881836,31.01499938964844,30.76499938964844,30.770999908447266,116,63.451827763305474,0.2757574864659098,0.0557996065643791,0.2199578799015307,11.45101932763269,0.9804880977650376,29.092890578876663,28.95366610970824,1,0.04449900260856222,0.0023453697167905574,0.0876603693801612,0.06925429282686335,0.32659241546038376,0.32471472648071126,5.13,314.732,3.63,2.0,2.0
2024-09-17,30.618999481201172,30.700000762939453,30.618999481201172,30.618999481201172,52,62.003405641075645,0.3603183483433945,0.11670335492018219,0.2436149934232123,12.219712657001706,0.8873522866559641,29.23823428385995,29.01897330074718,1,0.019934828445466745,-0.00493972986572877,0.08358988973598436,0.04716141316270184,0.32432824405546334,0.31411414297387213,5.13,314.732,3.65,2.0,2.0
2024-09-18,30.65999984741211,30.729999542236328,30.299999237060547,30.340999603271484,86,59.335619726493725,0.4002869154114954,0.17342006701844484,0.22686684839305057,12.627887965064085,0.7870949128505659,29.343259552375333,29.070817469473624,1,0.032924331463792804,-0.00907932599497141,0.06224835959201447,0.030079771918531062,0.3261995871249951,0.314669203820434,5.13,314.732,3.7,2.0,2.0
2024-09-19,30.049999237060547,31.0939998626709,30.049999237060547,31.0939998626709,26,63.870191630084356,0.48710804232108273,0.23615766207897243,0.2509503802421103,13.695536613750905,0.9311296241150917,29.509996724784436,29.15015795548136,1,0.009949106493705276,0.02481791204131012,0.045422446651889326,0.054892116967398374,0.3362425569655069,0.31480477881663577,5.13,314.732,3.73,2.0,2.0
2024-09-20,31.065000534057617,31.200000762939453,31.065000534057617,31.176000595092773,3,64.33658498207059,0.5561205729155709,0.30015024424629216,0.25597032866927877,14.602401825790734,0.8967079609594837,29.668663760051896,29.22960276487789,1,0.001147995790682101,0.002637188293048043,0.015538004476761458,0.0748121091319558,0.32888655893871893,0.3148072610355288,5.13,314.732,3.73,2.0,2.0
2024-09-23,30.6299991607666,30.864999771118164,30.6299991607666,30.767000198364254,70,60.16481854648475,0.5712258507315902,0.3543653655433518,0.21686048518823836,15.054189111214743,0.7810841429873405,29.77326723036736,29.28989286030873,1,0.02675483020238118,-0.013119078423192487,-0.00012998310405609725,0.03293496687657771,0.3223284494697531,0.316196705629521,5.13,314.732,3.75,2.0,2.0
2024-09-24,30.86000061035156,32.111000061035156,30.825000762939453,32.111000061035156,35,67.5996602134397,0.6837644380571284,0.4202451800461071,0.2635192580110213,16.801630096512483,0.9995254581969214,29.995908452335723,29.400524515239177,1,0.013382018390716703,0.04368316228445157,0.04872793380299756,0.07118793839448934,0.35377954004612283,0.3269891837729653,5.13,314.732,3.74,1.0,2.0
2024-09-25,31.80500030517578,31.989999771118164,31.697999954223633,31.697999954223633,38,63.66726855965449,0.731197631138528,0.48243567026459133,0.24876196087393665,17.811375611110964,0.8752752199430753,30.158012404896475,29.490621591277783,1,0.014540167211922939,-0.012861639501308364,0.04472497177732504,0.05832859430871262,0.35829788886871444,0.32833397237523576,5.13,314.732,3.79,1.0,2.0
2024-09-26,32.23500061035156,32.25,32.025001525878906,32.025001525878906,301,65.38426791830486,0.7861132481732263,0.5431711858463184,0.24294206232690785,18.868587762340844,0.8853200619271979,30.33582089260909,29.590009039693513,1,0.5917625086011993,0.010316157868872189,0.029941521429209805,0.09764878230998253,0.34210145009256115,0.32884549144484293,5.13,314.732,3.79,1.0,2.0
2024-09-27,31.815000534057617,32.13999938964844,31.44499969482422,31.518999099731445,120,60.61104926512693,0.7798148828163036,0.5904999252403155,0.18931495757598815,19.38805930507961,0.7697417293388634,30.448504531382646,29.66565570871461,1,0.9819967266775778,-0.015800231133121678,0.011002004686023081,0.06638021266902339,0.34811274584658497,0.3207679475045382,5.13,314.732,3.75,1.0,2.0
2024-09-30,31.604999542236328,31.604999542236328,31.1200008392334,31.163999557495117,73,57.44270182804472,0.7376744349899909,0.6199348271902506,0.11773960779974024,19.23607897775242,0.6883805270451469,30.51664691482193,29.724414291019727,1,0.7195662888122227,-0.011263033483806084,0.012903414586124207,0.08468200135707149,0.33254512721281915,0.31680150202914364,5.13,314.732,3.81,1.0,2.0
2024-10-01,31.350000381469727,31.594999313354492,31.309999465942383,31.44499969482422,86,59.25815524378418,0.7186678337165411,0.6396814284955088,0.07898640522103229,18.3696271309565,0.7152570956490418,30.605061465298338,29.791888228423826,1,0.9434997257268238,0.009016818807569216,-0.020740567560805778,0.1250044525955185,0.3111088590505558,0.313090260212179,4.83,315.631,3.74,1.0,2.0
2024-10-02,31.05500030517578,31.700000762939453,31.05500030517578,31.628000259399418,24,60.44168564845739,0.7101850107052599,0.653782144937459,0.05640286576780085,17.533179271744057,0.7261089224218085,30.702484207593677,29.86389262179542,1,0.2981366459627329,0.005819703175424795,-0.0022083315958516536,0.12287430202023097,0.31103544571172986,0.3131434140954945,4.83,315.631,3.79,0.0,2.0
2024-10-03,31.459999084472656,32.18899917602539,31.440000534057617,32.18899917602539,146,63.90345872888101,0.7401976981542724,0.6710652555808218,0.06913244257345064,17.341407561314632,0.8003576028689572,30.84405706173003,29.955073270980908,1,2.0041180507892933,0.017737413431924143,0.005120925599767956,0.12078690618414645,0.31002102538960025,0.3150710392193108,4.83,315.631,3.85,0.0,2.0
2024-10-04,32.095001220703125,32.86000061035156,31.61000061035156,32.12799835205078,156,63.25524869577573,0.7504104479678695,0.6869342940582314,0.06347615390963812,15.587802271942952,0.7741303000286096,30.96633718461772,30.040286019258158,1,2.024659312134977,-0.0018950829642458977,0.019321655817570837,0.1553508954174454,0.27774761243414253,0.3121396194409725,4.83,315.631,3.98,0.0,2.0
2024-10-07,31.59000015258789,31.7450008392334,31.59000015258789,31.7450008392334,1,59.19527375311158,0.7193076959678137,0.6934089744401479,0.025898721527665813,13.770802416790723,0.6783322993911268,31.040495627914453,30.107137580825814,1,0.013605442176870748,-0.011920988933720289,0.018643347772688168,0.12208831177096546,0.28310319652527377,0.31127666022600425,4.83,315.631,4.03,1.0,2.0
2024-10-08,31.385000228881836,31.385000228881836,30.354999542236328,30.354999542236328,21,47.323675557944235,0.5758589099284848,0.6698989615378154,-0.0940400516093306,11.324947912040342,0.29152533994247914,30.975210286421298,30.116857657743875,1,0.2855200543847723,-0.04378646275791487,-0.0346637037101738,0.07424707417700893,0.3348357033327771,0.32449202801770755,4.83,315.631,4.04,1.0,2.0
2024-10-09,30.48500061035156,30.48500061035156,30.424999237060547,30.424999237060547,2,47.890443344874015,0.46249178643717315,0.628417526517687,-0.16592574008051386,8.785933222414947,0.22364945553393625,30.922809234101226,30.12894164124649,1,0.027491408934707903,0.002306035113814442,-0.03803594955331879,0.06518921435505742,0.33377148714459237,0.3225832638173801,4.83,315.631,4.06,1.0,2.0
2024-10-10,31.0049991607666,31.0049991607666,31.0049991607666,31.0049991607666,4,52.455119081897024,0.41466862905230073,0.5856677470246098,-0.17099911797230904,7.714578026260353,0.4003496947961421,30.930636846164596,30.163296838090417,1,0.05610098176718093,0.01906326830731886,-0.03678275328736036,0.042430122346574395,0.3096732994293266,0.3169938828785657,4.83,315.631,4.09,1.0,2.0
2024-10-11,31.53499984741211,31.53499984741211,31.520000457763672,31.520000457763672,15,56.12985936275051,0.41355749947642906,0.5512456975149737,-0.1376881980385446,7.567171375452841,0.598733767771146,30.986766713935936,30.216500901607017,1,0.21818181818181817,0.01661026643886343,-0.018924238218167688,0.02674357694945617,0.2947978096562971,0.3184828390256041,4.83,315.631,4.08,1.0,2.0
2024-10-14,31.08300018310547,31.200000762939453,31.08300018310547,31.08300018310547,2,52.427009986874424,0.3731136296140356,0.5156192839347861,-0.14250565432075046,7.43874600532159,0.4060111922989335,30.995931806237795,30.25048126558735,1,0.0317208564631245,-0.013864221710395475,-0.020853697861925036,0.010139425939569513,0.2996874889847274,0.31320726864531745,4.83,315.631,4.08,1.0,2.0
2024-10-15,31.527000427246097,31.527000427246097,31.527000427246097,31.527000427246097,0,55.62973943935346,0.3725936527061222,0.4870141576890533,-0.1144205049829311,7.17326491445833,0.5799381112479863,31.04650977014335,30.300540840554362,1,0.0,0.014284343259179932,0.038609813957632744,0.02965482090955973,0.30274838515077623,0.31435214693895264,4.83,315.631,4.03,0.0,2.0
2024-10-16,31.649999618530273,31.760000228881836,31.645000457763672,31.760000228881836,25,57.25600671892813,0.3865270606414519,0.46691673827953306,-0.08038967763808114,6.60168192625178,0.6647921634163217,31.114461242404158,30.357774542057403,1,0.4355400696864112,0.0073904842984802155,0.04387842318152413,0.0467684204266412,0.30075442919896095,0.3145869285853226,4.83,315.631,4.02,0.0,2.0
2024-10-17,31.68000030517578,31.854999542236328,31.572999954223633,31.572999954223633,26,55.497889649189226,0.3781212807247023,0.44915764676856695,-0.07103636604386465,6.53960093026312,0.5636370944052294,31.158131595910774,30.405430440573728,1,0.4529616724738676,-0.005887917925395669,0.018319651953926597,0.015404904279548326,0.2901298044853679,0.3149228688423372,4.83,315.631,4.09,1.0,2.0
2024-10-18,33.03200149536133,33.68000030517578,33.03200149536133,33.03200149536133,33,64.62480073840257,0.4836140686217121,0.45604893113919603,0.027565137482516044,7.803424626105134,1.108358193859293,31.336595395858446,30.508433227035987,1,0.5602716468590832,0.04621041849849683,0.04796957536925528,0.05953300182322607,0.3302835549108623,0.31178763895131467,4.83,315.631,4.08,0.0,2.0
2024-10-21,33.8650016784668,34.255001068115234,33.8650016784668,33.86899948120117,58,68.60298520094457,0.6275229119285655,0.49034372729706993,0.13717918463149553,9.755290394696836,1.2048294611886345,31.577776737319656,30.640220138964033,1,0.9948542024013722,0.025339003025819817,0.08963096489025468,0.10082228565792506,0.3334333662609711,0.31506459447360935,4.83,315.631,4.19,0.0,2.0
2024-10-22,34.474998474121094,34.834999084472656,34.42499923706055,34.83100128173828,80,72.43928591866447,0.8098616318052336,0.5542473081987027,0.2556143236065309,12.959649463521131,1.228553485984274,31.887607646311906,30.8045644975042,1,1.3212221304706855,0.02840360847007206,0.10479908680550576,0.08470621330799633,0.31475476392926177,0.318532808999816,4.83,315.631,4.2,0.0,1.0
2024-10-23,34.55500030517578,34.55500030517578,33.63999938964844,33.63999938964844,6,62.29143916642178,0.8484817128888373,0.6130941891367296,0.2353875237521077,13.825831241751493,0.8889871161028483,32.054502098058244,30.915758022686326,1,0.10178117048346055,-0.03419373110913926,0.059193927809136904,0.06126567727393928,0.3390314559745585,0.3254420764612345,4.83,315.631,4.24,0.0,1.0
2024-10-24,34.13999938964844,34.13999938964844,33.611000061035156,33.611000061035156,24,62.063459614525826,0.8667569671488558,0.6638267447391549,0.20293022240970082,14.539502526492962,0.8457019558202419,32.20273999929414,31.021453788896086,1,0.532150776053215,-0.0008620490231698863,0.06454882683832186,0.049523761423543755,0.33815745261310864,0.3246205482568494,4.83,315.631,4.21,0.0,1.0
2024-10-25,33.25,33.70500183105469,33.25,33.60300064086914,22,61.99605543333556,0.8705594836396244,0.7051732925192489,0.16538619112037556,15.046897331100364,0.8097358187634858,32.336098155634616,31.12269092034601,1,0.5472636815920398,-0.00023800006401142326,0.01728624121030009,0.066118899732303,0.3313880292232035,0.3224505471143019,4.83,315.631,4.25,0.0,2.0
2024-10-28,33.77000045776367,33.83000183105469,33.77000045776367,33.83000183105469,3,63.21688127752738,0.8817261144817792,0.740483856911755,0.14124225757002418,15.421574334450236,0.8198071622964552,32.478374696150816,31.22885997566792,1,0.08174386920980926,0.006755384514960827,-0.0011514261048110042,0.08554750068716332,0.3270591865984993,0.3223136058060334,4.83,315.631,4.28,0.0,2.0
2024-10-29,34.26900100708008,34.26900100708008,34.26900100708008,34.26900100708008,133,65.52346341325061,0.9154466157706054,0.7754764086835251,0.1399702070870803,16.102894417848148,0.8620524290160987,32.64891053528694,31.348081192586044,1,3.4058898847631243,0.012976622886919476,-0.016135059400455898,0.08980764317579837,0.32812681970825835,0.30873555497969835,4.83,315.631,4.28,0.0,1.0
2024-10-30,34.119998931884766,34.16999816894531,33.540000915527344,33.91400146484375,79,62.130538383938685,0.9031143200689726,0.8010039909606146,0.10211032910835804,16.40141177892973,0.7661590523069174,32.76939538572092,31.44870551698831,1,1.889952153110048,-0.010359203122465854,0.00814512723444416,0.07227776611532577,0.3321657634720567,0.31007040958558874,4.83,315.631,4.29,0.0,2.0
2024-10-31,33.525001525878906,33.525001525878906,32.59000015258789,32.65299987792969,37,51.858238241498064,0.7825676447646472,0.7973167217214212,-0.014749076956773965,16.37126995805868,0.5252360628925271,32.75831009926461,31.495932746829148,1,1.0178817056396148,-0.037182329788516766,-0.028502578958252034,0.014414884394724714,0.3582880852330871,0.3204682835038363,4.83,315.631,4.28,0.0,2.0
2024-11-01,32.54199981689453,32.54199981689453,32.400001525878906,32.54199981689453,98,51.058001181326524,0.6703493883637037,0.7719232550498778,-0.10157386668617407,16.32372181180727,0.5004988104361046,32.73770911999127,31.536954984870928,1,2.929745889387145,-0.0033993832557535075,-0.031574585713758596,0.01288600243025484,0.35847390462786155,0.3176158475500836,4.64,316.528,4.37,0.0,2.0
2024-11-04,32.47999954223633,32.47999954223633,32.47999954223633,32.47999954223633,0,50.5884238433591,0.5698439018846599,0.7315073844168343,-0.16166348253217433,16.153301518342314,0.48173724840787724,32.71316535068128,31.573937124375455,1,0.0,-0.0019052386149303047,-0.03990547489651941,0.023153211011875285,0.3555355209667676,0.31769267154335074,4.64,316.528,4.31,0.0,2.0
2024-11-05,32.654998779296875,32.654998779296875,32.654998779296875,32.654998779296875,6,51.93219355953587,0.4985663926209014,0.6849191860576478,-0.18635279343674638,14.840291380497423,0.49255863650579057,32.7076256772161,31.616331699078255,1,0.18376722817764166,0.005387907620903132,-0.04709802388023354,0.07577003036551844,0.3114635646433614,0.3166333103014612,4.64,316.528,4.26,0.0,2.0
2024-11-06,32.040000915527344,32.040000915527344,31.0,31.22100067138672,6,41.88113709446035,0.32264751045708095,0.6124648509375344,-0.2898173404804535,14.044712672510528,0.1715439506849897,32.56604234332759,31.600828521521727,1,0.182648401826484,-0.043913586327227305,-0.07940675464818492,0.026162742951084894,0.3560636920346441,0.3306430852910713,4.64,316.528,4.42,0.0,2.0
2024-11-07,31.44499969482422,31.76499938964844,31.44499969482422,31.76499938964844,222,46.13983384235019,0.22453834086861946,0.5348795489237514,-0.310341208055132,13.466262829161169,0.2724997417231197,32.489752538215285,31.6072665947816,1,5.074285714285714,0.017424128200999034,-0.02719506604602817,0.02451218350115414,0.3550532071543626,0.32992605346696985,4.64,316.528,4.31,0.0,2.0
2024-11-08,31.4950008392334,31.4950008392334,31.344999313354492,31.358999252319336,3,43.573601065417854,0.1127258655252632,0.4504488122440538,-0.3377229467187906,13.587143437728667,0.18506674132301965,32.38206174908234,31.597530620567394,1,0.06952491309385864,-0.012781367704398972,-0.03635303826536895,-0.005107906189915079,0.35359522277595656,0.32242030151205914,4.64,316.528,4.3,0.0,2.0
2024-11-11,31.114999771118164,31.114999771118164,30.5,30.540000915527344,69,38.87631860000241,-0.04149432710066492,0.3520601843751101,-0.393554511475775,14.163779384453976,0.026845632254009474,32.20662738398186,31.55605886742857,1,1.4838709677419355,-0.026116851823051013,-0.05972902260008506,-0.017469332573412988,0.3626906805905888,0.3262326016640307,4.64,316.528,4.3,1.0,1.0
2024-11-12,30.309999465942383,30.68600082397461,30.309999465942383,30.68600082397461,5,40.11565938714753,-0.15020252717816263,0.25160764206445557,-0.4018101692426182,14.877888260710384,0.0876396532631671,32.061805806838315,31.521938944155863,1,0.10695187165775401,0.004780612445006049,-0.06029698450243404,-0.026675534997762873,0.35902547862161854,0.3248492045228594,4.64,316.528,4.43,1.0,1.0
2024-11-13,30.969999313354492,30.969999313354492,30.43000030517578,30.59000015258789,5,39.54783979193077,-0.24131923290872948,0.15302226706981856,-0.39434149997854806,15.757300279311101,0.10266257845675444,31.921633839766844,31.48539232487869,1,0.1092896174863388,-0.0031284842862845386,-0.020210771763543245,-0.03683879306870952,0.3575764563694755,0.32465950395458754,4.64,316.528,4.44,0.0,1.0
2024-11-14,30.170000076293945,30.56999969482422,29.73500061035156,30.507999420166016,38,39.03952920307074,-0.3164982575585391,0.05911816214414702,-0.3756164197026861,16.560345436024253,0.11598355278604344,31.787001990281052,31.447063191360545,1,0.819848975188781,-0.0026806385097365437,-0.03957185561577736,-0.03373136970201496,0.3572778116541721,0.32473044653620564,4.64,316.528,4.43,0.0,2.0
